sequence_name,task_id,seed,frame,rg,rg_sq,ree_sq,asphericity
A1_LCD_plus_7K_plus_12Dblocky,1,3991,0,3.7305792700922162,13.917221690441778,110.330315,0.4051051216607948
A1_LCD_plus_7K_plus_12Dblocky,1,3991,1,2.8425510628972797,8.080096545178456,59.79787,0.10163230892269956
A1_LCD_plus_7K_plus_12Dblocky,1,3991,2,2.8332777633873856,8.027462884505423,41.574047,0.2137755777356898
A1_LCD_plus_7K_plus_12Dblocky,1,3991,3,3.5118093823162075,12.332805137724144,69.29959,0.394592961507117
A1_LCD_plus_7K_plus_12Dblocky,1,3991,4,3.3160761008442026,10.996360706590094,82.6035,0.2660950113030491
A1_LCD_plus_7K_plus_12Dblocky,1,3991,5,3.762060139224734,14.15309649114362,94.284035,0.6013681409920878
A1_LCD_plus_7K_plus_12Dblocky,1,3991,6,3.93580121857517,15.490531232137794,78.84645,0.5022759240253772
A1_LCD_plus_7K_plus_12Dblocky,1,3991,7,3.456104632835963,11.944659233110208,68.23563,0.4640909309247191
A1_LCD_plus_7K_plus_12Dblocky,1,3991,8,4.145844544694547,17.18802698877353,122.44049,0.5299803937746167
A1_LCD_plus_7K_plus_12Dblocky,1,3991,9,3.589026714717556,12.881112758956293,33.706116,0.5603996642683455
A1_LCD_plus_7K_plus_12Dblocky,1,3991,10,3.731496557015473,13.92406655501833,21.706152,0.741344708804036
A1_LCD_plus_7K_plus_12Dblocky,1,3991,11,2.581419625098303,6.6637272808426635,28.84341,0.34416423844578703
A1_LCD_plus_7K_plus_12Dblocky,1,3991,12,2.193250977093569,4.810349848521896,18.40895,0.2226128633566768
A1_LCD_plus_7K_plus_12Dblocky,1,3991,13,3.367911256641142,11.342826232610118,19.923754,0.2968300234458458
A1_LCD_plus_7K_plus_12Dblocky,1,3991,14,5.819016680632984,33.86095512948491,185.56311,0.7275239257153219
A1_LCD_plus_7K_plus_12Dblocky,1,3991,15,3.3703153051168897,11.35902525590515,68.36677,0.31043393356519955
A1_LCD_plus_7K_plus_12Dblocky,1,3991,16,2.6766788299391484,7.164609558644409,38.848858,0.4302866417689651
A1_LCD_plus_7K_plus_12Dblocky,1,3991,17,2.4452765929932907,5.9793776162408765,41.93598,0.12310217389573386
A1_LCD_plus_7K_plus_12Dblocky,1,3991,18,2.8877492414177133,8.33909568130858,36.25419,0.4615529776601335
A1_LCD_plus_7K_plus_12Dblocky,1,3991,19,2.750580598370706,7.565693628133351,39.778202,0.15716908331389548
A1_LCD_plus_7K_plus_12Dblocky,1,3991,20,3.1743835576363204,10.076710970991824,58.931343,0.22084839618908966
A1_LCD_plus_7K_plus_12Dblocky,1,3991,21,2.6032816301389867,6.7770752458191,26.109158,0.1790867169233384
A1_LCD_plus_7K_plus_12Dblocky,1,3991,22,2.373619845352294,5.634071170250249,27.751,0.2838673866024561
A1_LCD_plus_7K_plus_12Dblocky,1,3991,23,4.164676086984907,17.344526909503923,158.7914,0.47422802578195444
A1_LCD_plus_7K_plus_12Dblocky,1,3991,24,3.2207256660604022,10.373073816020222,80.16612,0.39105052776493315
A1_LCD_plus_7K_plus_12Dblocky,1,3991,25,4.724647167920351,22.322290861337795,145.22209,0.7216867688573724
A1_LCD_plus_7K_plus_12Dblocky,1,3991,26,3.182769746242771,10.130023257598276,37.883595,0.3689876717318801
A1_LCD_plus_7K_plus_12Dblocky,1,3991,27,3.566329995278397,12.718709635222412,51.479046,0.29596543618055643
A1_LCD_plus_7K_plus_12Dblocky,1,3991,28,2.625838548213626,6.895028081284642,25.29588,0.11376225531809817
A1_LCD_plus_7K_plus_12Dblocky,1,3991,29,3.113516118630941,9.693982620974676,43.189575,0.20744254876132115
A1_LCD_plus_7K_plus_12Dblocky,1,3991,30,4.165316181611559,17.3498588927951,163.5621,0.26187394036739153
A1_LCD_plus_7K_plus_12Dblocky,1,3991,31,2.7776159857566904,7.715150564331114,44.70097,0.1751556930915909
A1_LCD_plus_7K_plus_12Dblocky,1,3991,32,3.589075777486053,12.88146493653712,27.756298,0.5981988151583666
A1_LCD_plus_7K_plus_12Dblocky,1,3991,33,3.3371164521041736,11.136346214904352,55.34725,0.36701493651045647
A1_LCD_plus_7K_plus_12Dblocky,1,3991,34,2.6874987212579753,7.222649376763253,14.84601,0.26775259817592534
A1_LCD_plus_7K_plus_12Dblocky,1,3991,35,2.826450441622148,7.988822098946035,38.29129,0.5175347847406928
A1_LCD_plus_7K_plus_12Dblocky,1,3991,36,3.707267757453481,13.743834225454167,77.97125,0.5594408435462802
A1_LCD_plus_7K_plus_12Dblocky,1,3991,37,3.9533964563028703,15.629343540708092,162.92072,0.7463201061568028
A1_LCD_plus_7K_plus_12Dblocky,1,3991,38,2.2557179049716436,5.088263266809662,45.273666,0.14172013628409647
A1_LCD_plus_7K_plus_12Dblocky,1,3991,39,2.3505280307007865,5.524982023110118,33.130222,0.18501652409472263
A1_LCD_plus_7K_plus_12Dblocky,1,3991,40,2.233847557001336,4.990074907920838,36.455902,0.10569619179537174
A1_LCD_plus_7K_plus_12Dblocky,1,3991,41,2.462971553587651,6.066228873781965,65.15889,0.14182555060753754
A1_LCD_plus_7K_plus_12Dblocky,1,3991,42,3.9149325023103985,15.32669649764636,107.93092,0.6222892664538922
A1_LCD_plus_7K_plus_12Dblocky,1,3991,43,3.553828496665702,12.629696983713206,79.428406,0.4651364650007575
A1_LCD_plus_7K_plus_12Dblocky,1,3991,44,3.097577126882261,9.594984056984163,55.903355,0.2867114428899532
A1_LCD_plus_7K_plus_12Dblocky,1,3991,45,3.900943189752451,15.217357769676026,47.26935,0.8241787697533854
A1_LCD_plus_7K_plus_12Dblocky,1,3991,46,3.487535186205702,12.16290167502284,43.83822,0.34966155564246815
A1_LCD_plus_7K_plus_12Dblocky,1,3991,47,2.5354983124637815,6.428751692506682,28.32571,0.3629564451660367
A1_LCD_plus_7K_plus_12Dblocky,1,3991,48,3.8162419461701824,14.563702591708783,141.36995,0.6325826360997614
A1_LCD_plus_7K_plus_12Dblocky,1,3991,49,2.7524586131677804,7.5760284172015,25.455618,0.3456131530222958
A1_LCD_plus_7K_plus_12Dblocky,1,3991,50,3.558470688242734,12.662713639082718,62.20229,0.4967299760487358
A1_LCD_plus_7K_plus_12Dblocky,1,3991,51,2.656403019607144,7.056477002577952,43.250103,0.1359906746427046
A1_LCD_plus_7K_plus_12Dblocky,1,3991,52,2.3816638272572264,5.67232258606554,21.704683,0.12252307963871356
A1_LCD_plus_7K_plus_12Dblocky,1,3991,53,4.003549335388704,16.028407280891333,139.89732,0.7633531220734783
A1_LCD_plus_7K_plus_12Dblocky,1,3991,54,2.196269127761015,4.823598081556131,19.735538,0.21159679163937545
A1_LCD_plus_7K_plus_12Dblocky,1,3991,55,3.419081550808736,11.690118651080674,72.71297,0.5205298641690719
A1_LCD_plus_7K_plus_12Dblocky,1,3991,56,4.583446577347627,21.007982527399665,181.33911,0.5942022921336982
A1_LCD_plus_7K_plus_12Dblocky,1,3991,57,4.8890456992303655,23.902767849162935,160.69148,0.6302630507442579
A1_LCD_plus_7K_plus_12Dblocky,1,3991,58,4.385035852931158,19.228539431491686,97.513985,0.46022461941101656
A1_LCD_plus_7K_plus_12Dblocky,1,3991,59,2.77821800045004,7.718495258024618,48.09754,0.29597661678203246
A1_LCD_plus_7K_plus_12Dblocky,1,3991,60,3.13583059294228,9.833433507632732,28.793812,0.4290912047976212
A1_LCD_plus_7K_plus_12Dblocky,1,3991,61,2.764552504651712,7.642750550976054,38.65113,0.19423585623741552
A1_LCD_plus_7K_plus_12Dblocky,1,3991,62,3.2571284821922104,10.608885949507737,89.755936,0.5694779300596922
A1_LCD_plus_7K_plus_12Dblocky,1,3991,63,2.787729835317759,7.77143763472078,36.586266,0.21182184820708688
A1_LCD_plus_7K_plus_12Dblocky,1,3991,64,2.7028741180373266,7.305528497956058,43.877895,0.24834585719107263
A1_LCD_plus_7K_plus_12Dblocky,1,3991,65,3.8648582777985854,14.937129507468248,109.40234,0.5353296991357239
A1_LCD_plus_7K_plus_12Dblocky,1,3991,66,3.7022078760499864,13.706343157486547,121.701744,0.5563904877994507
A1_LCD_plus_7K_plus_12Dblocky,1,3991,67,2.7928512586846277,7.800018153136308,79.466606,0.3870963616049979
A1_LCD_plus_7K_plus_12Dblocky,1,3991,68,3.1720701183785973,10.062028835910409,93.60248,0.2751457036425596
A1_LCD_plus_7K_plus_12Dblocky,1,3991,69,3.1012625632414115,9.617829486162691,66.59348,0.5763311100070656
A1_LCD_plus_7K_plus_12Dblocky,1,3991,70,4.677752101511616,21.881364723196338,139.12456,0.5861192132657482
A1_LCD_plus_7K_plus_12Dblocky,1,3991,71,3.1327531846766,9.814142516101379,35.076885,0.15244672586238645
A1_LCD_plus_7K_plus_12Dblocky,1,3991,72,2.6027113213939406,6.774106222512193,17.949171,0.261021539335465
A1_LCD_plus_7K_plus_12Dblocky,1,3991,73,2.3680681022341785,5.607746536818987,11.688822,0.15627655974276344
A1_LCD_plus_7K_plus_12Dblocky,1,3991,74,2.5304278131841276,6.403064917735806,24.619488,0.28360169449497064
A1_LCD_plus_7K_plus_12Dblocky,1,3991,75,3.1799385544511316,10.112009210084754,65.71266,0.6839111147888798
A1_LCD_plus_7K_plus_12Dblocky,1,3991,76,2.31558156266464,5.361917973352419,25.02742,0.12888759759420104
A1_LCD_plus_7K_plus_12Dblocky,1,3991,77,2.5844797894909806,6.679535782287346,9.499664,0.24886097238996235
A1_LCD_plus_7K_plus_12Dblocky,1,3991,78,3.8395056649572132,14.741803751238534,107.96123,0.6001437538735567
A1_LCD_plus_7K_plus_12Dblocky,1,3991,79,4.083284231900463,16.67321011848696,88.52244,0.4002819326462058
A1_LCD_plus_7K_plus_12Dblocky,1,3991,80,2.304343729935288,5.3100000256920765,2.3392122,0.20600868435275238
A1_LCD_plus_7K_plus_12Dblocky,1,3991,81,2.106968861118751,4.439317781724048,10.105295,0.12456996371628257
A1_LCD_plus_7K_plus_12Dblocky,1,3991,82,2.479207485178967,6.146469754567419,34.006474,0.2879387649323792
A1_LCD_plus_7K_plus_12Dblocky,1,3991,83,2.6670174063451637,7.112981845748082,26.349792,0.4848271262641658
A1_LCD_plus_7K_plus_12Dblocky,1,3991,84,3.3158275406603113,10.994712279401407,64.64012,0.3747283442501112
A1_LCD_plus_7K_plus_12Dblocky,1,3991,85,3.2551279866014924,10.595858209156285,48.626595,0.46997732043288565
A1_LCD_plus_7K_plus_12Dblocky,1,3991,86,3.8717191717112986,14.99020934459682,82.54863,0.433899938573865
A1_LCD_plus_7K_plus_12Dblocky,1,3991,87,3.4574217051669525,11.953764847359558,100.26843,0.7621860506109908
A1_LCD_plus_7K_plus_12Dblocky,1,3991,88,4.103398339783958,16.837877934941748,96.98822,0.5110434326093735
A1_LCD_plus_7K_plus_12Dblocky,1,3991,89,2.699818626398421,7.289020615447857,32.88372,0.1619109288724135
A1_LCD_plus_7K_plus_12Dblocky,1,3991,90,3.49141071747606,12.189948798106691,126.19992,0.25232334690636704
A1_LCD_plus_7K_plus_12Dblocky,1,3991,91,3.8872554601554166,15.110755012508099,117.09515,0.5118477684842838
A1_LCD_plus_7K_plus_12Dblocky,1,3991,92,3.900734434132328,15.215729125625646,82.7092,0.3828285864125065
A1_LCD_plus_7K_plus_12Dblocky,1,3991,93,4.139346870632184,17.13419251541245,70.0984,0.4598715397176255
A1_LCD_plus_7K_plus_12Dblocky,1,3991,94,3.304549958066085,10.920050425354562,48.873337,0.24504346508723035
A1_LCD_plus_7K_plus_12Dblocky,1,3991,95,3.0491028593963,9.297028247178691,41.223137,0.09430936467459876
A1_LCD_plus_7K_plus_12Dblocky,1,3991,96,2.4243393765060866,5.87742141247792,0.5607606,0.26755259617410515
A1_LCD_plus_7K_plus_12Dblocky,1,3991,97,3.941962965693029,15.539072022895382,65.53157,0.32593219543320096
A1_LCD_plus_7K_plus_12Dblocky,1,3991,98,5.465598436190382,29.87276626568675,269.54105,0.7354546578641032
A1_LCD_plus_7K_plus_12Dblocky,1,3991,99,4.558407628538378,20.77908010791687,169.13835,0.753585138324546
A1_LCD_plus_7K_plus_12Dblocky,1,3991,100,4.953217613968369,24.53436473132651,86.31613,0.5202006960538696
A1_LCD_plus_7K_plus_12Dblocky,1,3991,101,2.8823736278193834,8.308077730348677,4.013601,0.2340010792003404
A1_LCD_plus_7K_plus_12Dblocky,1,3991,102,2.8989042503558893,8.403645852731438,11.537074,0.24378278817415777
A1_LCD_plus_7K_plus_12Dblocky,1,3991,103,2.175772660315575,4.733986669376714,12.97214,0.14910285006864218
A1_LCD_plus_7K_plus_12Dblocky,1,3991,104,2.367825934100058,5.606599654196813,31.464638,0.12179984853818465
A1_LCD_plus_7K_plus_12Dblocky,1,3991,105,3.1836592390616287,10.135686150462469,17.32982,0.15749967194978562
A1_LCD_plus_7K_plus_12Dblocky,1,3991,106,4.018145170718362,16.14549061296729,84.067055,0.26804472238732513
A1_LCD_plus_7K_plus_12Dblocky,1,3991,107,3.6707354202500304,13.47429852547817,146.62277,0.629360787845016
A1_LCD_plus_7K_plus_12Dblocky,1,3991,108,3.017745784033503,9.106789617051984,23.947063,0.46412488915252337
A1_LCD_plus_7K_plus_12Dblocky,1,3991,109,3.844667512387474,14.781468280807692,72.81836,0.42685365091436095
A1_LCD_plus_7K_plus_12Dblocky,1,3991,110,3.9261558753716015,15.41469995771495,91.395226,0.43780162109046605
A1_LCD_plus_7K_plus_12Dblocky,1,3991,111,3.1431839324954236,9.879605233497395,75.36761,0.4843407702484348
A1_LCD_plus_7K_plus_12Dblocky,1,3991,112,3.3052372897039843,10.924593541249743,44.423904,0.351685347878827
A1_LCD_plus_7K_plus_12Dblocky,1,3991,113,3.176207091565442,10.088291488510603,51.840363,0.34859486002419837
A1_LCD_plus_7K_plus_12Dblocky,1,3991,114,3.471638022169539,12.05227055697323,43.104946,0.5973014193700483
A1_LCD_plus_7K_plus_12Dblocky,1,3991,115,3.1397275483876648,9.857889078104416,48.610195,0.43139921614576726
A1_LCD_plus_7K_plus_12Dblocky,1,3991,116,2.383997393697281,5.683443573155428,14.242985,0.19595659175297492
A1_LCD_plus_7K_plus_12Dblocky,1,3991,117,4.126409454008709,17.027254982132447,163.6023,0.3580975797381749
A1_LCD_plus_7K_plus_12Dblocky,1,3991,118,3.609959299614095,13.031806144870286,34.89454,0.5086326063943354
A1_LCD_plus_7K_plus_12Dblocky,1,3991,119,3.647008727749415,13.300672660280407,27.097424,0.6790917175636861
A1_LCD_plus_7K_plus_12Dblocky,1,3991,120,3.4307053212796563,11.769739001456555,63.837814,0.43593809222332747
A1_LCD_plus_7K_plus_12Dblocky,1,3991,121,3.796712634055408,14.415026825595955,91.86577,0.21236599176918314
A1_LCD_plus_7K_plus_12Dblocky,1,3991,122,3.0666291712204643,9.404214473780312,73.7469,0.21778846831349963
A1_LCD_plus_7K_plus_12Dblocky,1,3991,123,2.796049791446923,7.817894436250383,63.65281,0.19541241074410076
A1_LCD_plus_7K_plus_12Dblocky,1,3991,124,3.291640343228477,10.834896149169285,35.636417,0.15138215952844436
A1_LCD_plus_7K_plus_12Dblocky,1,3991,125,5.225493812829475,27.305785587919118,136.08527,0.5677332499841306
A1_LCD_plus_7K_plus_12Dblocky,1,3991,126,5.456556392773363,29.774007667515864,231.19733,0.7646683962368949
A1_LCD_plus_7K_plus_12Dblocky,1,3991,127,3.1799635510499717,10.112168186006345,46.305252,0.5546310753559996
A1_LCD_plus_7K_plus_12Dblocky,1,3991,128,3.9856597417434116,15.88548357695416,46.913387,0.32337158393573673
A1_LCD_plus_7K_plus_12Dblocky,1,3991,129,3.035006042617274,9.211261678723366,86.11733,0.26063285520609303
A1_LCD_plus_7K_plus_12Dblocky,1,3991,130,2.603932763144609,6.78046583497792,1.8880093,0.06008979506261402
A1_LCD_plus_7K_plus_12Dblocky,1,3991,131,4.317962708231833,18.644801949680783,111.17038,0.408090199647801
A1_LCD_plus_7K_plus_12Dblocky,1,3991,132,3.903397533914805,15.236512307772182,101.48775,0.49932686974904206
A1_LCD_plus_7K_plus_12Dblocky,1,3991,133,2.8535031138283142,8.142480020627886,34.19235,0.38921518885613143
A1_LCD_plus_7K_plus_12Dblocky,1,3991,134,2.9941451127916583,8.964904956454173,32.61325,0.4567147505669359
A1_LCD_plus_7K_plus_12Dblocky,1,3991,135,4.624744988557988,21.38826620919223,217.3829,0.7444552719857463
A1_LCD_plus_7K_plus_12Dblocky,1,3991,136,4.61808802035921,21.32673696378524,91.908005,0.7218970117422008
A1_LCD_plus_7K_plus_12Dblocky,1,3991,137,3.2317134892823636,10.443972076809592,125.47395,0.39768333688941365
A1_LCD_plus_7K_plus_12Dblocky,1,3991,138,3.8917562322007404,15.145766570873302,64.8203,0.3999391922205157
A1_LCD_plus_7K_plus_12Dblocky,1,3991,139,3.574157928022372,12.774604894445174,38.06712,0.3698788192908567
A1_LCD_plus_7K_plus_12Dblocky,1,3991,140,2.5645493631265497,6.5769134359127905,2.8226066,0.1692894038786651
A1_LCD_plus_7K_plus_12Dblocky,1,3991,141,2.5483854237470003,6.494268267966179,53.82547,0.09003176128179334
A1_LCD_plus_7K_plus_12Dblocky,1,3991,142,2.9393865422689034,8.639993244871542,83.669876,0.17307838917382948
A1_LCD_plus_7K_plus_12Dblocky,1,3991,143,3.2529168413694176,10.58146797686479,99.93709,0.5200530378461103
A1_LCD_plus_7K_plus_12Dblocky,1,3991,144,2.7941118416683395,7.8070609837512395,38.980755,0.062058761655862014
A1_LCD_plus_7K_plus_12Dblocky,1,3991,145,4.050320626468004,16.405097177192165,96.4767,0.47857963047320873
A1_LCD_plus_7K_plus_12Dblocky,1,3991,146,4.603182085240807,21.189285309881903,110.29144,0.511917792045219
A1_LCD_plus_7K_plus_12Dblocky,1,3991,147,5.4353646341357145,29.54318870601326,246.08658,0.7315792181188477
A1_LCD_plus_7K_plus_12Dblocky,1,3991,148,3.389984354976923,11.491993926988306,44.29577,0.4288485496688314
A1_LCD_plus_7K_plus_12Dblocky,1,3991,149,3.3850577013957883,11.45861564177894,31.675564,0.20305631741560276
A1_LCD_plus_7K_plus_12Dblocky,1,3991,150,1.9412195000986858,3.7683331475633923,15.239692,0.1199481733407278
A1_LCD_plus_7K_plus_12Dblocky,1,3991,151,2.4442167348609773,5.9741954469744565,32.43187,0.12690316372442342
A1_LCD_plus_7K_plus_12Dblocky,1,3991,152,3.725858756484695,13.882023473273678,36.783768,0.7182693486092445
A1_LCD_plus_7K_plus_12Dblocky,1,3991,153,3.2482895741485325,10.551385157522054,7.3084774,0.22904140043007384
A1_LCD_plus_7K_plus_12Dblocky,1,3991,154,4.003656052748268,16.029261788707846,65.84956,0.18613937731180996
A1_LCD_plus_7K_plus_12Dblocky,1,3991,155,3.093400224526476,9.569124949100447,50.941387,0.26494972431810543
A1_LCD_plus_7K_plus_12Dblocky,1,3991,156,2.673184904525514,7.1459175337830825,40.50721,0.2620148271649462
A1_LCD_plus_7K_plus_12Dblocky,1,3991,157,2.9012770488658353,8.417408514275651,63.867317,0.4342965472864349
A1_LCD_plus_7K_plus_12Dblocky,1,3991,158,3.799614192704392,14.43706801340064,79.76744,0.6188253215011054
A1_LCD_plus_7K_plus_12Dblocky,1,3991,159,3.9175308367585773,15.347047856954354,177.52672,0.6300967608151997
A1_LCD_plus_7K_plus_12Dblocky,1,3991,160,4.1401448806256305,17.140799632570616,94.507095,0.2565778449174364
A1_LCD_plus_7K_plus_12Dblocky,1,3991,161,3.937919358135796,15.507208871180643,122.61975,0.6054678612275403
A1_LCD_plus_7K_plus_12Dblocky,1,3991,162,3.7732598543136677,14.2374899281752,96.44762,0.5329333306595835
A1_LCD_plus_7K_plus_12Dblocky,1,3991,163,4.138892638741687,17.130432275030124,133.27644,0.28422636387172157
A1_LCD_plus_7K_plus_12Dblocky,1,3991,164,3.024533025408499,9.147800021786692,66.06,0.32512407405532323
A1_LCD_plus_7K_plus_12Dblocky,1,3991,165,2.8677006772524005,8.223707174313878,12.392161,0.26747917900774554
A1_LCD_plus_7K_plus_12Dblocky,1,3991,166,2.892730506818588,8.367889785078921,77.586464,0.47104820749495924
A1_LCD_plus_7K_plus_12Dblocky,1,3991,167,2.633677738610704,6.936258430853593,4.6282153,0.1303780304076524
A1_LCD_plus_7K_plus_12Dblocky,1,3991,168,3.3383496253790583,11.144578221268498,110.90198,0.47348824096214737
A1_LCD_plus_7K_plus_12Dblocky,1,3991,169,2.1437774815616764,4.595781890450924,15.7601795,0.15298836329320076
A1_LCD_plus_7K_plus_12Dblocky,1,3991,170,2.7992694124585475,7.8359092435260225,29.39969,0.24230139390769195
A1_LCD_plus_7K_plus_12Dblocky,1,3991,171,3.28601553840943,10.797898118668211,82.33984,0.39939407273415867
A1_LCD_plus_7K_plus_12Dblocky,1,3991,172,2.220266705443192,4.9295842432995665,12.289286,0.07282643903554831
A1_LCD_plus_7K_plus_12Dblocky,1,3991,173,3.162429328333595,10.000959256704471,22.449587,0.16244808615236114
A1_LCD_plus_7K_plus_12Dblocky,1,3991,174,3.9588607900162507,15.672578754728091,177.55588,0.6438479610559442
A1_LCD_plus_7K_plus_12Dblocky,1,3991,175,2.504155227231538,6.2707934020710345,28.708817,0.1687358738907232
A1_LCD_plus_7K_plus_12Dblocky,1,3991,176,2.9265507270966427,8.564699158269883,39.041615,0.21586683878873483
A1_LCD_plus_7K_plus_12Dblocky,1,3991,177,2.743704635565867,7.5279151272256275,39.614407,0.14414500766787433
A1_LCD_plus_7K_plus_12Dblocky,1,3991,178,2.94208754118043,8.65587909996911,27.93375,0.16270497487251567
A1_LCD_plus_7K_plus_12Dblocky,1,3991,179,2.6797212089541325,7.1809057577186,36.023624,0.44414969417406697
A1_LCD_plus_7K_plus_12Dblocky,1,3991,180,3.7566570291980055,14.112472035022785,21.725243,0.703641958619684
A1_LCD_plus_7K_plus_12Dblocky,1,3991,181,3.3677004410400224,11.341406260581165,58.451366,0.3216010940396956
A1_LCD_plus_7K_plus_12Dblocky,1,3991,182,3.0295249408900706,9.178021367474985,62.51184,0.1706781517040044
A1_LCD_plus_7K_plus_12Dblocky,1,3991,183,4.036295900500539,16.291684596397456,64.85356,0.3935357257480142
A1_LCD_plus_7K_plus_12Dblocky,1,3991,184,3.025287978890429,9.152367355218935,49.088673,0.07096197533966261
A1_LCD_plus_7K_plus_12Dblocky,1,3991,185,2.5148701691609423,6.324571967735586,55.87908,0.25548477041113143
A1_LCD_plus_7K_plus_12Dblocky,1,3991,186,3.0463706158919184,9.280373929369707,85.51221,0.28443267282230883
A1_LCD_plus_7K_plus_12Dblocky,1,3991,187,3.0254628910911125,9.15342570536939,10.317161,0.5204487240030911
A1_LCD_plus_7K_plus_12Dblocky,1,3991,188,3.6501292841175963,13.323443790772838,22.23161,0.2548893436962378
A1_LCD_plus_7K_plus_12Dblocky,1,3991,189,2.6262892405301503,6.897395174924434,51.75039,0.19930652318663233
A1_LCD_plus_7K_plus_12Dblocky,1,3991,190,3.2436973129349718,10.521572257941557,115.06673,0.2162191761823682
A1_LCD_plus_7K_plus_12Dblocky,1,3991,191,2.2811443811271195,5.203619687547829,17.597683,0.25707956502507723
A1_LCD_plus_7K_plus_12Dblocky,1,3991,192,3.019549283542906,9.117677875744477,86.93518,0.17779934203184855
A1_LCD_plus_7K_plus_12Dblocky,1,3991,193,2.859495297984911,8.176713359197814,45.925915,0.19773090535520566
A1_LCD_plus_7K_plus_12Dblocky,1,3991,194,2.9138629909496214,8.490597530025873,48.277348,0.4750358261477724
A1_LCD_plus_7K_plus_12Dblocky,1,3991,195,3.7077857351248644,13.74767505759543,177.2976,0.5875500775455443
A1_LCD_plus_7K_plus_12Dblocky,1,3991,196,3.4770005340425723,12.089532713732334,63.177475,0.36173923910412054
A1_LCD_plus_7K_plus_12Dblocky,1,3991,197,2.8131486755022643,7.9138054704801455,52.56017,0.3070651062133789
A1_LCD_plus_7K_plus_12Dblocky,1,3991,198,2.7744923073223005,7.697807563390622,37.916447,0.18258927945752026
A1_LCD_plus_7K_plus_12Dblocky,1,3991,199,2.8813741681978517,8.30231709715786,52.97333,0.5014251653639648
A1_LCD_plus_7K_plus_12Dblocky,1,3991,200,3.1993966990992635,10.236139238207263,78.08836,0.48367032406781757
A1_LCD_plus_7K_plus_12Dblocky,1,3991,201,3.6292220963348036,13.171253024524782,14.297271,0.4352101348267098
A1_LCD_plus_7K_plus_12Dblocky,1,3991,202,4.7577740888076345,22.636414280129316,147.87816,0.6365936468426513
A1_LCD_plus_7K_plus_12Dblocky,1,3991,203,3.672568973595305,13.48776286581487,122.85723,0.6341849716543724
A1_LCD_plus_7K_plus_12Dblocky,1,3991,204,3.5728050149219097,12.764935674651149,95.42301,0.5356587738844014
A1_LCD_plus_7K_plus_12Dblocky,1,3991,205,3.907696127376279,15.270089023911567,54.348007,0.5847248470790227
A1_LCD_plus_7K_plus_12Dblocky,1,3991,206,3.339582897469668,11.152813929071906,27.158075,0.4228105014403232
A1_LCD_plus_7K_plus_12Dblocky,1,3991,207,3.1558678737660673,9.959502036668757,38.377747,0.4512561302674649
A1_LCD_plus_7K_plus_12Dblocky,1,3991,208,3.7184825268288946,13.8271123023318,99.14762,0.43580988269732224
A1_LCD_plus_7K_plus_12Dblocky,1,3991,209,3.201256771882652,10.248044919524535,51.191315,0.312346498304338
A1_LCD_plus_7K_plus_12Dblocky,1,3991,210,2.8325250905271515,8.023198388465849,76.17839,0.5246132551655984
A1_LCD_plus_7K_plus_12Dblocky,1,3991,211,3.419690592556369,11.694283748818526,94.02162,0.5566445775110815
A1_LCD_plus_7K_plus_12Dblocky,1,3991,212,3.307914993263429,10.942301602656993,34.348183,0.09718248773129701
A1_LCD_plus_7K_plus_12Dblocky,1,3991,213,2.734470855481494,7.477330859477694,52.555992,0.181130092753185
A1_LCD_plus_7K_plus_12Dblocky,1,3991,214,2.280301348345315,5.199774239265459,12.245863,0.15679192976417455
A1_LCD_plus_7K_plus_12Dblocky,1,3991,215,2.3649661016922887,5.593064662153622,8.346949,0.17888661761049002
A1_LCD_plus_7K_plus_12Dblocky,1,3991,216,2.5720175582949385,6.6152743201774555,29.200249,0.2330110956327412
A1_LCD_plus_7K_plus_12Dblocky,1,3991,217,2.5106536120748895,6.303381559824687,46.58618,0.13156794960683624
A1_LCD_plus_7K_plus_12Dblocky,1,3991,218,2.128668200548348,4.531228308025741,14.665075,0.04921680578586678
A1_LCD_plus_7K_plus_12Dblocky,1,3991,219,2.7455686261442467,7.53814708086761,19.328358,0.1735854325748988
A1_LCD_plus_7K_plus_12Dblocky,1,3991,220,3.9771944612577284,15.818075782659156,59.62386,0.35237071640337736
A1_LCD_plus_7K_plus_12Dblocky,1,3991,221,5.400412271764724,29.164452705027028,304.4162,0.8978596515267482
A1_LCD_plus_7K_plus_12Dblocky,1,3991,222,4.1798060443348755,17.470778568258357,91.90193,0.5156961352014532
A1_LCD_plus_7K_plus_12Dblocky,1,3991,223,3.6110443511156154,13.039641305723995,54.79812,0.560969662926166
A1_LCD_plus_7K_plus_12Dblocky,1,3991,224,3.2899425653418612,10.823722083248187,97.931076,0.5324827375963547
A1_LCD_plus_7K_plus_12Dblocky,1,3991,225,3.1149574859208387,9.702960139094273,54.041634,0.3748544109238012
A1_LCD_plus_7K_plus_12Dblocky,1,3991,226,2.9971108682764234,8.982673556740657,17.836605,0.31303732331185075
A1_LCD_plus_7K_plus_12Dblocky,1,3991,227,3.2276152923911323,10.417500475677095,124.68426,0.341708414797093
A1_LCD_plus_7K_plus_12Dblocky,1,3991,228,4.147164283826801,17.19897159704867,124.76505,0.5710182215730976
A1_LCD_plus_7K_plus_12Dblocky,1,3991,229,2.686684212954974,7.218272060141489,4.0578685,0.32655383369886926
A1_LCD_plus_7K_plus_12Dblocky,1,3991,230,3.5270964862946057,12.440409623631753,62.100082,0.26212963499370145
A1_LCD_plus_7K_plus_12Dblocky,1,3991,231,3.6535329161500694,13.348302769392031,99.242584,0.614491232236439
A1_LCD_plus_7K_plus_12Dblocky,1,3991,232,2.5385119882359497,6.444043114417635,43.278885,0.19131402697290836
A1_LCD_plus_7K_plus_12Dblocky,1,3991,233,3.277989259376144,10.745213584585361,13.3012905,0.33994344888425626
A1_LCD_plus_7K_plus_12Dblocky,1,3991,234,3.800474162786258,14.443603862005908,82.10625,0.5105087065224345
A1_LCD_plus_7K_plus_12Dblocky,1,3991,235,4.394980652400245,19.315854934972478,94.35324,0.26534297068766677
A1_LCD_plus_7K_plus_12Dblocky,1,3991,236,3.221690687446993,10.379290885582682,43.547543,0.5887076760891592
A1_LCD_plus_7K_plus_12Dblocky,1,3991,237,5.268053767770267,27.752390500118505,231.12747,0.6835233208072511
A1_LCD_plus_7K_plus_12Dblocky,1,3991,238,2.780417682166373,7.730722487303426,61.15675,0.5211109755613774
A1_LCD_plus_7K_plus_12Dblocky,1,3991,239,3.158604161241358,9.976780247411222,11.438382,0.47981949641129074
A1_LCD_plus_7K_plus_12Dblocky,1,3991,240,2.7148658977676026,7.370496842861492,72.87448,0.39476734668723323
A1_LCD_plus_7K_plus_12Dblocky,1,3991,241,2.8405111045774145,8.068503335227604,66.01478,0.29697973346796797
A1_LCD_plus_7K_plus_12Dblocky,1,3991,242,3.7600790432919253,14.138194411803118,75.43834,0.32734851051270986
A1_LCD_plus_7K_plus_12Dblocky,1,3991,243,2.9350577648837635,8.614564083204469,48.224884,0.4455858080710733
A1_LCD_plus_7K_plus_12Dblocky,1,3991,244,2.8776345129634833,8.280780390198585,23.683453,0.27290170027263105
A1_LCD_plus_7K_plus_12Dblocky,1,3991,245,2.945164727758567,8.673995273633192,66.853195,0.4308616999465259
A1_LCD_plus_7K_plus_12Dblocky,1,3991,246,4.0649552081407485,16.523860844190594,105.436455,0.5859270761898598
A1_LCD_plus_7K_plus_12Dblocky,1,3991,247,4.6867124230612776,21.965273336476912,184.45615,0.8396402168750383
A1_LCD_plus_7K_plus_12Dblocky,1,3991,248,3.767229472985419,14.192017902130003,96.61424,0.5412739828167643
A1_LCD_plus_7K_plus_12Dblocky,1,3991,249,2.797066015581105,7.8235782955187565,47.63939,0.4286151950904018
A1_LCD_plus_7K_plus_12Dblocky,1,3991,250,3.08609318115258,9.523971122756452,54.098904,0.32477642031987125
A1_LCD_plus_7K_plus_12Dblocky,1,3991,251,3.091976738866153,9.560320153689371,105.97159,0.4524523798575676
A1_LCD_plus_7K_plus_12Dblocky,1,3991,252,4.362819098347134,19.034190484902496,129.50237,0.5115191718246467
A1_LCD_plus_7K_plus_12Dblocky,1,3991,253,3.3142606617826007,10.98432373423964,46.382835,0.4274115626153746
A1_LCD_plus_7K_plus_12Dblocky,1,3991,254,3.2080429420361853,10.291539517948188,54.33231,0.35860745447358255
A1_LCD_plus_7K_plus_12Dblocky,1,3991,255,2.9357788051230562,8.618797192609762,77.68038,0.359487385442983
A1_LCD_plus_7K_plus_12Dblocky,1,3991,256,3.3236687839234333,11.046774185227076,71.742226,0.3845057055700659
A1_LCD_plus_7K_plus_12Dblocky,1,3991,257,2.949660730052874,8.70049842241605,47.65125,0.4141842344486989
A1_LCD_plus_7K_plus_12Dblocky,1,3991,258,2.244773329639903,5.039007301462615,18.5279,0.19333323881262465
A1_LCD_plus_7K_plus_12Dblocky,1,3991,259,3.967711261408186,15.74273265390534,87.38916,0.3544926275841734
A1_LCD_plus_7K_plus_12Dblocky,1,3991,260,3.680352597438124,13.544995241469547,61.686615,0.515485564483876
A1_LCD_plus_7K_plus_12Dblocky,1,3991,261,2.6827693861657878,7.197251579348354,67.001656,0.296690893955518
A1_LCD_plus_7K_plus_12Dblocky,1,3991,262,2.877437685300299,8.279647632786345,28.114733,0.1458952860411347
A1_LCD_plus_7K_plus_12Dblocky,1,3991,263,3.1043229038245816,9.636820691209884,37.06964,0.22173381514995896
A1_LCD_plus_7K_plus_12Dblocky,1,3991,264,2.59362679082898,6.726899930105834,42.55451,0.2681237327930024
A1_LCD_plus_7K_plus_12Dblocky,1,3991,265,3.5318400052726946,12.47389382284463,82.875336,0.29340548834533675
A1_LCD_plus_7K_plus_12Dblocky,1,3991,266,3.201556236880576,10.249962337908915,121.54236,0.5569282439081003
A1_LCD_plus_7K_plus_12Dblocky,1,3991,267,3.8555838006981085,14.865526444205672,76.157974,0.5132684633917323
A1_LCD_plus_7K_plus_12Dblocky,1,3991,268,4.0379887266496,16.30535295654926,107.55494,0.41292103021397725
A1_LCD_plus_7K_plus_12Dblocky,1,3991,269,2.840000053428259,8.065600303472513,23.366838,0.5065115704281011
A1_LCD_plus_7K_plus_12Dblocky,1,3991,270,3.0390686763640056,9.235938419656867,36.533676,0.4055323231748088
A1_LCD_plus_7K_plus_12Dblocky,1,3991,271,3.2281536747761823,10.420976147970972,117.85313,0.2890694855226853
A1_LCD_plus_7K_plus_12Dblocky,1,3991,272,4.230815794609477,17.899802287917023,57.349827,0.5288637150395756
A1_LCD_plus_7K_plus_12Dblocky,1,3991,273,4.273956452028693,18.266703753837685,144.92322,0.8191939260325367
A1_LCD_plus_7K_plus_12Dblocky,1,3991,274,4.550133772619759,20.70371734873492,173.19882,0.7768384554597321
A1_LCD_plus_7K_plus_12Dblocky,1,3991,275,3.8642396199946085,14.932347840736076,93.69378,0.57960241376679
A1_LCD_plus_7K_plus_12Dblocky,1,3991,276,4.651244964077153,21.634079715853073,165.93942,0.8358418871838564
A1_LCD_plus_7K_plus_12Dblocky,1,3991,277,2.794600749354811,7.809793348294473,24.136677,0.4471972397841836
A1_LCD_plus_7K_plus_12Dblocky,1,3991,278,2.4336471840657805,5.9226386165113025,15.117863,0.18348854123317984
A1_LCD_plus_7K_plus_12Dblocky,1,3991,279,3.2115630939044677,10.314137506129239,34.135387,0.32743016797933544
A1_LCD_plus_7K_plus_12Dblocky,1,3991,280,3.69903201847565,13.682837873708044,81.134995,0.5232959004936037
A1_LCD_plus_7K_plus_12Dblocky,1,3991,281,4.564469337954659,20.834380337128238,156.68456,0.7307802634787133
A1_LCD_plus_7K_plus_12Dblocky,1,3991,282,4.046435980745234,16.37364414626965,90.2788,0.4668146393880498
A1_LCD_plus_7K_plus_12Dblocky,1,3991,283,3.355393013032544,11.258662271907614,67.51376,0.17417619202098078
A1_LCD_plus_7K_plus_12Dblocky,1,3991,284,2.72023571401321,7.399682339792958,39.940563,0.15868774722781212
A1_LCD_plus_7K_plus_12Dblocky,1,3991,285,2.87547945137944,8.268382075305405,90.002945,0.23439643889007766
A1_LCD_plus_7K_plus_12Dblocky,1,3991,286,3.7878583901814236,14.347871184067804,89.583305,0.4077049555915415
A1_LCD_plus_7K_plus_12Dblocky,1,3991,287,3.5613332818283645,12.683094744258385,65.80797,0.3833120506322337
A1_LCD_plus_7K_plus_12Dblocky,1,3991,288,3.5870583336711808,12.866987489159866,68.95824,0.2659023638609781
A1_LCD_plus_7K_plus_12Dblocky,1,3991,289,3.3318404580293297,11.101160837761093,72.79292,0.20131525636974845
A1_LCD_plus_7K_plus_12Dblocky,1,3991,290,2.534791482749347,6.425167861018633,12.301339,0.32098466567132933
A1_LCD_plus_7K_plus_12Dblocky,1,3991,291,2.490005736312863,6.200128566870964,24.007032,0.17567177817319019
A1_LCD_plus_7K_plus_12Dblocky,1,3991,292,4.347955944820377,18.904720898098855,157.92819,0.6158608081645861
A1_LCD_plus_7K_plus_12Dblocky,1,3991,293,4.5354131858586655,20.56997276646065,101.48815,0.5287490028062527
A1_LCD_plus_7K_plus_12Dblocky,1,3991,294,4.5993646724482815,21.15415539016529,196.90521,0.7547236753260853
A1_LCD_plus_7K_plus_12Dblocky,1,3991,295,5.107559904465211,26.087168177700676,179.81079,0.7646442657655658
A1_LCD_plus_7K_plus_12Dblocky,1,3991,296,4.878047412255868,23.795346556216174,89.620995,0.5890055381817335
A1_LCD_plus_7K_plus_12Dblocky,1,3991,297,2.7918705578510177,7.794541211795353,53.20392,0.17425293028358835
A1_LCD_plus_7K_plus_12Dblocky,1,3991,298,3.4924441283853382,12.19716598989322,63.424553,0.45768138375306705
A1_LCD_plus_7K_plus_12Dblocky,1,3991,299,2.948310930358635,8.692537342072201,26.638817,0.47585916977227605
A1_LCD_plus_7K_plus_12Dblocky,1,3991,300,2.8838586430294852,8.316640672975868,48.48094,0.44645244603140744
A1_LCD_plus_7K_plus_12Dblocky,1,3991,301,3.6244879371438796,13.1369128065015,88.80405,0.25678112862840174
A1_LCD_plus_7K_plus_12Dblocky,1,3991,302,2.7528659562029945,7.578270972821427,47.4528,0.21816325264248482
A1_LCD_plus_7K_plus_12Dblocky,1,3991,303,2.679092348255401,7.177535810480639,59.062576,0.17979968911173727
A1_LCD_plus_7K_plus_12Dblocky,1,3991,304,3.001713934943247,9.010286547232468,94.204926,0.5156887511969905
A1_LCD_plus_7K_plus_12Dblocky,1,3991,305,5.039712012942287,25.398697173394797,201.41241,0.6826992423504143
A1_LCD_plus_7K_plus_12Dblocky,1,3991,306,4.754897715700267,22.609052286771615,114.65434,0.7942197103096136
A1_LCD_plus_7K_plus_12Dblocky,1,3991,307,2.324988092672871,5.405569631070634,17.76155,0.11970665292711381
A1_LCD_plus_7K_plus_12Dblocky,1,3991,308,2.80585705149323,7.872833793414284,31.106817,0.40617873751299394
A1_LCD_plus_7K_plus_12Dblocky,1,3991,309,3.1006803434515784,9.614218592267,62.27949,0.10034472550974216
A1_LCD_plus_7K_plus_12Dblocky,1,3991,310,2.925768555780697,8.560121641995067,36.267113,0.34722736740139887
A1_LCD_plus_7K_plus_12Dblocky,1,3991,311,3.1867788689384655,10.155559559512724,23.261637,0.24983924174538436
A1_LCD_plus_7K_plus_12Dblocky,1,3991,312,3.6326813233382946,13.196373596930863,79.591354,0.24871895363342983
A1_LCD_plus_7K_plus_12Dblocky,1,3991,313,3.9367974895628826,15.498374473828617,128.23042,0.6490611228161574
A1_LCD_plus_7K_plus_12Dblocky,1,3991,314,3.2976094280176804,10.874227939751094,48.949738,0.5223694076969786
A1_LCD_plus_7K_plus_12Dblocky,1,3991,315,3.9681505823977594,15.746219044583679,114.85625,0.5422862491176713
A1_LCD_plus_7K_plus_12Dblocky,1,3991,316,3.7627221138486306,14.158077706045509,83.05377,0.40316330690669355
A1_LCD_plus_7K_plus_12Dblocky,1,3991,317,3.2254747129240853,10.403687123712709,39.39953,0.5198314785287449
A1_LCD_plus_7K_plus_12Dblocky,1,3991,318,4.691433855182267,22.00955161755035,143.22922,0.6785069413364833
A1_LCD_plus_7K_plus_12Dblocky,1,3991,319,3.712597472567447,13.783379993314192,89.790115,0.768721001810369
A1_LCD_plus_7K_plus_12Dblocky,1,3991,320,4.455110380572121,19.848008503081466,166.38126,0.7943932886602848
A1_LCD_plus_7K_plus_12Dblocky,1,3991,321,2.8719984619498784,8.24837516544247,12.632296,0.596639748425531
A1_LCD_plus_7K_plus_12Dblocky,1,3991,322,2.8526598820098696,8.137668402428563,9.641578,0.20499765174685425
A1_LCD_plus_7K_plus_12Dblocky,1,3991,323,2.666318167253997,7.109252569028712,6.144135,0.49315344703980135
A1_LCD_plus_7K_plus_12Dblocky,1,3991,324,2.9143415780296253,8.493386833432208,35.637413,0.2190127802687394
A1_LCD_plus_7K_plus_12Dblocky,1,3991,325,4.024727174430487,16.198428828599212,70.42891,0.7055491627881953
A1_LCD_plus_7K_plus_12Dblocky,1,3991,326,4.230827209630675,17.899898877751294,176.31815,0.7423982826898031
A1_LCD_plus_7K_plus_12Dblocky,1,3991,327,4.4797993004617,20.068601772417136,52.31189,0.2759538803659174
A1_LCD_plus_7K_plus_12Dblocky,1,3991,328,3.9133066549226863,15.313968975462183,153.84792,0.5488102923977277
A1_LCD_plus_7K_plus_12Dblocky,1,3991,329,3.646605858219297,13.297734285199292,125.48611,0.587122659230856
A1_LCD_plus_7K_plus_12Dblocky,1,3991,330,3.952777126308573,15.624447010268256,100.8324,0.729023282517411
A1_LCD_plus_7K_plus_12Dblocky,1,3991,331,5.0247069460224925,25.247679893406694,155.62863,0.6357543389472002
A1_LCD_plus_7K_plus_12Dblocky,1,3991,332,3.6756823516417154,13.51064075017037,100.524536,0.6077578353565518
A1_LCD_plus_7K_plus_12Dblocky,1,3991,333,2.699912731192056,7.289528756052948,30.169155,0.1847679913910735
A1_LCD_plus_7K_plus_12Dblocky,1,3991,334,2.5350538572324326,6.426498059069035,74.02052,0.20906920454344996
A1_LCD_plus_7K_plus_12Dblocky,1,3991,335,3.65422716429196,13.353376168249259,69.96005,0.2761666780768658
A1_LCD_plus_7K_plus_12Dblocky,1,3991,336,3.6671617765282076,13.44807549522952,97.82151,0.3850447165509298
A1_LCD_plus_7K_plus_12Dblocky,1,3991,337,3.5586571073221696,12.664040407494593,156.56998,0.5948355834321387
A1_LCD_plus_7K_plus_12Dblocky,1,3991,338,4.2148823908801445,17.765233568951526,129.57877,0.6724964717091912
A1_LCD_plus_7K_plus_12Dblocky,1,3991,339,3.1842820515912194,10.13965218408598,63.251877,0.2962005362577037
A1_LCD_plus_7K_plus_12Dblocky,1,3991,340,3.351088141760008,11.229791733844545,38.457253,0.21354607218095434
A1_LCD_plus_7K_plus_12Dblocky,1,3991,341,2.466469662295263,6.083472595022909,48.285145,0.11349461307899056
A1_LCD_plus_7K_plus_12Dblocky,1,3991,342,2.612209493619812,6.82363843855748,33.06259,0.2687389741810723
A1_LCD_plus_7K_plus_12Dblocky,1,3991,343,2.8257187805669823,7.984686626848955,71.20605,0.23727380105734563
A1_LCD_plus_7K_plus_12Dblocky,1,3991,344,3.1892001067879305,10.170997321136147,72.64711,0.4029953425137782
A1_LCD_plus_7K_plus_12Dblocky,1,3991,345,3.5042409531174785,12.279704657505699,77.54608,0.43229617264642245
A1_LCD_plus_7K_plus_12Dblocky,1,3991,346,4.495199645571094,20.20681985354248,201.82886,0.7881153019569903
A1_LCD_plus_7K_plus_12Dblocky,1,3991,347,3.4341027254242324,11.79306152876614,66.84663,0.31748645066130354
A1_LCD_plus_7K_plus_12Dblocky,1,3991,348,3.5707953174524416,12.750579199140283,178.00958,0.6765476297251425
A1_LCD_plus_7K_plus_12Dblocky,1,3991,349,3.1741940332090013,10.075507760459626,65.10325,0.15861831186090558
A1_LCD_plus_7K_plus_12Dblocky,1,3991,350,2.7071393049765824,7.3286032165490935,70.27164,0.3436105853829512
A1_LCD_plus_7K_plus_12Dblocky,1,3991,351,3.550016756681594,12.602618972720103,46.404716,0.22281552423094747
A1_LCD_plus_7K_plus_12Dblocky,1,3991,352,3.1384998232970256,9.850181140835462,6.1246862,0.1833712919403193
A1_LCD_plus_7K_plus_12Dblocky,1,3991,353,4.482948287163129,20.096825345378836,168.1535,0.3611257002634285
A1_LCD_plus_7K_plus_12Dblocky,1,3991,354,4.299012928195011,18.48151215678785,119.07997,0.4440775279762517
A1_LCD_plus_7K_plus_12Dblocky,1,3991,355,4.567002197886876,20.857509075503557,135.82524,0.7485513154315302
A1_LCD_plus_7K_plus_12Dblocky,1,3991,356,2.608133545632145,6.802360591851704,12.820367,0.16011701224186517
A1_LCD_plus_7K_plus_12Dblocky,1,3991,357,2.716060848413427,7.376986532284265,21.800545,0.25231955897240593
A1_LCD_plus_7K_plus_12Dblocky,1,3991,358,3.2045015888671013,10.268830433051775,47.97443,0.3130008704125268
A1_LCD_plus_7K_plus_12Dblocky,1,3991,359,3.217782355382563,10.354123286611356,66.81524,0.2768480987495033
A1_LCD_plus_7K_plus_12Dblocky,1,3991,360,3.7908632273336,14.370644008350117,88.06882,0.27198047810012926
A1_LCD_plus_7K_plus_12Dblocky,1,3991,361,2.5674126802926414,6.5916078709274455,41.3455,0.13230441563039003
A1_LCD_plus_7K_plus_12Dblocky,1,3991,362,3.3242909271620165,11.050910168411695,59.96282,0.3390257614761564
A1_LCD_plus_7K_plus_12Dblocky,1,3991,363,3.6026846577674254,12.97933674331279,115.366455,0.39016517211830004
A1_LCD_plus_7K_plus_12Dblocky,1,3991,364,3.2545064408711473,10.59181217367178,68.37247,0.4033866269075307
A1_LCD_plus_7K_plus_12Dblocky,1,3991,365,2.639888079684068,6.969009073258035,59.66356,0.0741250674321654
A1_LCD_plus_7K_plus_12Dblocky,1,3991,366,2.8552940061128202,8.152703861343799,43.03221,0.48949005537980006
A1_LCD_plus_7K_plus_12Dblocky,1,3991,367,2.4155268243766606,5.834769839283195,34.208847,0.17164556824864208
A1_LCD_plus_7K_plus_12Dblocky,1,3991,368,3.124790107270136,9.764313214493308,18.125267,0.4562390941539
A1_LCD_plus_7K_plus_12Dblocky,1,3991,369,3.4354151832671103,11.802077481422184,39.240387,0.5769234915134083
A1_LCD_plus_7K_plus_12Dblocky,1,3991,370,2.4466908715217923,5.98629622078807,6.8278,0.3770019332413912
A1_LCD_plus_7K_plus_12Dblocky,1,3991,371,2.707638484983533,7.33130616536392,35.23903,0.19038761475954954
A1_LCD_plus_7K_plus_12Dblocky,1,3991,372,3.946803833607063,15.57726050097541,63.408043,0.5141318071375771
A1_LCD_plus_7K_plus_12Dblocky,1,3991,373,2.629560165127486,6.914586662025291,62.453907,0.49917004762575995
A1_LCD_plus_7K_plus_12Dblocky,1,3991,374,3.3284089791336955,11.07830633237781,59.45375,0.4925145345385116
A1_LCD_plus_7K_plus_12Dblocky,1,3991,375,2.939822064112607,8.64255376864331,63.945797,0.4770576002510596
A1_LCD_plus_7K_plus_12Dblocky,1,3991,376,2.603913944464204,6.780367830175131,41.747356,0.1097700742706319
A1_LCD_plus_7K_plus_12Dblocky,1,3991,377,2.4397198261417943,5.952232830069347,28.121225,0.2140108883469827
A1_LCD_plus_7K_plus_12Dblocky,1,3991,378,2.6728012508921553,7.143866526770671,20.879684,0.2743074115179104
A1_LCD_plus_7K_plus_12Dblocky,1,3991,379,3.332178966108276,11.10341666217442,114.45883,0.38853491603808443
A1_LCD_plus_7K_plus_12Dblocky,1,3991,380,4.977794309582966,24.77843618851655,224.32751,0.7849196965191585
A1_LCD_plus_7K_plus_12Dblocky,1,3991,381,3.164757118292223,10.015687617781294,111.056305,0.4518402546048388
A1_LCD_plus_7K_plus_12Dblocky,1,3991,382,4.09006201869245,16.728607316750555,93.41998,0.6660000872832267
A1_LCD_plus_7K_plus_12Dblocky,1,3991,383,3.798043604163276,14.425135219125567,91.96239,0.35944907082816696
A1_LCD_plus_7K_plus_12Dblocky,1,3991,384,3.1093686018278874,9.668173102033112,41.248676,0.19333792897163976
A1_LCD_plus_7K_plus_12Dblocky,1,3991,385,3.578719805532697,12.807235446511983,115.352295,0.601582864418336
A1_LCD_plus_7K_plus_12Dblocky,1,3991,386,4.410118987323352,19.449149482349938,83.517746,0.6896835478593037
A1_LCD_plus_7K_plus_12Dblocky,1,3991,387,2.9667603832296714,8.801667171501066,16.594957,0.2902011957907824
A1_LCD_plus_7K_plus_12Dblocky,1,3991,388,3.6108012849347055,13.03788591928612,44.333145,0.0885626296803758
A1_LCD_plus_7K_plus_12Dblocky,1,3991,389,2.993199561445222,8.959243614635868,45.32054,0.47200954574478476
A1_LCD_plus_7K_plus_12Dblocky,1,3991,390,3.5926007384461247,12.90678006588364,104.89607,0.6720924524109798
A1_LCD_plus_7K_plus_12Dblocky,1,3991,391,2.948484772062522,8.693562451084583,106.10966,0.17927801635522245
A1_LCD_plus_7K_plus_12Dblocky,1,3991,392,3.167130710824782,10.030716939449489,49.544395,0.499704081147898
A1_LCD_plus_7K_plus_12Dblocky,1,3991,393,2.2988370559019806,5.284651809588085,44.20931,0.11701838838964537
A1_LCD_plus_7K_plus_12Dblocky,1,3991,394,4.097930049707422,16.793030692295066,100.446945,0.3386601022268985
A1_LCD_plus_7K_plus_12Dblocky,1,3991,395,2.5691028802751728,6.600289609438188,19.588867,0.22835482625424341
A1_LCD_plus_7K_plus_12Dblocky,1,3991,396,3.4461379127268863,11.87586651353362,89.29395,0.35541484016541014
A1_LCD_plus_7K_plus_12Dblocky,1,3991,397,3.0487339311685924,9.294778583058699,34.345043,0.43184388255109213
A1_LCD_plus_7K_plus_12Dblocky,1,3991,398,4.457793608057593,19.871923852039124,110.320526,0.7117496411683393
A1_LCD_plus_7K_plus_12Dblocky,1,3991,399,3.073451093279095,9.446101622778464,46.555466,0.6396165431210348
A1_LCD_plus_7K_plus_12Dblocky,1,3991,400,3.699095119537994,13.683304703389805,95.74879,0.18408723845078617
A1_LCD_plus_7K_plus_12Dblocky,1,3991,401,2.968012347302477,8.809097293739962,36.677513,0.3132064920687613
A1_LCD_plus_7K_plus_12Dblocky,1,3991,402,3.567536007585785,12.727313165421124,50.05121,0.3056807279710096
A1_LCD_plus_7K_plus_12Dblocky,1,3991,403,3.159636259852904,9.983301294577249,32.672626,0.2104263340156007
A1_LCD_plus_7K_plus_12Dblocky,1,3991,404,2.614612150724864,6.836196698718099,10.174396,0.09688416681707437
A1_LCD_plus_7K_plus_12Dblocky,1,3991,405,2.180974693309922,4.756650612858308,19.684155,0.27519273473770345
A1_LCD_plus_7K_plus_12Dblocky,1,3991,406,4.092036863079166,16.74476568879878,78.35088,0.645099705678974
A1_LCD_plus_7K_plus_12Dblocky,1,3991,407,3.471592211265682,12.051952481320551,81.21884,0.1525006590713843
A1_LCD_plus_7K_plus_12Dblocky,1,3991,408,2.384382261531384,5.68527876910552,15.196479,0.14707081983582282
A1_LCD_plus_7K_plus_12Dblocky,1,3991,409,3.391894752768612,11.504950013859244,45.040215,0.4436346665421119
A1_LCD_plus_7K_plus_12Dblocky,1,3991,410,3.1440501112531836,9.885051102071156,88.36746,0.5588513855231307
A1_LCD_plus_7K_plus_12Dblocky,1,3991,411,3.456283162222882,11.945893297465407,97.60282,0.42878415639384837
A1_LCD_plus_7K_plus_12Dblocky,1,3991,412,2.7164373521300553,7.379031888047348,9.032714,0.3891721915780141
A1_LCD_plus_7K_plus_12Dblocky,1,3991,413,3.21779737072577,10.354219919049678,70.25291,0.15583537918528678
A1_LCD_plus_7K_plus_12Dblocky,1,3991,414,2.996887363996822,8.98133387248382,31.802334,0.20244296576643123
A1_LCD_plus_7K_plus_12Dblocky,1,3991,415,2.5126462032654615,6.3133909427843395,6.2137876,0.19945937368468547
A1_LCD_plus_7K_plus_12Dblocky,1,3991,416,3.4849081714689363,12.144584963570967,151.33513,0.7711052756030263
A1_LCD_plus_7K_plus_12Dblocky,1,3991,417,5.066617936116877,25.670617310581246,199.41504,0.8295060078742522
A1_LCD_plus_7K_plus_12Dblocky,1,3991,418,3.798923101091563,14.431816728007139,130.2032,0.5713191568642606
A1_LCD_plus_7K_plus_12Dblocky,1,3991,419,3.4660063921863515,12.01320031067665,36.360203,0.5647866513498307
A1_LCD_plus_7K_plus_12Dblocky,1,3991,420,2.4905883122852237,6.203030141291757,45.6649,0.20723635568888282
A1_LCD_plus_7K_plus_12Dblocky,1,3991,421,3.78984566850759,14.362930191105741,71.28379,0.16847785025661008
A1_LCD_plus_7K_plus_12Dblocky,1,3991,422,3.145037680872621,9.891262014108632,63.2842,0.41474864437280234
A1_LCD_plus_7K_plus_12Dblocky,1,3991,423,2.6818626133782644,7.192387077036091,54.71495,0.13143088418520282
A1_LCD_plus_7K_plus_12Dblocky,1,3991,424,2.2993727975645246,5.287115262179705,31.38141,0.09228311532683094
A1_LCD_plus_7K_plus_12Dblocky,1,3991,425,3.813097676783859,14.539713892694461,44.03245,0.2161397658441529
A1_LCD_plus_7K_plus_12Dblocky,1,3991,426,3.0743094740008776,9.451378741931554,48.63872,0.28692584186282877
A1_LCD_plus_7K_plus_12Dblocky,1,3991,427,2.6418513235081775,6.979378415521909,17.419348,0.31084335062408597
A1_LCD_plus_7K_plus_12Dblocky,1,3991,428,3.4238244406689824,11.72257380052227,91.53992,0.23839162760137084
A1_LCD_plus_7K_plus_12Dblocky,1,3991,429,2.7651662128042407,7.6461441844341484,56.961998,0.4379703616415209
A1_LCD_plus_7K_plus_12Dblocky,1,3991,430,3.8447235837616933,14.781899435533365,67.85588,0.7625148387922134
A1_LCD_plus_7K_plus_12Dblocky,1,3991,431,3.586639433099166,12.863982423061906,82.77162,0.6847157483184032
A1_LCD_plus_7K_plus_12Dblocky,1,3991,432,5.881473260101571,34.591727709289806,239.77283,0.8304991675092891
A1_LCD_plus_7K_plus_12Dblocky,1,3991,433,5.365368277720145,28.787176755565632,244.81711,0.8346942452340791
A1_LCD_plus_7K_plus_12Dblocky,1,3991,434,3.82349214056109,14.619092148932424,101.65102,0.5179715431348397
A1_LCD_plus_7K_plus_12Dblocky,1,3991,435,3.6217914659991415,13.117373423184205,56.378166,0.3734260669647504
A1_LCD_plus_7K_plus_12Dblocky,1,3991,436,4.8067947955416415,23.10527620644622,142.78954,0.5517592084160554
A1_LCD_plus_7K_plus_12Dblocky,1,3991,437,2.8937295714958866,8.373670832949767,43.165627,0.029936609564924308
A1_LCD_plus_7K_plus_12Dblocky,1,3991,438,4.7078678529118765,22.16401972048108,142.30334,0.6112817322795387
A1_LCD_plus_7K_plus_12Dblocky,1,3991,439,4.619905438490732,21.343526260596242,145.4862,0.6944446421147978
A1_LCD_plus_7K_plus_12Dblocky,1,3991,440,4.274324775725682,18.269852288382403,90.355286,0.43079861840837785
A1_LCD_plus_7K_plus_12Dblocky,1,3991,441,2.7176912387828724,7.385845669357182,43.722572,0.3390869146010772
A1_LCD_plus_7K_plus_12Dblocky,1,3991,442,2.5195719259640277,6.348242690106079,48.21698,0.43643463173845654
A1_LCD_plus_7K_plus_12Dblocky,1,3991,443,3.5030752041616897,12.271535886012462,59.322865,0.5826073538500193
A1_LCD_plus_7K_plus_12Dblocky,1,3991,444,3.1777085336589836,10.097831524889127,48.42689,0.1713856357433829
A1_LCD_plus_7K_plus_12Dblocky,1,3991,445,3.251247882682035,10.57061279464441,77.815506,0.4157353331784702
A1_LCD_plus_7K_plus_12Dblocky,1,3991,446,3.128258300028356,9.785999991696297,50.035027,0.15017853364653355
A1_LCD_plus_7K_plus_12Dblocky,1,3991,447,2.9879501179448975,8.92784590732693,56.576027,0.19272311984355156
A1_LCD_plus_7K_plus_12Dblocky,1,3991,448,2.6944443684658337,7.260030454757245,33.962082,0.18737764948485736
A1_LCD_plus_7K_plus_12Dblocky,1,3991,449,4.8770555772998305,23.785671104071383,108.7157,0.6455451507873905
A1_LCD_plus_7K_plus_12Dblocky,1,3991,450,2.965735017157476,8.795584191994054,49.594875,0.36861936659211436
A1_LCD_plus_7K_plus_12Dblocky,1,3991,451,3.0338542465608396,9.204271589375239,28.783695,0.22024097755192573
A1_LCD_plus_7K_plus_12Dblocky,1,3991,452,3.5166930868483313,12.367130267086845,148.01169,0.6270913257271105
A1_LCD_plus_7K_plus_12Dblocky,1,3991,453,3.363066704828038,11.310217661122918,73.153534,0.34461660445029696
A1_LCD_plus_7K_plus_12Dblocky,1,3991,454,2.509159753381312,6.2958826679885656,65.0395,0.3923903561096558
A1_LCD_plus_7K_plus_12Dblocky,1,3991,455,2.1300413413675483,4.537076115934864,10.839733,0.23288205394623168
A1_LCD_plus_7K_plus_12Dblocky,1,3991,456,3.3779345531701934,11.410441845501119,74.84331,0.5003492997938002
A1_LCD_plus_7K_plus_12Dblocky,1,3991,457,2.634707130735022,6.941681664745975,23.54734,0.41996847154075845
A1_LCD_plus_7K_plus_12Dblocky,1,3991,458,5.038959760808325,25.391115471045488,154.0355,0.5817591233723992
A1_LCD_plus_7K_plus_12Dblocky,1,3991,459,4.643435335270167,21.56149171283557,165.39523,0.7206930700131818
A1_LCD_plus_7K_plus_12Dblocky,1,3991,460,4.0343646803396425,16.276098373971987,123.30103,0.6544900315961055
A1_LCD_plus_7K_plus_12Dblocky,1,3991,461,2.9498065192530296,8.701358501027675,48.949276,0.28980525949610614
A1_LCD_plus_7K_plus_12Dblocky,1,3991,462,2.8119257315671873,7.906926319849663,18.563011,0.20990375465739136
A1_LCD_plus_7K_plus_12Dblocky,1,3991,463,1.937521114679944,3.753988069830613,20.172794,0.1285463014924079
A1_LCD_plus_7K_plus_12Dblocky,1,3991,464,3.3294964160907465,11.085546384761125,77.11329,0.5478300654121596
A1_LCD_plus_7K_plus_12Dblocky,1,3991,465,3.597883100313986,12.944762803524984,103.151115,0.40212177585281145
A1_LCD_plus_7K_plus_12Dblocky,1,3991,466,3.669628369695058,13.46617237167081,58.399628,0.2671857560878202
A1_LCD_plus_7K_plus_12Dblocky,1,3991,467,3.2974415709888705,10.873120914085547,26.7967,0.2787965474906686
A1_LCD_plus_7K_plus_12Dblocky,1,3991,468,3.492976918507658,12.20088775322726,138.3258,0.32392391257173214
A1_LCD_plus_7K_plus_12Dblocky,1,3991,469,4.030591327819543,16.245666451894106,253.7829,0.7998654782125107
A1_LCD_plus_7K_plus_12Dblocky,1,3991,470,4.012137536534249,16.097247612067115,127.790825,0.532593649933588
A1_LCD_plus_7K_plus_12Dblocky,1,3991,471,4.297845743781025,18.47147803733667,120.33138,0.7062942769040007
A1_LCD_plus_7K_plus_12Dblocky,1,3991,472,2.9001778509065854,8.41103156688914,17.354553,0.20137757224285463
A1_LCD_plus_7K_plus_12Dblocky,1,3991,473,2.4559281527624965,6.031583091531411,54.803383,0.12174842932429489
A1_LCD_plus_7K_plus_12Dblocky,1,3991,474,2.2642737783998585,5.12693574354917,31.701382,0.1544389443352565
A1_LCD_plus_7K_plus_12Dblocky,1,3991,475,2.6560409687562587,7.054553627711685,21.622849,0.46823625717681183
A1_LCD_plus_7K_plus_12Dblocky,1,3991,476,3.6825326364412896,13.561046618455235,115.08608,0.25321245211373444
A1_LCD_plus_7K_plus_12Dblocky,1,3991,477,3.6448787443661774,13.28514106113237,120.254135,0.6957513274038869
A1_LCD_plus_7K_plus_12Dblocky,1,3991,478,4.932369767734289,24.3282715256592,214.50598,0.641593285093478
A1_LCD_plus_7K_plus_12Dblocky,1,3991,479,4.113882260030076,16.924027249390168,79.82969,0.48238337369492157
A1_LCD_plus_7K_plus_12Dblocky,1,3991,480,2.9546190899794436,8.729773966870955,9.681842,0.23780951161431702
A1_LCD_plus_7K_plus_12Dblocky,1,3991,481,3.180599351942814,10.116212237579044,105.79782,0.4468587777007147
A1_LCD_plus_7K_plus_12Dblocky,1,3991,482,3.280955848558003,10.764671280186967,68.03377,0.6400147318521019
A1_LCD_plus_7K_plus_12Dblocky,1,3991,483,2.888993742774289,8.346284845788992,14.604916,0.16120298318253662
A1_LCD_plus_7K_plus_12Dblocky,1,3991,484,3.7974724950283103,14.420797350496537,92.7206,0.6089051911443244
A1_LCD_plus_7K_plus_12Dblocky,1,3991,485,3.1316076434812694,9.806966432710304,37.89258,0.3343640642925506
A1_LCD_plus_7K_plus_12Dblocky,1,3991,486,3.7510198923358615,14.070150232699339,219.65506,0.7402839479835208
A1_LCD_plus_7K_plus_12Dblocky,1,3991,487,5.096074012596758,25.96997034186402,148.75746,0.729726174543918
A1_LCD_plus_7K_plus_12Dblocky,1,3991,488,2.8195763119177295,7.950010578727586,42.93932,0.46602862116351373
A1_LCD_plus_7K_plus_12Dblocky,1,3991,489,3.5523998268862225,12.619544530061262,89.46127,0.4125097753353375
A1_LCD_plus_7K_plus_12Dblocky,1,3991,490,2.7874445910809156,7.769847348346252,29.557938,0.40389092387052183
A1_LCD_plus_7K_plus_12Dblocky,1,3991,491,5.328817071170337,28.396291377996402,166.1788,0.6486004717036509
A1_LCD_plus_7K_plus_12Dblocky,1,3991,492,4.0733361074732075,16.59206704444498,86.30127,0.4915190214933308
A1_LCD_plus_7K_plus_12Dblocky,1,3991,493,3.0118119415508557,9.071011171268335,26.954767,0.4230016074660868
A1_LCD_plus_7K_plus_12Dblocky,1,3991,494,3.3381103954713667,11.142981012354005,65.40157,0.3309516173878874
A1_LCD_plus_7K_plus_12Dblocky,1,3991,495,3.676187320736036,13.514353217140394,52.199314,0.6560544236597715
A1_LCD_plus_7K_plus_12Dblocky,1,3991,496,3.193465238953465,10.198220232404106,69.18167,0.2340401586201588
A1_LCD_plus_7K_plus_12Dblocky,1,3991,497,2.9286005534715276,8.576701201793739,105.93948,0.22754641727158056
A1_LCD_plus_7K_plus_12Dblocky,1,3991,498,2.9187842126994172,8.519301280303358,76.82141,0.4604551903873633
A1_LCD_plus_7K_plus_12Dblocky,1,3991,499,3.112607134872034,9.688323176056292,47.517784,0.16112286332227418
A1_LCD_plus_7K_plus_12Dblocky,1,3991,500,2.125182702748126,4.516401520059829,19.441317,0.04737476496339399
A1_LCD_plus_7K_plus_12Dblocky,1,3991,501,2.9147156959902927,8.495567588452174,47.17779,0.19755876365810182
A1_LCD_plus_7K_plus_12Dblocky,1,3991,502,2.891044931900028,8.358140798264841,21.933973,0.4757411330407473
A1_LCD_plus_7K_plus_12Dblocky,1,3991,503,3.276658541854362,10.736491199907155,44.74887,0.22459764582893116
A1_LCD_plus_7K_plus_12Dblocky,1,3991,504,2.764212516106153,7.640870834197909,23.592505,0.17015349811880426
A1_LCD_plus_7K_plus_12Dblocky,1,3991,505,2.575151759724176,6.631406585610521,25.66227,0.3095775190397158
A1_LCD_plus_7K_plus_12Dblocky,1,3991,506,4.159380925478033,17.3004496832305,132.32257,0.6375227957063468
A1_LCD_plus_7K_plus_12Dblocky,1,3991,507,2.9382086052041783,8.633069807695884,8.799696,0.6268796809245596
A1_LCD_plus_7K_plus_12Dblocky,1,3991,508,3.7471338889320394,14.041012381582949,70.62691,0.3467586169778386
A1_LCD_plus_7K_plus_12Dblocky,1,3991,509,3.9570994934906736,15.658636401384149,119.594444,0.4082539751444124
A1_LCD_plus_7K_plus_12Dblocky,1,3991,510,3.4035507896011086,11.584157977394328,81.654724,0.3702775472764118
A1_LCD_plus_7K_plus_12Dblocky,1,3991,511,3.8770510278154267,15.03152467228466,92.204956,0.6910919017040796
A1_LCD_plus_7K_plus_12Dblocky,1,3991,512,4.441964990801481,19.73105297950601,138.11836,0.5286511901918428
A1_LCD_plus_7K_plus_12Dblocky,1,3991,513,4.237068410570148,17.952748715851445,207.89034,0.5046186290499096
A1_LCD_plus_7K_plus_12Dblocky,1,3991,514,3.8433342548210385,14.771218194280788,94.60573,0.3536425816441119
A1_LCD_plus_7K_plus_12Dblocky,1,3991,515,4.487013531082409,20.133290428116634,219.3085,0.4788175824268462
A1_LCD_plus_7K_plus_12Dblocky,1,3991,516,5.199269397886305,27.032402271797032,209.73044,0.7892056904949911
A1_LCD_plus_7K_plus_12Dblocky,1,3991,517,3.8659419759483327,14.945507361399297,80.359146,0.5094943021473806
A1_LCD_plus_7K_plus_12Dblocky,1,3991,518,3.6032733942801167,12.983579153926955,123.54112,0.4447833472384787
A1_LCD_plus_7K_plus_12Dblocky,1,3991,519,3.1056644455066538,9.645151648084148,22.1958,0.11436069690894202
A1_LCD_plus_7K_plus_12Dblocky,1,3991,520,2.832336071757371,8.022127623377978,6.90223,0.34258313620360564
A1_LCD_plus_7K_plus_12Dblocky,1,3991,521,2.387938106218492,5.702248399130357,22.70581,0.14213855041829898
A1_LCD_plus_7K_plus_12Dblocky,1,3991,522,2.6448256029086714,6.995102469801216,23.30344,0.38294166921583406
A1_LCD_plus_7K_plus_12Dblocky,1,3991,523,3.172219380400334,10.062975797387482,67.069534,0.24566182951130472
A1_LCD_plus_7K_plus_12Dblocky,1,3991,524,3.259282658847906,10.622923450266676,106.270615,0.5409834596930169
A1_LCD_plus_7K_plus_12Dblocky,1,3991,525,3.1657564961304527,10.022014192792165,75.676765,0.3615054242529787
A1_LCD_plus_7K_plus_12Dblocky,1,3991,526,3.124374419635743,9.761715514074185,57.079082,0.23115794192461836
A1_LCD_plus_7K_plus_12Dblocky,1,3991,527,3.0383333364087073,9.231469463132466,28.373543,0.30788569752110556
A1_LCD_plus_7K_plus_12Dblocky,1,3991,528,3.782302769958014,14.30581424363207,103.21288,0.6760166064252232
A1_LCD_plus_7K_plus_12Dblocky,1,3991,529,2.775597891880796,7.703943657413122,52.908203,0.3065762590297554
A1_LCD_plus_7K_plus_12Dblocky,1,3991,530,2.737148733110853,7.491983187170349,25.161251,0.1487954146877376
A1_LCD_plus_7K_plus_12Dblocky,1,3991,531,2.8584893385499464,8.17096129860371,19.530788,0.2730876199148393
A1_LCD_plus_7K_plus_12Dblocky,1,3991,532,3.1370720941814723,9.84122132409213,77.929596,0.5787369166168661
A1_LCD_plus_7K_plus_12Dblocky,1,3991,533,2.7560389883821426,7.595750905482467,41.146336,0.16645090151510678
A1_LCD_plus_7K_plus_12Dblocky,1,3991,534,2.7845561951626947,7.753753204018943,21.716541,0.1361484383030873
A1_LCD_plus_7K_plus_12Dblocky,1,3991,535,3.580025784979354,12.81658462111704,33.25496,0.582743863108129
A1_LCD_plus_7K_plus_12Dblocky,1,3991,536,2.6206266611907765,6.8676840973439175,8.75795,0.1623001987513971
A1_LCD_plus_7K_plus_12Dblocky,1,3991,537,3.1321609320232002,9.810432104092444,84.256714,0.3040933783726145
A1_LCD_plus_7K_plus_12Dblocky,1,3991,538,3.7203891100291124,13.841295130023212,52.2236,0.32075144001737277
A1_LCD_plus_7K_plus_12Dblocky,1,3991,539,2.915060702115668,8.497578897019093,72.321304,0.37281725204441757
A1_LCD_plus_7K_plus_12Dblocky,1,3991,540,4.392639935113523,19.295285599554134,203.98347,0.4715725774132993
A1_LCD_plus_7K_plus_12Dblocky,1,3991,541,4.1700699025765395,17.389482992374706,112.94218,0.4723796339718752
A1_LCD_plus_7K_plus_12Dblocky,1,3991,542,3.3595420154182007,11.286522553360188,61.42958,0.6718602668601904
A1_LCD_plus_7K_plus_12Dblocky,1,3991,543,3.200586254247629,10.24375237087887,22.229101,0.3962761166013258
A1_LCD_plus_7K_plus_12Dblocky,1,3991,544,3.7526568590276237,14.082433501607065,59.599487,0.6319911638049787
A1_LCD_plus_7K_plus_12Dblocky,1,3991,545,3.681348433173049,13.55232628642566,114.31785,0.6202303714394752
A1_LCD_plus_7K_plus_12Dblocky,1,3991,546,3.837320906170974,14.725031736936824,59.648285,0.6186267462966198
A1_LCD_plus_7K_plus_12Dblocky,1,3991,547,1.8560252330441738,3.4448296656966804,14.9295,0.051989572357068276
A1_LCD_plus_7K_plus_12Dblocky,1,3991,548,3.200279888334729,10.241791363679745,72.551926,0.39470846551540395
A1_LCD_plus_7K_plus_12Dblocky,1,3991,549,3.323407448556593,11.045037069121443,21.333773,0.39116044721120213
A1_LCD_plus_7K_plus_12Dblocky,1,3991,550,4.335249774396717,18.794390606406782,96.64782,0.3628740394448727
A1_LCD_plus_7K_plus_12Dblocky,1,3991,551,3.271887223188526,10.705246001264326,21.751242,0.21550475547100514
A1_LCD_plus_7K_plus_12Dblocky,1,3991,552,4.722754427296969,22.304409380553118,156.40475,0.6907698804992266
A1_LCD_plus_7K_plus_12Dblocky,1,3991,553,3.426358851560855,11.739934979669421,63.82411,0.3873467557651371
A1_LCD_plus_7K_plus_12Dblocky,1,3991,554,3.528010190440668,12.4468559038532,90.5435,0.27409357054847605
A1_LCD_plus_7K_plus_12Dblocky,1,3991,555,2.4158432172063264,5.836298450121815,61.93427,0.4480265534513895
A1_LCD_plus_7K_plus_12Dblocky,1,3991,556,3.145444444744183,9.893820754972039,87.38628,0.5542849640733681
A1_LCD_plus_7K_plus_12Dblocky,1,3991,557,2.4843440279831066,6.1719652493753285,11.687733,0.409895000902982
A1_LCD_plus_7K_plus_12Dblocky,1,3991,558,3.433264233444664,11.787303296650375,95.5551,0.46296429590320537
A1_LCD_plus_7K_plus_12Dblocky,1,3991,559,3.2160226189599435,10.34280148566197,19.591122,0.5945960503249673
A1_LCD_plus_7K_plus_12Dblocky,1,3991,560,4.975894688428199,24.75952795032796,203.4347,0.6050087395604236
A1_LCD_plus_7K_plus_12Dblocky,1,3991,561,3.042753347931582,9.258347936348853,40.49999,0.49038965096651077
A1_LCD_plus_7K_plus_12Dblocky,1,3991,562,2.52882052430281,6.39493324413514,22.994549,0.08938724409225568
A1_LCD_plus_7K_plus_12Dblocky,1,3991,563,3.944606525022414,15.559920637249403,66.962006,0.32780541609346997
A1_LCD_plus_7K_plus_12Dblocky,1,3991,564,3.1797442460047267,10.110773470000169,98.6879,0.2907133422672035
A1_LCD_plus_7K_plus_12Dblocky,1,3991,565,3.888304722551188,15.11891361541387,84.854095,0.3178124103036378
A1_LCD_plus_7K_plus_12Dblocky,1,3991,566,2.931782113313859,8.595346359947076,46.952576,0.361032593018383
A1_LCD_plus_7K_plus_12Dblocky,1,3991,567,3.16107881708625,9.992419287831405,50.2278,0.5007342882039028
A1_LCD_plus_7K_plus_12Dblocky,1,3991,568,3.3847439901395138,11.456491878785558,122.06191,0.49121055119560453
A1_LCD_plus_7K_plus_12Dblocky,1,3991,569,3.3333309282044374,11.111095076924254,120.07019,0.5576843151097098
A1_LCD_plus_7K_plus_12Dblocky,1,3991,570,2.9604023164077558,8.763981874992409,21.693651,0.38600813503684395
A1_LCD_plus_7K_plus_12Dblocky,1,3991,571,2.844303164491639,8.090060491537152,56.31909,0.1776513644563506
A1_LCD_plus_7K_plus_12Dblocky,1,3991,572,3.263406390914131,10.649821272259194,51.48775,0.2571538731148735
A1_LCD_plus_7K_plus_12Dblocky,1,3991,573,3.0309045106936954,9.186382152943386,60.75716,0.14690704743740668
A1_LCD_plus_7K_plus_12Dblocky,1,3991,574,2.0325285623028924,4.131172356577062,34.057735,0.15458081244205424
A1_LCD_plus_7K_plus_12Dblocky,1,3991,575,2.625750353575045,6.894564919299472,7.2366962,0.13413983444460134
A1_LCD_plus_7K_plus_12Dblocky,1,3991,576,3.0003786039454146,9.002271767013434,17.272734,0.2799579770571216
A1_LCD_plus_7K_plus_12Dblocky,1,3991,577,2.8553172633830357,8.15283667457319,38.984097,0.5200717201020156
A1_LCD_plus_7K_plus_12Dblocky,1,3991,578,2.793544295843416,7.803889732839285,27.790417,0.5928073734097299
A1_LCD_plus_7K_plus_12Dblocky,1,3991,579,2.882636162863447,8.309591247448097,34.656208,0.40977618594336934
A1_LCD_plus_7K_plus_12Dblocky,1,3991,580,4.661930723557028,21.73359807124497,146.5904,0.682603497949069
A1_LCD_plus_7K_plus_12Dblocky,1,3991,581,2.7590961507224394,7.612611568931385,29.473139,0.3338294511945693
A1_LCD_plus_7K_plus_12Dblocky,1,3991,582,3.9670512978860923,15.73749600005973,89.74107,0.6192366858090933
A1_LCD_plus_7K_plus_12Dblocky,1,3991,583,3.525175964473446,12.426865580501289,87.21997,0.48234567359659064
A1_LCD_plus_7K_plus_12Dblocky,1,3991,584,2.9040785644689784,8.433672308608203,81.532745,0.3524620351352553
A1_LCD_plus_7K_plus_12Dblocky,1,3991,585,3.1226678481420134,9.751054489819873,58.557972,0.2923654831526933
A1_LCD_plus_7K_plus_12Dblocky,1,3991,586,3.113723273041998,9.69527262108337,153.559,0.6642914975348984
A1_LCD_plus_7K_plus_12Dblocky,1,3991,587,2.1881878855598242,4.788166222510772,3.4286146,0.17193788219845332
A1_LCD_plus_7K_plus_12Dblocky,1,3991,588,2.5009144080988728,6.254572876636534,75.928085,0.2644324188761209
A1_LCD_plus_7K_plus_12Dblocky,1,3991,589,2.9536694837842106,8.724163419438085,60.120483,0.5328610777234192
A1_LCD_plus_7K_plus_12Dblocky,1,3991,590,2.2079766818693782,4.87516102767891,15.055296,0.1748844721971792
A1_LCD_plus_7K_plus_12Dblocky,1,3991,591,2.411404160995786,5.814870027667792,40.235363,0.2218894482762367
A1_LCD_plus_7K_plus_12Dblocky,1,3991,592,3.2697921925544167,10.691540982489819,24.29779,0.30950285594216875
A1_LCD_plus_7K_plus_12Dblocky,1,3991,593,3.812710320907981,14.536759991158238,88.877884,0.6205518990733412
A1_LCD_plus_7K_plus_12Dblocky,1,3991,594,3.266520776429908,10.67015798284825,54.473022,0.45461192217197566
A1_LCD_plus_7K_plus_12Dblocky,1,3991,595,3.121043255033303,9.740910999788875,55.6028,0.1920805701813096
A1_LCD_plus_7K_plus_12Dblocky,1,3991,596,4.206508872770974,17.694716896700932,67.60269,0.2829753658755799
A1_LCD_plus_7K_plus_12Dblocky,1,3991,597,4.091446513384925,16.73993457188966,134.74048,0.48528319713031587
A1_LCD_plus_7K_plus_12Dblocky,1,3991,598,2.8446536721704727,8.092054514592956,41.262024,0.2923853134817045
A1_LCD_plus_7K_plus_12Dblocky,1,3991,599,2.5097822168806676,6.299006776170437,29.560764,0.24162015596745945
A1_LCD_plus_7K_plus_12Dblocky,1,3991,600,3.0507367597321426,9.306994777180975,10.994876,0.44868552118096894
A1_LCD_plus_7K_plus_12Dblocky,1,3991,601,2.8714556196188834,8.245257375440866,9.071249,0.18105385625811735
A1_LCD_plus_7K_plus_12Dblocky,1,3991,602,3.2704474755612916,10.695826690405225,96.38339,0.39553483538053313
A1_LCD_plus_7K_plus_12Dblocky,1,3991,603,3.9246652805453577,15.40299756431817,63.839012,0.3711613683324225
A1_LCD_plus_7K_plus_12Dblocky,1,3991,604,3.5900081833177406,12.88815875628834,120.143585,0.6127548752761468
A1_LCD_plus_7K_plus_12Dblocky,1,3991,605,3.2232460063786608,10.389314817635984,74.749214,0.2830238952444656
A1_LCD_plus_7K_plus_12Dblocky,1,3991,606,3.848269864803027,14.809180952351106,132.55214,0.6402798264738035
A1_LCD_plus_7K_plus_12Dblocky,1,3991,607,4.440966607284894,19.722184407019498,118.94363,0.7568189473956027
A1_LCD_plus_7K_plus_12Dblocky,1,3991,608,3.0008291018792312,9.004975298685316,52.83904,0.1546718753212813
A1_LCD_plus_7K_plus_12Dblocky,1,3991,609,2.847873513532903,8.11038354908224,91.57902,0.1266017938474306
A1_LCD_plus_7K_plus_12Dblocky,1,3991,610,4.982262637746239,24.822940991482117,176.08897,0.5943600252022376
A1_LCD_plus_7K_plus_12Dblocky,1,3991,611,4.7002802767678595,22.092634680172942,111.263794,0.7464865736701936
A1_LCD_plus_7K_plus_12Dblocky,1,3991,612,2.4983741940856175,6.24187361367296,21.89383,0.18288809752974539
A1_LCD_plus_7K_plus_12Dblocky,1,3991,613,2.7200337258096643,7.398583469542004,35.411446,0.28311385815317786
A1_LCD_plus_7K_plus_12Dblocky,1,3991,614,3.042000819921052,9.253768988400354,6.0642815,0.34719731865053105
A1_LCD_plus_7K_plus_12Dblocky,1,3991,615,2.839652808650743,8.06362807367805,5.084239,0.39303744131305607
A1_LCD_plus_7K_plus_12Dblocky,1,3991,616,3.227879790106231,10.419207939376248,19.115025,0.5408028809654204
A1_LCD_plus_7K_plus_12Dblocky,1,3991,617,3.7066119926513994,13.73897246406718,123.29722,0.6180535517561417
A1_LCD_plus_7K_plus_12Dblocky,1,3991,618,3.428839490212343,11.75694024963964,126.26394,0.37408207914192915
A1_LCD_plus_7K_plus_12Dblocky,1,3991,619,4.342188408542831,18.854600175283725,110.08224,0.35597231008627095
A1_LCD_plus_7K_plus_12Dblocky,1,3991,620,4.156325326470184,17.27504021945749,182.92336,0.5561280786155859
A1_LCD_plus_7K_plus_12Dblocky,1,3991,621,3.0733390881527325,9.445413150767468,37.90349,0.29160655810162467
A1_LCD_plus_7K_plus_12Dblocky,1,3991,622,3.1186664044619534,9.726080142319649,56.28367,0.3504039128437042
A1_LCD_plus_7K_plus_12Dblocky,1,3991,623,2.23195377671924,4.981617661411278,32.279854,0.17034657310224224
A1_LCD_plus_7K_plus_12Dblocky,1,3991,624,2.6123412985191914,6.824327059948935,30.035805,0.19378049467981595
A1_LCD_plus_7K_plus_12Dblocky,1,3991,625,2.6587920435933374,7.069175131075236,78.13296,0.3997170998083659
A1_LCD_plus_7K_plus_12Dblocky,1,3991,626,2.410350790709263,5.809790934272767,15.83884,0.2535501367917955
A1_LCD_plus_7K_plus_12Dblocky,1,3991,627,3.1454843748442585,9.894071952389373,26.31421,0.27657369737131837
A1_LCD_plus_7K_plus_12Dblocky,1,3991,628,2.3937982459194345,5.7302700421669615,37.87623,0.1433144089207539
A1_LCD_plus_7K_plus_12Dblocky,1,3991,629,3.6476474111206274,13.305331635855014,63.585724,0.4229011333690575
A1_LCD_plus_7K_plus_12Dblocky,1,3991,630,3.0888093264194887,9.540743054976016,24.430878,0.21163729044707702
A1_LCD_plus_7K_plus_12Dblocky,1,3991,631,2.1544966736159648,4.641855916622259,17.662682,0.2194312216369853
A1_LCD_plus_7K_plus_12Dblocky,1,3991,632,2.8497100714434653,8.120847491286318,4.335774,0.29734378687627777
A1_LCD_plus_7K_plus_12Dblocky,1,3991,633,2.864118690532435,8.20317587345723,51.583992,0.481798631441985
A1_LCD_plus_7K_plus_12Dblocky,1,3991,634,3.892624268227196,15.152523693591313,114.27631,0.5712779732857423
A1_LCD_plus_7K_plus_12Dblocky,1,3991,635,2.905064238552092,8.439398230114248,65.31646,0.3907055486033362
A1_LCD_plus_7K_plus_12Dblocky,1,3991,636,3.7323011867224443,13.930072148409764,81.77396,0.28878762103342814
A1_LCD_plus_7K_plus_12Dblocky,1,3991,637,4.881676562428629,23.83076606016499,145.35037,0.8421096033395511
A1_LCD_plus_7K_plus_12Dblocky,1,3991,638,3.519213018583476,12.384860270167424,134.80487,0.4385127839349661
A1_LCD_plus_7K_plus_12Dblocky,1,3991,639,3.3740289100450283,11.38407108581964,62.373287,0.4230064168530616
A1_LCD_plus_7K_plus_12Dblocky,1,3991,640,2.518915610167853,6.344935851147284,49.77306,0.20967647654671223
A1_LCD_plus_7K_plus_12Dblocky,1,3991,641,3.1803797982689,10.11481566123693,25.49866,0.35789104119409987
A1_LCD_plus_7K_plus_12Dblocky,1,3991,642,3.4069614625035123,11.607386406984066,47.95914,0.5549747421938238
A1_LCD_plus_7K_plus_12Dblocky,1,3991,643,3.2762560989274485,10.7338540257593,101.99335,0.2581129574509442
A1_LCD_plus_7K_plus_12Dblocky,1,3991,644,2.554264852362177,6.524268936012773,27.41481,0.2929811260478918
A1_LCD_plus_7K_plus_12Dblocky,1,3991,645,3.441857620815086,11.846383881962886,70.38274,0.4739353187368111
A1_LCD_plus_7K_plus_12Dblocky,1,3991,646,3.595545812002395,12.92794968620796,62.66684,0.277190168399311
A1_LCD_plus_7K_plus_12Dblocky,1,3991,647,3.84860079349247,14.811728067670874,95.14545,0.5790977613757271
A1_LCD_plus_7K_plus_12Dblocky,1,3991,648,4.227074920017085,17.868162379437443,159.07356,0.818773643870186
A1_LCD_plus_7K_plus_12Dblocky,1,3991,649,3.192060032338994,10.189247250056019,58.775787,0.29649783598544327
A1_LCD_plus_7K_plus_12Dblocky,1,3991,650,3.18447549110949,10.140884153477026,34.92232,0.19342836696640428
A1_LCD_plus_7K_plus_12Dblocky,1,3991,651,3.293713753922602,10.848550292778915,157.48044,0.6201232467071262
A1_LCD_plus_7K_plus_12Dblocky,1,3991,652,4.173042223854811,17.41428140207511,51.987793,0.735151164208659
A1_LCD_plus_7K_plus_12Dblocky,1,3991,653,4.181440164954609,17.48444185309563,111.09221,0.6061161969955636
A1_LCD_plus_7K_plus_12Dblocky,1,3991,654,2.7347534583834707,7.4788764781403545,34.300713,0.18455287469798481
A1_LCD_plus_7K_plus_12Dblocky,1,3991,655,3.658758975604798,13.386517241568678,81.12587,0.24201066252606768
A1_LCD_plus_7K_plus_12Dblocky,1,3991,656,2.324386321627589,5.402771772169434,44.815304,0.1870176344864473
A1_LCD_plus_7K_plus_12Dblocky,1,3991,657,2.8798552167652436,8.293566069529987,58.099506,0.41445403996310237
A1_LCD_plus_7K_plus_12Dblocky,1,3991,658,3.813129131525545,14.53995377368876,45.313545,0.5797231450627174
A1_LCD_plus_7K_plus_12Dblocky,1,3991,659,3.036967502518569,9.223171611353875,68.20589,0.40555107716956806
A1_LCD_plus_7K_plus_12Dblocky,1,3991,660,4.094951141422709,16.768624850639142,81.21357,0.5645369177279459
A1_LCD_plus_7K_plus_12Dblocky,1,3991,661,3.080153832601037,9.487347632486857,33.54462,0.13352280445530668
A1_LCD_plus_7K_plus_12Dblocky,1,3991,662,3.04870360382197,9.294593663957066,14.829529,0.24382277978219102
A1_LCD_plus_7K_plus_12Dblocky,1,3991,663,2.0178053689839706,4.071538507100537,6.858872,0.13022688140276653
A1_LCD_plus_7K_plus_12Dblocky,1,3991,664,2.46145172610123,6.058744599926726,33.972782,0.09130865670994456
A1_LCD_plus_7K_plus_12Dblocky,1,3991,665,2.517724252246836,6.3389354103518905,14.268089,0.11402391541775556
A1_LCD_plus_7K_plus_12Dblocky,1,3991,666,2.1508677498163613,4.626232077200098,12.647095,0.17803885441044193
A1_LCD_plus_7K_plus_12Dblocky,1,3991,667,2.7140584315454155,7.3661131698427615,36.50094,0.21143768531637203
A1_LCD_plus_7K_plus_12Dblocky,1,3991,668,2.227693040739373,4.962616283758635,19.239916,0.10782808414852814
A1_LCD_plus_7K_plus_12Dblocky,1,3991,669,3.9159060605230773,15.334320274841366,45.78096,0.31455746445507937
A1_LCD_plus_7K_plus_12Dblocky,1,3991,670,5.322499784466818,28.329003955649338,131.69035,0.6172970090136662
A1_LCD_plus_7K_plus_12Dblocky,1,3991,671,3.229896720762004,10.432232826789148,60.980194,0.5760932452021469
A1_LCD_plus_7K_plus_12Dblocky,1,3991,672,3.3739790526991453,11.383734648052624,95.63591,0.6387568553141719
A1_LCD_plus_7K_plus_12Dblocky,1,3991,673,3.4214323513001133,11.706199334523024,124.39832,0.37732601493251294
A1_LCD_plus_7K_plus_12Dblocky,1,3991,674,3.4137669676800444,11.653804909623409,33.375313,0.31118818968565537
A1_LCD_plus_7K_plus_12Dblocky,1,3991,675,4.615542043004977,21.303228350746554,163.21677,0.5938973138022029
A1_LCD_plus_7K_plus_12Dblocky,1,3991,676,3.607676350244824,13.015328648115815,111.33193,0.32942716197075805
A1_LCD_plus_7K_plus_12Dblocky,1,3991,677,2.8919254195270163,8.36323263210651,52.43096,0.28431441470388397
A1_LCD_plus_7K_plus_12Dblocky,1,3991,678,2.2796093877565653,5.1966189607478634,27.659666,0.15456405963216602
A1_LCD_plus_7K_plus_12Dblocky,1,3991,679,2.694002626486251,7.257650151514819,50.26512,0.4552130430819086
A1_LCD_plus_7K_plus_12Dblocky,1,3991,680,3.97171513790818,15.774521136688996,64.99916,0.668957782010194
A1_LCD_plus_7K_plus_12Dblocky,1,3991,681,4.678047378957521,21.88412727977133,103.99369,0.6507457724662447
A1_LCD_plus_7K_plus_12Dblocky,1,3991,682,3.181815017594757,10.123946806191524,93.7325,0.2591747345110913
A1_LCD_plus_7K_plus_12Dblocky,1,3991,683,5.835953874053761,34.05835762008311,279.09323,0.804737520298678
A1_LCD_plus_7K_plus_12Dblocky,1,3991,684,4.663091351190633,21.744420949548875,233.37257,0.5719251507484949
A1_LCD_plus_7K_plus_12Dblocky,1,3991,685,3.966537470572769,15.73341950545782,111.156204,0.3525110013628434
A1_LCD_plus_7K_plus_12Dblocky,1,3991,686,2.5607979760094586,6.557686273934141,18.926352,0.24710289266779478
A1_LCD_plus_7K_plus_12Dblocky,1,3991,687,3.1871638642541225,10.15801349760727,18.742361,0.35380789919836003
A1_LCD_plus_7K_plus_12Dblocky,1,3991,688,3.4493275041444504,11.897860230847385,82.52738,0.41850406906794757
A1_LCD_plus_7K_plus_12Dblocky,1,3991,689,3.416552278020334,11.672829468445938,61.38755,0.3179550515614191
A1_LCD_plus_7K_plus_12Dblocky,1,3991,690,4.176698639615257,17.44481152616394,120.02583,0.5232497339137605
A1_LCD_plus_7K_plus_12Dblocky,1,3991,691,4.611009467331018,21.26140830781627,236.56653,0.8155979234688413
A1_LCD_plus_7K_plus_12Dblocky,1,3991,692,4.761641919463587,22.67323376919287,125.40832,0.4781621265796778
A1_LCD_plus_7K_plus_12Dblocky,1,3991,693,5.5878618942785145,31.224200549529876,143.814,0.8228880475730695
A1_LCD_plus_7K_plus_12Dblocky,1,3991,694,2.849157607185729,8.11769907058431,45.772346,0.26637876336093735
A1_LCD_plus_7K_plus_12Dblocky,1,3991,695,2.663015785765072,7.091653075233963,73.55804,0.2654497709918814
A1_LCD_plus_7K_plus_12Dblocky,1,3991,696,2.9581431305265875,8.750610780681642,38.26293,0.28312652112358544
A1_LCD_plus_7K_plus_12Dblocky,1,3991,697,3.0285655526446305,9.172209306665675,59.136795,0.33872463060344804
A1_LCD_plus_7K_plus_12Dblocky,1,3991,698,4.511951986560382,20.357710729026174,193.16241,0.6087002527886471
A1_LCD_plus_7K_plus_12Dblocky,1,3991,699,3.147553368626355,9.907092208351122,67.32481,0.3486254601823457
A1_LCD_plus_7K_plus_12Dblocky,1,3991,700,3.1638969846790936,10.010244129661464,18.56567,0.4244939651123337
A1_LCD_plus_7K_plus_12Dblocky,1,3991,701,3.4459158987085656,11.874336380972462,48.56582,0.27501253896459477
A1_LCD_plus_7K_plus_12Dblocky,1,3991,702,3.8420925510626045,14.761675170930749,163.241,0.6246787886364914
A1_LCD_plus_7K_plus_12Dblocky,1,3991,703,2.5030524145671276,6.265271390070328,62.30986,0.30887651238471703
A1_LCD_plus_7K_plus_12Dblocky,1,3991,704,4.158733599458182,17.295065151262406,103.31981,0.5685072895479585
A1_LCD_plus_7K_plus_12Dblocky,1,3991,705,3.260930960544148,10.633670729435378,85.233604,0.4954189705706972
A1_LCD_plus_7K_plus_12Dblocky,1,3991,706,2.357541617460597,5.55800247805873,56.069157,0.13938801272348367
A1_LCD_plus_7K_plus_12Dblocky,1,3991,707,2.6844455195711787,7.206247747545777,27.15847,0.12160651338467457
A1_LCD_plus_7K_plus_12Dblocky,1,3991,708,2.684220342352169,7.205038846297199,22.833702,0.3107292064306785
A1_LCD_plus_7K_plus_12Dblocky,1,3991,709,3.4081919633647586,11.615772459144125,53.53495,0.5859370744098947
A1_LCD_plus_7K_plus_12Dblocky,1,3991,710,3.678452486786383,13.53101269754492,76.44827,0.2607724356489035
A1_LCD_plus_7K_plus_12Dblocky,1,3991,711,2.5967312638567552,6.743013256691099,15.881945,0.13135178274493817
A1_LCD_plus_7K_plus_12Dblocky,1,3991,712,2.8118729136900784,7.906629282743929,79.03446,0.25159517545699933
A1_LCD_plus_7K_plus_12Dblocky,1,3991,713,2.182625048775961,4.7638521035442665,8.711952,0.16169843803837153
A1_LCD_plus_7K_plus_12Dblocky,1,3991,714,2.3218720610567,5.391089867915688,6.86289,0.11148541316394658
A1_LCD_plus_7K_plus_12Dblocky,1,3991,715,3.1175345622863717,9.71902174705008,65.07091,0.169410959601562
A1_LCD_plus_7K_plus_12Dblocky,1,3991,716,2.2671529319629564,5.139982416908231,3.2837331,0.2587917111273219
A1_LCD_plus_7K_plus_12Dblocky,1,3991,717,2.7792983236159547,7.7244991716544575,17.29253,0.46150035636121167
A1_LCD_plus_7K_plus_12Dblocky,1,3991,718,2.9056336197064767,8.442706731968562,4.0512085,0.06065681226981322
A1_LCD_plus_7K_plus_12Dblocky,1,3991,719,2.8993757413083263,8.406379689287208,6.6284337,0.38520209265563565
A1_LCD_plus_7K_plus_12Dblocky,1,3991,720,3.29254659465736,10.840863077989779,68.59421,0.37350671696099463
A1_LCD_plus_7K_plus_12Dblocky,1,3991,721,4.823727563748265,23.268347609264772,133.45438,0.7561716655525234
A1_LCD_plus_7K_plus_12Dblocky,1,3991,722,3.473254065784795,12.063493805490609,86.65657,0.49487224146490305
A1_LCD_plus_7K_plus_12Dblocky,1,3991,723,2.8738613004455327,8.259078774198489,54.50326,0.13375176084342058
A1_LCD_plus_7K_plus_12Dblocky,1,3991,724,3.1546435293895225,9.951775797519181,22.087948,0.5984334238043953
A1_LCD_plus_7K_plus_12Dblocky,1,3991,725,2.361236565973142,5.575438120488636,27.287678,0.10185260886319444
A1_LCD_plus_7K_plus_12Dblocky,1,3991,726,3.585836839163591,12.85822583710273,46.295143,0.23589924886110591
A1_LCD_plus_7K_plus_12Dblocky,1,3991,727,3.670400183159691,13.471837504538689,49.597115,0.543336219967365
A1_LCD_plus_7K_plus_12Dblocky,1,3991,728,2.5942660297105675,6.73021623291023,25.36224,0.15058055526832215
A1_LCD_plus_7K_plus_12Dblocky,1,3991,729,2.5987080374303706,6.753283463805207,77.53841,0.21204500324349668
A1_LCD_plus_7K_plus_12Dblocky,1,3991,730,2.382427106687841,5.675958918680999,44.363495,0.12888824655771725
A1_LCD_plus_7K_plus_12Dblocky,1,3991,731,3.0844439759445015,9.513794640740324,50.564526,0.1472353541161118
A1_LCD_plus_7K_plus_12Dblocky,1,3991,732,2.847191189000074,8.106497666719655,59.285748,0.41963154622078436
A1_LCD_plus_7K_plus_12Dblocky,1,3991,733,3.430383096499677,11.767528188750713,81.94402,0.5086606419555854
A1_LCD_plus_7K_plus_12Dblocky,1,3991,734,3.3731933736401896,11.378433535970087,59.353737,0.6451029314407488
A1_LCD_plus_7K_plus_12Dblocky,1,3991,735,3.332956830003263,11.1086012306654,80.05713,0.4488683286246907
A1_LCD_plus_7K_plus_12Dblocky,1,3991,736,3.261060619887967,10.634516366584092,49.442535,0.2666440689378168
A1_LCD_plus_7K_plus_12Dblocky,1,3991,737,3.483104851452559,12.132019406212354,108.258804,0.5623171243557339
A1_LCD_plus_7K_plus_12Dblocky,1,3991,738,2.7903418714427026,7.786007759526364,6.1739097,0.30458291297970286
A1_LCD_plus_7K_plus_12Dblocky,1,3991,739,3.0189899388734984,9.11430025101941,12.507769,0.2999234114734982
A1_LCD_plus_7K_plus_12Dblocky,1,3991,740,2.5977907623170835,6.748516844779974,20.33114,0.1087456272773072
A1_LCD_plus_7K_plus_12Dblocky,1,3991,741,2.2107959186853114,4.887618594075632,6.4090037,0.09018651875708548
A1_LCD_plus_7K_plus_12Dblocky,1,3991,742,2.3603576510164466,5.571288240711877,15.580256,0.20434518676160296
A1_LCD_plus_7K_plus_12Dblocky,1,3991,743,2.8210047025860976,7.958067532012876,37.171066,0.41462912885219627
A1_LCD_plus_7K_plus_12Dblocky,1,3991,744,4.183080555753778,17.498162935925333,169.19363,0.6441176899170801
A1_LCD_plus_7K_plus_12Dblocky,1,3991,745,3.4873603054498825,12.161681900027501,84.16145,0.5014911778153558
A1_LCD_plus_7K_plus_12Dblocky,1,3991,746,2.7249166535338087,7.425170768705892,15.330554,0.23826019493050754
A1_LCD_plus_7K_plus_12Dblocky,1,3991,747,3.582143592737009,12.831752718986808,74.77142,0.2878970669890169
A1_LCD_plus_7K_plus_12Dblocky,1,3991,748,3.1744033251142088,10.076836470496144,24.713932,0.44145041722379197
A1_LCD_plus_7K_plus_12Dblocky,1,3991,749,2.721949905211935,7.409011286483263,21.07096,0.15550870284972598
A1_LCD_plus_7K_plus_12Dblocky,1,3991,750,2.816264416191274,7.931345261905179,35.849403,0.17172372392638016
A1_LCD_plus_7K_plus_12Dblocky,1,3991,751,3.762142374538248,14.153715246296285,157.6745,0.44684006757946554
A1_LCD_plus_7K_plus_12Dblocky,1,3991,752,3.9447207385951795,15.560821705502896,57.07363,0.41748327170926086
A1_LCD_plus_7K_plus_12Dblocky,1,3991,753,2.6956539021095107,7.266549959958235,37.832714,0.30200764222335214
A1_LCD_plus_7K_plus_12Dblocky,1,3991,754,3.077341474547495,9.47003055097015,49.80728,0.5082381703412246
A1_LCD_plus_7K_plus_12Dblocky,1,3991,755,3.5514176393234473,12.612567248897728,15.297629,0.43211908765669693
A1_LCD_plus_7K_plus_12Dblocky,1,3991,756,4.3820008569235505,19.20193151007873,205.78595,0.7358388727149408
A1_LCD_plus_7K_plus_12Dblocky,1,3991,757,4.097427286260774,16.78891036619433,102.02328,0.7069353447004559
A1_LCD_plus_7K_plus_12Dblocky,1,3991,758,3.076158708683422,9.462752401008864,129.03564,0.48706582687423905
A1_LCD_plus_7K_plus_12Dblocky,1,3991,759,3.1178623159880843,9.721065421458578,101.35658,0.27598456615426925
A1_LCD_plus_7K_plus_12Dblocky,1,3991,760,3.719373773744285,13.833741268816802,55.710697,0.6211049062928345
A1_LCD_plus_7K_plus_12Dblocky,1,3991,761,3.472354807574776,12.05724790968766,104.68946,0.45185565075428546
A1_LCD_plus_7K_plus_12Dblocky,1,3991,762,2.747598349732567,7.549296691453126,17.3894,0.396011565740506
A1_LCD_plus_7K_plus_12Dblocky,1,3991,763,3.2384869511335177,10.487797732662068,68.13631,0.20038262676277815
A1_LCD_plus_7K_plus_12Dblocky,1,3991,764,2.9160455781930583,8.503321814099287,31.480753,0.2578912234800647
A1_LCD_plus_7K_plus_12Dblocky,1,3991,765,3.2572640500277865,10.609769091603418,56.283398,0.42987171096221033
A1_LCD_plus_7K_plus_12Dblocky,1,3991,766,3.3109709034255745,10.962528323330766,95.10098,0.33735213555053806
A1_LCD_plus_7K_plus_12Dblocky,1,3991,767,2.750949238950278,7.567721715281115,13.989975,0.26826647865857944
A1_LCD_plus_7K_plus_12Dblocky,1,3991,768,3.864088733222919,14.931181738220301,165.60072,0.5747304456856164
A1_LCD_plus_7K_plus_12Dblocky,1,3991,769,3.4939133920284835,12.207430790995982,98.14073,0.5435510839461122
A1_LCD_plus_7K_plus_12Dblocky,1,3991,770,2.605873974330874,6.7905791700949845,14.4164505,0.2907526977949859
A1_LCD_plus_7K_plus_12Dblocky,1,3991,771,3.7815613443200524,14.30020620085568,90.94705,0.6560689556353866
A1_LCD_plus_7K_plus_12Dblocky,1,3991,772,2.4759541947400834,6.130349174451015,40.700645,0.17558841223718175
A1_LCD_plus_7K_plus_12Dblocky,1,3991,773,2.879334360754693,8.290566361022632,25.583572,0.40870175155691013
A1_LCD_plus_7K_plus_12Dblocky,1,3991,774,2.4696487042136965,6.099164722224391,5.852538,0.10842517023704468
A1_LCD_plus_7K_plus_12Dblocky,1,3991,775,4.283349353257391,18.347081682050508,206.38982,0.4631408943214423
A1_LCD_plus_7K_plus_12Dblocky,1,3991,776,3.970861504719559,15.767741089663675,64.11222,0.6359589595358429
A1_LCD_plus_7K_plus_12Dblocky,1,3991,777,2.7469341691097937,7.545647329422911,29.385105,0.43807964138410477
A1_LCD_plus_7K_plus_12Dblocky,1,3991,778,3.557069145766986,12.652740907767475,106.10265,0.609608135915283
A1_LCD_plus_7K_plus_12Dblocky,1,3991,779,3.8511635082601385,14.831460367354541,81.22126,0.6284491744484465
A1_LCD_plus_7K_plus_12Dblocky,1,3991,780,3.9046215822565524,15.246069700623663,25.870977,0.49544168448675163
A1_LCD_plus_7K_plus_12Dblocky,1,3991,781,3.574637664997079,12.77803443601577,50.289936,0.8170044458364061
A1_LCD_plus_7K_plus_12Dblocky,1,3991,782,3.0932789066346214,9.568374394230682,30.676708,0.293932596035271
A1_LCD_plus_7K_plus_12Dblocky,1,3991,783,3.365626680733885,11.327442954067788,79.99111,0.4412289880429108
A1_LCD_plus_7K_plus_12Dblocky,1,3991,784,3.1864814716937206,10.153664169447381,65.08418,0.3938660696243936
A1_LCD_plus_7K_plus_12Dblocky,1,3991,785,3.016393395512465,9.098629116491221,25.376663,0.45199033024257773
A1_LCD_plus_7K_plus_12Dblocky,1,3991,786,2.5108329503141325,6.304282104383171,40.594254,0.23228195121749085
A1_LCD_plus_7K_plus_12Dblocky,1,3991,787,2.9889292489239376,8.933698055073014,80.99243,0.3537869429106559
A1_LCD_plus_7K_plus_12Dblocky,1,3991,788,2.2399460159967917,5.017358154579899,6.9811788,0.2280721118136826
A1_LCD_plus_7K_plus_12Dblocky,1,3991,789,2.795816313074599,7.816588856454043,65.812584,0.3101628536379829
A1_LCD_plus_7K_plus_12Dblocky,1,3991,790,2.7520191804024416,7.573609569302926,79.38367,0.3129324506954546
A1_LCD_plus_7K_plus_12Dblocky,1,3991,791,2.941813384276957,8.654265987911044,43.098667,0.18113114759576238
A1_LCD_plus_7K_plus_12Dblocky,1,3991,792,2.625497608596416,6.8932376927455,33.54175,0.26210191458903387
A1_LCD_plus_7K_plus_12Dblocky,1,3991,793,2.8769931355176914,8.277089501815919,66.35903,0.35178308609344455
A1_LCD_plus_7K_plus_12Dblocky,1,3991,794,3.3167024649390964,11.000515240933078,24.597527,0.2911435146302711
A1_LCD_plus_7K_plus_12Dblocky,1,3991,795,4.178845679189673,17.462751210482203,41.680206,0.6479680174349787
A1_LCD_plus_7K_plus_12Dblocky,1,3991,796,3.795233305535031,14.403795843442357,68.24072,0.5660604325044243
A1_LCD_plus_7K_plus_12Dblocky,1,3991,797,3.717624710052359,13.820733484791885,74.60039,0.4203889458510758
A1_LCD_plus_7K_plus_12Dblocky,1,3991,798,2.7322084665875823,7.464963104892867,49.20527,0.2955024825471182
A1_LCD_plus_7K_plus_12Dblocky,1,3991,799,3.04576181139553,9.276665011755382,73.0892,0.5100708711934977
A1_LCD_plus_7K_plus_12Dblocky,1,3991,800,3.7291621134397164,13.906650068314173,117.0253,0.38425183723629797
A1_LCD_plus_7K_plus_12Dblocky,1,3991,801,3.1787708618979296,10.104584192451306,30.979507,0.3155886660216311
A1_LCD_plus_7K_plus_12Dblocky,1,3991,802,3.135371662474067,9.830555461845394,72.60791,0.23619831399709357
A1_LCD_plus_7K_plus_12Dblocky,1,3991,803,3.697720992674328,13.673140539664416,58.10226,0.5744610745116416
A1_LCD_plus_7K_plus_12Dblocky,1,3991,804,3.0470501494173643,9.284514613064381,70.33831,0.2852356185686362
A1_LCD_plus_7K_plus_12Dblocky,1,3991,805,2.5429719671991795,6.4667064259608615,30.532967,0.28057212554162586
A1_LCD_plus_7K_plus_12Dblocky,1,3991,806,2.585499060595901,6.684805392342288,4.9470816,0.08761358505869878
A1_LCD_plus_7K_plus_12Dblocky,1,3991,807,4.061106504047311,16.492586037215375,98.77146,0.6155953321014775
A1_LCD_plus_7K_plus_12Dblocky,1,3991,808,4.024237954805147,16.194491116894312,148.94455,0.5400739279856532
A1_LCD_plus_7K_plus_12Dblocky,1,3991,809,3.034164119044902,9.206151901299528,76.21004,0.2846068258891524
A1_LCD_plus_7K_plus_12Dblocky,1,3991,810,2.1660523200654587,4.691782653260956,8.785981,0.03434063314353046
A1_LCD_plus_7K_plus_12Dblocky,1,3991,811,2.867455464279177,8.222300839624511,68.67911,0.39149963670651045
A1_LCD_plus_7K_plus_12Dblocky,1,3991,812,2.1522307442941546,4.632097176684971,44.460426,0.19415101024399464
A1_LCD_plus_7K_plus_12Dblocky,1,3991,813,3.2222889678401834,10.383146192264556,46.929836,0.30366700418101217
A1_LCD_plus_7K_plus_12Dblocky,1,3991,814,3.6209295145405003,13.111130549270502,111.25313,0.6268649139308293
A1_LCD_plus_7K_plus_12Dblocky,1,3991,815,4.568545083491561,20.87160417989491,231.08855,0.6783791761094691
A1_LCD_plus_7K_plus_12Dblocky,1,3991,816,4.177839536132967,17.454343189675715,138.60092,0.8036479022397129
A1_LCD_plus_7K_plus_12Dblocky,1,3991,817,3.158531891497581,9.976323709607286,57.293095,0.6252890768515886
A1_LCD_plus_7K_plus_12Dblocky,1,3991,818,3.145449888132546,9.893854998753046,60.42537,0.2914755938938406
A1_LCD_plus_7K_plus_12Dblocky,1,3991,819,3.502353194750157,12.266477900776637,67.74887,0.1548243299651781
A1_LCD_plus_7K_plus_12Dblocky,1,3991,820,2.948732662987623,8.695024317770079,23.267265,0.17725874888037801
A1_LCD_plus_7K_plus_12Dblocky,1,3991,821,2.4040414101484533,5.779415101708564,15.903927,0.29010439839543034
A1_LCD_plus_7K_plus_12Dblocky,1,3991,822,3.325914932476434,11.061710138069722,133.34328,0.2648300888092432
A1_LCD_plus_7K_plus_12Dblocky,1,3991,823,2.3580897026123186,5.560587045566253,67.88739,0.311530746451154
A1_LCD_plus_7K_plus_12Dblocky,1,3991,824,3.265500084906441,10.663490804523974,35.68963,0.1719556217759199
A1_LCD_plus_7K_plus_12Dblocky,1,3991,825,2.3810753675667704,5.669519906033232,17.587904,0.34666711865243394
A1_LCD_plus_7K_plus_12Dblocky,1,3991,826,2.0200797686833005,4.080722271843577,6.2772894,0.09600503177609093
A1_LCD_plus_7K_plus_12Dblocky,1,3991,827,2.28964853440833,5.242490411118212,30.878077,0.21736144108079458
A1_LCD_plus_7K_plus_12Dblocky,1,3991,828,4.7931054512613285,22.973859866911067,120.004196,0.3771821522744889
A1_LCD_plus_7K_plus_12Dblocky,1,3991,829,3.9982741879981427,15.986196482412211,77.48094,0.3542608270568799
A1_LCD_plus_7K_plus_12Dblocky,1,3991,830,3.3410770090718613,11.162795580548574,70.742256,0.28972335282361145
A1_LCD_plus_7K_plus_12Dblocky,1,3991,831,2.7937424383679432,7.804996811938058,105.96674,0.3637186627754054
A1_LCD_plus_7K_plus_12Dblocky,1,3991,832,3.0854587486969547,9.52005568991058,50.495865,0.4108046791784915
A1_LCD_plus_7K_plus_12Dblocky,1,3991,833,2.5506981676689295,6.506061142549633,8.257745,0.3297964705004732
A1_LCD_plus_7K_plus_12Dblocky,1,3991,834,4.1557312598163945,17.270102303815154,111.0258,0.6591797601582889
A1_LCD_plus_7K_plus_12Dblocky,1,3991,835,3.674912807319211,13.504984141398763,129.72406,0.7758298538274218
A1_LCD_plus_7K_plus_12Dblocky,1,3991,836,3.8777069353810947,15.036611076702648,104.783264,0.39935273554191864
A1_LCD_plus_7K_plus_12Dblocky,1,3991,837,2.598559739294446,6.752512718682018,11.378177,0.31329451380212503
A1_LCD_plus_7K_plus_12Dblocky,1,3991,838,3.4616896122647676,11.983294971661799,68.25084,0.39762283218644245
A1_LCD_plus_7K_plus_12Dblocky,1,3991,839,3.6522276222476338,13.338766604708605,118.568504,0.48520036235729547
A1_LCD_plus_7K_plus_12Dblocky,1,3991,840,2.560834508181329,6.557873378292307,85.55625,0.286773834159332
A1_LCD_plus_7K_plus_12Dblocky,1,3991,841,2.682883752873418,7.197865231432156,63.354546,0.2060724737650359
A1_LCD_plus_7K_plus_12Dblocky,1,3991,842,3.222923359345316,10.387234980213695,80.523834,0.5086704976178289
A1_LCD_plus_7K_plus_12Dblocky,1,3991,843,3.2132244693562133,10.324811490469523,69.71972,0.40895152693296144
A1_LCD_plus_7K_plus_12Dblocky,1,3991,844,4.546021439025452,20.66631092407904,156.54988,0.7586300092495324
A1_LCD_plus_7K_plus_12Dblocky,1,3991,845,5.802443579777307,33.66835149649889,171.01819,0.7263300400510848
A1_LCD_plus_7K_plus_12Dblocky,1,3991,846,5.07788622913495,25.784928556038363,215.60034,0.7099691096954791
A1_LCD_plus_7K_plus_12Dblocky,1,3991,847,4.116921730044668,16.94904453131399,198.86136,0.7605396528553907
A1_LCD_plus_7K_plus_12Dblocky,1,3991,848,3.4625187324467204,11.989035972544448,87.347946,0.5373135329644506
A1_LCD_plus_7K_plus_12Dblocky,1,3991,849,3.2866042216012863,10.801767309447396,98.26922,0.6085526501019303
A1_LCD_plus_7K_plus_12Dblocky,1,3991,850,3.1346863878445417,9.82625875013786,98.82663,0.20726696629539737
A1_LCD_plus_7K_plus_12Dblocky,1,3991,851,3.955668837927016,15.64731595534687,163.72125,0.5994769102349133
A1_LCD_plus_7K_plus_12Dblocky,1,3991,852,2.2533741176824154,5.077694914241002,8.404851,0.25516934247071743
A1_LCD_plus_7K_plus_12Dblocky,1,3991,853,2.9094730841009113,8.465033627107669,42.699604,0.525385922079232
A1_LCD_plus_7K_plus_12Dblocky,1,3991,854,3.8786705926183007,15.044085566042,123.39014,0.634356424096327
A1_LCD_plus_7K_plus_12Dblocky,1,3991,855,3.421615158857667,11.707450295324575,75.057106,0.39682665147236584
A1_LCD_plus_7K_plus_12Dblocky,1,3991,856,3.11090103515201,9.677705250509847,19.442783,0.4496110288828376
A1_LCD_plus_7K_plus_12Dblocky,1,3991,857,2.641261668760594,6.976263202863997,11.199055,0.21293876250590185
A1_LCD_plus_7K_plus_12Dblocky,1,3991,858,4.185578261437839,17.519065382621008,88.55701,0.6478735732631965
A1_LCD_plus_7K_plus_12Dblocky,1,3991,859,3.405869597355231,11.599947714188684,97.67471,0.29358660753799654
A1_LCD_plus_7K_plus_12Dblocky,1,3991,860,4.540401330015603,20.615244237607453,56.217796,0.6307289079412642
A1_LCD_plus_7K_plus_12Dblocky,1,3991,861,3.780391606282878,14.291360696854046,47.35614,0.6006634444927764
A1_LCD_plus_7K_plus_12Dblocky,1,3991,862,3.546509794737673,12.577731724170254,61.22315,0.4597882876209975
A1_LCD_plus_7K_plus_12Dblocky,1,3991,863,2.6751574466257817,7.156467364237375,42.019245,0.10667038719831858
A1_LCD_plus_7K_plus_12Dblocky,1,3991,864,2.7493873214395563,7.559130643292578,48.553635,0.17262910662621428
A1_LCD_plus_7K_plus_12Dblocky,1,3991,865,2.46245558044449,6.063687485662212,30.099503,0.14230835672848907
A1_LCD_plus_7K_plus_12Dblocky,1,3991,866,3.0861550237651816,9.524352830711068,29.43033,0.48992820741906734
A1_LCD_plus_7K_plus_12Dblocky,1,3991,867,2.2212382634850583,4.93389942317012,50.225674,0.21657084837864768
A1_LCD_plus_7K_plus_12Dblocky,1,3991,868,3.53272283268233,12.480130612555065,55.855457,0.3863624369655074
A1_LCD_plus_7K_plus_12Dblocky,1,3991,869,2.722832399426513,7.4138162753667425,42.063057,0.32145867891715724
A1_LCD_plus_7K_plus_12Dblocky,1,3991,870,3.7574324680775995,14.118298752163719,91.07123,0.3545969303098626
A1_LCD_plus_7K_plus_12Dblocky,1,3991,871,2.966351327044598,8.799240195459248,78.93768,0.2623443188464289
A1_LCD_plus_7K_plus_12Dblocky,1,3991,872,3.484733815995846,12.143369768344972,23.542227,0.5283877458056021
A1_LCD_plus_7K_plus_12Dblocky,1,3991,873,3.558887572183156,12.665680751439718,39.477932,0.3294100554184449
A1_LCD_plus_7K_plus_12Dblocky,1,3991,874,2.834882089050742,8.036556458820698,4.4642315,0.44465775374109606
A1_LCD_plus_7K_plus_12Dblocky,1,3991,875,3.683629380319699,13.569125411554488,100.56779,0.6502331149492379
A1_LCD_plus_7K_plus_12Dblocky,1,3991,876,2.3441702075410706,5.495133961923147,48.268295,0.041954867365987164
A1_LCD_plus_7K_plus_12Dblocky,1,3991,877,2.262901231783645,5.120721984807935,18.97722,0.22560682180110755
A1_LCD_plus_7K_plus_12Dblocky,1,3991,878,3.410321217152845,11.630290804162865,58.83736,0.49392748438612166
A1_LCD_plus_7K_plus_12Dblocky,1,3991,879,3.018051416670653,9.108634353667735,67.56241,0.3853101138203915
A1_LCD_plus_7K_plus_12Dblocky,1,3991,880,2.7859868159391463,7.761722538586745,21.647392,0.3618253073757887
A1_LCD_plus_7K_plus_12Dblocky,1,3991,881,2.9282793640190765,8.57482003373997,20.302437,0.2656628380030379
A1_LCD_plus_7K_plus_12Dblocky,1,3991,882,2.9625211246642267,8.776531414081797,29.842548,0.4613318374005675
A1_LCD_plus_7K_plus_12Dblocky,1,3991,883,2.9693649821779364,8.817128397384577,7.021485,0.23756528062781113
A1_LCD_plus_7K_plus_12Dblocky,1,3991,884,3.4735437891795677,12.065506455347949,52.78544,0.7088121684261677
A1_LCD_plus_7K_plus_12Dblocky,1,3991,885,2.887329986675303,8.33667445195441,54.28858,0.29250647992732626
A1_LCD_plus_7K_plus_12Dblocky,1,3991,886,2.2444001969751466,5.037332244182077,57.70726,0.20190501903535119
A1_LCD_plus_7K_plus_12Dblocky,1,3991,887,2.975164849937221,8.85160588430197,41.92358,0.17381736522551278
A1_LCD_plus_7K_plus_12Dblocky,1,3991,888,2.948756822848208,8.69516680029386,82.007835,0.22731217330831555
A1_LCD_plus_7K_plus_12Dblocky,1,3991,889,2.957269913313967,8.745445340191994,61.115105,0.1462065132637509
A1_LCD_plus_7K_plus_12Dblocky,1,3991,890,3.0047227200669475,9.028358624486515,64.89857,0.2030888193163497
A1_LCD_plus_7K_plus_12Dblocky,1,3991,891,2.7773176114713936,7.7134931149891655,32.139366,0.2232269311757145
A1_LCD_plus_7K_plus_12Dblocky,1,3991,892,4.622538138428615,21.367858841227086,78.360695,0.7528446973809173
A1_LCD_plus_7K_plus_12Dblocky,1,3991,893,2.6184964741969843,6.856523785382036,55.174675,0.24482301226028907
A1_LCD_plus_7K_plus_12Dblocky,1,3991,894,3.0240176455089474,9.144682720349481,68.38095,0.3830141840023721
A1_LCD_plus_7K_plus_12Dblocky,1,3991,895,3.4439085362633692,11.860506006147704,33.094406,0.4263463049236992
A1_LCD_plus_7K_plus_12Dblocky,1,3991,896,2.4670072477216656,6.086124760311228,9.572235,0.18782399443348718
A1_LCD_plus_7K_plus_12Dblocky,1,3991,897,2.869379936317176,8.233341218939561,46.613556,0.32382025948828
A1_LCD_plus_7K_plus_12Dblocky,1,3991,898,3.2852210651092975,10.792677446637864,67.47937,0.4591742117252795
A1_LCD_plus_7K_plus_12Dblocky,1,3991,899,2.850353079769859,8.124512679353517,71.417786,0.39382790099649845
A1_LCD_plus_7K_plus_12Dblocky,1,3991,900,2.8073302227311947,7.881102979459982,24.571917,0.3000374526432319
A1_LCD_plus_7K_plus_12Dblocky,1,3991,901,3.674079754599627,13.498862043158857,130.22527,0.3192624288700232
A1_LCD_plus_7K_plus_12Dblocky,1,3991,902,3.26989392943155,10.692206309733303,33.27809,0.26738634204697176
A1_LCD_plus_7K_plus_12Dblocky,1,3991,903,3.5400676197352166,12.532078752297762,19.009182,0.4095715849899984
A1_LCD_plus_7K_plus_12Dblocky,1,3991,904,3.0483680784832647,9.292547941915753,27.603504,0.17638509164058835
A1_LCD_plus_7K_plus_12Dblocky,1,3991,905,2.187452369374414,4.784947868281736,15.891261,0.15844161679653374
A1_LCD_plus_7K_plus_12Dblocky,1,3991,906,3.18416726943227,10.138921199723757,39.37081,0.2760563223988865
A1_LCD_plus_7K_plus_12Dblocky,1,3991,907,4.047987047756014,16.386199138800453,152.2006,0.31393127907092816
A1_LCD_plus_7K_plus_12Dblocky,1,3991,908,3.63736401845331,13.23041700273881,104.9729,0.47526233156725173
A1_LCD_plus_7K_plus_12Dblocky,1,3991,909,3.1145983554935954,9.700722916043407,38.66033,0.5241248407266315
A1_LCD_plus_7K_plus_12Dblocky,1,3991,910,2.643782338975335,6.989585055877897,22.357582,0.1767486616281989
A1_LCD_plus_7K_plus_12Dblocky,1,3991,911,2.810084422200859,7.896574459895932,13.90035,0.2044912457207127
A1_LCD_plus_7K_plus_12Dblocky,1,3991,912,3.2343688040506517,10.461141560616044,73.20429,0.5959763500135346
A1_LCD_plus_7K_plus_12Dblocky,1,3991,913,3.060235274791814,9.36503993708013,32.52548,0.31564302432668256
A1_LCD_plus_7K_plus_12Dblocky,1,3991,914,3.2782849732507757,10.747152365841838,59.29639,0.20716565531577602
A1_LCD_plus_7K_plus_12Dblocky,1,3991,915,2.6098807469641807,6.811477513374309,14.629984,0.22968288171601364
A1_LCD_plus_7K_plus_12Dblocky,1,3991,916,3.413183495692068,11.64982157526473,5.538677,0.1813619384284199
A1_LCD_plus_7K_plus_12Dblocky,1,3991,917,2.3209508482968477,5.386812840209856,30.756533,0.18505868716889123
A1_LCD_plus_7K_plus_12Dblocky,1,3991,918,2.6823193478203646,7.194837083691467,45.89679,0.127268344181186
A1_LCD_plus_7K_plus_12Dblocky,1,3991,919,3.5464258158238446,12.577136067141824,91.76683,0.5473120688454904
A1_LCD_plus_7K_plus_12Dblocky,1,3991,920,2.9301385243532128,8.58571177189882,30.44475,0.2578552425553696
A1_LCD_plus_7K_plus_12Dblocky,1,3991,921,2.860307275743283,8.181357711669962,12.915054,0.3840055378690258
A1_LCD_plus_7K_plus_12Dblocky,1,3991,922,2.373910108609267,5.635449203757263,3.5078435,0.27819785268046393
A1_LCD_plus_7K_plus_12Dblocky,1,3991,923,2.900363975731822,8.4121111917229,44.91698,0.3379545347608202
A1_LCD_plus_7K_plus_12Dblocky,1,3991,924,2.7507669054261608,7.566718567987816,73.70024,0.15813020897778365
A1_LCD_plus_7K_plus_12Dblocky,1,3991,925,2.8406034712701076,8.069028080991783,44.358887,0.20249845768550218
A1_LCD_plus_7K_plus_12Dblocky,1,3991,926,3.580988782372865,12.823480659480294,43.953495,0.5930592763388804
A1_LCD_plus_7K_plus_12Dblocky,1,3991,927,2.7003608597202424,7.291948772709045,23.798143,0.40308339482199707
A1_LCD_plus_7K_plus_12Dblocky,1,3991,928,3.019789431730114,9.119128211988883,56.43824,0.07217736363857177
A1_LCD_plus_7K_plus_12Dblocky,1,3991,929,2.8787356105621895,8.287118715518858,73.442505,0.25185401261704093
A1_LCD_plus_7K_plus_12Dblocky,1,3991,930,3.1566146766045056,9.964216216554968,52.751766,0.40968036451835466
A1_LCD_plus_7K_plus_12Dblocky,1,3991,931,2.786515016290398,7.764665936011878,33.85818,0.1937112698420655
A1_LCD_plus_7K_plus_12Dblocky,1,3991,932,2.5940214864384816,6.728947472104508,6.5635457,0.15983780011202306
A1_LCD_plus_7K_plus_12Dblocky,1,3991,933,3.286167793314241,10.798898765815787,33.143726,0.2957993447904069
A1_LCD_plus_7K_plus_12Dblocky,1,3991,934,3.297628628948193,10.87435457445874,78.31766,0.5354461944272522
A1_LCD_plus_7K_plus_12Dblocky,1,3991,935,4.024957354113674,16.20028170243375,131.95552,0.5784283921361173
A1_LCD_plus_7K_plus_12Dblocky,1,3991,936,3.3164301794420026,10.998709135113714,40.064926,0.3762335651924931
A1_LCD_plus_7K_plus_12Dblocky,1,3991,937,3.7232893302434267,13.86288343670455,61.32916,0.47710644209010067
A1_LCD_plus_7K_plus_12Dblocky,1,3991,938,2.283120913488956,5.212641105610645,39.31143,0.05328016111422555
A1_LCD_plus_7K_plus_12Dblocky,1,3991,939,2.9320236127031807,8.59676246544901,75.273834,0.48262922776923134
A1_LCD_plus_7K_plus_12Dblocky,1,3991,940,3.3485717069578187,11.212932476638398,49.960953,0.5663835788848637
A1_LCD_plus_7K_plus_12Dblocky,1,3991,941,3.0380032170243703,9.229463546650422,83.827835,0.4725009348445943
A1_LCD_plus_7K_plus_12Dblocky,1,3991,942,3.7911585530087013,14.372883174051035,76.58639,0.7243741864412324
A1_LCD_plus_7K_plus_12Dblocky,1,3991,943,3.027406570085981,9.165190540599763,50.15486,0.3033458706247976
A1_LCD_plus_7K_plus_12Dblocky,1,3991,944,2.524732235044735,6.374272858673981,26.987877,0.25509337490992545
A1_LCD_plus_7K_plus_12Dblocky,1,3991,945,2.792366042603479,7.797308115885012,44.312454,0.33484638665227995
A1_LCD_plus_7K_plus_12Dblocky,1,3991,946,3.3869268801861576,11.47127369172754,47.570942,0.3710355669267648
A1_LCD_plus_7K_plus_12Dblocky,1,3991,947,5.188445399763081,26.919965666322682,288.41473,0.58779317241378
A1_LCD_plus_7K_plus_12Dblocky,1,3991,948,4.441323540774297,19.725354793835937,163.71236,0.7358791902917153
A1_LCD_plus_7K_plus_12Dblocky,1,3991,949,3.1132731280243644,9.69246956967861,23.478695,0.6129154746851484
A1_LCD_plus_7K_plus_12Dblocky,1,3991,950,3.8458857163785756,14.79083694344475,55.529686,0.5220238085384045
A1_LCD_plus_7K_plus_12Dblocky,1,3991,951,2.8704082134005917,8.239243311557575,31.998629,0.2095051278982059
A1_LCD_plus_7K_plus_12Dblocky,1,3991,952,2.9636744491799307,8.783366240721966,6.1184144,0.036343565060039204
A1_LCD_plus_7K_plus_12Dblocky,1,3991,953,3.379237759544381,11.419247835530529,105.507515,0.44294205153770927
A1_LCD_plus_7K_plus_12Dblocky,1,3991,954,2.5191030514452972,6.345880183801007,16.816484,0.27175258812223363
A1_LCD_plus_7K_plus_12Dblocky,1,3991,955,2.6615763222302995,7.083988519056966,4.4638553,0.34717020139413773
A1_LCD_plus_7K_plus_12Dblocky,1,3991,956,3.1502417345268365,9.92402298595465,87.31048,0.5742854232473976
A1_LCD_plus_7K_plus_12Dblocky,1,3991,957,2.5843150278160225,6.678684162995728,21.770382,0.2560559038798822
A1_LCD_plus_7K_plus_12Dblocky,1,3991,958,4.343008440066882,18.861722310492176,125.079895,0.5955648226853612
A1_LCD_plus_7K_plus_12Dblocky,1,3991,959,3.173133066908318,10.068773460306984,10.640372,0.35791280386839147
A1_LCD_plus_7K_plus_12Dblocky,1,3991,960,3.178964987859725,10.105818394037982,16.822302,0.47402656884225425
A1_LCD_plus_7K_plus_12Dblocky,1,3991,961,2.8849771832201307,8.323093347700762,78.30438,0.3648409789930408
A1_LCD_plus_7K_plus_12Dblocky,1,3991,962,2.9126650621335015,8.483617764173154,15.755272,0.49222579217781426
A1_LCD_plus_7K_plus_12Dblocky,1,3991,963,2.7177366323465497,7.386092402798362,13.034449,0.07909415674994486
A1_LCD_plus_7K_plus_12Dblocky,1,3991,964,2.3678651583871515,5.60678540830381,32.768494,0.09237610705025805
A1_LCD_plus_7K_plus_12Dblocky,1,3991,965,2.94523937607608,8.674434982389016,75.90379,0.15655166170524423
A1_LCD_plus_7K_plus_12Dblocky,1,3991,966,3.976000301234797,15.808578395419202,76.23359,0.4407556076163247
A1_LCD_plus_7K_plus_12Dblocky,1,3991,967,3.978082736523533,15.825142258626565,77.786865,0.37378142111077345
A1_LCD_plus_7K_plus_12Dblocky,1,3991,968,2.3387437430301703,5.469722295562773,12.89802,0.14753053749820239
A1_LCD_plus_7K_plus_12Dblocky,1,3991,969,3.1335090848907377,9.818879185092788,72.420296,0.29194219864871773
A1_LCD_plus_7K_plus_12Dblocky,1,3991,970,2.2469553792339427,5.048808476268351,0.54999274,0.15965019894587945
A1_LCD_plus_7K_plus_12Dblocky,1,3991,971,3.0215161344838806,9.129559750946415,18.73954,0.5018535731786122
A1_LCD_plus_7K_plus_12Dblocky,1,3991,972,4.113898352059822,16.924159651080515,142.13658,0.6298048069831759
A1_LCD_plus_7K_plus_12Dblocky,1,3991,973,2.8159980313198503,7.929844912397274,13.976856,0.10548509373938324
A1_LCD_plus_7K_plus_12Dblocky,1,3991,974,3.768019132541815,14.197968183201171,41.82698,0.44557702827557977
A1_LCD_plus_7K_plus_12Dblocky,1,3991,975,2.7985818808704255,7.832060543936248,72.661674,0.5586540375923348
A1_LCD_plus_7K_plus_12Dblocky,1,3991,976,2.647155121718662,7.007430238441344,21.710102,0.06534006524168907
A1_LCD_plus_7K_plus_12Dblocky,1,3991,977,5.048290853622646,25.48524054277006,245.70592,0.6897098498855326
A1_LCD_plus_7K_plus_12Dblocky,1,3991,978,2.9799970294231644,8.880382295370884,16.136656,0.16371378152812222
A1_LCD_plus_7K_plus_12Dblocky,1,3991,979,3.443019976317622,11.854386557322197,110.043,0.6831847251323393
A1_LCD_plus_7K_plus_12Dblocky,1,3991,980,3.663013020715903,13.417664389934245,91.1124,0.42592611451509826
A1_LCD_plus_7K_plus_12Dblocky,1,3991,981,4.5072318876045045,20.315139288638868,278.09656,0.6681342071587255
A1_LCD_plus_7K_plus_12Dblocky,1,3991,982,3.7796642541818275,14.285861874339867,97.86031,0.5497478809853835
A1_LCD_plus_7K_plus_12Dblocky,1,3991,983,2.2445373430628197,5.0379478844035015,11.140492,0.160125647645267
A1_LCD_plus_7K_plus_12Dblocky,1,3991,984,2.6133273487633892,6.829479831794681,58.101418,0.1366954818797786
A1_LCD_plus_7K_plus_12Dblocky,1,3991,985,2.368811461261444,5.611267739003579,18.019995,0.49813120235101493
A1_LCD_plus_7K_plus_12Dblocky,1,3991,986,2.2966036549125697,5.274388347757773,20.152231,0.19182227090647894
A1_LCD_plus_7K_plus_12Dblocky,1,3991,987,2.8566083190121523,8.160211088249435,36.932037,0.5242627077217383
A1_LCD_plus_7K_plus_12Dblocky,1,3991,988,2.538206383061379,6.442491643013526,48.59259,0.2756506249109056
A1_LCD_plus_7K_plus_12Dblocky,1,3991,989,2.169773172728417,4.707915621091942,12.390737,0.03764921169354311
A1_LCD_plus_7K_plus_12Dblocky,1,3991,990,2.9829093697221305,8.897748307976078,30.056303,0.37320574201606993
A1_LCD_plus_7K_plus_12Dblocky,1,3991,991,4.176310592648039,17.441570166264217,127.716255,0.6933119171786217
A1_LCD_plus_7K_plus_12Dblocky,1,3991,992,4.112921478564521,16.91612308883737,89.526405,0.5604134234748115
A1_LCD_plus_7K_plus_12Dblocky,1,3991,993,2.6811027731272055,7.188312080070391,19.913124,0.3311311872770728
A1_LCD_plus_7K_plus_12Dblocky,1,3991,994,3.1391133743431547,9.854032776980068,29.843336,0.32779413865518026
A1_LCD_plus_7K_plus_12Dblocky,1,3991,995,3.153044401016925,9.941688994784176,62.741158,0.3603730493445169
A1_LCD_plus_7K_plus_12Dblocky,1,3991,996,3.6906015597316544,13.620539872693719,99.54804,0.6750545048247474
A1_LCD_plus_7K_plus_12Dblocky,1,3991,997,4.059102480394218,16.476312946342492,64.18957,0.726697454636697
A1_LCD_plus_7K_plus_12Dblocky,1,3991,998,4.064505766861972,16.520207128854228,112.35573,0.5088231932378813
A1_LCD_plus_7K_plus_12Dblocky,1,3991,999,2.0664886493185293,4.27037533776232,10.483604,0.202224660208319
A1_LCD_plus_7K_plus_12Dblocky,1,3991,1000,3.579571174369611,12.813329792377838,87.17448,0.3018090899799965
A1_LCD_plus_7K_plus_12Dblocky,1,3991,1001,3.124141623704537,9.760260884963222,24.293694,0.13575755639340834
A1_LCD_plus_7K_plus_12Dblocky,1,3991,1002,4.186670619864521,17.52821087923677,84.9814,0.6682177609402717
A1_LCD_plus_7K_plus_12Dblocky,1,3991,1003,4.254109829082114,18.09745043789305,146.96582,0.47624537590399024
A1_LCD_plus_7K_plus_12Dblocky,1,3991,1004,3.143335254258657,9.880556520665335,90.542305,0.581576774368281
A1_LCD_plus_7K_plus_12Dblocky,1,3991,1005,3.198522286605911,10.230544817914705,61.93238,0.38633311606117554
A1_LCD_plus_7K_plus_12Dblocky,1,3991,1006,3.0638282130720556,9.387043319216305,25.705471,0.299591216071485
A1_LCD_plus_7K_plus_12Dblocky,1,3991,1007,3.5360707684573405,12.503796479538485,108.564514,0.3625444242522595
A1_LCD_plus_7K_plus_12Dblocky,1,3991,1008,4.108263104299685,16.87782573415009,96.08901,0.4980159367034915
A1_LCD_plus_7K_plus_12Dblocky,1,3991,1009,2.9195618486354067,8.523841388007394,36.736076,0.17284286596629048
A1_LCD_plus_7K_plus_12Dblocky,1,3991,1010,3.706692616882601,13.739570156051983,92.4616,0.5291183300101915
A1_LCD_plus_7K_plus_12Dblocky,1,3991,1011,3.924413526687873,15.401021528450753,106.22801,0.48645233427836115
A1_LCD_plus_7K_plus_12Dblocky,1,3991,1012,3.1847121482695804,10.142391467335845,93.76078,0.48735076070347033
A1_LCD_plus_7K_plus_12Dblocky,1,3991,1013,3.1471785472830436,9.904732808478608,58.879593,0.30027678884072706
A1_LCD_plus_7K_plus_12Dblocky,1,3991,1014,2.9759129099701824,8.8560576477272,107.472534,0.3684983644213148
A1_LCD_plus_7K_plus_12Dblocky,1,3991,1015,3.192624621297804,10.192851972516948,32.28028,0.273712400083405
A1_LCD_plus_7K_plus_12Dblocky,1,3991,1016,3.797050925768943,14.41759573288278,49.52621,0.4679482476180228
A1_LCD_plus_7K_plus_12Dblocky,1,3991,1017,2.9861351845529156,8.917003340424875,98.73949,0.4787225254584659
A1_LCD_plus_7K_plus_12Dblocky,1,3991,1018,3.0180885832458033,9.108858696318658,62.726177,0.4473980354739874
A1_LCD_plus_7K_plus_12Dblocky,1,3991,1019,3.14485366859218,9.890104596857695,42.12534,0.43459987705635167
A1_LCD_plus_7K_plus_12Dblocky,1,3991,1020,3.4637491965371736,11.997558496511916,95.1005,0.5568788855153409
A1_LCD_plus_7K_plus_12Dblocky,1,3991,1021,3.895263172680206,15.17307518443867,68.72606,0.4788853226142442
A1_LCD_plus_7K_plus_12Dblocky,1,3991,1022,2.5754291555076754,6.6328353350389815,24.011938,0.12623898132420885
A1_LCD_plus_7K_plus_12Dblocky,1,3991,1023,3.170029965851783,10.049089984398258,100.028656,0.5829552522851211
A1_LCD_plus_7K_plus_12Dblocky,1,3991,1024,3.7860155763426997,14.333913944309545,15.147949,0.432523239683026
A1_LCD_plus_7K_plus_12Dblocky,1,3991,1025,3.066634388835668,9.404246474789511,97.24913,0.45504375267394426
A1_LCD_plus_7K_plus_12Dblocky,1,3991,1026,3.5731710208393284,12.767551144165967,64.01198,0.2180258425821539
A1_LCD_plus_7K_plus_12Dblocky,1,3991,1027,3.6315685713129855,13.188290288148242,132.31888,0.5800229671819279
A1_LCD_plus_7K_plus_12Dblocky,1,3991,1028,3.5381346750348968,12.518396978684295,94.823395,0.4054692789728663
A1_LCD_plus_7K_plus_12Dblocky,1,3991,1029,6.778331310439908,45.94577535408999,494.08972,0.7937844080059013
A1_LCD_plus_7K_plus_12Dblocky,1,3991,1030,4.363465100125341,19.03982768001185,134.78964,0.2859533442410319
A1_LCD_plus_7K_plus_12Dblocky,1,3991,1031,2.964490127982389,8.788201718905045,35.646347,0.16758439042832712
A1_LCD_plus_7K_plus_12Dblocky,1,3991,1032,3.410248587106093,11.6297954258591,48.32118,0.5634819405001295
A1_LCD_plus_7K_plus_12Dblocky,1,3991,1033,4.7221450588331475,22.298653956662317,129.15208,0.8408425756066309
A1_LCD_plus_7K_plus_12Dblocky,1,3991,1034,3.789939575099645,14.36364198290648,92.83565,0.6917899233906024
A1_LCD_plus_7K_plus_12Dblocky,1,3991,1035,3.154042840626152,9.947986240505083,88.71285,0.5994368415741886
A1_LCD_plus_7K_plus_12Dblocky,1,3991,1036,4.897641943128253,23.98689660308909,89.857635,0.28841125827952685
A1_LCD_plus_7K_plus_12Dblocky,1,3991,1037,4.1271771198636005,17.033590978725602,68.11697,0.518814885669363
A1_LCD_plus_7K_plus_12Dblocky,1,3991,1038,3.394688428093786,11.523909523833858,48.583736,0.31295460709271
A1_LCD_plus_7K_plus_12Dblocky,1,3991,1039,2.2782435535255336,5.1903936891806515,33.499847,0.2056242595269565
A1_LCD_plus_7K_plus_12Dblocky,1,3991,1040,3.437561183745278,11.816826891992237,73.9793,0.5758263716619123
A1_LCD_plus_7K_plus_12Dblocky,1,3991,1041,4.00602266549144,16.04821759643114,101.54819,0.7406040245213603
A1_LCD_plus_7K_plus_12Dblocky,1,3991,1042,4.773079471333137,22.782287639661824,127.207535,0.5209744169478033
A1_LCD_plus_7K_plus_12Dblocky,1,3991,1043,3.4669802645410672,12.019952154717247,103.13422,0.571208935749864
A1_LCD_plus_7K_plus_12Dblocky,1,3991,1044,2.9858221690809037,8.915134025374991,7.0154905,0.19051762905182423
A1_LCD_plus_7K_plus_12Dblocky,1,3991,1045,2.9977673223603203,8.986608919011362,77.889824,0.4174354637831013
A1_LCD_plus_7K_plus_12Dblocky,1,3991,1046,4.163826871018478,17.33745421181553,125.982254,0.7040638055138909
A1_LCD_plus_7K_plus_12Dblocky,1,3991,1047,3.805685672182697,14.483243435456664,84.73262,0.6089256364849268
A1_LCD_plus_7K_plus_12Dblocky,1,3991,1048,4.813015720895917,23.165120329591243,193.81058,0.7476287745171463
A1_LCD_plus_7K_plus_12Dblocky,1,3991,1049,4.247279100192684,18.039379754933574,163.6749,0.6117088045258176
A1_LCD_plus_7K_plus_12Dblocky,1,3991,1050,2.7885699677153077,7.776122464843755,36.815193,0.07125928573916611
A1_LCD_plus_7K_plus_12Dblocky,1,3991,1051,2.070791874003853,4.28817898544039,14.148,0.051634740891934164
A1_LCD_plus_7K_plus_12Dblocky,1,3991,1052,2.2769329908892537,5.184423844999882,9.073746,0.0925877343531081
A1_LCD_plus_7K_plus_12Dblocky,1,3991,1053,2.655694105306926,7.052711180961954,15.950632,0.20015094195231342
A1_LCD_plus_7K_plus_12Dblocky,1,3991,1054,3.184741725275083,10.142579856708112,41.077576,0.43378885191637784
A1_LCD_plus_7K_plus_12Dblocky,1,3991,1055,3.0014395845451816,9.008639579674751,62.48791,0.2698328482915122
A1_LCD_plus_7K_plus_12Dblocky,1,3991,1056,3.331639217478656,11.099819875441792,37.752586,0.20734408861702947
A1_LCD_plus_7K_plus_12Dblocky,1,3991,1057,3.4745713242791827,12.072645887503196,112.3237,0.5292759018260649
A1_LCD_plus_7K_plus_12Dblocky,1,3991,1058,2.9789089088767864,8.873898287385485,53.33918,0.13316623679991366
A1_LCD_plus_7K_plus_12Dblocky,1,3991,1059,3.2805228663151595,10.761830276416626,7.135456,0.4657007216620088
A1_LCD_plus_7K_plus_12Dblocky,1,3991,1060,3.4407490527068307,11.838754043702954,53.779427,0.5236574885025684
A1_LCD_plus_7K_plus_12Dblocky,1,3991,1061,4.074175171004132,16.598903324026548,95.02326,0.3926132141892952
A1_LCD_plus_7K_plus_12Dblocky,1,3991,1062,4.405446900653373,19.40796239447641,205.11172,0.7083189156501023
A1_LCD_plus_7K_plus_12Dblocky,1,3991,1063,3.67010495249238,13.469670362309095,70.50792,0.3738443189223491
A1_LCD_plus_7K_plus_12Dblocky,1,3991,1064,3.136363565454538,9.836776414710702,81.556465,0.4355855601920591
A1_LCD_plus_7K_plus_12Dblocky,1,3991,1065,2.2344746291183397,4.992876868173544,29.40774,0.11787905397838266
A1_LCD_plus_7K_plus_12Dblocky,1,3991,1066,3.2852417036770234,10.792813051578706,85.65398,0.13942996996559456
A1_LCD_plus_7K_plus_12Dblocky,1,3991,1067,4.469127861005886,19.97310383801905,144.40839,0.4544821244211039
A1_LCD_plus_7K_plus_12Dblocky,1,3991,1068,3.2141960489033052,10.331056240785617,65.53478,0.5200855349025094
A1_LCD_plus_7K_plus_12Dblocky,1,3991,1069,2.690865284020106,7.240755976744607,50.609764,0.19341366593444434
A1_LCD_plus_7K_plus_12Dblocky,1,3991,1070,2.5327599592971892,6.414873011419102,47.788597,0.1336286671924235
A1_LCD_plus_7K_plus_12Dblocky,1,3991,1071,3.0346384836338456,9.209030726351527,3.708679,0.4310400824203783
A1_LCD_plus_7K_plus_12Dblocky,1,3991,1072,3.069310856061067,9.42066913113432,17.667631,0.5132997620148043
A1_LCD_plus_7K_plus_12Dblocky,1,3991,1073,3.1182732677136706,9.72362817213769,59.132057,0.36562751848516817
A1_LCD_plus_7K_plus_12Dblocky,1,3991,1074,3.15410628941575,9.948386484931994,72.85247,0.5522145057432758
A1_LCD_plus_7K_plus_12Dblocky,1,3991,1075,2.7729440283251043,7.689218584223859,52.24346,0.2555750190127073
A1_LCD_plus_7K_plus_12Dblocky,1,3991,1076,2.8227647497492385,7.968000832426882,79.92022,0.4052303954728428
A1_LCD_plus_7K_plus_12Dblocky,1,3991,1077,3.344308624589399,11.18440017650304,48.45809,0.10356707905996598
A1_LCD_plus_7K_plus_12Dblocky,1,3991,1078,2.261396741850105,5.113915224050269,27.680758,0.1259149885624669
A1_LCD_plus_7K_plus_12Dblocky,1,3991,1079,2.0829879644622302,4.338838860094506,44.152206,0.08583659185370074
A1_LCD_plus_7K_plus_12Dblocky,1,3991,1080,2.8196737163199255,7.950559866505419,28.148779,0.23713911904839963
A1_LCD_plus_7K_plus_12Dblocky,1,3991,1081,3.7606954149702507,14.142830004178265,113.77826,0.62451694904798
A1_LCD_plus_7K_plus_12Dblocky,1,3991,1082,4.393990152090388,19.307149456667307,112.97712,0.544771062953175
A1_LCD_plus_7K_plus_12Dblocky,1,3991,1083,5.197528498993366,27.014302497848238,210.4331,0.7168186916300116
A1_LCD_plus_7K_plus_12Dblocky,1,3991,1084,5.072868729946204,25.73399715126601,110.81518,0.726821895401572
A1_LCD_plus_7K_plus_12Dblocky,1,3991,1085,3.265564355584178,10.663910560461908,22.005592,0.2251272467982619
A1_LCD_plus_7K_plus_12Dblocky,1,3991,1086,3.2035611362027483,10.262803953388644,60.965572,0.3276462527060853
A1_LCD_plus_7K_plus_12Dblocky,1,3991,1087,3.015211619894298,9.091501112745599,91.04521,0.2366112087634843
A1_LCD_plus_7K_plus_12Dblocky,1,3991,1088,3.6122905504293845,13.048643020721427,26.368713,0.5789684958594037
A1_LCD_plus_7K_plus_12Dblocky,1,3991,1089,3.1340902154284094,9.822521478444093,39.41429,0.13292429680656573
A1_LCD_plus_7K_plus_12Dblocky,1,3991,1090,3.0193667351336075,9.11657548123138,26.4484,0.4439170682872501
A1_LCD_plus_7K_plus_12Dblocky,1,3991,1091,4.400101284153821,19.360891310812104,67.24675,0.8143584614993675
A1_LCD_plus_7K_plus_12Dblocky,1,3991,1092,3.2710685077171853,10.699889182179131,44.078594,0.4303348883957568
A1_LCD_plus_7K_plus_12Dblocky,1,3991,1093,3.058998871230575,9.357474094189934,28.349339,0.6147842658810938
A1_LCD_plus_7K_plus_12Dblocky,1,3991,1094,2.7629758536180673,7.634035567676489,16.786064,0.37529385996299713
A1_LCD_plus_7K_plus_12Dblocky,1,3991,1095,2.496681724839172,6.233419635145901,54.685566,0.1485496512548365
A1_LCD_plus_7K_plus_12Dblocky,1,3991,1096,3.138228709090681,9.848479430560962,50.783474,0.3385907221504356
A1_LCD_plus_7K_plus_12Dblocky,1,3991,1097,3.341032647016249,11.162499148428408,45.168682,0.1442199179173552
A1_LCD_plus_7K_plus_12Dblocky,1,3991,1098,3.259654738622128,10.62534901502169,35.366714,0.3723849924616924
A1_LCD_plus_7K_plus_12Dblocky,1,3991,1099,3.958416710794783,15.669062856299389,137.72058,0.6467566428788639
A1_LCD_plus_7K_plus_12Dblocky,1,3991,1100,4.408378787155989,19.43380353104691,171.42647,0.7424221897576619
A1_LCD_plus_7K_plus_12Dblocky,1,3991,1101,3.2881662842353028,10.812037512781796,51.01533,0.36227517135045956
A1_LCD_plus_7K_plus_12Dblocky,1,3991,1102,2.9760579961236315,8.856921196291406,12.393764,0.419961828482988
A1_LCD_plus_7K_plus_12Dblocky,1,3991,1103,2.9065267896155396,8.447897978752813,77.16906,0.2687807389974797
A1_LCD_plus_7K_plus_12Dblocky,1,3991,1104,4.2027848632519635,17.66340060677982,95.0534,0.38154500528194324
A1_LCD_plus_7K_plus_12Dblocky,1,3991,1105,2.391904181503985,5.721205613496247,46.86296,0.363813564466975
A1_LCD_plus_7K_plus_12Dblocky,1,3991,1106,2.859939285650626,8.179252717607813,22.0578,0.3969540923299256
A1_LCD_plus_7K_plus_12Dblocky,1,3991,1107,3.329164366858629,11.083335381561215,118.832,0.5858148671886345
A1_LCD_plus_7K_plus_12Dblocky,1,3991,1108,4.205080689933898,17.68270360885495,98.62085,0.660429590335361
A1_LCD_plus_7K_plus_12Dblocky,1,3991,1109,3.6058841688658476,13.002400639277345,47.212685,0.636882372574366
A1_LCD_plus_7K_plus_12Dblocky,1,3991,1110,2.631399757915352,6.924264685956974,11.088317,0.2054916029678357
A1_LCD_plus_7K_plus_12Dblocky,1,3991,1111,3.2121736268351353,10.318059408935182,80.142815,0.6245976652295226
A1_LCD_plus_7K_plus_12Dblocky,1,3991,1112,2.4055671233061617,5.786753184731482,41.133537,0.18836345409475314
A1_LCD_plus_7K_plus_12Dblocky,1,3991,1113,3.0275908816784267,9.166306546822353,33.285667,0.1965795141568225
A1_LCD_plus_7K_plus_12Dblocky,1,3991,1114,2.215191768561825,4.907074571504067,33.789326,0.09728918365990352
A1_LCD_plus_7K_plus_12Dblocky,1,3991,1115,4.141478238796322,17.151842002423482,169.50534,0.8024530948726132
A1_LCD_plus_7K_plus_12Dblocky,1,3991,1116,2.5564774451052665,6.535576927331951,7.324786,0.056290530563762924
A1_LCD_plus_7K_plus_12Dblocky,1,3991,1117,3.7261662071715596,13.884314603467285,111.458176,0.37045273719824706
A1_LCD_plus_7K_plus_12Dblocky,1,3991,1118,3.1403659328083187,9.861898191943057,20.312115,0.24849114875545375
A1_LCD_plus_7K_plus_12Dblocky,1,3991,1119,2.504711955015658,6.273581977598362,22.59179,0.22617180811199533
A1_LCD_plus_7K_plus_12Dblocky,1,3991,1120,3.4512906724375236,11.911407305654254,85.61853,0.3835604889218832
A1_LCD_plus_7K_plus_12Dblocky,1,3991,1121,4.352726761861721,18.946230263427214,77.84599,0.4227859538351276
A1_LCD_plus_7K_plus_12Dblocky,1,3991,1122,2.8193376433501736,7.948664747211308,47.03342,0.26940857549161096
A1_LCD_plus_7K_plus_12Dblocky,1,3991,1123,2.618110999169439,6.854505203971997,14.600461,0.07985570100425811
A1_LCD_plus_7K_plus_12Dblocky,1,3991,1124,2.864377476748189,8.204658329302324,49.824867,0.22502803328799825
A1_LCD_plus_7K_plus_12Dblocky,1,3991,1125,3.1277547853069487,9.782849997010521,42.576584,0.4984391364621742
A1_LCD_plus_7K_plus_12Dblocky,1,3991,1126,2.6763752973421755,7.162984732223418,34.28225,0.23065533035526015
A1_LCD_plus_7K_plus_12Dblocky,1,3991,1127,3.050821114570849,9.307509473111319,101.28608,0.5462876633392124
A1_LCD_plus_7K_plus_12Dblocky,1,3991,1128,2.853431297133792,8.142070167462636,39.05313,0.2509953293704404
A1_LCD_plus_7K_plus_12Dblocky,1,3991,1129,3.176541530908341,10.090416097585507,71.22165,0.21254592049235127
A1_LCD_plus_7K_plus_12Dblocky,1,3991,1130,3.388876191639788,11.48448184226299,33.69495,0.33207606030243086
A1_LCD_plus_7K_plus_12Dblocky,1,3991,1131,3.9777299121509904,15.822335254020727,162.36092,0.7329168230263761
A1_LCD_plus_7K_plus_12Dblocky,1,3991,1132,4.284474226943725,18.356719401345025,90.627266,0.6939538651284807
A1_LCD_plus_7K_plus_12Dblocky,1,3991,1133,2.935445114657442,8.616838021166242,83.636986,0.22285358996878893
A1_LCD_plus_7K_plus_12Dblocky,1,3991,1134,4.1093988173021065,16.887158639643953,137.90218,0.5689550766290913
A1_LCD_plus_7K_plus_12Dblocky,1,3991,1135,3.3932856414340584,11.514387444362551,77.485466,0.4570293142766675
A1_LCD_plus_7K_plus_12Dblocky,1,3991,1136,2.933373893923886,8.60468240155418,26.0585,0.24631919925664775
A1_LCD_plus_7K_plus_12Dblocky,1,3991,1137,3.1911604355411534,10.183504925363204,34.262035,0.5269415652454081
A1_LCD_plus_7K_plus_12Dblocky,1,3991,1138,2.5600743115370834,6.553980480592071,75.89709,0.15404125062901536
A1_LCD_plus_7K_plus_12Dblocky,1,3991,1139,2.7414060152332884,7.515306940357256,15.21645,0.23886421682204617
A1_LCD_plus_7K_plus_12Dblocky,1,3991,1140,2.474649890904581,6.123892082554057,21.835436,0.3075796202143456
A1_LCD_plus_7K_plus_12Dblocky,1,3991,1141,2.595528087225737,6.736766051577696,45.31038,0.34272683865437553
A1_LCD_plus_7K_plus_12Dblocky,1,3991,1142,3.7588077263047,14.128635523327908,131.24898,0.6203440749405633
A1_LCD_plus_7K_plus_12Dblocky,1,3991,1143,2.4124162653990187,5.81975223756175,63.67256,0.35039426344557323
A1_LCD_plus_7K_plus_12Dblocky,1,3991,1144,3.4089283340131473,11.620792386437655,76.92024,0.28101257032192056
A1_LCD_plus_7K_plus_12Dblocky,1,3991,1145,4.2391565055665446,17.97044787868716,88.99234,0.6075582360844802
A1_LCD_plus_7K_plus_12Dblocky,1,3991,1146,5.039033829842189,25.39186193829404,125.368645,0.8230721377194212
A1_LCD_plus_7K_plus_12Dblocky,1,3991,1147,4.225693860567004,17.856488603233675,150.6921,0.6204839785024899
A1_LCD_plus_7K_plus_12Dblocky,1,3991,1148,4.727417998745903,22.348480934866718,185.22093,0.36147052616403624
A1_LCD_plus_7K_plus_12Dblocky,1,3991,1149,3.417614461469686,11.680088607246732,35.203888,0.39225325887638335
A1_LCD_plus_7K_plus_12Dblocky,1,3991,1150,2.4878494261200146,6.189394767045687,43.668377,0.34579924084388103
A1_LCD_plus_7K_plus_12Dblocky,1,3991,1151,3.5662726974182335,12.71830095235072,100.62565,0.5233994665269538
A1_LCD_plus_7K_plus_12Dblocky,1,3991,1152,2.7775649470839783,7.714867035269623,85.293915,0.20363460334704542
A1_LCD_plus_7K_plus_12Dblocky,1,3991,1153,3.5302828589217747,12.462897063996898,60.980698,0.4033815387026882
A1_LCD_plus_7K_plus_12Dblocky,1,3991,1154,4.49980503551867,20.248245357679185,92.43403,0.4252933026346317
A1_LCD_plus_7K_plus_12Dblocky,1,3991,1155,2.7071288426850053,7.328546570897055,41.86489,0.2589691759100805
A1_LCD_plus_7K_plus_12Dblocky,1,3991,1156,3.3616943635866945,11.300988994170552,29.758497,0.6282496641609355
A1_LCD_plus_7K_plus_12Dblocky,1,3991,1157,3.1667767867765737,10.028475217266958,62.064827,0.1435690280871127
A1_LCD_plus_7K_plus_12Dblocky,1,3991,1158,2.847013658728747,8.10548677298805,19.561085,0.3038636462357513
A1_LCD_plus_7K_plus_12Dblocky,1,3991,1159,3.4940076317722037,12.208089330882403,52.90187,0.601070508490269
A1_LCD_plus_7K_plus_12Dblocky,1,3991,1160,3.199756157821891,10.238439469519111,27.65897,0.46129057750205615
A1_LCD_plus_7K_plus_12Dblocky,1,3991,1161,2.5680747603833733,6.595007974918119,28.51538,0.09481489885951302
A1_LCD_plus_7K_plus_12Dblocky,1,3991,1162,2.260233633389409,5.108656077504687,7.1536264,0.20916207233194073
A1_LCD_plus_7K_plus_12Dblocky,1,3991,1163,2.5460366493753788,6.4823026199626055,6.4667563,0.17584288019760916
A1_LCD_plus_7K_plus_12Dblocky,1,3991,1164,2.6712279775231234,7.135458907902276,23.761436,0.10298470603968607
A1_LCD_plus_7K_plus_12Dblocky,1,3991,1165,2.256669955123252,5.092559286355982,8.645138,0.09075058652498183
A1_LCD_plus_7K_plus_12Dblocky,1,3991,1166,2.3398599618060825,5.4749446408631615,5.749973,0.260350326677028
A1_LCD_plus_7K_plus_12Dblocky,1,3991,1167,2.584520060425241,6.679743942740492,29.91248,0.24820287426474893
A1_LCD_plus_7K_plus_12Dblocky,1,3991,1168,3.0252388072627974,9.152069840968833,46.82357,0.41715105102031125
A1_LCD_plus_7K_plus_12Dblocky,1,3991,1169,3.9534578088375025,15.629828646258229,129.21953,0.6339719158771413
A1_LCD_plus_7K_plus_12Dblocky,1,3991,1170,4.891395654977359,23.925751453531376,196.62479,0.862860360104815
A1_LCD_plus_7K_plus_12Dblocky,1,3991,1171,3.4442159212254664,11.862623312022988,22.676968,0.24106245270218563
A1_LCD_plus_7K_plus_12Dblocky,1,3991,1172,2.718540763542572,7.390463883042628,19.39694,0.44969832232366025
A1_LCD_plus_7K_plus_12Dblocky,1,3991,1173,2.7468148581173684,7.544991864774335,34.66952,0.1292747394942751
A1_LCD_plus_7K_plus_12Dblocky,1,3991,1174,2.86701201154342,8.219757874334247,33.037655,0.18485716358383553
A1_LCD_plus_7K_plus_12Dblocky,1,3991,1175,4.031435088354758,16.25246887161794,81.76688,0.3380796745715296
A1_LCD_plus_7K_plus_12Dblocky,1,3991,1176,3.4475370347133634,11.88551160572021,44.153076,0.40038069141724963
A1_LCD_plus_7K_plus_12Dblocky,1,3991,1177,2.8498457900434047,8.121621027028116,8.161181,0.2747154951373482
A1_LCD_plus_7K_plus_12Dblocky,1,3991,1178,3.047909328064835,9.289751272104635,10.262974,0.4544714403801703
A1_LCD_plus_7K_plus_12Dblocky,1,3991,1179,3.334826009800085,11.121064515639159,46.045124,0.291064331636143
A1_LCD_plus_7K_plus_12Dblocky,1,3991,1180,2.9034793151183966,8.430192133320395,56.370583,0.37161444342710415
A1_LCD_plus_7K_plus_12Dblocky,1,3991,1181,4.2530427820196905,18.08837290568979,131.56718,0.630315323515056
A1_LCD_plus_7K_plus_12Dblocky,1,3991,1182,3.9158387604042764,15.333793197484498,114.09925,0.5394879400842233
A1_LCD_plus_7K_plus_12Dblocky,1,3991,1183,3.8621584144418812,14.916267618244223,60.47917,0.658608746655852
A1_LCD_plus_7K_plus_12Dblocky,1,3991,1184,2.8642235595510557,8.20377659908732,9.879189,0.25242104790539677
A1_LCD_plus_7K_plus_12Dblocky,1,3991,1185,3.7286711067235454,13.902988222114988,46.119713,0.3777426069017721
A1_LCD_plus_7K_plus_12Dblocky,1,3991,1186,3.6982617481924605,13.677139958143552,130.55945,0.4523591671140978
A1_LCD_plus_7K_plus_12Dblocky,1,3991,1187,3.523367253800167,12.41411680515133,117.76846,0.6165613268256306
A1_LCD_plus_7K_plus_12Dblocky,1,3991,1188,3.9114545270741647,15.299476517368978,172.2736,0.486579339695663
A1_LCD_plus_7K_plus_12Dblocky,1,3991,1189,3.6403961059484766,13.252483808204833,147.53287,0.45605904317504536
A1_LCD_plus_7K_plus_12Dblocky,1,3991,1190,2.872646846122245,8.252099902536084,16.43229,0.42513555102793815
A1_LCD_plus_7K_plus_12Dblocky,1,3991,1191,2.650249493676366,7.023822378731834,29.910154,0.4329831034858064
A1_LCD_plus_7K_plus_12Dblocky,1,3991,1192,4.05509247550804,16.443774984921927,119.20034,0.6022294026639066
A1_LCD_plus_7K_plus_12Dblocky,1,3991,1193,2.9186589004126966,8.518569776958252,29.05724,0.22869574249808203
A1_LCD_plus_7K_plus_12Dblocky,1,3991,1194,2.9836963860595405,8.902444124184763,23.730446,0.40472666866932944
A1_LCD_plus_7K_plus_12Dblocky,1,3991,1195,2.769970055907951,7.672734110626698,22.46908,0.2814516623168334
A1_LCD_plus_7K_plus_12Dblocky,1,3991,1196,3.905918533497288,15.256199590317607,72.11809,0.29453219239398115
A1_LCD_plus_7K_plus_12Dblocky,1,3991,1197,2.997120364323642,8.982730478243479,16.94554,0.31379367507153044
A1_LCD_plus_7K_plus_12Dblocky,1,3991,1198,2.8968301040169915,8.391624651539093,21.438309,0.18563296753843164
A1_LCD_plus_7K_plus_12Dblocky,1,3991,1199,2.4896358918179002,6.198286873827913,15.030213,0.15128483252127192
A1_LCD_plus_7K_plus_12Dblocky,1,3991,1200,3.1173144261623973,9.717649231560195,70.702,0.3382886145242232
A1_LCD_plus_7K_plus_12Dblocky,1,3991,1201,3.4189774838173532,11.689407034850035,32.04231,0.266613695523213
A1_LCD_plus_7K_plus_12Dblocky,1,3991,1202,2.9036285166203912,8.431058562531133,15.554825,0.45619049423690505
A1_LCD_plus_7K_plus_12Dblocky,1,3991,1203,3.301460193559127,10.89963940965547,40.621765,0.33377097319370896
A1_LCD_plus_7K_plus_12Dblocky,1,3991,1204,2.251282119699016,5.068271182476493,15.801274,0.3228028795783563
A1_LCD_plus_7K_plus_12Dblocky,1,3991,1205,3.2316614369000387,10.443635642746818,6.4770203,0.4139247009348897
A1_LCD_plus_7K_plus_12Dblocky,1,3991,1206,2.967439903242049,8.805699579353178,13.802441,0.5476505684487946
A1_LCD_plus_7K_plus_12Dblocky,1,3991,1207,2.9445587413447654,8.670426181229868,45.121586,0.2421304368816283
A1_LCD_plus_7K_plus_12Dblocky,1,3991,1208,2.863773700582377,8.201199808147281,44.91497,0.6152362460412908
A1_LCD_plus_7K_plus_12Dblocky,1,3991,1209,3.426414220090622,11.740314407639225,66.05228,0.5197881569091888
A1_LCD_plus_7K_plus_12Dblocky,1,3991,1210,2.6977316476109285,7.277756042521575,11.83336,0.29755079134272755
A1_LCD_plus_7K_plus_12Dblocky,1,3991,1211,2.1506656322767426,4.62536266185632,41.155273,0.10481055281109004
A1_LCD_plus_7K_plus_12Dblocky,1,3991,1212,2.0183747174070032,4.0738364998678005,6.308378,0.17643548300868056
A1_LCD_plus_7K_plus_12Dblocky,1,3991,1213,4.344067184171573,18.870919700596342,94.55501,0.5962756042557632
A1_LCD_plus_7K_plus_12Dblocky,1,3991,1214,3.6810436318809323,13.550082219811163,66.36136,0.4810691517440544
A1_LCD_plus_7K_plus_12Dblocky,1,3991,1215,3.3885145729756916,11.482031011268633,32.88689,0.4195594963936534
A1_LCD_plus_7K_plus_12Dblocky,1,3991,1216,3.302316495144486,10.905294234103366,25.626123,0.6448982104767857
A1_LCD_plus_7K_plus_12Dblocky,1,3991,1217,4.079869144738673,16.645332238190672,134.8102,0.6648368748927753
A1_LCD_plus_7K_plus_12Dblocky,1,3991,1218,4.979740265051149,24.797813107371674,159.4624,0.7240783919325772
A1_LCD_plus_7K_plus_12Dblocky,1,3991,1219,3.930390568986247,15.447970024776033,202.06187,0.6811101052569746
A1_LCD_plus_7K_plus_12Dblocky,1,3991,1220,2.84690191408538,8.104850508423002,48.649036,0.2974174819285921
A1_LCD_plus_7K_plus_12Dblocky,1,3991,1221,3.3711240153937165,11.364477127164259,42.774868,0.3318707428912291
A1_LCD_plus_7K_plus_12Dblocky,1,3991,1222,3.587364197189553,12.869181883277445,23.491806,0.22374561340435836
A1_LCD_plus_7K_plus_12Dblocky,1,3991,1223,3.8492974091014256,14.817090543714949,130.68472,0.32963840979988096
A1_LCD_plus_7K_plus_12Dblocky,1,3991,1224,3.7427832459553727,14.008426426204235,124.76413,0.5770798720499594
A1_LCD_plus_7K_plus_12Dblocky,1,3991,1225,3.3803991545817795,11.42709844429721,92.82007,0.22311951106493566
A1_LCD_plus_7K_plus_12Dblocky,1,3991,1226,2.091376884089617,4.373857271304395,3.889801,0.049330314468302564
A1_LCD_plus_7K_plus_12Dblocky,1,3991,1227,2.5531632019110244,6.518642335592555,9.496667,0.1663677614023908
A1_LCD_plus_7K_plus_12Dblocky,1,3991,1228,3.2402285606836854,10.499081125470266,18.313286,0.5196793257434289
A1_LCD_plus_7K_plus_12Dblocky,1,3991,1229,3.035696056867779,9.215450549682583,31.980549,0.2010180352592124
A1_LCD_plus_7K_plus_12Dblocky,1,3991,1230,2.774651350099138,7.698690114606969,23.90593,0.4320375151807551
A1_LCD_plus_7K_plus_12Dblocky,1,3991,1231,3.2842873384974336,10.786543321814552,11.775693,0.4437160023842942
A1_LCD_plus_7K_plus_12Dblocky,1,3991,1232,2.669602664388211,7.126778385708632,6.0299273,0.5031237033259965
A1_LCD_plus_7K_plus_12Dblocky,1,3991,1233,3.243858651728736,10.522618952395371,9.857259,0.36462832018535773
A1_LCD_plus_7K_plus_12Dblocky,1,3991,1234,1.8616892966869738,3.4658870373988404,16.361013,0.05246997754062547
A1_LCD_plus_7K_plus_12Dblocky,1,3991,1235,2.5269342961280277,6.385396936948052,28.467884,0.21715572244780879
A1_LCD_plus_7K_plus_12Dblocky,1,3991,1236,2.850754923769142,8.126803635394008,3.0226436,0.19516239549015113
A1_LCD_plus_7K_plus_12Dblocky,1,3991,1237,2.3804082383750704,5.6663433813239035,38.560177,0.19637900037641937
A1_LCD_plus_7K_plus_12Dblocky,1,3991,1238,2.9513754229621565,8.71061688726505,49.410645,0.21272291279658945
A1_LCD_plus_7K_plus_12Dblocky,1,3991,1239,4.0409825487281426,16.329539959125402,167.92975,0.6569806452661124
A1_LCD_plus_7K_plus_12Dblocky,1,3991,1240,5.489088280842155,30.130090154878673,203.18253,0.808214510199306
A1_LCD_plus_7K_plus_12Dblocky,1,3991,1241,4.650118623092597,21.623603208832595,250.97185,0.7116648015096629
A1_LCD_plus_7K_plus_12Dblocky,1,3991,1242,4.712470854396176,22.207381553533423,196.69699,0.6029610044208114
A1_LCD_plus_7K_plus_12Dblocky,1,3991,1243,3.0273940259905996,9.165114588603572,86.90776,0.4752921742334407
A1_LCD_plus_7K_plus_12Dblocky,1,3991,1244,2.722181593282744,7.410272626807377,20.036427,0.17917267425690137
A1_LCD_plus_7K_plus_12Dblocky,1,3991,1245,3.3113599009640717,10.965104393712785,35.357758,0.5349063141047465
A1_LCD_plus_7K_plus_12Dblocky,1,3991,1246,3.039788908682257,9.24031660934767,50.41367,0.14872008964456912
A1_LCD_plus_7K_plus_12Dblocky,1,3991,1247,2.599545970613258,6.757639253331627,41.124245,0.12628304423626494
A1_LCD_plus_7K_plus_12Dblocky,1,3991,1248,2.746792266120077,7.544867753217067,29.012684,0.31679406187359915
A1_LCD_plus_7K_plus_12Dblocky,1,3991,1249,2.635952585581592,6.948246033434282,28.53238,0.39638977143421994
A1_LCD_plus_7K_plus_12Dblocky,1,3991,1250,2.9694872231664546,8.817854368548822,53.997375,0.30627258545762126
A1_LCD_plus_7K_plus_12Dblocky,1,3991,1251,4.960962847873319,24.611152377979348,240.37283,0.845302871682804
A1_LCD_plus_7K_plus_12Dblocky,1,3991,1252,4.601811826781944,21.17667208911017,214.13445,0.7187364553576576
A1_LCD_plus_7K_plus_12Dblocky,1,3991,1253,2.703483595233013,7.30882354969402,41.45362,0.2107980617714852
A1_LCD_plus_7K_plus_12Dblocky,1,3991,1254,3.4684980645198156,12.030478823577706,45.780636,0.4964711152350399
A1_LCD_plus_7K_plus_12Dblocky,1,3991,1255,4.137568539760417,17.11947342121515,81.771645,0.5258592735550471
A1_LCD_plus_7K_plus_12Dblocky,1,3991,1256,3.6541405707425962,13.352743310747027,55.37874,0.4040579251068668
A1_LCD_plus_7K_plus_12Dblocky,1,3991,1257,3.2594042754828965,10.623716231036184,28.922144,0.20248410812372464
A1_LCD_plus_7K_plus_12Dblocky,1,3991,1258,2.5481549821031946,6.493093812817333,32.952354,0.1040121799796209
A1_LCD_plus_7K_plus_12Dblocky,1,3991,1259,3.080985970832667,9.492474552467714,126.21499,0.32055418816086484
A1_LCD_plus_7K_plus_12Dblocky,1,3991,1260,3.264759058825159,10.65865171218094,39.070766,0.5503912377621336
A1_LCD_plus_7K_plus_12Dblocky,1,3991,1261,2.901726023639217,8.420013916265058,44.048904,0.19972338052283004
A1_LCD_plus_7K_plus_12Dblocky,1,3991,1262,3.263594750069646,10.651050692682153,20.099388,0.29855683227419205
A1_LCD_plus_7K_plus_12Dblocky,1,3991,1263,2.516010951387948,6.330311107504087,41.848103,0.23346544877947928
A1_LCD_plus_7K_plus_12Dblocky,1,3991,1264,2.322919176153201,5.395953498940267,22.845646,0.2945566418662786
A1_LCD_plus_7K_plus_12Dblocky,1,3991,1265,2.8832488587262923,8.313123981346468,57.472935,0.12359568431994755
A1_LCD_plus_7K_plus_12Dblocky,1,3991,1266,3.217479227023565,10.352172576328153,19.742022,0.26510328484218776
A1_LCD_plus_7K_plus_12Dblocky,1,3991,1267,3.103638209735185,9.632570136928223,30.605793,0.37045469537314574
A1_LCD_plus_7K_plus_12Dblocky,1,3991,1268,2.8882584127371564,8.34203665874696,42.686073,0.41494661299053787
A1_LCD_plus_7K_plus_12Dblocky,1,3991,1269,2.9671798316698337,8.804156153468222,19.572348,0.28077959284088266
A1_LCD_plus_7K_plus_12Dblocky,1,3991,1270,2.720004753234171,7.398425857616481,27.791714,0.20968569725525704
A1_LCD_plus_7K_plus_12Dblocky,1,3991,1271,3.774715478652651,14.248476944779911,42.35462,0.49865102501441316
A1_LCD_plus_7K_plus_12Dblocky,1,3991,1272,4.509236728337201,20.333215872185185,159.95775,0.5643432550102735
A1_LCD_plus_7K_plus_12Dblocky,1,3991,1273,2.828794712858158,8.002079527494269,9.189678,0.23043807927171378
A1_LCD_plus_7K_plus_12Dblocky,1,3991,1274,3.283407373376055,10.780763979540245,39.76961,0.3577980878252123
A1_LCD_plus_7K_plus_12Dblocky,1,3991,1275,3.897174521427639,15.187969250464743,119.185425,0.3630907947590657
A1_LCD_plus_7K_plus_12Dblocky,1,3991,1276,3.2413774678970504,10.506527889390698,63.978107,0.3047326990893854
A1_LCD_plus_7K_plus_12Dblocky,1,3991,1277,4.148166427249414,17.207284708159168,153.54868,0.7731302788344778
A1_LCD_plus_7K_plus_12Dblocky,1,3991,1278,3.7546969149117975,14.097748922848167,60.98064,0.7208635805509589
A1_LCD_plus_7K_plus_12Dblocky,1,3991,1279,5.00867207025457,25.08679590734821,86.77857,0.7060328329953376
A1_LCD_plus_7K_plus_12Dblocky,1,3991,1280,2.9866597471672414,8.920136445349092,39.912113,0.28382147479597547
A1_LCD_plus_7K_plus_12Dblocky,1,3991,1281,3.009168851777652,9.05509717850883,29.358194,0.3325131810471292
A1_LCD_plus_7K_plus_12Dblocky,1,3991,1282,3.6156794705144173,13.07313803349942,96.15703,0.5584263970309804
A1_LCD_plus_7K_plus_12Dblocky,1,3991,1283,4.180362172977038,17.4754278972573,138.91891,0.6868365585164576
A1_LCD_plus_7K_plus_12Dblocky,1,3991,1284,3.6905503968973745,13.62016223203937,75.110855,0.6330354706545428
A1_LCD_plus_7K_plus_12Dblocky,1,3991,1285,2.8129575375166223,7.91273010787158,49.23307,0.2658148025843891
A1_LCD_plus_7K_plus_12Dblocky,1,3991,1286,3.709029986919966,13.756903443871524,108.33594,0.3773308191494056
A1_LCD_plus_7K_plus_12Dblocky,1,3991,1287,2.678227985009735,7.1729051396893055,54.196617,0.16194739098766975
A1_LCD_plus_7K_plus_12Dblocky,1,3991,1288,2.4663466391021043,6.082865744210246,10.841826,0.18196962520029367
A1_LCD_plus_7K_plus_12Dblocky,1,3991,1289,4.364148142516028,19.04578900982609,82.34869,0.3029309340095364
A1_LCD_plus_7K_plus_12Dblocky,1,3991,1290,3.2287570227190487,10.424871911757574,23.330433,0.6235799314824424
A1_LCD_plus_7K_plus_12Dblocky,1,3991,1291,2.697387377854068,7.275898666206444,86.2983,0.22651560774055227
A1_LCD_plus_7K_plus_12Dblocky,1,3991,1292,3.4054378938103436,11.597007248599425,74.10745,0.49962555827071325
A1_LCD_plus_7K_plus_12Dblocky,1,3991,1293,3.616668542985016,13.08029134981736,136.82547,0.23309303020548003
A1_LCD_plus_7K_plus_12Dblocky,1,3991,1294,2.771083157423664,7.678901865357103,8.566148,0.550650160135786
A1_LCD_plus_7K_plus_12Dblocky,1,3991,1295,3.299572484017559,10.8871785772858,71.31015,0.35424937461228767
A1_LCD_plus_7K_plus_12Dblocky,1,3991,1296,2.749461361739079,7.55953777969611,15.316141,0.5316790037112269
A1_LCD_plus_7K_plus_12Dblocky,1,3991,1297,5.330407985212768,28.413249288820058,208.67397,0.8262266391579722
A1_LCD_plus_7K_plus_12Dblocky,1,3991,1298,3.4531360266581297,11.924148418604297,68.54253,0.4986212140232711
A1_LCD_plus_7K_plus_12Dblocky,1,3991,1299,3.182620826356602,10.12907532435878,66.19765,0.3018505341337592
A1_LCD_plus_7K_plus_12Dblocky,1,3991,1300,2.448596312278848,5.9956239005055725,26.756989,0.27734585901761616
A1_LCD_plus_7K_plus_12Dblocky,1,3991,1301,2.376860664006896,5.649466616103303,23.836496,0.11802407058758757
A1_LCD_plus_7K_plus_12Dblocky,1,3991,1302,2.3306873342844328,5.432103450193876,10.17568,0.23467670474703825
A1_LCD_plus_7K_plus_12Dblocky,1,3991,1303,3.122030722757869,9.747075833844024,55.110947,0.375029330291875
A1_LCD_plus_7K_plus_12Dblocky,1,3991,1304,5.208646937220609,27.130002916617624,155.1765,0.633204836207041
A1_LCD_plus_7K_plus_12Dblocky,1,3991,1305,3.5520907200483087,12.617348483453315,123.869354,0.4931478728992253
A1_LCD_plus_7K_plus_12Dblocky,1,3991,1306,2.63909158944712,6.964804417490526,13.288721,0.15974334698352075
A1_LCD_plus_7K_plus_12Dblocky,1,3991,1307,3.0692406437415998,9.42023812919535,47.29595,0.04713121149982765
A1_LCD_plus_7K_plus_12Dblocky,1,3991,1308,3.776818037867505,14.264354491161358,118.51265,0.3076361612807628
A1_LCD_plus_7K_plus_12Dblocky,1,3991,1309,4.303319553249117,18.518559177376176,100.81127,0.7395465237275746
A1_LCD_plus_7K_plus_12Dblocky,1,3991,1310,4.263747179151174,18.179540007719602,189.20146,0.6110548516056011
A1_LCD_plus_7K_plus_12Dblocky,1,3991,1311,2.736680342948276,7.489419299479488,7.946519,0.40406653667300296
A1_LCD_plus_7K_plus_12Dblocky,1,3991,1312,3.8462988631084616,14.794014944349446,59.227516,0.682796915772504
A1_LCD_plus_7K_plus_12Dblocky,1,3991,1313,3.8302660772220065,14.670938222317659,186.18787,0.7291307442117971
A1_LCD_plus_7K_plus_12Dblocky,1,3991,1314,4.066805799754797,16.53890941291926,98.04325,0.6591241395037357
A1_LCD_plus_7K_plus_12Dblocky,1,3991,1315,4.3310892495974125,18.758334087978277,105.18685,0.5965943807293723
A1_LCD_plus_7K_plus_12Dblocky,1,3991,1316,3.43677451614342,11.811419074812845,54.68072,0.6618845234422186
A1_LCD_plus_7K_plus_12Dblocky,1,3991,1317,2.398381934141139,5.752235902014592,44.894806,0.15293511046474365
A1_LCD_plus_7K_plus_12Dblocky,1,3991,1318,2.345351037231396,5.5006714878423875,7.40635,0.1044208775767973
A1_LCD_plus_7K_plus_12Dblocky,1,3991,1319,2.5827957905642513,6.670834095756416,67.3683,0.3548453194452265
A1_LCD_plus_7K_plus_12Dblocky,1,3991,1320,2.8828812490526796,8.311004296139537,94.4413,0.31905511331969055
A1_LCD_plus_7K_plus_12Dblocky,1,3991,1321,3.8188864847966593,14.583893983762577,62.185966,0.6194428803254238
A1_LCD_plus_7K_plus_12Dblocky,1,3991,1322,2.512796075253925,6.314144115811531,8.908287,0.14127898244234127
A1_LCD_plus_7K_plus_12Dblocky,1,3991,1323,3.227866156080872,10.419119921572307,46.077873,0.40569101159339804
A1_LCD_plus_7K_plus_12Dblocky,1,3991,1324,5.3177966199639615,28.278960891300134,119.10892,0.7719239970432372
A1_LCD_plus_7K_plus_12Dblocky,1,3991,1325,5.442679308927034,29.62275805982245,172.05478,0.7288037195289618
A1_LCD_plus_7K_plus_12Dblocky,1,3991,1326,4.999604539819138,24.99604555458014,178.43951,0.5899065444269997
A1_LCD_plus_7K_plus_12Dblocky,1,3991,1327,3.5276847273336727,12.444559535463247,104.809845,0.5247448558939158
A1_LCD_plus_7K_plus_12Dblocky,1,3991,1328,4.79643204533536,23.005760365519944,255.7017,0.7192803310263308
A1_LCD_plus_7K_plus_12Dblocky,1,3991,1329,5.149776688539048,26.520199941820195,263.82565,0.7042741818404661
A1_LCD_plus_7K_plus_12Dblocky,1,3991,1330,3.2456747575484335,10.534404631787083,44.1448,0.3545853962535751
A1_LCD_plus_7K_plus_12Dblocky,1,3991,1331,2.8458786936899867,8.099025539198625,106.93736,0.44562498201911993
A1_LCD_plus_7K_plus_12Dblocky,1,3991,1332,2.380149051623991,5.6651095079465845,41.63391,0.33765051879216357
A1_LCD_plus_7K_plus_12Dblocky,1,3991,1333,3.1084143803108204,9.662239959723099,136.32417,0.40148085071481876
A1_LCD_plus_7K_plus_12Dblocky,1,3991,1334,3.8582813316253834,14.886334833968942,85.03508,0.3220067974724875
A1_LCD_plus_7K_plus_12Dblocky,1,3991,1335,3.157040219732754,9.966902949010239,49.31487,0.43552877545519675
A1_LCD_plus_7K_plus_12Dblocky,1,3991,1336,2.826997792317632,7.991916517768765,10.398025,0.5895229922362041
A1_LCD_plus_7K_plus_12Dblocky,1,3991,1337,3.5597530592101063,12.671841842555711,116.540855,0.5660164308068123
A1_LCD_plus_7K_plus_12Dblocky,1,3991,1338,2.924916122841931,8.555134325660676,45.3458,0.19457217032414884
A1_LCD_plus_7K_plus_12Dblocky,1,3991,1339,2.284536089189898,5.219105142811072,10.248982,0.10842027358662075
A1_LCD_plus_7K_plus_12Dblocky,1,3991,1340,2.6099427835783957,6.811801333552941,35.682713,0.22683459340588247
A1_LCD_plus_7K_plus_12Dblocky,1,3991,1341,2.1737187436470125,4.725053176482346,11.348996,0.050234839240642024
A1_LCD_plus_7K_plus_12Dblocky,1,3991,1342,2.8841103445613387,8.318092479605728,55.438118,0.4917851389279053
A1_LCD_plus_7K_plus_12Dblocky,1,3991,1343,3.619144754164107,13.098208751593575,73.27545,0.36712030945975704
A1_LCD_plus_7K_plus_12Dblocky,1,3991,1344,3.3291238498120865,11.083065607387647,74.26239,0.48909271826865486
A1_LCD_plus_7K_plus_12Dblocky,1,3991,1345,3.5325620320490043,12.47899451027419,2.524869,0.35847242945136015
A1_LCD_plus_7K_plus_12Dblocky,1,3991,1346,2.8202217281779465,7.953650596087003,36.080116,0.41787891172422154
A1_LCD_plus_7K_plus_12Dblocky,1,3991,1347,3.1125824110596065,9.688169265637635,47.823437,0.3832470927218352
A1_LCD_plus_7K_plus_12Dblocky,1,3991,1348,3.609732579727825,13.030169297148499,47.9736,0.33306671806645716
A1_LCD_plus_7K_plus_12Dblocky,1,3991,1349,2.6093777990921714,6.808852498395104,10.785909,0.46248003778100805
A1_LCD_plus_7K_plus_12Dblocky,1,3991,1350,3.628820034301516,13.168334841348056,40.16335,0.41199514676964344
A1_LCD_plus_7K_plus_12Dblocky,1,3991,1351,3.594870350884806,12.923092839670645,117.927536,0.3291811745175316
A1_LCD_plus_7K_plus_12Dblocky,1,3991,1352,3.8490993579022175,14.815565867003265,126.82069,0.44395210365529425
A1_LCD_plus_7K_plus_12Dblocky,1,3991,1353,4.150095410014737,17.223291912225385,206.33582,0.5155154378866333
A1_LCD_plus_7K_plus_12Dblocky,1,3991,1354,6.020340157436527,36.244495611242876,269.92938,0.7101770504440814
A1_LCD_plus_7K_plus_12Dblocky,1,3991,1355,5.239996385815382,27.45756212335827,165.13878,0.5944268290251712
A1_LCD_plus_7K_plus_12Dblocky,1,3991,1356,3.59118866251272,12.896636009759897,106.243546,0.6515915972863698
A1_LCD_plus_7K_plus_12Dblocky,1,3991,1357,3.400704198964873,11.564789048857321,69.1075,0.44586566273633993
A1_LCD_plus_7K_plus_12Dblocky,1,3991,1358,3.2809952067745245,10.764929546877406,57.51423,0.16322837303083687
A1_LCD_plus_7K_plus_12Dblocky,1,3991,1359,4.119997183990788,16.974376796092013,64.40291,0.5374394195259268
A1_LCD_plus_7K_plus_12Dblocky,1,3991,1360,3.3015690567654605,10.900358236591172,52.58959,0.3339874737320877
A1_LCD_plus_7K_plus_12Dblocky,1,3991,1361,5.188046877916842,26.915830407462693,163.73749,0.7768298677220122
A1_LCD_plus_7K_plus_12Dblocky,1,3991,1362,3.951829469919018,15.616956159320424,80.23697,0.771947414810156
A1_LCD_plus_7K_plus_12Dblocky,1,3991,1363,2.954643830300037,8.729920163930073,43.476044,0.15785630609598872
A1_LCD_plus_7K_plus_12Dblocky,1,3991,1364,2.7083825202866216,7.3353358761941125,8.804464,0.16135769314093346
A1_LCD_plus_7K_plus_12Dblocky,1,3991,1365,3.0527048625322766,9.319006977728206,55.89387,0.30683701482374376
A1_LCD_plus_7K_plus_12Dblocky,1,3991,1366,3.5151168511083526,12.3560464769459,72.98057,0.3853659546768402
A1_LCD_plus_7K_plus_12Dblocky,1,3991,1367,3.6281989500187923,13.16382762091747,96.30885,0.398333307153629
A1_LCD_plus_7K_plus_12Dblocky,1,3991,1368,2.5646052181591465,6.577199925009126,2.0545135,0.17758640494534533
A1_LCD_plus_7K_plus_12Dblocky,1,3991,1369,2.7432030060062322,7.525162732161628,22.213802,0.306030437146863
A1_LCD_plus_7K_plus_12Dblocky,1,3991,1370,4.350449090942053,18.92640729287854,180.0821,0.49256770126540095
A1_LCD_plus_7K_plus_12Dblocky,1,3991,1371,4.681953295244551,21.92068665885131,176.78279,0.6632093471146892
A1_LCD_plus_7K_plus_12Dblocky,1,3991,1372,4.062215531466147,16.501595024084793,126.55055,0.40094705187627483
A1_LCD_plus_7K_plus_12Dblocky,1,3991,1373,2.908021574504408,8.456589477783094,25.412682,0.2264857996557881
A1_LCD_plus_7K_plus_12Dblocky,1,3991,1374,2.4991633651391387,6.245817525653582,26.720549,0.1747113979538285
A1_LCD_plus_7K_plus_12Dblocky,1,3991,1375,3.636589887389291,13.22478600906206,96.55224,0.5107360771086583
A1_LCD_plus_7K_plus_12Dblocky,1,3991,1376,4.0593327950922165,16.478182741311187,139.25237,0.4900784490508582
A1_LCD_plus_7K_plus_12Dblocky,1,3991,1377,5.314355908229575,28.24237871933459,132.17723,0.5940594577171906
A1_LCD_plus_7K_plus_12Dblocky,1,3991,1378,3.6678042272957243,13.45278784976838,69.25273,0.6710055145693616
A1_LCD_plus_7K_plus_12Dblocky,1,3991,1379,4.6077975516485425,21.231798276978303,246.03268,0.7701822209939866
A1_LCD_plus_7K_plus_12Dblocky,1,3991,1380,4.295390859834965,18.450382638753762,58.509445,0.4661022440697199
A1_LCD_plus_7K_plus_12Dblocky,1,3991,1381,3.8649132368794032,14.937554328605627,89.68715,0.6231416041270155
A1_LCD_plus_7K_plus_12Dblocky,1,3991,1382,3.008627285548126,9.051838143344687,33.820923,0.2883021139327584
A1_LCD_plus_7K_plus_12Dblocky,1,3991,1383,4.068003285710272,16.548650732549575,122.701,0.5318138559704717
A1_LCD_plus_7K_plus_12Dblocky,1,3991,1384,4.333054336704177,18.775359884830877,80.26739,0.6789963776086385
A1_LCD_plus_7K_plus_12Dblocky,1,3991,1385,3.649711979254102,13.320397531510897,54.72782,0.3930046328890073
A1_LCD_plus_7K_plus_12Dblocky,1,3991,1386,3.024183164599458,9.145683813046787,10.512084,0.1826679300637644
A1_LCD_plus_7K_plus_12Dblocky,1,3991,1387,2.389032596994112,5.707476749500433,48.084625,0.1112298741650207
A1_LCD_plus_7K_plus_12Dblocky,1,3991,1388,3.12558962554018,9.769310507284397,19.201117,0.5130020768034409
A1_LCD_plus_7K_plus_12Dblocky,1,3991,1389,3.370072671521794,11.357389811338043,43.95538,0.38499927622012
A1_LCD_plus_7K_plus_12Dblocky,1,3991,1390,3.319905277297913,11.02177105023053,24.790241,0.3127810752873617
A1_LCD_plus_7K_plus_12Dblocky,1,3991,1391,3.3758566186255563,11.396407909517977,72.02033,0.21069935451838745
A1_LCD_plus_7K_plus_12Dblocky,1,3991,1392,4.21406939638508,17.75838087754931,39.585754,0.5213600767993387
A1_LCD_plus_7K_plus_12Dblocky,1,3991,1393,1.9972629301221554,3.989059212040137,10.482465,0.060473569438875205
A1_LCD_plus_7K_plus_12Dblocky,1,3991,1394,2.6787057218144854,7.175464344081662,52.160187,0.14963613863434946
A1_LCD_plus_7K_plus_12Dblocky,1,3991,1395,3.139414295535612,9.855922119013364,79.30684,0.49208871363086637
A1_LCD_plus_7K_plus_12Dblocky,1,3991,1396,3.476792366630891,12.08808516066283,42.135513,0.48155402004354375
A1_LCD_plus_7K_plus_12Dblocky,1,3991,1397,3.9164942672524163,15.338927345421041,24.289846,0.3282003686966551
A1_LCD_plus_7K_plus_12Dblocky,1,3991,1398,3.0490031506354027,9.296420212584612,56.522835,0.17383223812135373
A1_LCD_plus_7K_plus_12Dblocky,1,3991,1399,2.3963735963954433,5.742606413501231,19.63836,0.12150903059104348
A1_LCD_plus_7K_plus_12Dblocky,1,3991,1400,3.076117410650518,9.462498324107248,25.055347,0.14861762799848827
A1_LCD_plus_7K_plus_12Dblocky,1,3991,1401,3.2925616253433967,10.84096205668395,70.05225,0.4872187653132046
A1_LCD_plus_7K_plus_12Dblocky,1,3991,1402,3.2603029291860106,10.62957519005888,62.64065,0.39700584809127937
A1_LCD_plus_7K_plus_12Dblocky,1,3991,1403,3.1856894456927756,10.148617244398343,72.547165,0.6262889587214439
A1_LCD_plus_7K_plus_12Dblocky,1,3991,1404,2.5690353453464367,6.599942605639285,20.696499,0.2405730425129949
A1_LCD_plus_7K_plus_12Dblocky,1,3991,1405,2.5551364372190952,6.528722212804693,36.254383,0.30598914827088614
A1_LCD_plus_7K_plus_12Dblocky,1,3991,1406,3.168125315522822,10.037018014856583,0.5557682,0.2984189639208286
A1_LCD_plus_7K_plus_12Dblocky,1,3991,1407,2.464754315516384,6.075013835856637,28.670143,0.28754268811922096
A1_LCD_plus_7K_plus_12Dblocky,1,3991,1408,3.1074221330295164,9.65607231284171,39.023872,0.16423680197851928
A1_LCD_plus_7K_plus_12Dblocky,1,3991,1409,4.437730051135881,19.693448006754473,65.11946,0.7760339099638669
A1_LCD_plus_7K_plus_12Dblocky,1,3991,1410,4.674770860407524,21.853482597315306,99.00423,0.859522495249586
A1_LCD_plus_7K_plus_12Dblocky,1,3991,1411,3.6705859926446123,13.473201529398828,102.30138,0.6393032213355128
A1_LCD_plus_7K_plus_12Dblocky,1,3991,1412,2.8659738187773223,8.213805929917068,13.094692,0.2686232936663305
A1_LCD_plus_7K_plus_12Dblocky,1,3991,1413,3.186740083433377,10.15531235936097,7.332606,0.5327578956032882
A1_LCD_plus_7K_plus_12Dblocky,1,3991,1414,3.5125994873141733,12.338355158279793,45.136955,0.413268797196866
A1_LCD_plus_7K_plus_12Dblocky,1,3991,1415,3.395892145815968,11.53208346601458,59.768337,0.2076189081211045
A1_LCD_plus_7K_plus_12Dblocky,1,3991,1416,2.6721823510004614,7.140558516998352,26.142673,0.42892135626833994
A1_LCD_plus_7K_plus_12Dblocky,1,3991,1417,2.271506954652461,5.159743845034497,58.658867,0.1114561355812927
A1_LCD_plus_7K_plus_12Dblocky,1,3991,1418,2.393457889817743,5.7286406703308055,46.224377,0.20456175856646236
A1_LCD_plus_7K_plus_12Dblocky,1,3991,1419,3.1910018642747646,10.182492897805023,115.86578,0.5559262242683706
A1_LCD_plus_7K_plus_12Dblocky,1,3991,1420,2.195024198840765,4.818131233496543,33.103405,0.07944569796736414
A1_LCD_plus_7K_plus_12Dblocky,1,3991,1421,2.562528665837187,6.566553163237313,41.310287,0.46932074102814536
A1_LCD_plus_7K_plus_12Dblocky,1,3991,1422,2.6197912628212885,6.86330626075476,66.95053,0.5080421066884134
A1_LCD_plus_7K_plus_12Dblocky,1,3991,1423,2.969638910074146,8.818755256226362,112.16102,0.4511922430818629
A1_LCD_plus_7K_plus_12Dblocky,1,3991,1424,2.5764943572979497,6.638323173188175,7.1112633,0.5381891750196162
A1_LCD_plus_7K_plus_12Dblocky,1,3991,1425,3.3748006851462042,11.38927966446329,88.54069,0.22055260022247714
A1_LCD_plus_7K_plus_12Dblocky,1,3991,1426,3.897313502870254,15.18905253965481,107.22258,0.3999010769442895
A1_LCD_plus_7K_plus_12Dblocky,1,3991,1427,2.963710579571295,8.78358039946282,24.683075,0.49633310572692135
A1_LCD_plus_7K_plus_12Dblocky,1,3991,1428,3.9080051666726403,15.272504382740047,121.54277,0.6090470996645213
A1_LCD_plus_7K_plus_12Dblocky,1,3991,1429,3.416622087107779,11.673306486112716,70.74206,0.377331583276911
A1_LCD_plus_7K_plus_12Dblocky,1,3991,1430,2.710391680626213,7.346223062407791,36.451584,0.16502199021854985
A1_LCD_plus_7K_plus_12Dblocky,1,3991,1431,2.7444011593608892,7.531737723501393,25.255108,0.3057289715447614
A1_LCD_plus_7K_plus_12Dblocky,1,3991,1432,2.4764007967156174,6.132560905973744,22.651373,0.47125705491888303
A1_LCD_plus_7K_plus_12Dblocky,1,3991,1433,3.6106761727335512,13.03698242434581,67.59515,0.24788973835040445
A1_LCD_plus_7K_plus_12Dblocky,1,3991,1434,3.3586310841509617,11.280402759425067,54.74684,0.41899780029557104
A1_LCD_plus_7K_plus_12Dblocky,1,3991,1435,3.704804421060346,13.725575798308286,56.577732,0.6032749787211393
A1_LCD_plus_7K_plus_12Dblocky,1,3991,1436,2.5958753543597015,6.738568855372106,30.237343,0.22657619842729554
A1_LCD_plus_7K_plus_12Dblocky,1,3991,1437,2.704641090492191,7.3150834283787916,24.415127,0.18808197645087588
A1_LCD_plus_7K_plus_12Dblocky,1,3991,1438,2.3440419913371797,5.49453285715197,48.092834,0.14836995019021187
A1_LCD_plus_7K_plus_12Dblocky,1,3991,1439,4.017584255747216,16.140983252027908,161.62468,0.5854303319335877
A1_LCD_plus_7K_plus_12Dblocky,1,3991,1440,3.197319096961868,10.222849407797055,28.06255,0.5588773877454215
A1_LCD_plus_7K_plus_12Dblocky,1,3991,1441,2.6919722422504604,7.24671455304697,20.340862,0.2013549992648
A1_LCD_plus_7K_plus_12Dblocky,1,3991,1442,2.07999125604008,4.3263636252031885,8.722654,0.22394477918323313
A1_LCD_plus_7K_plus_12Dblocky,1,3991,1443,2.7527494035581794,7.57762927878991,28.17562,0.5052644930175918
A1_LCD_plus_7K_plus_12Dblocky,1,3991,1444,4.576422816077982,20.94364579151913,117.969025,0.4156143963127331
A1_LCD_plus_7K_plus_12Dblocky,1,3991,1445,6.136649005441955,37.65846101599174,250.9951,0.6520810771469228
A1_LCD_plus_7K_plus_12Dblocky,1,3991,1446,2.43053991704943,5.9075242883706505,6.976618,0.06495326937040458
A1_LCD_plus_7K_plus_12Dblocky,1,3991,1447,2.9656633774931223,8.795159268603912,17.136555,0.37138447715636536
A1_LCD_plus_7K_plus_12Dblocky,1,3991,1448,2.5665891984605023,6.58738011365412,10.0229025,0.2585227754826887
A1_LCD_plus_7K_plus_12Dblocky,1,3991,1449,3.0305714827505423,9.184363512060818,69.417885,0.5194021579460198
A1_LCD_plus_7K_plus_12Dblocky,1,3991,1450,2.6619366621163265,7.08590679311901,20.520481,0.25242569718591823
A1_LCD_plus_7K_plus_12Dblocky,1,3991,1451,3.6488570949875396,13.314158099640911,68.42743,0.41590378404878936
A1_LCD_plus_7K_plus_12Dblocky,1,3991,1452,3.845656510812401,14.789073999153809,28.303236,0.18300057887342722
A1_LCD_plus_7K_plus_12Dblocky,1,3991,1453,4.876634338826317,23.78156247461999,130.1013,0.5832828851925806
A1_LCD_plus_7K_plus_12Dblocky,1,3991,1454,3.4404230630950847,11.836510853076565,112.09531,0.57146816335183
A1_LCD_plus_7K_plus_12Dblocky,1,3991,1455,2.9409107729462214,8.64895617443114,14.288402,0.14005292870364272
A1_LCD_plus_7K_plus_12Dblocky,1,3991,1456,3.5571562508178682,12.653360592732632,8.026122,0.5383196884209474
A1_LCD_plus_7K_plus_12Dblocky,1,3991,1457,3.3455842770652278,11.192934154946062,91.69183,0.4430593682417069
A1_LCD_plus_7K_plus_12Dblocky,1,3991,1458,2.909181952557955,8.463339633088916,74.857254,0.46960306812306574
A1_LCD_plus_7K_plus_12Dblocky,1,3991,1459,3.5401113599737806,12.53238844101541,48.07359,0.5571504330973475
A1_LCD_plus_7K_plus_12Dblocky,1,3991,1460,2.551929690092613,6.512345143176178,28.471344,0.26417854313712763
A1_LCD_plus_7K_plus_12Dblocky,1,3991,1461,2.112402483684213,4.462244253075232,36.31227,0.02479931910236389
A1_LCD_plus_7K_plus_12Dblocky,1,3991,1462,3.3073959622523743,10.93886805112331,47.98835,0.32911014905661967
A1_LCD_plus_7K_plus_12Dblocky,1,3991,1463,3.0585154078510914,9.354516500062529,34.90966,0.4538141425921227
A1_LCD_plus_7K_plus_12Dblocky,1,3991,1464,4.309438762338079,18.571262446341958,83.64879,0.5282451076309684
A1_LCD_plus_7K_plus_12Dblocky,1,3991,1465,2.95581209811532,8.73682515936489,31.770496,0.18422406514963346
A1_LCD_plus_7K_plus_12Dblocky,1,3991,1466,3.4468463856943985,11.880750006574539,30.020273,0.1180356955941632
A1_LCD_plus_7K_plus_12Dblocky,1,3991,1467,2.8667548988302936,8.218283649967487,33.95888,0.3887945975341486
A1_LCD_plus_7K_plus_12Dblocky,1,3991,1468,3.536536495744749,12.507090385734553,40.23013,0.22809268338662778
A1_LCD_plus_7K_plus_12Dblocky,1,3991,1469,4.166573930491997,17.360338318255533,129.31964,0.6432639195725882
A1_LCD_plus_7K_plus_12Dblocky,1,3991,1470,3.036910460341466,9.222825144131413,72.53595,0.5424558508618467
A1_LCD_plus_7K_plus_12Dblocky,1,3991,1471,3.8851004658454142,15.094005629712257,163.1409,0.5586384289541041
A1_LCD_plus_7K_plus_12Dblocky,1,3991,1472,3.2277435904401828,10.41832868562768,29.37508,0.33453218558642184
A1_LCD_plus_7K_plus_12Dblocky,1,3991,1473,4.344998418169955,18.879011253899407,170.96155,0.5081768191107454
A1_LCD_plus_7K_plus_12Dblocky,1,3991,1474,3.6543394578432506,13.354196873150109,159.5484,0.7066491589608546
A1_LCD_plus_7K_plus_12Dblocky,1,3991,1475,3.091678307847156,9.558474759212658,11.610746,0.2607032456188023
A1_LCD_plus_7K_plus_12Dblocky,1,3991,1476,3.6671334998855545,13.447868105982883,70.65175,0.62870339759048
A1_LCD_plus_7K_plus_12Dblocky,1,3991,1477,4.450525238360725,19.80717489728579,110.74884,0.8315793670125742
A1_LCD_plus_7K_plus_12Dblocky,1,3991,1478,2.5290535742481213,6.396111981417198,49.231117,0.23271049380926423
A1_LCD_plus_7K_plus_12Dblocky,1,3991,1479,3.772078542653786,14.228576531949107,97.52353,0.3637789950335292
A1_LCD_plus_7K_plus_12Dblocky,1,3991,1480,3.471844897864358,12.053706994826774,140.00385,0.44716632432743
A1_LCD_plus_7K_plus_12Dblocky,1,3991,1481,3.53695485768186,12.510049665279306,52.477417,0.4553816082364833
A1_LCD_plus_7K_plus_12Dblocky,1,3991,1482,3.6625130578159766,13.414001898672533,86.32526,0.4346731409356826
A1_LCD_plus_7K_plus_12Dblocky,1,3991,1483,3.6413483610249053,13.259417886338765,59.993317,0.5250174436313267
A1_LCD_plus_7K_plus_12Dblocky,1,3991,1484,3.916381257670039,15.338042155429154,88.08389,0.509586115447029
A1_LCD_plus_7K_plus_12Dblocky,1,3991,1485,3.440172531774387,11.834787048374999,22.11367,0.36437152784661564
A1_LCD_plus_7K_plus_12Dblocky,1,3991,1486,4.183620564614317,17.502681028663822,143.79727,0.2642499635967321
A1_LCD_plus_7K_plus_12Dblocky,1,3991,1487,3.907189527278127,15.266130002071877,111.51077,0.5794716933225638
A1_LCD_plus_7K_plus_12Dblocky,1,3991,1488,4.339277735615519,18.82933126680854,166.66605,0.7682365872609085
A1_LCD_plus_7K_plus_12Dblocky,1,3991,1489,4.496694864713773,20.220264706343226,56.65605,0.5170619612885088
A1_LCD_plus_7K_plus_12Dblocky,1,3991,1490,3.696599516683345,13.664847986743542,112.59139,0.5221667178811107
A1_LCD_plus_7K_plus_12Dblocky,1,3991,1491,3.4576199370346288,11.955135628979354,85.60075,0.198102883776703
A1_LCD_plus_7K_plus_12Dblocky,1,3991,1492,3.4906677203152965,12.184761133651188,45.0643,0.3363345078592871
A1_LCD_plus_7K_plus_12Dblocky,1,3991,1493,2.6358191643072706,6.947542666929477,47.461605,0.21751221103415258
A1_LCD_plus_7K_plus_12Dblocky,1,3991,1494,3.682598451397449,13.561531354234885,59.941288,0.4108497551643781
A1_LCD_plus_7K_plus_12Dblocky,1,3991,1495,3.234138572049075,10.459652303215636,92.98359,0.469726918520454
A1_LCD_plus_7K_plus_12Dblocky,1,3991,1496,3.19182901906019,10.187772486914733,27.065891,0.21757585496138504
A1_LCD_plus_7K_plus_12Dblocky,1,3991,1497,2.904344664889581,8.435217932472574,87.2002,0.1594042031453779
A1_LCD_plus_7K_plus_12Dblocky,1,3991,1498,3.7543524833570716,14.095162569289412,105.059364,0.4797108516738816
A1_LCD_plus_7K_plus_12Dblocky,1,3991,1499,3.9783895827372455,15.827583672032238,163.39963,0.7160794008897827
A1_LCD_plus_7K_plus_12Dblocky,1,3991,1500,3.5327256072155007,12.480150215876124,58.5763,0.6645820682844401
A1_LCD_plus_7K_plus_12Dblocky,1,3991,1501,4.425441580947691,19.584533186380803,76.305305,0.5342143963828407
A1_LCD_plus_7K_plus_12Dblocky,1,3991,1502,3.4447193580336624,11.866091455611848,101.40791,0.532970524660818
A1_LCD_plus_7K_plus_12Dblocky,1,3991,1503,2.583299070501941,6.673434087656193,88.48624,0.42731282864124853
A1_LCD_plus_7K_plus_12Dblocky,1,3991,1504,3.4284055879024726,11.753964875160898,14.654204,0.1829834824381174
A1_LCD_plus_7K_plus_12Dblocky,1,3991,1505,2.5501333400392037,6.503180051979506,7.2863855,0.22327002140011978
A1_LCD_plus_7K_plus_12Dblocky,1,3991,1506,3.5925250143877454,12.906235979001675,51.457977,0.44552593289935405
A1_LCD_plus_7K_plus_12Dblocky,1,3991,1507,3.296505953723266,10.866951502932938,120.786835,0.26497077847309214
A1_LCD_plus_7K_plus_12Dblocky,1,3991,1508,2.7614501255964066,7.625606796156408,70.24075,0.21409739957942986
A1_LCD_plus_7K_plus_12Dblocky,1,3991,1509,2.413653556063268,5.825723488696861,36.989838,0.12958525037781252
A1_LCD_plus_7K_plus_12Dblocky,1,3991,1510,3.2593452329728,10.623331347702518,15.596234,0.27669891561661375
A1_LCD_plus_7K_plus_12Dblocky,1,3991,1511,3.0079186286808706,9.047574476765407,34.415546,0.2539316285742455
A1_LCD_plus_7K_plus_12Dblocky,1,3991,1512,3.2499967873081217,10.56247911751311,42.980343,0.16257806947012898
A1_LCD_plus_7K_plus_12Dblocky,1,3991,1513,3.1170830049726455,9.716206459889296,70.34286,0.5443845465172663
A1_LCD_plus_7K_plus_12Dblocky,1,3991,1514,3.0605779429664084,9.367137344972495,74.13373,0.20395353689345785
A1_LCD_plus_7K_plus_12Dblocky,1,3991,1515,4.127496467150703,17.03622708634153,105.01858,0.6273302599729346
A1_LCD_plus_7K_plus_12Dblocky,1,3991,1516,3.9735627728897387,15.78920111009519,79.15684,0.7085882287231062
A1_LCD_plus_7K_plus_12Dblocky,1,3991,1517,3.5728982368619704,12.765601810971374,59.538765,0.6003444065796593
A1_LCD_plus_7K_plus_12Dblocky,1,3991,1518,3.1236411923162333,9.75713429833478,17.575935,0.5052834696719654
A1_LCD_plus_7K_plus_12Dblocky,1,3991,1519,3.3706961958014836,11.361592844390593,15.556681,0.40842047865726305
A1_LCD_plus_7K_plus_12Dblocky,1,3991,1520,2.7713604036162414,7.680438486731974,91.64429,0.5178493316071276
A1_LCD_plus_7K_plus_12Dblocky,1,3991,1521,3.004679573783507,9.028099341111835,95.39221,0.3328934560993652
A1_LCD_plus_7K_plus_12Dblocky,1,3991,1522,2.752676220733462,7.577226376191456,22.518759,0.38077920827131284
A1_LCD_plus_7K_plus_12Dblocky,1,3991,1523,4.239849206803611,17.976321296433213,169.02597,0.689027673110173
A1_LCD_plus_7K_plus_12Dblocky,1,3991,1524,2.9192158272659445,8.521821046159994,4.4414635,0.21085311420867062
A1_LCD_plus_7K_plus_12Dblocky,1,3991,1525,2.3232754001616236,5.397608584996153,41.55291,0.10798761047513476
A1_LCD_plus_7K_plus_12Dblocky,1,3991,1526,2.937257683942489,8.627482701879195,71.68974,0.5455586501995705
A1_LCD_plus_7K_plus_12Dblocky,1,3991,1527,2.4894544802414473,6.197383609194213,34.30031,0.2539539841596765
A1_LCD_plus_7K_plus_12Dblocky,1,3991,1528,2.2309873842017156,4.977304708467213,15.588012,0.059397963194922854
A1_LCD_plus_7K_plus_12Dblocky,1,3991,1529,3.5479359784732925,12.587849707345237,128.5702,0.46470208779001687
A1_LCD_plus_7K_plus_12Dblocky,1,3991,1530,4.431867295251086,19.64144772271618,199.28491,0.47529771717601027
A1_LCD_plus_7K_plus_12Dblocky,1,3991,1531,3.6938527051879513,13.644547807624347,79.14773,0.33927966744100096
A1_LCD_plus_7K_plus_12Dblocky,1,3991,1532,3.82049298131772,14.596166620297957,27.10606,0.24476831157607856
A1_LCD_plus_7K_plus_12Dblocky,1,3991,1533,3.8072000249856757,14.49477203025093,138.76953,0.3424672397663255
A1_LCD_plus_7K_plus_12Dblocky,1,3991,1534,3.27317540290903,10.71367721820869,72.20905,0.45933994718414706
A1_LCD_plus_7K_plus_12Dblocky,1,3991,1535,2.651397979664627,7.029911246569666,16.406458,0.1190710434053292
A1_LCD_plus_7K_plus_12Dblocky,1,3991,1536,3.4304920744243206,11.768275872688074,7.3895073,0.3172221872480253
A1_LCD_plus_7K_plus_12Dblocky,1,3991,1537,2.8461527142389214,8.100585272769578,47.796383,0.1501784840487201
A1_LCD_plus_7K_plus_12Dblocky,1,3991,1538,3.9313942117059177,15.455860447834795,128.1818,0.624291058484235
A1_LCD_plus_7K_plus_12Dblocky,1,3991,1539,2.7077369020458284,7.331839130700742,43.945877,0.18435189941497737
A1_LCD_plus_7K_plus_12Dblocky,1,3991,1540,2.926193230132191,8.562606820071467,10.259107,0.17526214817891705
A1_LCD_plus_7K_plus_12Dblocky,1,3991,1541,3.9377064952902447,15.505532443050981,16.488047,0.6991116001054389
A1_LCD_plus_7K_plus_12Dblocky,1,3991,1542,2.915151876098221,8.498110460718976,38.64895,0.19652632141624216
A1_LCD_plus_7K_plus_12Dblocky,1,3991,1543,2.8705873332349885,8.240271637729164,84.18705,0.3030184029783929
A1_LCD_plus_7K_plus_12Dblocky,1,3991,1544,3.876503068814685,15.027276042529671,47.62108,0.5669008120361381
A1_LCD_plus_7K_plus_12Dblocky,1,3991,1545,3.31565256434819,10.993551927468731,34.069622,0.5373832846256619
A1_LCD_plus_7K_plus_12Dblocky,1,3991,1546,3.5254173723452267,12.428567649233521,49.246597,0.42667079215916437
A1_LCD_plus_7K_plus_12Dblocky,1,3991,1547,2.3656599308507906,5.596346908432969,7.730458,0.076161840563515
A1_LCD_plus_7K_plus_12Dblocky,1,3991,1548,2.998746569612878,8.992480988765,31.311466,0.3798699397327977
A1_LCD_plus_7K_plus_12Dblocky,1,3991,1549,3.045336284356419,9.274073084817758,43.26204,0.4967764657722505
A1_LCD_plus_7K_plus_12Dblocky,1,3991,1550,3.6198076716571546,13.103007579787985,29.097378,0.19619158515810867
A1_LCD_plus_7K_plus_12Dblocky,1,3991,1551,3.3142729679883236,10.984405306338129,110.98855,0.2821045146396027
A1_LCD_plus_7K_plus_12Dblocky,1,3991,1552,2.782458421475684,7.7420748672409525,49.12098,0.19950782236044715
A1_LCD_plus_7K_plus_12Dblocky,1,3991,1553,3.6500255561140174,13.32268656028544,17.248909,0.13152681345474593
A1_LCD_plus_7K_plus_12Dblocky,1,3991,1554,4.2384324234415125,17.96430940808029,130.68654,0.3882190033232021
A1_LCD_plus_7K_plus_12Dblocky,1,3991,1555,4.252140530211087,18.08069908866382,119.0093,0.7808238364111612
A1_LCD_plus_7K_plus_12Dblocky,1,3991,1556,4.385515608588047,19.23274715316939,236.33208,0.706262898049983
A1_LCD_plus_7K_plus_12Dblocky,1,3991,1557,4.245664866019543,18.02567015455275,118.39619,0.5504027327800958
A1_LCD_plus_7K_plus_12Dblocky,1,3991,1558,4.410038478700097,19.448439383615455,186.67807,0.7446361367096522
A1_LCD_plus_7K_plus_12Dblocky,1,3991,1559,2.923282508177631,8.545580622617301,60.248493,0.3583701322145718
A1_LCD_plus_7K_plus_12Dblocky,1,3991,1560,2.896288744736195,8.38848849288557,24.706135,0.21622003535598938
A1_LCD_plus_7K_plus_12Dblocky,1,3991,1561,4.693076697430267,22.02496888796298,180.34946,0.7186429086715335
A1_LCD_plus_7K_plus_12Dblocky,1,3991,1562,4.969554194775138,24.69646889480717,195.2341,0.8200365956310495
A1_LCD_plus_7K_plus_12Dblocky,1,3991,1563,5.065218493607047,25.65643838797884,176.66902,0.7969159795198062
A1_LCD_plus_7K_plus_12Dblocky,1,3991,1564,4.457931062552039,19.873149358466357,213.82568,0.6454717222973673
A1_LCD_plus_7K_plus_12Dblocky,1,3991,1565,4.632315752075989,21.45834922693134,154.39772,0.35562780195687693
A1_LCD_plus_7K_plus_12Dblocky,1,3991,1566,3.134508250504426,9.825141972480314,31.93545,0.33716690173366715
A1_LCD_plus_7K_plus_12Dblocky,1,3991,1567,4.3425741189082006,18.857949978211334,86.1117,0.4157082054354845
A1_LCD_plus_7K_plus_12Dblocky,1,3991,1568,3.3094467138192334,10.952437551608918,80.483345,0.4809342324494479
A1_LCD_plus_7K_plus_12Dblocky,1,3991,1569,4.223649335507658,17.839213709334285,119.09975,0.597101346534796
A1_LCD_plus_7K_plus_12Dblocky,1,3991,1570,4.1745289172642925,17.42669168107579,131.26538,0.735783518910464
A1_LCD_plus_7K_plus_12Dblocky,1,3991,1571,4.19513047288498,17.599119684528162,183.17422,0.3211475756696424
A1_LCD_plus_7K_plus_12Dblocky,1,3991,1572,3.526786118361558,12.438220324667787,140.1461,0.7525516335206517
A1_LCD_plus_7K_plus_12Dblocky,1,3991,1573,3.3258245588383657,11.06110899617241,65.72297,0.35886130191008925
A1_LCD_plus_7K_plus_12Dblocky,1,3991,1574,3.0635455740701394,9.385311484404738,42.736145,0.241105721158079
A1_LCD_plus_7K_plus_12Dblocky,1,3991,1575,3.7403485958704366,13.990207618629945,99.755806,0.4134883935090282
A1_LCD_plus_7K_plus_12Dblocky,1,3991,1576,4.267894175827401,18.214920696061448,182.08946,0.7500299831334151
A1_LCD_plus_7K_plus_12Dblocky,1,3991,1577,3.650608951047888,13.326945713470957,66.42633,0.4005530483658093
A1_LCD_plus_7K_plus_12Dblocky,1,3991,1578,4.0074472089756386,16.059633132726635,143.1784,0.48127026845029053
A1_LCD_plus_7K_plus_12Dblocky,1,3991,1579,3.051484981000871,9.311560589273887,47.25715,0.20786506625210258
A1_LCD_plus_7K_plus_12Dblocky,1,3991,1580,2.6327260558646532,6.931246485228651,86.59275,0.3282722788472638
A1_LCD_plus_7K_plus_12Dblocky,1,3991,1581,3.2071950709371144,10.286100223043322,47.76251,0.12164600438505235
A1_LCD_plus_7K_plus_12Dblocky,1,3991,1582,1.9465289173065679,3.7889748259106777,8.94144,0.12364396645016816
A1_LCD_plus_7K_plus_12Dblocky,1,3991,1583,2.174500802636479,4.728453740666692,3.8742487,0.0616989472513617
A1_LCD_plus_7K_plus_12Dblocky,1,3991,1584,2.4276028581822584,5.893255637054669,19.396425,0.225413289511603
A1_LCD_plus_7K_plus_12Dblocky,1,3991,1585,2.296839167240077,5.275470160168092,8.475253,0.15208063046296347
A1_LCD_plus_7K_plus_12Dblocky,1,3991,1586,3.9749079899932105,15.799893528911875,120.40256,0.3413954417191137
A1_LCD_plus_7K_plus_12Dblocky,1,3991,1587,5.629272198313534,31.688705482705686,233.95844,0.8891458326730431
A1_LCD_plus_7K_plus_12Dblocky,1,3991,1588,4.808827650303313,23.124823370321685,204.14085,0.8439819653686906
A1_LCD_plus_7K_plus_12Dblocky,1,3991,1589,4.111745692690888,16.90645264136207,51.36702,0.27430210753137646
A1_LCD_plus_7K_plus_12Dblocky,1,3991,1590,2.832359755010659,8.022261781804042,57.643257,0.2717468809877244
A1_LCD_plus_7K_plus_12Dblocky,1,3991,1591,2.1914066487302866,4.802263100099306,30.919292,0.16926453118951107
A1_LCD_plus_7K_plus_12Dblocky,1,3991,1592,3.925720975441824,15.411285177023903,98.79391,0.3585521777737689
A1_LCD_plus_7K_plus_12Dblocky,1,3991,1593,3.9639830522434143,15.713161638473016,111.028404,0.5930938348170167
A1_LCD_plus_7K_plus_12Dblocky,1,3991,1594,2.358387876431518,5.561993375699164,16.643688,0.26341964922686645
A1_LCD_plus_7K_plus_12Dblocky,1,3991,1595,2.4966964562738347,6.2334931947703245,33.63534,0.2030192096734446
A1_LCD_plus_7K_plus_12Dblocky,1,3991,1596,3.4131816045358043,11.649808665541604,73.865616,0.5317369930525135
A1_LCD_plus_7K_plus_12Dblocky,1,3991,1597,4.740607696220134,22.47336132946156,227.57382,0.723500326980786
A1_LCD_plus_7K_plus_12Dblocky,1,3991,1598,5.059437942077655,25.59791228973497,217.77005,0.8249644520803177
A1_LCD_plus_7K_plus_12Dblocky,1,3991,1599,3.4636044958228833,11.99655610348449,148.80756,0.5934200467556459
A1_LCD_plus_7K_plus_12Dblocky,1,3991,1600,3.0481033115244025,9.290933797726025,23.088055,0.2954750737773927
A1_LCD_plus_7K_plus_12Dblocky,1,3991,1601,3.193273289977996,10.19699430448689,70.20721,0.292475988555872
A1_LCD_plus_7K_plus_12Dblocky,1,3991,1602,3.5592596951631403,12.668329577612809,35.747044,0.4948861484140088
A1_LCD_plus_7K_plus_12Dblocky,1,3991,1603,3.570893324853303,12.751279137481875,93.85305,0.5293868130946509
A1_LCD_plus_7K_plus_12Dblocky,1,3991,1604,4.338717050074725,18.824465640609127,96.90451,0.5643204917243833
A1_LCD_plus_7K_plus_12Dblocky,1,3991,1605,4.5888594893113686,21.057631412642998,122.29394,0.3057037678156549
A1_LCD_plus_7K_plus_12Dblocky,1,3991,1606,3.4985207302857173,12.239647300238909,34.695316,0.49960592659197023
A1_LCD_plus_7K_plus_12Dblocky,1,3991,1607,2.753720548798732,7.58297686087639,22.132769,0.3685258305392514
A1_LCD_plus_7K_plus_12Dblocky,1,3991,1608,2.859839048285269,8.178679382097195,21.453745,0.34150120045333265
A1_LCD_plus_7K_plus_12Dblocky,1,3991,1609,3.6398899047090127,13.248798518402584,49.776966,0.5396408440800622
A1_LCD_plus_7K_plus_12Dblocky,1,3991,1610,4.79442706162247,22.986530849217864,141.98436,0.3502727870967274
A1_LCD_plus_7K_plus_12Dblocky,1,3991,1611,4.657346113949926,21.690872825124476,54.822052,0.5607471465303455
A1_LCD_plus_7K_plus_12Dblocky,1,3991,1612,3.7401293396566633,13.988567477360592,77.474884,0.723926717120553
A1_LCD_plus_7K_plus_12Dblocky,1,3991,1613,3.8878085439820778,15.115055274660046,82.225525,0.618741090834408
A1_LCD_plus_7K_plus_12Dblocky,1,3991,1614,4.642733927951089,21.55497832574815,68.73326,0.330425107519874
A1_LCD_plus_7K_plus_12Dblocky,1,3991,1615,3.3723451500474226,11.37271181104837,90.21116,0.317650337463775
A1_LCD_plus_7K_plus_12Dblocky,1,3991,1616,4.173274676332946,17.416221524121852,46.766487,0.7002878769884838
A1_LCD_plus_7K_plus_12Dblocky,1,3991,1617,4.789287520334713,22.937274952433825,114.54319,0.7548947244026203
A1_LCD_plus_7K_plus_12Dblocky,1,3991,1618,3.8576721631742372,14.881634518529397,126.04784,0.7424302549968225
A1_LCD_plus_7K_plus_12Dblocky,1,3991,1619,3.494747689095864,12.213261410440879,92.11601,0.527081459367092
A1_LCD_plus_7K_plus_12Dblocky,1,3991,1620,3.4433944093775453,11.856965058532534,77.30153,0.5582028978498409
A1_LCD_plus_7K_plus_12Dblocky,1,3991,1621,3.228505505261195,10.423247797501842,63.711998,0.5442980224235308
A1_LCD_plus_7K_plus_12Dblocky,1,3991,1622,4.70560031123822,22.142674289125228,176.30708,0.665504123614638
A1_LCD_plus_7K_plus_12Dblocky,1,3991,1623,3.4515750501658893,11.913370326927662,120.679565,0.5010980621907533
A1_LCD_plus_7K_plus_12Dblocky,1,3991,1624,4.448654517278525,19.790527014102626,184.62906,0.5414019523449702
A1_LCD_plus_7K_plus_12Dblocky,1,3991,1625,3.6822508915927328,13.55897162863548,79.68855,0.39610184824436206
A1_LCD_plus_7K_plus_12Dblocky,1,3991,1626,3.3768438954727893,11.403074694391847,79.78746,0.4696587366776247
A1_LCD_plus_7K_plus_12Dblocky,1,3991,1627,2.3587051873965117,5.563490161051213,24.416325,0.23080173933348586
A1_LCD_plus_7K_plus_12Dblocky,1,3991,1628,3.401831322942571,11.572456349753201,76.73541,0.031227220408079785
A1_LCD_plus_7K_plus_12Dblocky,1,3991,1629,3.918947541443693,15.358149832587568,136.7256,0.5444627443794416
A1_LCD_plus_7K_plus_12Dblocky,1,3991,1630,5.310163137992779,28.19783255209732,293.22192,0.5619463487678141
A1_LCD_plus_7K_plus_12Dblocky,1,3991,1631,4.601836058598952,21.17689511022154,199.48369,0.61517432008535
A1_LCD_plus_7K_plus_12Dblocky,1,3991,1632,3.94388973775088,15.554266263536707,53.16237,0.559982486630333
A1_LCD_plus_7K_plus_12Dblocky,1,3991,1633,2.869498342377922,8.23402073690964,75.31627,0.39759193767966683
A1_LCD_plus_7K_plus_12Dblocky,1,3991,1634,3.440818917028136,11.839234819778673,54.260418,0.5511319534283101
A1_LCD_plus_7K_plus_12Dblocky,1,3991,1635,3.060221415105121,9.364955109467985,84.708084,0.5961925110840045
A1_LCD_plus_7K_plus_12Dblocky,1,3991,1636,3.872584474338259,14.996910510885728,126.41667,0.4684469128322567
A1_LCD_plus_7K_plus_12Dblocky,1,3991,1637,3.0468522368544546,9.283308553224993,47.472313,0.34005396238727364
A1_LCD_plus_7K_plus_12Dblocky,1,3991,1638,2.6353227438631763,6.9449259643225405,20.323936,0.20035471950405606
A1_LCD_plus_7K_plus_12Dblocky,1,3991,1639,3.36546280709103,11.326339905913038,125.94564,0.53159783711191
A1_LCD_plus_7K_plus_12Dblocky,1,3991,1640,3.6830900950413383,13.56515264819161,134.18419,0.643993118393216
A1_LCD_plus_7K_plus_12Dblocky,1,3991,1641,4.826642561374882,23.29647841527548,173.36328,0.7715317124715226
A1_LCD_plus_7K_plus_12Dblocky,1,3991,1642,5.108304140282983,26.094771189632265,119.26253,0.7834883447826053
A1_LCD_plus_7K_plus_12Dblocky,1,3991,1643,4.280408200713331,18.32189436473394,70.086555,0.670303850158901
A1_LCD_plus_7K_plus_12Dblocky,1,3991,1644,3.577722651027374,12.800099367674338,58.966293,0.4084928344116348
A1_LCD_plus_7K_plus_12Dblocky,1,3991,1645,2.9088254315401376,8.461265391174669,44.68295,0.18199771723663333
A1_LCD_plus_7K_plus_12Dblocky,1,3991,1646,3.3375122891937963,11.138988280519612,52.23618,0.21084861587032555
A1_LCD_plus_7K_plus_12Dblocky,1,3991,1647,3.1007471309883674,9.614632770332593,47.42308,0.30473891653037455
A1_LCD_plus_7K_plus_12Dblocky,1,3991,1648,4.269625673282283,18.229703389951183,90.563644,0.46776017750734655
A1_LCD_plus_7K_plus_12Dblocky,1,3991,1649,2.8612907012391817,8.186984476997807,53.234043,0.48349943979460397
A1_LCD_plus_7K_plus_12Dblocky,1,3991,1650,2.387258291983337,5.699002152643201,8.97807,0.13332352307615677
A1_LCD_plus_7K_plus_12Dblocky,1,3991,1651,2.851742154916709,8.132433318128994,15.464532,0.22200596927504063
A1_LCD_plus_7K_plus_12Dblocky,1,3991,1652,4.058148090797928,16.46856592684687,102.928215,0.8472585060883051
A1_LCD_plus_7K_plus_12Dblocky,1,3991,1653,4.027956383893587,16.224432630549096,66.88785,0.6862282578347721
A1_LCD_plus_7K_plus_12Dblocky,1,3991,1654,5.155907820437044,26.583385452843864,242.30154,0.6643568718470404
A1_LCD_plus_7K_plus_12Dblocky,1,3991,1655,5.698585904483651,32.473881310779745,265.44495,0.6906841897343676
A1_LCD_plus_7K_plus_12Dblocky,1,3991,1656,2.8366482830956463,8.046573481989476,65.34402,0.15440676585524754
A1_LCD_plus_7K_plus_12Dblocky,1,3991,1657,3.5691435160107847,12.738785437881821,50.498135,0.5925846384681017
A1_LCD_plus_7K_plus_12Dblocky,1,3991,1658,2.6893688796298645,7.232704970721592,31.450413,0.4524699088044408
A1_LCD_plus_7K_plus_12Dblocky,1,3991,1659,3.202225457796088,10.254247882557365,34.233902,0.34119469313817574
A1_LCD_plus_7K_plus_12Dblocky,1,3991,1660,2.6449427229525577,6.99572200769969,24.860725,0.31900806642264884
A1_LCD_plus_7K_plus_12Dblocky,1,3991,1661,3.852952284698004,14.845241308159572,112.10545,0.758285977722848
A1_LCD_plus_7K_plus_12Dblocky,1,3991,1662,3.5647220033567715,12.707242961215917,112.99222,0.3392608436333303
A1_LCD_plus_7K_plus_12Dblocky,1,3991,1663,4.831360674314782,23.342045965315382,145.17178,0.6856265053793136
A1_LCD_plus_7K_plus_12Dblocky,1,3991,1664,4.659464530503984,21.71060971102471,129.68332,0.6215191004772389
A1_LCD_plus_7K_plus_12Dblocky,1,3991,1665,3.681617569613095,13.554307928883835,87.72778,0.5448432126916505
A1_LCD_plus_7K_plus_12Dblocky,1,3991,1666,2.7071597140566532,7.3287137174113015,2.561673,0.36052015380175884
A1_LCD_plus_7K_plus_12Dblocky,1,3991,1667,3.5909727650751884,12.895085399511744,64.99808,0.3339249807921271
A1_LCD_plus_7K_plus_12Dblocky,1,3991,1668,2.6668757845956796,7.1122264504628205,30.342302,0.15394656389326747
A1_LCD_plus_7K_plus_12Dblocky,1,3991,1669,2.562262143266271,6.565187290815463,52.011925,0.29937118796419027
A1_LCD_plus_7K_plus_12Dblocky,1,3991,1670,2.7731266588683954,7.690231466126592,98.05855,0.4906137484772704
A1_LCD_plus_7K_plus_12Dblocky,1,3991,1671,2.4986150578978332,6.243077207553791,48.1818,0.2168821175230996
A1_LCD_plus_7K_plus_12Dblocky,1,3991,1672,3.0999534795931156,9.609711575641466,51.257797,0.27347287730309516
A1_LCD_plus_7K_plus_12Dblocky,1,3991,1673,2.7667993025420574,7.6551783805472144,57.44172,0.21260495194415047
A1_LCD_plus_7K_plus_12Dblocky,1,3991,1674,2.968090608778137,8.80956186191697,34.504257,0.28783952015037584
A1_LCD_plus_7K_plus_12Dblocky,1,3991,1675,3.8564603983318735,14.87228680390203,131.49326,0.37701793203927675
A1_LCD_plus_7K_plus_12Dblocky,1,3991,1676,2.1145323076011615,4.471246879889094,19.973276,0.180017866158312
A1_LCD_plus_7K_plus_12Dblocky,1,3991,1677,3.2806909814949488,10.762933316062288,67.73243,0.402237288560716
A1_LCD_plus_7K_plus_12Dblocky,1,3991,1678,4.456712229702676,19.8622838983814,118.76665,0.6439919768926279
A1_LCD_plus_7K_plus_12Dblocky,1,3991,1679,4.262020446814995,18.16481828906909,44.747738,0.17659571794326065
A1_LCD_plus_7K_plus_12Dblocky,1,3991,1680,3.0139713877681267,9.08402352628493,87.79136,0.3782734186067277
A1_LCD_plus_7K_plus_12Dblocky,1,3991,1681,2.818282270839819,7.9427149581300505,21.273296,0.2826402544817139
A1_LCD_plus_7K_plus_12Dblocky,1,3991,1682,3.569675320220897,12.74258189179416,37.78569,0.6581129652735797
A1_LCD_plus_7K_plus_12Dblocky,1,3991,1683,4.127581961789619,17.036932851291034,149.90488,0.4833642700544267
A1_LCD_plus_7K_plus_12Dblocky,1,3991,1684,5.211022513781155,27.154755639134066,117.07433,0.7840785971010864
A1_LCD_plus_7K_plus_12Dblocky,1,3991,1685,4.101089557901562,16.818935561929234,131.69484,0.6657271963892845
A1_LCD_plus_7K_plus_12Dblocky,1,3991,1686,3.333354389732277,11.11125148754744,22.163286,0.6144086851673672
A1_LCD_plus_7K_plus_12Dblocky,1,3991,1687,4.395252010543447,19.318240236186213,132.4472,0.7045636290647387
A1_LCD_plus_7K_plus_12Dblocky,1,3991,1688,3.76618263997413,14.184131677642503,39.97264,0.5866842106860571
A1_LCD_plus_7K_plus_12Dblocky,1,3991,1689,3.9887134037369267,15.909834617150619,151.15016,0.6858763323897774
A1_LCD_plus_7K_plus_12Dblocky,1,3991,1690,4.932310685311395,24.327688696436958,221.11813,0.7268973523771377
A1_LCD_plus_7K_plus_12Dblocky,1,3991,1691,2.9523698584924443,8.716487781334697,95.50598,0.43901532626187867
A1_LCD_plus_7K_plus_12Dblocky,1,3991,1692,3.4180479215948147,11.683051594318634,60.00077,0.5097852738915808
A1_LCD_plus_7K_plus_12Dblocky,1,3991,1693,3.590037708307468,12.888370747069537,81.03783,0.4185664931743639
A1_LCD_plus_7K_plus_12Dblocky,1,3991,1694,4.138645594688538,17.12838735843484,92.46171,0.31991152850396215
A1_LCD_plus_7K_plus_12Dblocky,1,3991,1695,4.31781362664294,18.64351451442346,90.01743,0.5994622863981297
A1_LCD_plus_7K_plus_12Dblocky,1,3991,1696,3.163482029759202,10.0076185526094,34.938854,0.4189552981079545
A1_LCD_plus_7K_plus_12Dblocky,1,3991,1697,3.649745433021967,13.320641725864698,38.260956,0.28462837449635753
A1_LCD_plus_7K_plus_12Dblocky,1,3991,1698,3.512687844610389,12.33897589367358,102.6662,0.48818224104985575
A1_LCD_plus_7K_plus_12Dblocky,1,3991,1699,3.4120833346214443,11.642312682401398,18.27748,0.39691950896203776
A1_LCD_plus_7K_plus_12Dblocky,1,3991,1700,3.7166995933146336,13.813855866945163,106.44638,0.6517004660279836
A1_LCD_plus_7K_plus_12Dblocky,1,3991,1701,4.323075614984712,18.688982772875445,163.28835,0.6940801041258591
A1_LCD_plus_7K_plus_12Dblocky,1,3991,1702,2.9845233024804685,8.90737934304892,44.699493,0.2884758134018539
A1_LCD_plus_7K_plus_12Dblocky,1,3991,1703,3.287723700893659,10.809127133417894,53.93091,0.4516666801610756
A1_LCD_plus_7K_plus_12Dblocky,1,3991,1704,2.219046392168063,4.924166890594096,8.167143,0.17040243313329737
A1_LCD_plus_7K_plus_12Dblocky,1,3991,1705,3.0840898507682795,9.51161020761191,25.913445,0.14773004176678034
A1_LCD_plus_7K_plus_12Dblocky,1,3991,1706,2.6564252893148765,7.056595317711623,23.818466,0.1805087745336167
A1_LCD_plus_7K_plus_12Dblocky,1,3991,1707,2.9955155419867707,8.973113362284296,34.113224,0.2762386674676641
A1_LCD_plus_7K_plus_12Dblocky,1,3991,1708,3.4473648766694667,11.884324592894282,75.40873,0.3294341820277388
A1_LCD_plus_7K_plus_12Dblocky,1,3991,1709,3.4225764033567727,11.714029236814582,37.360237,0.6204635053178436
A1_LCD_plus_7K_plus_12Dblocky,1,3991,1710,2.427224848474562,5.891420465052358,16.723759,0.1511871069859858
A1_LCD_plus_7K_plus_12Dblocky,1,3991,1711,2.715518316463049,7.374039727046314,13.1552925,0.2736751690922034
A1_LCD_plus_7K_plus_12Dblocky,1,3991,1712,2.556040123170763,6.533341111258807,5.9471087,0.5255036432664584
A1_LCD_plus_7K_plus_12Dblocky,1,3991,1713,2.3913233870958783,5.718427541671705,56.94394,0.30278451631732206
A1_LCD_plus_7K_plus_12Dblocky,1,3991,1714,3.1239052359524564,9.758783923211173,24.132767,0.5632790628238847
A1_LCD_plus_7K_plus_12Dblocky,1,3991,1715,3.378959240077324,11.417365546103927,14.31908,0.3848775905878081
A1_LCD_plus_7K_plus_12Dblocky,1,3991,1716,2.8915625800654414,8.361134154434712,33.409042,0.30078775364233473
A1_LCD_plus_7K_plus_12Dblocky,1,3991,1717,3.888467454240641,15.120179142688693,55.773125,0.13228343262924253
A1_LCD_plus_7K_plus_12Dblocky,1,3991,1718,3.195351036172525,10.21026824436883,77.606346,0.522395425699923
A1_LCD_plus_7K_plus_12Dblocky,1,3991,1719,4.428113266276792,19.608187098976515,77.144196,0.3826633502517441
A1_LCD_plus_7K_plus_12Dblocky,1,3991,1720,2.2659471618211593,5.134516540165366,17.58741,0.15055009885196086
A1_LCD_plus_7K_plus_12Dblocky,1,3991,1721,3.4013345975378573,11.569077044408017,106.73938,0.6780778851771283
A1_LCD_plus_7K_plus_12Dblocky,1,3991,1722,3.799678431826894,14.43755618529048,110.09549,0.582898024718947
A1_LCD_plus_7K_plus_12Dblocky,1,3991,1723,4.711498745097138,22.198220425051908,91.2473,0.6548595154620956
A1_LCD_plus_7K_plus_12Dblocky,1,3991,1724,4.431119807353066,19.63482274711667,145.10982,0.7072877429619969
A1_LCD_plus_7K_plus_12Dblocky,1,3991,1725,3.6966180121750076,13.664984727936709,30.718428,0.5253518219926281
A1_LCD_plus_7K_plus_12Dblocky,1,3991,1726,3.862273927086203,14.917159887849879,126.0478,0.7086968337894061
A1_LCD_plus_7K_plus_12Dblocky,1,3991,1727,2.7022001689434925,7.301885753038241,91.629425,0.5154317069013173
A1_LCD_plus_7K_plus_12Dblocky,1,3991,1728,3.5453115124129346,12.569233720047691,142.01338,0.5406578293635734
A1_LCD_plus_7K_plus_12Dblocky,1,3991,1729,2.4190693332204636,5.851896438927696,44.323036,0.22322236445715066
A1_LCD_plus_7K_plus_12Dblocky,1,3991,1730,2.9894285675750214,8.936683160633645,7.255249,0.27344955731854026
A1_LCD_plus_7K_plus_12Dblocky,1,3991,1731,3.618727524659333,13.095188897727063,65.95093,0.5257100000574845
A1_LCD_plus_7K_plus_12Dblocky,1,3991,1732,3.3084701548777633,10.94597476571689,54.920525,0.10135519370560792
A1_LCD_plus_7K_plus_12Dblocky,1,3991,1733,3.523495883550921,12.415023241400283,12.350711,0.17085965830412003
A1_LCD_plus_7K_plus_12Dblocky,1,3991,1734,4.413085096163912,19.475320065984047,157.00702,0.6454921746482337
A1_LCD_plus_7K_plus_12Dblocky,1,3991,1735,4.227307172182413,17.870125927984873,153.8027,0.5656556639663747
A1_LCD_plus_7K_plus_12Dblocky,1,3991,1736,2.9145655682929053,8.494692451878546,24.088474,0.5321757676594571
A1_LCD_plus_7K_plus_12Dblocky,1,3991,1737,3.751472343035825,14.073544740562706,51.489304,0.18015821289138667
A1_LCD_plus_7K_plus_12Dblocky,1,3991,1738,2.488754420670615,6.193898566407525,32.453865,0.20426874790039937
A1_LCD_plus_7K_plus_12Dblocky,1,3991,1739,3.368917959924556,11.349608220702233,58.965183,0.2917024319400929
A1_LCD_plus_7K_plus_12Dblocky,1,3991,1740,3.0930991880204597,9.567262586932829,22.411514,0.42559209745489535
A1_LCD_plus_7K_plus_12Dblocky,1,3991,1741,3.025583926613142,9.1541580969798,40.439354,0.4054268854420068
A1_LCD_plus_7K_plus_12Dblocky,1,3991,1742,3.4463181641055853,11.877108888244097,31.088303,0.30252082940595715
A1_LCD_plus_7K_plus_12Dblocky,1,3991,1743,2.897500637102763,8.39550994201092,99.3672,0.31640606582539405
A1_LCD_plus_7K_plus_12Dblocky,1,3991,1744,3.7637926118697047,14.166134825164969,126.59526,0.7265365541421103
A1_LCD_plus_7K_plus_12Dblocky,1,3991,1745,2.895934591887933,8.386437160493127,50.625237,0.19336561785137352
A1_LCD_plus_7K_plus_12Dblocky,1,3991,1746,3.5137952863556885,12.346757314415456,43.09567,0.47315935453814345
A1_LCD_plus_7K_plus_12Dblocky,1,3991,1747,2.896636760158704,8.390504520302716,34.010754,0.22037333627119576
A1_LCD_plus_7K_plus_12Dblocky,1,3991,1748,3.2579218769227354,10.61405495613176,32.227665,0.4556236832229352
A1_LCD_plus_7K_plus_12Dblocky,1,3991,1749,4.026457424261448,16.212359389390134,68.73297,0.480395816931107
A1_LCD_plus_7K_plus_12Dblocky,1,3991,1750,4.886258140313899,23.87551861378384,168.58723,0.7037995790223188
A1_LCD_plus_7K_plus_12Dblocky,1,3991,1751,2.6007329593178654,6.763811925682262,11.333679,0.3498634129138959
A1_LCD_plus_7K_plus_12Dblocky,1,3991,1752,2.490022303541198,6.200211072132614,15.309077,0.297800895945548
A1_LCD_plus_7K_plus_12Dblocky,1,3991,1753,3.4685349965735024,12.030735022455145,88.299034,0.499264775707112
A1_LCD_plus_7K_plus_12Dblocky,1,3991,1754,2.47300494741735,6.115753469950689,69.84028,0.162899096160534
A1_LCD_plus_7K_plus_12Dblocky,1,3991,1755,2.8363677209777087,8.04498184860428,43.47803,0.07970539793478043
A1_LCD_plus_7K_plus_12Dblocky,1,3991,1756,3.095835111687276,9.584195038755775,12.705115,0.2354190678381494
A1_LCD_plus_7K_plus_12Dblocky,1,3991,1757,2.373796795717574,5.634911227359022,20.427288,0.10145240549623866
A1_LCD_plus_7K_plus_12Dblocky,1,3991,1758,3.0248150905947138,9.149506332289507,57.12565,0.18436104764615996
A1_LCD_plus_7K_plus_12Dblocky,1,3991,1759,4.054887699936379,16.442114259095334,60.4705,0.5426509536229172
A1_LCD_plus_7K_plus_12Dblocky,1,3991,1760,2.3906226001175575,5.715076416192832,30.014557,0.13180986590582794
A1_LCD_plus_7K_plus_12Dblocky,1,3991,1761,3.1857344540938093,10.148904012000383,15.64967,0.44322391493982305
A1_LCD_plus_7K_plus_12Dblocky,1,3991,1762,2.946840217223972,8.68386726584863,70.578865,0.3241982259371709
A1_LCD_plus_7K_plus_12Dblocky,1,3991,1763,3.35959642072975,11.286888110180149,79.21019,0.6336494898539251
A1_LCD_plus_7K_plus_12Dblocky,1,3991,1764,4.891781707450051,23.929528273342935,252.12534,0.72603302640547
A1_LCD_plus_7K_plus_12Dblocky,1,3991,1765,3.5961083888321475,12.931995544228942,48.78122,0.380895693519918
A1_LCD_plus_7K_plus_12Dblocky,1,3991,1766,3.2516604650755965,10.573295780135647,57.869827,0.3735149431085518
A1_LCD_plus_7K_plus_12Dblocky,1,3991,1767,3.2027008629304676,10.25729281741556,65.88674,0.3136252402823472
A1_LCD_plus_7K_plus_12Dblocky,1,3991,1768,4.1501722009696,17.223929297700845,86.89074,0.7279549110451746
A1_LCD_plus_7K_plus_12Dblocky,1,3991,1769,3.0956969068395983,9.583339339016257,98.28838,0.6517448897141188
A1_LCD_plus_7K_plus_12Dblocky,1,3991,1770,2.4647134209303645,6.074812247314259,26.593994,0.11249391791782641
A1_LCD_plus_7K_plus_12Dblocky,1,3991,1771,2.680951233128697,7.187499514414281,19.700848,0.34388971718417577
A1_LCD_plus_7K_plus_12Dblocky,1,3991,1772,3.407966211238615,11.61423369694408,42.28868,0.44246098726152583
A1_LCD_plus_7K_plus_12Dblocky,1,3991,1773,3.13012415512842,9.797677226518402,107.77223,0.4665563650957283
A1_LCD_plus_7K_plus_12Dblocky,1,3991,1774,3.1852985315495794,10.146126735091906,88.566376,0.5144852691428747
A1_LCD_plus_7K_plus_12Dblocky,1,3991,1775,2.6313687728996182,6.924101618991242,11.571047,0.3283885898491774
A1_LCD_plus_7K_plus_12Dblocky,1,3991,1776,3.7867515236360685,14.339487101760083,79.1648,0.4637277085294167
A1_LCD_plus_7K_plus_12Dblocky,1,3991,1777,2.905739711073308,8.443323268508392,49.267178,0.05321471973112822
A1_LCD_plus_7K_plus_12Dblocky,1,3991,1778,2.7773164946671254,7.713486911550088,11.687608,0.23513563073961663
A1_LCD_plus_7K_plus_12Dblocky,1,3991,1779,3.0899872217462776,9.548021030555281,70.30936,0.37678286843335584
A1_LCD_plus_7K_plus_12Dblocky,1,3991,1780,2.818078931755642,7.941568865605022,71.0308,0.5530911061119428
A1_LCD_plus_7K_plus_12Dblocky,1,3991,1781,2.718005357139142,7.387553121437074,29.490616,0.23064375128005435
A1_LCD_plus_7K_plus_12Dblocky,1,3991,1782,3.5656644662762464,12.713963086065064,88.65544,0.6408901682325814
A1_LCD_plus_7K_plus_12Dblocky,1,3991,1783,3.6529645041047862,13.344149668249528,118.95502,0.6563605396578254
A1_LCD_plus_7K_plus_12Dblocky,1,3991,1784,2.570330634376578,6.606599570014702,66.491714,0.4015492107787978
A1_LCD_plus_7K_plus_12Dblocky,1,3991,1785,3.035917377459177,9.2167943227586,56.06083,0.2708237807306727
A1_LCD_plus_7K_plus_12Dblocky,1,3991,1786,2.6884006613362086,7.227498115872962,38.374104,0.27484179837945855
A1_LCD_plus_7K_plus_12Dblocky,1,3991,1787,2.53547080031569,6.428612179253485,43.116306,0.2951574715249327
A1_LCD_plus_7K_plus_12Dblocky,1,3991,1788,2.3195056137659438,5.380106292291728,3.6164775,0.17348491660780144
A1_LCD_plus_7K_plus_12Dblocky,1,3991,1789,3.3015621936006387,10.900312918213057,34.955322,0.17082355067217564
A1_LCD_plus_7K_plus_12Dblocky,1,3991,1790,3.4617083816839935,11.983424919821218,106.49062,0.5504648752928503
A1_LCD_plus_7K_plus_12Dblocky,1,3991,1791,2.454087409610895,6.022545014010712,67.139404,0.2919420257299272
A1_LCD_plus_7K_plus_12Dblocky,1,3991,1792,3.0510756144175777,9.309062404893602,88.80262,0.25922700967341833
A1_LCD_plus_7K_plus_12Dblocky,1,3991,1793,3.696618522841655,13.664988503416023,101.96318,0.5908457267397031
A1_LCD_plus_7K_plus_12Dblocky,1,3991,1794,4.21852385854151,17.795943545083958,147.78574,0.48088725244847347
A1_LCD_plus_7K_plus_12Dblocky,1,3991,1795,2.704629122753872,7.315018691648379,23.372427,0.1469694941597684
A1_LCD_plus_7K_plus_12Dblocky,1,3991,1796,2.8826319953743633,8.309567220755984,23.973606,0.12396820130905936
A1_LCD_plus_7K_plus_12Dblocky,1,3991,1797,4.19147236023057,17.568440546576824,170.73343,0.3567210610513105
A1_LCD_plus_7K_plus_12Dblocky,1,3991,1798,2.5322658960856366,6.412370568478389,8.509606,0.33315574980858087
A1_LCD_plus_7K_plus_12Dblocky,1,3991,1799,3.0974231522011517,9.59403018379172,32.738617,0.32831484330680133
A1_LCD_plus_7K_plus_12Dblocky,1,3991,1800,2.097810979425782,4.400810905399359,39.984997,0.05730497104871575
A1_LCD_plus_7K_plus_12Dblocky,1,3991,1801,3.3479304550620923,11.208638331932267,36.900295,0.26507489584232635
A1_LCD_plus_7K_plus_12Dblocky,1,3991,1802,3.5580827328110143,12.659952733527895,156.31238,0.41431930607426914
A1_LCD_plus_7K_plus_12Dblocky,1,3991,1803,2.8154425432149495,7.92671671414466,25.93451,0.13224323233179136
A1_LCD_plus_7K_plus_12Dblocky,1,3991,1804,2.6921525164427,7.2476851717887625,18.962523,0.38487718560119627
A1_LCD_plus_7K_plus_12Dblocky,1,3991,1805,3.1394352647129526,9.856053781323288,88.89193,0.6142452932275146
A1_LCD_plus_7K_plus_12Dblocky,1,3991,1806,2.5826196960571877,6.66992449446252,45.599117,0.214907202948564
A1_LCD_plus_7K_plus_12Dblocky,1,3991,1807,2.3193322548869983,5.379302108559209,19.204494,0.33552750572283546
A1_LCD_plus_7K_plus_12Dblocky,1,3991,1808,2.4980784293422595,6.240395839145093,69.0727,0.15025770780947162
A1_LCD_plus_7K_plus_12Dblocky,1,3991,1809,3.6521502641603605,13.338201552006591,70.60956,0.25751246458440213
A1_LCD_plus_7K_plus_12Dblocky,1,3991,1810,2.812169835085903,7.908299181367073,16.266047,0.2262518746499116
A1_LCD_plus_7K_plus_12Dblocky,1,3991,1811,2.6063049744022257,6.792825619593788,27.514946,0.10935683877239591
A1_LCD_plus_7K_plus_12Dblocky,1,3991,1812,2.9289000514733403,8.57845551152054,56.145424,0.5621821722448994
A1_LCD_plus_7K_plus_12Dblocky,1,3991,1813,4.035476714002114,16.285072309253305,26.041136,0.7185568497399062
A1_LCD_plus_7K_plus_12Dblocky,1,3991,1814,4.6828169444494065,21.928774535222473,163.44328,0.8065980129265549
A1_LCD_plus_7K_plus_12Dblocky,1,3991,1815,4.044212052412724,16.355651124880342,108.809875,0.2400001909289961
A1_LCD_plus_7K_plus_12Dblocky,1,3991,1816,2.441792731387935,5.962351743058952,21.558058,0.15419471715914973
A1_LCD_plus_7K_plus_12Dblocky,1,3991,1817,2.5499089009328224,6.502035403056434,16.353737,0.24605527582109163
A1_LCD_plus_7K_plus_12Dblocky,1,3991,1818,2.890865913659711,8.357105730759594,12.479556,0.2365014674923698
A1_LCD_plus_7K_plus_12Dblocky,1,3991,1819,2.80922282598063,7.891732886010596,29.138458,0.10161813747321075
A1_LCD_plus_7K_plus_12Dblocky,1,3991,1820,2.7172668492469945,7.383539130016691,49.80275,0.2807436354740569
A1_LCD_plus_7K_plus_12Dblocky,1,3991,1821,2.1415029127774634,4.586034725434359,43.294968,0.16572569376364632
A1_LCD_plus_7K_plus_12Dblocky,1,3991,1822,2.546227845803987,6.48327624274761,46.23593,0.20848402452459958
A1_LCD_plus_7K_plus_12Dblocky,1,3991,1823,3.546109337702177,12.57489143493857,42.187275,0.3937523863497957
A1_LCD_plus_7K_plus_12Dblocky,1,3991,1824,2.4382593829662507,5.945108818622962,40.06687,0.29799850184974935
A1_LCD_plus_7K_plus_12Dblocky,1,3991,1825,2.59785108740667,6.748830272340017,22.554651,0.2768071229006049
A1_LCD_plus_7K_plus_12Dblocky,1,3991,1826,3.8328833986955813,14.690995147996189,84.90872,0.5408309684444474
A1_LCD_plus_7K_plus_12Dblocky,1,3991,1827,3.4288062494199956,11.75671229606162,59.692738,0.5278405308149312
A1_LCD_plus_7K_plus_12Dblocky,1,3991,1828,3.630895234592314,13.183400204585178,67.71588,0.6835302115059874
A1_LCD_plus_7K_plus_12Dblocky,1,3991,1829,2.529425026845224,6.397990966430962,36.84534,0.14007456128536167
A1_LCD_plus_7K_plus_12Dblocky,1,3991,1830,3.976941327079642,15.816062319033978,111.449486,0.6274457714276532
A1_LCD_plus_7K_plus_12Dblocky,1,3991,1831,4.355645120729422,18.97164441773403,112.578285,0.8644709650861638
A1_LCD_plus_7K_plus_12Dblocky,1,3991,1832,4.389039677742633,19.26366929279915,93.45788,0.7986296984158014
A1_LCD_plus_7K_plus_12Dblocky,1,3991,1833,3.6466435726812985,13.29800934617782,119.247604,0.7104239628313782
A1_LCD_plus_7K_plus_12Dblocky,1,3991,1834,3.133582276726913,9.819337885017026,50.301315,0.29850910263406827
A1_LCD_plus_7K_plus_12Dblocky,1,3991,1835,4.4760060285808425,20.03462996789204,123.56621,0.6816260315576175
A1_LCD_plus_7K_plus_12Dblocky,1,3991,1836,2.9826672935471743,8.896304183996026,59.031357,0.3270892525059875
A1_LCD_plus_7K_plus_12Dblocky,1,3991,1837,2.771224477497655,7.679685104682151,36.67202,0.4063955187804163
A1_LCD_plus_7K_plus_12Dblocky,1,3991,1838,3.2895877693878597,10.821387692506196,47.29155,0.3059508423327006
A1_LCD_plus_7K_plus_12Dblocky,1,3991,1839,3.0886777956379903,9.53993052526716,50.607937,0.1722933852240156
A1_LCD_plus_7K_plus_12Dblocky,1,3991,1840,3.582319662400537,12.833014163621495,131.58061,0.46160626131849225
A1_LCD_plus_7K_plus_12Dblocky,1,3991,1841,3.879534472273121,15.050787721555485,131.35992,0.45443843905968684
A1_LCD_plus_7K_plus_12Dblocky,1,3991,1842,2.9869354035568794,8.921783105021497,38.916115,0.42648238234462954
A1_LCD_plus_7K_plus_12Dblocky,1,3991,1843,4.208505632238481,17.71151965658301,176.67195,0.5318213986995528
A1_LCD_plus_7K_plus_12Dblocky,1,3991,1844,3.6026929625942095,12.97939658272584,116.25008,0.6325600153577705
A1_LCD_plus_7K_plus_12Dblocky,1,3991,1845,3.36781197650812,11.342157509111528,76.99461,0.4681449548214133
A1_LCD_plus_7K_plus_12Dblocky,1,3991,1846,3.1437273291407766,9.883021519986602,77.62594,0.29771851894587315
A1_LCD_plus_7K_plus_12Dblocky,1,3991,1847,2.681770219238874,7.1918915087965205,18.71861,0.24778412744413836
A1_LCD_plus_7K_plus_12Dblocky,1,3991,1848,3.874781927217887,15.013934983494362,80.528046,0.5521546655911792
A1_LCD_plus_7K_plus_12Dblocky,1,3991,1849,2.8827675888122912,8.31034897110663,40.160397,0.40389079715875775
A1_LCD_plus_7K_plus_12Dblocky,1,3991,1850,4.0075702750938715,16.060619509815965,97.39908,0.6066337684523258
A1_LCD_plus_7K_plus_12Dblocky,1,3991,1851,2.8193365207702095,7.948658417348669,36.746098,0.17517136571898237
A1_LCD_plus_7K_plus_12Dblocky,1,3991,1852,3.195207265283446,10.209349468120122,64.92032,0.620673108363796
A1_LCD_plus_7K_plus_12Dblocky,1,3991,1853,4.582260008557129,20.997106786021984,294.62622,0.7796760774516014
A1_LCD_plus_7K_plus_12Dblocky,1,3991,1854,3.622661078436935,13.123673289221857,90.428185,0.4220318151805993
A1_LCD_plus_7K_plus_12Dblocky,1,3991,1855,4.77629155250468,22.812960994527565,170.36365,0.7340408097468967
A1_LCD_plus_7K_plus_12Dblocky,1,3991,1856,3.843249802234789,14.77056904237774,95.03319,0.5064534879489397
A1_LCD_plus_7K_plus_12Dblocky,1,3991,1857,3.787531787700403,14.345397042841014,119.23959,0.44756963664671845
A1_LCD_plus_7K_plus_12Dblocky,1,3991,1858,4.659420072520881,21.71019541221049,116.63465,0.30888103859776556
A1_LCD_plus_7K_plus_12Dblocky,1,3991,1859,3.262486999405737,10.643821421291454,59.469376,0.29386562276061545
A1_LCD_plus_7K_plus_12Dblocky,1,3991,1860,4.464612852680978,19.93276792432419,141.74405,0.5878783062839777
A1_LCD_plus_7K_plus_12Dblocky,1,3991,1861,4.488536149541138,20.146956765737592,196.12082,0.7666388750183439
A1_LCD_plus_7K_plus_12Dblocky,1,3991,1862,3.8248286525832484,14.629314221621794,110.19063,0.6080632382586192
A1_LCD_plus_7K_plus_12Dblocky,1,3991,1863,3.620399673423558,13.107293795325408,21.217405,0.24049274860573755
A1_LCD_plus_7K_plus_12Dblocky,1,3991,1864,3.440515322255004,11.837145682671455,41.114487,0.43358165781128166
A1_LCD_plus_7K_plus_12Dblocky,1,3991,1865,3.059763383880686,9.362151965336986,110.08998,0.49419435114490934
A1_LCD_plus_7K_plus_12Dblocky,1,3991,1866,2.323650038330237,5.399349500632112,19.413816,0.16265520508678444
A1_LCD_plus_7K_plus_12Dblocky,1,3991,1867,2.54023448621942,6.4527912449784415,5.1653633,0.052809792818332923
A1_LCD_plus_7K_plus_12Dblocky,1,3991,1868,3.0807174558031094,9.490820042489984,35.987495,0.16827337347203397
A1_LCD_plus_7K_plus_12Dblocky,1,3991,1869,2.3228142997571415,5.39546627115626,13.255636,0.2973326295085954
A1_LCD_plus_7K_plus_12Dblocky,1,3991,1870,2.894731437907948,8.379470097612614,114.40533,0.2511725836939994
A1_LCD_plus_7K_plus_12Dblocky,1,3991,1871,2.8594544017137653,8.176479475480226,24.38353,0.2865746096032238
A1_LCD_plus_7K_plus_12Dblocky,1,3991,1872,3.0582031108146053,9.352606266996128,29.615408,0.40611742987906746
A1_LCD_plus_7K_plus_12Dblocky,1,3991,1873,2.9385307946430945,8.63496323106578,27.848972,0.28609444255475003
A1_LCD_plus_7K_plus_12Dblocky,1,3991,1874,3.6609095160548497,13.402258484740955,124.181725,0.47476572598015787
A1_LCD_plus_7K_plus_12Dblocky,1,3991,1875,3.8569533210933917,14.876088921093345,131.79846,0.5360690171821227
A1_LCD_plus_7K_plus_12Dblocky,1,3991,1876,4.114934363259609,16.932684813934763,92.402504,0.6761149271740194
A1_LCD_plus_7K_plus_12Dblocky,1,3991,1877,3.5653998581703337,12.712076148641039,87.66936,0.7089109452287946
A1_LCD_plus_7K_plus_12Dblocky,1,3991,1878,4.246199678458198,18.030211709338502,185.66112,0.5780954641562694
A1_LCD_plus_7K_plus_12Dblocky,1,3991,1879,2.6059470540197256,6.790960048354086,43.123978,0.28473241761807333
A1_LCD_plus_7K_plus_12Dblocky,1,3991,1880,2.7915134811336677,7.792547515351006,26.828913,0.17601224659403522
A1_LCD_plus_7K_plus_12Dblocky,1,3991,1881,2.1740067757607235,4.726305461053537,45.169327,0.19794590920753474
A1_LCD_plus_7K_plus_12Dblocky,1,3991,1882,3.464452083112884,12.002428236185196,58.454086,0.326006648535348
A1_LCD_plus_7K_plus_12Dblocky,1,3991,1883,2.460397865806365,6.053557658064517,31.990067,0.16987246141047996
A1_LCD_plus_7K_plus_12Dblocky,1,3991,1884,2.9476390443195335,8.688575935596974,7.3371124,0.44343398953797364
A1_LCD_plus_7K_plus_12Dblocky,1,3991,1885,5.770876200374727,33.30301212005144,276.47223,0.5050151476283968
A1_LCD_plus_7K_plus_12Dblocky,1,3991,1886,3.8639240300026354,14.929908909631806,101.993935,0.3247770819590219
A1_LCD_plus_7K_plus_12Dblocky,1,3991,1887,3.0200149988399625,9.120490593218335,56.597855,0.47352370531024557
A1_LCD_plus_7K_plus_12Dblocky,1,3991,1888,3.6570435345934813,13.373967413911982,32.81933,0.2906503045349779
A1_LCD_plus_7K_plus_12Dblocky,1,3991,1889,3.175655321428299,10.084786720515876,88.18088,0.3267426130033926
A1_LCD_plus_7K_plus_12Dblocky,1,3991,1890,2.5359718267073545,6.431153105853438,51.439762,0.1698295465660435
A1_LCD_plus_7K_plus_12Dblocky,1,3991,1891,2.870362813198486,8.238982679392725,46.97236,0.17120349219536246
A1_LCD_plus_7K_plus_12Dblocky,1,3991,1892,2.0780240802266263,4.318184078001716,20.198078,0.08541289845405844
A1_LCD_plus_7K_plus_12Dblocky,1,3991,1893,3.935131993771703,15.485263808405657,142.72464,0.5243960626354677
A1_LCD_plus_7K_plus_12Dblocky,1,3991,1894,3.2598260714554996,10.626466016140995,30.439207,0.665595059722032
A1_LCD_plus_7K_plus_12Dblocky,1,3991,1895,3.8168752041745915,14.56853632424283,43.37825,0.3047812645042585
A1_LCD_plus_7K_plus_12Dblocky,1,3991,1896,3.2328588623385284,10.451376423800763,34.77363,0.6409973912411583
A1_LCD_plus_7K_plus_12Dblocky,1,3991,1897,4.131547438931551,17.069684240141868,80.260124,0.5188642011591176
A1_LCD_plus_7K_plus_12Dblocky,1,3991,1898,3.7393228821546973,13.982535617005718,71.38008,0.5190800232801918
A1_LCD_plus_7K_plus_12Dblocky,1,3991,1899,3.3910640250002575,11.499315221650944,45.661514,0.5341099804462385
A1_LCD_plus_7K_plus_12Dblocky,1,3991,1900,3.3022267903066163,10.904701774618736,55.04622,0.5382403322589232
A1_LCD_plus_7K_plus_12Dblocky,1,3991,1901,2.9562657506163044,8.739507188266982,62.506966,0.3440627339021705
A1_LCD_plus_7K_plus_12Dblocky,1,3991,1902,3.6579597772552908,13.38066973201758,81.39277,0.675775202499594
A1_LCD_plus_7K_plus_12Dblocky,1,3991,1903,3.1765493833249527,10.090465984702137,82.541725,0.4531932395295451
A1_LCD_plus_7K_plus_12Dblocky,1,3991,1904,4.021951561666834,16.176094364394284,129.07614,0.513650460912231
A1_LCD_plus_7K_plus_12Dblocky,1,3991,1905,3.48638442954496,12.154876390573541,116.21007,0.5573446791098114
A1_LCD_plus_7K_plus_12Dblocky,1,3991,1906,3.092087759624245,9.56100671321808,74.215096,0.482509667623196
A1_LCD_plus_7K_plus_12Dblocky,1,3991,1907,2.8066556882257525,7.877316152249973,68.911255,0.5038533137284624
A1_LCD_plus_7K_plus_12Dblocky,1,3991,1908,2.643537790195618,6.98829204819233,33.782257,0.4044978565501821
A1_LCD_plus_7K_plus_12Dblocky,1,3991,1909,2.6466762975410045,7.004895423965359,19.206892,0.29662210598948147
A1_LCD_plus_7K_plus_12Dblocky,1,3991,1910,4.052627915202488,16.42379301907846,137.18289,0.47893050411229765
A1_LCD_plus_7K_plus_12Dblocky,1,3991,1911,3.559236635374499,12.668165426591983,47.838837,0.5850569640191051
A1_LCD_plus_7K_plus_12Dblocky,1,3991,1912,4.833713540263401,23.364786589325732,198.70016,0.3960391582225371
A1_LCD_plus_7K_plus_12Dblocky,1,3991,1913,3.482112000116269,12.125103981353726,38.123222,0.44702380705051087
A1_LCD_plus_7K_plus_12Dblocky,1,3991,1914,3.6017930817013557,12.972913403391747,119.78228,0.4806555113614276
A1_LCD_plus_7K_plus_12Dblocky,1,3991,1915,3.2786527803380836,10.749564054018647,56.44313,0.4343153973143128
A1_LCD_plus_7K_plus_12Dblocky,1,3991,1916,3.128114947500268,9.785103124774608,18.827318,0.5443800687973999
A1_LCD_plus_7K_plus_12Dblocky,1,3991,1917,4.840960408329963,23.4348976750182,201.61989,0.6613285258457807
A1_LCD_plus_7K_plus_12Dblocky,1,3991,1918,4.197900023167233,17.622364604507457,111.69922,0.6492738759654536
A1_LCD_plus_7K_plus_12Dblocky,1,3991,1919,3.7706805539158883,14.21803183967943,159.316,0.5730469017233972
A1_LCD_plus_7K_plus_12Dblocky,1,3991,1920,3.818820660041352,14.583391233558668,79.03679,0.3169498432445279
A1_LCD_plus_7K_plus_12Dblocky,1,3991,1921,3.8464405104940917,14.795104600770053,109.72746,0.2561937196429173
A1_LCD_plus_7K_plus_12Dblocky,1,3991,1922,2.5231998220821015,6.366537342155146,29.9018,0.24467946274601965
A1_LCD_plus_7K_plus_12Dblocky,1,3991,1923,2.4836370842435076,6.168453166229591,29.125822,0.2119213562586898
A1_LCD_plus_7K_plus_12Dblocky,1,3991,1924,3.3596497285216533,11.287246298355617,37.203865,0.41148610190540663
A1_LCD_plus_7K_plus_12Dblocky,1,3991,1925,3.059398054677444,9.359916456964129,5.8362465,0.26226854175643877
A1_LCD_plus_7K_plus_12Dblocky,1,3991,1926,4.714768125210893,22.229038474504634,182.0628,0.47278787194415783
A1_LCD_plus_7K_plus_12Dblocky,1,3991,1927,4.403910397280176,19.394426787272433,151.18346,0.5562754153877532
A1_LCD_plus_7K_plus_12Dblocky,1,3991,1928,4.856004531915862,23.58078001398739,73.97151,0.6206995831051725
A1_LCD_plus_7K_plus_12Dblocky,1,3991,1929,3.4552713950256564,11.938900413282543,67.347824,0.387148494064349
A1_LCD_plus_7K_plus_12Dblocky,1,3991,1930,3.2730047447866815,10.71256005939613,96.675705,0.20491311096211545
A1_LCD_plus_7K_plus_12Dblocky,1,3991,1931,2.816631608749162,7.933413619404891,36.415623,0.33049269885654664
A1_LCD_plus_7K_plus_12Dblocky,1,3991,1932,2.9258385986334097,8.560531505253113,77.42638,0.5252001100796351
A1_LCD_plus_7K_plus_12Dblocky,1,3991,1933,2.6695650247380938,7.126577421304899,32.745296,0.24845968879995317
A1_LCD_plus_7K_plus_12Dblocky,1,3991,1934,3.0482745826955115,9.291977931507498,40.26746,0.3890371345269737
A1_LCD_plus_7K_plus_12Dblocky,1,3991,1935,2.9958262244664633,8.974974767200983,54.382816,0.5305759303286557
A1_LCD_plus_7K_plus_12Dblocky,1,3991,1936,3.0548015317377804,9.331812398307491,65.73815,0.39162481923342163
A1_LCD_plus_7K_plus_12Dblocky,1,3991,1937,2.296553576981466,5.274158331946367,26.574932,0.16163221568761144
A1_LCD_plus_7K_plus_12Dblocky,1,3991,1938,4.374505384436932,19.13629735846771,91.890434,0.5570048841082716
A1_LCD_plus_7K_plus_12Dblocky,1,3991,1939,3.57554935552206,12.784553193774215,84.98831,0.3606291354898561
A1_LCD_plus_7K_plus_12Dblocky,1,3991,1940,2.2291216758369004,4.968983445685909,20.578873,0.05675639595995903
A1_LCD_plus_7K_plus_12Dblocky,1,3991,1941,2.872386274898818,8.250602912227109,10.481089,0.196506735294889
A1_LCD_plus_7K_plus_12Dblocky,1,3991,1942,2.9296449905468838,8.58281977063645,77.98558,0.5315775707262145
A1_LCD_plus_7K_plus_12Dblocky,1,3991,1943,4.779432623543498,22.84297620299187,97.49109,0.6320766450552054
A1_LCD_plus_7K_plus_12Dblocky,1,3991,1944,3.9688926231042787,15.752108653731566,164.14896,0.7626928283874279
A1_LCD_plus_7K_plus_12Dblocky,1,3991,1945,4.3785779217332905,19.17194461669022,190.17886,0.7177837942810287
A1_LCD_plus_7K_plus_12Dblocky,1,3991,1946,4.013910667800167,16.11147884907999,75.0625,0.6190588893545425
A1_LCD_plus_7K_plus_12Dblocky,1,3991,1947,4.535879684717796,20.574204514235607,115.21519,0.6240401356899049
A1_LCD_plus_7K_plus_12Dblocky,1,3991,1948,3.3355892266076888,11.12615548866128,49.965652,0.38646582234994753
A1_LCD_plus_7K_plus_12Dblocky,1,3991,1949,3.5744932724389766,12.777002154711502,111.29739,0.4388587946825514
A1_LCD_plus_7K_plus_12Dblocky,1,3991,1950,3.0408258021037557,9.246621558739951,30.1985,0.27004846336548666
A1_LCD_plus_7K_plus_12Dblocky,1,3991,1951,3.262085307142375,10.641200551074164,65.23114,0.4851840430635517
A1_LCD_plus_7K_plus_12Dblocky,1,3991,1952,3.636734931390781,13.22584096119791,49.35499,0.45574938618814353
A1_LCD_plus_7K_plus_12Dblocky,1,3991,1953,5.060446691286618,25.60812071535368,288.7282,0.5565778109830245
A1_LCD_plus_7K_plus_12Dblocky,1,3991,1954,4.185142570472608,17.51541833518207,137.7607,0.36803358143117276
A1_LCD_plus_7K_plus_12Dblocky,1,3991,1955,3.602910760720432,12.980965949715085,163.58818,0.47823562861204444
A1_LCD_plus_7K_plus_12Dblocky,1,3991,1956,3.382011252603774,11.438000112738553,37.807686,0.5829583777099778
A1_LCD_plus_7K_plus_12Dblocky,1,3991,1957,3.372720221677217,11.375241693710421,31.77797,0.5291447019210546
A1_LCD_plus_7K_plus_12Dblocky,1,3991,1958,3.6797191070445554,13.540332706748776,137.22102,0.5544982994181221
A1_LCD_plus_7K_plus_12Dblocky,1,3991,1959,2.229588849602152,4.971066438270246,13.160924,0.26319985642984667
A1_LCD_plus_7K_plus_12Dblocky,1,3991,1960,3.1123112188633915,9.686481123062928,66.27437,0.42696816949463856
A1_LCD_plus_7K_plus_12Dblocky,1,3991,1961,3.3755864341370225,11.394583774329895,166.77597,0.5419435764698601
A1_LCD_plus_7K_plus_12Dblocky,1,3991,1962,3.3892721855654524,11.487165947847618,136.7091,0.4274699833902641
A1_LCD_plus_7K_plus_12Dblocky,1,3991,1963,4.516874561680295,20.402155805954557,80.127174,0.5942094876677662
A1_LCD_plus_7K_plus_12Dblocky,1,3991,1964,3.141547115959462,9.86931828179321,29.184723,0.42461956474172446
A1_LCD_plus_7K_plus_12Dblocky,1,3991,1965,2.412226837420206,5.8188383151702885,28.140375,0.237122229364436
A1_LCD_plus_7K_plus_12Dblocky,1,3991,1966,3.002413118896613,9.014484536522488,46.521965,0.25002983742805723
A1_LCD_plus_7K_plus_12Dblocky,1,3991,1967,3.934831340426422,15.482897677601995,39.194935,0.4323838444382624
A1_LCD_plus_7K_plus_12Dblocky,1,3991,1968,5.010619372960637,25.106306500688447,117.48278,0.47215333943677107
A1_LCD_plus_7K_plus_12Dblocky,1,3991,1969,3.8940396751516224,15.163544991654952,50.20964,0.5482892632383063
A1_LCD_plus_7K_plus_12Dblocky,1,3991,1970,4.595835730753118,21.12170606406704,278.20706,0.6445852158129384
A1_LCD_plus_7K_plus_12Dblocky,1,3991,1971,3.5790614588476295,12.809680926208522,85.757645,0.35990119394318343
A1_LCD_plus_7K_plus_12Dblocky,1,3991,1972,3.267688456898986,10.677787851350875,57.80465,0.5382297688972972
A1_LCD_plus_7K_plus_12Dblocky,1,3991,1973,2.5747651332131287,6.629415491210022,32.50234,0.21381242160784317
A1_LCD_plus_7K_plus_12Dblocky,1,3991,1974,3.6435666571527596,13.275577985115337,100.99589,0.2666883725985564
A1_LCD_plus_7K_plus_12Dblocky,1,3991,1975,3.527113960240728,12.44053288852503,25.698463,0.4461113429882191
A1_LCD_plus_7K_plus_12Dblocky,1,3991,1976,3.9283759889793712,15.432137910789654,92.01864,0.6627351560359392
A1_LCD_plus_7K_plus_12Dblocky,1,3991,1977,3.5104850761582886,12.323505469930064,92.66915,0.36320886206772596
A1_LCD_plus_7K_plus_12Dblocky,1,3991,1978,2.8064731650273615,7.876291626018695,28.092808,0.15472605440886286
A1_LCD_plus_7K_plus_12Dblocky,1,3991,1979,3.4661305288753423,12.014060843201662,84.37137,0.4115861403338531
A1_LCD_plus_7K_plus_12Dblocky,1,3991,1980,3.3914082904488394,11.501650192525119,126.564865,0.4706901813905644
A1_LCD_plus_7K_plus_12Dblocky,1,3991,1981,5.329912760674267,28.407970036398375,181.67625,0.7760614858958862
A1_LCD_plus_7K_plus_12Dblocky,1,3991,1982,3.878431768717952,15.042232984600659,142.04372,0.6387835449971466
A1_LCD_plus_7K_plus_12Dblocky,1,3991,1983,3.545977408736895,12.573955783272426,68.78689,0.5694851312388791
A1_LCD_plus_7K_plus_12Dblocky,1,3991,1984,2.841382171595253,8.073452645059355,58.23159,0.31963000511840967
A1_LCD_plus_7K_plus_12Dblocky,1,3991,1985,3.247588538491014,10.546831315338201,125.29631,0.3391689604857282
A1_LCD_plus_7K_plus_12Dblocky,1,3991,1986,2.9542299242191143,8.727474445151676,54.24913,0.42015561735097684
A1_LCD_plus_7K_plus_12Dblocky,1,3991,1987,2.750734310178201,7.566539245191543,5.4256153,0.3138758609844768
A1_LCD_plus_7K_plus_12Dblocky,1,3991,1988,2.47511815458113,6.126209879137095,11.400867,0.19711597309185058
A1_LCD_plus_7K_plus_12Dblocky,1,3991,1989,3.183630406990336,10.13550256831345,115.2887,0.5667419757181922
A1_LCD_plus_7K_plus_12Dblocky,1,3991,1990,3.2227253648422587,10.385958777197668,60.943104,0.3210669522600377
A1_LCD_plus_7K_plus_12Dblocky,1,3991,1991,3.820897661276662,14.599258937949463,57.87065,0.6061018609165844
A1_LCD_plus_7K_plus_12Dblocky,1,3991,1992,2.6719186352643436,7.139149193472871,34.39984,0.08922643770736022
A1_LCD_plus_7K_plus_12Dblocky,1,3991,1993,3.0766442923197834,9.465740101463902,79.6988,0.2446134474938046
A1_LCD_plus_7K_plus_12Dblocky,1,3991,1994,4.8808372754069556,23.822572509001983,189.33658,0.8112865121776875
A1_LCD_plus_7K_plus_12Dblocky,1,3991,1995,3.315929933467173,10.995391323663608,27.897612,0.2648327980313049
A1_LCD_plus_7K_plus_12Dblocky,1,3991,1996,3.1210797046399033,9.74113852271511,49.419743,0.2646609090177592
A1_LCD_plus_7K_plus_12Dblocky,1,3991,1997,3.511057160105771,12.327522381530002,56.979042,0.2548256949644473
A1_LCD_plus_7K_plus_12Dblocky,1,3991,1998,4.974143227509112,24.742100847774775,254.754,0.610195860036338
A1_LCD_plus_7K_plus_12Dblocky,1,3991,1999,4.112680866753233,16.914143911758124,54.21252,0.6702160215734144
A1_LCD_plus_7K_plus_12Dblocky,1,3991,2000,4.944640430690348,24.44946898881763,252.80972,0.6825959582732528
A1_LCD_plus_7K_plus_12Dblocky,1,3991,2001,2.985943763876545,8.91586016103323,65.2457,0.4428374690308381
A1_LCD_plus_7K_plus_12Dblocky,1,3991,2002,2.920533952591091,8.529518568237343,65.62135,0.45940285862698205
A1_LCD_plus_7K_plus_12Dblocky,1,3991,2003,2.7083146055338876,7.334968002548176,46.056313,0.31390999936342867
A1_LCD_plus_7K_plus_12Dblocky,1,3991,2004,2.9096996497068037,8.466352051503897,84.009995,0.38889214049265575
A1_LCD_plus_7K_plus_12Dblocky,1,3991,2005,2.0884543673803595,4.361641644630098,37.243324,0.13314728562030825
A1_LCD_plus_7K_plus_12Dblocky,1,3991,2006,2.5731942597017223,6.6213286981618955,50.935047,0.27044547003045466
A1_LCD_plus_7K_plus_12Dblocky,1,3991,2007,2.4615230741353153,6.059095844500575,59.282303,0.11590471307152228
A1_LCD_plus_7K_plus_12Dblocky,1,3991,2008,3.3653370638680946,11.325493553444328,90.18685,0.5452979708709117
A1_LCD_plus_7K_plus_12Dblocky,1,3991,2009,3.162028928508686,9.998426944725788,87.50886,0.525628215631385
A1_LCD_plus_7K_plus_12Dblocky,1,3991,2010,4.601528137066466,21.17406119621439,181.82428,0.4000321953028889
A1_LCD_plus_7K_plus_12Dblocky,1,3991,2011,5.695192286491856,32.43521518011632,196.12637,0.8886858230577444
A1_LCD_plus_7K_plus_12Dblocky,1,3991,2012,4.294043988842817,18.43881377811713,148.01923,0.5358892293555498
A1_LCD_plus_7K_plus_12Dblocky,1,3991,2013,4.102594934952211,16.831285200295532,167.20625,0.6660902679624968
A1_LCD_plus_7K_plus_12Dblocky,1,3991,2014,3.378623808761531,11.415098841130273,121.47467,0.4785698482587187
A1_LCD_plus_7K_plus_12Dblocky,1,3991,2015,2.563376639305876,6.570899794939085,9.872516,0.48773382454579894
A1_LCD_plus_7K_plus_12Dblocky,1,3991,2016,3.678706310836418,13.532880121387688,74.210075,0.358166412592702
A1_LCD_plus_7K_plus_12Dblocky,1,3991,2017,4.380179369903783,19.1859713125307,116.48086,0.6345426257519081
A1_LCD_plus_7K_plus_12Dblocky,1,3991,2018,3.407485252671487,11.610955747173666,95.409485,0.6840767572090334
A1_LCD_plus_7K_plus_12Dblocky,1,3991,2019,4.790438544195527,22.948301445714158,110.221176,0.6943925878146957
A1_LCD_plus_7K_plus_12Dblocky,1,3991,2020,3.8781775273325216,15.040260933506989,88.96456,0.4400537073426283
A1_LCD_plus_7K_plus_12Dblocky,1,3991,2021,3.769998358982882,14.212887626733623,128.75284,0.4289197759839728
A1_LCD_plus_7K_plus_12Dblocky,1,3991,2022,2.624475774355693,6.887873090179914,68.73791,0.31132033524690905
A1_LCD_plus_7K_plus_12Dblocky,1,3991,2023,3.173826739673405,10.073176173465912,53.02037,0.48344144031249175
A1_LCD_plus_7K_plus_12Dblocky,1,3991,2024,2.318760369993862,5.376649653454071,7.334055,0.18022465420497644
A1_LCD_plus_7K_plus_12Dblocky,1,3991,2025,2.7815653585669375,7.737105843979614,20.375814,0.3160332190881053
A1_LCD_plus_7K_plus_12Dblocky,1,3991,2026,2.832872530164303,8.025166772159503,83.56553,0.47094674985431617
A1_LCD_plus_7K_plus_12Dblocky,1,3991,2027,2.6963553407935676,7.270332123825997,25.15565,0.46018078914632576
A1_LCD_plus_7K_plus_12Dblocky,1,3991,2028,3.9973577662910524,15.978869111727397,70.48087,0.6097151555545809
A1_LCD_plus_7K_plus_12Dblocky,1,3991,2029,2.0602246064530307,4.244525429034546,15.797628,0.06995444085095526
A1_LCD_plus_7K_plus_12Dblocky,1,3991,2030,3.417060045716708,11.676299356033468,67.349556,0.30642989638184426
A1_LCD_plus_7K_plus_12Dblocky,1,3991,2031,3.303921580570832,10.91589781056167,108.26738,0.18175956901758306
A1_LCD_plus_7K_plus_12Dblocky,1,3991,2032,2.480528760985142,6.153022934074485,13.778547,0.1341722783155718
A1_LCD_plus_7K_plus_12Dblocky,1,3991,2033,5.235493556362233,27.410392778710463,164.90659,0.48616485435452306
A1_LCD_plus_7K_plus_12Dblocky,1,3991,2034,4.107600629691276,16.872382933040164,86.22578,0.5922686402293986
A1_LCD_plus_7K_plus_12Dblocky,1,3991,2035,2.710759785446591,7.3482186143944475,19.19043,0.18732674275712818
A1_LCD_plus_7K_plus_12Dblocky,1,3991,2036,2.688479294985744,7.227920919567042,5.9443216,0.3136426163360051
A1_LCD_plus_7K_plus_12Dblocky,1,3991,2037,3.3928766496451703,11.51161195970744,157.21,0.4707576482121006
A1_LCD_plus_7K_plus_12Dblocky,1,3991,2038,2.567548656224146,6.592306102078421,24.11615,0.19534176478649307
A1_LCD_plus_7K_plus_12Dblocky,1,3991,2039,2.143053327488631,4.592677564460095,37.00495,0.2294962287787316
A1_LCD_plus_7K_plus_12Dblocky,1,3991,2040,2.9543855301155864,8.728393860556352,22.995815,0.43984275117336225
A1_LCD_plus_7K_plus_12Dblocky,1,3991,2041,3.638079423823713,13.235621894049478,122.71155,0.6658643923597383
A1_LCD_plus_7K_plus_12Dblocky,1,3991,2042,3.5481233805332857,12.58917952348695,39.203857,0.733548610471526
A1_LCD_plus_7K_plus_12Dblocky,1,3991,2043,2.9503600451907763,8.704624396258119,26.211277,0.551573507500764
A1_LCD_plus_7K_plus_12Dblocky,1,3991,2044,2.591252435914382,6.71458918663222,7.6569295,0.1119447242736695
A1_LCD_plus_7K_plus_12Dblocky,1,3991,2045,2.857604898881973,8.165905758114251,16.76134,0.4029608995101537
A1_LCD_plus_7K_plus_12Dblocky,1,3991,2046,3.055632680343698,9.336891077184411,35.649258,0.28366247991763227
A1_LCD_plus_7K_plus_12Dblocky,1,3991,2047,4.0999459558330305,16.80955684075162,126.88977,0.7406488660402202
A1_LCD_plus_7K_plus_12Dblocky,1,3991,2048,2.494915990004401,6.224605797179639,39.47467,0.14909821726005207
A1_LCD_plus_7K_plus_12Dblocky,1,3991,2049,2.783347028865486,7.7470206830943305,19.3726,0.23648325402487963
A1_LCD_plus_7K_plus_12Dblocky,1,3991,2050,4.553560331239348,20.734911690236604,160.7402,0.5953367152848034
A1_LCD_plus_7K_plus_12Dblocky,1,3991,2051,6.000407463725427,36.00488973073182,345.1498,0.8710150197538529
A1_LCD_plus_7K_plus_12Dblocky,1,3991,2052,5.3652976632431955,28.7864190152029,211.80035,0.7397790732872448
A1_LCD_plus_7K_plus_12Dblocky,1,3991,2053,4.714353045261856,22.225124635369742,210.49344,0.7777666822429217
A1_LCD_plus_7K_plus_12Dblocky,1,3991,2054,4.587528210161329,21.045415079026004,137.15384,0.5296135783138664
A1_LCD_plus_7K_plus_12Dblocky,1,3991,2055,3.4914930138814424,12.190523465982917,111.22038,0.5568461132307287
A1_LCD_plus_7K_plus_12Dblocky,1,3991,2056,2.5706474793332204,6.60822846300224,25.926014,0.09964692536771047
A1_LCD_plus_7K_plus_12Dblocky,1,3991,2057,2.424343491414042,5.877441364361623,40.245365,0.06961926886740283
A1_LCD_plus_7K_plus_12Dblocky,1,3991,2058,3.172825756142487,10.066823278841147,57.55084,0.6869537488840017
A1_LCD_plus_7K_plus_12Dblocky,1,3991,2059,3.5391684008323985,12.52571296945056,78.29939,0.4776893657807977
A1_LCD_plus_7K_plus_12Dblocky,1,3991,2060,2.9968495407718048,8.981107170024178,86.76534,0.47132952611099277
A1_LCD_plus_7K_plus_12Dblocky,1,3991,2061,2.524717539454188,6.374198654027608,25.704784,0.36958027233171487
A1_LCD_plus_7K_plus_12Dblocky,1,3991,2062,3.9440090312542644,15.555207238615202,132.30798,0.28480520118967056
A1_LCD_plus_7K_plus_12Dblocky,1,3991,2063,3.899329750326066,15.20477250177794,90.2235,0.37265833213219834
A1_LCD_plus_7K_plus_12Dblocky,1,3991,2064,2.7734030437759554,7.691764443225736,36.93377,0.3167680791534915
A1_LCD_plus_7K_plus_12Dblocky,1,3991,2065,4.676764498366695,21.87212617318309,62.0665,0.2463757866296839
A1_LCD_plus_7K_plus_12Dblocky,1,3991,2066,2.821665354617614,7.961795373449346,52.643627,0.3133543217370115
A1_LCD_plus_7K_plus_12Dblocky,1,3991,2067,2.809672074647677,7.894257167054982,25.056269,0.343669950262006
A1_LCD_plus_7K_plus_12Dblocky,1,3991,2068,3.7164711612265777,13.812157892228825,83.92157,0.5410699236434036
A1_LCD_plus_7K_plus_12Dblocky,1,3991,2069,3.8109802172028218,14.523570215911274,53.396458,0.47701842114277804
A1_LCD_plus_7K_plus_12Dblocky,1,3991,2070,2.988414274745776,8.930619877504325,35.55338,0.23863541863844678
A1_LCD_plus_7K_plus_12Dblocky,1,3991,2071,3.2669811183338777,10.673165627550077,39.149307,0.30192027115616266
A1_LCD_plus_7K_plus_12Dblocky,1,3991,2072,2.164130679634173,4.683461598533867,12.932475,0.18182936817720471
A1_LCD_plus_7K_plus_12Dblocky,1,3991,2073,2.435246763035232,5.930426796873577,6.7681236,0.2003339736773298
A1_LCD_plus_7K_plus_12Dblocky,1,3991,2074,3.0177906057714425,9.10706014028237,12.384393,0.5346808960377457
A1_LCD_plus_7K_plus_12Dblocky,1,3991,2075,4.886230861812505,23.87525203492897,162.17876,0.48907469460896563
A1_LCD_plus_7K_plus_12Dblocky,1,3991,2076,3.9095146175058404,15.284304544491844,75.421196,0.6327647189919545
A1_LCD_plus_7K_plus_12Dblocky,1,3991,2077,3.033380212305975,9.201395512409444,63.368916,0.4016928076248328
A1_LCD_plus_7K_plus_12Dblocky,1,3991,2078,3.3414397983122,11.165219925744678,109.92779,0.46530442903615477
A1_LCD_plus_7K_plus_12Dblocky,1,3991,2079,3.031183071579711,9.18807081343141,24.422274,0.09332016161931196
A1_LCD_plus_7K_plus_12Dblocky,1,3991,2080,2.8816856642000888,8.304112267256308,33.804592,0.11518361062117516
A1_LCD_plus_7K_plus_12Dblocky,1,3991,2081,2.983799974982724,8.903062290706908,66.49352,0.2388255351446809
A1_LCD_plus_7K_plus_12Dblocky,1,3991,2082,3.6634081281224673,13.420559113193754,110.92538,0.6204408853391434
A1_LCD_plus_7K_plus_12Dblocky,1,3991,2083,3.9504113730780257,15.605750016544212,55.69622,0.41380011212834467
A1_LCD_plus_7K_plus_12Dblocky,1,3991,2084,3.528171187743702,12.447991930024804,81.79371,0.3901853850157515
A1_LCD_plus_7K_plus_12Dblocky,1,3991,2085,2.9386983341995916,8.635947899427453,74.34144,0.18682632717531134
A1_LCD_plus_7K_plus_12Dblocky,1,3991,2086,3.022611993822559,9.136183265199984,9.111976,0.20869333297235004
A1_LCD_plus_7K_plus_12Dblocky,1,3991,2087,2.4157485359697084,5.835840989039789,42.98694,0.31678815357498735
A1_LCD_plus_7K_plus_12Dblocky,1,3991,2088,2.77818039507285,7.718286307567138,41.74245,0.15660375529809112
A1_LCD_plus_7K_plus_12Dblocky,1,3991,2089,2.6359001139162164,6.947969410543523,29.098932,0.24355338379365288
A1_LCD_plus_7K_plus_12Dblocky,1,3991,2090,2.4130595454661594,5.82285636996535,30.45546,0.4146369169498609
A1_LCD_plus_7K_plus_12Dblocky,1,3991,2091,2.4713086713583925,6.10736654913118,7.2978063,0.11492730939084542
A1_LCD_plus_7K_plus_12Dblocky,1,3991,2092,3.6952474865058496,13.654853986527792,42.000954,0.4057845634078419
A1_LCD_plus_7K_plus_12Dblocky,1,3991,2093,3.196202576580903,10.215710910542404,42.912075,0.46924588858771815
A1_LCD_plus_7K_plus_12Dblocky,1,3991,2094,3.1277355920836047,9.782729933986577,46.213486,0.13900189370073748
A1_LCD_plus_7K_plus_12Dblocky,1,3991,2095,3.392472683819234,11.508870910459674,82.352905,0.5388978402220416
A1_LCD_plus_7K_plus_12Dblocky,1,3991,2096,3.0542968264061527,9.328729103794696,71.850975,0.18432279012677347
A1_LCD_plus_7K_plus_12Dblocky,1,3991,2097,3.0194046005246014,9.116804141669132,49.165234,0.23668568334327653
A1_LCD_plus_7K_plus_12Dblocky,1,3991,2098,3.713822375986863,13.79247664038071,60.913586,0.5240610081238511
A1_LCD_plus_7K_plus_12Dblocky,1,3991,2099,2.0397160747493746,4.160441665590996,20.221718,0.07905098449176447
A1_LCD_plus_7K_plus_12Dblocky,1,3991,2100,4.107367664406475,16.8704691306119,94.26561,0.5266317816037276
A1_LCD_plus_7K_plus_12Dblocky,1,3991,2101,3.1477944670414972,9.908610006737064,100.65235,0.43928436438585416
A1_LCD_plus_7K_plus_12Dblocky,1,3991,2102,3.2215084711868385,10.37811682992856,67.15882,0.29126087623799285
A1_LCD_plus_7K_plus_12Dblocky,1,3991,2103,3.079488521427541,9.483249553603983,55.563103,0.29911096855815356
A1_LCD_plus_7K_plus_12Dblocky,1,3991,2104,2.9215401700508274,8.535396965220615,86.24364,0.3737516746968522
A1_LCD_plus_7K_plus_12Dblocky,1,3991,2105,4.403325257701509,19.389273325112057,224.0302,0.6218877172061518
A1_LCD_plus_7K_plus_12Dblocky,1,3991,2106,4.99660068486181,24.966018403961517,106.47124,0.7326020701979421
A1_LCD_plus_7K_plus_12Dblocky,1,3991,2107,3.4914026430390637,12.189892415820163,47.171555,0.3773692290649122
A1_LCD_plus_7K_plus_12Dblocky,1,3991,2108,3.197615461821746,10.224744641681498,40.264584,0.30522439350198793
A1_LCD_plus_7K_plus_12Dblocky,1,3991,2109,4.042542215250736,16.342147562084328,103.241234,0.669969769436404
A1_LCD_plus_7K_plus_12Dblocky,1,3991,2110,3.598652631021264,12.950300758756265,46.446346,0.6091343807622749
A1_LCD_plus_7K_plus_12Dblocky,1,3991,2111,2.774156860084832,7.695946284355735,29.785843,0.4387372469727446
A1_LCD_plus_7K_plus_12Dblocky,1,3991,2112,3.0356714574481476,9.21530119756536,31.296885,0.2781228249692996
A1_LCD_plus_7K_plus_12Dblocky,1,3991,2113,3.2242533325883844,10.395809552707302,38.83642,0.2085982447002537
A1_LCD_plus_7K_plus_12Dblocky,1,3991,2114,2.644065255246339,6.991081074000888,43.73626,0.4598905324364357
A1_LCD_plus_7K_plus_12Dblocky,1,3991,2115,2.9744962296240054,8.847627820047425,76.86717,0.42344918639140106
A1_LCD_plus_7K_plus_12Dblocky,1,3991,2116,2.632649325384214,6.930842470445956,44.46601,0.13706253537206017
A1_LCD_plus_7K_plus_12Dblocky,1,3991,2117,3.028035252896331,9.168997492782946,73.50899,0.14627287933409774
A1_LCD_plus_7K_plus_12Dblocky,1,3991,2118,3.8732765707277337,15.002271393348398,134.8633,0.6335554837607591
A1_LCD_plus_7K_plus_12Dblocky,1,3991,2119,2.659963661428499,7.075406680120105,12.998476,0.18575979707946944
A1_LCD_plus_7K_plus_12Dblocky,1,3991,2120,2.7775332001366855,7.714690677861536,83.29999,0.26245254373400073
A1_LCD_plus_7K_plus_12Dblocky,1,3991,2121,3.9009206685767515,15.217182062529293,92.70401,0.46883807987062387
A1_LCD_plus_7K_plus_12Dblocky,1,3991,2122,4.028297195558505,16.227178295744512,41.029022,0.23258198386283832
A1_LCD_plus_7K_plus_12Dblocky,1,3991,2123,3.2951511706969354,10.858021237745383,96.364456,0.28662046376715494
A1_LCD_plus_7K_plus_12Dblocky,1,3991,2124,2.281498938837152,5.2052374079150505,16.587786,0.2394813877776232
A1_LCD_plus_7K_plus_12Dblocky,1,3991,2125,3.6265859445641824,13.152125613310483,26.300684,0.2102559160460463
A1_LCD_plus_7K_plus_12Dblocky,1,3991,2126,2.556392720398824,6.535143740908099,10.53818,0.19821337938066627
A1_LCD_plus_7K_plus_12Dblocky,1,3991,2127,3.959087420160239,15.67437320047105,50.052246,0.4327247209036408
A1_LCD_plus_7K_plus_12Dblocky,1,3991,2128,3.086262595571869,9.52501680882601,116.55939,0.38079393325245003
A1_LCD_plus_7K_plus_12Dblocky,1,3991,2129,2.872234825315944,8.249732891757715,42.423218,0.14998925313845485
A1_LCD_plus_7K_plus_12Dblocky,1,3991,2130,2.384889928356836,5.687699970377875,19.35751,0.1393811665955947
A1_LCD_plus_7K_plus_12Dblocky,1,3991,2131,3.057625663124735,9.349074695798976,27.640049,0.4084523017485036
A1_LCD_plus_7K_plus_12Dblocky,1,3991,2132,2.4080004733098734,5.798466279460574,8.686,0.43356422927819627
A1_LCD_plus_7K_plus_12Dblocky,1,3991,2133,2.4313846930991976,5.9116315258370795,28.874855,0.12743259553116953
A1_LCD_plus_7K_plus_12Dblocky,1,3991,2134,2.7521609317034974,7.5743897939950635,33.192234,0.30838346174383424
A1_LCD_plus_7K_plus_12Dblocky,1,3991,2135,3.4315989252047365,11.775871183466302,72.04829,0.3088467189937325
A1_LCD_plus_7K_plus_12Dblocky,1,3991,2136,2.76660536452932,7.6541052430424115,33.538185,0.2659146740269117
A1_LCD_plus_7K_plus_12Dblocky,1,3991,2137,3.9331948968326733,15.470022096470577,79.65349,0.49113474085297043
A1_LCD_plus_7K_plus_12Dblocky,1,3991,2138,3.7563125364594336,14.109883871562308,174.57024,0.7052658069296522
A1_LCD_plus_7K_plus_12Dblocky,1,3991,2139,3.554760033326614,12.63631889453623,107.80824,0.32645352984168097
A1_LCD_plus_7K_plus_12Dblocky,1,3991,2140,4.047877504049152,16.385312287787198,94.87601,0.5023026612123414
A1_LCD_plus_7K_plus_12Dblocky,1,3991,2141,3.1813055426499877,10.120704955695533,15.950612,0.39634674231391887
A1_LCD_plus_7K_plus_12Dblocky,1,3991,2142,3.239898770914485,10.496944045773189,45.94926,0.5827172205113361
A1_LCD_plus_7K_plus_12Dblocky,1,3991,2143,3.4501610400744784,11.903611202447804,112.469246,0.39414476731094633
A1_LCD_plus_7K_plus_12Dblocky,1,3991,2144,3.815259115405379,14.556202117683835,69.18607,0.5658617262214594
A1_LCD_plus_7K_plus_12Dblocky,1,3991,2145,4.010404814672039,16.083346777544666,95.66376,0.6547057096689353
A1_LCD_plus_7K_plus_12Dblocky,1,3991,2146,3.574319300471865,12.775758461725674,90.1442,0.41660686057869833
A1_LCD_plus_7K_plus_12Dblocky,1,3991,2147,3.068603739003888,9.416328907028639,63.692104,0.37817492647233697
A1_LCD_plus_7K_plus_12Dblocky,1,3991,2148,2.82768469087019,7.995800710981642,22.699875,0.19564187599747762
A1_LCD_plus_7K_plus_12Dblocky,1,3991,2149,4.0553193884058825,16.44561534198066,75.91267,0.45659706125132793
A1_LCD_plus_7K_plus_12Dblocky,1,3991,2150,2.50991413554343,6.299668967800721,18.23356,0.37513435682323787
A1_LCD_plus_7K_plus_12Dblocky,1,3991,2151,3.1212998558407294,9.742512790071357,115.42857,0.24293104694700052
A1_LCD_plus_7K_plus_12Dblocky,1,3991,2152,4.579907177996222,20.97554975906132,176.15213,0.5482055460573313
A1_LCD_plus_7K_plus_12Dblocky,1,3991,2153,4.801376937020193,23.05322049134941,170.64626,0.8059737740615867
A1_LCD_plus_7K_plus_12Dblocky,1,3991,2154,4.011751922270759,16.09415348584313,112.699036,0.6924849515749767
A1_LCD_plus_7K_plus_12Dblocky,1,3991,2155,4.382117634585562,19.202954963345764,76.07614,0.55650510773474
A1_LCD_plus_7K_plus_12Dblocky,1,3991,2156,3.2181629993791465,10.356573090572985,94.4609,0.42378037171516314
A1_LCD_plus_7K_plus_12Dblocky,1,3991,2157,2.9438969846917837,8.666529456477377,37.39103,0.16712821910860667
A1_LCD_plus_7K_plus_12Dblocky,1,3991,2158,2.9630001982096674,8.779370174590529,53.234516,0.41255243055648544
A1_LCD_plus_7K_plus_12Dblocky,1,3991,2159,2.699727054604879,7.288526169365534,44.04012,0.1563358790823074
A1_LCD_plus_7K_plus_12Dblocky,1,3991,2160,2.740013631798217,7.507674702440055,69.03241,0.24182307610008907
A1_LCD_plus_7K_plus_12Dblocky,1,3991,2161,3.3879139566507996,11.477960977669275,70.93367,0.4985470111099537
A1_LCD_plus_7K_plus_12Dblocky,1,3991,2162,3.095254303791051,9.580599205137023,36.886787,0.26880422231476464
A1_LCD_plus_7K_plus_12Dblocky,1,3991,2163,3.8023864183191045,14.458142474217585,158.97432,0.5338288339687713
A1_LCD_plus_7K_plus_12Dblocky,1,3991,2164,4.266649556086853,18.20429843445614,129.07239,0.5320833768036405
A1_LCD_plus_7K_plus_12Dblocky,1,3991,2165,3.6703980013898763,13.4718214886068,96.150055,0.429004708159462
A1_LCD_plus_7K_plus_12Dblocky,1,3991,2166,4.282588646054436,18.34056551131437,132.26932,0.6880253911462731
A1_LCD_plus_7K_plus_12Dblocky,1,3991,2167,3.3681397557202764,11.344365414063443,111.69569,0.3892077192890865
A1_LCD_plus_7K_plus_12Dblocky,1,3991,2168,2.6988652072944688,7.2838734071446165,77.367035,0.1947117049279123
A1_LCD_plus_7K_plus_12Dblocky,1,3991,2169,3.15065186844934,9.926607196163316,81.27324,0.40663693941829204
A1_LCD_plus_7K_plus_12Dblocky,1,3991,2170,3.333233551833427,11.110445911068082,41.74349,0.6544952400746701
A1_LCD_plus_7K_plus_12Dblocky,1,3991,2171,3.9723754383196748,15.779766622965429,66.98057,0.5253187137687758
A1_LCD_plus_7K_plus_12Dblocky,1,3991,2172,2.6277690508982907,6.905170184858902,27.154446,0.19771400673404416
A1_LCD_plus_7K_plus_12Dblocky,1,3991,2173,3.7111134041230067,13.77236269826145,39.563698,0.4996529710926723
A1_LCD_plus_7K_plus_12Dblocky,1,3991,2174,4.690641487216403,22.002117561595714,73.77577,0.5210081305707341
A1_LCD_plus_7K_plus_12Dblocky,1,3991,2175,3.4395954877699206,11.830817119487195,65.61748,0.294901316125156
A1_LCD_plus_7K_plus_12Dblocky,1,3991,2176,3.7389947854630887,13.980082005720169,119.41592,0.4387024811112076
A1_LCD_plus_7K_plus_12Dblocky,1,3991,2177,4.615671600666933,21.304424325203247,93.24627,0.3079873991344233
A1_LCD_plus_7K_plus_12Dblocky,1,3991,2178,3.0712110458801334,9.432337288336143,102.18877,0.6331750498321962
A1_LCD_plus_7K_plus_12Dblocky,1,3991,2179,2.565365809390347,6.581101735988991,18.284506,0.3274483841728153
A1_LCD_plus_7K_plus_12Dblocky,1,3991,2180,2.608199204120897,6.802703088376878,37.753838,0.17619223264480832
A1_LCD_plus_7K_plus_12Dblocky,1,3991,2181,3.721472628581663,13.849358525282513,82.53331,0.3448595068784317
A1_LCD_plus_7K_plus_12Dblocky,1,3991,2182,2.4869323456977637,6.184832492077781,15.706824,0.0968051270872796
A1_LCD_plus_7K_plus_12Dblocky,1,3991,2183,3.384919535866962,11.457680264293808,49.56419,0.3095611574347145
A1_LCD_plus_7K_plus_12Dblocky,1,3991,2184,2.3500841544511695,5.522895533002469,40.76251,0.2286687198250058
A1_LCD_plus_7K_plus_12Dblocky,1,3991,2185,3.485906894122279,12.151546874489227,46.925465,0.403729694749806
A1_LCD_plus_7K_plus_12Dblocky,1,3991,2186,2.9196564255750928,8.524393643401925,68.81654,0.2024403110538085
A1_LCD_plus_7K_plus_12Dblocky,1,3991,2187,2.287320702078796,5.231835994158234,24.64029,0.15290284881325444
A1_LCD_plus_7K_plus_12Dblocky,1,3991,2188,3.1109794744586625,9.678193290503097,36.414825,0.30814518193392826
A1_LCD_plus_7K_plus_12Dblocky,1,3991,2189,3.4518477151733866,11.91525264874773,120.246765,0.4857649461931768
A1_LCD_plus_7K_plus_12Dblocky,1,3991,2190,4.100709036182268,16.815814599426904,143.31429,0.4559945549515506
A1_LCD_plus_7K_plus_12Dblocky,1,3991,2191,3.808689269180031,14.50611394916712,52.003815,0.3871204392785625
A1_LCD_plus_7K_plus_12Dblocky,1,3991,2192,2.420889291395367,5.860704961192764,18.32543,0.11035621954289766
A1_LCD_plus_7K_plus_12Dblocky,1,3991,2193,3.275099002851131,10.726273478476473,49.682144,0.23410649174542775
A1_LCD_plus_7K_plus_12Dblocky,1,3991,2194,4.5233377320125046,20.46058423784803,150.59834,0.7377892397128057
A1_LCD_plus_7K_plus_12Dblocky,1,3991,2195,2.4090893181442232,5.803711342796598,27.620352,0.5160819746536621
A1_LCD_plus_7K_plus_12Dblocky,1,3991,2196,3.3498020522661585,11.221173789366564,31.386925,0.41107709802019154
A1_LCD_plus_7K_plus_12Dblocky,1,3991,2197,2.1893077730295576,4.793068525047641,26.701157,0.11185796030940684
A1_LCD_plus_7K_plus_12Dblocky,1,3991,2198,3.6054118190150986,12.998994384693763,120.36992,0.1890774509313138
A1_LCD_plus_7K_plus_12Dblocky,1,3991,2199,3.95274580227515,15.624199377403816,145.36316,0.7403291122603765
A1_LCD_plus_7K_plus_12Dblocky,1,3991,2200,3.9421906219454192,15.540866899754409,107.95277,0.7238626485235665
A1_LCD_plus_7K_plus_12Dblocky,1,3991,2201,3.3880172160988624,11.478660656582287,111.36246,0.43155108773328565
A1_LCD_plus_7K_plus_12Dblocky,1,3991,2202,3.344410483222973,11.18508148029172,173.78381,0.7282402862160775
A1_LCD_plus_7K_plus_12Dblocky,1,3991,2203,3.9617353014492025,15.695346598748799,105.78237,0.759049668357794
A1_LCD_plus_7K_plus_12Dblocky,1,3991,2204,5.589726801898187,31.245045719858933,190.5703,0.6666295021283273
A1_LCD_plus_7K_plus_12Dblocky,1,3991,2205,5.206610132480434,27.108789071647927,253.97739,0.7747882236788777
A1_LCD_plus_7K_plus_12Dblocky,1,3991,2206,3.557487676062842,12.655718565339003,38.215267,0.3713439128298137
A1_LCD_plus_7K_plus_12Dblocky,1,3991,2207,2.8087097264178875,7.888850327274445,37.093643,0.07983740301608341
A1_LCD_plus_7K_plus_12Dblocky,1,3991,2208,3.078536185635976,9.477385046270104,79.53531,0.2778302354651277
A1_LCD_plus_7K_plus_12Dblocky,1,3991,2209,2.493825191162666,6.219164084077506,61.91738,0.3151542380872394
A1_LCD_plus_7K_plus_12Dblocky,1,3991,2210,2.398565625877751,5.75311706164233,39.28139,0.053274051255679744
A1_LCD_plus_7K_plus_12Dblocky,1,3991,2211,3.6288877933049304,13.168826616397528,103.649055,0.49749801086299456
A1_LCD_plus_7K_plus_12Dblocky,1,3991,2212,3.492663248936008,12.198696570468233,62.658108,0.30199304738504873
A1_LCD_plus_7K_plus_12Dblocky,1,3991,2213,3.2431880765379577,10.51826889979798,55.756405,0.44651827342075345
A1_LCD_plus_7K_plus_12Dblocky,1,3991,2214,2.3934476544265664,5.728591674480032,18.845589,0.2075013667458412
A1_LCD_plus_7K_plus_12Dblocky,1,3991,2215,3.94176961948137,15.537547733066306,150.23415,0.3964165401353938
A1_LCD_plus_7K_plus_12Dblocky,1,3991,2216,4.227239913796993,17.869557288798408,78.49009,0.590634775683529
A1_LCD_plus_7K_plus_12Dblocky,1,3991,2217,3.556260595692185,12.646989424472933,137.84138,0.5545708608468818
A1_LCD_plus_7K_plus_12Dblocky,1,3991,2218,2.6330618581618346,6.933014748906652,32.66952,0.23202526545972488
A1_LCD_plus_7K_plus_12Dblocky,1,3991,2219,2.5846769602058544,6.680554988618976,31.62227,0.44360437914692885
A1_LCD_plus_7K_plus_12Dblocky,1,3991,2220,2.672577855620685,7.14267239435406,43.34883,0.31442062573458707
A1_LCD_plus_7K_plus_12Dblocky,1,3991,2221,3.426716208207022,11.742383971588715,60.32169,0.4651500660797715
A1_LCD_plus_7K_plus_12Dblocky,1,3991,2222,4.140256086057467,17.141720458135893,74.122345,0.4621438301736387
A1_LCD_plus_7K_plus_12Dblocky,1,3991,2223,4.475972457894735,20.034329443832238,206.01593,0.7822585889770322
A1_LCD_plus_7K_plus_12Dblocky,1,3991,2224,5.419317049758329,29.36899728580131,148.87123,0.6478577158816771
A1_LCD_plus_7K_plus_12Dblocky,1,3991,2225,3.304507524351146,10.919769978493335,53.587944,0.4484314742323165
A1_LCD_plus_7K_plus_12Dblocky,1,3991,2226,2.807498728236158,7.882049109047647,61.722347,0.4852607088148652
A1_LCD_plus_7K_plus_12Dblocky,1,3991,2227,4.6392205379134985,21.522367199398413,122.65854,0.760013557266733
A1_LCD_plus_7K_plus_12Dblocky,1,3991,2228,3.200320016297199,10.242048206712507,52.90703,0.3143954311700456
A1_LCD_plus_7K_plus_12Dblocky,1,3991,2229,2.6670069517895953,7.112926080894029,15.47804,0.17114639379102461
A1_LCD_plus_7K_plus_12Dblocky,1,3991,2230,3.2808058957083244,10.763687325314502,87.31574,0.4158021446426444
A1_LCD_plus_7K_plus_12Dblocky,1,3991,2231,2.25719136126964,5.094912841390292,13.408911,0.3000767264838444
A1_LCD_plus_7K_plus_12Dblocky,1,3991,2232,2.68322083220646,7.199674034386728,19.949825,0.08117384725171901
A1_LCD_plus_7K_plus_12Dblocky,1,3991,2233,3.0724677172252615,9.440057873391408,13.016654,0.31099318240350965
A1_LCD_plus_7K_plus_12Dblocky,1,3991,2234,2.15339141356083,4.637094579997511,35.234116,0.1942246778473567
A1_LCD_plus_7K_plus_12Dblocky,1,3991,2235,2.785682877691321,7.7600290950626,44.9087,0.14197690806316943
A1_LCD_plus_7K_plus_12Dblocky,1,3991,2236,3.098385846204671,9.599994851961439,59.366486,0.346229171094874
A1_LCD_plus_7K_plus_12Dblocky,1,3991,2237,2.3806659511025727,5.667570370739116,12.684165,0.12969433471833458
A1_LCD_plus_7K_plus_12Dblocky,1,3991,2238,2.6935540075856226,7.255233191780567,56.13787,0.12536894650091643
A1_LCD_plus_7K_plus_12Dblocky,1,3991,2239,4.047209978357673,16.37990860891792,182.42853,0.5053511898387952
A1_LCD_plus_7K_plus_12Dblocky,1,3991,2240,3.7877379570231358,14.3469588310738,106.8809,0.45243856580815095
A1_LCD_plus_7K_plus_12Dblocky,1,3991,2241,3.772566276147295,14.232256307923873,80.305664,0.48676931018432906
A1_LCD_plus_7K_plus_12Dblocky,1,3991,2242,3.926127100337315,15.414474008003086,97.39505,0.4378467871867554
A1_LCD_plus_7K_plus_12Dblocky,1,3991,2243,2.8797394740072426,8.29289943815551,76.98342,0.24771131566909452
A1_LCD_plus_7K_plus_12Dblocky,1,3991,2244,3.985272903144138,15.882400112534905,72.74368,0.5734914985650517
A1_LCD_plus_7K_plus_12Dblocky,1,3991,2245,3.1131025743612883,9.691407638494876,74.148766,0.4036069601258496
A1_LCD_plus_7K_plus_12Dblocky,1,3991,2246,3.70914061648203,13.757724112836692,143.92082,0.5146110082830028
A1_LCD_plus_7K_plus_12Dblocky,1,3991,2247,4.167647461107968,17.369285360079687,75.719284,0.4482634908263828
A1_LCD_plus_7K_plus_12Dblocky,1,3991,2248,2.415187278574577,5.83312959058847,17.872118,0.24754945761903452
A1_LCD_plus_7K_plus_12Dblocky,1,3991,2249,3.5026188736276906,12.268338973892913,62.61441,0.3027436091788696
A1_LCD_plus_7K_plus_12Dblocky,1,3991,2250,3.583764912448826,12.843370947699336,90.60669,0.42724809083214477
A1_LCD_plus_7K_plus_12Dblocky,1,3991,2251,3.139062313573586,9.853712208497955,65.22974,0.6200722089543851
A1_LCD_plus_7K_plus_12Dblocky,1,3991,2252,2.699806881590274,7.2889571978821985,105.34761,0.29222695466892373
A1_LCD_plus_7K_plus_12Dblocky,1,3991,2253,3.063674419827629,9.386100950706158,22.017353,0.4614800239294673
A1_LCD_plus_7K_plus_12Dblocky,1,3991,2254,3.416449698139084,11.672128539914636,100.586105,0.5901983557569843
A1_LCD_plus_7K_plus_12Dblocky,1,3991,2255,2.52190098725726,6.359984589529143,46.41433,0.10592399143832196
A1_LCD_plus_7K_plus_12Dblocky,1,3991,2256,2.6522838363485133,7.034609548555588,46.300137,0.17690494183826777
A1_LCD_plus_7K_plus_12Dblocky,1,3991,2257,3.189805609767022,10.174859828101166,32.27918,0.2927198256233648
A1_LCD_plus_7K_plus_12Dblocky,1,3991,2258,2.8999645442467363,8.409794357888181,63.424236,0.44043784621926974
A1_LCD_plus_7K_plus_12Dblocky,1,3991,2259,2.2508157086525626,5.066171354317138,4.892012,0.1653515978698812
A1_LCD_plus_7K_plus_12Dblocky,1,3991,2260,3.4543401439979218,11.932465830435584,108.219894,0.46926329257862387
A1_LCD_plus_7K_plus_12Dblocky,1,3991,2261,3.496098995467159,12.222708186106479,31.983368,0.41903992574102594
A1_LCD_plus_7K_plus_12Dblocky,1,3991,2262,3.5774370709103502,12.798055996323631,75.00343,0.4035718430672932
A1_LCD_plus_7K_plus_12Dblocky,1,3991,2263,2.4455955197564734,5.980937446252933,28.469164,0.1921578479309079
A1_LCD_plus_7K_plus_12Dblocky,1,3991,2264,3.0864314623014852,9.526059171484484,8.05396,0.07023039445367923
A1_LCD_plus_7K_plus_12Dblocky,1,3991,2265,3.151228393205738,9.930240386146016,75.40666,0.3560850626300315
A1_LCD_plus_7K_plus_12Dblocky,1,3991,2266,3.822242150494929,14.609535057020098,87.23552,0.3825254254887757
A1_LCD_plus_7K_plus_12Dblocky,1,3991,2267,4.071465186813666,16.576828767435636,35.95464,0.34953812712033927
A1_LCD_plus_7K_plus_12Dblocky,1,3991,2268,2.6553493647896502,7.050880249088799,29.050179,0.2238730122727146
A1_LCD_plus_7K_plus_12Dblocky,1,3991,2269,3.9307949384172454,15.451148847886639,60.10963,0.44278019536226493
A1_LCD_plus_7K_plus_12Dblocky,1,3991,2270,2.838598414363209,8.057640958025322,69.61505,0.29129284141572026
A1_LCD_plus_7K_plus_12Dblocky,1,3991,2271,4.976633043028618,24.76687644496428,99.01685,0.6005022467705347
A1_LCD_plus_7K_plus_12Dblocky,1,3991,2272,2.572840832786828,6.619509950855218,30.43587,0.23878850251881856
A1_LCD_plus_7K_plus_12Dblocky,1,3991,2273,2.722032898881353,7.409463102592419,64.85841,0.4423674327418584
A1_LCD_plus_7K_plus_12Dblocky,1,3991,2274,2.658416193830601,7.067176659620779,66.16503,0.3436718259781389
A1_LCD_plus_7K_plus_12Dblocky,1,3991,2275,2.859928772943158,8.179192586308158,62.413876,0.2924033765045759
A1_LCD_plus_7K_plus_12Dblocky,1,3991,2276,3.5029957851978906,12.270979471114186,111.84091,0.29010284386450436
A1_LCD_plus_7K_plus_12Dblocky,1,3991,2277,3.595316245241995,12.926298903300996,72.12222,0.659472682227127
A1_LCD_plus_7K_plus_12Dblocky,1,3991,2278,3.079212006643144,9.481546581855298,52.58087,0.3104249894037439
A1_LCD_plus_7K_plus_12Dblocky,1,3991,2279,3.640522748863668,13.253405884993876,39.27148,0.4026640585756844
A1_LCD_plus_7K_plus_12Dblocky,1,3991,2280,4.107864395247576,16.874549889742735,143.19876,0.8492134309874644
A1_LCD_plus_7K_plus_12Dblocky,1,3991,2281,4.277780866173397,18.299409138999216,140.98087,0.4351165833451097
A1_LCD_plus_7K_plus_12Dblocky,1,3991,2282,2.581934972632504,6.666388202902808,28.312284,0.16272416204466705
A1_LCD_plus_7K_plus_12Dblocky,1,3991,2283,3.229224449352998,10.427890544299174,36.845387,0.27462414511995936
A1_LCD_plus_7K_plus_12Dblocky,1,3991,2284,3.125173691885421,9.766710604452753,76.4812,0.4167874843779241
A1_LCD_plus_7K_plus_12Dblocky,1,3991,2285,3.6036118116359526,12.986018088962151,44.338467,0.7578704721576004
A1_LCD_plus_7K_plus_12Dblocky,1,3991,2286,2.6462231843377384,7.002497141326559,29.588078,0.1665285804576152
A1_LCD_plus_7K_plus_12Dblocky,1,3991,2287,2.3821218182269948,5.674504356873082,17.96709,0.050081270183569566
A1_LCD_plus_7K_plus_12Dblocky,1,3991,2288,2.304987702832337,5.3129683102082925,20.062939,0.11501274276191809
A1_LCD_plus_7K_plus_12Dblocky,1,3991,2289,3.8795979296844836,15.051280096012132,51.775433,0.5498787993068381
A1_LCD_plus_7K_plus_12Dblocky,1,3991,2290,3.372666887846905,11.374881936378928,67.30911,0.29204018123999054
A1_LCD_plus_7K_plus_12Dblocky,1,3991,2291,3.4915225109659915,12.190729444582258,53.886192,0.2590324975519079
A1_LCD_plus_7K_plus_12Dblocky,1,3991,2292,2.8102361538294276,7.897427240290014,59.05271,0.2237029863903584
A1_LCD_plus_7K_plus_12Dblocky,1,3991,2293,3.545365093038232,12.56961364293399,44.755005,0.2528147700672001
A1_LCD_plus_7K_plus_12Dblocky,1,3991,2294,3.0588453915915235,9.356535129660704,44.302597,0.48198014022413355
A1_LCD_plus_7K_plus_12Dblocky,1,3991,2295,3.8709212338001198,14.98403119828464,37.572456,0.6461518351908465
A1_LCD_plus_7K_plus_12Dblocky,1,3991,2296,3.8172469019893995,14.571373910747663,41.358013,0.4119501415006403
A1_LCD_plus_7K_plus_12Dblocky,1,3991,2297,3.5093191562496546,12.315320940420786,79.09534,0.5823608512282137
A1_LCD_plus_7K_plus_12Dblocky,1,3991,2298,2.5228409304881154,6.364726360546143,39.926018,0.31345028518921353
A1_LCD_plus_7K_plus_12Dblocky,1,3991,2299,2.3751625461995003,5.641397120868894,21.663532,0.36056777468721823
A1_LCD_plus_7K_plus_12Dblocky,1,3991,2300,4.093702660432641,16.75840147203329,45.3658,0.3855058769140258
A1_LCD_plus_7K_plus_12Dblocky,1,3991,2301,2.873972574600631,8.25971835955658,35.57037,0.14166989623766324
A1_LCD_plus_7K_plus_12Dblocky,1,3991,2302,3.312695130153525,10.973949025342879,16.823622,0.3442320470372271
A1_LCD_plus_7K_plus_12Dblocky,1,3991,2303,3.2730353782678074,10.712760587392694,11.821002,0.3410032623882846
A1_LCD_plus_7K_plus_12Dblocky,1,3991,2304,2.7342930890185717,7.476358696654723,54.27569,0.3326105961363469
A1_LCD_plus_7K_plus_12Dblocky,1,3991,2305,2.5007088530052557,6.2535447674988625,11.797509,0.17595375744080105
A1_LCD_plus_7K_plus_12Dblocky,1,3991,2306,2.501656368930333,6.2582845882096985,20.162205,0.2771495786877788
A1_LCD_plus_7K_plus_12Dblocky,1,3991,2307,3.4206298199195597,11.700708364922919,40.229164,0.22014399268583354
A1_LCD_plus_7K_plus_12Dblocky,1,3991,2308,4.427337589498686,19.60131813138804,46.418858,0.43357472403886427
A1_LCD_plus_7K_plus_12Dblocky,1,3991,2309,4.281744626762789,18.333337048812012,132.55925,0.3208515926984893
A1_LCD_plus_7K_plus_12Dblocky,1,3991,2310,3.7516048432295457,14.074538899743384,80.4299,0.5811052275234179
A1_LCD_plus_7K_plus_12Dblocky,1,3991,2311,5.2480423959892555,27.541948990100646,270.77475,0.7531399377550465
A1_LCD_plus_7K_plus_12Dblocky,1,3991,2312,3.2177200372731867,10.35372223826936,36.040012,0.24655468656278393
A1_LCD_plus_7K_plus_12Dblocky,1,3991,2313,2.3860626542672034,5.693294990088651,31.185303,0.2536745488645643
A1_LCD_plus_7K_plus_12Dblocky,1,3991,2314,2.691428358325606,7.243786607999264,50.354485,0.17236281202031406
A1_LCD_plus_7K_plus_12Dblocky,1,3991,2315,2.668737935225989,7.122162166914276,12.531244,0.1588399311035053
A1_LCD_plus_7K_plus_12Dblocky,1,3991,2316,3.9929132926965156,15.943356562992529,145.3227,0.6023908023389771
A1_LCD_plus_7K_plus_12Dblocky,1,3991,2317,3.5653008328574955,12.71137002877435,74.822784,0.3906149017091878
A1_LCD_plus_7K_plus_12Dblocky,1,3991,2318,3.0954293446850127,9.58168282793709,51.037457,0.3305213887644437
A1_LCD_plus_7K_plus_12Dblocky,1,3991,2319,3.5817179280959115,12.828703316443669,48.692,0.6121006747212695
A1_LCD_plus_7K_plus_12Dblocky,1,3991,2320,2.93037780272133,8.58711406668189,32.9736,0.34638250068607823
A1_LCD_plus_7K_plus_12Dblocky,1,3991,2321,2.4500114137678186,6.002555927592586,21.931562,0.10825196607732979
A1_LCD_plus_7K_plus_12Dblocky,1,3991,2322,3.277924595935916,10.744789656641634,36.19609,0.5663382843371628
A1_LCD_plus_7K_plus_12Dblocky,1,3991,2323,3.085486414814618,9.520226416005562,78.05146,0.21576065165775066
A1_LCD_plus_7K_plus_12Dblocky,1,3991,2324,3.310125669529485,10.956931948078019,53.58362,0.4293379047543673
A1_LCD_plus_7K_plus_12Dblocky,1,3991,2325,3.0419487729022356,9.253452336961416,31.30395,0.39291673293553575
A1_LCD_plus_7K_plus_12Dblocky,1,3991,2326,2.6176808496851303,6.8522530308082645,72.693115,0.15684601466611478
A1_LCD_plus_7K_plus_12Dblocky,1,3991,2327,3.371457687013113,11.366726935319809,81.44925,0.6417421714065763
A1_LCD_plus_7K_plus_12Dblocky,1,3991,2328,3.743472088099901,14.01358327438303,116.02611,0.5921879115694028
A1_LCD_plus_7K_plus_12Dblocky,1,3991,2329,3.491052207058064,12.187445512404974,52.05541,0.41302509945092863
A1_LCD_plus_7K_plus_12Dblocky,1,3991,2330,3.7381851625317046,13.974028309372185,73.58966,0.2554226851385969
A1_LCD_plus_7K_plus_12Dblocky,1,3991,2331,4.3797931803495205,19.182588302636166,144.09155,0.3605242487174077
A1_LCD_plus_7K_plus_12Dblocky,1,3991,2332,4.489334953796116,20.15412832737558,119.099045,0.5860329437999658
A1_LCD_plus_7K_plus_12Dblocky,1,3991,2333,4.540249117141416,20.61386204570341,116.52447,0.4171572382652735
A1_LCD_plus_7K_plus_12Dblocky,1,3991,2334,4.071080993177612,16.573700453012012,119.781586,0.6911845994825168
A1_LCD_plus_7K_plus_12Dblocky,1,3991,2335,3.3965356965174416,11.536454737717218,104.98785,0.6115699111942057
A1_LCD_plus_7K_plus_12Dblocky,1,3991,2336,3.003821075184327,9.022941051721526,25.637728,0.28563862724375494
A1_LCD_plus_7K_plus_12Dblocky,1,3991,2337,2.886876927777856,8.33405839613611,56.743202,0.4056185975499012
A1_LCD_plus_7K_plus_12Dblocky,1,3991,2338,3.3747557144839053,11.388976132441774,73.476295,0.6629811249353179
A1_LCD_plus_7K_plus_12Dblocky,1,3991,2339,2.9952364315885878,8.971441281115538,26.148571,0.38440812709406746
A1_LCD_plus_7K_plus_12Dblocky,1,3991,2340,2.6256342710724443,6.893955325430124,29.68272,0.4008600442353283
A1_LCD_plus_7K_plus_12Dblocky,1,3991,2341,3.489141247716798,12.174106646518734,28.08868,0.20455438587832886
A1_LCD_plus_7K_plus_12Dblocky,1,3991,2342,2.390494996321853,5.714466327439815,27.496588,0.24092180175488792
A1_LCD_plus_7K_plus_12Dblocky,1,3991,2343,3.386447896617625,11.468029356505932,24.839315,0.39205289525889775
A1_LCD_plus_7K_plus_12Dblocky,1,3991,2344,3.646022774562044,13.293482072625105,116.50755,0.33142054859723424
A1_LCD_plus_7K_plus_12Dblocky,1,3991,2345,3.066387947470311,9.402735044391187,28.550655,0.3475977665841329
A1_LCD_plus_7K_plus_12Dblocky,1,3991,2346,2.7755369435955957,7.703605325263978,20.115528,0.14190859292560626
A1_LCD_plus_7K_plus_12Dblocky,1,3991,2347,3.216488084383541,10.3457955969813,71.99748,0.3843091365157094
A1_LCD_plus_7K_plus_12Dblocky,1,3991,2348,3.24147183775929,10.507139674986588,85.74373,0.5383502712718911
A1_LCD_plus_7K_plus_12Dblocky,1,3991,2349,3.0118902215765764,9.071482706828597,40.284657,0.38249443531851
A1_LCD_plus_7K_plus_12Dblocky,1,3991,2350,3.56889208427796,12.736990709221883,24.438152,0.49771491630312664
A1_LCD_plus_7K_plus_12Dblocky,1,3991,2351,2.5709098362574827,6.609577386165475,31.465313,0.21164953635020636
A1_LCD_plus_7K_plus_12Dblocky,1,3991,2352,3.2317424798585215,10.444159456122106,97.16963,0.6532121471370937
A1_LCD_plus_7K_plus_12Dblocky,1,3991,2353,2.902733088564101,8.425859383444882,128.65723,0.38173833152000836
A1_LCD_plus_7K_plus_12Dblocky,1,3991,2354,2.7606804268378626,7.621356419125682,59.70511,0.19504229101874265
A1_LCD_plus_7K_plus_12Dblocky,1,3991,2355,2.520555792401505,6.353201502608779,24.93475,0.41113050430019266
A1_LCD_plus_7K_plus_12Dblocky,1,3991,2356,2.2834084814914797,5.213954293347227,16.88394,0.13917095434131652
A1_LCD_plus_7K_plus_12Dblocky,1,3991,2357,3.5706513258304082,12.749550890654453,42.226,0.5762404107798901
A1_LCD_plus_7K_plus_12Dblocky,1,3991,2358,3.6011023546569976,12.967938168716172,76.1882,0.23859028796748205
A1_LCD_plus_7K_plus_12Dblocky,1,3991,2359,3.9195835033454607,15.36313483969787,91.24434,0.7351658914391261
A1_LCD_plus_7K_plus_12Dblocky,1,3991,2360,2.145201926465042,4.601891305309328,27.1434,0.11159439133546697
A1_LCD_plus_7K_plus_12Dblocky,1,3991,2361,3.0752355498136996,9.457073686837967,39.886894,0.29295985848574513
A1_LCD_plus_7K_plus_12Dblocky,1,3991,2362,2.690937752662128,7.241145988702306,53.80628,0.19944489070999916
A1_LCD_plus_7K_plus_12Dblocky,1,3991,2363,4.244407364612814,18.0149938767795,86.6796,0.5018612669940871
A1_LCD_plus_7K_plus_12Dblocky,1,3991,2364,4.236166166871201,17.94510379334425,127.28723,0.5655630921261953
A1_LCD_plus_7K_plus_12Dblocky,1,3991,2365,3.1447594606806737,9.889512065540599,22.109936,0.48449740714698397
A1_LCD_plus_7K_plus_12Dblocky,1,3991,2366,4.006878675107647,16.055076717032414,76.47639,0.6808432034025875
A1_LCD_plus_7K_plus_12Dblocky,1,3991,2367,3.926400725582668,15.4166226578561,87.698044,0.29550604974855327
A1_LCD_plus_7K_plus_12Dblocky,1,3991,2368,2.9733827376330226,8.84100490445405,5.5308695,0.2421614605451701
A1_LCD_plus_7K_plus_12Dblocky,1,3991,2369,2.5420900139831772,6.46222163919299,25.13089,0.10303788656603716
A1_LCD_plus_7K_plus_12Dblocky,1,3991,2370,2.7444209660521017,7.53184643890635,85.42348,0.4877001765861486
A1_LCD_plus_7K_plus_12Dblocky,1,3991,2371,2.78579280313242,7.760641541984388,49.69817,0.38292917647451685
A1_LCD_plus_7K_plus_12Dblocky,1,3991,2372,3.6751683582933214,13.506862461800425,16.891823,0.20705508486728813
A1_LCD_plus_7K_plus_12Dblocky,1,3991,2373,2.910488636672791,8.47094410420144,52.3241,0.3924921185841027
A1_LCD_plus_7K_plus_12Dblocky,1,3991,2374,4.090378495585518,16.731196237148442,113.10333,0.29359017025745787
A1_LCD_plus_7K_plus_12Dblocky,1,3991,2375,3.318181231912783,11.010326687818232,53.405396,0.6162016502502885
A1_LCD_plus_7K_plus_12Dblocky,1,3991,2376,3.592835221770153,12.908464930792187,131.63416,0.3900047976891168
A1_LCD_plus_7K_plus_12Dblocky,1,3991,2377,5.229035249264283,27.34280963804838,238.58278,0.8134637462425931
A1_LCD_plus_7K_plus_12Dblocky,1,3991,2378,4.419603869957963,19.5328983673474,125.86754,0.661907242197469
A1_LCD_plus_7K_plus_12Dblocky,1,3991,2379,2.7716701218910282,7.682155264583426,47.155777,0.2880476153127044
A1_LCD_plus_7K_plus_12Dblocky,1,3991,2380,3.348002623349354,11.209121565954156,75.49717,0.5795101925585359
A1_LCD_plus_7K_plus_12Dblocky,1,3991,2381,3.4236094558603725,11.721101706256555,97.62484,0.39892727724113036
A1_LCD_plus_7K_plus_12Dblocky,1,3991,2382,3.425745009968531,11.735728873324296,126.25354,0.357807128121659
A1_LCD_plus_7K_plus_12Dblocky,1,3991,2383,3.491070678758679,12.187574484088591,41.092762,0.5948582820503467
A1_LCD_plus_7K_plus_12Dblocky,1,3991,2384,3.3415734188225605,11.166112913381491,84.61999,0.4843560699807584
A1_LCD_plus_7K_plus_12Dblocky,1,3991,2385,3.024180788625319,9.145669442290458,39.764122,0.5122648793282185
A1_LCD_plus_7K_plus_12Dblocky,1,3991,2386,3.2759034064831165,10.731543128607687,39.30095,0.46254988817865916
A1_LCD_plus_7K_plus_12Dblocky,1,3991,2387,3.393194902295903,11.513771644966909,71.66364,0.45813361479523806
A1_LCD_plus_7K_plus_12Dblocky,1,3991,2388,2.6619129043595584,7.08578031039594,73.506935,0.4706126946443496
A1_LCD_plus_7K_plus_12Dblocky,1,3991,2389,1.9092933304392488,3.645401021659799,3.2482853,0.14138804765205698
A1_LCD_plus_7K_plus_12Dblocky,1,3991,2390,2.711966662547795,7.354763178770628,6.0567055,0.2789138268309673
A1_LCD_plus_7K_plus_12Dblocky,1,3991,2391,4.438372004351691,19.699146049012857,156.6583,0.6775583618517942
A1_LCD_plus_7K_plus_12Dblocky,1,3991,2392,3.1078563114079905,9.658770852358476,48.835075,0.37887108646328127
A1_LCD_plus_7K_plus_12Dblocky,1,3991,2393,3.23997324844142,10.497426650616047,77.70564,0.1533129360728011
A1_LCD_plus_7K_plus_12Dblocky,1,3991,2394,2.4555621982611546,6.029785709529152,60.813793,0.08555316761638868
A1_LCD_plus_7K_plus_12Dblocky,1,3991,2395,2.2448895173479833,5.03952894509886,11.9741535,0.38922438812130666
A1_LCD_plus_7K_plus_12Dblocky,1,3991,2396,3.9521132789323232,15.619199369513204,133.35664,0.603751969430153
A1_LCD_plus_7K_plus_12Dblocky,1,3991,2397,4.986071575970456,24.86090976070051,143.99606,0.8134053010571476
A1_LCD_plus_7K_plus_12Dblocky,1,3991,2398,3.45470495811909,11.934986347652622,67.0688,0.6036023474267107
A1_LCD_plus_7K_plus_12Dblocky,1,3991,2399,3.488284297188367,12.168127338010942,66.974976,0.6162977683223795
A1_LCD_plus_7K_plus_12Dblocky,1,3991,2400,3.9814156328543726,15.851670441537186,141.913,0.46137577200930163
A1_LCD_plus_7K_plus_12Dblocky,1,3991,2401,3.623742455512192,13.13150938388153,93.619255,0.3687551919818417
A1_LCD_plus_7K_plus_12Dblocky,1,3991,2402,2.6368318567486693,6.952882240764635,26.112814,0.17387949744939873
A1_LCD_plus_7K_plus_12Dblocky,1,3991,2403,2.844350622238347,8.090330462227671,55.942524,0.10504626484123286
A1_LCD_plus_7K_plus_12Dblocky,1,3991,2404,3.391652061050887,11.503303703230731,32.129673,0.5082107126958428
A1_LCD_plus_7K_plus_12Dblocky,1,3991,2405,4.857730941167298,23.59754989677412,211.62454,0.7418082602428875
A1_LCD_plus_7K_plus_12Dblocky,1,3991,2406,4.215860634593369,17.77348089031401,140.75047,0.6333818692561513
A1_LCD_plus_7K_plus_12Dblocky,1,3991,2407,4.4680701753368925,19.963651091735045,132.43205,0.7287871155696279
A1_LCD_plus_7K_plus_12Dblocky,1,3991,2408,4.22000972988594,17.808482120332012,147.22733,0.5687416305762558
A1_LCD_plus_7K_plus_12Dblocky,1,3991,2409,4.641041956745881,21.53927044427564,99.00746,0.5539106505558199
A1_LCD_plus_7K_plus_12Dblocky,1,3991,2410,3.8697466224978356,14.974938922333406,123.17648,0.7130948337537307
A1_LCD_plus_7K_plus_12Dblocky,1,3991,2411,2.766128053869199,7.651464410402203,37.094418,0.20603559193383703
A1_LCD_plus_7K_plus_12Dblocky,1,3991,2412,3.64803384258906,13.308150916675109,43.618492,0.28237805461485765
A1_LCD_plus_7K_plus_12Dblocky,1,3991,2413,2.75663291369941,7.5990250208909,45.381,0.20008080736348272
A1_LCD_plus_7K_plus_12Dblocky,1,3991,2414,2.8934993423341893,8.372338444088387,74.00317,0.3469698422196478
A1_LCD_plus_7K_plus_12Dblocky,1,3991,2415,2.464778966244576,6.07513535244168,12.963733,0.22966296893373953
A1_LCD_plus_7K_plus_12Dblocky,1,3991,2416,4.297845492956047,18.471475881322608,224.8455,0.8312535610955395
A1_LCD_plus_7K_plus_12Dblocky,1,3991,2417,3.719489654284549,13.834603288329797,88.089134,0.5686976203350245
A1_LCD_plus_7K_plus_12Dblocky,1,3991,2418,4.503223904622893,20.279025535167055,212.81796,0.7327627029951014
A1_LCD_plus_7K_plus_12Dblocky,1,3991,2419,3.426171097088384,11.73864838652382,36.239044,0.286048987305213
A1_LCD_plus_7K_plus_12Dblocky,1,3991,2420,2.4578873876769465,6.041210410501403,6.799518,0.05650923507765851
A1_LCD_plus_7K_plus_12Dblocky,1,3991,2421,3.627392007857318,13.157972778667142,62.29598,0.5141945321097323
A1_LCD_plus_7K_plus_12Dblocky,1,3991,2422,4.77774308900203,22.826829024506658,256.05133,0.6702866365508011
A1_LCD_plus_7K_plus_12Dblocky,1,3991,2423,3.889072584035693,15.12488556389806,135.90898,0.7070192677831086
A1_LCD_plus_7K_plus_12Dblocky,1,3991,2424,3.739016826987592,13.98024683249636,57.20188,0.5020783151177826
A1_LCD_plus_7K_plus_12Dblocky,1,3991,2425,3.741431245076849,13.998307761637303,35.4946,0.38027793939279775
A1_LCD_plus_7K_plus_12Dblocky,1,3991,2426,2.3126942920105655,5.348554888298249,52.725323,0.13218717626747342
A1_LCD_plus_7K_plus_12Dblocky,1,3991,2427,2.9261271955767354,8.562220364693772,40.374718,0.34200991653321816
A1_LCD_plus_7K_plus_12Dblocky,1,3991,2428,3.8701792551073906,14.978287466663598,79.42404,0.5109919205974558
A1_LCD_plus_7K_plus_12Dblocky,1,3991,2429,2.8115469755176594,7.9047963955424985,25.048367,0.3707233542627393
A1_LCD_plus_7K_plus_12Dblocky,1,3991,2430,2.894648849575085,8.378991962346364,13.4810505,0.23568174763898153
A1_LCD_plus_7K_plus_12Dblocky,1,3991,2431,3.8660432104611133,14.94629010515248,91.5037,0.5029881037080761
A1_LCD_plus_7K_plus_12Dblocky,1,3991,2432,2.0912403893894083,4.3732863662135655,28.108858,0.17742727143501666
A1_LCD_plus_7K_plus_12Dblocky,1,3991,2433,3.2651101587440943,10.660944348733883,105.21474,0.31663575699909524
A1_LCD_plus_7K_plus_12Dblocky,1,3991,2434,1.8775824644371477,3.5253159107618735,5.2232995,0.056070509800379344
A1_LCD_plus_7K_plus_12Dblocky,1,3991,2435,2.82888622350041,8.002597265510412,26.970394,0.3809834919831232
A1_LCD_plus_7K_plus_12Dblocky,1,3991,2436,3.5784887345476935,12.805581623284754,5.7512436,0.33837962952619416
A1_LCD_plus_7K_plus_12Dblocky,1,3991,2437,3.5338318122516315,12.487967277281653,200.83777,0.583585402441799
A1_LCD_plus_7K_plus_12Dblocky,1,3991,2438,2.8310911162215096,8.015076908348354,77.118996,0.621449147032233
A1_LCD_plus_7K_plus_12Dblocky,1,3991,2439,3.1486131330236873,9.913764661449235,78.42215,0.39757392025791044
A1_LCD_plus_7K_plus_12Dblocky,1,3991,2440,3.264836640171904,10.659158287008967,35.293533,0.7055978054305643
A1_LCD_plus_7K_plus_12Dblocky,1,3991,2441,4.649761895704105,21.62028568674183,145.07034,0.5033935258642122
A1_LCD_plus_7K_plus_12Dblocky,1,3991,2442,3.569729076284131,12.74296567806836,148.54982,0.4385765611874503
A1_LCD_plus_7K_plus_12Dblocky,1,3991,2443,4.12304147417008,16.999470997726586,71.662636,0.6911995607785971
A1_LCD_plus_7K_plus_12Dblocky,1,3991,2444,3.1120571033240974,9.684899414349971,65.681625,0.6231039341756146
A1_LCD_plus_7K_plus_12Dblocky,1,3991,2445,2.7028435572809086,7.3053632951349154,17.664623,0.22298670055297115
A1_LCD_plus_7K_plus_12Dblocky,1,3991,2446,3.373702001990058,11.38186519823173,88.66722,0.6177498391286879
A1_LCD_plus_7K_plus_12Dblocky,1,3991,2447,4.084636473822651,16.68425512328234,123.2958,0.6144286039826488
A1_LCD_plus_7K_plus_12Dblocky,1,3991,2448,3.6113579932371147,13.041906555317603,68.82283,0.3562980304990022
A1_LCD_plus_7K_plus_12Dblocky,1,3991,2449,3.0291615230559477,9.175819532762631,63.175903,0.3425165035044848
A1_LCD_plus_7K_plus_12Dblocky,1,3991,2450,2.80265064491926,7.854850637466344,8.683006,0.5434212222886616
A1_LCD_plus_7K_plus_12Dblocky,1,3991,2451,3.5340841853195264,12.489751028925584,22.82929,0.4748844669977589
A1_LCD_plus_7K_plus_12Dblocky,1,3991,2452,3.0918645825161395,9.5596265966177,73.371994,0.4168343499518963
A1_LCD_plus_7K_plus_12Dblocky,1,3991,2453,3.554703830301655,12.635919321161253,69.237076,0.19253077403242236
A1_LCD_plus_7K_plus_12Dblocky,1,3991,2454,3.084839139648005,9.51623251750424,30.808872,0.35169467840241675
A1_LCD_plus_7K_plus_12Dblocky,1,3991,2455,3.6093720744667195,13.027566771940187,63.62485,0.3170313743517952
A1_LCD_plus_7K_plus_12Dblocky,1,3991,2456,3.9906295377996934,15.9251241079594,106.83922,0.5326922041803762
A1_LCD_plus_7K_plus_12Dblocky,1,3991,2457,3.5482582349911382,12.590136502182421,30.228134,0.3083682831210077
A1_LCD_plus_7K_plus_12Dblocky,1,3991,2458,2.447228874871822,5.988929166006402,11.850097,0.12007453574695945
A1_LCD_plus_7K_plus_12Dblocky,1,3991,2459,3.6879632777738167,13.601073138208193,131.86218,0.6133673408359654
A1_LCD_plus_7K_plus_12Dblocky,1,3991,2460,2.6011004438685768,6.765723519093306,26.008007,0.21632011219078867
A1_LCD_plus_7K_plus_12Dblocky,1,3991,2461,2.766875519163264,7.655600138544982,22.310429,0.28724098369764517
A1_LCD_plus_7K_plus_12Dblocky,1,3991,2462,3.11118468491487,9.679470143648837,25.02434,0.43434334536934543
A1_LCD_plus_7K_plus_12Dblocky,1,3991,2463,2.9208377434332133,8.531293123464026,43.039078,0.19307191203492
A1_LCD_plus_7K_plus_12Dblocky,1,3991,2464,2.610341983768132,6.813885272222549,31.200102,0.1949848155722974
A1_LCD_plus_7K_plus_12Dblocky,1,3991,2465,3.2080874646563897,10.291825180885464,39.490288,0.5029946764270379
A1_LCD_plus_7K_plus_12Dblocky,1,3991,2466,3.007341995878976,9.044105880177343,30.316902,0.31174260137807075
A1_LCD_plus_7K_plus_12Dblocky,1,3991,2467,3.778646230712672,14.278167336879083,106.65512,0.4046025101594267
A1_LCD_plus_7K_plus_12Dblocky,1,3991,2468,4.720034471612494,22.278725413210235,135.90991,0.5842993234697669
A1_LCD_plus_7K_plus_12Dblocky,1,3991,2469,5.434799641642446,29.537047144796855,169.44856,0.8410704506489333
A1_LCD_plus_7K_plus_12Dblocky,1,3991,2470,5.449810658276788,29.70043621106728,256.28168,0.6274455136791978
A1_LCD_plus_7K_plus_12Dblocky,1,3991,2471,4.077464391774081,16.625715866185573,129.81015,0.6067518037709737
A1_LCD_plus_7K_plus_12Dblocky,1,3991,2472,3.380974146850116,11.430986181668871,31.344574,0.5404956545984052
A1_LCD_plus_7K_plus_12Dblocky,1,3991,2473,3.9011703935913142,15.219130439833414,106.521126,0.3574649314238499
A1_LCD_plus_7K_plus_12Dblocky,1,3991,2474,2.7053005893473907,7.3186512787233395,39.487106,0.34805482647819014
A1_LCD_plus_7K_plus_12Dblocky,1,3991,2475,2.2709950736594973,5.157418624585703,59.951756,0.14146390827188032
A1_LCD_plus_7K_plus_12Dblocky,1,3991,2476,2.236739390876549,5.0030031026987976,81.56103,0.2727558916266889
A1_LCD_plus_7K_plus_12Dblocky,1,3991,2477,2.8691516343994636,8.232031101177116,10.470867,0.17488274232317563
A1_LCD_plus_7K_plus_12Dblocky,1,3991,2478,2.8942966872342955,8.376953313735418,72.71047,0.2387080334873375
A1_LCD_plus_7K_plus_12Dblocky,1,3991,2479,3.6002024003517747,12.961457323498681,47.964184,0.6218954828369063
A1_LCD_plus_7K_plus_12Dblocky,1,3991,2480,3.831764526905041,14.682419389647814,49.089108,0.22078682767963725
A1_LCD_plus_7K_plus_12Dblocky,1,3991,2481,2.4895332074881202,6.197775591186088,55.87382,0.0721868712058944
A1_LCD_plus_7K_plus_12Dblocky,1,3991,2482,3.5155036043366756,12.358765592104158,109.66356,0.27283625826195246
A1_LCD_plus_7K_plus_12Dblocky,1,3991,2483,2.9207554351569684,8.530812311998973,10.401871,0.2918397549470191
A1_LCD_plus_7K_plus_12Dblocky,1,3991,2484,1.9956756039054475,3.9827211160233715,20.231308,0.05106878271158908
A1_LCD_plus_7K_plus_12Dblocky,1,3991,2485,3.1838280415311324,10.136760998039966,92.71624,0.21416852666933045
A1_LCD_plus_7K_plus_12Dblocky,1,3991,2486,2.375098570360732,5.6410932189295915,18.703732,0.23022257942999935
A1_LCD_plus_7K_plus_12Dblocky,1,3991,2487,3.2797771006859255,10.756937830183777,61.669125,0.4016710104508723
A1_LCD_plus_7K_plus_12Dblocky,1,3991,2488,3.688299979534516,13.603556739034312,70.23247,0.41413843461350475
A1_LCD_plus_7K_plus_12Dblocky,1,3991,2489,3.7411107263398535,13.995909466735107,117.24202,0.6985810575134077
A1_LCD_plus_7K_plus_12Dblocky,1,3991,2490,4.839734330245062,23.42302838735262,240.89659,0.6709597132666518
A1_LCD_plus_7K_plus_12Dblocky,1,3991,2491,4.148253592370283,17.20800786661296,75.34006,0.7235718740646044
A1_LCD_plus_7K_plus_12Dblocky,1,3991,2492,3.9439400060241017,15.554662771117393,68.77794,0.26308271754307266
A1_LCD_plus_7K_plus_12Dblocky,1,3991,2493,2.9996020758853894,8.997612613655939,44.453518,0.22690708987272312
A1_LCD_plus_7K_plus_12Dblocky,1,3991,2494,2.7518141590173997,7.572481165768638,30.69402,0.1932139948675562
A1_LCD_plus_7K_plus_12Dblocky,1,3991,2495,2.564355028223882,6.575916710777107,42.333717,0.15896731320276747
A1_LCD_plus_7K_plus_12Dblocky,1,3991,2496,3.4950249711514463,12.215199548972173,96.58067,0.3184894155467425
A1_LCD_plus_7K_plus_12Dblocky,1,3991,2497,2.8390180108486835,8.060023265923217,32.049206,0.17008045363842553
A1_LCD_plus_7K_plus_12Dblocky,1,3991,2498,2.8924169574840404,8.366075855941233,4.0035224,0.3215131314821584
A1_LCD_plus_7K_plus_12Dblocky,1,3991,2499,2.7358318830095327,7.484776092091484,9.339089,0.5037077008931761
A1_LCD_plus_7K_plus_12Dblocky,1,3991,2500,2.3047525657004937,5.311884389103008,7.7905726,0.17670200446305345
A1_LCD_plus_7K_plus_12Dblocky,1,3991,2501,3.4757416026398773,12.080779688321623,105.93173,0.24462740429044566
A1_LCD_plus_7K_plus_12Dblocky,1,3991,2502,3.658226094055356,13.38261815522751,70.2892,0.5166626023346467
A1_LCD_plus_7K_plus_12Dblocky,1,3991,2503,3.4037826767261636,11.58573651038113,41.43336,0.5820189390345134
A1_LCD_plus_7K_plus_12Dblocky,1,3991,2504,2.268416654596005,5.145714118848531,61.797028,0.21680157206542827
A1_LCD_plus_7K_plus_12Dblocky,1,3991,2505,3.183861858022741,10.13697633097202,4.837236,0.6124310078115639
A1_LCD_plus_7K_plus_12Dblocky,1,3991,2506,4.532961114824099,20.547736468507335,206.75253,0.7284785896270627
A1_LCD_plus_7K_plus_12Dblocky,1,3991,2507,3.7767592794726474,14.263910655082752,108.92969,0.610259846228169
A1_LCD_plus_7K_plus_12Dblocky,1,3991,2508,3.277552309938918,10.742349144385939,77.31395,0.4692365217058122
A1_LCD_plus_7K_plus_12Dblocky,1,3991,2509,3.1703581135193546,10.051170567958003,61.34463,0.20990070710123834
A1_LCD_plus_7K_plus_12Dblocky,1,3991,2510,3.0938895605235173,9.572152612716401,87.10146,0.4642733932454427
A1_LCD_plus_7K_plus_12Dblocky,1,3991,2511,4.303611448688949,18.521071501286595,168.17982,0.7431024119274745
A1_LCD_plus_7K_plus_12Dblocky,1,3991,2512,4.353878271251411,18.956256000875168,199.7714,0.7119454373163845
A1_LCD_plus_7K_plus_12Dblocky,1,3991,2513,2.7572097534107844,7.602205624303559,7.6426506,0.113038660154581
A1_LCD_plus_7K_plus_12Dblocky,1,3991,2514,2.659297705895472,7.07186428858092,10.334865,0.1392776750419913
A1_LCD_plus_7K_plus_12Dblocky,1,3991,2515,2.3741782994853575,5.636722597747183,23.513115,0.2171341264952243
A1_LCD_plus_7K_plus_12Dblocky,1,3991,2516,2.4963566689723486,6.231796618722722,19.203129,0.1268958862292246
A1_LCD_plus_7K_plus_12Dblocky,1,3991,2517,3.0520163798738276,9.314803983018143,50.72009,0.23151540102306856
A1_LCD_plus_7K_plus_12Dblocky,1,3991,2518,3.263913808428598,10.653133348850874,57.94257,0.4349026644968176
A1_LCD_plus_7K_plus_12Dblocky,1,3991,2519,2.0671791367462546,4.27322958339899,12.780712,0.18822767135685775
A1_LCD_plus_7K_plus_12Dblocky,1,3991,2520,2.421199700438664,5.862207989404274,30.602942,0.24248311716633647
A1_LCD_plus_7K_plus_12Dblocky,1,3991,2521,3.0044626239460688,9.026795658688899,54.98845,0.39928303053749037
A1_LCD_plus_7K_plus_12Dblocky,1,3991,2522,3.5532055344621067,12.625269570132149,104.19535,0.35895369020973467
A1_LCD_plus_7K_plus_12Dblocky,1,3991,2523,3.2640675656407163,10.65413707306771,53.61443,0.35135618354845
A1_LCD_plus_7K_plus_12Dblocky,1,3991,2524,2.2702104501500933,5.153855487970691,15.869715,0.16021399832361505
A1_LCD_plus_7K_plus_12Dblocky,1,3991,2525,2.961386794830094,8.769811748594055,42.96415,0.08899268633331757
A1_LCD_plus_7K_plus_12Dblocky,1,3991,2526,3.172200756677809,10.062857640667264,34.086746,0.15475666389744008
A1_LCD_plus_7K_plus_12Dblocky,1,3991,2527,2.5287942616312074,6.3948004176589235,35.409435,0.22466323506300986
A1_LCD_plus_7K_plus_12Dblocky,1,3991,2528,3.1176281977955758,9.71960557969009,29.898134,0.15947483546810584
A1_LCD_plus_7K_plus_12Dblocky,1,3991,2529,3.3509212470511107,11.228673203938573,80.59877,0.29731300515415704
A1_LCD_plus_7K_plus_12Dblocky,1,3991,2530,2.388553097172408,5.705185898011903,39.069427,0.1496832294468278
A1_LCD_plus_7K_plus_12Dblocky,1,3991,2531,3.158060377769942,9.973345349640429,48.941242,0.13657994682180608
A1_LCD_plus_7K_plus_12Dblocky,1,3991,2532,3.595524263205185,12.927794727297188,115.57277,0.545219443163699
A1_LCD_plus_7K_plus_12Dblocky,1,3991,2533,3.7121674482084703,13.780187163538587,87.53719,0.6675637123992088
A1_LCD_plus_7K_plus_12Dblocky,1,3991,2534,3.2054562841043928,10.274949989304343,29.388573,0.39107043376020256
A1_LCD_plus_7K_plus_12Dblocky,1,3991,2535,2.5170380388852913,6.335480489195514,46.22719,0.1463621674524974
A1_LCD_plus_7K_plus_12Dblocky,1,3991,2536,2.7016591709624467,7.298962276045495,37.400845,0.341129757858887
A1_LCD_plus_7K_plus_12Dblocky,1,3991,2537,3.7943605839200227,14.397172240805896,56.350773,0.4769423957753579
A1_LCD_plus_7K_plus_12Dblocky,1,3991,2538,3.629120161078332,13.170513143545215,107.46121,0.6868326936362689
A1_LCD_plus_7K_plus_12Dblocky,1,3991,2539,2.5074578638943343,6.287344939205539,15.3081665,0.32090053743869873
A1_LCD_plus_7K_plus_12Dblocky,1,3991,2540,3.9456796017839166,15.568387519933683,129.8196,0.6073523179642799
A1_LCD_plus_7K_plus_12Dblocky,1,3991,2541,3.5809614868835418,12.823285170543185,96.25113,0.12702402770412893
A1_LCD_plus_7K_plus_12Dblocky,1,3991,2542,3.107528636664079,9.65673422768731,44.440647,0.1695099972001211
A1_LCD_plus_7K_plus_12Dblocky,1,3991,2543,2.7586909110610747,7.610375542770984,66.323135,0.43624524143426113
A1_LCD_plus_7K_plus_12Dblocky,1,3991,2544,4.016248709343041,16.130253695299643,108.66558,0.5428919735826365
A1_LCD_plus_7K_plus_12Dblocky,1,3991,2545,4.090850119353185,16.735054699011968,76.55911,0.4746232791264471
A1_LCD_plus_7K_plus_12Dblocky,1,3991,2546,5.183168385553373,26.865234512999958,215.6333,0.8376842165211555
A1_LCD_plus_7K_plus_12Dblocky,1,3991,2547,5.3041961455098985,28.134496750042057,221.04929,0.7863619373660437
A1_LCD_plus_7K_plus_12Dblocky,1,3991,2548,3.3644427670558072,11.319475132794137,86.46343,0.4680483484545941
A1_LCD_plus_7K_plus_12Dblocky,1,3991,2549,4.558281421113751,20.7779295140708,227.86134,0.6784819203907532
A1_LCD_plus_7K_plus_12Dblocky,1,3991,2550,5.532598721623741,30.609648614512658,161.25705,0.6696524225191374
A1_LCD_plus_7K_plus_12Dblocky,1,3991,2551,3.8502668761345675,14.824555017459039,58.301403,0.541099718145369
A1_LCD_plus_7K_plus_12Dblocky,1,3991,2552,2.8719268318703137,8.247963727616655,62.448616,0.654059025865291
A1_LCD_plus_7K_plus_12Dblocky,1,3991,2553,2.4576247392788755,6.039919359115561,36.906357,0.13314038592890945
A1_LCD_plus_7K_plus_12Dblocky,1,3991,2554,3.4533727492557023,11.925783345301888,101.23504,0.41665251375201606
A1_LCD_plus_7K_plus_12Dblocky,1,3991,2555,2.913937143029057,8.49102967352434,54.59868,0.2038730138309164
A1_LCD_plus_7K_plus_12Dblocky,1,3991,2556,2.54235058883266,6.463546516537772,44.04857,0.14864724399682896
A1_LCD_plus_7K_plus_12Dblocky,1,3991,2557,3.2766922977656114,10.736712414236482,118.09113,0.48146916428795794
A1_LCD_plus_7K_plus_12Dblocky,1,3991,2558,2.6929321975085245,7.251883820378092,50.084824,0.11376392010365517
A1_LCD_plus_7K_plus_12Dblocky,1,3991,2559,2.2287295374870157,4.967235351267085,41.547707,0.05841880152034018
A1_LCD_plus_7K_plus_12Dblocky,1,3991,2560,3.044754679795713,9.270531060137895,85.9199,0.4607688556833629
A1_LCD_plus_7K_plus_12Dblocky,1,3991,2561,3.2912523326490413,10.832341917167756,81.29376,0.5504875180459856
A1_LCD_plus_7K_plus_12Dblocky,1,3991,2562,2.7232880427989588,7.416297764051786,113.97795,0.4125975684517924
A1_LCD_plus_7K_plus_12Dblocky,1,3991,2563,2.9997662342655693,8.998597460239836,119.62915,0.4320598946092634
A1_LCD_plus_7K_plus_12Dblocky,1,3991,2564,3.275030715120607,10.72582618498339,50.536743,0.29680696320965605
A1_LCD_plus_7K_plus_12Dblocky,1,3991,2565,2.9593411069962103,8.757699787557558,73.11656,0.14540428236221914
A1_LCD_plus_7K_plus_12Dblocky,1,3991,2566,2.9039201110679813,8.432752011465077,5.9271617,0.20516508224300897
A1_LCD_plus_7K_plus_12Dblocky,1,3991,2567,2.526456258087462,6.382981224029299,16.937346,0.0744886060523894
A1_LCD_plus_7K_plus_12Dblocky,1,3991,2568,3.4183681825649344,11.685241031572296,61.975586,0.49225079753206935
A1_LCD_plus_7K_plus_12Dblocky,1,3991,2569,3.635654453814254,13.217983307539418,62.8815,0.38820148897772433
A1_LCD_plus_7K_plus_12Dblocky,1,3991,2570,2.9974893924849737,8.984942658059936,65.77118,0.3047241580867415
A1_LCD_plus_7K_plus_12Dblocky,1,3991,2571,3.149179657167287,9.917332513116268,62.29522,0.4335794888649822
A1_LCD_plus_7K_plus_12Dblocky,1,3991,2572,4.086364639229774,16.698375964747473,147.21979,0.48005907145343896
A1_LCD_plus_7K_plus_12Dblocky,1,3991,2573,3.7478482985806196,14.046366869173646,105.38655,0.5983140700841434
A1_LCD_plus_7K_plus_12Dblocky,1,3991,2574,3.6898796201363826,13.615211611097815,129.50565,0.4600498498574366
A1_LCD_plus_7K_plus_12Dblocky,1,3991,2575,3.4369417199186763,11.812568386117546,104.64914,0.6286175478522699
A1_LCD_plus_7K_plus_12Dblocky,1,3991,2576,2.7038785946948014,7.310959454848737,28.2066,0.2927980080205353
A1_LCD_plus_7K_plus_12Dblocky,1,3991,2577,2.542528191783987,6.464449606016349,49.378002,0.36341004144769484
A1_LCD_plus_7K_plus_12Dblocky,1,3991,2578,2.91768650100898,8.512894518170024,31.614258,0.3219479725140255
A1_LCD_plus_7K_plus_12Dblocky,1,3991,2579,2.63420599415257,6.93904121962933,19.355185,0.19617208044323003
A1_LCD_plus_7K_plus_12Dblocky,1,3991,2580,3.1653205335650885,10.019254080208778,30.938627,0.29427123555097867
A1_LCD_plus_7K_plus_12Dblocky,1,3991,2581,3.1608603978637304,9.991038454783261,5.032918,0.28021167306153666
A1_LCD_plus_7K_plus_12Dblocky,1,3991,2582,2.990083205975653,8.940597578657634,102.2509,0.4757170888724894
A1_LCD_plus_7K_plus_12Dblocky,1,3991,2583,2.689482258235605,7.233314817364089,48.36685,0.30167430952495705
A1_LCD_plus_7K_plus_12Dblocky,1,3991,2584,3.121394521809141,9.743103760780116,4.985301,0.38108951121891477
A1_LCD_plus_7K_plus_12Dblocky,1,3991,2585,2.280079994516721,5.198764781395372,26.270546,0.16130273207716495
A1_LCD_plus_7K_plus_12Dblocky,1,3991,2586,2.6891108739259755,7.231317292266924,45.58635,0.2046235091331553
A1_LCD_plus_7K_plus_12Dblocky,1,3991,2587,3.7879218984225593,14.348352308549165,41.371517,0.17136284927047554
A1_LCD_plus_7K_plus_12Dblocky,1,3991,2588,4.147649472954785,17.202996150502106,149.03177,0.4649221981401904
A1_LCD_plus_7K_plus_12Dblocky,1,3991,2589,3.427473979942006,11.747577883179499,29.906929,0.3784458352029688
A1_LCD_plus_7K_plus_12Dblocky,1,3991,2590,3.6531799162519705,13.34572350050675,62.866257,0.5404931128565325
A1_LCD_plus_7K_plus_12Dblocky,1,3991,2591,3.129969177328767,9.796707051028118,99.228134,0.3575089920742124
A1_LCD_plus_7K_plus_12Dblocky,1,3991,2592,3.2721009073888236,10.706644348134766,33.610855,0.5216943473720419
A1_LCD_plus_7K_plus_12Dblocky,1,3991,2593,3.2727162649799575,10.71067175106437,27.013453,0.3574634365607169
A1_LCD_plus_7K_plus_12Dblocky,1,3991,2594,3.9139165070025332,15.318742423786913,173.41232,0.613591147068965
A1_LCD_plus_7K_plus_12Dblocky,1,3991,2595,2.9264757409751962,8.564260262516322,77.93707,0.20675733947538175
A1_LCD_plus_7K_plus_12Dblocky,1,3991,2596,2.9528555777583194,8.719356063098418,41.849304,0.1374901941420582
A1_LCD_plus_7K_plus_12Dblocky,1,3991,2597,2.41762696385083,5.844920136338581,8.531944,0.17369520871790506
A1_LCD_plus_7K_plus_12Dblocky,1,3991,2598,2.4415166240260153,5.961003425395388,11.394285,0.3113420883385849
A1_LCD_plus_7K_plus_12Dblocky,1,3991,2599,3.0779948181944157,9.474052100831674,33.45889,0.32113298140810936
A1_LCD_plus_7K_plus_12Dblocky,1,3991,2600,3.511868091275126,12.333217490516393,38.5485,0.2613019532918536
A1_LCD_plus_7K_plus_12Dblocky,1,3991,2601,2.4856674471681286,6.178542657911322,8.521618,0.4826597388254141
A1_LCD_plus_7K_plus_12Dblocky,1,3991,2602,3.4743289025643977,12.07096132319434,36.00535,0.1868222970215166
A1_LCD_plus_7K_plus_12Dblocky,1,3991,2603,4.484776938300829,20.11322418631496,185.94034,0.7760024164773904
A1_LCD_plus_7K_plus_12Dblocky,1,3991,2604,4.67355275842212,21.842095385755,198.31416,0.42628830185516886
A1_LCD_plus_7K_plus_12Dblocky,1,3991,2605,3.2811428471589372,10.76589838346226,38.801964,0.5118755660154809
A1_LCD_plus_7K_plus_12Dblocky,1,3991,2606,3.7681781554923157,14.199166611529472,59.10881,0.17256534887049704
A1_LCD_plus_7K_plus_12Dblocky,1,3991,2607,3.76401471968238,14.167806809985624,68.163155,0.6637146977976784
A1_LCD_plus_7K_plus_12Dblocky,1,3991,2608,4.182057182065399,17.489602274064787,109.8517,0.6539776972185345
A1_LCD_plus_7K_plus_12Dblocky,1,3991,2609,4.548586845811278,20.689642293887395,120.445206,0.4887296341180198
A1_LCD_plus_7K_plus_12Dblocky,1,3991,2610,4.334928039279855,18.791601105734692,164.56052,0.7810005778185953
A1_LCD_plus_7K_plus_12Dblocky,1,3991,2611,2.4040195983148354,5.779310229081822,3.7938488,0.2947601405926906
A1_LCD_plus_7K_plus_12Dblocky,1,3991,2612,3.134906920769054,9.82764140188571,29.068897,0.3153334401206732
A1_LCD_plus_7K_plus_12Dblocky,1,3991,2613,2.1161741098307725,4.478192863118061,13.780155,0.05136422373826528
A1_LCD_plus_7K_plus_12Dblocky,1,3991,2614,2.126171203120533,4.520603984979017,23.367401,0.08331414220725997
A1_LCD_plus_7K_plus_12Dblocky,1,3991,2615,2.5764157638837535,6.637918188388704,17.271751,0.16713073975918943
A1_LCD_plus_7K_plus_12Dblocky,1,3991,2616,2.8780145127390537,8.282967535536615,33.570652,0.24537120967013848
A1_LCD_plus_7K_plus_12Dblocky,1,3991,2617,4.428247461242651,19.609375578001984,151.63159,0.6568143512277868
A1_LCD_plus_7K_plus_12Dblocky,1,3991,2618,3.8233143847509417,14.617732884643468,98.02174,0.6754234377265984
A1_LCD_plus_7K_plus_12Dblocky,1,3991,2619,3.3660907306944243,11.33056680726692,62.418526,0.17609163069330325
A1_LCD_plus_7K_plus_12Dblocky,1,3991,2620,3.599432361372882,12.955913324098363,45.18633,0.3714292510225918
A1_LCD_plus_7K_plus_12Dblocky,1,3991,2621,2.806898879683918,7.878681320770834,30.298069,0.3776518921764424
A1_LCD_plus_7K_plus_12Dblocky,1,3991,2622,3.6789947711638367,13.535002526250855,74.407906,0.46286824165365803
A1_LCD_plus_7K_plus_12Dblocky,1,3991,2623,4.078791652246065,16.63654134243218,67.56247,0.44865599034279136
A1_LCD_plus_7K_plus_12Dblocky,1,3991,2624,3.3297897495066864,11.0874997759198,45.50233,0.3241912363386908
A1_LCD_plus_7K_plus_12Dblocky,1,3991,2625,2.6109187400435125,6.8168966671104,39.054176,0.3774267020853318
A1_LCD_plus_7K_plus_12Dblocky,1,3991,2626,3.2303240995658244,10.434993788235754,60.743732,0.3052196773623208
A1_LCD_plus_7K_plus_12Dblocky,1,3991,2627,3.4895169387681957,12.176728465950161,115.45242,0.5630482992958936
A1_LCD_plus_7K_plus_12Dblocky,1,3991,2628,3.3875037076113643,11.475181369080738,55.439457,0.3074201544834344
A1_LCD_plus_7K_plus_12Dblocky,1,3991,2629,2.660214629781182,7.076741876501832,28.851227,0.34196378283481876
A1_LCD_plus_7K_plus_12Dblocky,1,3991,2630,2.7609247971064,7.622705735277017,42.1859,0.1231042325438916
A1_LCD_plus_7K_plus_12Dblocky,1,3991,2631,2.90582255570933,8.443804725269102,57.217133,0.26354940263851606
A1_LCD_plus_7K_plus_12Dblocky,1,3991,2632,2.720506657918591,7.401156475779383,13.934452,0.2661671577853697
A1_LCD_plus_7K_plus_12Dblocky,1,3991,2633,2.7578725016303456,7.605860735248822,19.267345,0.18681681629607624
A1_LCD_plus_7K_plus_12Dblocky,1,3991,2634,2.5282649701407522,6.392123759240819,13.793407,0.24767541829017614
A1_LCD_plus_7K_plus_12Dblocky,1,3991,2635,2.6474283003332957,7.008876605405644,14.226336,0.16566262308879984
A1_LCD_plus_7K_plus_12Dblocky,1,3991,2636,2.9356743263593033,8.618183750445148,71.863655,0.20581979927050442
A1_LCD_plus_7K_plus_12Dblocky,1,3991,2637,2.555610007260505,6.531142509210038,52.359154,0.2176267045794032
A1_LCD_plus_7K_plus_12Dblocky,1,3991,2638,3.395937959624304,11.532394625617288,69.19776,0.18939015422549585
A1_LCD_plus_7K_plus_12Dblocky,1,3991,2639,4.979951178875145,24.79991374397994,148.45435,0.6285844748469802
A1_LCD_plus_7K_plus_12Dblocky,1,3991,2640,2.582496139536238,6.669286310719573,28.954271,0.25334260577042034
A1_LCD_plus_7K_plus_12Dblocky,1,3991,2641,3.5143112749760905,12.350383737424075,101.486565,0.3255215167629692
A1_LCD_plus_7K_plus_12Dblocky,1,3991,2642,2.7558973973604908,7.594970464778327,81.73638,0.35382287445055366
A1_LCD_plus_7K_plus_12Dblocky,1,3991,2643,2.3000246167399507,5.290113237609756,14.0520935,0.23417515861908866
A1_LCD_plus_7K_plus_12Dblocky,1,3991,2644,2.812851031323979,7.912130924420374,36.941463,0.2439620859583092
A1_LCD_plus_7K_plus_12Dblocky,1,3991,2645,3.4410075910004343,11.840533241322612,147.41312,0.6333687169429802
A1_LCD_plus_7K_plus_12Dblocky,1,3991,2646,2.459397163434649,6.048634407510397,7.89644,0.3707029851818631
A1_LCD_plus_7K_plus_12Dblocky,1,3991,2647,2.3346391373153574,5.450539901484598,44.93203,0.21730403340008606
A1_LCD_plus_7K_plus_12Dblocky,1,3991,2648,2.952535619985837,8.717466587285152,100.542755,0.36274575232787626
A1_LCD_plus_7K_plus_12Dblocky,1,3991,2649,3.4719506925676833,12.05444161162122,92.12123,0.5184548822157198
A1_LCD_plus_7K_plus_12Dblocky,1,3991,2650,2.975981218544155,8.856464213127554,15.582505,0.3411422809298774
A1_LCD_plus_7K_plus_12Dblocky,1,3991,2651,2.6158200041648465,6.84251429418898,14.84783,0.18749874908387565
A1_LCD_plus_7K_plus_12Dblocky,1,3991,2652,3.748677219458831,14.05258089568959,95.93309,0.40735985915977424
A1_LCD_plus_7K_plus_12Dblocky,1,3991,2653,4.319799566159332,18.660668291790348,100.111694,0.734571737496852
A1_LCD_plus_7K_plus_12Dblocky,1,3991,2654,2.6505391664547515,7.02535787291065,35.349106,0.08071598360910658
A1_LCD_plus_7K_plus_12Dblocky,1,3991,2655,2.7957036745315986,7.815959035789483,55.745205,0.365107462948672
A1_LCD_plus_7K_plus_12Dblocky,1,3991,2656,2.7297906053504497,7.451756749059575,47.92838,0.3063874921506192
A1_LCD_plus_7K_plus_12Dblocky,1,3991,2657,3.5788007448605716,12.807814771414582,120.04825,0.4061409245829192
A1_LCD_plus_7K_plus_12Dblocky,1,3991,2658,3.6701514179504486,13.470011430683684,54.878757,0.4409391885792434
A1_LCD_plus_7K_plus_12Dblocky,1,3991,2659,2.7751709452634072,7.701573775434191,11.578137,0.2003856503409305
A1_LCD_plus_7K_plus_12Dblocky,1,3991,2660,3.0289725182274463,9.174674516177118,39.39353,0.27408067853304263
A1_LCD_plus_7K_plus_12Dblocky,1,3991,2661,3.3969010537903084,11.538936769241706,54.066257,0.19323074677058602
A1_LCD_plus_7K_plus_12Dblocky,1,3991,2662,2.4999919228238934,6.249959614184705,9.355249,0.09174626618750467
A1_LCD_plus_7K_plus_12Dblocky,1,3991,2663,4.664330086137656,21.755975152448908,195.9793,0.7494036554438616
A1_LCD_plus_7K_plus_12Dblocky,1,3991,2664,3.7880754679660593,14.34951575100628,159.0193,0.6729306052696762
A1_LCD_plus_7K_plus_12Dblocky,1,3991,2665,3.115633033318682,9.707169198306572,103.70154,0.6190663759694673
A1_LCD_plus_7K_plus_12Dblocky,1,3991,2666,3.234628344789863,10.46282052891801,76.08901,0.37428960840497166
A1_LCD_plus_7K_plus_12Dblocky,1,3991,2667,2.803769221678117,7.861121848429514,48.102974,0.34117361739029806
A1_LCD_plus_7K_plus_12Dblocky,1,3991,2668,3.9361068429611663,15.492937079205717,158.33862,0.5703305461059534
A1_LCD_plus_7K_plus_12Dblocky,1,3991,2669,3.9124628559744163,15.307365599379487,93.31287,0.32327737979969196
A1_LCD_plus_7K_plus_12Dblocky,1,3991,2670,3.232742278808429,10.450622641195514,34.97991,0.3626297389852947
A1_LCD_plus_7K_plus_12Dblocky,1,3991,2671,3.3789228295672196,11.417119488170545,55.884876,0.4654347760541472
A1_LCD_plus_7K_plus_12Dblocky,1,3991,2672,2.8872132558908987,8.336000384992124,12.735157,0.32681514684590207
A1_LCD_plus_7K_plus_12Dblocky,1,3991,2673,2.375581848096688,5.6433891170064765,34.188503,0.19197748530279257
A1_LCD_plus_7K_plus_12Dblocky,1,3991,2674,2.7428876421752695,7.523432617597809,32.1356,0.18610564026596416
A1_LCD_plus_7K_plus_12Dblocky,1,3991,2675,3.037859257350687,9.228588867471268,49.710743,0.3778018723421287
A1_LCD_plus_7K_plus_12Dblocky,1,3991,2676,2.9717799469706234,8.831476053216722,54.58176,0.4173201448180472
A1_LCD_plus_7K_plus_12Dblocky,1,3991,2677,3.6078946819992175,13.01690403639824,93.414734,0.283863518908415
A1_LCD_plus_7K_plus_12Dblocky,1,3991,2678,3.3215717552723976,11.03283892542335,32.12028,0.537783336844594
A1_LCD_plus_7K_plus_12Dblocky,1,3991,2679,2.282082628165129,5.207901121773063,20.03926,0.11342492847901225
A1_LCD_plus_7K_plus_12Dblocky,1,3991,2680,2.727287870223354,7.438099127067436,25.610435,0.21836812118818869
A1_LCD_plus_7K_plus_12Dblocky,1,3991,2681,2.3252024517923715,5.406566441821257,12.404932,0.12399201849709504
A1_LCD_plus_7K_plus_12Dblocky,1,3991,2682,3.6340589052480103,13.206384126812369,198.3144,0.42105555612053736
A1_LCD_plus_7K_plus_12Dblocky,1,3991,2683,4.036418290614307,16.29267261680573,143.81488,0.5241365197604353
A1_LCD_plus_7K_plus_12Dblocky,1,3991,2684,2.355958657243529,5.550541194640732,39.799988,0.2936290929250381
A1_LCD_plus_7K_plus_12Dblocky,1,3991,2685,2.868796540016756,8.22999358801211,31.85093,0.46576532001705245
A1_LCD_plus_7K_plus_12Dblocky,1,3991,2686,4.173202208717165,17.415616674841825,58.256752,0.3463151079355977
A1_LCD_plus_7K_plus_12Dblocky,1,3991,2687,2.936311045847668,8.621922557967025,29.494532,0.2989674571524065
A1_LCD_plus_7K_plus_12Dblocky,1,3991,2688,3.7441838988087515,14.018913068098703,61.899727,0.34143626694233264
A1_LCD_plus_7K_plus_12Dblocky,1,3991,2689,2.4813066455205623,6.156882669104503,10.234425,0.1253058272076489
A1_LCD_plus_7K_plus_12Dblocky,1,3991,2690,2.8374020819333574,8.050850574559748,36.444317,0.5002394232421816
A1_LCD_plus_7K_plus_12Dblocky,1,3991,2691,3.44076208198535,11.83884370482816,70.063484,0.7195695028257445
A1_LCD_plus_7K_plus_12Dblocky,1,3991,2692,3.411004154537196,11.63494934227001,45.43866,0.5730215855203201
A1_LCD_plus_7K_plus_12Dblocky,1,3991,2693,2.46678681293278,6.08503718045906,15.473652,0.18596113068844244
A1_LCD_plus_7K_plus_12Dblocky,1,3991,2694,3.3929767920798684,11.512291511592592,103.3353,0.6307608322992319
A1_LCD_plus_7K_plus_12Dblocky,1,3991,2695,2.9004775164144094,8.412769823225501,61.317574,0.4768719466116479
A1_LCD_plus_7K_plus_12Dblocky,1,3991,2696,2.342935259080762,5.4893456282438375,27.187672,0.19486528070948572
A1_LCD_plus_7K_plus_12Dblocky,1,3991,2697,3.4451779363642134,11.869251013210777,117.032814,0.5838804030241469
A1_LCD_plus_7K_plus_12Dblocky,1,3991,2698,2.5543498159475813,6.524702982231442,15.868747,0.16485182231717949
A1_LCD_plus_7K_plus_12Dblocky,1,3991,2699,2.8387492908699143,8.05849753641444,9.611436,0.1814616248875307
A1_LCD_plus_7K_plus_12Dblocky,1,3991,2700,2.601800126204151,6.7693638967159355,4.8594437,0.26228962057977795
A1_LCD_plus_7K_plus_12Dblocky,1,3991,2701,2.592092655210593,6.718944333196701,71.09527,0.11711052034165151
A1_LCD_plus_7K_plus_12Dblocky,1,3991,2702,2.6463782388751045,7.003317783191698,47.210873,0.47025911288824174
A1_LCD_plus_7K_plus_12Dblocky,1,3991,2703,4.658722244085654,21.703692947538478,79.0459,0.565841423260226
A1_LCD_plus_7K_plus_12Dblocky,1,3991,2704,5.270068345878403,27.773620370229523,164.42992,0.8160306913504907
A1_LCD_plus_7K_plus_12Dblocky,1,3991,2705,2.870906356760326,8.242103309286849,34.23582,0.38111465820162294
A1_LCD_plus_7K_plus_12Dblocky,1,3991,2706,2.421023973353903,5.861357079554322,33.078346,0.16655629851944356
A1_LCD_plus_7K_plus_12Dblocky,1,3991,2707,3.0617621350489572,9.374387371619548,33.512444,0.4131961021679768
A1_LCD_plus_7K_plus_12Dblocky,1,3991,2708,3.2540188023143526,10.588638365815333,98.202705,0.28948503611821264
A1_LCD_plus_7K_plus_12Dblocky,1,3991,2709,3.6650733776514044,13.432762863569074,52.175194,0.6086569301244618
A1_LCD_plus_7K_plus_12Dblocky,1,3991,2710,3.5549253885975074,12.637494518495139,60.54458,0.39451950437440886
A1_LCD_plus_7K_plus_12Dblocky,1,3991,2711,3.7930190832973016,14.386993766257504,110.50018,0.5130600666718078
A1_LCD_plus_7K_plus_12Dblocky,1,3991,2712,2.550580580368726,6.505461296954069,19.526394,0.20956835285580622
A1_LCD_plus_7K_plus_12Dblocky,1,3991,2713,3.532854307065511,12.481059554951328,108.72279,0.21500254001520858
A1_LCD_plus_7K_plus_12Dblocky,1,3991,2714,3.2546497126110308,10.592744751799064,80.69769,0.43502522830547496
A1_LCD_plus_7K_plus_12Dblocky,1,3991,2715,1.9007419173127067,3.6128198362295842,14.388195,0.09886930022155746
A1_LCD_plus_7K_plus_12Dblocky,1,3991,2716,3.5422812954197602,12.547756775880694,59.55948,0.6620411017983457
A1_LCD_plus_7K_plus_12Dblocky,1,3991,2717,3.547877323631496,12.587433503538588,62.927147,0.6371989659018634
A1_LCD_plus_7K_plus_12Dblocky,1,3991,2718,3.271675069868284,10.703857762797643,35.781548,0.4041795274982761
A1_LCD_plus_7K_plus_12Dblocky,1,3991,2719,3.0603804559295154,9.36592853503535,13.594107,0.5314330864310794
A1_LCD_plus_7K_plus_12Dblocky,1,3991,2720,3.244581894421668,10.527311669608899,84.8525,0.19838183430399153
A1_LCD_plus_7K_plus_12Dblocky,1,3991,2721,4.28986290169734,18.402923715359126,95.59244,0.6905706594424887
A1_LCD_plus_7K_plus_12Dblocky,1,3991,2722,4.086125101860875,16.696418348057552,51.303795,0.44100617564560246
A1_LCD_plus_7K_plus_12Dblocky,1,3991,2723,2.916969584659022,8.50871155782583,69.1379,0.4962732300999726
A1_LCD_plus_7K_plus_12Dblocky,1,3991,2724,3.0511085611029842,9.30926345163592,46.919716,0.19388423298598534
A1_LCD_plus_7K_plus_12Dblocky,1,3991,2725,2.4787818056310984,6.144359239927769,30.336115,0.26695735788932795
A1_LCD_plus_7K_plus_12Dblocky,1,3991,2726,3.728552200710302,13.902101513421629,101.98355,0.3921493313023087
A1_LCD_plus_7K_plus_12Dblocky,1,3991,2727,3.7285304183293118,13.901939080406951,111.34174,0.6228658308503251
A1_LCD_plus_7K_plus_12Dblocky,1,3991,2728,2.561108641433977,6.559277473227792,11.116043,0.22515044116342775
A1_LCD_plus_7K_plus_12Dblocky,1,3991,2729,3.297066972797141,10.870650623109698,100.49275,0.5898167035303856
A1_LCD_plus_7K_plus_12Dblocky,1,3991,2730,2.440141622541419,5.954291138059067,26.85255,0.25571820210650387
A1_LCD_plus_7K_plus_12Dblocky,1,3991,2731,2.957515128047872,8.746895732632023,62.552563,0.37821475292969503
A1_LCD_plus_7K_plus_12Dblocky,1,3991,2732,3.9488461152483745,15.593385641912178,49.26963,0.2693802382352366
A1_LCD_plus_7K_plus_12Dblocky,1,3991,2733,3.072391985708516,9.439592513845916,55.982494,0.5431107416361197
A1_LCD_plus_7K_plus_12Dblocky,1,3991,2734,2.751474255408868,7.570610578177782,31.321114,0.42600044977195284
A1_LCD_plus_7K_plus_12Dblocky,1,3991,2735,2.5265638691706647,6.383524984998639,14.996103,0.15667628106718595
A1_LCD_plus_7K_plus_12Dblocky,1,3991,2736,5.697691248928329,32.463685568114464,266.75436,0.696945577096299
A1_LCD_plus_7K_plus_12Dblocky,1,3991,2737,3.1170557827928205,9.716036753042163,86.62106,0.5153515133574796
A1_LCD_plus_7K_plus_12Dblocky,1,3991,2738,3.4333279927331133,11.787741105684786,46.636562,0.49741593100526726
A1_LCD_plus_7K_plus_12Dblocky,1,3991,2739,3.0696475539256953,9.422736105322002,19.246975,0.3277740959694059
A1_LCD_plus_7K_plus_12Dblocky,1,3991,2740,3.1534937842019084,9.944523047000073,56.724842,0.5171638306349302
A1_LCD_plus_7K_plus_12Dblocky,1,3991,2741,3.107036215537591,9.653674044662157,31.364147,0.3469530354241855
A1_LCD_plus_7K_plus_12Dblocky,1,3991,2742,4.0799905072573335,16.646322539309956,119.03981,0.6506635386273589
A1_LCD_plus_7K_plus_12Dblocky,1,3991,2743,2.3166526385764854,5.366879447823392,22.890236,0.24161592298241388
A1_LCD_plus_7K_plus_12Dblocky,1,3991,2744,3.734191347651146,13.944185020872684,142.47833,0.4918557066051572
A1_LCD_plus_7K_plus_12Dblocky,1,3991,2745,4.594389788641284,21.108417529971305,165.9535,0.5074554794979814
A1_LCD_plus_7K_plus_12Dblocky,1,3991,2746,2.4604243877857295,6.053688168010784,22.029396,0.15625421824498786
A1_LCD_plus_7K_plus_12Dblocky,1,3991,2747,3.447054296751171,11.882183324750708,57.03305,0.20022001780988005
A1_LCD_plus_7K_plus_12Dblocky,1,3991,2748,4.421415021190432,19.548910789608385,43.669304,0.6149164120230459
A1_LCD_plus_7K_plus_12Dblocky,1,3991,2749,3.299600650507339,10.887364452828454,93.44972,0.19504943638985378
A1_LCD_plus_7K_plus_12Dblocky,1,3991,2750,3.4911241736962992,12.187947996166661,23.1836,0.4398607528018984
A1_LCD_plus_7K_plus_12Dblocky,1,3991,2751,2.9614757146895174,8.77033840869579,61.506836,0.3876924748809822
A1_LCD_plus_7K_plus_12Dblocky,1,3991,2752,4.6929092844376115,22.023397551960738,145.20705,0.6477259933862165
A1_LCD_plus_7K_plus_12Dblocky,1,3991,2753,4.888836146524399,23.90071886756354,183.17905,0.7639062599671268
A1_LCD_plus_7K_plus_12Dblocky,1,3991,2754,3.8080572330190163,14.501299889948445,120.42775,0.671448212492464
A1_LCD_plus_7K_plus_12Dblocky,1,3991,2755,4.268223326728848,18.21773036683228,94.21997,0.505663044393858
A1_LCD_plus_7K_plus_12Dblocky,1,3991,2756,2.014755671310501,4.059240415077828,19.60674,0.020404666462607593
A1_LCD_plus_7K_plus_12Dblocky,1,3991,2757,3.1112451760301814,9.679846545371074,49.902344,0.2431650338682359
A1_LCD_plus_7K_plus_12Dblocky,1,3991,2758,2.490793225909981,6.20405089423905,25.463676,0.22061801592268254
A1_LCD_plus_7K_plus_12Dblocky,1,3991,2759,2.583519261866198,6.674571776433664,27.48147,0.16894867619588855
A1_LCD_plus_7K_plus_12Dblocky,1,3991,2760,3.954857214510114,15.6408955871627,59.139233,0.38073693793556473
A1_LCD_plus_7K_plus_12Dblocky,1,3991,2761,4.50659456953227,20.30939461413774,116.406906,0.7607069982637302
A1_LCD_plus_7K_plus_12Dblocky,1,3991,2762,3.952107469603951,15.619153451299344,120.333694,0.7092620674188816
A1_LCD_plus_7K_plus_12Dblocky,1,3991,2763,2.7610453669356603,7.623371518276874,21.434175,0.2442250696879599
A1_LCD_plus_7K_plus_12Dblocky,1,3991,2764,5.2945623107716715,28.032390062643856,157.22603,0.6171178321236758
A1_LCD_plus_7K_plus_12Dblocky,1,3991,2765,2.7424484190502705,7.521023331151329,41.124992,0.4447610615972576
A1_LCD_plus_7K_plus_12Dblocky,1,3991,2766,4.860873885590451,23.628094931615212,252.9476,0.7687185770869693
A1_LCD_plus_7K_plus_12Dblocky,1,3991,2767,3.2754404490826006,10.72851013548643,34.50787,0.4902748450058745
A1_LCD_plus_7K_plus_12Dblocky,1,3991,2768,2.439528778705557,5.951300662132627,9.313707,0.15630742910872
A1_LCD_plus_7K_plus_12Dblocky,1,3991,2769,5.400221868992352,29.162396234343245,282.782,0.8565737161488844
A1_LCD_plus_7K_plus_12Dblocky,1,3991,2770,4.331260670275487,18.75981899387526,91.59596,0.718604616712402
A1_LCD_plus_7K_plus_12Dblocky,1,3991,2771,2.633580293344898,6.935745161494598,93.26384,0.24003087218892974
A1_LCD_plus_7K_plus_12Dblocky,1,3991,2772,3.178563670700192,10.103267008695083,49.741062,0.24781539235841948
A1_LCD_plus_7K_plus_12Dblocky,1,3991,2773,2.737407654831956,7.49340066873259,26.23967,0.17289408362071373
A1_LCD_plus_7K_plus_12Dblocky,1,3991,2774,2.3954025145512254,5.737953206718333,1.3166097,0.24769424272033835
A1_LCD_plus_7K_plus_12Dblocky,1,3991,2775,2.585618714920468,6.6854241389469715,45.784523,0.21366502350538347
A1_LCD_plus_7K_plus_12Dblocky,1,3991,2776,2.872776064563707,8.25284231713014,45.457455,0.24771338997220296
A1_LCD_plus_7K_plus_12Dblocky,1,3991,2777,2.4892117116591463,6.196174945461058,19.700369,0.22611627244579402
A1_LCD_plus_7K_plus_12Dblocky,1,3991,2778,2.63681492149285,6.952792930207345,21.278461,0.18433912385609597
A1_LCD_plus_7K_plus_12Dblocky,1,3991,2779,2.4166117555930415,5.840012377270483,6.7340617,0.19801029333802012
A1_LCD_plus_7K_plus_12Dblocky,1,3991,2780,4.474631497900597,20.022327042004147,166.59431,0.3111906940666529
A1_LCD_plus_7K_plus_12Dblocky,1,3991,2781,3.764270326226022,14.169731088905761,80.63147,0.6049472711096926
A1_LCD_plus_7K_plus_12Dblocky,1,3991,2782,2.7763218945268746,7.7079632620292955,13.687792,0.2561333695097613
A1_LCD_plus_7K_plus_12Dblocky,1,3991,2783,3.3823925562039263,11.440579404263733,95.012276,0.4511313531469971
A1_LCD_plus_7K_plus_12Dblocky,1,3991,2784,3.1369868503050253,9.840686498986638,44.714134,0.1719306588026289
A1_LCD_plus_7K_plus_12Dblocky,1,3991,2785,2.353433095160199,5.538647333395317,22.73328,0.22176724510413237
A1_LCD_plus_7K_plus_12Dblocky,1,3991,2786,2.6045827769834164,6.783851442158646,38.09012,0.13338135164470283
A1_LCD_plus_7K_plus_12Dblocky,1,3991,2787,2.1460238578996713,4.605418398674589,57.71085,0.23310918449346574
A1_LCD_plus_7K_plus_12Dblocky,1,3991,2788,2.8052128933924827,7.869219377255424,62.95541,0.08401269586661306
A1_LCD_plus_7K_plus_12Dblocky,1,3991,2789,3.110574555984767,9.675674068339836,84.261055,0.41269689967110357
A1_LCD_plus_7K_plus_12Dblocky,1,3991,2790,3.210116997731901,10.30485113912727,88.94008,0.18551237426014372
A1_LCD_plus_7K_plus_12Dblocky,1,3991,2791,2.751220118778892,7.56921214197374,15.051315,0.1545952729502014
A1_LCD_plus_7K_plus_12Dblocky,1,3991,2792,2.985813883707365,8.915084548139658,36.397984,0.5347284632576289
A1_LCD_plus_7K_plus_12Dblocky,1,3991,2793,3.0933342410084905,9.568716726595573,44.3309,0.5206454141490937
A1_LCD_plus_7K_plus_12Dblocky,1,3991,2794,3.527843171959315,12.44567744593996,72.50008,0.45429828844786035
A1_LCD_plus_7K_plus_12Dblocky,1,3991,2795,5.035190795767767,25.353146349784442,255.66177,0.6460096007167859
A1_LCD_plus_7K_plus_12Dblocky,1,3991,2796,3.598751286929698,12.951010825178157,86.82076,0.6045278574713173
A1_LCD_plus_7K_plus_12Dblocky,1,3991,2797,3.548555407752913,12.592245481892444,45.97545,0.3450912828420408
A1_LCD_plus_7K_plus_12Dblocky,1,3991,2798,2.415894890135883,5.83654812018467,50.277084,0.4415955151817419
A1_LCD_plus_7K_plus_12Dblocky,1,3991,2799,3.9233661172680234,15.39280169012677,114.4899,0.6195779166387891
A1_LCD_plus_7K_plus_12Dblocky,1,3991,2800,4.132173218823242,17.074855510360027,128.79584,0.5733888793634444
A1_LCD_plus_7K_plus_12Dblocky,1,3991,2801,3.569073210658715,12.738283583041712,30.047966,0.47372867149641595
A1_LCD_plus_7K_plus_12Dblocky,1,3991,2802,4.061839388854212,16.498539220847555,70.25748,0.6584209338244775
A1_LCD_plus_7K_plus_12Dblocky,1,3991,2803,3.638248184253779,13.23684985022592,135.85919,0.4835177721309952
A1_LCD_plus_7K_plus_12Dblocky,1,3991,2804,2.547865945386086,6.491620875658137,13.915252,0.2649821854687338
A1_LCD_plus_7K_plus_12Dblocky,1,3991,2805,2.9752601800040344,8.85217313871764,5.688428,0.42588455971353023
A1_LCD_plus_7K_plus_12Dblocky,1,3991,2806,3.8915297466559404,15.14400376910805,162.20386,0.6091938409863387
A1_LCD_plus_7K_plus_12Dblocky,1,3991,2807,3.650211127648243,13.324041276407065,108.42299,0.6708652547979768
A1_LCD_plus_7K_plus_12Dblocky,1,3991,2808,4.238227357945436,17.962571137637152,155.00053,0.29148242009121705
A1_LCD_plus_7K_plus_12Dblocky,1,3991,2809,3.606695036536619,13.00824908657788,97.56582,0.3891927755364516
A1_LCD_plus_7K_plus_12Dblocky,1,3991,2810,4.787386112372344,22.919065788935583,188.33348,0.6448715838285206
A1_LCD_plus_7K_plus_12Dblocky,1,3991,2811,4.780105322015061,22.84940688955671,162.33598,0.759775975271536
A1_LCD_plus_7K_plus_12Dblocky,1,3991,2812,3.4295794998452047,11.76201554575849,94.02297,0.3264888200716257
A1_LCD_plus_7K_plus_12Dblocky,1,3991,2813,4.145842099572365,17.18800671458659,135.36856,0.6197808848209708
A1_LCD_plus_7K_plus_12Dblocky,1,3991,2814,2.8767791953986572,8.275858539078547,73.364365,0.40278955819812295
A1_LCD_plus_7K_plus_12Dblocky,1,3991,2815,2.196561718119684,4.824883381508898,13.125241,0.04949647310514817
A1_LCD_plus_7K_plus_12Dblocky,1,3991,2816,2.532160039894801,6.411834467640041,22.048704,0.192794902649247
A1_LCD_plus_7K_plus_12Dblocky,1,3991,2817,2.702986918820375,7.306138283314066,36.541565,0.23473077371335133
A1_LCD_plus_7K_plus_12Dblocky,1,3991,2818,2.635699485509998,6.946911777917671,18.172417,0.33536279191331403
A1_LCD_plus_7K_plus_12Dblocky,1,3991,2819,2.4509732361659866,6.0072698044019655,17.340246,0.1394904784992143
A1_LCD_plus_7K_plus_12Dblocky,1,3991,2820,2.044836961312129,4.181358198348223,25.281292,0.016829878006434297
A1_LCD_plus_7K_plus_12Dblocky,1,3991,2821,3.178642263462516,10.103766639070107,22.880451,0.208889856738302
A1_LCD_plus_7K_plus_12Dblocky,1,3991,2822,3.6208682359315465,13.110686781978032,65.778694,0.26445314764631334
A1_LCD_plus_7K_plus_12Dblocky,1,3991,2823,4.131452866330544,17.06890278671086,37.995316,0.5020505873545249
A1_LCD_plus_7K_plus_12Dblocky,1,3991,2824,3.8074556737043577,14.496718707223511,102.37213,0.5762437788438624
A1_LCD_plus_7K_plus_12Dblocky,1,3991,2825,3.811306829022297,14.526059744952,34.264847,0.4525941708773444
A1_LCD_plus_7K_plus_12Dblocky,1,3991,2826,2.7264216417011315,7.4333749683362935,8.220149,0.4193503653091159
A1_LCD_plus_7K_plus_12Dblocky,1,3991,2827,3.031461043928694,9.189756060857249,16.994814,0.3212015617461305
A1_LCD_plus_7K_plus_12Dblocky,1,3991,2828,3.2398862452270123,10.496862882011188,12.900818,0.2512605920067636
A1_LCD_plus_7K_plus_12Dblocky,1,3991,2829,2.674934685530753,7.1552755718555066,7.4832945,0.37624097544027446
A1_LCD_plus_7K_plus_12Dblocky,1,3991,2830,3.115462220429925,9.70610484692616,44.523422,0.22897296806282008
A1_LCD_plus_7K_plus_12Dblocky,1,3991,2831,2.8118302919310447,7.906389590621025,8.119133,0.20304244123863138
A1_LCD_plus_7K_plus_12Dblocky,1,3991,2832,3.3792847354785427,11.419565323438286,38.512985,0.3754917868293701
A1_LCD_plus_7K_plus_12Dblocky,1,3991,2833,3.130922268764485,9.802674253045348,53.017986,0.48808972308900433
A1_LCD_plus_7K_plus_12Dblocky,1,3991,2834,4.6426884509017015,21.554556052136036,124.12137,0.680011637305685
A1_LCD_plus_7K_plus_12Dblocky,1,3991,2835,4.015549860860144,16.12464068505392,42.34971,0.7096978642193801
A1_LCD_plus_7K_plus_12Dblocky,1,3991,2836,4.066317346250397,16.53493676041687,213.14626,0.5991212465359269
A1_LCD_plus_7K_plus_12Dblocky,1,3991,2837,4.013578711766512,16.108814075545332,39.532936,0.5270108343786757
A1_LCD_plus_7K_plus_12Dblocky,1,3991,2838,3.382738339853063,11.442918675911859,20.127178,0.3208742135612812
A1_LCD_plus_7K_plus_12Dblocky,1,3991,2839,3.332497555666027,11.105539958520044,70.72949,0.33997140546029575
A1_LCD_plus_7K_plus_12Dblocky,1,3991,2840,3.4291890355085726,11.759337441252214,59.98191,0.45354307448956305
A1_LCD_plus_7K_plus_12Dblocky,1,3991,2841,3.0385723220861762,9.232921756548174,72.19497,0.38159692578185633
A1_LCD_plus_7K_plus_12Dblocky,1,3991,2842,3.1363036176866523,9.836400382314384,32.621838,0.1976850512616935
A1_LCD_plus_7K_plus_12Dblocky,1,3991,2843,3.3258308071870837,11.061150558034688,68.89574,0.4167508204615088
A1_LCD_plus_7K_plus_12Dblocky,1,3991,2844,2.9709447973773577,8.826512989063591,39.637077,0.1274502557877547
A1_LCD_plus_7K_plus_12Dblocky,1,3991,2845,2.2057562440674334,4.865360608242471,29.73941,0.21602531052016682
A1_LCD_plus_7K_plus_12Dblocky,1,3991,2846,3.7310565199375865,13.920782754968778,29.59026,0.682865627669736
A1_LCD_plus_7K_plus_12Dblocky,1,3991,2847,3.0653544700028155,9.39639802676624,74.34219,0.17851863190000025
A1_LCD_plus_7K_plus_12Dblocky,1,3991,2848,2.0018514895687685,4.007409386288697,12.108867,0.07474911695926888
A1_LCD_plus_7K_plus_12Dblocky,1,3991,2849,3.9297732159130616,15.443117528507683,112.94002,0.42434223049155906
A1_LCD_plus_7K_plus_12Dblocky,1,3991,2850,3.7814977009090374,14.299724861980335,88.6669,0.2982248063229974
A1_LCD_plus_7K_plus_12Dblocky,1,3991,2851,3.6381320325847395,13.236004686519165,128.2372,0.7105171141627583
A1_LCD_plus_7K_plus_12Dblocky,1,3991,2852,3.753848438967226,14.091378102736671,55.772587,0.5505353121433382
A1_LCD_plus_7K_plus_12Dblocky,1,3991,2853,4.680007861372836,21.90247358251154,213.48001,0.5723769701595077
A1_LCD_plus_7K_plus_12Dblocky,1,3991,2854,2.860331887569958,8.181498507049518,29.854248,0.13626091770956078
A1_LCD_plus_7K_plus_12Dblocky,1,3991,2855,3.077426954476443,9.470556660138158,80.22256,0.5063165879739249
A1_LCD_plus_7K_plus_12Dblocky,1,3991,2856,3.8609006245365056,14.906553632546382,85.39851,0.5567939804430222
A1_LCD_plus_7K_plus_12Dblocky,1,3991,2857,4.009243609017541,16.074034316447992,180.95435,0.7311786195702918
A1_LCD_plus_7K_plus_12Dblocky,1,3991,2858,4.8333346384087825,23.361123726842155,179.99854,0.7507345148387425
A1_LCD_plus_7K_plus_12Dblocky,1,3991,2859,4.032109119992779,16.257903955528946,108.16075,0.5065592239418794
A1_LCD_plus_7K_plus_12Dblocky,1,3991,2860,3.5270588163243324,12.440143893811197,76.03987,0.45111210662254575
A1_LCD_plus_7K_plus_12Dblocky,1,3991,2861,4.323374230884732,18.69156474027815,69.896904,0.41587677354787034
A1_LCD_plus_7K_plus_12Dblocky,1,3991,2862,4.591934645778115,21.085863791097385,115.981674,0.5373529485134333
A1_LCD_plus_7K_plus_12Dblocky,1,3991,2863,3.43411617406276,11.79315389695945,33.095356,0.28426768878785397
A1_LCD_plus_7K_plus_12Dblocky,1,3991,2864,2.64791327152072,7.011444693495562,8.409026,0.13835829370682273
A1_LCD_plus_7K_plus_12Dblocky,1,3991,2865,3.269941096247315,10.692514772927094,53.687447,0.44267132176628754
A1_LCD_plus_7K_plus_12Dblocky,1,3991,2866,3.2034466066258775,10.262070161502852,35.784554,0.472037107434206
A1_LCD_plus_7K_plus_12Dblocky,1,3991,2867,4.057928465605659,16.466783431972708,150.55286,0.5011938867549626
A1_LCD_plus_7K_plus_12Dblocky,1,3991,2868,3.3863979657348358,11.467691182333033,53.28195,0.5469268464910808
A1_LCD_plus_7K_plus_12Dblocky,1,3991,2869,2.845029191893731,8.094191102727494,58.033363,0.3845157097892754
A1_LCD_plus_7K_plus_12Dblocky,1,3991,2870,3.216075297671352,10.343140320291877,128.23776,0.706205681704489
A1_LCD_plus_7K_plus_12Dblocky,1,3991,2871,3.7908336329284222,14.370419632541303,104.27431,0.5377384566577128
A1_LCD_plus_7K_plus_12Dblocky,1,3991,2872,2.95970256535399,8.75983927536299,60.94031,0.30795787173250444
A1_LCD_plus_7K_plus_12Dblocky,1,3991,2873,2.580203311275756,6.657449127518376,16.89247,0.4310128124809002
A1_LCD_plus_7K_plus_12Dblocky,1,3991,2874,3.262289764199076,10.642534505598062,32.580566,0.34958479150555105
A1_LCD_plus_7K_plus_12Dblocky,1,3991,2875,3.282807897410763,10.77682769130248,65.39078,0.3905021801350631
A1_LCD_plus_7K_plus_12Dblocky,1,3991,2876,2.7249478028765544,7.425340528401763,20.671787,0.29356513276638724
A1_LCD_plus_7K_plus_12Dblocky,1,3991,2877,3.2235471841649037,10.39125644853748,22.364494,0.42973930326577536
A1_LCD_plus_7K_plus_12Dblocky,1,3991,2878,3.088843852252379,9.540956343597315,41.74729,0.4408823405596468
A1_LCD_plus_7K_plus_12Dblocky,1,3991,2879,3.5562157916846746,12.646670757027454,145.36368,0.5453293649372695
A1_LCD_plus_7K_plus_12Dblocky,1,3991,2880,4.303627026296263,18.52120558146761,132.4279,0.6505890025359089
A1_LCD_plus_7K_plus_12Dblocky,1,3991,2881,2.709104922736727,7.339249482396365,5.8655996,0.42522219039098463
A1_LCD_plus_7K_plus_12Dblocky,1,3991,2882,2.5189190466632914,6.3449531636431065,31.602505,0.33058275049921254
A1_LCD_plus_7K_plus_12Dblocky,1,3991,2883,2.0106723626769254,4.042803350032811,38.303864,0.08152529677299525
A1_LCD_plus_7K_plus_12Dblocky,1,3991,2884,2.705049481030741,7.317292694824681,32.684166,0.35443194452295557
A1_LCD_plus_7K_plus_12Dblocky,1,3991,2885,2.8990671734505473,8.404590476178546,15.506825,0.22112480297354653
A1_LCD_plus_7K_plus_12Dblocky,1,3991,2886,2.975350336828029,8.852709626862666,58.277657,0.41717659820212794
A1_LCD_plus_7K_plus_12Dblocky,1,3991,2887,4.016122386318969,16.129239021892367,153.6188,0.6308421207404971
A1_LCD_plus_7K_plus_12Dblocky,1,3991,2888,4.1559432196169785,17.271864044680335,111.29953,0.8263909468270899
A1_LCD_plus_7K_plus_12Dblocky,1,3991,2889,3.5570281107391093,12.652448980588238,57.404808,0.5696057514757743
A1_LCD_plus_7K_plus_12Dblocky,1,3991,2890,4.568678480195961,20.872823055405675,172.87093,0.5504841918169415
A1_LCD_plus_7K_plus_12Dblocky,1,3991,2891,2.693703149971867,7.256036660168359,33.520824,0.33397255591651404
A1_LCD_plus_7K_plus_12Dblocky,1,3991,2892,2.508948557326345,6.294822863309949,18.006216,0.3154082487638331
A1_LCD_plus_7K_plus_12Dblocky,1,3991,2893,3.594526286320151,12.920619223046533,121.476654,0.5336396077812117
A1_LCD_plus_7K_plus_12Dblocky,1,3991,2894,3.8249291633719644,14.630083104813357,80.66356,0.5275878573056461
A1_LCD_plus_7K_plus_12Dblocky,1,3991,2895,2.6731296794126083,7.145622282956554,29.351265,0.22786183034980775
A1_LCD_plus_7K_plus_12Dblocky,1,3991,2896,4.2922560630640385,18.423462110910005,224.0114,0.6145808663061821
A1_LCD_plus_7K_plus_12Dblocky,1,3991,2897,3.642383830905516,13.26695997164194,113.3914,0.5664523859324245
A1_LCD_plus_7K_plus_12Dblocky,1,3991,2898,2.9119347278878536,8.479363859479305,84.09388,0.31464663613578664
A1_LCD_plus_7K_plus_12Dblocky,1,3991,2899,3.2940922835482462,10.8510439725321,28.289501,0.4421467628293869
A1_LCD_plus_7K_plus_12Dblocky,1,3991,2900,3.229330855824125,10.428577776377775,97.59958,0.33671384069790644
A1_LCD_plus_7K_plus_12Dblocky,1,3991,2901,3.3915656256000597,11.502717392751922,69.53658,0.5462516283197942
A1_LCD_plus_7K_plus_12Dblocky,1,3991,2902,4.123024620423239,16.999332020616194,197.73062,0.7216447593633291
A1_LCD_plus_7K_plus_12Dblocky,1,3991,2903,5.260248083384057,27.670209898745647,209.28722,0.7831232939591816
A1_LCD_plus_7K_plus_12Dblocky,1,3991,2904,3.515883332513914,12.361435607849145,75.04828,0.5372343943016201
A1_LCD_plus_7K_plus_12Dblocky,1,3991,2905,2.952489276779201,8.717192929496168,39.084602,0.42934682251063605
A1_LCD_plus_7K_plus_12Dblocky,1,3991,2906,3.7305257215706744,13.916822159300404,44.19311,0.36686966762154505
A1_LCD_plus_7K_plus_12Dblocky,1,3991,2907,2.7295837970374897,7.450627705049603,19.3516,0.28310350343740853
A1_LCD_plus_7K_plus_12Dblocky,1,3991,2908,3.649657671982745,13.32000112266251,118.76737,0.7642581189823241
A1_LCD_plus_7K_plus_12Dblocky,1,3991,2909,3.4146509437167234,11.659841067425514,88.7523,0.3562913771275059
A1_LCD_plus_7K_plus_12Dblocky,1,3991,2910,2.706608752196593,7.325730937467199,33.271896,0.46144867191033506
A1_LCD_plus_7K_plus_12Dblocky,1,3991,2911,3.2370921665571455,10.478765694785634,79.52622,0.1976327179383735
A1_LCD_plus_7K_plus_12Dblocky,1,3991,2912,2.7084785148415094,7.335855865358068,12.743332,0.453858809914148
A1_LCD_plus_7K_plus_12Dblocky,1,3991,2913,2.498500951201177,6.242507003153186,4.626466,0.33759048491988486
A1_LCD_plus_7K_plus_12Dblocky,1,3991,2914,3.5520346206541764,12.61694994632586,56.849766,0.4313883397599072
A1_LCD_plus_7K_plus_12Dblocky,1,3991,2915,3.9583331031326883,15.668400955356054,123.90418,0.520066595894228
A1_LCD_plus_7K_plus_12Dblocky,1,3991,2916,3.5294477594324074,12.45700148656244,106.27194,0.5886206682608962
A1_LCD_plus_7K_plus_12Dblocky,1,3991,2917,3.881588920249196,15.066732545801319,80.24383,0.5428593452445442
A1_LCD_plus_7K_plus_12Dblocky,1,3991,2918,4.210371017091961,17.72722410156799,104.29161,0.4045879778480014
A1_LCD_plus_7K_plus_12Dblocky,1,3991,2919,3.811493993606622,14.527486463299358,62.043747,0.5817483716994386
A1_LCD_plus_7K_plus_12Dblocky,1,3991,2920,2.5561904363887367,6.534109547085241,40.33192,0.2807645075937273
A1_LCD_plus_7K_plus_12Dblocky,1,3991,2921,2.8998010449434255,8.408846100254982,27.47676,0.22335802501981664
A1_LCD_plus_7K_plus_12Dblocky,1,3991,2922,3.2521187620973,10.576276442785277,74.66455,0.17085377984807223
A1_LCD_plus_7K_plus_12Dblocky,1,3991,2923,2.8308336292365524,8.013619036416591,70.23175,0.20851132181295157
A1_LCD_plus_7K_plus_12Dblocky,1,3991,2924,2.9521204179045006,8.715014961808642,41.81162,0.5042339057414909
A1_LCD_plus_7K_plus_12Dblocky,1,3991,2925,3.0115826543948625,9.069630084252008,54.116047,0.3233376088208692
A1_LCD_plus_7K_plus_12Dblocky,1,3991,2926,3.6329092013563575,13.198029265299686,25.956175,0.6566958880022515
A1_LCD_plus_7K_plus_12Dblocky,1,3991,2927,3.372786444498209,11.375688400190876,60.218903,0.2013839490309527
A1_LCD_plus_7K_plus_12Dblocky,1,3991,2928,5.049968079484353,25.50217760381088,191.13129,0.703282416546838
A1_LCD_plus_7K_plus_12Dblocky,1,3991,2929,4.0031099976924125,16.02488965362495,72.960556,0.2981624078452846
A1_LCD_plus_7K_plus_12Dblocky,1,3991,2930,4.032110904856275,16.257918349060887,119.241455,0.5556154817397119
A1_LCD_plus_7K_plus_12Dblocky,1,3991,2931,4.318725527235002,18.65139017959125,116.33359,0.5730453252238785
A1_LCD_plus_7K_plus_12Dblocky,1,3991,2932,2.7915872729795503,7.792959502661402,85.4699,0.45871313498545657
A1_LCD_plus_7K_plus_12Dblocky,1,3991,2933,3.007085891951399,9.042565561573142,97.711975,0.516366954882477
A1_LCD_plus_7K_plus_12Dblocky,1,3991,2934,3.5032071180467117,12.272460111933146,72.477806,0.4160587031127291
A1_LCD_plus_7K_plus_12Dblocky,1,3991,2935,2.59615121602184,6.740001136451679,2.9974666,0.15790492188390065
A1_LCD_plus_7K_plus_12Dblocky,1,3991,2936,3.1672239660004893,10.03130765080787,9.602379,0.258530936579986
A1_LCD_plus_7K_plus_12Dblocky,1,3991,2937,5.325805462711988,28.364203826652854,219.24075,0.8632897682705285
A1_LCD_plus_7K_plus_12Dblocky,1,3991,2938,3.3905229429340795,11.49564582656237,75.00482,0.5846583142327537
A1_LCD_plus_7K_plus_12Dblocky,1,3991,2939,2.3617856102167414,5.578031268626864,14.714321,0.19388273314461404
A1_LCD_plus_7K_plus_12Dblocky,1,3991,2940,3.229172520273401,10.427555165688863,99.72467,0.4539356707292775
A1_LCD_plus_7K_plus_12Dblocky,1,3991,2941,2.8578785152851616,8.167469608128519,51.274246,0.16775190355462433
A1_LCD_plus_7K_plus_12Dblocky,1,3991,2942,3.9487032141529204,15.592257073461605,76.14719,0.3534277108476641
A1_LCD_plus_7K_plus_12Dblocky,1,3991,2943,3.1564890601691946,9.963423186967807,47.308876,0.29452071637597743
A1_LCD_plus_7K_plus_12Dblocky,1,3991,2944,4.077953138472799,16.629701799580147,139.78247,0.5702986317319798
A1_LCD_plus_7K_plus_12Dblocky,1,3991,2945,4.29932379339336,18.484185080438273,126.0316,0.6287513653953507
A1_LCD_plus_7K_plus_12Dblocky,1,3991,2946,3.713522094398351,13.790246345584716,114.19816,0.3493743379826044
A1_LCD_plus_7K_plus_12Dblocky,1,3991,2947,2.644817864407851,6.995061535890901,29.128624,0.18463738303867955
A1_LCD_plus_7K_plus_12Dblocky,1,3991,2948,2.347418162783844,5.510372030967478,7.1929274,0.33778235879944796
A1_LCD_plus_7K_plus_12Dblocky,1,3991,2949,2.2435132500069788,5.033351702956873,7.3239727,0.29570657350800744
A1_LCD_plus_7K_plus_12Dblocky,1,3991,2950,3.297339896806888,10.872450395074457,84.86837,0.23066188556997053
A1_LCD_plus_7K_plus_12Dblocky,1,3991,2951,2.294987584581431,5.266968013382911,16.439388,0.13113190243132875
A1_LCD_plus_7K_plus_12Dblocky,1,3991,2952,2.7632318925473123,7.635450491990602,25.179111,0.16520356598149796
A1_LCD_plus_7K_plus_12Dblocky,1,3991,2953,2.661314716985419,7.082596022843182,32.852177,0.10117662346528164
A1_LCD_plus_7K_plus_12Dblocky,1,3991,2954,2.3674467124848957,5.604803936455542,33.381317,0.1478282266416232
A1_LCD_plus_7K_plus_12Dblocky,1,3991,2955,3.4504223671634016,11.90541451182149,77.19379,0.30743129741719755
A1_LCD_plus_7K_plus_12Dblocky,1,3991,2956,2.8043823559139587,7.864560398161527,37.17713,0.1936732411578092
A1_LCD_plus_7K_plus_12Dblocky,1,3991,2957,2.4159844222925813,5.836980728760418,49.31453,0.1457190235560345
A1_LCD_plus_7K_plus_12Dblocky,1,3991,2958,3.0017678714215985,9.010610353898954,22.104155,0.12329306671895318
A1_LCD_plus_7K_plus_12Dblocky,1,3991,2959,3.7656440714945334,14.180075273181927,148.58087,0.6646808143741342
A1_LCD_plus_7K_plus_12Dblocky,1,3991,2960,4.767892795509615,22.73280170947249,155.58853,0.5391379029576685
A1_LCD_plus_7K_plus_12Dblocky,1,3991,2961,3.323496974764173,11.045632141266605,36.81821,0.5325394237110852
A1_LCD_plus_7K_plus_12Dblocky,1,3991,2962,3.5927121306210394,12.907580453511569,58.113327,0.3250919185636044
A1_LCD_plus_7K_plus_12Dblocky,1,3991,2963,3.2850772517157165,10.791732549740086,39.31642,0.5225226507935962
A1_LCD_plus_7K_plus_12Dblocky,1,3991,2964,3.36092823396097,11.295838593836006,34.74004,0.1422477814099827
A1_LCD_plus_7K_plus_12Dblocky,1,3991,2965,3.581260415229392,12.825426161688998,64.034935,0.45110772445586556
A1_LCD_plus_7K_plus_12Dblocky,1,3991,2966,4.909130637242192,24.09956361350993,191.5735,0.7902914187877585
A1_LCD_plus_7K_plus_12Dblocky,1,3991,2967,2.397026269852512,5.745734938363051,46.05884,0.2321146328568368
A1_LCD_plus_7K_plus_12Dblocky,1,3991,2968,3.244878846793854,10.529238730370215,86.85022,0.5444862366102322
A1_LCD_plus_7K_plus_12Dblocky,1,3991,2969,4.711442282884993,22.197688384956546,195.2212,0.6312060869576039
A1_LCD_plus_7K_plus_12Dblocky,1,3991,2970,3.534320211407224,12.491419356761599,54.017906,0.16175815254128342
A1_LCD_plus_7K_plus_12Dblocky,1,3991,2971,2.3988386057123043,5.754426656255752,26.092825,0.08509088773237043
A1_LCD_plus_7K_plus_12Dblocky,1,3991,2972,2.2916210987400136,5.2515272601903895,36.571545,0.07658224891638331
A1_LCD_plus_7K_plus_12Dblocky,1,3991,2973,4.930614485863629,24.310959208208267,172.03235,0.7211772445515754
A1_LCD_plus_7K_plus_12Dblocky,1,3991,2974,5.205266024790643,27.09479438883979,195.6839,0.6155283568060856
A1_LCD_plus_7K_plus_12Dblocky,1,3991,2975,3.043509597785191,9.262950671810573,80.13959,0.3104362409187359
A1_LCD_plus_7K_plus_12Dblocky,1,3991,2976,3.964414847804168,15.71658508549014,73.209114,0.3943521637228756
A1_LCD_plus_7K_plus_12Dblocky,1,3991,2977,3.9428533648300497,15.546092656551648,85.156624,0.5794242673508052
A1_LCD_plus_7K_plus_12Dblocky,1,3991,2978,3.487487003059355,12.162565596507923,81.30664,0.5527362688715379
A1_LCD_plus_7K_plus_12Dblocky,1,3991,2979,5.8132826679988145,33.79425537805542,185.2221,0.6156661152349961
A1_LCD_plus_7K_plus_12Dblocky,1,3991,2980,4.223345029336057,17.836643236817572,94.737595,0.7064393190758063
A1_LCD_plus_7K_plus_12Dblocky,1,3991,2981,3.185199056440691,10.145493029150668,43.28162,0.21606524722979134
A1_LCD_plus_7K_plus_12Dblocky,1,3991,2982,3.6356273761665747,13.217786418331853,41.280914,0.5292479310358316
A1_LCD_plus_7K_plus_12Dblocky,1,3991,2983,3.1639315587154893,10.010462908235825,57.524307,0.5892313204010694
A1_LCD_plus_7K_plus_12Dblocky,1,3991,2984,3.923468280047889,15.39360334454194,38.799076,0.6069211262346813
A1_LCD_plus_7K_plus_12Dblocky,1,3991,2985,3.5264287040288034,12.435699404598262,139.57521,0.41198804008884266
A1_LCD_plus_7K_plus_12Dblocky,1,3991,2986,2.592885023458379,6.723052744874759,28.684792,0.06133296401678702
A1_LCD_plus_7K_plus_12Dblocky,1,3991,2987,2.6870097728637066,7.220021519465067,46.17148,0.2016933275387815
A1_LCD_plus_7K_plus_12Dblocky,1,3991,2988,5.224664345491071,27.297117523045635,181.0552,0.6632585166454683
A1_LCD_plus_7K_plus_12Dblocky,1,3991,2989,4.28445681943857,18.35657023763367,144.06003,0.5267413319585867
A1_LCD_plus_7K_plus_12Dblocky,1,3991,2990,3.201568466740342,10.250040647226102,13.187372,0.47049377987613206
A1_LCD_plus_7K_plus_12Dblocky,1,3991,2991,2.8098439279985805,7.895222899710491,27.929132,0.20636942151868443
A1_LCD_plus_7K_plus_12Dblocky,1,3991,2992,2.3461740703397513,5.504532768334596,47.813297,0.11998154031963107
A1_LCD_plus_7K_plus_12Dblocky,1,3991,2993,3.5399712548386453,12.531396485083892,51.29197,0.5593813581803704
A1_LCD_plus_7K_plus_12Dblocky,1,3991,2994,3.939788749009281,15.521935386820118,2.2411687,0.6805680676866583
A1_LCD_plus_7K_plus_12Dblocky,1,3991,2995,2.6302266263679934,6.9180921060551555,18.42227,0.17500151601872732
A1_LCD_plus_7K_plus_12Dblocky,1,3991,2996,2.649904575600565,7.021994259788808,32.989212,0.14011250470729533
A1_LCD_plus_7K_plus_12Dblocky,1,3991,2997,3.2535318440590806,10.585469460306484,104.81035,0.2420240535141246
A1_LCD_plus_7K_plus_12Dblocky,1,3991,2998,2.276823655762019,5.183925959437526,12.85866,0.19314737877751326
A1_LCD_plus_7K_plus_12Dblocky,1,3991,2999,2.8317477129246624,8.018795109654057,64.04217,0.4499094270646896
A1_LCD_plus_7K_plus_12Dblocky,1,3991,3000,3.920886220950182,15.373348757637,80.78889,0.6127673487416206
A1_LCD_plus_7K_plus_12Dblocky,1,3991,3001,3.2090758491082227,10.298167805329665,68.48037,0.2568804434157413
A1_LCD_plus_7K_plus_12Dblocky,1,3991,3002,2.7675810641563903,7.6595049466770195,24.060078,0.0557791181364181
A1_LCD_plus_7K_plus_12Dblocky,1,3991,3003,3.3403145346825593,11.157701190611558,96.65616,0.5463626333137466
A1_LCD_plus_7K_plus_12Dblocky,1,3991,3004,2.6291468032935534,6.912412913268712,19.407902,0.36309711525910693
A1_LCD_plus_7K_plus_12Dblocky,1,3991,3005,3.0806807592642587,9.490593940501007,54.91938,0.3528883103327718
A1_LCD_plus_7K_plus_12Dblocky,1,3991,3006,4.797289263907295,23.01398428160019,151.09558,0.6089017287195895
A1_LCD_plus_7K_plus_12Dblocky,1,3991,3007,4.443932555540909,19.748536558196346,130.89047,0.6387463559094169
A1_LCD_plus_7K_plus_12Dblocky,1,3991,3008,3.720588965856155,13.842782252850572,124.35833,0.5854858140289281
A1_LCD_plus_7K_plus_12Dblocky,1,3991,3009,3.350968477508419,11.228989737255096,49.965973,0.1531198362345317
A1_LCD_plus_7K_plus_12Dblocky,1,3991,3010,4.320019956567341,18.66257242514009,78.53113,0.4180113189816349
A1_LCD_plus_7K_plus_12Dblocky,1,3991,3011,3.1326627065371304,9.813575632928542,91.746796,0.3670058763737545
A1_LCD_plus_7K_plus_12Dblocky,1,3991,3012,3.0315142998594813,9.190078950252522,65.35697,0.2665619546590171
A1_LCD_plus_7K_plus_12Dblocky,1,3991,3013,2.9725236333705882,8.835896750946691,11.175491,0.33621194913481567
A1_LCD_plus_7K_plus_12Dblocky,1,3991,3014,3.4835543670290714,12.135151028047312,94.15867,0.35143413586337163
A1_LCD_plus_7K_plus_12Dblocky,1,3991,3015,4.398720974995562,19.348746215865905,145.79567,0.6667771919427014
A1_LCD_plus_7K_plus_12Dblocky,1,3991,3016,3.1665016626576996,10.026732779613974,49.63526,0.4217978348406568
A1_LCD_plus_7K_plus_12Dblocky,1,3991,3017,3.2948879209231468,10.856286411445257,75.705894,0.2422571010102852
A1_LCD_plus_7K_plus_12Dblocky,1,3991,3018,3.507472278614633,12.302361785250127,127.957115,0.6334733611599994
A1_LCD_plus_7K_plus_12Dblocky,1,3991,3019,4.036441408171704,16.29285924160317,123.85381,0.6994400244932196
A1_LCD_plus_7K_plus_12Dblocky,1,3991,3020,2.818363401309662,7.943172261841768,48.036346,0.280439626167208
A1_LCD_plus_7K_plus_12Dblocky,1,3991,3021,2.600052403311111,6.760272499963885,4.2810388,0.2852579074291025
A1_LCD_plus_7K_plus_12Dblocky,1,3991,3022,3.1196588696091845,9.732271462731253,46.59282,0.31789989202519553
A1_LCD_plus_7K_plus_12Dblocky,1,3991,3023,4.329570730214225,18.74518270792773,71.673874,0.6177040508880887
A1_LCD_plus_7K_plus_12Dblocky,1,3991,3024,3.5487358172315244,12.593525900501897,106.558395,0.5054168652802802
A1_LCD_plus_7K_plus_12Dblocky,1,3991,3025,3.083664038555033,9.508983902677537,97.29701,0.3948245910062593
A1_LCD_plus_7K_plus_12Dblocky,1,3991,3026,2.9363426960024426,8.622108428366895,43.066612,0.31718801555414966
A1_LCD_plus_7K_plus_12Dblocky,1,3991,3027,3.0234473645635513,9.141233966286284,31.862684,0.19045774554377096
A1_LCD_plus_7K_plus_12Dblocky,1,3991,3028,2.9680402907353,8.809263167428082,25.98072,0.19966718940948525
A1_LCD_plus_7K_plus_12Dblocky,1,3991,3029,3.152209708204972,9.936426044501678,97.25815,0.44163489201137535
A1_LCD_plus_7K_plus_12Dblocky,1,3991,3030,4.653116888951343,21.651496782244227,203.86888,0.8027549231242957
A1_LCD_plus_7K_plus_12Dblocky,1,3991,3031,4.69183882069447,22.013351519375682,160.0359,0.6362010610283115
A1_LCD_plus_7K_plus_12Dblocky,1,3991,3032,3.5156917575366937,12.360088534011448,99.71794,0.5977861654149067
A1_LCD_plus_7K_plus_12Dblocky,1,3991,3033,3.249803901881236,10.561225400682508,22.827541,0.18565569784697833
A1_LCD_plus_7K_plus_12Dblocky,1,3991,3034,2.228148979181099,4.964647873425771,24.530512,0.24503396909273473
A1_LCD_plus_7K_plus_12Dblocky,1,3991,3035,3.8530661675054825,14.846118891175387,124.45206,0.4261595142279153
A1_LCD_plus_7K_plus_12Dblocky,1,3991,3036,4.652436277057501,21.645163312080665,77.98487,0.43739327221681007
A1_LCD_plus_7K_plus_12Dblocky,1,3991,3037,2.418639458490303,5.849816830166264,48.260513,0.20136959187037942
A1_LCD_plus_7K_plus_12Dblocky,1,3991,3038,2.809383638632511,7.892636429016044,40.05785,0.2072561864209762
A1_LCD_plus_7K_plus_12Dblocky,1,3991,3039,3.4566649065944497,11.948532276481618,53.094967,0.25973080098765555
A1_LCD_plus_7K_plus_12Dblocky,1,3991,3040,4.081189712464095,16.65610946912276,129.44286,0.5788762171648395
A1_LCD_plus_7K_plus_12Dblocky,1,3991,3041,4.9736721732634095,24.73741488709477,255.68245,0.6570713065441591
A1_LCD_plus_7K_plus_12Dblocky,1,3991,3042,2.6344911144572483,6.940543432154193,57.04565,0.4466986616910423
A1_LCD_plus_7K_plus_12Dblocky,1,3991,3043,3.173144340900399,10.068845008188228,106.4108,0.24716754237448313
A1_LCD_plus_7K_plus_12Dblocky,1,3991,3044,2.958116694432886,8.750454377882543,20.282207,0.3034377336779736
A1_LCD_plus_7K_plus_12Dblocky,1,3991,3045,3.627478672991642,13.158601523009205,95.91964,0.5344095498777627
A1_LCD_plus_7K_plus_12Dblocky,1,3991,3046,3.801803812177279,14.453712226285694,77.62315,0.5811257164283491
A1_LCD_plus_7K_plus_12Dblocky,1,3991,3047,4.235935536868541,17.94314987250577,54.46686,0.7230455465926706
A1_LCD_plus_7K_plus_12Dblocky,1,3991,3048,2.346888076405888,5.507883643176129,19.810444,0.21177520475260436
A1_LCD_plus_7K_plus_12Dblocky,1,3991,3049,2.632814567674787,6.9317125477605765,55.138657,0.054567315008145545
A1_LCD_plus_7K_plus_12Dblocky,1,3991,3050,3.254366474958044,10.590901153330847,28.090588,0.43965905027269236
A1_LCD_plus_7K_plus_12Dblocky,1,3991,3051,2.2605026404491992,5.1098721874778,37.263893,0.12713796853658305
A1_LCD_plus_7K_plus_12Dblocky,1,3991,3052,3.2909584255475584,10.830407358682464,96.88176,0.3527365531650723
A1_LCD_plus_7K_plus_12Dblocky,1,3991,3053,3.3968908005302474,11.538867110727024,76.63757,0.41043298166627595
A1_LCD_plus_7K_plus_12Dblocky,1,3991,3054,3.483833342604018,12.137094759039483,59.881233,0.5742118513936043
A1_LCD_plus_7K_plus_12Dblocky,1,3991,3055,3.272005055756167,10.706017084893917,59.76019,0.5740551025107139
A1_LCD_plus_7K_plus_12Dblocky,1,3991,3056,4.519672463128785,20.42743917396461,166.4237,0.3861601133823147
A1_LCD_plus_7K_plus_12Dblocky,1,3991,3057,2.7850091105556984,7.756275745878244,80.71637,0.2558680135515406
A1_LCD_plus_7K_plus_12Dblocky,1,3991,3058,3.997921639218426,15.983377433330945,117.74058,0.7107837482580412
A1_LCD_plus_7K_plus_12Dblocky,1,3991,3059,2.8264540569979375,7.988842536320102,24.531975,0.3049143775378516
A1_LCD_plus_7K_plus_12Dblocky,1,3991,3060,2.815304634026062,7.92594018236862,33.459713,0.25839717670583756
A1_LCD_plus_7K_plus_12Dblocky,1,3991,3061,3.1297464727305133,9.795312983569088,47.55822,0.5680781865470522
A1_LCD_plus_7K_plus_12Dblocky,1,3991,3062,4.977453295349959,24.775041307390172,284.5942,0.8123964249602085
A1_LCD_plus_7K_plus_12Dblocky,1,3991,3063,3.9825934000583403,15.86105019018825,47.144314,0.15835671722895014
A1_LCD_plus_7K_plus_12Dblocky,1,3991,3064,4.050024337341383,16.402697133057504,224.91974,0.5634274040098914
A1_LCD_plus_7K_plus_12Dblocky,1,3991,3065,3.2940912675476794,10.851037278933877,5.9710197,0.37105187040475185
A1_LCD_plus_7K_plus_12Dblocky,1,3991,3066,3.111693371742954,9.682635639749034,27.613941,0.42001445225084577
A1_LCD_plus_7K_plus_12Dblocky,1,3991,3067,3.282383651082426,10.774042432893197,93.38599,0.41477239017344236
A1_LCD_plus_7K_plus_12Dblocky,1,3991,3068,3.0248007155360637,9.149419368707484,75.01243,0.5855147160676539
A1_LCD_plus_7K_plus_12Dblocky,1,3991,3069,3.5609037401805272,12.680035446831672,87.784004,0.2422981406845331
A1_LCD_plus_7K_plus_12Dblocky,1,3991,3070,2.5914758968731495,6.715747324074494,29.47713,0.1336843897618866
A1_LCD_plus_7K_plus_12Dblocky,1,3991,3071,2.2964116074959966,5.273506271042348,33.271515,0.2580052145105334
A1_LCD_plus_7K_plus_12Dblocky,1,3991,3072,3.4678260829997947,12.025817741933704,108.57895,0.6245082255973143
A1_LCD_plus_7K_plus_12Dblocky,1,3991,3073,3.0117919203498404,9.07089057148458,17.982088,0.3455020476924098
A1_LCD_plus_7K_plus_12Dblocky,1,3991,3074,2.9085511428410653,8.459669750522066,82.56245,0.3139085617654822
A1_LCD_plus_7K_plus_12Dblocky,1,3991,3075,2.7201206638992623,7.399056426171761,41.19216,0.4797350590164452
A1_LCD_plus_7K_plus_12Dblocky,1,3991,3076,3.511108450178237,12.32788254891302,60.613586,0.270307778821665
A1_LCD_plus_7K_plus_12Dblocky,1,3991,3077,3.693770386616486,13.6439396690449,95.982895,0.5096716235021301
A1_LCD_plus_7K_plus_12Dblocky,1,3991,3078,3.633582756208054,13.20292364621252,72.913536,0.6953604322363879
A1_LCD_plus_7K_plus_12Dblocky,1,3991,3079,3.198052536938645,10.2275400290197,83.87344,0.20511258847312808
A1_LCD_plus_7K_plus_12Dblocky,1,3991,3080,4.895134748543918,23.962344206402133,150.29517,0.7255580938455842
A1_LCD_plus_7K_plus_12Dblocky,1,3991,3081,4.2407332627249525,17.983818605581824,66.82668,0.577875773950581
A1_LCD_plus_7K_plus_12Dblocky,1,3991,3082,3.118035579923219,9.722145877667124,46.33774,0.4478506443053901
A1_LCD_plus_7K_plus_12Dblocky,1,3991,3083,4.044491320000116,16.35791003755628,136.94797,0.27100268419700835
A1_LCD_plus_7K_plus_12Dblocky,1,3991,3084,3.226789733505686,10.412171984257698,55.44179,0.4618237053745419
A1_LCD_plus_7K_plus_12Dblocky,1,3991,3085,3.961907330601859,15.696709696276749,117.08392,0.5750831274547239
A1_LCD_plus_7K_plus_12Dblocky,1,3991,3086,2.4326948297442037,5.918004134664179,1.0478307,0.19559689842717304
A1_LCD_plus_7K_plus_12Dblocky,1,3991,3087,2.6370810916136085,6.95419668374602,16.770672,0.11135891140638002
A1_LCD_plus_7K_plus_12Dblocky,1,3991,3088,2.5180874806306104,6.340764560108614,33.107857,0.3271879178679722
A1_LCD_plus_7K_plus_12Dblocky,1,3991,3089,3.714127175868658,13.79474067852609,89.48993,0.3614879742691959
A1_LCD_plus_7K_plus_12Dblocky,1,3991,3090,4.028643979747959,16.229972315559465,118.3188,0.6995537372868025
A1_LCD_plus_7K_plus_12Dblocky,1,3991,3091,2.8562851613275275,8.158364922819821,42.976955,0.261672180228238
A1_LCD_plus_7K_plus_12Dblocky,1,3991,3092,3.885899584882051,15.100215583786499,149.20856,0.5494690736733097
A1_LCD_plus_7K_plus_12Dblocky,1,3991,3093,2.8611446751844842,8.186148852336528,23.778992,0.42901726326244605
A1_LCD_plus_7K_plus_12Dblocky,1,3991,3094,2.2246104783299283,4.948891780295311,10.417818,0.27575455544545424
A1_LCD_plus_7K_plus_12Dblocky,1,3991,3095,4.116959865913412,16.94935853754178,140.60468,0.39253539678194027
A1_LCD_plus_7K_plus_12Dblocky,1,3991,3096,2.4301162876947133,5.905465171719134,36.55125,0.09655991156351525
A1_LCD_plus_7K_plus_12Dblocky,1,3991,3097,2.4448658946930486,5.977369243033242,18.9039,0.15276617461757436
A1_LCD_plus_7K_plus_12Dblocky,1,3991,3098,4.0384055578892095,16.308719449990456,134.59142,0.5914127241949265
A1_LCD_plus_7K_plus_12Dblocky,1,3991,3099,3.6069766792194473,13.01028076443295,103.54359,0.28503734566250943
A1_LCD_plus_7K_plus_12Dblocky,1,3991,3100,3.1225844288736213,9.750533515444001,41.569237,0.31661732570650475
A1_LCD_plus_7K_plus_12Dblocky,1,3991,3101,4.6714075854571435,21.822048829466542,65.9297,0.6831588352359814
A1_LCD_plus_7K_plus_12Dblocky,1,3991,3102,2.81070891635015,7.900084612450238,33.33902,0.15503959684011998
A1_LCD_plus_7K_plus_12Dblocky,1,3991,3103,2.2472912595427603,5.050318005217287,59.977802,0.1543144373635984
A1_LCD_plus_7K_plus_12Dblocky,1,3991,3104,2.538234321721229,6.442633471963626,25.673937,0.17008153940514878
A1_LCD_plus_7K_plus_12Dblocky,1,3991,3105,2.8277541745709045,7.996193671803178,35.84347,0.18071054457941532
A1_LCD_plus_7K_plus_12Dblocky,1,3991,3106,2.3883450665399972,5.704192156865947,46.121334,0.2485675818444104
A1_LCD_plus_7K_plus_12Dblocky,1,3991,3107,2.566391529816232,6.5863654843125,42.40685,0.24906522664991781
A1_LCD_plus_7K_plus_12Dblocky,1,3991,3108,2.163707391733784,4.681629677043414,31.331734,0.18578430120179001
A1_LCD_plus_7K_plus_12Dblocky,1,3991,3109,3.2004550777930345,10.24291270497122,46.907036,0.24452952656347132
A1_LCD_plus_7K_plus_12Dblocky,1,3991,3110,3.0737706075555526,9.448065747872434,37.151566,0.31845606224124656
A1_LCD_plus_7K_plus_12Dblocky,1,3991,3111,3.288844777304654,10.816499969204099,83.17699,0.4392406313664089
A1_LCD_plus_7K_plus_12Dblocky,1,3991,3112,4.024898531087591,16.199808185551046,94.03941,0.4910686417397423
A1_LCD_plus_7K_plus_12Dblocky,1,3991,3113,2.976297303424553,8.858345638372262,10.445608,0.4299618921177195
A1_LCD_plus_7K_plus_12Dblocky,1,3991,3114,2.736840261962729,7.490294619500216,14.666461,0.2049536150776456
A1_LCD_plus_7K_plus_12Dblocky,1,3991,3115,4.374584671012632,19.136991043858693,94.07032,0.610446211626982
A1_LCD_plus_7K_plus_12Dblocky,1,3991,3116,3.8247643043250816,14.628821983639323,131.15681,0.4948128734600947
A1_LCD_plus_7K_plus_12Dblocky,1,3991,3117,3.843944328643368,14.77590800170951,44.324753,0.520283185148173
A1_LCD_plus_7K_plus_12Dblocky,1,3991,3118,3.2398368073495076,10.496542538256646,43.244614,0.5616857938062083
A1_LCD_plus_7K_plus_12Dblocky,1,3991,3119,2.680126477240864,7.183077934007525,54.294693,0.2818750347909066
A1_LCD_plus_7K_plus_12Dblocky,1,3991,3120,2.9358222302266457,8.619052167492955,59.761993,0.5118990335180357
A1_LCD_plus_7K_plus_12Dblocky,1,3991,3121,4.3896426489113525,19.26896258514147,140.47635,0.7899965639265831
A1_LCD_plus_7K_plus_12Dblocky,1,3991,3122,3.3364016585296423,11.131576027039348,57.076485,0.37859369461401515
A1_LCD_plus_7K_plus_12Dblocky,1,3991,3123,3.958723322238259,15.671490342033124,71.80943,0.6052858849116266
A1_LCD_plus_7K_plus_12Dblocky,1,3991,3124,3.4905088788337064,12.183652233216938,82.51714,0.7140426769581276
A1_LCD_plus_7K_plus_12Dblocky,1,3991,3125,4.57891168045871,20.96643217744122,159.92938,0.3048062062037032
A1_LCD_plus_7K_plus_12Dblocky,1,3991,3126,3.271458772689788,10.702442501408973,52.74842,0.48268338543693945
A1_LCD_plus_7K_plus_12Dblocky,1,3991,3127,2.5546856387782535,6.5264187129798525,29.775106,0.18808037694216206
A1_LCD_plus_7K_plus_12Dblocky,1,3991,3128,4.07465732061289,16.60283228042422,75.14996,0.5177776909517313
A1_LCD_plus_7K_plus_12Dblocky,1,3991,3129,3.8421695564258607,14.762266900325695,114.775375,0.7475840999562647
A1_LCD_plus_7K_plus_12Dblocky,1,3991,3130,2.833592256421311,8.029245075650815,31.508286,0.6303187831859587
A1_LCD_plus_7K_plus_12Dblocky,1,3991,3131,2.651019143026502,7.027902496692968,47.843697,0.19724612762153138
A1_LCD_plus_7K_plus_12Dblocky,1,3991,3132,3.463087393148978,11.992974292587387,112.78908,0.6058852538157216
A1_LCD_plus_7K_plus_12Dblocky,1,3991,3133,2.6284916709805133,6.908968464413934,23.899118,0.2313501813204717
A1_LCD_plus_7K_plus_12Dblocky,1,3991,3134,2.693972219080866,7.257486317179484,36.516514,0.239596646129714
A1_LCD_plus_7K_plus_12Dblocky,1,3991,3135,2.7808936639598434,7.733369570252001,79.3807,0.5151884648845421
A1_LCD_plus_7K_plus_12Dblocky,1,3991,3136,3.6845269473304865,13.575738825604518,90.11161,0.6214410059690714
A1_LCD_plus_7K_plus_12Dblocky,1,3991,3137,2.9254346322716596,8.55816778769442,56.974144,0.34635385393624407
A1_LCD_plus_7K_plus_12Dblocky,1,3991,3138,3.8680467586235525,14.961785726898173,44.117264,0.41072881823603713
A1_LCD_plus_7K_plus_12Dblocky,1,3991,3139,2.5503616381305894,6.504344485248143,39.946434,0.16976708759018105
A1_LCD_plus_7K_plus_12Dblocky,1,3991,3140,2.2379300071658594,5.008330716973385,14.630481,0.2709477808080712
A1_LCD_plus_7K_plus_12Dblocky,1,3991,3141,3.3533564171620776,11.244999260522087,121.76592,0.49413875624767767
A1_LCD_plus_7K_plus_12Dblocky,1,3991,3142,2.735050764111648,7.48050268226771,25.724781,0.10935503869964763
A1_LCD_plus_7K_plus_12Dblocky,1,3991,3143,2.3709820371112778,5.621555820304341,31.922632,0.19794138717684506
A1_LCD_plus_7K_plus_12Dblocky,1,3991,3144,2.493116978251013,6.215632267243463,11.548126,0.25626793529025266
A1_LCD_plus_7K_plus_12Dblocky,1,3991,3145,3.0623181772668295,9.377792618818841,27.263197,0.37630908440186506
A1_LCD_plus_7K_plus_12Dblocky,1,3991,3146,3.9525886033988007,15.62295666771808,78.96266,0.610706524801339
A1_LCD_plus_7K_plus_12Dblocky,1,3991,3147,4.055485317840681,16.44696116322133,143.88649,0.2553090919066485
A1_LCD_plus_7K_plus_12Dblocky,1,3991,3148,3.927904205905602,15.428431450770923,73.60614,0.6962193691086631
A1_LCD_plus_7K_plus_12Dblocky,1,3991,3149,3.2390597108459875,10.491507810425693,108.82965,0.2852251040814972
A1_LCD_plus_7K_plus_12Dblocky,1,3991,3150,3.506395920946715,12.294812354431762,19.953228,0.5747604879558691
A1_LCD_plus_7K_plus_12Dblocky,1,3991,3151,3.0293820067854726,9.177155343035578,94.921524,0.16629217759248466
A1_LCD_plus_7K_plus_12Dblocky,1,3991,3152,2.456616908855546,6.034966636874977,60.01494,0.07094558913304047
A1_LCD_plus_7K_plus_12Dblocky,1,3991,3153,3.7394510548008824,13.983494191251435,69.52399,0.35001305437958785
A1_LCD_plus_7K_plus_12Dblocky,1,3991,3154,4.430150760634051,19.62623576194646,80.6687,0.3328005561139313
A1_LCD_plus_7K_plus_12Dblocky,1,3991,3155,3.308438335614041,10.945764220560607,66.78969,0.4679531839207841
A1_LCD_plus_7K_plus_12Dblocky,1,3991,3156,4.209799295026275,17.722410104403718,93.45426,0.42063941596604026
A1_LCD_plus_7K_plus_12Dblocky,1,3991,3157,2.296429686902539,5.273589306887293,11.866512,0.19086457275674318
A1_LCD_plus_7K_plus_12Dblocky,1,3991,3158,3.3670330994761883,11.336911892968224,17.26637,0.20747492802004106
A1_LCD_plus_7K_plus_12Dblocky,1,3991,3159,5.462021636095692,29.833680353177456,343.92908,0.6446386103297054
A1_LCD_plus_7K_plus_12Dblocky,1,3991,3160,4.047501953041002,16.38227205987073,165.68709,0.6227118743517326
A1_LCD_plus_7K_plus_12Dblocky,1,3991,3161,2.5938095786950734,6.7278481305303135,5.6099167,0.25278650954144033
A1_LCD_plus_7K_plus_12Dblocky,1,3991,3162,3.25426330055308,10.590229629326625,36.68112,0.20946286163907335
A1_LCD_plus_7K_plus_12Dblocky,1,3991,3163,3.216396238359173,10.345204762131036,79.20209,0.33167020076940745
A1_LCD_plus_7K_plus_12Dblocky,1,3991,3164,3.4275018363595713,11.747768838248236,35.35202,0.5858624805173727
A1_LCD_plus_7K_plus_12Dblocky,1,3991,3165,2.6203570772820117,6.866271212461929,125.30797,0.4919431989783944
A1_LCD_plus_7K_plus_12Dblocky,1,3991,3166,3.5526525951507546,12.621340461831393,84.63941,0.4044779973866113
A1_LCD_plus_7K_plus_12Dblocky,1,3991,3167,3.192827728333578,10.194148902815758,41.428535,0.3750128170708086
A1_LCD_plus_7K_plus_12Dblocky,1,3991,3168,3.38930090156719,11.487360601364166,122.172516,0.6096153948198951
A1_LCD_plus_7K_plus_12Dblocky,1,3991,3169,2.798844007399209,7.8335277777544645,44.796795,0.14032837579535828
A1_LCD_plus_7K_plus_12Dblocky,1,3991,3170,2.4157100454540745,5.835655023707727,11.664418,0.2868481395650513
A1_LCD_plus_7K_plus_12Dblocky,1,3991,3171,2.4436742991711595,5.971544080429657,10.615818,0.1697218677948894
A1_LCD_plus_7K_plus_12Dblocky,1,3991,3172,4.421499746137747,19.54966000509616,107.53326,0.7467524012945773
A1_LCD_plus_7K_plus_12Dblocky,1,3991,3173,3.237850789985884,10.483677738212215,37.329636,0.6659747034547421
A1_LCD_plus_7K_plus_12Dblocky,1,3991,3174,3.883394776927238,15.080754993465755,128.01843,0.4693692066247973
A1_LCD_plus_7K_plus_12Dblocky,1,3991,3175,2.2879706353546885,5.234809628245337,2.585299,0.21590554750137939
A1_LCD_plus_7K_plus_12Dblocky,1,3991,3176,2.740956364783408,7.512841793646676,35.512802,0.22768977538544793
A1_LCD_plus_7K_plus_12Dblocky,1,3991,3177,3.705201889633289,13.728521042942099,126.83235,0.2635485036028887
A1_LCD_plus_7K_plus_12Dblocky,1,3991,3178,3.6192203809495798,13.09875616588082,155.95984,0.5027906205539838
A1_LCD_plus_7K_plus_12Dblocky,1,3991,3179,2.1754010472668335,4.7323697164496386,15.302395,0.11318996929960642
A1_LCD_plus_7K_plus_12Dblocky,1,3991,3180,3.2678411787678017,10.678785969650537,100.69826,0.6509169996735601
A1_LCD_plus_7K_plus_12Dblocky,1,3991,3181,3.800957838598193,14.447280490801052,93.38151,0.5272735276407102
A1_LCD_plus_7K_plus_12Dblocky,1,3991,3182,2.9931743754306415,8.95909284173461,91.16037,0.5408227479152623
A1_LCD_plus_7K_plus_12Dblocky,1,3991,3183,2.688668482002155,7.228938206111772,26.255442,0.10168493516983995
A1_LCD_plus_7K_plus_12Dblocky,1,3991,3184,3.02158256220004,9.12996118019136,47.48628,0.3463702771370951
A1_LCD_plus_7K_plus_12Dblocky,1,3991,3185,2.8682159009244623,8.226662454315925,11.948741,0.353405090455417
A1_LCD_plus_7K_plus_12Dblocky,1,3991,3186,2.893936013549806,8.37486565052054,40.63327,0.17301018089536252
A1_LCD_plus_7K_plus_12Dblocky,1,3991,3187,3.9447654802367658,15.561174694067605,122.08081,0.5685423075558723
A1_LCD_plus_7K_plus_12Dblocky,1,3991,3188,3.9531215692428083,15.627170141212725,150.59796,0.5379741935682693
A1_LCD_plus_7K_plus_12Dblocky,1,3991,3189,3.5630180223201684,12.695097427378322,103.78552,0.5131986742109598
A1_LCD_plus_7K_plus_12Dblocky,1,3991,3190,2.9573946457449525,8.746183090680912,59.596046,0.14525160169030302
A1_LCD_plus_7K_plus_12Dblocky,1,3991,3191,2.9834041055798854,8.900700057190914,94.669876,0.19343774463281643
A1_LCD_plus_7K_plus_12Dblocky,1,3991,3192,3.061367995884225,9.371974006224194,52.055523,0.4478936622709219
A1_LCD_plus_7K_plus_12Dblocky,1,3991,3193,3.2904127102000715,10.826815803446179,39.096962,0.5890984210040906
A1_LCD_plus_7K_plus_12Dblocky,1,3991,3194,3.8337960763256023,14.697992354849585,57.521503,0.27936141963814043
A1_LCD_plus_7K_plus_12Dblocky,1,3991,3195,3.797927360251408,14.424252233746225,64.43481,0.18714771553452703
A1_LCD_plus_7K_plus_12Dblocky,1,3991,3196,2.9063833063148836,8.447063923225834,36.164326,0.22954088849514592
A1_LCD_plus_7K_plus_12Dblocky,1,3991,3197,3.630471539442475,13.180323598701815,49.739964,0.3971353128451637
A1_LCD_plus_7K_plus_12Dblocky,1,3991,3198,4.064453884058391,16.51978537563734,99.57962,0.31322140546626714
A1_LCD_plus_7K_plus_12Dblocky,1,3991,3199,4.310952615605866,18.584312453999058,153.52376,0.7282746734862167
A1_LCD_plus_7K_plus_12Dblocky,1,3991,3200,3.921274536050623,15.37639398707903,75.937904,0.48050273038915936
A1_LCD_plus_7K_plus_12Dblocky,1,3991,3201,3.5965150624929874,12.934920594738939,79.2566,0.6086043114586068
A1_LCD_plus_7K_plus_12Dblocky,1,3991,3202,2.426219905296611,5.886543028857497,37.08815,0.3921262335751488
A1_LCD_plus_7K_plus_12Dblocky,1,3991,3203,2.7854869356272633,7.758937468550161,63.271004,0.18790579697326246
A1_LCD_plus_7K_plus_12Dblocky,1,3991,3204,3.363912507189867,11.315907356028415,103.012825,0.6456462516074872
A1_LCD_plus_7K_plus_12Dblocky,1,3991,3205,3.754055666111388,14.092933944263018,180.91748,0.7240920540419534
A1_LCD_plus_7K_plus_12Dblocky,1,3991,3206,3.5724814581614885,12.762623768907636,63.649895,0.6006822312282016
A1_LCD_plus_7K_plus_12Dblocky,1,3991,3207,3.0680249919201708,9.412777351046763,15.453851,0.2626989773727127
A1_LCD_plus_7K_plus_12Dblocky,1,3991,3208,4.653109182757686,21.651425066663904,112.12714,0.6111762916589929
A1_LCD_plus_7K_plus_12Dblocky,1,3991,3209,3.480596408699143,12.114551360249376,28.056194,0.47224254918905384
A1_LCD_plus_7K_plus_12Dblocky,1,3991,3210,2.577724926271044,6.644665795519061,15.257963,0.35924021395275685
A1_LCD_plus_7K_plus_12Dblocky,1,3991,3211,2.5465802374775444,6.485070905911185,45.744,0.14379142878950535
A1_LCD_plus_7K_plus_12Dblocky,1,3991,3212,2.347554132413973,5.5110104046139226,11.711317,0.17408166373877806
A1_LCD_plus_7K_plus_12Dblocky,1,3991,3213,3.7652950916766272,14.1774471274041,128.56956,0.326678566760721
A1_LCD_plus_7K_plus_12Dblocky,1,3991,3214,3.8306766294451187,14.674083439377014,96.56898,0.5108191603069652
A1_LCD_plus_7K_plus_12Dblocky,1,3991,3215,2.6955480978447373,7.265979547794381,44.01835,0.18334013830525733
A1_LCD_plus_7K_plus_12Dblocky,1,3991,3216,2.8860691887207204,8.329395362083075,50.37901,0.3763455910980271
A1_LCD_plus_7K_plus_12Dblocky,1,3991,3217,4.41622947090085,19.5030827396532,98.79799,0.43931688110243927
A1_LCD_plus_7K_plus_12Dblocky,1,3991,3218,3.2180154298366554,10.355623306666795,100.36575,0.48904224136718805
A1_LCD_plus_7K_plus_12Dblocky,1,3991,3219,2.6867072746585796,7.218395979703332,54.137672,0.3930585661447354
A1_LCD_plus_7K_plus_12Dblocky,1,3991,3220,2.243830750127697,5.034776435218621,28.72454,0.17185527568222128
A1_LCD_plus_7K_plus_12Dblocky,1,3991,3221,2.725071332569439,7.426013767591778,20.660328,0.5151931517774962
A1_LCD_plus_7K_plus_12Dblocky,1,3991,3222,3.052813266650482,9.319668841037188,46.36941,0.22359470919826002
A1_LCD_plus_7K_plus_12Dblocky,1,3991,3223,3.381564428737482,11.434977985702654,22.68367,0.49998172792792306
A1_LCD_plus_7K_plus_12Dblocky,1,3991,3224,4.6445363525684025,21.571717930329395,208.49379,0.7831138618738628
A1_LCD_plus_7K_plus_12Dblocky,1,3991,3225,3.287076184124492,10.804869840238435,110.88594,0.4855165810795089
A1_LCD_plus_7K_plus_12Dblocky,1,3991,3226,3.4079907165535044,11.614400724114867,102.71746,0.6789466217970672
A1_LCD_plus_7K_plus_12Dblocky,1,3991,3227,5.316285530290148,28.26289183957242,249.96486,0.6622503658935314
A1_LCD_plus_7K_plus_12Dblocky,1,3991,3228,3.9114015550416776,15.299062124782454,138.14537,0.385687146785583
A1_LCD_plus_7K_plus_12Dblocky,1,3991,3229,3.7710907426337386,14.22112538917788,154.46814,0.296042333840916
A1_LCD_plus_7K_plus_12Dblocky,1,3991,3230,3.0018082567486535,9.010852810284389,44.58826,0.0627647963302431
A1_LCD_plus_7K_plus_12Dblocky,1,3991,3231,3.105734360387981,9.64558591729454,7.92795,0.2772108107751203
A1_LCD_plus_7K_plus_12Dblocky,1,3991,3232,2.44325674304168,5.969503512418637,2.7559054,0.1288594006487671
A1_LCD_plus_7K_plus_12Dblocky,1,3991,3233,2.29354301400699,5.2603395571002665,17.544369,0.11178885555664914
A1_LCD_plus_7K_plus_12Dblocky,1,3991,3234,3.799045409896583,14.4327460264563,113.7175,0.6643560797636425
A1_LCD_plus_7K_plus_12Dblocky,1,3991,3235,3.9911850011109204,15.929557713092777,166.64252,0.49865375839841564
A1_LCD_plus_7K_plus_12Dblocky,1,3991,3236,3.6327263098807636,13.196700442499912,64.97003,0.6188911479675299
A1_LCD_plus_7K_plus_12Dblocky,1,3991,3237,3.722739898643305,13.858792352950763,38.1222,0.583334871818016
A1_LCD_plus_7K_plus_12Dblocky,1,3991,3238,3.500522946426772,12.25366089846037,80.25235,0.5338242547353664
A1_LCD_plus_7K_plus_12Dblocky,1,3991,3239,4.34403869804891,18.87067221014647,217.4589,0.696614134553494
A1_LCD_plus_7K_plus_12Dblocky,1,3991,3240,3.754240973414621,14.094325286465168,73.62994,0.671568475784695
A1_LCD_plus_7K_plus_12Dblocky,1,3991,3241,4.283695830963979,18.350049972218173,147.55365,0.7102572487488076
A1_LCD_plus_7K_plus_12Dblocky,1,3991,3242,3.1139198319545263,9.696496719839704,108.87247,0.4011781837878788
A1_LCD_plus_7K_plus_12Dblocky,1,3991,3243,4.064460867728996,16.519842145300334,47.966698,0.38775260926743405
A1_LCD_plus_7K_plus_12Dblocky,1,3991,3244,4.0257207933664265,16.206427906142814,114.63182,0.3549167465940172
A1_LCD_plus_7K_plus_12Dblocky,1,3991,3245,2.626023678080542,6.896000357839658,23.95485,0.22457570626498735
A1_LCD_plus_7K_plus_12Dblocky,1,3991,3246,2.3836143279715323,5.68161726451118,22.867092,0.0851887213744683
A1_LCD_plus_7K_plus_12Dblocky,1,3991,3247,2.3120922937668884,5.345770774896232,26.568232,0.0824378473754132
A1_LCD_plus_7K_plus_12Dblocky,1,3991,3248,2.8668164315582256,8.21863645225224,32.224064,0.27912486053775576
A1_LCD_plus_7K_plus_12Dblocky,1,3991,3249,3.1218940292095967,9.746222329614527,78.71522,0.23613905035132327
A1_LCD_plus_7K_plus_12Dblocky,1,3991,3250,3.393794162462519,11.517838817164675,95.61138,0.4066995537150223
A1_LCD_plus_7K_plus_12Dblocky,1,3991,3251,2.9232369235773783,8.545314111366139,94.57912,0.41332380134971336
A1_LCD_plus_7K_plus_12Dblocky,1,3991,3252,2.286207195144851,5.226743339132088,12.711287,0.24206411614695117
A1_LCD_plus_7K_plus_12Dblocky,1,3991,3253,3.8398177020276845,14.744199984805169,59.680367,0.3053248696348799
A1_LCD_plus_7K_plus_12Dblocky,1,3991,3254,3.8746974149361515,15.013280057312901,170.64053,0.6939085792045636
A1_LCD_plus_7K_plus_12Dblocky,1,3991,3255,2.473220568025913,6.1168199781064185,13.038469,0.12292845394803698
A1_LCD_plus_7K_plus_12Dblocky,1,3991,3256,2.433839173496173,5.923573122444532,11.513882,0.10846226534546462
A1_LCD_plus_7K_plus_12Dblocky,1,3991,3257,2.2400072055699023,5.017632281005082,13.324895,0.002827380028698223
A1_LCD_plus_7K_plus_12Dblocky,1,3991,3258,4.095570821378059,16.773700352923345,140.9425,0.7469341868444415
A1_LCD_plus_7K_plus_12Dblocky,1,3991,3259,4.83021391070028,23.33096642312249,196.16663,0.6995283517603361
A1_LCD_plus_7K_plus_12Dblocky,1,3991,3260,4.953726430773754,24.53940555094648,157.82747,0.7506550778364779
A1_LCD_plus_7K_plus_12Dblocky,1,3991,3261,2.8819944413355016,8.305891959888731,54.920574,0.18540235199400817
A1_LCD_plus_7K_plus_12Dblocky,1,3991,3262,2.8285866986674306,8.000902711878313,116.73871,0.5256420994741163
A1_LCD_plus_7K_plus_12Dblocky,1,3991,3263,2.854825767492252,8.150030162737725,2.9812665,0.16199906867331737
A1_LCD_plus_7K_plus_12Dblocky,1,3991,3264,2.5035169808259847,6.267597273284054,12.003165,0.132181422963514
A1_LCD_plus_7K_plus_12Dblocky,1,3991,3265,2.839886358782384,8.064954530798268,35.396866,0.3596007607188247
A1_LCD_plus_7K_plus_12Dblocky,1,3991,3266,3.8127318541267536,14.53692419147283,53.098587,0.5946998149882313
A1_LCD_plus_7K_plus_12Dblocky,1,3991,3267,3.8686021968418025,14.96608295740922,101.84525,0.4131603079660976
A1_LCD_plus_7K_plus_12Dblocky,1,3991,3268,3.3889503177356812,11.484984256080775,78.50706,0.48636962854050203
A1_LCD_plus_7K_plus_12Dblocky,1,3991,3269,3.805425527068199,14.481263442062279,122.0318,0.4488383075921091
A1_LCD_plus_7K_plus_12Dblocky,1,3991,3270,2.6335179963758084,6.935417037235251,41.833435,0.21415623318253776
A1_LCD_plus_7K_plus_12Dblocky,1,3991,3271,3.290139184540411,10.825015853648239,15.120745,0.49617107149256023
A1_LCD_plus_7K_plus_12Dblocky,1,3991,3272,4.431994722228086,19.64257721785761,73.810616,0.5402083613976145
A1_LCD_plus_7K_plus_12Dblocky,1,3991,3273,3.519397931683427,12.38616180153758,60.88715,0.34773202947530624
A1_LCD_plus_7K_plus_12Dblocky,1,3991,3274,3.3522109666283333,11.237318364783267,115.47911,0.5917918632484943
A1_LCD_plus_7K_plus_12Dblocky,1,3991,3275,2.5679725950726286,6.594483249044052,72.581924,0.47434406408140795
A1_LCD_plus_7K_plus_12Dblocky,1,3991,3276,3.1615124331694484,9.995160865085005,41.684357,0.3781545304632287
A1_LCD_plus_7K_plus_12Dblocky,1,3991,3277,3.6023548934701197,12.97696077850812,49.211216,0.43095134184683
A1_LCD_plus_7K_plus_12Dblocky,1,3991,3278,2.4351232946407904,5.929825460102218,49.982243,0.06877807653651971
A1_LCD_plus_7K_plus_12Dblocky,1,3991,3279,3.6808450323362427,13.548620152074395,34.53253,0.3981801534502946
A1_LCD_plus_7K_plus_12Dblocky,1,3991,3280,3.973158054304822,15.785984924487282,37.075073,0.5290447724402175
A1_LCD_plus_7K_plus_12Dblocky,1,3991,3281,4.075785910466721,16.612030787959043,103.31625,0.4085736161278982
A1_LCD_plus_7K_plus_12Dblocky,1,3991,3282,4.2164547186060135,17.778490394054916,61.998257,0.7634272925312273
A1_LCD_plus_7K_plus_12Dblocky,1,3991,3283,3.477763198955644,12.094836868010194,44.606606,0.4286284464293144
A1_LCD_plus_7K_plus_12Dblocky,1,3991,3284,3.350542675656212,11.226136221393489,82.82261,0.42555687368843487
A1_LCD_plus_7K_plus_12Dblocky,1,3991,3285,4.230049403178905,17.893317953334208,87.236755,0.476050810237195
A1_LCD_plus_7K_plus_12Dblocky,1,3991,3286,3.76998889709001,14.212816284181946,81.00144,0.5125090255787776
A1_LCD_plus_7K_plus_12Dblocky,1,3991,3287,4.914478895307868,24.15210281242644,226.99565,0.8207517933205961
A1_LCD_plus_7K_plus_12Dblocky,1,3991,3288,3.2010800729137308,10.246913633205375,62.886715,0.6285197134923561
A1_LCD_plus_7K_plus_12Dblocky,1,3991,3289,3.2992185827978204,10.884843257078465,45.152046,0.3657015907222221
A1_LCD_plus_7K_plus_12Dblocky,1,3991,3290,2.8438496786546046,8.087480994783899,49.43908,0.4029382904749012
A1_LCD_plus_7K_plus_12Dblocky,1,3991,3291,3.0343149952836455,9.207067490603192,78.19265,0.5059057654282737
A1_LCD_plus_7K_plus_12Dblocky,1,3991,3292,3.3874894080896385,11.475084489919489,101.650276,0.40882850955673933
A1_LCD_plus_7K_plus_12Dblocky,1,3991,3293,2.847105433368847,8.106009348718413,41.006233,0.3479079523071437
A1_LCD_plus_7K_plus_12Dblocky,1,3991,3294,3.1649137572288115,10.016679090696192,69.25007,0.12778510342298613
A1_LCD_plus_7K_plus_12Dblocky,1,3991,3295,3.743273695925515,14.012097962607863,78.1551,0.33880113426896324
A1_LCD_plus_7K_plus_12Dblocky,1,3991,3296,2.3780692801699077,5.655213501287821,9.196268,0.26545712172204994
A1_LCD_plus_7K_plus_12Dblocky,1,3991,3297,2.713504287818493,7.363105520009347,19.672205,0.2563352563936485
A1_LCD_plus_7K_plus_12Dblocky,1,3991,3298,3.1277658156093326,9.782918997294315,45.89737,0.39106505469548547
A1_LCD_plus_7K_plus_12Dblocky,1,3991,3299,3.382105457903414,11.43863732838006,51.102074,0.3922738974863208
A1_LCD_plus_7K_plus_12Dblocky,1,3991,3300,5.421974555376371,29.397808079148795,334.6149,0.8589060689809123
A1_LCD_plus_7K_plus_12Dblocky,1,3991,3301,5.007007696757633,25.070126075390164,256.9958,0.8067030742257262
A1_LCD_plus_7K_plus_12Dblocky,1,3991,3302,4.685982668514214,21.958433569615593,145.74088,0.7556706504019637
A1_LCD_plus_7K_plus_12Dblocky,1,3991,3303,3.8586985959675766,14.889554854522153,82.02201,0.7557637939314998
A1_LCD_plus_7K_plus_12Dblocky,1,3991,3304,2.5491284632386018,6.498055922093196,48.335552,0.4908106708690255
A1_LCD_plus_7K_plus_12Dblocky,1,3991,3305,3.656368103993862,13.369027711903668,100.43163,0.526242582618723
A1_LCD_plus_7K_plus_12Dblocky,1,3991,3306,3.1024109712034043,9.624953834243248,39.081764,0.23292532418519402
A1_LCD_plus_7K_plus_12Dblocky,1,3991,3307,3.18730993536501,10.158944624076504,44.18308,0.6008869369358263
A1_LCD_plus_7K_plus_12Dblocky,1,3991,3308,3.409937022620239,11.627670498236176,84.42464,0.4588678635492001
A1_LCD_plus_7K_plus_12Dblocky,1,3991,3309,4.190713813596649,17.562082267469773,81.74447,0.3059319398860047
A1_LCD_plus_7K_plus_12Dblocky,1,3991,3310,3.466769100527232,12.018487996370395,68.14567,0.268864941220269
A1_LCD_plus_7K_plus_12Dblocky,1,3991,3311,4.377732214854772,19.164539344977275,137.19424,0.7590554820709974
A1_LCD_plus_7K_plus_12Dblocky,1,3991,3312,4.1240934392768525,17.008146695886378,72.39528,0.5237122695162504
A1_LCD_plus_7K_plus_12Dblocky,1,3991,3313,3.921749416998578,15.380118489728684,89.7581,0.2681896695946504
A1_LCD_plus_7K_plus_12Dblocky,1,3991,3314,2.700217059903692,7.291172170594939,18.52985,0.2608165211922359
A1_LCD_plus_7K_plus_12Dblocky,1,3991,3315,3.7241722664296253,13.869459070043572,97.86482,0.6540801907372136
A1_LCD_plus_7K_plus_12Dblocky,1,3991,3316,4.614931167730782,21.297589682892994,125.79563,0.6694091012780976
A1_LCD_plus_7K_plus_12Dblocky,1,3991,3317,3.287179422196063,10.805548553709242,41.51083,0.7141582540451177
A1_LCD_plus_7K_plus_12Dblocky,1,3991,3318,3.724671813812621,13.873180120610204,58.222176,0.3196307044167422
A1_LCD_plus_7K_plus_12Dblocky,1,3991,3319,3.551395642327075,12.612411008339741,45.2877,0.6331429860246782
A1_LCD_plus_7K_plus_12Dblocky,1,3991,3320,3.3604346447036755,11.292521001324722,55.62738,0.2965498827637481
A1_LCD_plus_7K_plus_12Dblocky,1,3991,3321,3.140773063958217,9.864455439285488,104.66111,0.3449843625541579
A1_LCD_plus_7K_plus_12Dblocky,1,3991,3322,4.04369923501684,16.351503503275776,67.81122,0.26175118551212917
A1_LCD_plus_7K_plus_12Dblocky,1,3991,3323,3.990160815456969,15.921383333208224,96.803856,0.5592420537638745
A1_LCD_plus_7K_plus_12Dblocky,1,3991,3324,4.8214825971516095,23.24669443463583,221.08476,0.7505682101004656
A1_LCD_plus_7K_plus_12Dblocky,1,3991,3325,4.886785766901588,23.880675131591936,201.02008,0.6314419936018492
A1_LCD_plus_7K_plus_12Dblocky,1,3991,3326,3.4871576819923646,12.160268699078358,91.29964,0.2600105556952841
A1_LCD_plus_7K_plus_12Dblocky,1,3991,3327,3.0387087385487908,9.233750797732784,68.890945,0.36985548100000265
A1_LCD_plus_7K_plus_12Dblocky,1,3991,3328,3.9193333792625795,15.361174137801827,151.20685,0.5940673796945575
A1_LCD_plus_7K_plus_12Dblocky,1,3991,3329,4.1600232593060875,17.305793517967643,161.66861,0.604920574684967
A1_LCD_plus_7K_plus_12Dblocky,1,3991,3330,2.92297285456801,8.54377030854146,82.141914,0.16257915510997828
A1_LCD_plus_7K_plus_12Dblocky,1,3991,3331,2.663612940198023,7.09483389519036,70.029594,0.18090304870159246
A1_LCD_plus_7K_plus_12Dblocky,1,3991,3332,2.4790298538258195,6.145589016159663,5.266444,0.21591833724110585
A1_LCD_plus_7K_plus_12Dblocky,1,3991,3333,2.4945987754030146,6.223023050242218,62.830772,0.12203303103013176
A1_LCD_plus_7K_plus_12Dblocky,1,3991,3334,2.8635654863622344,8.200007294684978,39.79986,0.36629600790172806
A1_LCD_plus_7K_plus_12Dblocky,1,3991,3335,2.206513352236502,4.868701173597964,33.55047,0.09415492047679783
A1_LCD_plus_7K_plus_12Dblocky,1,3991,3336,3.0643681108927012,9.390351919056103,24.074503,0.4883963679798814
A1_LCD_plus_7K_plus_12Dblocky,1,3991,3337,3.1468304923272568,9.902542147440606,11.910793,0.26947955457705874
A1_LCD_plus_7K_plus_12Dblocky,1,3991,3338,2.4797423370096974,6.149122057958318,52.998806,0.09872168288014452
A1_LCD_plus_7K_plus_12Dblocky,1,3991,3339,4.2721879107476015,18.251589544737953,183.98105,0.44027296648133607
A1_LCD_plus_7K_plus_12Dblocky,1,3991,3340,2.2409913186331756,5.022042090189259,26.47631,0.31015177064649846
A1_LCD_plus_7K_plus_12Dblocky,1,3991,3341,2.882848573206669,8.310815896039726,73.68699,0.43677108221397776
A1_LCD_plus_7K_plus_12Dblocky,1,3991,3342,4.718815661933137,22.267221251305468,208.38802,0.4324195336263866
A1_LCD_plus_7K_plus_12Dblocky,1,3991,3343,4.1021555758594745,16.827680368554976,137.13475,0.525810397781991
A1_LCD_plus_7K_plus_12Dblocky,1,3991,3344,3.50711562126658,12.299859980932073,18.326319,0.20350003191400293
A1_LCD_plus_7K_plus_12Dblocky,1,3991,3345,2.6282954375287857,6.907936906934632,11.498051,0.21205568386284462
A1_LCD_plus_7K_plus_12Dblocky,1,3991,3346,3.174239783140886,10.075798200874297,68.78379,0.2091755487952507
A1_LCD_plus_7K_plus_12Dblocky,1,3991,3347,2.810314670106782,7.897868545017389,42.978058,0.4721609252651331
A1_LCD_plus_7K_plus_12Dblocky,1,3991,3348,3.1751146121665212,10.081352800393358,85.24359,0.34914480266596565
A1_LCD_plus_7K_plus_12Dblocky,1,3991,3349,2.6057780163501825,6.790079070493893,24.560118,0.2931054327098994
A1_LCD_plus_7K_plus_12Dblocky,1,3991,3350,2.955939976299209,8.73758114348377,82.203995,0.4813263045943108
A1_LCD_plus_7K_plus_12Dblocky,1,3991,3351,4.644219728460242,21.56877688621932,121.00027,0.632329457510341
A1_LCD_plus_7K_plus_12Dblocky,1,3991,3352,2.953680332477874,8.724227506466603,52.072784,0.15842854927072425
A1_LCD_plus_7K_plus_12Dblocky,1,3991,3353,2.5033201949786554,6.266611998587972,25.254162,0.2084099432508611
A1_LCD_plus_7K_plus_12Dblocky,1,3991,3354,2.3641068429003433,5.5890011646482325,32.42537,0.11431614944777763
A1_LCD_plus_7K_plus_12Dblocky,1,3991,3355,2.4884825368798427,6.192545336355937,19.66141,0.2702680877936985
A1_LCD_plus_7K_plus_12Dblocky,1,3991,3356,4.0875062418444035,16.707707277116956,66.703705,0.5681517420956782
A1_LCD_plus_7K_plus_12Dblocky,1,3991,3357,3.7700373427015887,14.213181565364456,91.55263,0.3286728339130066
A1_LCD_plus_7K_plus_12Dblocky,1,3991,3358,4.0573124778205765,16.461784542678547,82.055,0.5531311633322906
A1_LCD_plus_7K_plus_12Dblocky,1,3991,3359,3.5829938385714932,12.837844847241286,73.05856,0.5800717381380919
A1_LCD_plus_7K_plus_12Dblocky,1,3991,3360,2.8783714286803717,8.285022081443485,21.037062,0.38699216897168587
A1_LCD_plus_7K_plus_12Dblocky,1,3991,3361,2.4414744796488566,5.960797634776654,7.3884506,0.2193616457848488
A1_LCD_plus_7K_plus_12Dblocky,1,3991,3362,2.7680685128463534,7.662203291811423,16.72615,0.35610190421869764
A1_LCD_plus_7K_plus_12Dblocky,1,3991,3363,2.77891640543686,7.722376388406117,61.52362,0.033662822027268786
A1_LCD_plus_7K_plus_12Dblocky,1,3991,3364,2.7553301825229344,7.591844414721864,35.32306,0.3069439203305664
A1_LCD_plus_7K_plus_12Dblocky,1,3991,3365,3.138895620406465,9.852665715806886,53.056072,0.17468181666144494
A1_LCD_plus_7K_plus_12Dblocky,1,3991,3366,2.6108591735691635,6.816585624210257,44.43892,0.3312754009290041
A1_LCD_plus_7K_plus_12Dblocky,1,3991,3367,3.2053656455260557,10.274368921518665,57.122612,0.5632796728985933
A1_LCD_plus_7K_plus_12Dblocky,1,3991,3368,2.412102751375642,5.8182396831939425,13.356914,0.02319286488426569
A1_LCD_plus_7K_plus_12Dblocky,1,3991,3369,2.66808135889404,7.1186581376778655,47.36525,0.09450832093319259
A1_LCD_plus_7K_plus_12Dblocky,1,3991,3370,2.7990794472736,7.834845752149481,36.034863,0.3607407632554711
A1_LCD_plus_7K_plus_12Dblocky,1,3991,3371,3.2372412884633635,10.47973115973194,51.93407,0.6187891910383989
A1_LCD_plus_7K_plus_12Dblocky,1,3991,3372,4.121730619307137,16.988663298133996,84.75465,0.6206873881118432
A1_LCD_plus_7K_plus_12Dblocky,1,3991,3373,3.627869397279522,13.16143636371728,73.99741,0.41376083773858197
A1_LCD_plus_7K_plus_12Dblocky,1,3991,3374,5.016432675487401,25.16459678769769,202.8087,0.6003646441780819
A1_LCD_plus_7K_plus_12Dblocky,1,3991,3375,4.789366059318466,22.938027250151684,235.67593,0.708871689318045
A1_LCD_plus_7K_plus_12Dblocky,1,3991,3376,3.0469850143725563,9.284117677810928,39.87063,0.16837550141235047
A1_LCD_plus_7K_plus_12Dblocky,1,3991,3377,3.6901324397138984,13.617077422628848,105.86223,0.5342672980635891
A1_LCD_plus_7K_plus_12Dblocky,1,3991,3378,3.985651508961166,15.885417950884419,92.397766,0.5753019337505805
A1_LCD_plus_7K_plus_12Dblocky,1,3991,3379,3.963782100092402,15.711568537012932,90.68296,0.6875826043885804
A1_LCD_plus_7K_plus_12Dblocky,1,3991,3380,3.9364175679740705,15.495383269454898,160.45563,0.41841138279656337
A1_LCD_plus_7K_plus_12Dblocky,1,3991,3381,3.3281153432789234,11.076351738168587,115.50705,0.40347332189053847
A1_LCD_plus_7K_plus_12Dblocky,1,3991,3382,4.528881766807901,20.51077005772505,145.09488,0.7848868691346929
A1_LCD_plus_7K_plus_12Dblocky,1,3991,3383,5.059172472964696,25.59522611120372,143.99553,0.7080696062763989
A1_LCD_plus_7K_plus_12Dblocky,1,3991,3384,4.559596901757312,20.789923906514886,154.7795,0.7555668021618359
A1_LCD_plus_7K_plus_12Dblocky,1,3991,3385,2.798170786495464,7.829759750396645,15.403483,0.19227646151887778
A1_LCD_plus_7K_plus_12Dblocky,1,3991,3386,2.6151304527691717,6.838907285000693,51.909878,0.08090310164270091
A1_LCD_plus_7K_plus_12Dblocky,1,3991,3387,3.6943256471619073,13.648041987278246,38.533936,0.4283198412757342
A1_LCD_plus_7K_plus_12Dblocky,1,3991,3388,2.6099879413636216,6.812037054063515,11.30546,0.08452420057718385
A1_LCD_plus_7K_plus_12Dblocky,1,3991,3389,2.8768846762831317,8.276465440632698,23.336136,0.22500599153606207
A1_LCD_plus_7K_plus_12Dblocky,1,3991,3390,2.816703566781895,7.933818983121851,36.90919,0.27901717650977864
A1_LCD_plus_7K_plus_12Dblocky,1,3991,3391,3.014249311975672,9.085698914745812,48.432087,0.4539716257980507
A1_LCD_plus_7K_plus_12Dblocky,1,3991,3392,3.098103851198295,9.598247472809707,75.44374,0.33174707227936195
A1_LCD_plus_7K_plus_12Dblocky,1,3991,3393,2.5275558391628112,6.388538520086024,43.02401,0.1072906979649594
A1_LCD_plus_7K_plus_12Dblocky,1,3991,3394,2.999819507030959,8.998917074763467,34.510906,0.2941566833405957
A1_LCD_plus_7K_plus_12Dblocky,1,3991,3395,3.518637424399756,12.380809324386547,79.48749,0.3751156613522961
A1_LCD_plus_7K_plus_12Dblocky,1,3991,3396,3.236245596747166,10.47328556246542,65.60108,0.37818750022360204
A1_LCD_plus_7K_plus_12Dblocky,1,3991,3397,3.811709811434102,14.529131686582996,166.40746,0.4450271609941743
A1_LCD_plus_7K_plus_12Dblocky,1,3991,3398,4.010735817166167,16.086001795099556,126.76749,0.4383422443154949
A1_LCD_plus_7K_plus_12Dblocky,1,3991,3399,2.9672424063131486,8.804527497823045,79.24083,0.2526481713653693
A1_LCD_plus_7K_plus_12Dblocky,1,3991,3400,2.8400706753349265,8.066001440897384,69.28237,0.3816421357902072
A1_LCD_plus_7K_plus_12Dblocky,1,3991,3401,2.8012245287806827,7.846858860642557,2.705565,0.15689626416689953
A1_LCD_plus_7K_plus_12Dblocky,1,3991,3402,3.141173263460799,9.866969471080964,23.767471,0.4713604758890721
A1_LCD_plus_7K_plus_12Dblocky,1,3991,3403,3.8265049490370417,14.642140125004975,107.4522,0.5699723319463862
A1_LCD_plus_7K_plus_12Dblocky,1,3991,3404,3.6391664417229084,13.24353239056217,143.49327,0.5253494226234341
A1_LCD_plus_7K_plus_12Dblocky,1,3991,3405,2.436695711677816,5.937485991309059,30.97535,0.23603466325760483
A1_LCD_plus_7K_plus_12Dblocky,1,3991,3406,3.2560916641498263,10.602132925345991,51.547035,0.1891381074074077
A1_LCD_plus_7K_plus_12Dblocky,1,3991,3407,4.671702184375252,21.8248012994965,182.28423,0.6432758535530406
A1_LCD_plus_7K_plus_12Dblocky,1,3991,3408,5.114881878483131,26.16201663083513,228.58057,0.8138820195443095
A1_LCD_plus_7K_plus_12Dblocky,1,3991,3409,2.3749527977625857,5.640400791600333,10.798709,0.08766596912585103
A1_LCD_plus_7K_plus_12Dblocky,1,3991,3410,2.9018344882101474,8.42064339696585,31.360332,0.2875150531547026
A1_LCD_plus_7K_plus_12Dblocky,1,3991,3411,4.705312315901783,22.139963990177,80.92507,0.7526374866962412
A1_LCD_plus_7K_plus_12Dblocky,1,3991,3412,5.656013231191608,31.99048567141454,253.646,0.6012683663511437
A1_LCD_plus_7K_plus_12Dblocky,1,3991,3413,3.538245646380188,12.519182254128355,85.55165,0.471555210508268
A1_LCD_plus_7K_plus_12Dblocky,1,3991,3414,3.0784747530164247,9.477006804959537,44.98558,0.41603217254276503
A1_LCD_plus_7K_plus_12Dblocky,1,3991,3415,3.2856786910428166,10.795684460772838,37.498405,0.3069394947901691
A1_LCD_plus_7K_plus_12Dblocky,1,3991,3416,3.341870272581621,11.168096918764764,46.62874,0.29490629520399897
A1_LCD_plus_7K_plus_12Dblocky,1,3991,3417,3.122132617786267,9.747712083044929,50.974945,0.2913706778852897
A1_LCD_plus_7K_plus_12Dblocky,1,3991,3418,3.323153754028606,11.043350872914415,51.464478,0.36800043204596583
A1_LCD_plus_7K_plus_12Dblocky,1,3991,3419,4.119978683730264,16.97422435439176,42.2465,0.6003010521505578
A1_LCD_plus_7K_plus_12Dblocky,1,3991,3420,2.9384681748295933,8.634595214486362,28.373892,0.23990585626464522
A1_LCD_plus_7K_plus_12Dblocky,1,3991,3421,3.573676763509736,12.77116561004942,111.704155,0.659141887025202
A1_LCD_plus_7K_plus_12Dblocky,1,3991,3422,4.1509530477946965,17.23041120499608,100.698135,0.6937829053762208
A1_LCD_plus_7K_plus_12Dblocky,1,3991,3423,4.1220496661753625,16.991293450416414,86.36603,0.458687177229684
A1_LCD_plus_7K_plus_12Dblocky,1,3991,3424,2.828242093597437,7.998953339996412,51.161953,0.23410654186478075
A1_LCD_plus_7K_plus_12Dblocky,1,3991,3425,3.0205343938287172,9.12362802430222,105.241486,0.31915287467659104
A1_LCD_plus_7K_plus_12Dblocky,1,3991,3426,3.2951392867298877,10.857942918950751,117.990486,0.32664579014884376
A1_LCD_plus_7K_plus_12Dblocky,1,3991,3427,3.5696235195732564,12.742212071490565,115.3619,0.6208705950933081
A1_LCD_plus_7K_plus_12Dblocky,1,3991,3428,4.4733236896586925,20.01062483246166,83.34097,0.6684937673763116
A1_LCD_plus_7K_plus_12Dblocky,1,3991,3429,3.626811705106703,13.153763144298988,109.857445,0.4165920701631384
A1_LCD_plus_7K_plus_12Dblocky,1,3991,3430,2.697646900601712,7.277298800326025,11.515694,0.3666124589948342
A1_LCD_plus_7K_plus_12Dblocky,1,3991,3431,5.092964188677283,25.938284227149257,173.84108,0.8047122028697928
A1_LCD_plus_7K_plus_12Dblocky,1,3991,3432,5.174023519428379,26.77051937959802,151.38596,0.7139352432978898
A1_LCD_plus_7K_plus_12Dblocky,1,3991,3433,4.071876200707306,16.580175793886568,108.164505,0.4361954662463752
A1_LCD_plus_7K_plus_12Dblocky,1,3991,3434,3.2001910614563283,10.24122282982498,38.844322,0.3506792264267763
A1_LCD_plus_7K_plus_12Dblocky,1,3991,3435,2.2780493673349786,5.189508920015297,34.96268,0.12297216976202666
A1_LCD_plus_7K_plus_12Dblocky,1,3991,3436,2.82447825775311,7.977677428520042,19.95648,0.21850545724650852
A1_LCD_plus_7K_plus_12Dblocky,1,3991,3437,4.004109324874617,16.032891485547857,119.84912,0.6668554751953811
A1_LCD_plus_7K_plus_12Dblocky,1,3991,3438,3.418131568400964,11.68362341889923,105.42707,0.5504883405671871
A1_LCD_plus_7K_plus_12Dblocky,1,3991,3439,3.383276994241299,11.44656321976244,39.635593,0.3908115709479242
A1_LCD_plus_7K_plus_12Dblocky,1,3991,3440,3.1742018085816865,10.075557121603252,35.921204,0.5931560125992359
A1_LCD_plus_7K_plus_12Dblocky,1,3991,3441,3.736630149645366,13.96240487523875,130.09094,0.5530958289707701
A1_LCD_plus_7K_plus_12Dblocky,1,3991,3442,3.8089857501076145,14.508372444522868,129.75418,0.534693186866475
A1_LCD_plus_7K_plus_12Dblocky,1,3991,3443,4.872130375283016,23.73765439375542,197.83678,0.5813439059526312
A1_LCD_plus_7K_plus_12Dblocky,1,3991,3444,3.150795132754248,9.927509968587863,98.73573,0.46241488148668075
A1_LCD_plus_7K_plus_12Dblocky,1,3991,3445,2.990971066731076,8.945907922022432,60.494057,0.22135751382410426
A1_LCD_plus_7K_plus_12Dblocky,1,3991,3446,3.2709800209257853,10.699310297295652,122.958595,0.5446616695955745
A1_LCD_plus_7K_plus_12Dblocky,1,3991,3447,2.463421555177496,6.0684457585131115,0.64410836,0.2574246340462866
A1_LCD_plus_7K_plus_12Dblocky,1,3991,3448,2.295907960139574,5.271193361432261,9.653775,0.4510973784542593
A1_LCD_plus_7K_plus_12Dblocky,1,3991,3449,4.7119337845185685,22.20231998968748,127.08135,0.5504556011132633
A1_LCD_plus_7K_plus_12Dblocky,1,3991,3450,3.7501584760351068,14.063688595377958,111.0697,0.4881586676092581
A1_LCD_plus_7K_plus_12Dblocky,1,3991,3451,3.2142143103716667,10.331173632998008,65.7092,0.5484126597259953
A1_LCD_plus_7K_plus_12Dblocky,1,3991,3452,3.5273394849327326,12.442123841965518,113.25911,0.5933344247521328
A1_LCD_plus_7K_plus_12Dblocky,1,3991,3453,4.090678850288341,16.73365345619634,194.37833,0.5721780127483225
A1_LCD_plus_7K_plus_12Dblocky,1,3991,3454,3.638941945258013,13.241898480958175,126.785164,0.6259029919104389
A1_LCD_plus_7K_plus_12Dblocky,1,3991,3455,5.1584183634376775,26.609280012251045,103.4811,0.7209900719163889
A1_LCD_plus_7K_plus_12Dblocky,1,3991,3456,3.1501581275526016,9.923496228585714,52.577675,0.4392887933616514
A1_LCD_plus_7K_plus_12Dblocky,1,3991,3457,2.307517537209088,5.324637184527495,17.698866,0.1891793139586187
A1_LCD_plus_7K_plus_12Dblocky,1,3991,3458,2.767453332369231,7.658797946841561,64.79453,0.14517858044785123
A1_LCD_plus_7K_plus_12Dblocky,1,3991,3459,3.3679166122354007,11.342862306971183,74.80699,0.4086801291495219
A1_LCD_plus_7K_plus_12Dblocky,1,3991,3460,3.356062104100757,11.263152846581201,56.415638,0.31375261537498667
A1_LCD_plus_7K_plus_12Dblocky,1,3991,3461,3.1893564524970497,10.171994581084563,12.495817,0.30043209940164173
A1_LCD_plus_7K_plus_12Dblocky,1,3991,3462,2.523050599792865,6.3657843291151375,40.496284,0.20817255927862188
A1_LCD_plus_7K_plus_12Dblocky,1,3991,3463,3.0917711990735373,9.559049147420621,48.48316,0.33252050005918016
A1_LCD_plus_7K_plus_12Dblocky,1,3991,3464,2.975307780517627,8.852456388808726,78.26613,0.6751340551870285
A1_LCD_plus_7K_plus_12Dblocky,1,3991,3465,3.5278807167804604,12.445942351831418,94.00702,0.32082419987297545
A1_LCD_plus_7K_plus_12Dblocky,1,3991,3466,2.18974632247983,4.79498895681394,21.486847,0.2548664073735677
A1_LCD_plus_7K_plus_12Dblocky,1,3991,3467,3.1677735034044545,10.034788968871332,134.66707,0.5683593863016612
A1_LCD_plus_7K_plus_12Dblocky,1,3991,3468,3.9483544251062974,15.589502666256484,76.25434,0.5360971568048427
A1_LCD_plus_7K_plus_12Dblocky,1,3991,3469,3.224085235876248,10.3947256081952,86.62697,0.5545674366762219
A1_LCD_plus_7K_plus_12Dblocky,1,3991,3470,4.081774991792608,16.660887083623546,178.06909,0.755432549024223
A1_LCD_plus_7K_plus_12Dblocky,1,3991,3471,4.123892839550109,17.006492152092658,68.51484,0.23867362649249085
A1_LCD_plus_7K_plus_12Dblocky,1,3991,3472,3.1028289897644408,9.62754773972262,73.744415,0.24292798596845627
A1_LCD_plus_7K_plus_12Dblocky,1,3991,3473,3.222716714853419,10.385903024195612,9.406582,0.4678351707162588
A1_LCD_plus_7K_plus_12Dblocky,1,3991,3474,2.547880829772911,6.4916967227242965,51.19659,0.13663167561537568
A1_LCD_plus_7K_plus_12Dblocky,1,3991,3475,2.502339518129102,6.261703063990589,1.5700417,0.21229932520747813
A1_LCD_plus_7K_plus_12Dblocky,1,3991,3476,2.7138129661394377,7.364780815186533,15.189409,0.09342555217499345
A1_LCD_plus_7K_plus_12Dblocky,1,3991,3477,2.4610479052570713,6.056756791970218,28.333223,0.19205002229909623
A1_LCD_plus_7K_plus_12Dblocky,1,3991,3478,2.972146809117404,8.833656654946768,84.57033,0.38888971882439743
A1_LCD_plus_7K_plus_12Dblocky,1,3991,3479,2.8079757507698937,7.88472781691175,39.791367,0.4257520358509244
A1_LCD_plus_7K_plus_12Dblocky,1,3991,3480,2.2408521696612005,5.021418446275313,37.953697,0.16138865205776626
A1_LCD_plus_7K_plus_12Dblocky,1,3991,3481,4.50846826607722,20.32628610622533,58.843822,0.19836183612184527
A1_LCD_plus_7K_plus_12Dblocky,1,3991,3482,4.583469994126976,21.008197187062343,154.19107,0.7612964650470068
A1_LCD_plus_7K_plus_12Dblocky,1,3991,3483,3.153692284849842,9.945775027521414,21.16744,0.4384421391558982
A1_LCD_plus_7K_plus_12Dblocky,1,3991,3484,3.217265517616507,10.350797410844212,41.04536,0.5842794006116119
A1_LCD_plus_7K_plus_12Dblocky,1,3991,3485,4.563206052964963,20.82284948181607,209.21988,0.5696178945578023
A1_LCD_plus_7K_plus_12Dblocky,1,3991,3486,3.4896815930467318,12.177877620849175,58.089203,0.6514563911125035
A1_LCD_plus_7K_plus_12Dblocky,1,3991,3487,3.941994829834113,15.539323238438875,116.11623,0.8004927215953763
A1_LCD_plus_7K_plus_12Dblocky,1,3991,3488,3.516481933275414,12.365645187052392,70.80692,0.26119545717464643
A1_LCD_plus_7K_plus_12Dblocky,1,3991,3489,2.80699051431221,7.879195747438724,14.115809,0.32427886534794953
A1_LCD_plus_7K_plus_12Dblocky,1,3991,3490,2.5831369745957025,6.67259662952344,77.234604,0.29119702100406003
A1_LCD_plus_7K_plus_12Dblocky,1,3991,3491,3.1489616551589212,9.915959505661213,55.506424,0.6864896177797144
A1_LCD_plus_7K_plus_12Dblocky,1,3991,3492,2.4515770665903944,6.0102301134319625,27.150345,0.2384365620580296
A1_LCD_plus_7K_plus_12Dblocky,1,3991,3493,2.883576885178906,8.315015652738081,42.836567,0.32149174725054164
A1_LCD_plus_7K_plus_12Dblocky,1,3991,3494,3.3044508749176247,10.919395584743857,99.02078,0.42071421234499684
A1_LCD_plus_7K_plus_12Dblocky,1,3991,3495,3.830664648258185,14.673991647415004,154.34593,0.3961467656839741
A1_LCD_plus_7K_plus_12Dblocky,1,3991,3496,3.4439297418280193,11.8606520666476,33.16473,0.46763649975210286
A1_LCD_plus_7K_plus_12Dblocky,1,3991,3497,3.5880101403210443,12.873816767046643,35.815865,0.313530802432907
A1_LCD_plus_7K_plus_12Dblocky,1,3991,3498,2.3370738713554333,5.461914280172272,17.549747,0.10145184533784381
A1_LCD_plus_7K_plus_12Dblocky,1,3991,3499,3.5219043928989637,12.40381055272102,90.34811,0.21620376073583797
A1_LCD_plus_7K_plus_12Dblocky,1,3991,3500,2.709792325060441,7.342974444956472,52.844585,0.1623929131935492
A1_LCD_plus_7K_plus_12Dblocky,1,3991,3501,2.5921182380202756,6.719076959877339,19.35408,0.372962412932767
A1_LCD_plus_7K_plus_12Dblocky,1,3991,3502,3.447006456768461,11.881853513003458,62.309715,0.7326745417062104
A1_LCD_plus_7K_plus_12Dblocky,1,3991,3503,3.9107838011305267,15.294229939184934,119.90693,0.5401054808788504
A1_LCD_plus_7K_plus_12Dblocky,1,3991,3504,3.9388353681990256,15.514424057775555,97.222275,0.27307893191690075
A1_LCD_plus_7K_plus_12Dblocky,1,3991,3505,3.1778178555512584,10.0985263230604,33.226006,0.46827530033618536
A1_LCD_plus_7K_plus_12Dblocky,1,3991,3506,3.2340660327713255,10.45918310432526,43.31894,0.6516502219357005
A1_LCD_plus_7K_plus_12Dblocky,1,3991,3507,2.9422903174530575,8.657072312178016,35.24302,0.15798493184218942
A1_LCD_plus_7K_plus_12Dblocky,1,3991,3508,3.945342574883018,15.565728033184563,27.633259,0.3828653141496666
A1_LCD_plus_7K_plus_12Dblocky,1,3991,3509,2.854225336853219,8.146602273534873,35.673363,0.17934515613811783
A1_LCD_plus_7K_plus_12Dblocky,1,3991,3510,2.94836440373318,8.69285265720091,40.182777,0.25376736824747903
A1_LCD_plus_7K_plus_12Dblocky,1,3991,3511,3.2480398901084055,10.549763127735428,39.538956,0.460465964474169
A1_LCD_plus_7K_plus_12Dblocky,1,3991,3512,2.5544822260071753,6.525379442986575,34.066666,0.09438057852818327
A1_LCD_plus_7K_plus_12Dblocky,1,3991,3513,2.660103013834606,7.076148044211954,71.863884,0.2500170031654438
A1_LCD_plus_7K_plus_12Dblocky,1,3991,3514,3.519192839336965,12.384718240440572,97.96341,0.5514665363889559
A1_LCD_plus_7K_plus_12Dblocky,1,3991,3515,3.3773578701127036,11.406546182812217,101.00097,0.5033831527329481
A1_LCD_plus_7K_plus_12Dblocky,1,3991,3516,3.567777692593353,12.72903766376675,104.250374,0.6923749810634514
A1_LCD_plus_7K_plus_12Dblocky,1,3991,3517,4.388258357398479,19.256811411277596,160.82487,0.6502553586113116
A1_LCD_plus_7K_plus_12Dblocky,1,3991,3518,3.588832082508651,12.879715716443389,58.68155,0.2962239080504493
A1_LCD_plus_7K_plus_12Dblocky,1,3991,3519,2.4332964567325472,5.920931646347169,32.10776,0.120095548021027
A1_LCD_plus_7K_plus_12Dblocky,1,3991,3520,2.889856192569117,8.351268813730073,61.616375,0.0679844506274147
A1_LCD_plus_7K_plus_12Dblocky,1,3991,3521,2.84626597805822,8.101230017851716,51.398796,0.21773152279227875
A1_LCD_plus_7K_plus_12Dblocky,1,3991,3522,3.744159767641335,14.01873236562402,115.590744,0.568123043652415
A1_LCD_plus_7K_plus_12Dblocky,1,3991,3523,3.6343955286405176,13.208830858602187,95.90914,0.5409215572508241
A1_LCD_plus_7K_plus_12Dblocky,1,3991,3524,4.674511432164119,21.851057129433034,153.71918,0.7324410555551333
A1_LCD_plus_7K_plus_12Dblocky,1,3991,3525,3.6118002604923647,13.045101121692714,89.817924,0.3791517815321851
A1_LCD_plus_7K_plus_12Dblocky,1,3991,3526,2.7044460434213713,7.314028401777509,48.164703,0.11533691132218041
A1_LCD_plus_7K_plus_12Dblocky,1,3991,3527,4.588085183523742,21.050525651270092,169.54626,0.3405846011625957
A1_LCD_plus_7K_plus_12Dblocky,1,3991,3528,2.9034866253620897,8.430234583656535,12.074475,0.23504175604381278
A1_LCD_plus_7K_plus_12Dblocky,1,3991,3529,2.693480932510061,7.254839533795266,24.220606,0.3093994318461738
A1_LCD_plus_7K_plus_12Dblocky,1,3991,3530,3.242461932650491,10.513559384687554,53.78598,0.3841418561994519
A1_LCD_plus_7K_plus_12Dblocky,1,3991,3531,2.9404352603198505,8.646159520132267,49.165592,0.3582269153347256
A1_LCD_plus_7K_plus_12Dblocky,1,3991,3532,2.544585021008725,6.474912929141973,57.62068,0.2270206036009003
A1_LCD_plus_7K_plus_12Dblocky,1,3991,3533,4.000434799133359,16.00347858211716,74.80493,0.7003802012289776
A1_LCD_plus_7K_plus_12Dblocky,1,3991,3534,5.068092028006331,25.685556804341328,223.79984,0.5448238431148936
A1_LCD_plus_7K_plus_12Dblocky,1,3991,3535,3.2696582471791227,10.690665053346454,48.179527,0.46028388909475937
A1_LCD_plus_7K_plus_12Dblocky,1,3991,3536,2.5085724481947262,6.292935727841684,50.826492,0.17909867691577838
A1_LCD_plus_7K_plus_12Dblocky,1,3991,3537,3.138774101192943,9.851902858319567,65.47595,0.21061955260806792
A1_LCD_plus_7K_plus_12Dblocky,1,3991,3538,3.3907078136365434,11.496899477455905,28.618279,0.4145524836487493
A1_LCD_plus_7K_plus_12Dblocky,1,3991,3539,2.3516938881171643,5.530464143407629,39.151936,0.1519319296938765
A1_LCD_plus_7K_plus_12Dblocky,1,3991,3540,3.8272690823508517,14.64798862871873,119.44805,0.604844191454937
A1_LCD_plus_7K_plus_12Dblocky,1,3991,3541,4.120810394484775,16.98107830729376,63.85883,0.4370904310234472
A1_LCD_plus_7K_plus_12Dblocky,1,3991,3542,2.6019132171129518,6.769952389387069,51.077507,0.050253011669844305
A1_LCD_plus_7K_plus_12Dblocky,1,3991,3543,4.813480745747864,23.1695968896854,283.8518,0.6406160741313868
A1_LCD_plus_7K_plus_12Dblocky,1,3991,3544,4.5630175610154415,20.821129262135308,93.49805,0.7226745250393262
A1_LCD_plus_7K_plus_12Dblocky,1,3991,3545,4.415500013814683,19.496640371997476,95.59451,0.7443126032020762
A1_LCD_plus_7K_plus_12Dblocky,1,3991,3546,3.567673426493769,12.728293678109791,21.155123,0.3702917885973372
A1_LCD_plus_7K_plus_12Dblocky,1,3991,3547,2.7873343880853714,7.769232991003255,44.97404,0.1749818132568864
A1_LCD_plus_7K_plus_12Dblocky,1,3991,3548,3.035033431995787,9.211427933332123,65.74748,0.4109709522649715
A1_LCD_plus_7K_plus_12Dblocky,1,3991,3549,2.8144082667732837,7.920893892081798,24.559065,0.3668151391957547
A1_LCD_plus_7K_plus_12Dblocky,1,3991,3550,3.7034071466891216,13.715224494148066,25.107502,0.5784375617117786
A1_LCD_plus_7K_plus_12Dblocky,1,3991,3551,3.838708027470596,14.735679320167193,40.44855,0.2200039275983509
A1_LCD_plus_7K_plus_12Dblocky,1,3991,3552,2.5428085296759493,6.465875218592763,91.56903,0.3625669003921721
A1_LCD_plus_7K_plus_12Dblocky,1,3991,3553,4.247544518335892,18.041634435245285,177.02933,0.5954298592909595
A1_LCD_plus_7K_plus_12Dblocky,1,3991,3554,3.528756605693059,12.452123182222397,70.172356,0.4870386524598319
A1_LCD_plus_7K_plus_12Dblocky,1,3991,3555,3.0351990937201814,9.212433538519809,67.599434,0.42317044798574444
A1_LCD_plus_7K_plus_12Dblocky,1,3991,3556,3.414505308242384,11.658846500015418,112.05326,0.528867024658218
A1_LCD_plus_7K_plus_12Dblocky,1,3991,3557,3.109573414394217,9.669446819507307,43.825897,0.4606326156778917
A1_LCD_plus_7K_plus_12Dblocky,1,3991,3558,2.6960865595587657,7.268882736633421,6.3501415,0.14395307658063036
A1_LCD_plus_7K_plus_12Dblocky,1,3991,3559,2.7330344059278637,7.469477063985472,44.324856,0.3552727888153472
A1_LCD_plus_7K_plus_12Dblocky,1,3991,3560,2.592268041816379,6.719853600622525,14.537609,0.19765801382335624
A1_LCD_plus_7K_plus_12Dblocky,1,3991,3561,4.281198638283821,18.328661780443248,77.537704,0.6125568448596769
A1_LCD_plus_7K_plus_12Dblocky,1,3991,3562,2.6062787490693973,6.792688917850739,55.896927,0.2660542372791186
A1_LCD_plus_7K_plus_12Dblocky,1,3991,3563,2.90872847904115,8.460701364785042,26.779305,0.3316691577729097
A1_LCD_plus_7K_plus_12Dblocky,1,3991,3564,2.721960684085069,7.409069965704856,55.389793,0.3982072111001398
A1_LCD_plus_7K_plus_12Dblocky,1,3991,3565,2.9388032387374445,8.636564476013694,20.976528,0.23405265098268097
A1_LCD_plus_7K_plus_12Dblocky,1,3991,3566,4.394814247675647,19.314392271572864,100.17275,0.5310033647939599
A1_LCD_plus_7K_plus_12Dblocky,1,3991,3567,2.848672228187476,8.1149334636466,26.256155,0.33168033447398526
A1_LCD_plus_7K_plus_12Dblocky,1,3991,3568,3.067932068831054,9.412207178961992,38.56086,0.1700436982717108
A1_LCD_plus_7K_plus_12Dblocky,1,3991,3569,4.400001150903403,19.360010127951274,67.2249,0.7829428090150039
A1_LCD_plus_7K_plus_12Dblocky,1,3991,3570,2.9040082561875833,8.433263952005651,61.08286,0.3685855591733686
A1_LCD_plus_7K_plus_12Dblocky,1,3991,3571,2.5650113872551876,6.579283416748783,13.704821,0.33709616841433826
A1_LCD_plus_7K_plus_12Dblocky,1,3991,3572,2.5380716574906517,6.441807738557345,9.718947,0.25769418503422814
A1_LCD_plus_7K_plus_12Dblocky,1,3991,3573,3.793111279430811,14.387693178145243,88.101715,0.706896503506399
A1_LCD_plus_7K_plus_12Dblocky,1,3991,3574,2.747043827734046,7.546249791491718,17.50321,0.48325983423389246
A1_LCD_plus_7K_plus_12Dblocky,1,3991,3575,2.522684440018037,6.363936783909117,4.242231,0.16964228858987046
A1_LCD_plus_7K_plus_12Dblocky,1,3991,3576,2.7363035725944904,7.487357241393369,51.645317,0.43992157796538844
A1_LCD_plus_7K_plus_12Dblocky,1,3991,3577,3.9866093170588046,15.893053846860074,146.3201,0.31716824200853594
A1_LCD_plus_7K_plus_12Dblocky,1,3991,3578,4.668560942058149,21.79546126971087,135.509,0.6730443867919467
A1_LCD_plus_7K_plus_12Dblocky,1,3991,3579,4.310364116713088,18.5792388186478,94.97133,0.39263386429934877
A1_LCD_plus_7K_plus_12Dblocky,1,3991,3580,3.7795128772186275,14.28471758906143,131.27798,0.7360621909169712
A1_LCD_plus_7K_plus_12Dblocky,1,3991,3581,4.328371036581693,18.734795830319275,131.3515,0.7856217763285631
A1_LCD_plus_7K_plus_12Dblocky,1,3991,3582,3.6805519367137234,13.54646255884714,133.60298,0.7343172882106945
A1_LCD_plus_7K_plus_12Dblocky,1,3991,3583,4.31636022280697,18.63096557303023,203.20207,0.7752349526852951
A1_LCD_plus_7K_plus_12Dblocky,1,3991,3584,2.319273434518674,5.379029264064044,16.676317,0.06104519736156028
A1_LCD_plus_7K_plus_12Dblocky,1,3991,3585,3.196554613831502,10.217961399207464,51.88578,0.30697647374290116
A1_LCD_plus_7K_plus_12Dblocky,1,3991,3586,2.9557396247976917,8.736396729599202,33.18032,0.2559606235513736
A1_LCD_plus_7K_plus_12Dblocky,1,3991,3587,2.5455179326975235,6.479661545684673,46.405693,0.11752716786691836
A1_LCD_plus_7K_plus_12Dblocky,1,3991,3588,2.9144547269372607,8.494046355366942,36.442772,0.18829484987490913
A1_LCD_plus_7K_plus_12Dblocky,1,3991,3589,4.182858111419324,17.496301980266434,103.82181,0.7265245577241201
A1_LCD_plus_7K_plus_12Dblocky,1,3991,3590,3.9948931877612854,15.959171581621526,38.518482,0.5608219241344404
A1_LCD_plus_7K_plus_12Dblocky,1,3991,3591,2.664090129600201,7.097376218633217,32.043564,0.18965167282886047
A1_LCD_plus_7K_plus_12Dblocky,1,3991,3592,3.1173108068765902,9.717626666669577,64.91169,0.10014742076163154
A1_LCD_plus_7K_plus_12Dblocky,1,3991,3593,2.9322683247059307,8.598197528073724,24.697647,0.34559068429576356
A1_LCD_plus_7K_plus_12Dblocky,1,3991,3594,3.8964241103428403,15.182120847660991,148.44388,0.668688015763344
A1_LCD_plus_7K_plus_12Dblocky,1,3991,3595,3.6499959931563426,13.322470750057356,64.41937,0.6217879427837759
A1_LCD_plus_7K_plus_12Dblocky,1,3991,3596,2.63808803149667,6.959508461925974,71.787506,0.23053348212704206
A1_LCD_plus_7K_plus_12Dblocky,1,3991,3597,2.8926251332138455,8.367280161300416,22.142382,0.4362718116554772
A1_LCD_plus_7K_plus_12Dblocky,1,3991,3598,4.139465668636355,17.135176021819028,84.14846,0.6789014686670651
A1_LCD_plus_7K_plus_12Dblocky,1,3991,3599,2.9326686234898767,8.60054525520201,56.81211,0.547393395317995
A1_LCD_plus_7K_plus_12Dblocky,1,3991,3600,3.017539178575965,9.105542694240905,62.681232,0.2749878621991609
A1_LCD_plus_7K_plus_12Dblocky,1,3991,3601,3.51762302727162,12.373671761991556,131.88242,0.6881512684914729
A1_LCD_plus_7K_plus_12Dblocky,1,3991,3602,2.8877603663829943,8.339159933652446,70.7494,0.16861888760844687
A1_LCD_plus_7K_plus_12Dblocky,1,3991,3603,4.260329755470595,18.15040962534814,194.44617,0.43758367502504075
A1_LCD_plus_7K_plus_12Dblocky,1,3991,3604,3.4140179914829174,11.655518846169052,94.59309,0.5492214181472098
A1_LCD_plus_7K_plus_12Dblocky,1,3991,3605,3.478439159119689,12.099538983697293,98.79797,0.4237178715644653
A1_LCD_plus_7K_plus_12Dblocky,1,3991,3606,3.5080629143836632,12.306505411274001,47.158974,0.44699598633960513
A1_LCD_plus_7K_plus_12Dblocky,1,3991,3607,4.823168470362117,23.262954093495246,211.28262,0.6136137924943896
A1_LCD_plus_7K_plus_12Dblocky,1,3991,3608,4.905872928330228,24.06758918892341,121.358444,0.6802963453197942
A1_LCD_plus_7K_plus_12Dblocky,1,3991,3609,4.757100656526018,22.630006656320273,127.138145,0.6876027596290342
A1_LCD_plus_7K_plus_12Dblocky,1,3991,3610,3.910885975883634,15.295029116363285,165.78522,0.6568287338284331
A1_LCD_plus_7K_plus_12Dblocky,1,3991,3611,2.7133238558443344,7.362126346693966,56.44082,0.2445764386176538
A1_LCD_plus_7K_plus_12Dblocky,1,3991,3612,2.2416512414462133,5.025000288277351,11.363108,0.33506764685294776
A1_LCD_plus_7K_plus_12Dblocky,1,3991,3613,2.649019330528826,7.017303413515391,16.694666,0.32553953840262845
A1_LCD_plus_7K_plus_12Dblocky,1,3991,3614,2.9622120686205404,8.774700339481182,59.824306,0.17477714444141496
A1_LCD_plus_7K_plus_12Dblocky,1,3991,3615,3.520289337017051,12.392437016315949,86.315216,0.4085416129014854
A1_LCD_plus_7K_plus_12Dblocky,1,3991,3616,3.6210452132319038,13.111968436269684,79.28536,0.73995216671251
A1_LCD_plus_7K_plus_12Dblocky,1,3991,3617,5.919547559877788,35.04104331365508,185.17769,0.8162947630147539
A1_LCD_plus_7K_plus_12Dblocky,1,3991,3618,4.4452207114809035,19.759987173778793,161.42068,0.7585185175469882
A1_LCD_plus_7K_plus_12Dblocky,1,3991,3619,4.42765057524643,19.60408961648005,69.81647,0.7247292842835671
A1_LCD_plus_7K_plus_12Dblocky,1,3991,3620,2.763081094686004,7.634617135811206,30.048298,0.4474026622402345
A1_LCD_plus_7K_plus_12Dblocky,1,3991,3621,3.6898526297640317,13.615012429376549,60.173878,0.5903968915581048
A1_LCD_plus_7K_plus_12Dblocky,1,3991,3622,2.3674027837919303,5.604595940705781,14.855953,0.31418429241258616
A1_LCD_plus_7K_plus_12Dblocky,1,3991,3623,2.6908325728011757,7.240579934847793,28.673962,0.17892989573562687
A1_LCD_plus_7K_plus_12Dblocky,1,3991,3624,3.187509325830162,10.160215702254254,10.235933,0.25176271430664376
A1_LCD_plus_7K_plus_12Dblocky,1,3991,3625,2.395824512058502,5.73997509258036,21.467901,0.10818412322067104
A1_LCD_plus_7K_plus_12Dblocky,1,3991,3626,4.213318287975331,17.75205099578737,125.938705,0.6651600439991188
A1_LCD_plus_7K_plus_12Dblocky,1,3991,3627,3.0457731570844224,9.27673412441601,45.078682,0.40006061505687174
A1_LCD_plus_7K_plus_12Dblocky,1,3991,3628,2.8428639750659506,8.081875580727775,3.4346774,0.4500066025820131
A1_LCD_plus_7K_plus_12Dblocky,1,3991,3629,3.4262335822787975,11.739076560334997,145.873,0.5279475613319978
A1_LCD_plus_7K_plus_12Dblocky,1,3991,3630,3.5850305432480107,12.852443996021126,35.77439,0.30131472443064433
A1_LCD_plus_7K_plus_12Dblocky,1,3991,3631,3.764171161003449,14.168984529330052,136.88815,0.6769253625454064
A1_LCD_plus_7K_plus_12Dblocky,1,3991,3632,3.0419981038865407,9.253752464049311,32.890827,0.4304027661488031
A1_LCD_plus_7K_plus_12Dblocky,1,3991,3633,2.4391454176299807,5.949430368345332,54.035805,0.16625827463034748
A1_LCD_plus_7K_plus_12Dblocky,1,3991,3634,2.7534659142971667,7.58157454119633,72.05167,0.4796149404669635
A1_LCD_plus_7K_plus_12Dblocky,1,3991,3635,3.5625465480674268,12.69173790714714,84.61545,0.3671917651784345
A1_LCD_plus_7K_plus_12Dblocky,1,3991,3636,3.959977185304707,15.681419308133785,79.16777,0.700121705014723
A1_LCD_plus_7K_plus_12Dblocky,1,3991,3637,3.0090571721840025,9.054425065471985,81.323814,0.3923448443410513
A1_LCD_plus_7K_plus_12Dblocky,1,3991,3638,4.379126230552593,19.17674654311376,143.09567,0.2861409828011559
A1_LCD_plus_7K_plus_12Dblocky,1,3991,3639,3.747186929467563,14.041409884372545,92.13243,0.2465241637558948
A1_LCD_plus_7K_plus_12Dblocky,1,3991,3640,3.163569818836938,10.008173998655977,60.47428,0.18058870978379038
A1_LCD_plus_7K_plus_12Dblocky,1,3991,3641,3.395152171630204,11.527058268525293,32.5334,0.220214443710248
A1_LCD_plus_7K_plus_12Dblocky,1,3991,3642,2.8667079732070473,8.218014603648857,56.44981,0.4222617784991348
A1_LCD_plus_7K_plus_12Dblocky,1,3991,3643,2.457870765887402,6.041128701803925,27.460978,0.26603508373087675
A1_LCD_plus_7K_plus_12Dblocky,1,3991,3644,3.0017741941369644,9.010648312586623,19.469772,0.26216562511157265
A1_LCD_plus_7K_plus_12Dblocky,1,3991,3645,3.2528569489546872,10.581078330362796,83.83899,0.3952225033355128
A1_LCD_plus_7K_plus_12Dblocky,1,3991,3646,3.1776288874540577,10.097325346382513,86.86103,0.31066034446830426
A1_LCD_plus_7K_plus_12Dblocky,1,3991,3647,2.580462941037082,6.658788990065744,62.800762,0.34143653424352294
A1_LCD_plus_7K_plus_12Dblocky,1,3991,3648,2.736447957010318,7.488147421425946,13.064106,0.49941243831019466
A1_LCD_plus_7K_plus_12Dblocky,1,3991,3649,2.391021842896068,5.716985453206111,24.96529,0.1617958597640724
A1_LCD_plus_7K_plus_12Dblocky,1,3991,3650,2.9560086417549436,8.737987090129906,12.784856,0.23710958677313188
A1_LCD_plus_7K_plus_12Dblocky,1,3991,3651,2.5951401976192248,6.734752645299151,18.018946,0.28106308078135145
A1_LCD_plus_7K_plus_12Dblocky,1,3991,3652,4.386784955035125,19.243882241722535,133.80653,0.5946796259379616
A1_LCD_plus_7K_plus_12Dblocky,1,3991,3653,4.576688891938125,20.94608121358982,229.03069,0.5863966732511859
A1_LCD_plus_7K_plus_12Dblocky,1,3991,3654,2.957369656799139,8.746035286956257,35.542454,0.1733315510284509
A1_LCD_plus_7K_plus_12Dblocky,1,3991,3655,2.5946071833022346,6.731986435643557,17.816,0.4026628968984861
A1_LCD_plus_7K_plus_12Dblocky,1,3991,3656,3.417037478090717,11.676145126676568,41.64789,0.4347600574503494
A1_LCD_plus_7K_plus_12Dblocky,1,3991,3657,3.150257864100963,9.924124610329962,95.15351,0.5137320481741214
A1_LCD_plus_7K_plus_12Dblocky,1,3991,3658,3.705058884868178,13.727461340340628,48.710903,0.5126384067657608
A1_LCD_plus_7K_plus_12Dblocky,1,3991,3659,3.865984195962361,14.945833803430743,52.921303,0.23041340698616528
A1_LCD_plus_7K_plus_12Dblocky,1,3991,3660,3.1612956098688803,9.993789932976256,100.07146,0.20263924151176044
A1_LCD_plus_7K_plus_12Dblocky,1,3991,3661,2.6995063097896614,7.287334316594195,35.96026,0.3648137026841376
A1_LCD_plus_7K_plus_12Dblocky,1,3991,3662,4.631620809239443,21.45191132057983,77.93743,0.7313274948511641
A1_LCD_plus_7K_plus_12Dblocky,1,3991,3663,2.4707033167984322,6.104374879638772,29.384708,0.21409134597041773
A1_LCD_plus_7K_plus_12Dblocky,1,3991,3664,2.873099001789726,8.25469787408512,10.4700985,0.3146004807899975
A1_LCD_plus_7K_plus_12Dblocky,1,3991,3665,3.0364337068404232,9.219929656036674,88.21587,0.33856006004861544
A1_LCD_plus_7K_plus_12Dblocky,1,3991,3666,3.222924728214344,10.387243803735503,36.15654,0.2839805246645195
A1_LCD_plus_7K_plus_12Dblocky,1,3991,3667,2.285668296698228,5.224279562531376,5.304526,0.14253581784526562
A1_LCD_plus_7K_plus_12Dblocky,1,3991,3668,3.345462264843093,11.192117765489082,15.301884,0.48653106433710924
A1_LCD_plus_7K_plus_12Dblocky,1,3991,3669,2.7112118162567342,7.35066951261014,16.175901,0.1505435715120711
A1_LCD_plus_7K_plus_12Dblocky,1,3991,3670,4.032367491265701,16.259987584616436,198.52448,0.6133628610148782
A1_LCD_plus_7K_plus_12Dblocky,1,3991,3671,4.738338376972182,22.45185057468736,134.31262,0.6334378380538753
A1_LCD_plus_7K_plus_12Dblocky,1,3991,3672,4.178546064594799,17.46024721394068,122.67912,0.6179337792065389
A1_LCD_plus_7K_plus_12Dblocky,1,3991,3673,3.7709864950356944,14.220339145741592,42.621994,0.26435827214527363
A1_LCD_plus_7K_plus_12Dblocky,1,3991,3674,4.484176921915482,20.10784266703941,65.409996,0.45160541352871103
A1_LCD_plus_7K_plus_12Dblocky,1,3991,3675,4.392207069095945,19.29148293781639,182.85323,0.6217316342115722
A1_LCD_plus_7K_plus_12Dblocky,1,3991,3676,3.708035895377927,13.749530201411185,101.89177,0.4549280443539501
A1_LCD_plus_7K_plus_12Dblocky,1,3991,3677,3.276989765225299,10.738661921391362,99.78053,0.47064257426107453
A1_LCD_plus_7K_plus_12Dblocky,1,3991,3678,2.5616270889007526,6.5619333425901445,26.678543,0.06869313448234306
A1_LCD_plus_7K_plus_12Dblocky,1,3991,3679,4.068862162489294,16.555639297337056,94.429474,0.6896639844096818
A1_LCD_plus_7K_plus_12Dblocky,1,3991,3680,4.3121152972687655,18.59433833693929,98.764465,0.4306533976169881
A1_LCD_plus_7K_plus_12Dblocky,1,3991,3681,4.68941270781506,21.99059154421738,264.887,0.7697282897135346
A1_LCD_plus_7K_plus_12Dblocky,1,3991,3682,3.5484635133954994,12.591593305899133,76.450966,0.2710257912837004
A1_LCD_plus_7K_plus_12Dblocky,1,3991,3683,2.3231836234933256,5.397182148467579,7.6905985,0.3347756977569338
A1_LCD_plus_7K_plus_12Dblocky,1,3991,3684,3.600199922048522,12.961439478718184,42.843864,0.4090218038131734
A1_LCD_plus_7K_plus_12Dblocky,1,3991,3685,3.7585366346790257,14.126597634224336,80.87362,0.2860384540948533
A1_LCD_plus_7K_plus_12Dblocky,1,3991,3686,3.224881433522302,10.399860260276855,48.1623,0.576247264054715
A1_LCD_plus_7K_plus_12Dblocky,1,3991,3687,2.446120360801182,5.983504819526105,8.428502,0.3989165785169293
A1_LCD_plus_7K_plus_12Dblocky,1,3991,3688,2.725331045197769,7.427429305918764,25.90742,0.17045281467385626
A1_LCD_plus_7K_plus_12Dblocky,1,3991,3689,4.504926922803128,20.29436657979646,153.66638,0.6989458407980134
A1_LCD_plus_7K_plus_12Dblocky,1,3991,3690,5.667730611334825,32.12317028266183,312.8851,0.8332485211116751
A1_LCD_plus_7K_plus_12Dblocky,1,3991,3691,3.75668921834059,14.112713883196438,101.41138,0.5598810948301401
A1_LCD_plus_7K_plus_12Dblocky,1,3991,3692,3.6359828449584057,13.220371248831823,5.479538,0.370799955049702
A1_LCD_plus_7K_plus_12Dblocky,1,3991,3693,4.1242191374569686,17.009183493766308,147.59027,0.645518124675158
A1_LCD_plus_7K_plus_12Dblocky,1,3991,3694,3.5834390568880825,12.841035474430951,148.19954,0.6842705780478265
A1_LCD_plus_7K_plus_12Dblocky,1,3991,3695,2.3683016206798793,5.608852566514943,24.965275,0.24408329117288352
A1_LCD_plus_7K_plus_12Dblocky,1,3991,3696,3.427439224253527,11.747339635951622,12.213342,0.5461900756523199
A1_LCD_plus_7K_plus_12Dblocky,1,3991,3697,4.20786284451044,17.706109718211483,47.51891,0.43796988320085034
A1_LCD_plus_7K_plus_12Dblocky,1,3991,3698,4.158771397732714,17.295379538599715,119.056335,0.43995835371784453
A1_LCD_plus_7K_plus_12Dblocky,1,3991,3699,4.998422424307142,24.984226731816495,118.11793,0.8224182924525123
A1_LCD_plus_7K_plus_12Dblocky,1,3991,3700,4.191487293459047,17.568565731228645,136.14655,0.5774248884634633
A1_LCD_plus_7K_plus_12Dblocky,1,3991,3701,2.501685662811805,6.258431155518141,17.305319,0.14843328605699913
A1_LCD_plus_7K_plus_12Dblocky,1,3991,3702,2.535164631427217,6.427059708439496,32.304237,0.32837274476123873
A1_LCD_plus_7K_plus_12Dblocky,1,3991,3703,2.2548992809790915,5.084570767360025,55.286903,0.32544658934832227
A1_LCD_plus_7K_plus_12Dblocky,1,3991,3704,4.014811907772079,16.118714654788473,139.70609,0.7589970504688355
A1_LCD_plus_7K_plus_12Dblocky,1,3991,3705,3.06990808982892,9.42433567999705,89.137215,0.4546345103876811
A1_LCD_plus_7K_plus_12Dblocky,1,3991,3706,3.8542517901105176,14.855256861570119,56.09733,0.5078436784796371
A1_LCD_plus_7K_plus_12Dblocky,1,3991,3707,4.620273069376581,21.346923235606493,139.93816,0.4880546984787386
A1_LCD_plus_7K_plus_12Dblocky,1,3991,3708,2.4104907541829497,5.810465676001485,25.452778,0.10469115001791093
A1_LCD_plus_7K_plus_12Dblocky,1,3991,3709,3.133919729210471,9.82145286913463,68.58166,0.37784724161685934
A1_LCD_plus_7K_plus_12Dblocky,1,3991,3710,2.8462663475907566,8.101232121427627,57.31874,0.35845057167592215
A1_LCD_plus_7K_plus_12Dblocky,1,3991,3711,2.5963814290309872,6.741196525016991,74.10412,0.2996369823632622
A1_LCD_plus_7K_plus_12Dblocky,1,3991,3712,3.169513124176946,10.045813444329905,65.55729,0.160899528366038
A1_LCD_plus_7K_plus_12Dblocky,1,3991,3713,3.4889080816628915,12.172479602292636,36.88107,0.4582716537852143
A1_LCD_plus_7K_plus_12Dblocky,1,3991,3714,3.2927002094427897,10.841874669264586,167.52802,0.612261829095321
A1_LCD_plus_7K_plus_12Dblocky,1,3991,3715,2.900571295179357,8.413313838418455,31.729393,0.36182268768321263
A1_LCD_plus_7K_plus_12Dblocky,1,3991,3716,2.8482379726460723,8.11245954882301,52.386044,0.24895782707565334
A1_LCD_plus_7K_plus_12Dblocky,1,3991,3717,4.130153885085478,17.05817111448667,153.51471,0.4721818494890059
A1_LCD_plus_7K_plus_12Dblocky,1,3991,3718,2.850568586894022,8.125741268586982,96.07072,0.5498397898178862
A1_LCD_plus_7K_plus_12Dblocky,1,3991,3719,3.2068835251861905,10.28410194411061,60.030876,0.4321524791898237
A1_LCD_plus_7K_plus_12Dblocky,1,3991,3720,4.190845481676328,17.563185851286892,32.759007,0.6303247595252595
A1_LCD_plus_7K_plus_12Dblocky,1,3991,3721,4.741397552491213,22.48085075076966,281.13058,0.8290122752467475
A1_LCD_plus_7K_plus_12Dblocky,1,3991,3722,3.800380433613856,14.442891440195044,77.53821,0.44403938218985317
A1_LCD_plus_7K_plus_12Dblocky,1,3991,3723,4.343254474087677,18.86385942668262,158.53798,0.6723441528858283
A1_LCD_plus_7K_plus_12Dblocky,1,3991,3724,4.7906930422950085,22.9507398254938,193.41588,0.6835635427326312
A1_LCD_plus_7K_plus_12Dblocky,1,3991,3725,4.23570065036473,17.941159999500186,89.127304,0.6131518834775201
A1_LCD_plus_7K_plus_12Dblocky,1,3991,3726,3.0862481029665934,9.524927353064896,64.26211,0.3786646422535822
A1_LCD_plus_7K_plus_12Dblocky,1,3991,3727,3.127352709141675,9.780334967375774,43.112263,0.17242574716418013
A1_LCD_plus_7K_plus_12Dblocky,1,3991,3728,2.7079070358653845,7.33276051488925,51.3239,0.3674568120377023
A1_LCD_plus_7K_plus_12Dblocky,1,3991,3729,3.47604514568564,12.082889854844703,105.63327,0.3983478222745698
A1_LCD_plus_7K_plus_12Dblocky,1,3991,3730,3.891911898463391,15.146978225400918,120.905365,0.6009004778548301
A1_LCD_plus_7K_plus_12Dblocky,1,3991,3731,4.931750135644645,24.32215940043097,161.8087,0.5310543643716034
A1_LCD_plus_7K_plus_12Dblocky,1,3991,3732,5.727284541450603,32.801788218739034,280.41257,0.9303302939394826
A1_LCD_plus_7K_plus_12Dblocky,1,3991,3733,5.202452335074866,27.065510298725922,299.18323,0.8186672923551348
A1_LCD_plus_7K_plus_12Dblocky,1,3991,3734,3.500083818199283,12.250586734420471,33.605927,0.33574061456410675
A1_LCD_plus_7K_plus_12Dblocky,1,3991,3735,3.0118746069106197,9.071388647753,40.92419,0.22983932058066214
A1_LCD_plus_7K_plus_12Dblocky,1,3991,3736,3.1754045192882865,10.08319386111647,45.036057,0.34370187788837536
A1_LCD_plus_7K_plus_12Dblocky,1,3991,3737,3.428974053682153,11.757863060825416,134.72215,0.4732529764444985
A1_LCD_plus_7K_plus_12Dblocky,1,3991,3738,2.860295269474377,8.181289028577497,56.669918,0.37678979016169234
A1_LCD_plus_7K_plus_12Dblocky,1,3991,3739,3.417269523727242,11.677730997795013,75.89322,0.31184860994049535
A1_LCD_plus_7K_plus_12Dblocky,1,3991,3740,3.8630393240187106,14.92307281891493,137.51898,0.6769270192771655
A1_LCD_plus_7K_plus_12Dblocky,1,3991,3741,3.1943153249769773,10.203650395382779,57.695404,0.296682684083585
A1_LCD_plus_7K_plus_12Dblocky,1,3991,3742,2.902244877922094,8.423025331425032,68.2553,0.4870795272091676
A1_LCD_plus_7K_plus_12Dblocky,1,3991,3743,3.243282525682791,10.518881541399344,54.955017,0.20594634467800546
A1_LCD_plus_7K_plus_12Dblocky,1,3991,3744,2.493713076992281,6.218604910362309,32.254578,0.16808374782175636
A1_LCD_plus_7K_plus_12Dblocky,1,3991,3745,3.080033361584523,9.486605508473657,25.561455,0.26005659793520075
A1_LCD_plus_7K_plus_12Dblocky,1,3991,3746,4.521272365140508,20.441903799783237,86.04755,0.6570485359752535
A1_LCD_plus_7K_plus_12Dblocky,1,3991,3747,3.6260281537485883,13.148080171777394,123.142525,0.45544644264121825
A1_LCD_plus_7K_plus_12Dblocky,1,3991,3748,3.0208894445400243,9.125773036133337,33.42578,0.3665147108461816
A1_LCD_plus_7K_plus_12Dblocky,1,3991,3749,3.603001452046295,12.981619463447712,35.00377,0.17161954768511728
