sequence_name,task_id,seed,frame,rg,rg_sq,ree_sq,asphericity
A1_LCD_plus_7R_plus_10D,3,3076,0,4.278046624274406,18.30168291946564,86.050606,0.7565596496788273
A1_LCD_plus_7R_plus_10D,3,3076,1,2.736652398446522,7.4892663499231,81.7655,0.2812526196913589
A1_LCD_plus_7R_plus_10D,3,3076,2,3.857347433686655,14.879129224169025,58.433784,0.6618029477527356
A1_LCD_plus_7R_plus_10D,3,3076,3,4.886762856993363,23.880451220489945,156.9418,0.5318808553190505
A1_LCD_plus_7R_plus_10D,3,3076,4,2.524184297534016,6.371506367917298,36.208267,0.17837094187380198
A1_LCD_plus_7R_plus_10D,3,3076,5,2.6227178186988396,6.8786487565204,32.523808,0.06411165597865134
A1_LCD_plus_7R_plus_10D,3,3076,6,2.8107921655019377,7.900552597647072,15.990966,0.1661349831312341
A1_LCD_plus_7R_plus_10D,3,3076,7,3.5345316108286977,12.492913707947308,38.082493,0.20985215422187908
A1_LCD_plus_7R_plus_10D,3,3076,8,3.2449347732808236,10.529601682847067,35.195736,0.3289116876808598
A1_LCD_plus_7R_plus_10D,3,3076,9,2.4262178594796,5.886533101657772,19.871506,0.17278048266415863
A1_LCD_plus_7R_plus_10D,3,3076,10,3.3042019498144795,10.917750525157807,37.50932,0.5504533046829538
A1_LCD_plus_7R_plus_10D,3,3076,11,3.848457084748341,14.810621933149697,113.2166,0.6432806867928136
A1_LCD_plus_7R_plus_10D,3,3076,12,4.759141109096448,22.64942409629177,170.56143,0.797061848649891
A1_LCD_plus_7R_plus_10D,3,3076,13,2.6192775911971253,6.860615099747416,45.83864,0.31663376499102547
A1_LCD_plus_7R_plus_10D,3,3076,14,2.8027281815296883,7.8552852595407145,63.61587,0.32286203670735886
A1_LCD_plus_7R_plus_10D,3,3076,15,3.2021488055686125,10.25375697300449,53.848904,0.5061048370618206
A1_LCD_plus_7R_plus_10D,3,3076,16,4.442692022402993,19.7375124059232,122.206024,0.5925658737509328
A1_LCD_plus_7R_plus_10D,3,3076,17,4.518037329591256,20.4126613115801,192.11108,0.6795922327918945
A1_LCD_plus_7R_plus_10D,3,3076,18,4.020669637770616,16.16578433609049,113.499214,0.48287981145372527
A1_LCD_plus_7R_plus_10D,3,3076,19,2.529583219393821,6.398791263838808,12.298602,0.16899540691130166
A1_LCD_plus_7R_plus_10D,3,3076,20,2.772218271015163,7.685194142150297,28.141558,0.16695127061763737
A1_LCD_plus_7R_plus_10D,3,3076,21,2.67598894295396,7.160916822811852,6.4625564,0.23190788379048843
A1_LCD_plus_7R_plus_10D,3,3076,22,3.2548427965795947,10.594001630446078,48.48268,0.4759212720762272
A1_LCD_plus_7R_plus_10D,3,3076,23,3.223471262837569,10.39076698233963,13.809208,0.26723364246249587
A1_LCD_plus_7R_plus_10D,3,3076,24,4.108480292265156,16.879610311931184,105.60041,0.593406965350106
A1_LCD_plus_7R_plus_10D,3,3076,25,4.291751128316659,18.419127747407323,78.50936,0.1872543018751454
A1_LCD_plus_7R_plus_10D,3,3076,26,5.118748170707454,26.20158283512089,209.65387,0.785465408442845
A1_LCD_plus_7R_plus_10D,3,3076,27,3.966792266365711,15.735440884498816,169.66246,0.3803320358398231
A1_LCD_plus_7R_plus_10D,3,3076,28,5.448356444679662,29.684587948282413,166.04695,0.7712334580519249
A1_LCD_plus_7R_plus_10D,3,3076,29,5.478275454020042,30.011501950118497,218.5126,0.7577115526977705
A1_LCD_plus_7R_plus_10D,3,3076,30,4.032740225017068,16.262993722470714,190.0636,0.6510847777085506
A1_LCD_plus_7R_plus_10D,3,3076,31,2.5478045157982776,6.491307850722095,31.406399,0.1736691718716899
A1_LCD_plus_7R_plus_10D,3,3076,32,2.8347528561020976,8.035823755178997,20.785435,0.3585065903889796
A1_LCD_plus_7R_plus_10D,3,3076,33,3.409738595598736,11.626317290315637,81.09566,0.4408593929790242
A1_LCD_plus_7R_plus_10D,3,3076,34,4.108086073941533,16.876371190912362,124.967834,0.6345506371445537
A1_LCD_plus_7R_plus_10D,3,3076,35,4.6582473776107065,21.699268631017027,195.72475,0.6094551743814014
A1_LCD_plus_7R_plus_10D,3,3076,36,2.8295470933076516,8.006336753245781,28.522457,0.12790594033217595
A1_LCD_plus_7R_plus_10D,3,3076,37,3.360591165103922,11.293572978974536,91.74384,0.4105894268044541
A1_LCD_plus_7R_plus_10D,3,3076,38,3.0187682790594215,9.112961922655384,42.059708,0.40850216694813746
A1_LCD_plus_7R_plus_10D,3,3076,39,2.987177995043973,8.92323237407493,67.6216,0.3584386226480079
A1_LCD_plus_7R_plus_10D,3,3076,40,2.5095506572363795,6.297844501235543,49.496063,0.046575735059770085
A1_LCD_plus_7R_plus_10D,3,3076,41,2.8015527035131855,7.848697550562041,12.723365,0.3946409183925336
A1_LCD_plus_7R_plus_10D,3,3076,42,3.9324111399378565,15.463857373507354,92.43001,0.6474524188493398
A1_LCD_plus_7R_plus_10D,3,3076,43,3.2723402571836924,10.708210758785034,7.098453,0.19704489718371387
A1_LCD_plus_7R_plus_10D,3,3076,44,2.744269425140988,7.5310146777636495,20.975176,0.5433347801617618
A1_LCD_plus_7R_plus_10D,3,3076,45,4.616573998076558,21.31275547971658,89.97449,0.5136648896461312
A1_LCD_plus_7R_plus_10D,3,3076,46,3.856261409724888,14.870752060133384,91.0018,0.6517149470044135
A1_LCD_plus_7R_plus_10D,3,3076,47,2.398191992132957,5.75132483113064,42.01926,0.18378441360632577
A1_LCD_plus_7R_plus_10D,3,3076,48,2.5987850188623938,6.753683574263611,41.47959,0.09993286687014444
A1_LCD_plus_7R_plus_10D,3,3076,49,3.0907983246622495,9.553034283734965,53.21273,0.33400363838901204
A1_LCD_plus_7R_plus_10D,3,3076,50,3.1357134491880054,9.832698835418539,110.68259,0.3009153324997689
A1_LCD_plus_7R_plus_10D,3,3076,51,4.278468596359191,18.30529353003178,80.781364,0.4813889212689334
A1_LCD_plus_7R_plus_10D,3,3076,52,3.7619645576743235,14.15237733319777,105.486404,0.3804590961886468
A1_LCD_plus_7R_plus_10D,3,3076,53,3.0713654327627617,9.433285621569986,93.63112,0.502528957386499
A1_LCD_plus_7R_plus_10D,3,3076,54,2.343933886408949,5.494026063856158,32.938816,0.07760204505789955
A1_LCD_plus_7R_plus_10D,3,3076,55,3.835625061183249,14.712019609976998,45.23703,0.47513989321202554
A1_LCD_plus_7R_plus_10D,3,3076,56,2.5146551670372403,6.323490609107091,6.9344635,0.1146454974343398
A1_LCD_plus_7R_plus_10D,3,3076,57,2.94764345423404,8.688601933288783,83.21309,0.23737376659400794
A1_LCD_plus_7R_plus_10D,3,3076,58,2.4025697473890566,5.772341391069116,68.25458,0.15248952899078166
A1_LCD_plus_7R_plus_10D,3,3076,59,3.1963966691183976,10.216951666351187,47.036816,0.4718871033971036
A1_LCD_plus_7R_plus_10D,3,3076,60,3.9513380795186928,15.613072618654472,164.15483,0.4637593836279382
A1_LCD_plus_7R_plus_10D,3,3076,61,4.195598968351709,17.603050703233926,74.91399,0.5536308294962166
A1_LCD_plus_7R_plus_10D,3,3076,62,3.1716655424236153,10.059462312997281,34.120674,0.5775622737505874
A1_LCD_plus_7R_plus_10D,3,3076,63,4.670822354698583,21.816581469152,103.3824,0.7159139087605453
A1_LCD_plus_7R_plus_10D,3,3076,64,2.860424322069811,8.182027302288539,53.07273,0.39149152191963843
A1_LCD_plus_7R_plus_10D,3,3076,65,3.121360800785627,9.742893248681089,20.243511,0.16377677488107223
A1_LCD_plus_7R_plus_10D,3,3076,66,3.837852681346158,14.729113203715894,74.966675,0.22057353935973922
A1_LCD_plus_7R_plus_10D,3,3076,67,2.8369646391352688,8.048368363703906,19.418167,0.3621315363051676
A1_LCD_plus_7R_plus_10D,3,3076,68,3.0605764545251,9.367128233993432,15.318088,0.36456305274311507
A1_LCD_plus_7R_plus_10D,3,3076,69,3.2355108548966927,10.46853049215433,25.118727,0.3006077111148668
A1_LCD_plus_7R_plus_10D,3,3076,70,2.7897516717706057,7.782714390146888,63.232063,0.3155034541491614
A1_LCD_plus_7R_plus_10D,3,3076,71,3.0584529714826676,9.354134578771157,72.7502,0.3812202479724432
A1_LCD_plus_7R_plus_10D,3,3076,72,4.397951529921783,19.341977659541346,184.59839,0.5545892771087351
A1_LCD_plus_7R_plus_10D,3,3076,73,4.2842030091573475,18.354395423672866,149.04364,0.597531926983315
A1_LCD_plus_7R_plus_10D,3,3076,74,5.46501860912558,29.86642839808889,163.04593,0.8534602712620143
A1_LCD_plus_7R_plus_10D,3,3076,75,5.143086741466199,26.451341230245408,266.72064,0.7741823261762145
A1_LCD_plus_7R_plus_10D,3,3076,76,3.449775123040276,11.900948399547547,39.784054,0.36001854292872487
A1_LCD_plus_7R_plus_10D,3,3076,77,3.056692443401372,9.343368693547047,51.28085,0.5256582592862536
A1_LCD_plus_7R_plus_10D,3,3076,78,4.275242849463754,18.27770142189096,107.13044,0.8059160897622053
A1_LCD_plus_7R_plus_10D,3,3076,79,5.869349458351323,34.44926306424897,281.41083,0.7833942182122661
A1_LCD_plus_7R_plus_10D,3,3076,80,3.808760102138488,14.506653515641982,133.85703,0.5983242402653631
A1_LCD_plus_7R_plus_10D,3,3076,81,4.643148234759935,21.558825529954305,229.39594,0.7073791645398841
A1_LCD_plus_7R_plus_10D,3,3076,82,4.913412473454364,24.141622134296934,154.328,0.553221100657402
A1_LCD_plus_7R_plus_10D,3,3076,83,5.791187466500501,33.5378522721525,318.0454,0.8660557948763487
A1_LCD_plus_7R_plus_10D,3,3076,84,4.687530195252986,21.972939331408504,211.30693,0.731924320245199
A1_LCD_plus_7R_plus_10D,3,3076,85,3.2686830065424166,10.684288597259174,42.34909,0.3365954543355678
A1_LCD_plus_7R_plus_10D,3,3076,86,3.0034018397849715,9.02042261122375,47.7146,0.15909912836733045
A1_LCD_plus_7R_plus_10D,3,3076,87,3.92483390248067,15.404321162061642,134.16652,0.3856720540410933
A1_LCD_plus_7R_plus_10D,3,3076,88,3.6412539128331654,13.258730057722834,35.300346,0.32708204022164383
A1_LCD_plus_7R_plus_10D,3,3076,89,3.6465053192078667,13.297001043011269,72.919014,0.5036119141046308
A1_LCD_plus_7R_plus_10D,3,3076,90,3.3292568445311344,11.083951136857404,32.232876,0.3429980572912033
A1_LCD_plus_7R_plus_10D,3,3076,91,2.957519679544332,8.74692265489201,16.198717,0.2195986671673298
A1_LCD_plus_7R_plus_10D,3,3076,92,3.024934047625062,9.150225992481339,46.247066,0.49637410749092264
A1_LCD_plus_7R_plus_10D,3,3076,93,3.3809186877543285,11.430611173206453,45.39499,0.3241766396414041
A1_LCD_plus_7R_plus_10D,3,3076,94,3.6091433539157785,13.025915749114432,44.67412,0.14294197295715302
A1_LCD_plus_7R_plus_10D,3,3076,95,3.302086469010873,10.9037750488247,89.647,0.2968267293178731
A1_LCD_plus_7R_plus_10D,3,3076,96,3.6826221298119237,13.561705750980508,69.297874,0.5675750021243048
A1_LCD_plus_7R_plus_10D,3,3076,97,2.9508629681767853,8.707592256957106,58.534714,0.40860225248891
A1_LCD_plus_7R_plus_10D,3,3076,98,3.3252072381131126,11.057003176399835,9.881256,0.24419580947372094
A1_LCD_plus_7R_plus_10D,3,3076,99,3.560193645699014,12.67497879487564,12.173732,0.13688555882886114
A1_LCD_plus_7R_plus_10D,3,3076,100,2.772700813821956,7.687869802968939,29.0066,0.12047468302397382
A1_LCD_plus_7R_plus_10D,3,3076,101,3.7724288298644573,14.231219276392517,146.4775,0.46559305329321066
A1_LCD_plus_7R_plus_10D,3,3076,102,3.782327941254625,14.30600465519545,73.094826,0.5618608982272909
A1_LCD_plus_7R_plus_10D,3,3076,103,3.5335519597230385,12.485989452062528,58.354908,0.6569201987330134
A1_LCD_plus_7R_plus_10D,3,3076,104,3.826290345238707,14.640497806066946,109.14871,0.465854846560137
A1_LCD_plus_7R_plus_10D,3,3076,105,2.752392308439268,7.5756634195556405,108.83062,0.2372507855497705
A1_LCD_plus_7R_plus_10D,3,3076,106,3.3936660339686076,11.51696915011222,167.38562,0.6894422322911686
A1_LCD_plus_7R_plus_10D,3,3076,107,2.951815508786226,8.713214797910885,61.986134,0.4181551349057004
A1_LCD_plus_7R_plus_10D,3,3076,108,3.824065891363986,14.623479941493432,105.21889,0.4534433419446917
A1_LCD_plus_7R_plus_10D,3,3076,109,5.824440977479162,33.924112700138416,209.46341,0.6437422990164337
A1_LCD_plus_7R_plus_10D,3,3076,110,3.79678056445437,14.415542654618442,29.653801,0.27840491363586545
A1_LCD_plus_7R_plus_10D,3,3076,111,2.6462569198635677,7.0026756859258175,19.208725,0.1400278345899661
A1_LCD_plus_7R_plus_10D,3,3076,112,2.295186820003945,5.267882538719821,45.621883,0.12178343465489819
A1_LCD_plus_7R_plus_10D,3,3076,113,2.740499653166493,7.51033834900567,38.181824,0.0586048011464529
A1_LCD_plus_7R_plus_10D,3,3076,114,4.301374417711499,18.501821881342938,166.55025,0.6190540369377011
A1_LCD_plus_7R_plus_10D,3,3076,115,2.667191986132037,7.113913090886959,15.60948,0.29376001730117274
A1_LCD_plus_7R_plus_10D,3,3076,116,3.311319504808817,10.96483686292731,55.259594,0.16956932222833057
A1_LCD_plus_7R_plus_10D,3,3076,117,2.925936339944432,8.561103465407419,71.11927,0.11424153267407855
A1_LCD_plus_7R_plus_10D,3,3076,118,2.973104545990098,8.839350641386988,54.09207,0.04969715413566453
A1_LCD_plus_7R_plus_10D,3,3076,119,3.3035840225245456,10.913667393879457,97.402695,0.2932685332013394
A1_LCD_plus_7R_plus_10D,3,3076,120,2.86852917210822,8.228459611235872,19.788467,0.295201836491168
A1_LCD_plus_7R_plus_10D,3,3076,121,2.6339754994968376,6.937826931949614,18.85036,0.4023230738935768
A1_LCD_plus_7R_plus_10D,3,3076,122,3.78064476070824,14.293274806670667,109.88162,0.6392605668607241
A1_LCD_plus_7R_plus_10D,3,3076,123,2.562660968905284,6.567231241550569,28.967758,0.14650905402335582
A1_LCD_plus_7R_plus_10D,3,3076,124,3.05000359755717,9.302521945111682,74.63749,0.3791100406130731
A1_LCD_plus_7R_plus_10D,3,3076,125,3.219002477080755,10.361976947452037,5.807289,0.2325139822856514
A1_LCD_plus_7R_plus_10D,3,3076,126,2.696115921866972,7.269041064144592,35.81628,0.21011413949771385
A1_LCD_plus_7R_plus_10D,3,3076,127,3.6979622052112227,13.674924471170645,131.0022,0.4009460873002897
A1_LCD_plus_7R_plus_10D,3,3076,128,3.366643640238583,11.334289400358898,76.21353,0.21384961086118
A1_LCD_plus_7R_plus_10D,3,3076,129,3.9415942618018507,15.536165324669277,59.0148,0.1841810647510202
A1_LCD_plus_7R_plus_10D,3,3076,130,3.03521915663491,9.212555328803532,30.155426,0.24207910863579032
A1_LCD_plus_7R_plus_10D,3,3076,131,3.139356328058052,9.855558154518137,40.96955,0.32405753479214916
A1_LCD_plus_7R_plus_10D,3,3076,132,2.387849503195052,5.7018252499088575,7.3649707,0.1753375934189775
A1_LCD_plus_7R_plus_10D,3,3076,133,3.4193959220582606,11.692268471788664,45.436787,0.42391993448022836
A1_LCD_plus_7R_plus_10D,3,3076,134,3.2840009214442367,10.784662052046595,52.43206,0.35954215917355425
A1_LCD_plus_7R_plus_10D,3,3076,135,4.471564066564734,19.99488520139294,157.5514,0.5034769661125086
A1_LCD_plus_7R_plus_10D,3,3076,136,3.863959826528696,14.930185541027672,149.96051,0.6158670588603871
A1_LCD_plus_7R_plus_10D,3,3076,137,3.639057314643956,13.242738139263679,44.16461,0.3499338035812044
A1_LCD_plus_7R_plus_10D,3,3076,138,3.067796527920584,9.41137553672159,3.66073,0.31434744349855415
A1_LCD_plus_7R_plus_10D,3,3076,139,3.3060673066739756,10.930081036258516,109.59909,0.17463709399401556
A1_LCD_plus_7R_plus_10D,3,3076,140,2.6806337634584776,7.1857973737935605,35.22035,0.2086078893749541
A1_LCD_plus_7R_plus_10D,3,3076,141,3.510176753540217,12.321340841094138,134.40344,0.5695606930714135
A1_LCD_plus_7R_plus_10D,3,3076,142,3.223778237581542,10.392746125104352,51.29229,0.5448279461117956
A1_LCD_plus_7R_plus_10D,3,3076,143,3.998756279619773,15.990051783798569,132.24788,0.6467453163244739
A1_LCD_plus_7R_plus_10D,3,3076,144,2.7060323085529068,7.322610854932176,33.014587,0.10008727184607635
A1_LCD_plus_7R_plus_10D,3,3076,145,3.1997558423847603,10.238437450875407,53.101685,0.26297235176929235
A1_LCD_plus_7R_plus_10D,3,3076,146,3.364979333843036,11.323085917190722,36.300716,0.25582660357010073
A1_LCD_plus_7R_plus_10D,3,3076,147,3.207548370910614,10.28836655173133,5.169237,0.39003047759702714
A1_LCD_plus_7R_plus_10D,3,3076,148,3.3541604884779597,11.250392582466706,96.562584,0.4589785661282899
A1_LCD_plus_7R_plus_10D,3,3076,149,4.964505413101777,24.64631399671684,222.34915,0.7840018449587125
A1_LCD_plus_7R_plus_10D,3,3076,150,3.934287071269801,15.478614759160708,107.59852,0.31188700453991414
A1_LCD_plus_7R_plus_10D,3,3076,151,2.6510565834588076,7.028101008700287,19.149137,0.20013427074552226
A1_LCD_plus_7R_plus_10D,3,3076,152,4.210028762433024,17.724342180513336,154.29338,0.7042525082145978
A1_LCD_plus_7R_plus_10D,3,3076,153,4.008062878271042,16.064568036174354,106.1593,0.665947557558383
A1_LCD_plus_7R_plus_10D,3,3076,154,4.470114746737334,19.981925848998582,136.25172,0.5465307177970803
A1_LCD_plus_7R_plus_10D,3,3076,155,3.49077248692118,12.185492555445881,60.274582,0.24368890011391953
A1_LCD_plus_7R_plus_10D,3,3076,156,4.337170829947561,18.811050808148014,136.03952,0.7153565081956135
A1_LCD_plus_7R_plus_10D,3,3076,157,3.8975790055603965,15.191122104585169,112.35244,0.4331713517869821
A1_LCD_plus_7R_plus_10D,3,3076,158,4.186625861834979,17.527836106985482,192.56586,0.5277315265332257
A1_LCD_plus_7R_plus_10D,3,3076,159,3.7409519200341816,13.99472126800743,81.47679,0.4783994111006812
A1_LCD_plus_7R_plus_10D,3,3076,160,2.625026213687443,6.890762622546233,15.525005,0.15117684968483774
A1_LCD_plus_7R_plus_10D,3,3076,161,2.32722803148097,5.415990310510792,20.269924,0.2065506424465512
A1_LCD_plus_7R_plus_10D,3,3076,162,2.848128139520787,8.111833899130138,16.587536,0.6189332106659099
A1_LCD_plus_7R_plus_10D,3,3076,163,2.899186676053198,8.405283382604392,31.208426,0.238640601469862
A1_LCD_plus_7R_plus_10D,3,3076,164,4.261850531596891,18.1633699536727,62.665085,0.6739909337392396
A1_LCD_plus_7R_plus_10D,3,3076,165,3.987084437211305,15.896842309452586,57.80266,0.2943216577287958
A1_LCD_plus_7R_plus_10D,3,3076,166,3.8724860191526735,14.996147968532922,138.606,0.4651615605872641
A1_LCD_plus_7R_plus_10D,3,3076,167,2.8855260325845724,8.326260484723264,22.126534,0.2097520554918454
A1_LCD_plus_7R_plus_10D,3,3076,168,3.9612134327085,15.691211859470261,86.97937,0.478428999566322
A1_LCD_plus_7R_plus_10D,3,3076,169,2.4426203561091926,5.966394204078998,18.488712,0.21448005359903338
A1_LCD_plus_7R_plus_10D,3,3076,170,3.158343735875877,9.975135153946391,63.207317,0.3584415547973712
A1_LCD_plus_7R_plus_10D,3,3076,171,5.955161744907677,35.46395140801186,256.38327,0.8875517322553932
A1_LCD_plus_7R_plus_10D,3,3076,172,5.815453867408921,33.81950368396138,199.51399,0.7881255306120389
A1_LCD_plus_7R_plus_10D,3,3076,173,5.18823680745778,26.917801170259697,175.11234,0.5494459809961996
A1_LCD_plus_7R_plus_10D,3,3076,174,2.731713380476607,7.462257993074932,34.693977,0.12195423154473764
A1_LCD_plus_7R_plus_10D,3,3076,175,2.6338978897452776,6.937418093604626,18.11512,0.23114870926259232
A1_LCD_plus_7R_plus_10D,3,3076,176,3.479794208059651,12.10896773044549,89.06288,0.352925211779444
A1_LCD_plus_7R_plus_10D,3,3076,177,3.3603195213738966,11.291747285726494,45.344772,0.524649179237505
A1_LCD_plus_7R_plus_10D,3,3076,178,3.122815796310758,9.751978497687993,16.590527,0.39061674137703317
A1_LCD_plus_7R_plus_10D,3,3076,179,3.150474627533031,9.925490378729389,38.934334,0.16097603954413006
A1_LCD_plus_7R_plus_10D,3,3076,180,4.000125913078814,16.00100732048462,93.197205,0.42228401744263977
A1_LCD_plus_7R_plus_10D,3,3076,181,2.8268642975260807,7.991161756627621,56.887627,0.2052889496020312
A1_LCD_plus_7R_plus_10D,3,3076,182,2.3156055054223716,5.362028856742397,8.048015,0.29830299859136483
A1_LCD_plus_7R_plus_10D,3,3076,183,3.3203510633518576,11.024731183901812,89.18614,0.4720660549260396
A1_LCD_plus_7R_plus_10D,3,3076,184,4.889675018797356,23.90892178945093,216.1452,0.6870593642734948
A1_LCD_plus_7R_plus_10D,3,3076,185,4.5228128278767565,20.45583587600654,105.18286,0.42927006376333293
A1_LCD_plus_7R_plus_10D,3,3076,186,5.189808935156155,26.934116783426663,277.2483,0.8274362709228276
A1_LCD_plus_7R_plus_10D,3,3076,187,4.111352404561387,16.903218594492703,115.07555,0.7091441263352365
A1_LCD_plus_7R_plus_10D,3,3076,188,5.453826304332059,29.74422135782428,148.44753,0.7325482824073553
A1_LCD_plus_7R_plus_10D,3,3076,189,5.369205177880911,28.828364242183177,291.91403,0.7896064465074852
A1_LCD_plus_7R_plus_10D,3,3076,190,3.496396362407957,12.224787523059591,66.62994,0.377166590747143
A1_LCD_plus_7R_plus_10D,3,3076,191,3.3286537615043024,11.079935863976742,13.144522,0.1812231162192804
A1_LCD_plus_7R_plus_10D,3,3076,192,3.2217060409641407,10.379389814384837,25.14825,0.18159900690940534
A1_LCD_plus_7R_plus_10D,3,3076,193,2.3487707061751815,5.5167238301866615,26.03004,0.19645639149598654
A1_LCD_plus_7R_plus_10D,3,3076,194,2.7624474891827693,7.631116130492183,14.930065,0.12613838801439758
A1_LCD_plus_7R_plus_10D,3,3076,195,3.0136361079753726,9.08200259129295,61.383915,0.26232087112919245
A1_LCD_plus_7R_plus_10D,3,3076,196,2.6625872938879156,7.089371097573374,23.766178,0.32642776660486855
A1_LCD_plus_7R_plus_10D,3,3076,197,2.6887320014145923,7.229279775430919,79.06366,0.4572755080103572
A1_LCD_plus_7R_plus_10D,3,3076,198,3.439937400999522,11.833169322795344,144.34525,0.5270118819382229
A1_LCD_plus_7R_plus_10D,3,3076,199,3.4078381091221686,11.613360577985357,59.669212,0.0908283321069574
A1_LCD_plus_7R_plus_10D,3,3076,200,2.7878306774830603,7.771999886315659,65.14449,0.05183668914208166
A1_LCD_plus_7R_plus_10D,3,3076,201,3.890386342335515,15.135105892630706,22.81857,0.3132204383382742
A1_LCD_plus_7R_plus_10D,3,3076,202,3.164910879948391,10.016660878015694,32.792656,0.26121926105626003
A1_LCD_plus_7R_plus_10D,3,3076,203,3.4077994341508786,11.613096983399045,116.54647,0.5062754785224672
A1_LCD_plus_7R_plus_10D,3,3076,204,4.20657669396782,17.695287482233237,141.23325,0.6492364966400034
A1_LCD_plus_7R_plus_10D,3,3076,205,3.820550578334251,14.59660672161018,106.958916,0.6337430499717601
A1_LCD_plus_7R_plus_10D,3,3076,206,3.2150366115152487,10.33646041338345,57.706837,0.362248621334459
A1_LCD_plus_7R_plus_10D,3,3076,207,3.663623878877451,13.422139925881057,27.55651,0.37241838605663335
A1_LCD_plus_7R_plus_10D,3,3076,208,2.94416911836478,8.668131797532846,33.04706,0.10836133426210963
A1_LCD_plus_7R_plus_10D,3,3076,209,3.5759897764382558,12.78770288119093,51.05829,0.6281579839020643
A1_LCD_plus_7R_plus_10D,3,3076,210,3.689951821616807,13.615744445853194,127.931656,0.5270453432466741
A1_LCD_plus_7R_plus_10D,3,3076,211,2.781372188243041,7.736031249531879,47.208996,0.19213216214351853
A1_LCD_plus_7R_plus_10D,3,3076,212,3.448602585900269,11.89285979547803,49.50293,0.5279351740359892
A1_LCD_plus_7R_plus_10D,3,3076,213,4.555164698522172,20.749525430662587,159.66594,0.6302603928864269
A1_LCD_plus_7R_plus_10D,3,3076,214,3.1670378053134014,10.030128460284326,84.83113,0.26123037051533177
A1_LCD_plus_7R_plus_10D,3,3076,215,2.9044906187716992,8.436065754532805,6.583004,0.2224703611561849
A1_LCD_plus_7R_plus_10D,3,3076,216,2.98987801336386,8.939370534796621,90.48273,0.18917236135417073
A1_LCD_plus_7R_plus_10D,3,3076,217,3.7753910293831177,14.253577424746519,113.848175,0.4618204641878192
A1_LCD_plus_7R_plus_10D,3,3076,218,3.9442440227231326,15.557060910787154,145.54593,0.5655711914760069
A1_LCD_plus_7R_plus_10D,3,3076,219,5.272667501057786,27.80102257671095,162.2123,0.6640249113798676
A1_LCD_plus_7R_plus_10D,3,3076,220,3.8641994897979703,14.932037696954895,59.917423,0.6778252321036682
A1_LCD_plus_7R_plus_10D,3,3076,221,3.5117390706374834,12.33231130024182,19.063456,0.1464361765809474
A1_LCD_plus_7R_plus_10D,3,3076,222,4.784055760710322,22.887189521585615,126.44571,0.7816644100306887
A1_LCD_plus_7R_plus_10D,3,3076,223,4.344220455843248,18.872251368966914,106.29091,0.5657853994770524
A1_LCD_plus_7R_plus_10D,3,3076,224,3.154941523276774,9.953656015295973,70.6778,0.5272301506330288
A1_LCD_plus_7R_plus_10D,3,3076,225,3.2126569951611903,10.321164968558127,129.31421,0.642719776298873
A1_LCD_plus_7R_plus_10D,3,3076,226,2.7534864048671492,7.58168738178822,28.070097,0.3325329499656481
A1_LCD_plus_7R_plus_10D,3,3076,227,2.80182813096965,7.850240875492884,54.053177,0.17314396027152126
A1_LCD_plus_7R_plus_10D,3,3076,228,2.945795751789228,8.677712611259468,4.9850063,0.24086073409211903
A1_LCD_plus_7R_plus_10D,3,3076,229,3.9894442080361663,15.915665089033311,101.96378,0.4023387878194125
A1_LCD_plus_7R_plus_10D,3,3076,230,5.102059681465334,26.031012993234135,184.84232,0.7077594898478855
A1_LCD_plus_7R_plus_10D,3,3076,231,3.8943586788692026,15.166029519683883,51.10771,0.2156438476807675
A1_LCD_plus_7R_plus_10D,3,3076,232,2.887113823434761,8.335426229468084,46.371395,0.2955475909870171
A1_LCD_plus_7R_plus_10D,3,3076,233,2.282641583065486,5.210452596739708,19.24262,0.11952946037466042
A1_LCD_plus_7R_plus_10D,3,3076,234,2.8792164999300423,8.289887653469407,47.00548,0.34430245248110636
A1_LCD_plus_7R_plus_10D,3,3076,235,2.5479434402350845,6.4920157746369975,64.70929,0.3660792963673844
A1_LCD_plus_7R_plus_10D,3,3076,236,2.2745417316772136,5.173540089141176,46.46482,0.15436945869975888
A1_LCD_plus_7R_plus_10D,3,3076,237,2.569841206888796,6.604083828623666,8.944185,0.2484502783470959
A1_LCD_plus_7R_plus_10D,3,3076,238,3.513967921091867,12.347970550462703,62.64902,0.3388664295922186
A1_LCD_plus_7R_plus_10D,3,3076,239,3.6434766352414436,13.274921991550311,33.784298,0.4338902167998362
A1_LCD_plus_7R_plus_10D,3,3076,240,3.139908728509229,9.859026823368444,96.83963,0.12046995126535691
A1_LCD_plus_7R_plus_10D,3,3076,241,3.131642290737546,9.807183437135906,46.710052,0.06674386733141403
A1_LCD_plus_7R_plus_10D,3,3076,242,3.4643918559009044,12.002010931232514,74.90367,0.3340846912027891
A1_LCD_plus_7R_plus_10D,3,3076,243,4.364409285679817,19.04806841292821,64.28972,0.23661068275323738
A1_LCD_plus_7R_plus_10D,3,3076,244,2.473731559380345,6.1193478278743125,48.163437,0.16064518603708625
A1_LCD_plus_7R_plus_10D,3,3076,245,3.140618635498906,9.863485413643007,21.337969,0.3039399106810296
A1_LCD_plus_7R_plus_10D,3,3076,246,2.765912232264559,7.650270476590714,27.381008,0.2715114081655569
A1_LCD_plus_7R_plus_10D,3,3076,247,2.6727065066840217,7.1433600708711085,79.77231,0.10742278731330891
A1_LCD_plus_7R_plus_10D,3,3076,248,3.9672528106480516,15.739094863594863,131.28023,0.3649850543479356
A1_LCD_plus_7R_plus_10D,3,3076,249,4.79554513515304,22.997253143289992,132.34488,0.8226418673911775
A1_LCD_plus_7R_plus_10D,3,3076,250,5.121584053350527,26.230623215534415,204.37231,0.8718704741405081
A1_LCD_plus_7R_plus_10D,3,3076,251,5.984195454554366,35.81059523830914,354.95767,0.8068580608131373
A1_LCD_plus_7R_plus_10D,3,3076,252,4.422927453604845,19.56228725985144,126.49662,0.5769199169423773
A1_LCD_plus_7R_plus_10D,3,3076,253,4.181599701312174,17.485776062014054,174.78247,0.6349960897228903
A1_LCD_plus_7R_plus_10D,3,3076,254,4.394057694735786,19.307743024666774,150.26846,0.7263845427158021
A1_LCD_plus_7R_plus_10D,3,3076,255,4.4706302439550765,19.98653477816583,138.03589,0.4305002016349441
A1_LCD_plus_7R_plus_10D,3,3076,256,3.5330068129220376,12.482137140153537,78.65029,0.4754227601799649
A1_LCD_plus_7R_plus_10D,3,3076,257,3.7777126705497395,14.27111302123204,135.99422,0.4892789476180455
A1_LCD_plus_7R_plus_10D,3,3076,258,3.996006557182775,15.968068405047735,57.68477,0.5901223665762354
A1_LCD_plus_7R_plus_10D,3,3076,259,3.327955112603622,11.075285231504587,41.04232,0.5392970458094162
A1_LCD_plus_7R_plus_10D,3,3076,260,2.257223279617136,5.095056934045539,24.667538,0.24639014269898302
A1_LCD_plus_7R_plus_10D,3,3076,261,2.476405044716181,6.13258194549575,21.755272,0.1439636910121545
A1_LCD_plus_7R_plus_10D,3,3076,262,3.9559420010039017,15.649477115306754,71.574326,0.6099477198620903
A1_LCD_plus_7R_plus_10D,3,3076,263,4.285880079119799,18.368768052595943,143.94318,0.7131585089743158
A1_LCD_plus_7R_plus_10D,3,3076,264,3.1045939899866313,9.638503842661112,7.736472,0.23691630772858707
A1_LCD_plus_7R_plus_10D,3,3076,265,3.536548556634059,12.50717569343044,58.838966,0.49872187533566203
A1_LCD_plus_7R_plus_10D,3,3076,266,3.7090784153650644,13.757262691327014,72.52934,0.6498255854482402
A1_LCD_plus_7R_plus_10D,3,3076,267,4.387409522677028,19.24936231967706,113.62851,0.44748034487551724
A1_LCD_plus_7R_plus_10D,3,3076,268,3.7742321814045208,14.24482855914953,113.38234,0.6372429432924926
A1_LCD_plus_7R_plus_10D,3,3076,269,3.3010535669005017,10.896954651546528,35.5717,0.2797598549095
A1_LCD_plus_7R_plus_10D,3,3076,270,4.018625208066183,16.149348562904972,165.22617,0.3793359676769005
A1_LCD_plus_7R_plus_10D,3,3076,271,4.354632129426659,18.962820982634966,78.93584,0.41586906348602476
A1_LCD_plus_7R_plus_10D,3,3076,272,4.374134944219471,19.133056510241875,159.81734,0.6775785255742515
A1_LCD_plus_7R_plus_10D,3,3076,273,2.530485960491206,6.403359196243103,5.2721148,0.16988751660731383
A1_LCD_plus_7R_plus_10D,3,3076,274,3.1454667736306474,9.89396122401439,37.80826,0.319659801125643
A1_LCD_plus_7R_plus_10D,3,3076,275,2.6822890806263744,7.194674712047483,29.123455,0.3227614422679337
A1_LCD_plus_7R_plus_10D,3,3076,276,3.0921662435286565,9.561492077618125,28.93412,0.1677127287437356
A1_LCD_plus_7R_plus_10D,3,3076,277,3.6592368888408147,13.390014608653406,95.43202,0.3569062837178147
A1_LCD_plus_7R_plus_10D,3,3076,278,2.822797845505217,7.968187676588892,46.875565,0.17631782876375293
A1_LCD_plus_7R_plus_10D,3,3076,279,3.8382460338474553,14.732132616345721,127.13511,0.714541734400885
A1_LCD_plus_7R_plus_10D,3,3076,280,3.184522564848374,10.141183966028462,74.56179,0.23111752057500246
A1_LCD_plus_7R_plus_10D,3,3076,281,2.502820938394504,6.264112649665946,21.714417,0.2517010816938499
A1_LCD_plus_7R_plus_10D,3,3076,282,2.8575339487302562,8.165500268145928,10.9226,0.17056847011142182
A1_LCD_plus_7R_plus_10D,3,3076,283,2.8147113462125977,7.922599962497934,36.416138,0.25924168984294016
A1_LCD_plus_7R_plus_10D,3,3076,284,3.66028323724047,13.397673376823573,57.005314,0.45951735682033384
A1_LCD_plus_7R_plus_10D,3,3076,285,3.3543224490453123,11.251479092169342,102.617615,0.2275328832286435
A1_LCD_plus_7R_plus_10D,3,3076,286,4.2779970225799016,18.301258525202503,129.00418,0.6428099215163412
A1_LCD_plus_7R_plus_10D,3,3076,287,4.278555962828143,18.306041127052264,152.49623,0.5612465216406902
A1_LCD_plus_7R_plus_10D,3,3076,288,3.571769037761298,12.757534059110267,89.35253,0.2893219334109953
A1_LCD_plus_7R_plus_10D,3,3076,289,4.942056252430307,24.423920002185483,269.99625,0.651735975951121
A1_LCD_plus_7R_plus_10D,3,3076,290,4.853237515844657,23.553914385202013,131.0763,0.7669407590879825
A1_LCD_plus_7R_plus_10D,3,3076,291,3.930963531677652,15.452474287379637,143.33525,0.5875720406448803
A1_LCD_plus_7R_plus_10D,3,3076,292,2.79402040809051,7.806550040826261,13.484388,0.41705027242869147
A1_LCD_plus_7R_plus_10D,3,3076,293,2.977111012466344,8.86318998054838,6.506906,0.16553519574548003
A1_LCD_plus_7R_plus_10D,3,3076,294,3.48195496208155,12.12401035796433,31.612059,0.4122383452406492
A1_LCD_plus_7R_plus_10D,3,3076,295,3.3720441481266756,11.370681736915355,77.20023,0.25815954282505515
A1_LCD_plus_7R_plus_10D,3,3076,296,3.7748968849747695,14.249846492192217,33.79944,0.41271286528172363
A1_LCD_plus_7R_plus_10D,3,3076,297,3.502783286843729,12.269490754591759,68.063034,0.3294007074696498
A1_LCD_plus_7R_plus_10D,3,3076,298,4.383587835723156,19.215842313500023,98.97479,0.6569078284247953
A1_LCD_plus_7R_plus_10D,3,3076,299,3.4910203986904476,12.187223424072814,149.21304,0.45761681635111534
A1_LCD_plus_7R_plus_10D,3,3076,300,3.309037854907511,10.949731525210902,85.11111,0.4711450316432246
A1_LCD_plus_7R_plus_10D,3,3076,301,3.8643786336215196,14.933422223990522,108.248245,0.5168507464900093
A1_LCD_plus_7R_plus_10D,3,3076,302,5.466631543341511,29.884060430656398,217.645,0.7364013858429939
A1_LCD_plus_7R_plus_10D,3,3076,303,2.5707444425130617,6.608726988711791,23.704721,0.16371279206957268
A1_LCD_plus_7R_plus_10D,3,3076,304,2.7973274481343235,7.825040852085683,103.943695,0.34294046736652795
A1_LCD_plus_7R_plus_10D,3,3076,305,3.4056963674929404,11.598767747554609,27.75552,0.6622532187156663
A1_LCD_plus_7R_plus_10D,3,3076,306,2.5988227002555884,6.7538794273637475,5.762866,0.23528537209978445
A1_LCD_plus_7R_plus_10D,3,3076,307,2.734734483178966,7.478772693488124,41.615383,0.26788815517280745
A1_LCD_plus_7R_plus_10D,3,3076,308,3.090440204567045,9.5508206580044,74.10383,0.31391283512451074
A1_LCD_plus_7R_plus_10D,3,3076,309,4.28942684107588,18.399182624942203,170.54738,0.4980819819165607
A1_LCD_plus_7R_plus_10D,3,3076,310,4.687981179913786,21.97716754322585,215.07846,0.7391063732769233
A1_LCD_plus_7R_plus_10D,3,3076,311,3.9326301006474753,15.465579508518575,137.68178,0.6815927758660818
A1_LCD_plus_7R_plus_10D,3,3076,312,5.067885416228902,25.683462592025595,172.48286,0.706974868157884
A1_LCD_plus_7R_plus_10D,3,3076,313,5.064906797157774,25.653280863895013,152.77856,0.7817547705329575
A1_LCD_plus_7R_plus_10D,3,3076,314,3.2974148161153463,10.872944469537007,61.558586,0.350904440242151
A1_LCD_plus_7R_plus_10D,3,3076,315,2.842840971287948,8.081744788033406,34.06503,0.2144901086246369
A1_LCD_plus_7R_plus_10D,3,3076,316,3.0094689195846853,9.056903177946209,18.099216,0.497018205311088
A1_LCD_plus_7R_plus_10D,3,3076,317,3.4244783253692233,11.727051800923597,56.48979,0.3037631265288871
A1_LCD_plus_7R_plus_10D,3,3076,318,3.479561389851592,12.107347465745944,3.0880806,0.6013651097654934
A1_LCD_plus_7R_plus_10D,3,3076,319,3.543040627995776,12.5531368916287,38.17847,0.6298146712335562
A1_LCD_plus_7R_plus_10D,3,3076,320,4.700479377404998,22.09450637740968,171.30115,0.7958401045634134
A1_LCD_plus_7R_plus_10D,3,3076,321,4.4771167063855515,20.044574002596608,66.63266,0.6316643874708443
A1_LCD_plus_7R_plus_10D,3,3076,322,4.221185661231586,17.818408386587144,98.17291,0.5332517958104805
A1_LCD_plus_7R_plus_10D,3,3076,323,4.570026312237841,20.8851404945462,98.497665,0.761614123157448
A1_LCD_plus_7R_plus_10D,3,3076,324,5.090270548890403,25.910854260901,159.12091,0.6522072703467627
A1_LCD_plus_7R_plus_10D,3,3076,325,3.672365322135585,13.486267059224,58.33981,0.5423582532109318
A1_LCD_plus_7R_plus_10D,3,3076,326,2.8361505329116365,8.04374984533496,39.28597,0.2755768333748906
A1_LCD_plus_7R_plus_10D,3,3076,327,3.392418115520738,11.508500670513278,21.68863,0.49898738009465515
A1_LCD_plus_7R_plus_10D,3,3076,328,3.756472820709559,14.11108805272963,70.67621,0.5094326150518242
A1_LCD_plus_7R_plus_10D,3,3076,329,2.6325088354300257,6.930102768617148,32.356594,0.19014179794651148
A1_LCD_plus_7R_plus_10D,3,3076,330,2.8657825213715085,8.21270945979844,16.820026,0.23899595712261174
A1_LCD_plus_7R_plus_10D,3,3076,331,5.250461967516905,27.567350872341496,158.15024,0.6383580913251996
A1_LCD_plus_7R_plus_10D,3,3076,332,5.820181171610944,33.87450887037455,270.90802,0.790142933630458
A1_LCD_plus_7R_plus_10D,3,3076,333,5.188538029889789,26.920926887612612,213.0736,0.772816110883177
A1_LCD_plus_7R_plus_10D,3,3076,334,2.5331508767081075,6.416853364167055,31.262232,0.14821546185030882
A1_LCD_plus_7R_plus_10D,3,3076,335,3.4850237543497307,12.14539056838189,55.040092,0.5851567122397421
A1_LCD_plus_7R_plus_10D,3,3076,336,2.6642661495781472,7.098314115787966,43.808235,0.41054148633962273
A1_LCD_plus_7R_plus_10D,3,3076,337,3.236446892715893,10.47458848937036,20.85231,0.21369934924612133
A1_LCD_plus_7R_plus_10D,3,3076,338,4.356419473957641,18.978390633077375,79.92572,0.5789078107894038
A1_LCD_plus_7R_plus_10D,3,3076,339,3.901569233213819,15.22224248156067,147.3067,0.6167896513914954
A1_LCD_plus_7R_plus_10D,3,3076,340,4.5678577167058725,20.86532412006938,145.47974,0.6700245934823612
A1_LCD_plus_7R_plus_10D,3,3076,341,3.400700447150394,11.56476353124889,98.44307,0.43136297104765897
A1_LCD_plus_7R_plus_10D,3,3076,342,3.0287980592062316,9.173617683451438,83.28842,0.40616310486099516
A1_LCD_plus_7R_plus_10D,3,3076,343,2.5469870069184575,6.487142813411444,6.127777,0.21845984675884683
A1_LCD_plus_7R_plus_10D,3,3076,344,3.602600397269816,12.978729622408633,15.916372,0.30711594339994536
A1_LCD_plus_7R_plus_10D,3,3076,345,2.4835607760009135,6.168074128090259,41.43864,0.12881818952211307
A1_LCD_plus_7R_plus_10D,3,3076,346,2.181910543933295,4.7607336217272875,18.060173,0.22626798922297958
A1_LCD_plus_7R_plus_10D,3,3076,347,3.435209850632073,11.800666717879631,41.225742,0.255804091368062
A1_LCD_plus_7R_plus_10D,3,3076,348,3.9657114638759006,15.72686741471674,109.54918,0.4070491259280718
A1_LCD_plus_7R_plus_10D,3,3076,349,2.513216580993215,6.316257582979226,21.938316,0.13871100224383215
A1_LCD_plus_7R_plus_10D,3,3076,350,2.541185347551927,6.457622970612604,7.9030395,0.17822349538487753
A1_LCD_plus_7R_plus_10D,3,3076,351,4.375524105721361,19.145211199748715,114.726105,0.4591124528914272
A1_LCD_plus_7R_plus_10D,3,3076,352,3.5673942311984637,12.72630160078808,103.32291,0.725772494557227
A1_LCD_plus_7R_plus_10D,3,3076,353,3.75437748430315,14.095350294642445,48.102184,0.6740409862555816
A1_LCD_plus_7R_plus_10D,3,3076,354,5.137389498230268,26.39277085652666,276.09488,0.6779267909712738
A1_LCD_plus_7R_plus_10D,3,3076,355,5.518210210276359,30.450643924798264,171.0532,0.7565958694063077
A1_LCD_plus_7R_plus_10D,3,3076,356,4.3178343385262785,18.64369337495667,94.537834,0.6403054159462254
A1_LCD_plus_7R_plus_10D,3,3076,357,2.948647966243923,8.694524828834423,51.07837,0.05188100929310657
A1_LCD_plus_7R_plus_10D,3,3076,358,3.6380056302894586,13.235084966017801,66.32689,0.21315679100246412
A1_LCD_plus_7R_plus_10D,3,3076,359,4.654791651601727,21.66708531982113,148.6665,0.8204865364365239
A1_LCD_plus_7R_plus_10D,3,3076,360,3.1582152898291227,9.974323816910449,113.96424,0.446226661139607
A1_LCD_plus_7R_plus_10D,3,3076,361,3.728996861482602,13.905417592947096,128.57745,0.44510738798264404
A1_LCD_plus_7R_plus_10D,3,3076,362,3.731261146664989,13.922309744611729,94.29032,0.5969833218674695
A1_LCD_plus_7R_plus_10D,3,3076,363,3.482530024480974,12.128015371411452,76.54819,0.5359248536291281
A1_LCD_plus_7R_plus_10D,3,3076,364,3.99789842505067,15.983191817022627,154.7074,0.48011493818801243
A1_LCD_plus_7R_plus_10D,3,3076,365,3.211605548527055,10.314410199329764,42.843792,0.21322036603530226
A1_LCD_plus_7R_plus_10D,3,3076,366,3.3232245561442215,11.043821450559959,38.957947,0.4273006493998006
A1_LCD_plus_7R_plus_10D,3,3076,367,3.159717201958947,9.983812796355277,35.21067,0.2336220206972734
A1_LCD_plus_7R_plus_10D,3,3076,368,2.764255268918221,7.641107191742146,19.853508,0.5028833981852926
A1_LCD_plus_7R_plus_10D,3,3076,369,2.9210763781105715,8.532687206755577,73.71682,0.2413752340995171
A1_LCD_plus_7R_plus_10D,3,3076,370,2.8347688687715196,8.035914539356162,90.4586,0.29545799265292555
A1_LCD_plus_7R_plus_10D,3,3076,371,4.374599910027296,19.137124372810824,71.61713,0.570563011519649
A1_LCD_plus_7R_plus_10D,3,3076,372,3.525722139751638,12.430716606734867,36.990395,0.43948581781640655
A1_LCD_plus_7R_plus_10D,3,3076,373,4.1880451792255835,17.53972242323465,82.22167,0.6628914878798874
A1_LCD_plus_7R_plus_10D,3,3076,374,3.329048150312903,11.082561587101763,81.70334,0.4888815697760529
A1_LCD_plus_7R_plus_10D,3,3076,375,3.3163212536689595,10.997986657536458,72.00044,0.30497721270613376
A1_LCD_plus_7R_plus_10D,3,3076,376,3.8753855039869225,15.018612804511971,60.331726,0.3163423780086582
A1_LCD_plus_7R_plus_10D,3,3076,377,4.353371075026966,18.95183971688144,70.92218,0.4296925624380048
A1_LCD_plus_7R_plus_10D,3,3076,378,3.4227766864414004,11.715400245246775,68.064896,0.508103535384743
A1_LCD_plus_7R_plus_10D,3,3076,379,2.7776516991718103,7.715348961912045,49.980743,0.14271107373778041
A1_LCD_plus_7R_plus_10D,3,3076,380,3.934445345506165,15.479860176775121,154.23663,0.24570193803721418
A1_LCD_plus_7R_plus_10D,3,3076,381,2.607789879651098,6.800568056410691,63.883354,0.2618751267844417
A1_LCD_plus_7R_plus_10D,3,3076,382,3.1981396730306058,10.228097368212309,85.40555,0.482659502821933
A1_LCD_plus_7R_plus_10D,3,3076,383,3.3704946275643373,11.360234034440063,56.60767,0.36638655933703856
A1_LCD_plus_7R_plus_10D,3,3076,384,4.061564123473937,16.496303129090606,65.248436,0.5803473235846199
A1_LCD_plus_7R_plus_10D,3,3076,385,3.9201889631771585,15.367881507016,60.404205,0.5694001235175352
A1_LCD_plus_7R_plus_10D,3,3076,386,4.2390833780877495,17.969827886379846,208.58391,0.700889370300163
A1_LCD_plus_7R_plus_10D,3,3076,387,4.989519876310192,24.89530859609447,161.8484,0.5743179571055148
A1_LCD_plus_7R_plus_10D,3,3076,388,3.410299311550876,11.630141394364378,15.974892,0.1544055781974054
A1_LCD_plus_7R_plus_10D,3,3076,389,4.058862122613828,16.47436173038923,112.27342,0.7169305297011035
A1_LCD_plus_7R_plus_10D,3,3076,390,5.207718597628776,27.120332992088617,183.0799,0.800710870242112
A1_LCD_plus_7R_plus_10D,3,3076,391,4.728414538154526,22.357904044631077,148.30307,0.7569968191957719
A1_LCD_plus_7R_plus_10D,3,3076,392,4.6971343720847525,22.06307130942003,126.08017,0.7371622889751404
A1_LCD_plus_7R_plus_10D,3,3076,393,4.000957663443689,16.007662224668785,142.78331,0.7204808051968358
A1_LCD_plus_7R_plus_10D,3,3076,394,3.944385092793453,15.558173760251211,48.056183,0.43847140133688556
A1_LCD_plus_7R_plus_10D,3,3076,395,3.1908694309140877,10.181647725141996,15.524086,0.2915984787369562
A1_LCD_plus_7R_plus_10D,3,3076,396,3.082583934214855,9.50232371147953,20.413994,0.12626309380402123
A1_LCD_plus_7R_plus_10D,3,3076,397,3.217107936532533,10.349783475300612,77.042694,0.5498121535504804
A1_LCD_plus_7R_plus_10D,3,3076,398,2.9292785297260027,8.58067270471373,88.73563,0.3225119743551199
A1_LCD_plus_7R_plus_10D,3,3076,399,3.9403509356300597,15.526365495920682,64.866425,0.6204171831173282
A1_LCD_plus_7R_plus_10D,3,3076,400,3.914439509370342,15.322836672519525,138.86835,0.7788123551849551
A1_LCD_plus_7R_plus_10D,3,3076,401,3.1127634400204545,9.689296233527973,71.75873,0.5735780025990551
A1_LCD_plus_7R_plus_10D,3,3076,402,2.718903692025808,7.392437286511568,44.444008,0.3734345725593266
A1_LCD_plus_7R_plus_10D,3,3076,403,4.191502781162132,17.568695564489886,127.56694,0.504294881799737
A1_LCD_plus_7R_plus_10D,3,3076,404,3.1228252850833425,9.752037761155858,79.84599,0.4711027501538062
A1_LCD_plus_7R_plus_10D,3,3076,405,2.719240860094339,7.394270855206599,56.83077,0.33092320222353383
A1_LCD_plus_7R_plus_10D,3,3076,406,3.2629150487989964,10.646614615678962,48.109764,0.2694882330016217
A1_LCD_plus_7R_plus_10D,3,3076,407,4.328836254372697,18.73882331717144,98.85401,0.5234482972173077
A1_LCD_plus_7R_plus_10D,3,3076,408,3.5144690166148016,12.351492468745414,111.65892,0.3256358492904363
A1_LCD_plus_7R_plus_10D,3,3076,409,4.1602829868322555,17.307954530525915,122.12719,0.49972629920670614
A1_LCD_plus_7R_plus_10D,3,3076,410,3.7455380309921997,14.029055141608922,72.20166,0.24649995417117418
A1_LCD_plus_7R_plus_10D,3,3076,411,3.4860693717547013,12.152679664686218,61.738647,0.3376682405443269
A1_LCD_plus_7R_plus_10D,3,3076,412,3.1734940214787213,10.071064304361187,73.97887,0.2525801113869378
A1_LCD_plus_7R_plus_10D,3,3076,413,2.9557458243490156,8.736433378156642,102.60696,0.3428871979795626
A1_LCD_plus_7R_plus_10D,3,3076,414,4.152529896259672,17.243504539330367,78.84938,0.6055740219284371
A1_LCD_plus_7R_plus_10D,3,3076,415,5.065093600934047,25.65517318622303,268.47403,0.7910838289957127
A1_LCD_plus_7R_plus_10D,3,3076,416,3.3901967239812,11.49343382729286,118.3427,0.3981258226209895
A1_LCD_plus_7R_plus_10D,3,3076,417,2.937136068658095,8.626768285812327,47.78603,0.39492932012317267
A1_LCD_plus_7R_plus_10D,3,3076,418,2.7158171754276212,7.375662930347667,57.89755,0.3206722285057421
A1_LCD_plus_7R_plus_10D,3,3076,419,2.917531368517541,8.511989286283834,52.680885,0.2541494497156751
A1_LCD_plus_7R_plus_10D,3,3076,420,3.566570836811798,12.720427533996416,87.67839,0.4230453693221671
A1_LCD_plus_7R_plus_10D,3,3076,421,3.1818104036583468,10.123917444828491,49.19935,0.2107473735867505
A1_LCD_plus_7R_plus_10D,3,3076,422,3.5428061681303156,12.551475544942214,39.990387,0.5610861315599949
A1_LCD_plus_7R_plus_10D,3,3076,423,3.6499583930614174,13.322196271079482,123.84998,0.5416090499224098
A1_LCD_plus_7R_plus_10D,3,3076,424,4.932678827488669,24.331320415154998,201.3252,0.6724538408186324
A1_LCD_plus_7R_plus_10D,3,3076,425,3.021329039067856,9.128429162314697,54.613487,0.1610954530076659
A1_LCD_plus_7R_plus_10D,3,3076,426,2.7128826088727944,7.35973204952446,39.815647,0.20729443882710913
A1_LCD_plus_7R_plus_10D,3,3076,427,2.568732531383034,6.598386817785487,42.10696,0.16689619101411918
A1_LCD_plus_7R_plus_10D,3,3076,428,3.5562932803820844,12.64722189609077,77.346176,0.24324505441500371
A1_LCD_plus_7R_plus_10D,3,3076,429,3.032606135314472,9.196699971946975,31.289349,0.18449729710903906
A1_LCD_plus_7R_plus_10D,3,3076,430,3.8373070744279807,14.724925583455029,36.6473,0.6512234015417799
A1_LCD_plus_7R_plus_10D,3,3076,431,5.0848597450992905,25.855798627331218,161.8392,0.6520064096399792
A1_LCD_plus_7R_plus_10D,3,3076,432,4.875291896816829,23.768471079167828,196.14384,0.706564478367899
A1_LCD_plus_7R_plus_10D,3,3076,433,4.379723266462611,19.181975890793932,190.66383,0.6056636978695014
A1_LCD_plus_7R_plus_10D,3,3076,434,3.1326232199301067,9.81332823804527,56.211098,0.31460977558549286
A1_LCD_plus_7R_plus_10D,3,3076,435,2.934046916507095,8.608631308264792,31.90514,0.15190608241361736
A1_LCD_plus_7R_plus_10D,3,3076,436,4.1920871508736575,17.57359468052002,151.251,0.2955053084339403
A1_LCD_plus_7R_plus_10D,3,3076,437,4.200609925360267,17.645123745035182,69.48376,0.40588489273875317
A1_LCD_plus_7R_plus_10D,3,3076,438,3.3519040303474803,11.235260628659686,113.94861,0.317883140613969
A1_LCD_plus_7R_plus_10D,3,3076,439,2.8994349411477414,8.406722977948405,46.977306,0.10723376091645662
A1_LCD_plus_7R_plus_10D,3,3076,440,3.692532665710111,13.63479748733622,109.14514,0.628188414068155
A1_LCD_plus_7R_plus_10D,3,3076,441,3.545714364469972,12.572090354408695,64.786064,0.42005217831822894
A1_LCD_plus_7R_plus_10D,3,3076,442,4.329284541882613,18.742704644583743,273.4856,0.7020412094597309
A1_LCD_plus_7R_plus_10D,3,3076,443,3.8826565259075254,15.075021698172295,45.071167,0.3098662140912959
A1_LCD_plus_7R_plus_10D,3,3076,444,3.7585416619103342,14.126635424315698,175.56732,0.6259218889744211
A1_LCD_plus_7R_plus_10D,3,3076,445,2.9719965900348715,8.8327637311789,3.3258064,0.35539407464457873
A1_LCD_plus_7R_plus_10D,3,3076,446,2.801550907537049,7.848687487521664,58.21902,0.40456194314506055
A1_LCD_plus_7R_plus_10D,3,3076,447,3.228631254938009,10.42405978036258,67.090485,0.509316419710829
A1_LCD_plus_7R_plus_10D,3,3076,448,3.3925695604207404,11.509528222293374,96.977165,0.5085369600188916
A1_LCD_plus_7R_plus_10D,3,3076,449,2.9353046886169096,8.616013615016415,83.74355,0.3577649073428002
A1_LCD_plus_7R_plus_10D,3,3076,450,2.3486466148346423,5.516140921374224,21.835312,0.22529688038484125
A1_LCD_plus_7R_plus_10D,3,3076,451,4.22917792113907,17.885945888650188,22.364939,0.5291609115330582
A1_LCD_plus_7R_plus_10D,3,3076,452,3.939301805458511,15.518098714488685,153.46875,0.55143307722092
A1_LCD_plus_7R_plus_10D,3,3076,453,5.584075123942475,31.181894989833186,261.2781,0.7296629488396613
A1_LCD_plus_7R_plus_10D,3,3076,454,3.6182873786550953,13.092003554534758,61.754845,0.339255885867093
A1_LCD_plus_7R_plus_10D,3,3076,455,2.4989555982903444,6.244779082226653,39.89506,0.46408152276065473
A1_LCD_plus_7R_plus_10D,3,3076,456,3.311984940691483,10.969244247367168,71.2009,0.4149949083755687
A1_LCD_plus_7R_plus_10D,3,3076,457,3.5665388886638105,12.720199644351291,144.67653,0.5662039921067958
A1_LCD_plus_7R_plus_10D,3,3076,458,2.480441644799087,6.152590753253599,30.374851,0.3653791472744798
A1_LCD_plus_7R_plus_10D,3,3076,459,4.1078864255328895,16.874730885077383,118.8362,0.45544863580007766
A1_LCD_plus_7R_plus_10D,3,3076,460,3.1216812648483163,9.744893919304982,60.427704,0.3255380750781058
A1_LCD_plus_7R_plus_10D,3,3076,461,3.5544695775191113,12.634253977508894,126.341034,0.3093316468667032
A1_LCD_plus_7R_plus_10D,3,3076,462,3.0628550336596723,9.381080957214394,60.587402,0.25672584614082505
A1_LCD_plus_7R_plus_10D,3,3076,463,3.89879899952877,15.200633638726538,162.84648,0.5427843792538495
A1_LCD_plus_7R_plus_10D,3,3076,464,3.322347230585996,11.037991120582436,112.58524,0.49515746243213044
A1_LCD_plus_7R_plus_10D,3,3076,465,3.4913670788405997,12.189644079211941,117.77419,0.6918794308309673
A1_LCD_plus_7R_plus_10D,3,3076,466,4.465367608188453,19.93950787625867,166.17072,0.7670701784432254
A1_LCD_plus_7R_plus_10D,3,3076,467,3.5998278318805346,12.95876041918171,128.15535,0.7837889618096698
A1_LCD_plus_7R_plus_10D,3,3076,468,3.7975948929309107,14.421726970814934,124.99088,0.628994644981413
A1_LCD_plus_7R_plus_10D,3,3076,469,3.592507491044444,12.90611007321045,160.04596,0.41568016076269987
A1_LCD_plus_7R_plus_10D,3,3076,470,3.0653852548812153,9.396586760843174,41.582397,0.15400085759338145
A1_LCD_plus_7R_plus_10D,3,3076,471,3.650749052703868,13.327968645818189,111.10785,0.5001691182344896
A1_LCD_plus_7R_plus_10D,3,3076,472,3.8298470630781623,14.667728526568423,67.81577,0.2841197842027358
A1_LCD_plus_7R_plus_10D,3,3076,473,3.0639276501754313,9.387652645509542,112.727394,0.4431576991318087
A1_LCD_plus_7R_plus_10D,3,3076,474,3.667255956975902,13.448766253975238,71.02631,0.6860374706499658
A1_LCD_plus_7R_plus_10D,3,3076,475,4.56711761139042,20.85856327627253,175.45691,0.6886185234433928
A1_LCD_plus_7R_plus_10D,3,3076,476,5.184934894655605,26.883549861817333,247.38216,0.7718244405712795
A1_LCD_plus_7R_plus_10D,3,3076,477,2.9269398515045264,8.56697689432534,24.08891,0.21410285965219544
A1_LCD_plus_7R_plus_10D,3,3076,478,2.4983609581766504,6.24180747734135,33.751846,0.1964109649572246
A1_LCD_plus_7R_plus_10D,3,3076,479,2.039150500984901,4.158134765666972,3.2311287,0.061256570706552965
A1_LCD_plus_7R_plus_10D,3,3076,480,3.2351253382461524,10.466035954162283,74.07934,0.35170811524189427
A1_LCD_plus_7R_plus_10D,3,3076,481,3.6556181220360178,13.363543854158143,38.32566,0.5053309767914994
A1_LCD_plus_7R_plus_10D,3,3076,482,2.8408161409160906,8.070236346489388,38.373356,0.43852625411276536
A1_LCD_plus_7R_plus_10D,3,3076,483,2.8396898383601714,8.063838378086016,47.159653,0.13527363876389148
A1_LCD_plus_7R_plus_10D,3,3076,484,3.985315384118,15.882738710887605,53.44158,0.3077825043258984
A1_LCD_plus_7R_plus_10D,3,3076,485,2.638049944516653,6.959307509764317,48.555305,0.10563933221801305
A1_LCD_plus_7R_plus_10D,3,3076,486,3.635970510312836,13.220281551864584,3.4516954,0.55846208919172
A1_LCD_plus_7R_plus_10D,3,3076,487,2.2180077138329155,4.919558218622316,26.358046,0.15678946115352718
A1_LCD_plus_7R_plus_10D,3,3076,488,3.029538199767069,9.178101703847897,31.35079,0.4237343436274494
A1_LCD_plus_7R_plus_10D,3,3076,489,3.4491810265899603,11.896849754188171,69.673904,0.6077986748141361
A1_LCD_plus_7R_plus_10D,3,3076,490,3.501325557692157,12.259280660948294,38.15592,0.40800490437476084
A1_LCD_plus_7R_plus_10D,3,3076,491,3.2243897927975937,10.396689535897305,70.0908,0.22948674133918762
A1_LCD_plus_7R_plus_10D,3,3076,492,4.367585085682911,19.075799480679798,133.16019,0.6892192305056675
A1_LCD_plus_7R_plus_10D,3,3076,493,4.205937689840105,17.68991185081752,185.94334,0.4378418711395642
A1_LCD_plus_7R_plus_10D,3,3076,494,2.753073238834788,7.57941225838827,21.399773,0.15617605316643982
A1_LCD_plus_7R_plus_10D,3,3076,495,3.805624123432189,14.48277496884901,81.18355,0.3649888009412103
A1_LCD_plus_7R_plus_10D,3,3076,496,3.4675018208981436,12.023568877931938,52.67141,0.6376076041770294
A1_LCD_plus_7R_plus_10D,3,3076,497,3.1827794801658693,10.13008521936492,93.73697,0.4437237071274637
A1_LCD_plus_7R_plus_10D,3,3076,498,5.2296004878272875,27.348721262283405,175.98148,0.8520276915228921
A1_LCD_plus_7R_plus_10D,3,3076,499,3.76754817840607,14.194419276610901,109.536736,0.597858362146642
A1_LCD_plus_7R_plus_10D,3,3076,500,3.2482840446119585,10.551349234480627,65.57395,0.4464371258607752
A1_LCD_plus_7R_plus_10D,3,3076,501,3.793575788786711,14.391217265268716,151.84079,0.46994869414635576
A1_LCD_plus_7R_plus_10D,3,3076,502,5.505279849613694,30.30810622256257,270.45636,0.7282048921301866
A1_LCD_plus_7R_plus_10D,3,3076,503,4.904887629800763,24.057922660972537,135.42218,0.8046231848151721
A1_LCD_plus_7R_plus_10D,3,3076,504,2.9686741362741325,8.813026127382967,63.351128,0.2623885952655188
A1_LCD_plus_7R_plus_10D,3,3076,505,3.4356698010852287,11.803826982089015,85.371445,0.6452557324244719
A1_LCD_plus_7R_plus_10D,3,3076,506,3.1215640824573545,9.744162320887826,42.711433,0.5176419389532543
A1_LCD_plus_7R_plus_10D,3,3076,507,3.906176674582229,15.258216213050279,81.90973,0.5890026971594908
A1_LCD_plus_7R_plus_10D,3,3076,508,2.622183300471757,6.875845261272956,2.601218,0.06001877946849438
A1_LCD_plus_7R_plus_10D,3,3076,509,2.6625759251922902,7.089310557413577,2.9073546,0.1876450027573182
A1_LCD_plus_7R_plus_10D,3,3076,510,3.4501306606507436,11.90340157556234,22.59239,0.370075851512061
A1_LCD_plus_7R_plus_10D,3,3076,511,2.3142569503392982,5.35578523219375,16.1434,0.15670506867753986
A1_LCD_plus_7R_plus_10D,3,3076,512,3.3928265321686983,11.511271877387875,32.602093,0.2584314993988841
A1_LCD_plus_7R_plus_10D,3,3076,513,4.277002998282295,18.29275464731574,150.1463,0.47230678736711745
A1_LCD_plus_7R_plus_10D,3,3076,514,3.5885310869524525,12.87755536202415,31.550205,0.3050577464573416
A1_LCD_plus_7R_plus_10D,3,3076,515,2.764474262585315,7.642317948496622,37.192932,0.3609506325041892
A1_LCD_plus_7R_plus_10D,3,3076,516,2.852456675296849,8.136509084445553,52.309578,0.2962207586900205
A1_LCD_plus_7R_plus_10D,3,3076,517,3.384224336823042,11.452974361945362,81.987686,0.15229894441215455
A1_LCD_plus_7R_plus_10D,3,3076,518,3.385825778102559,11.463816199663801,115.83381,0.41917261215639495
A1_LCD_plus_7R_plus_10D,3,3076,519,3.1029121265736683,9.628063665237926,55.42475,0.2937152773973236
A1_LCD_plus_7R_plus_10D,3,3076,520,4.41471579173957,19.489715521834732,124.23227,0.7039548066038308
A1_LCD_plus_7R_plus_10D,3,3076,521,2.7489973299234434,7.556986319926222,14.369546,0.31911377611401526
A1_LCD_plus_7R_plus_10D,3,3076,522,4.203396559163589,17.6685426335883,132.35616,0.3211285489216872
A1_LCD_plus_7R_plus_10D,3,3076,523,4.62702109978915,21.409324257893996,201.18028,0.7625299574512626
A1_LCD_plus_7R_plus_10D,3,3076,524,3.8625620068907214,14.919385257075678,125.516716,0.43886167795250375
A1_LCD_plus_7R_plus_10D,3,3076,525,3.2536716906094303,10.586379470273231,39.5349,0.47352468730711106
A1_LCD_plus_7R_plus_10D,3,3076,526,3.8620395817981676,14.91534973137577,123.94267,0.5814025394744855
A1_LCD_plus_7R_plus_10D,3,3076,527,4.720364758111021,22.281843449616517,194.90439,0.5852921959745299
A1_LCD_plus_7R_plus_10D,3,3076,528,2.795348900204506,7.813975473874543,37.7419,0.46385014422940585
A1_LCD_plus_7R_plus_10D,3,3076,529,4.423438754487399,19.56681041470102,268.26498,0.5544928246123383
A1_LCD_plus_7R_plus_10D,3,3076,530,4.45507561479781,19.84769873356608,96.47925,0.8134594616914673
A1_LCD_plus_7R_plus_10D,3,3076,531,4.978976014529786,24.7902021532629,155.97186,0.6225035843269731
A1_LCD_plus_7R_plus_10D,3,3076,532,3.9415879643043055,15.53611568034856,98.21034,0.3984075635340014
A1_LCD_plus_7R_plus_10D,3,3076,533,3.4343213440074893,11.794563093905406,101.78399,0.3314447985455339
A1_LCD_plus_7R_plus_10D,3,3076,534,4.094368941975379,16.763857033012584,76.94218,0.579136938116582
A1_LCD_plus_7R_plus_10D,3,3076,535,5.353548939324556,28.660486245743066,260.21936,0.7993254277322734
A1_LCD_plus_7R_plus_10D,3,3076,536,3.8449800387305713,14.783871498236547,95.798775,0.6069990719808501
A1_LCD_plus_7R_plus_10D,3,3076,537,2.6274963259539836,6.903736942901685,30.290543,0.40371782322693706
A1_LCD_plus_7R_plus_10D,3,3076,538,3.385084752786092,11.458798783544882,84.05698,0.39570418962209347
A1_LCD_plus_7R_plus_10D,3,3076,539,2.8408715900512935,8.070551391160562,53.445427,0.22967169594801878
A1_LCD_plus_7R_plus_10D,3,3076,540,4.226189808574533,17.860680298099254,77.91269,0.4800895280366821
A1_LCD_plus_7R_plus_10D,3,3076,541,3.6568493754953293,13.372547355060581,80.905014,0.5667045519614916
A1_LCD_plus_7R_plus_10D,3,3076,542,3.592727863688849,12.907693502526241,30.070362,0.47072652366940493
A1_LCD_plus_7R_plus_10D,3,3076,543,2.7800759608434227,7.728822348059476,35.369926,0.24653416338873055
A1_LCD_plus_7R_plus_10D,3,3076,544,2.6713777896371425,7.1362592949666235,13.6305685,0.15880228013182363
A1_LCD_plus_7R_plus_10D,3,3076,545,4.015979014456636,16.12808744455609,127.07213,0.6985047994139908
A1_LCD_plus_7R_plus_10D,3,3076,546,4.528387525729712,20.50629358318445,179.22797,0.4871432218671351
A1_LCD_plus_7R_plus_10D,3,3076,547,2.6646091814361474,7.100142089793816,30.985859,0.3632515833452416
A1_LCD_plus_7R_plus_10D,3,3076,548,3.129282677311038,9.792410074518937,40.368595,0.727489983898623
A1_LCD_plus_7R_plus_10D,3,3076,549,2.8175438461045355,7.938553324721537,22.75993,0.5696906173534121
A1_LCD_plus_7R_plus_10D,3,3076,550,2.364453333744782,5.590639567456814,5.9765797,0.08164866815058672
A1_LCD_plus_7R_plus_10D,3,3076,551,2.533214790225472,6.41717717341708,29.648697,0.14619315043181166
A1_LCD_plus_7R_plus_10D,3,3076,552,3.3643774833903644,11.319035850744083,35.441895,0.1582310303878258
A1_LCD_plus_7R_plus_10D,3,3076,553,2.7068817663099227,7.327208896781129,55.32078,0.11446274262829087
A1_LCD_plus_7R_plus_10D,3,3076,554,2.0864838791491307,4.353414977949203,24.327845,0.12478114582420746
A1_LCD_plus_7R_plus_10D,3,3076,555,4.289373146698676,18.398721991619702,93.46928,0.35904628381249576
A1_LCD_plus_7R_plus_10D,3,3076,556,4.713910237944484,22.22094973139781,138.95128,0.7089951740460296
A1_LCD_plus_7R_plus_10D,3,3076,557,4.526133382807489,20.485883398964365,117.81363,0.6541478786517391
A1_LCD_plus_7R_plus_10D,3,3076,558,5.047549275314048,25.477753686723375,119.431595,0.4256889222175965
A1_LCD_plus_7R_plus_10D,3,3076,559,2.835216928737453,8.038455032999437,32.82602,0.16068341889201687
A1_LCD_plus_7R_plus_10D,3,3076,560,2.740347913031581,7.509506684456539,18.570583,0.479975436978478
A1_LCD_plus_7R_plus_10D,3,3076,561,4.031728930705118,16.254838170684636,73.20759,0.4098733608061119
A1_LCD_plus_7R_plus_10D,3,3076,562,4.347520222431394,18.900932084449916,154.36371,0.6354013524182383
A1_LCD_plus_7R_plus_10D,3,3076,563,3.9730030827505316,15.784753495545228,140.20375,0.5119456334543222
A1_LCD_plus_7R_plus_10D,3,3076,564,3.2873632516328377,10.806757148186021,58.414658,0.3309219154966099
A1_LCD_plus_7R_plus_10D,3,3076,565,3.442316917513146,11.849545760597207,45.210896,0.49160018819396606
A1_LCD_plus_7R_plus_10D,3,3076,566,3.1028304167690437,9.62755659522716,116.47806,0.36964068245403137
A1_LCD_plus_7R_plus_10D,3,3076,567,2.968728491867226,8.813348858424254,91.34234,0.3322336949612574
A1_LCD_plus_7R_plus_10D,3,3076,568,3.477873439409176,12.095603660547809,90.03925,0.525655761243214
A1_LCD_plus_7R_plus_10D,3,3076,569,4.899619280601979,24.006269094846665,274.44595,0.8031068774924666
A1_LCD_plus_7R_plus_10D,3,3076,570,5.460054100062444,29.812190775608702,323.6817,0.7271691106552167
A1_LCD_plus_7R_plus_10D,3,3076,571,3.1371055558674987,9.841431268654729,84.00121,0.3817481167167016
A1_LCD_plus_7R_plus_10D,3,3076,572,3.3992364905444665,11.554808718649062,20.699812,0.4809278228240205
A1_LCD_plus_7R_plus_10D,3,3076,573,2.9111419104384755,8.474747222711377,39.12204,0.32743723585068485
A1_LCD_plus_7R_plus_10D,3,3076,574,3.3831462867631927,11.44567879763958,82.39679,0.2547120210750401
A1_LCD_plus_7R_plus_10D,3,3076,575,3.4437957461699478,11.859729141338223,42.486477,0.18138223836577477
A1_LCD_plus_7R_plus_10D,3,3076,576,3.193312540347217,10.197244980338795,59.085045,0.39534821283711225
A1_LCD_plus_7R_plus_10D,3,3076,577,3.7287872098012254,13.90385405597721,135.88895,0.6382961821526363
A1_LCD_plus_7R_plus_10D,3,3076,578,3.1462107508273687,9.898642088621715,18.501549,0.4899039150883482
A1_LCD_plus_7R_plus_10D,3,3076,579,3.232310009602244,10.44782799817486,48.68492,0.3782838675993626
A1_LCD_plus_7R_plus_10D,3,3076,580,3.003280941867952,9.019696415787253,51.946503,0.3622298531910513
A1_LCD_plus_7R_plus_10D,3,3076,581,2.6267011793665125,6.899559085685425,69.555855,0.40868061817779444
A1_LCD_plus_7R_plus_10D,3,3076,582,3.7417118865903234,14.000407842251317,64.976685,0.38692586520906214
A1_LCD_plus_7R_plus_10D,3,3076,583,3.6715416979001,13.480218439419147,105.13657,0.29038798979724445
A1_LCD_plus_7R_plus_10D,3,3076,584,3.3388890717936017,11.148180233742739,67.71727,0.5069154832257031
A1_LCD_plus_7R_plus_10D,3,3076,585,2.7635568787714475,7.637246622204987,26.81223,0.20971343451055224
A1_LCD_plus_7R_plus_10D,3,3076,586,2.9654023534946146,8.793611118111402,22.399899,0.3628314569994021
A1_LCD_plus_7R_plus_10D,3,3076,587,3.86697090412349,14.953463973337646,114.96789,0.6958165531993187
A1_LCD_plus_7R_plus_10D,3,3076,588,3.9677234829631347,15.742829637257113,107.41376,0.7516948632793465
A1_LCD_plus_7R_plus_10D,3,3076,589,3.630393034043814,13.179753581633845,152.47188,0.6020135679060281
A1_LCD_plus_7R_plus_10D,3,3076,590,3.966105447308062,15.729992419166683,77.761215,0.46299293728315916
A1_LCD_plus_7R_plus_10D,3,3076,591,3.859694065551214,14.897238279651258,89.69261,0.5114503405712494
A1_LCD_plus_7R_plus_10D,3,3076,592,3.3711579866066335,11.36470617066169,104.409706,0.3150163327433615
A1_LCD_plus_7R_plus_10D,3,3076,593,3.621623022029265,13.116153313692392,59.00987,0.4147860607558395
A1_LCD_plus_7R_plus_10D,3,3076,594,2.7255394028723465,7.428565036609748,13.996254,0.268535360035429
A1_LCD_plus_7R_plus_10D,3,3076,595,2.836779997153451,8.047320752249933,26.866653,0.2081332244519089
A1_LCD_plus_7R_plus_10D,3,3076,596,2.2530352728670895,5.07616794078328,13.87945,0.1814186483394219
A1_LCD_plus_7R_plus_10D,3,3076,597,2.998210368145685,8.989265411656284,27.60567,0.19003498889163578
A1_LCD_plus_7R_plus_10D,3,3076,598,3.1117701097672734,9.683113216041027,63.396656,0.6577622153554498
A1_LCD_plus_7R_plus_10D,3,3076,599,4.055707785081711,16.448765637972386,88.014366,0.5883047829609497
A1_LCD_plus_7R_plus_10D,3,3076,600,5.097378636021623,25.983268958969663,159.43547,0.7111887890779675
A1_LCD_plus_7R_plus_10D,3,3076,601,4.867561434753785,23.693154321102327,161.70847,0.7128738444951699
A1_LCD_plus_7R_plus_10D,3,3076,602,3.607875358824652,13.01676460481411,66.056145,0.6398045757625763
A1_LCD_plus_7R_plus_10D,3,3076,603,4.4492737988417845,19.796037337060007,121.054535,0.3377082943732992
A1_LCD_plus_7R_plus_10D,3,3076,604,3.61704710416426,13.08302975374306,63.811638,0.6385113689876581
A1_LCD_plus_7R_plus_10D,3,3076,605,3.1954076532542004,10.210630070475515,46.32645,0.4410822373458563
A1_LCD_plus_7R_plus_10D,3,3076,606,3.129056754311309,9.790996171701225,76.05911,0.4434429000226978
A1_LCD_plus_7R_plus_10D,3,3076,607,2.4343334970906967,5.925979575057821,17.619125,0.2978404849329863
A1_LCD_plus_7R_plus_10D,3,3076,608,3.2516968456447906,10.57353237597628,17.717487,0.2181799322800687
A1_LCD_plus_7R_plus_10D,3,3076,609,3.9935657577666595,15.948567461606395,143.14789,0.5835259425792645
A1_LCD_plus_7R_plus_10D,3,3076,610,3.0626057787014274,9.379554155735377,16.725502,0.2571706011202656
A1_LCD_plus_7R_plus_10D,3,3076,611,3.1047456946117187,9.639445828210004,20.392958,0.37636128986997225
A1_LCD_plus_7R_plus_10D,3,3076,612,4.222866567666898,17.832602048318815,143.66867,0.4519712934834828
A1_LCD_plus_7R_plus_10D,3,3076,613,2.8585895103537484,8.171533988704482,74.514206,0.2468593943878729
A1_LCD_plus_7R_plus_10D,3,3076,614,2.7005055801024787,7.292730388164625,7.019527,0.18023851270026273
A1_LCD_plus_7R_plus_10D,3,3076,615,3.0095258985101063,9.057246133803062,28.247564,0.41719587320372475
A1_LCD_plus_7R_plus_10D,3,3076,616,2.3002086142940494,5.290959669272551,38.299484,0.15996533401588964
A1_LCD_plus_7R_plus_10D,3,3076,617,2.9748180164909805,8.849542231239328,13.581739,0.5305450763859592
A1_LCD_plus_7R_plus_10D,3,3076,618,2.7899804607186427,7.783990971191812,6.407089,0.2478145700313109
A1_LCD_plus_7R_plus_10D,3,3076,619,3.904848016943113,15.247838035424563,141.7863,0.48469247499051293
A1_LCD_plus_7R_plus_10D,3,3076,620,4.718493386761116,22.26417984090839,201.06781,0.8349418318804707
A1_LCD_plus_7R_plus_10D,3,3076,621,3.594866499351396,12.92306514815896,92.49378,0.6488062881016332
A1_LCD_plus_7R_plus_10D,3,3076,622,4.5067560641779005,20.31085022200428,142.04922,0.6240042056552068
A1_LCD_plus_7R_plus_10D,3,3076,623,3.9024344398275224,15.228994557151951,86.79061,0.4756325179039946
A1_LCD_plus_7R_plus_10D,3,3076,624,4.175122430732087,17.431647311602212,197.58087,0.5868238035371036
A1_LCD_plus_7R_plus_10D,3,3076,625,2.592105695598812,6.719011937155801,26.021517,0.27366359309792254
A1_LCD_plus_7R_plus_10D,3,3076,626,3.7392532260861624,13.98201468879577,88.80475,0.5439067820731021
A1_LCD_plus_7R_plus_10D,3,3076,627,2.609607426221633,6.810050918991097,55.822514,0.0848375047501436
A1_LCD_plus_7R_plus_10D,3,3076,628,3.3319269526540007,11.101737217822176,29.750761,0.21990927008364752
A1_LCD_plus_7R_plus_10D,3,3076,629,3.51345705098763,12.344380449134695,88.93306,0.6112278780782635
A1_LCD_plus_7R_plus_10D,3,3076,630,3.692829035700881,13.636986286915503,94.81126,0.447195076887329
A1_LCD_plus_7R_plus_10D,3,3076,631,2.524923081803067,6.375236569021899,29.362011,0.13274049267332566
A1_LCD_plus_7R_plus_10D,3,3076,632,2.6785445402855186,7.1746008542933595,15.845275,0.09438822375671907
A1_LCD_plus_7R_plus_10D,3,3076,633,3.035607968800309,9.214915740243933,53.192085,0.28049138645085026
A1_LCD_plus_7R_plus_10D,3,3076,634,3.8571353557992394,14.87749315295652,144.9272,0.40872948346528837
A1_LCD_plus_7R_plus_10D,3,3076,635,2.654209118370715,7.044826044042245,25.995121,0.1785197072668229
A1_LCD_plus_7R_plus_10D,3,3076,636,3.7751320242068735,14.251621800192288,84.18267,0.5378118872459945
A1_LCD_plus_7R_plus_10D,3,3076,637,3.4197610043682993,11.69476532699808,80.56294,0.47877175144290474
A1_LCD_plus_7R_plus_10D,3,3076,638,3.2965345416368153,10.867139984204645,33.416454,0.507872585879094
A1_LCD_plus_7R_plus_10D,3,3076,639,3.6457629988906417,13.291587844080086,127.29544,0.5729716057186205
A1_LCD_plus_7R_plus_10D,3,3076,640,5.947310133415458,35.3704978230262,344.6735,0.8688984026872898
A1_LCD_plus_7R_plus_10D,3,3076,641,5.036125153030228,25.36255655698374,202.42926,0.7420234557497203
A1_LCD_plus_7R_plus_10D,3,3076,642,2.8263196712716043,7.988082884216831,97.532745,0.3609709684198622
A1_LCD_plus_7R_plus_10D,3,3076,643,3.470779587643673,12.046310946003986,116.46545,0.4342382941718868
A1_LCD_plus_7R_plus_10D,3,3076,644,3.7818734531253733,14.302566815454435,174.68848,0.5358594176408382
A1_LCD_plus_7R_plus_10D,3,3076,645,4.66650178279321,21.776238888812205,153.0628,0.7646505959812568
A1_LCD_plus_7R_plus_10D,3,3076,646,4.536518601072085,20.580001017873023,209.07864,0.4243993611170028
A1_LCD_plus_7R_plus_10D,3,3076,647,3.339876990339181,11.154778310597106,39.744225,0.19445113660750885
A1_LCD_plus_7R_plus_10D,3,3076,648,2.933725237756608,8.606743770650068,24.44084,0.2500702196731177
A1_LCD_plus_7R_plus_10D,3,3076,649,2.263204853732405,5.122096209957919,18.159027,0.28878109323070844
A1_LCD_plus_7R_plus_10D,3,3076,650,3.51709510332704,12.369957965847043,56.371456,0.5239492896376499
A1_LCD_plus_7R_plus_10D,3,3076,651,2.9421683723014738,8.656354730971103,21.119278,0.4842159612819421
A1_LCD_plus_7R_plus_10D,3,3076,652,3.950658105414396,15.607699465876468,102.94802,0.5368513086867536
A1_LCD_plus_7R_plus_10D,3,3076,653,4.232078577569653,17.910489086723977,104.39975,0.3162662906632394
A1_LCD_plus_7R_plus_10D,3,3076,654,3.551074797200313,12.610132215311241,127.652725,0.7287949692322853
A1_LCD_plus_7R_plus_10D,3,3076,655,3.218036233377006,10.355757199327272,71.83459,0.49020699382930233
A1_LCD_plus_7R_plus_10D,3,3076,656,3.3999806085094617,11.559868138240368,56.817528,0.2592026053901466
A1_LCD_plus_7R_plus_10D,3,3076,657,3.5434948463128464,12.556355725845702,79.610085,0.6456666176784244
A1_LCD_plus_7R_plus_10D,3,3076,658,3.2689489014805675,10.68602692049101,68.1812,0.5531676567170725
A1_LCD_plus_7R_plus_10D,3,3076,659,3.725230882751954,13.877345129808898,173.78674,0.4709528769539284
A1_LCD_plus_7R_plus_10D,3,3076,660,3.6210362711359094,13.111903676881854,34.813713,0.2496568145479266
A1_LCD_plus_7R_plus_10D,3,3076,661,2.5773210437902376,6.642583762764,32.889584,0.07225620131063265
A1_LCD_plus_7R_plus_10D,3,3076,662,3.0526124527702296,9.318442786807879,68.72406,0.2119780534361449
A1_LCD_plus_7R_plus_10D,3,3076,663,2.6573825781946234,7.061682166892302,24.207375,0.12317101692855803
A1_LCD_plus_7R_plus_10D,3,3076,664,3.441670988581316,11.845099193642291,79.07419,0.38292716645969727
A1_LCD_plus_7R_plus_10D,3,3076,665,3.805581098679966,14.482447498630217,122.58629,0.704682513876267
A1_LCD_plus_7R_plus_10D,3,3076,666,3.5223963638860325,12.407276144317546,28.935543,0.3613436460705648
A1_LCD_plus_7R_plus_10D,3,3076,667,4.255437509014355,18.108748393126298,79.30916,0.2041794969782949
A1_LCD_plus_7R_plus_10D,3,3076,668,3.3272265530959872,11.070436535627005,66.58768,0.22330395037705758
A1_LCD_plus_7R_plus_10D,3,3076,669,4.462955045110234,19.917967734674885,104.76628,0.6929790175057768
A1_LCD_plus_7R_plus_10D,3,3076,670,4.7465646841248565,22.529876300581293,274.49222,0.8119818054527054
A1_LCD_plus_7R_plus_10D,3,3076,671,2.839350882742114,8.061913435328423,94.66322,0.4930212596560969
A1_LCD_plus_7R_plus_10D,3,3076,672,3.9143217520673397,15.32191477870753,6.6914115,0.15083692869733525
A1_LCD_plus_7R_plus_10D,3,3076,673,4.519813419964296,20.428713351289346,175.32217,0.45721557892154874
A1_LCD_plus_7R_plus_10D,3,3076,674,4.282929504637415,18.34348514169369,60.8005,0.6806005066349387
A1_LCD_plus_7R_plus_10D,3,3076,675,2.6099653343793054,6.8119190466616795,47.506523,0.22751557604651834
A1_LCD_plus_7R_plus_10D,3,3076,676,3.6502054601935714,13.323999901626964,50.085,0.36879657282529993
A1_LCD_plus_7R_plus_10D,3,3076,677,3.395485116743197,11.529319178024565,109.75786,0.38746823870339664
A1_LCD_plus_7R_plus_10D,3,3076,678,3.1492324262543,9.917664874571544,75.80209,0.17811541635958356
A1_LCD_plus_7R_plus_10D,3,3076,679,3.2631655927508505,10.64824968571301,71.82893,0.47742448369587254
A1_LCD_plus_7R_plus_10D,3,3076,680,5.330013008844267,28.40903867444911,315.34534,0.7201681513986177
A1_LCD_plus_7R_plus_10D,3,3076,681,3.004848231959998,9.029112897113123,37.114967,0.21841751664311468
A1_LCD_plus_7R_plus_10D,3,3076,682,4.004508304162358,16.036086758105284,87.9272,0.5594455449347748
A1_LCD_plus_7R_plus_10D,3,3076,683,3.921345684612523,15.376951978229254,74.462814,0.31548094651609815
A1_LCD_plus_7R_plus_10D,3,3076,684,2.6597733399239485,7.074394219770191,53.108204,0.24940309578311726
A1_LCD_plus_7R_plus_10D,3,3076,685,3.0077895411829028,9.046797924049256,19.47631,0.24012889380983854
A1_LCD_plus_7R_plus_10D,3,3076,686,4.646132959724778,21.58655147944092,82.97301,0.48020454507223287
A1_LCD_plus_7R_plus_10D,3,3076,687,4.170376137029993,17.39203712430921,150.25969,0.6367472803831873
A1_LCD_plus_7R_plus_10D,3,3076,688,3.0720221301176416,9.437319967932533,82.97566,0.21067180975017596
A1_LCD_plus_7R_plus_10D,3,3076,689,2.9779471144022325,8.868169016176584,74.05891,0.2151507723833624
A1_LCD_plus_7R_plus_10D,3,3076,690,4.085324103631879,16.689873031715614,48.598007,0.29917179836429164
A1_LCD_plus_7R_plus_10D,3,3076,691,2.565162491244487,6.580058606487621,39.14992,0.20495036772229627
A1_LCD_plus_7R_plus_10D,3,3076,692,3.795599626485553,14.406576524577273,81.76209,0.43309155238074815
A1_LCD_plus_7R_plus_10D,3,3076,693,4.0795366901621115,16.642619606378833,146.3677,0.6492623040101857
A1_LCD_plus_7R_plus_10D,3,3076,694,5.00532273263409,25.05325565782359,223.08002,0.6402421854227889
A1_LCD_plus_7R_plus_10D,3,3076,695,3.3825066994073607,11.441351571535678,63.701305,0.31333705593803624
A1_LCD_plus_7R_plus_10D,3,3076,696,2.85306639186447,8.139987836386545,8.481298,0.3129311222429581
A1_LCD_plus_7R_plus_10D,3,3076,697,3.65938279252836,13.391082422252659,109.744865,0.3710177146855409
A1_LCD_plus_7R_plus_10D,3,3076,698,3.0760059469032743,9.46181258538431,24.751278,0.4754478069044191
A1_LCD_plus_7R_plus_10D,3,3076,699,2.4298030483717232,5.9039428538765195,59.297264,0.20348984240340928
A1_LCD_plus_7R_plus_10D,3,3076,700,2.874847793817385,8.264749837616685,8.748613,0.2038248422012538
A1_LCD_plus_7R_plus_10D,3,3076,701,3.0789828068755454,9.480135125035213,86.66563,0.16548223619848706
A1_LCD_plus_7R_plus_10D,3,3076,702,3.9573793727688398,15.660851500016294,91.984604,0.5249263160340975
A1_LCD_plus_7R_plus_10D,3,3076,703,2.263119532439623,5.121710018109739,23.070765,0.21923614212738657
A1_LCD_plus_7R_plus_10D,3,3076,704,3.0688153653127612,9.417627746379695,73.58414,0.2698656260568084
A1_LCD_plus_7R_plus_10D,3,3076,705,3.6141569691411237,13.062130597591352,15.948521,0.5966750216862222
A1_LCD_plus_7R_plus_10D,3,3076,706,2.895226653929888,8.382337377626056,78.22528,0.30370517377730527
A1_LCD_plus_7R_plus_10D,3,3076,707,3.811922500872715,14.530753152659694,126.02741,0.5203407726667841
A1_LCD_plus_7R_plus_10D,3,3076,708,4.189677806742576,17.55340012431129,74.47597,0.37364213281761705
A1_LCD_plus_7R_plus_10D,3,3076,709,3.8437222159747977,14.774200473578215,127.73917,0.766210570601991
A1_LCD_plus_7R_plus_10D,3,3076,710,4.978214337439425,24.782617989487452,202.65646,0.5523398800551125
A1_LCD_plus_7R_plus_10D,3,3076,711,3.2525634246963904,10.579168831672709,3.5158486,0.426023262422602
A1_LCD_plus_7R_plus_10D,3,3076,712,3.029347476682836,9.176946134484663,30.354588,0.29345044037151713
A1_LCD_plus_7R_plus_10D,3,3076,713,3.7994440170646095,14.435774838808056,37.392937,0.39778937550137783
A1_LCD_plus_7R_plus_10D,3,3076,714,2.4102832950938944,5.809465562608683,22.186789,0.08400922406020218
A1_LCD_plus_7R_plus_10D,3,3076,715,3.978533951409197,15.828732402515678,154.28831,0.47453541323797827
A1_LCD_plus_7R_plus_10D,3,3076,716,4.255528548134371,18.10952322398663,197.45088,0.7079945882831249
A1_LCD_plus_7R_plus_10D,3,3076,717,3.8093588485551204,14.511214837065191,54.905624,0.23357308183188408
A1_LCD_plus_7R_plus_10D,3,3076,718,3.728261442592236,13.89993338431994,124.4705,0.5134062960999467
A1_LCD_plus_7R_plus_10D,3,3076,719,3.6974024000293855,13.670784507743056,134.22568,0.37324718759745024
A1_LCD_plus_7R_plus_10D,3,3076,720,3.895320203836662,15.173519490418096,129.42447,0.41764886163482373
A1_LCD_plus_7R_plus_10D,3,3076,721,3.3833040880970398,11.446746552534139,60.832497,0.36378808492821035
A1_LCD_plus_7R_plus_10D,3,3076,722,3.5259233263330767,12.432135303179711,46.78244,0.5686182400370177
A1_LCD_plus_7R_plus_10D,3,3076,723,2.9913315367789375,8.948064362928237,24.391888,0.21679274227844997
A1_LCD_plus_7R_plus_10D,3,3076,724,3.6666023888356833,13.443973077815539,148.7972,0.5120249715538979
A1_LCD_plus_7R_plus_10D,3,3076,725,5.847382478479131,34.19188184962474,174.35709,0.7451695878134732
A1_LCD_plus_7R_plus_10D,3,3076,726,4.723175726345554,22.30838894193986,180.55829,0.6964924590388055
A1_LCD_plus_7R_plus_10D,3,3076,727,4.547734318306336,20.6818874299012,130.31563,0.6173606955425658
A1_LCD_plus_7R_plus_10D,3,3076,728,3.6403316614184913,13.252014605125913,72.17457,0.2617649423713443
A1_LCD_plus_7R_plus_10D,3,3076,729,3.8254244913683864,14.633872539161075,44.415337,0.32704261644953186
A1_LCD_plus_7R_plus_10D,3,3076,730,3.1459324407910154,9.896890922021315,38.21081,0.5034280814129259
A1_LCD_plus_7R_plus_10D,3,3076,731,4.009428024452251,16.07551308326308,92.72879,0.3767950902332069
A1_LCD_plus_7R_plus_10D,3,3076,732,4.44537522353251,19.76136087799672,107.752884,0.7728235447059055
A1_LCD_plus_7R_plus_10D,3,3076,733,4.409667352596913,19.44516616055907,118.52696,0.6169826516161189
A1_LCD_plus_7R_plus_10D,3,3076,734,4.37005911901018,19.097416703644026,103.74929,0.7433078339603986
A1_LCD_plus_7R_plus_10D,3,3076,735,4.715286787811019,22.233929491305158,125.37203,0.7539575257290935
A1_LCD_plus_7R_plus_10D,3,3076,736,3.3432581709933054,11.177375197913497,14.31063,0.39569211189501996
A1_LCD_plus_7R_plus_10D,3,3076,737,3.2011765173247313,10.247531095071297,54.061848,0.3113740847847018
A1_LCD_plus_7R_plus_10D,3,3076,738,3.130859370135271,9.802280395563825,31.773022,0.2941800408042047
A1_LCD_plus_7R_plus_10D,3,3076,739,3.4942511678112202,12.209791223750074,34.93016,0.523037984719823
A1_LCD_plus_7R_plus_10D,3,3076,740,4.027872897054584,16.223760074826888,69.98934,0.5302910512991622
A1_LCD_plus_7R_plus_10D,3,3076,741,2.979855592848312,8.879539354229365,32.863655,0.32649191752264817
A1_LCD_plus_7R_plus_10D,3,3076,742,3.111992607283984,9.684497987790168,36.12445,0.37883630725764805
A1_LCD_plus_7R_plus_10D,3,3076,743,4.177106410337433,17.44821796328207,53.29022,0.6387390327434608
A1_LCD_plus_7R_plus_10D,3,3076,744,4.553781468771461,20.736925665326353,186.22699,0.4851430083340931
A1_LCD_plus_7R_plus_10D,3,3076,745,3.190307556527488,10.178062305236395,84.64214,0.4885759005058816
A1_LCD_plus_7R_plus_10D,3,3076,746,2.5264960735622255,6.3831824097253405,7.569811,0.14550677297617715
A1_LCD_plus_7R_plus_10D,3,3076,747,2.7874496825619697,7.769875732814825,45.145374,0.4095324170062751
A1_LCD_plus_7R_plus_10D,3,3076,748,3.4225751042512758,11.714020344240632,38.581333,0.2761896183784275
A1_LCD_plus_7R_plus_10D,3,3076,749,3.959900292905556,15.680810329753502,150.72609,0.6251778135864877
A1_LCD_plus_7R_plus_10D,3,3076,750,3.9191049034713075,15.359383244412848,40.30686,0.3313290076539798
A1_LCD_plus_7R_plus_10D,3,3076,751,3.6753381173348396,13.508110276734401,145.37701,0.3175314067707297
A1_LCD_plus_7R_plus_10D,3,3076,752,3.041313805571328,9.249589663958751,58.799618,0.1583442952163356
A1_LCD_plus_7R_plus_10D,3,3076,753,3.67221519142642,13.485164412142979,38.618835,0.2737066910407633
A1_LCD_plus_7R_plus_10D,3,3076,754,3.7083880970347334,13.752142278228893,17.924698,0.5256095213814284
A1_LCD_plus_7R_plus_10D,3,3076,755,4.6045114900467405,21.20152606197245,185.4685,0.823764637865273
A1_LCD_plus_7R_plus_10D,3,3076,756,3.754333757612824,14.095021963551225,129.25465,0.41093269714905056
A1_LCD_plus_7R_plus_10D,3,3076,757,2.4312549909686516,5.911000831109978,26.01085,0.21002345286363427
A1_LCD_plus_7R_plus_10D,3,3076,758,2.8752720356093495,8.267189278757131,30.341904,0.385572799020356
A1_LCD_plus_7R_plus_10D,3,3076,759,2.5860724930415815,6.687770939266298,23.757547,0.04116408362393771
A1_LCD_plus_7R_plus_10D,3,3076,760,3.1717575826860407,10.060046163326396,17.53695,0.5607929553814339
A1_LCD_plus_7R_plus_10D,3,3076,761,3.0458929536326447,9.277463884988997,70.28963,0.23865487806878782
A1_LCD_plus_7R_plus_10D,3,3076,762,3.1715538854867384,10.05875404854603,79.177216,0.4574083294210107
A1_LCD_plus_7R_plus_10D,3,3076,763,3.1658189637472867,10.022409711221945,84.99556,0.5182948632149424
A1_LCD_plus_7R_plus_10D,3,3076,764,3.470413986512191,12.043773237779437,81.864075,0.5979633290702762
A1_LCD_plus_7R_plus_10D,3,3076,765,4.336839101214059,18.808173389819157,172.34097,0.689701044106328
A1_LCD_plus_7R_plus_10D,3,3076,766,3.4963224262483688,12.224270508287276,61.690212,0.5758762576895227
A1_LCD_plus_7R_plus_10D,3,3076,767,3.839956740340903,14.745267767689533,110.49056,0.3184281047227809
A1_LCD_plus_7R_plus_10D,3,3076,768,3.070332466286978,9.426941453535877,39.15896,0.35454338775727456
A1_LCD_plus_7R_plus_10D,3,3076,769,4.182272071194679,17.49139967749502,107.8469,0.534009219596284
A1_LCD_plus_7R_plus_10D,3,3076,770,4.656399120742668,21.68205277165309,75.3513,0.6240936755423955
A1_LCD_plus_7R_plus_10D,3,3076,771,3.5593691700101227,12.669108888418554,60.15097,0.28149144380081376
A1_LCD_plus_7R_plus_10D,3,3076,772,3.2138235931863086,10.328662088120955,27.31923,0.226034098448555
A1_LCD_plus_7R_plus_10D,3,3076,773,3.465962389953603,12.012895288572889,45.093613,0.3454285120660622
A1_LCD_plus_7R_plus_10D,3,3076,774,3.2793298995452305,10.75400459005133,38.02391,0.2915806415129304
A1_LCD_plus_7R_plus_10D,3,3076,775,3.2305270987499615,10.436305335757842,24.045053,0.22634533430376236
A1_LCD_plus_7R_plus_10D,3,3076,776,3.377997739650094,11.410868729081146,67.94902,0.413429375909955
A1_LCD_plus_7R_plus_10D,3,3076,777,2.875483010494138,8.268402543640434,29.199135,0.41892389772193583
A1_LCD_plus_7R_plus_10D,3,3076,778,2.94440036691642,8.669493520697545,39.608757,0.31353371602375846
A1_LCD_plus_7R_plus_10D,3,3076,779,2.7859172907169745,7.761335150715809,2.7897952,0.48584706757279994
A1_LCD_plus_7R_plus_10D,3,3076,780,3.7497669244605274,14.060751987778161,175.231,0.7094560618533357
A1_LCD_plus_7R_plus_10D,3,3076,781,4.257577816165182,18.12696886070189,80.41521,0.49160578584915005
A1_LCD_plus_7R_plus_10D,3,3076,782,3.6583855351830987,13.383784724036929,53.506016,0.4488928779847624
A1_LCD_plus_7R_plus_10D,3,3076,783,3.8458848567528774,14.790830331401104,82.155685,0.38002101393592147
A1_LCD_plus_7R_plus_10D,3,3076,784,4.12590340698869,17.023078923800885,79.584274,0.7655193261947453
A1_LCD_plus_7R_plus_10D,3,3076,785,3.407292648635524,11.609643193445683,66.584114,0.39264983579890056
A1_LCD_plus_7R_plus_10D,3,3076,786,2.6151163150540224,6.83883334126173,18.777922,0.13297488438553492
A1_LCD_plus_7R_plus_10D,3,3076,787,3.446716693618367,11.879855966067524,52.273315,0.27385379758733486
A1_LCD_plus_7R_plus_10D,3,3076,788,3.347307300261282,11.204466162382474,38.132366,0.306444215730018
A1_LCD_plus_7R_plus_10D,3,3076,789,3.269839570294492,10.691850815463667,56.129128,0.18051664857224886
A1_LCD_plus_7R_plus_10D,3,3076,790,2.828824697552122,8.002249169480853,11.030975,0.3005976755200436
A1_LCD_plus_7R_plus_10D,3,3076,791,4.040493437407559,16.32558721773355,90.27872,0.49538414496024386
A1_LCD_plus_7R_plus_10D,3,3076,792,3.49692094149958,12.22845607109831,35.898407,0.2502303536338471
A1_LCD_plus_7R_plus_10D,3,3076,793,3.7203089982112916,13.840699042171902,105.37016,0.5929829886774871
A1_LCD_plus_7R_plus_10D,3,3076,794,4.245152841497817,18.02132264767699,62.151802,0.6118350393692996
A1_LCD_plus_7R_plus_10D,3,3076,795,3.9061318711686126,15.257866194959206,188.31989,0.6486836563945063
A1_LCD_plus_7R_plus_10D,3,3076,796,3.1411084691555047,9.86656241500044,131.17941,0.6114760321742453
A1_LCD_plus_7R_plus_10D,3,3076,797,3.253572953868978,10.585736966147707,98.20767,0.45012526769706757
A1_LCD_plus_7R_plus_10D,3,3076,798,3.3037026883756773,10.914451453180673,24.67837,0.49766369289371526
A1_LCD_plus_7R_plus_10D,3,3076,799,4.367548611089524,19.075480870230034,252.30656,0.7622509736042965
A1_LCD_plus_7R_plus_10D,3,3076,800,3.6937648095240774,13.643898468078444,55.021626,0.38855074876290985
A1_LCD_plus_7R_plus_10D,3,3076,801,4.466476508139577,19.949412397762707,71.52611,0.7133565795136878
A1_LCD_plus_7R_plus_10D,3,3076,802,3.891568983058549,15.14430914990335,67.15909,0.5319886853309761
A1_LCD_plus_7R_plus_10D,3,3076,803,3.64747737308464,13.304091187164424,88.87432,0.6131939616663922
A1_LCD_plus_7R_plus_10D,3,3076,804,4.544158994231871,20.649380964858413,253.76555,0.8504825047185357
A1_LCD_plus_7R_plus_10D,3,3076,805,2.8298039992474617,8.00779067415693,17.28767,0.40575780347344426
A1_LCD_plus_7R_plus_10D,3,3076,806,3.578379130564691,12.804797202060914,30.425476,0.5029859997336164
A1_LCD_plus_7R_plus_10D,3,3076,807,4.526665431198432,20.490699926006883,224.86371,0.6017164001287626
A1_LCD_plus_7R_plus_10D,3,3076,808,3.9101456508668284,15.289239010992775,144.88956,0.46980665627567175
A1_LCD_plus_7R_plus_10D,3,3076,809,3.798709667490794,14.430195137888017,219.08232,0.6065634165686823
A1_LCD_plus_7R_plus_10D,3,3076,810,4.252316718349707,18.082197473156423,122.728195,0.7142337020951366
A1_LCD_plus_7R_plus_10D,3,3076,811,3.0616053848807465,9.373427532730778,71.03444,0.3586991953425227
A1_LCD_plus_7R_plus_10D,3,3076,812,2.896848897158635,8.391733532969202,34.651955,0.381168426355838
A1_LCD_plus_7R_plus_10D,3,3076,813,3.2417353232456207,10.508847905978387,44.1429,0.25115535672727185
A1_LCD_plus_7R_plus_10D,3,3076,814,2.5398841705662876,6.451011599893198,14.579898,0.2958112198252086
A1_LCD_plus_7R_plus_10D,3,3076,815,3.1528254225306314,9.940308144955456,45.716766,0.4070965631207123
A1_LCD_plus_7R_plus_10D,3,3076,816,2.771558999145514,7.681539285744484,38.86133,0.1970372554170583
A1_LCD_plus_7R_plus_10D,3,3076,817,3.1141951949062316,9.698211711977065,29.20908,0.3432634999402087
A1_LCD_plus_7R_plus_10D,3,3076,818,3.3619182945213737,11.302494619037509,37.149784,0.2506470958756153
A1_LCD_plus_7R_plus_10D,3,3076,819,3.310324544240553,10.958248588201426,18.771036,0.3706351522472549
A1_LCD_plus_7R_plus_10D,3,3076,820,2.3458033651247154,5.5027934278304365,25.462246,0.10827485958834793
A1_LCD_plus_7R_plus_10D,3,3076,821,2.9282486235611813,8.574640001387955,19.927078,0.3085423394246668
A1_LCD_plus_7R_plus_10D,3,3076,822,3.818061660399142,14.577594842609853,94.29058,0.595517568880779
A1_LCD_plus_7R_plus_10D,3,3076,823,4.135358797812833,17.10119238664799,105.339806,0.3486989834118598
A1_LCD_plus_7R_plus_10D,3,3076,824,2.460910453491755,6.056080260104994,5.6094007,0.1363462951598563
A1_LCD_plus_7R_plus_10D,3,3076,825,3.2638349520365035,10.652618594135125,54.87947,0.4636668633062143
A1_LCD_plus_7R_plus_10D,3,3076,826,2.3277753364537817,5.418538017002517,18.734272,0.06619400188287936
A1_LCD_plus_7R_plus_10D,3,3076,827,3.2969565328616084,10.869922379578835,53.017014,0.37953518445514606
A1_LCD_plus_7R_plus_10D,3,3076,828,4.148577490097538,17.210695191343987,131.2707,0.8198056728174581
A1_LCD_plus_7R_plus_10D,3,3076,829,3.080370741770137,9.488683906753502,54.227432,0.17980149957078329
A1_LCD_plus_7R_plus_10D,3,3076,830,2.8779254655192834,8.282454985084385,27.207153,0.19816465723099835
A1_LCD_plus_7R_plus_10D,3,3076,831,3.905501421640285,15.252941354434281,127.45148,0.6108903686988124
A1_LCD_plus_7R_plus_10D,3,3076,832,3.2451645186309364,10.53109275298116,92.68627,0.12149613579359045
A1_LCD_plus_7R_plus_10D,3,3076,833,2.6794389213090826,7.179392933025979,11.317406,0.18505733345465175
A1_LCD_plus_7R_plus_10D,3,3076,834,3.7459430571169925,14.032089387163,81.89848,0.6132699375739824
A1_LCD_plus_7R_plus_10D,3,3076,835,3.1167502767913584,9.714132287879007,10.278608,0.2644840194017426
A1_LCD_plus_7R_plus_10D,3,3076,836,3.309499329740252,10.952785813551177,36.922836,0.2757630086440984
A1_LCD_plus_7R_plus_10D,3,3076,837,3.316437470507596,10.998757495786823,62.22334,0.24381397990436443
A1_LCD_plus_7R_plus_10D,3,3076,838,3.242456455846536,10.51352386806088,50.194836,0.22664551428218074
A1_LCD_plus_7R_plus_10D,3,3076,839,2.9652228460696866,8.792546526853611,19.62715,0.2534446890583194
A1_LCD_plus_7R_plus_10D,3,3076,840,3.8397119615161794,14.74338794741043,109.651215,0.2062736524647083
A1_LCD_plus_7R_plus_10D,3,3076,841,3.1165672988026967,9.712991727966338,62.65934,0.23556408918752536
A1_LCD_plus_7R_plus_10D,3,3076,842,2.399824620640198,5.759158209830872,0.39608115,0.17865258586610994
A1_LCD_plus_7R_plus_10D,3,3076,843,2.631772765288307,6.926227888113263,10.729522,0.3045623026430797
A1_LCD_plus_7R_plus_10D,3,3076,844,4.034254080281123,16.275205984264883,72.75391,0.6505031340832317
A1_LCD_plus_7R_plus_10D,3,3076,845,2.998389664434803,8.990340579789454,72.10248,0.4015258296632992
A1_LCD_plus_7R_plus_10D,3,3076,846,3.6211772538962346,13.11292470413547,76.37356,0.6295252280684422
A1_LCD_plus_7R_plus_10D,3,3076,847,6.017987668855966,36.216175582502444,341.39215,0.8253908996232735
A1_LCD_plus_7R_plus_10D,3,3076,848,5.052901728061562,25.531815873447506,243.804,0.6573880479671723
A1_LCD_plus_7R_plus_10D,3,3076,849,3.244286465709096,10.525394671583216,53.164963,0.5411449633090445
A1_LCD_plus_7R_plus_10D,3,3076,850,2.9020935099913827,8.422146740734105,36.569077,0.5041274320946827
A1_LCD_plus_7R_plus_10D,3,3076,851,2.5897407240779495,6.706757017947782,15.375235,0.12368830219572319
A1_LCD_plus_7R_plus_10D,3,3076,852,3.7568860249506004,14.114192604469125,112.10852,0.4901148839732099
A1_LCD_plus_7R_plus_10D,3,3076,853,4.107331941966767,16.87017568150049,146.87627,0.6409573774553652
A1_LCD_plus_7R_plus_10D,3,3076,854,3.7399970903275364,13.987578235658436,52.29645,0.7196124926431966
A1_LCD_plus_7R_plus_10D,3,3076,855,3.4493465692432985,11.89799175475051,95.91834,0.3515272595340132
A1_LCD_plus_7R_plus_10D,3,3076,856,4.6301926637622755,21.438684103558,179.65877,0.6020854599864323
A1_LCD_plus_7R_plus_10D,3,3076,857,3.451314092032895,11.91156896186485,115.38038,0.46926824952364843
A1_LCD_plus_7R_plus_10D,3,3076,858,2.7311040017826262,7.458929068553076,23.943369,0.12859350523851718
A1_LCD_plus_7R_plus_10D,3,3076,859,2.53311540036019,6.416673631541966,16.236935,0.11084129657659011
A1_LCD_plus_7R_plus_10D,3,3076,860,4.016779326518002,16.134516157942404,92.96457,0.4800050963418533
A1_LCD_plus_7R_plus_10D,3,3076,861,3.94149568659414,15.535388247440208,95.923965,0.652952083712611
A1_LCD_plus_7R_plus_10D,3,3076,862,2.958477078860623,8.752586626143687,72.1382,0.23837571502127086
A1_LCD_plus_7R_plus_10D,3,3076,863,2.726139559576547,7.431836898288211,41.12795,0.21546708862700803
A1_LCD_plus_7R_plus_10D,3,3076,864,2.5110480638175394,6.305362378801811,24.48922,0.18420431782981828
A1_LCD_plus_7R_plus_10D,3,3076,865,2.835648646243569,8.040903244942982,8.15736,0.22280647899044398
A1_LCD_plus_7R_plus_10D,3,3076,866,2.5896045065362028,6.70605150027261,12.812746,0.14163379837150464
A1_LCD_plus_7R_plus_10D,3,3076,867,3.511641512973335,12.331626115637652,121.13895,0.5122715003723046
A1_LCD_plus_7R_plus_10D,3,3076,868,2.8712522112947494,8.244089260864985,19.268347,0.156812832540977
A1_LCD_plus_7R_plus_10D,3,3076,869,2.9600287676122248,8.761770305091945,44.788986,0.3016415528562044
A1_LCD_plus_7R_plus_10D,3,3076,870,3.659667188390062,13.393163929778822,76.43654,0.478439054603484
A1_LCD_plus_7R_plus_10D,3,3076,871,3.5610357786292823,12.680975816677854,108.8283,0.3948653158590262
A1_LCD_plus_7R_plus_10D,3,3076,872,3.6673844443209016,13.449708662446925,79.07901,0.49724131804339633
A1_LCD_plus_7R_plus_10D,3,3076,873,3.358318314761942,11.27830190326549,61.833508,0.5217608703164287
A1_LCD_plus_7R_plus_10D,3,3076,874,3.6630949489078173,13.418264604713963,73.69595,0.6788621824917893
A1_LCD_plus_7R_plus_10D,3,3076,875,4.240003214174845,17.977627256213008,57.658936,0.4157976961525661
A1_LCD_plus_7R_plus_10D,3,3076,876,4.647784742983569,21.601903017110835,159.64967,0.774359047438146
A1_LCD_plus_7R_plus_10D,3,3076,877,3.6923905018766963,13.633747618349242,145.00423,0.5854427440820904
A1_LCD_plus_7R_plus_10D,3,3076,878,2.4896660427944224,6.198437004643639,19.430405,0.30068122077364606
A1_LCD_plus_7R_plus_10D,3,3076,879,2.801343908160842,7.847527691789857,34.896084,0.23147236331431312
A1_LCD_plus_7R_plus_10D,3,3076,880,2.497518476377113,6.237598539845058,36.444393,0.3038891712941473
A1_LCD_plus_7R_plus_10D,3,3076,881,2.7849640238289104,7.756024614021316,34.878304,0.46226586651125046
A1_LCD_plus_7R_plus_10D,3,3076,882,3.1348070981240386,9.82701554244886,35.45678,0.39642463621289326
A1_LCD_plus_7R_plus_10D,3,3076,883,2.7131817944887833,7.361355449945375,71.04552,0.3971647231289384
A1_LCD_plus_7R_plus_10D,3,3076,884,3.8636878948965516,14.928084149170143,68.06862,0.6060296980470089
A1_LCD_plus_7R_plus_10D,3,3076,885,4.410098109222447,19.4489653329674,122.98315,0.49993393420551996
A1_LCD_plus_7R_plus_10D,3,3076,886,3.3696848199152796,11.354775785567469,51.827297,0.47197517392640254
A1_LCD_plus_7R_plus_10D,3,3076,887,3.864352080173368,14.933216999540242,44.989853,0.3759533548998174
A1_LCD_plus_7R_plus_10D,3,3076,888,2.914748911402742,8.49576121652347,36.746056,0.3206658627029864
A1_LCD_plus_7R_plus_10D,3,3076,889,3.355637020548645,11.260299813676586,85.60364,0.4254978998218492
A1_LCD_plus_7R_plus_10D,3,3076,890,4.692800162245595,22.02237336277229,219.44466,0.5433547315561162
A1_LCD_plus_7R_plus_10D,3,3076,891,4.279536111966314,18.314429333623753,106.06071,0.6236469953441983
A1_LCD_plus_7R_plus_10D,3,3076,892,2.6288220791783603,6.9107055239756345,39.146942,0.21195747502660808
A1_LCD_plus_7R_plus_10D,3,3076,893,3.9978445620378267,15.982761142215422,133.62305,0.7294331189253536
A1_LCD_plus_7R_plus_10D,3,3076,894,3.570401677744398,12.747768140440007,75.31476,0.5148783413273877
A1_LCD_plus_7R_plus_10D,3,3076,895,2.722020634162272,7.409396332805179,24.579885,0.3077378335033002
A1_LCD_plus_7R_plus_10D,3,3076,896,3.1837775535306334,10.136439510365506,38.681473,0.6263263637798274
A1_LCD_plus_7R_plus_10D,3,3076,897,2.5532806870814375,6.519242267023057,20.55646,0.19552548663239055
A1_LCD_plus_7R_plus_10D,3,3076,898,2.9215637746132135,8.535534889132208,60.010292,0.12453090377922185
A1_LCD_plus_7R_plus_10D,3,3076,899,3.568818446163445,12.736465101676462,129.06252,0.408572262023418
A1_LCD_plus_7R_plus_10D,3,3076,900,2.9898644501558422,8.939289430305696,0.54746616,0.3533513105641594
A1_LCD_plus_7R_plus_10D,3,3076,901,2.6497451992469063,7.021149620932028,23.14149,0.2471906430510973
A1_LCD_plus_7R_plus_10D,3,3076,902,2.4989303153089004,6.244652720769841,28.062943,0.16078747338005905
A1_LCD_plus_7R_plus_10D,3,3076,903,3.4942323797182815,12.209659923471683,110.97753,0.46179613873477765
A1_LCD_plus_7R_plus_10D,3,3076,904,2.8925160749856604,8.36664924405045,101.11783,0.4677506506186573
A1_LCD_plus_7R_plus_10D,3,3076,905,3.603440851064195,12.98478596711825,41.97793,0.2092598376084745
A1_LCD_plus_7R_plus_10D,3,3076,906,4.052319328391725,16.42129193925716,101.857635,0.7086697299160981
A1_LCD_plus_7R_plus_10D,3,3076,907,2.6049952782893886,6.786000399910009,14.0049,0.1536011623497834
A1_LCD_plus_7R_plus_10D,3,3076,908,2.962305926349969,8.775256401288146,31.600609,0.31854202573060497
A1_LCD_plus_7R_plus_10D,3,3076,909,3.079045077999683,9.480518592354073,82.349014,0.5185172509523462
A1_LCD_plus_7R_plus_10D,3,3076,910,4.14192287454218,17.15552509865575,110.36433,0.43321865911274016
A1_LCD_plus_7R_plus_10D,3,3076,911,3.5064441369857415,12.295150485801683,50.552086,0.39653708575314356
A1_LCD_plus_7R_plus_10D,3,3076,912,2.4235249041418743,5.873472960995883,19.625683,0.07342543840879145
A1_LCD_plus_7R_plus_10D,3,3076,913,4.422996985552437,19.562902334205944,124.32026,0.5219574577591227
A1_LCD_plus_7R_plus_10D,3,3076,914,3.2599871018226083,10.627515904049773,72.52573,0.6435301063800145
A1_LCD_plus_7R_plus_10D,3,3076,915,2.86959971846108,8.23460254419191,59.789375,0.3007006439478914
A1_LCD_plus_7R_plus_10D,3,3076,916,2.98673549108541,8.920588893709205,78.03681,0.27621361501798436
A1_LCD_plus_7R_plus_10D,3,3076,917,3.1613155339651144,9.993915905289137,74.63188,0.4680864090726813
A1_LCD_plus_7R_plus_10D,3,3076,918,3.710108055466982,13.76490178324099,30.851572,0.32047143811370177
A1_LCD_plus_7R_plus_10D,3,3076,919,3.7973477907009006,14.419850243541012,48.553204,0.28227872275588295
A1_LCD_plus_7R_plus_10D,3,3076,920,3.747050334559252,14.040386209720603,53.221924,0.6099009120658534
A1_LCD_plus_7R_plus_10D,3,3076,921,3.7071862664458046,13.743230014124386,117.815094,0.4364659482559471
A1_LCD_plus_7R_plus_10D,3,3076,922,2.546874385194427,6.48656913395949,43.4775,0.3240599742674145
A1_LCD_plus_7R_plus_10D,3,3076,923,2.6659213428101904,7.107136606050888,19.477604,0.13819100045032975
A1_LCD_plus_7R_plus_10D,3,3076,924,2.7219940152906363,7.409251419278041,72.98742,0.18199593568655634
A1_LCD_plus_7R_plus_10D,3,3076,925,2.4299818013448418,5.9048115548671225,40.030483,0.14136696626158618
A1_LCD_plus_7R_plus_10D,3,3076,926,3.4167441244802426,11.674140412170258,25.081549,0.41030947664965556
A1_LCD_plus_7R_plus_10D,3,3076,927,2.1314537264805504,4.543094988127824,10.808045,0.22413220031647652
A1_LCD_plus_7R_plus_10D,3,3076,928,3.0433564465958014,9.262018461036222,36.241123,0.538681321202688
A1_LCD_plus_7R_plus_10D,3,3076,929,3.6820854878789415,13.557753540048704,108.088295,0.45481247260123503
A1_LCD_plus_7R_plus_10D,3,3076,930,2.7962509268760707,7.819019246055284,56.78342,0.3836746258443354
A1_LCD_plus_7R_plus_10D,3,3076,931,3.9512801688675525,15.612614972885995,140.57352,0.618811656703006
A1_LCD_plus_7R_plus_10D,3,3076,932,2.754878765224504,7.5893570110848865,64.590935,0.15205597568146864
A1_LCD_plus_7R_plus_10D,3,3076,933,3.8461852233633858,14.79314077241886,16.747993,0.4660992252893269
A1_LCD_plus_7R_plus_10D,3,3076,934,3.825525874756944,14.634648218434883,56.388573,0.314458179262748
A1_LCD_plus_7R_plus_10D,3,3076,935,3.4664296294266586,12.016134375767047,93.87485,0.45204017330741464
A1_LCD_plus_7R_plus_10D,3,3076,936,2.9740445132330295,8.844940766691485,50.843163,0.5331035916556619
A1_LCD_plus_7R_plus_10D,3,3076,937,3.8340701997046924,14.70009429626358,93.15291,0.2364644554879453
A1_LCD_plus_7R_plus_10D,3,3076,938,2.634773695238169,6.9420324251189935,33.41214,0.31564893694219953
A1_LCD_plus_7R_plus_10D,3,3076,939,2.7392865897034446,7.503691020529128,26.795902,0.1277905338056248
A1_LCD_plus_7R_plus_10D,3,3076,940,2.630230974354613,6.918114978454418,34.70636,0.1435792868363746
A1_LCD_plus_7R_plus_10D,3,3076,941,3.591086059295661,12.89589908526764,133.8703,0.24051675901943145
A1_LCD_plus_7R_plus_10D,3,3076,942,3.7681374117250477,14.198859553641945,125.49835,0.5058558431362342
A1_LCD_plus_7R_plus_10D,3,3076,943,4.356314315160349,18.97747441247098,155.80927,0.7883427780346688
A1_LCD_plus_7R_plus_10D,3,3076,944,5.254132369379401,27.605906954960396,237.051,0.7785773995047578
A1_LCD_plus_7R_plus_10D,3,3076,945,4.552526936923062,20.72550151141007,139.54599,0.553132612262498
A1_LCD_plus_7R_plus_10D,3,3076,946,3.0330430335084926,9.1993500431144,79.23182,0.2680377455825076
A1_LCD_plus_7R_plus_10D,3,3076,947,2.502396435263835,6.261987919221148,15.726786,0.1965199845674701
A1_LCD_plus_7R_plus_10D,3,3076,948,4.667610597086531,21.786588686034484,133.80229,0.8027453567014853
A1_LCD_plus_7R_plus_10D,3,3076,949,3.2249206765619367,10.4001133701167,47.082825,0.35573401693132245
A1_LCD_plus_7R_plus_10D,3,3076,950,3.0252453486008246,9.152109419230927,62.698692,0.34507153604914936
A1_LCD_plus_7R_plus_10D,3,3076,951,3.263363034297535,10.649538293619607,93.01282,0.2211846934507707
A1_LCD_plus_7R_plus_10D,3,3076,952,3.9004721197381995,15.213682756855004,143.10562,0.13375969079128164
A1_LCD_plus_7R_plus_10D,3,3076,953,2.526707552327648,6.384251054989574,15.559559,0.05306821343737299
A1_LCD_plus_7R_plus_10D,3,3076,954,3.2832759226254207,10.77990078409181,58.278404,0.10900144967544909
A1_LCD_plus_7R_plus_10D,3,3076,955,3.034772355390645,9.209843249043283,61.44803,0.34940497689812733
A1_LCD_plus_7R_plus_10D,3,3076,956,3.2450479682458826,10.530336316216728,84.421524,0.19210894467794876
A1_LCD_plus_7R_plus_10D,3,3076,957,3.319293436081581,11.01770891481427,27.517712,0.3207951426541878
A1_LCD_plus_7R_plus_10D,3,3076,958,3.043722535992888,9.264246876110978,27.599558,0.2422775935584428
A1_LCD_plus_7R_plus_10D,3,3076,959,2.8184587403514105,7.943709671063259,69.528244,0.15628823128323452
A1_LCD_plus_7R_plus_10D,3,3076,960,3.9497883311782256,15.600827861111668,124.91947,0.5579970823248905
A1_LCD_plus_7R_plus_10D,3,3076,961,2.892738221478987,8.367934418005413,3.8858833,0.4540103514424555
A1_LCD_plus_7R_plus_10D,3,3076,962,2.7453026404816936,7.536686587835759,42.441418,0.12637989222240203
A1_LCD_plus_7R_plus_10D,3,3076,963,4.472224339068271,20.00079053895464,101.57939,0.6034940177058011
A1_LCD_plus_7R_plus_10D,3,3076,964,4.265200607314101,18.191936220632577,189.25848,0.39846644309074075
A1_LCD_plus_7R_plus_10D,3,3076,965,2.80264904389265,7.854841663232386,33.954544,0.444893942719871
A1_LCD_plus_7R_plus_10D,3,3076,966,3.4806827560762543,12.115152448446585,139.01543,0.4089367036588034
A1_LCD_plus_7R_plus_10D,3,3076,967,2.7688195483409683,7.666361691275084,42.090298,0.22802858877847088
A1_LCD_plus_7R_plus_10D,3,3076,968,3.6139158510148395,13.06038777821631,100.19346,0.31227980542315237
A1_LCD_plus_7R_plus_10D,3,3076,969,3.236373357878843,10.474112511587977,50.346207,0.5438366220741503
A1_LCD_plus_7R_plus_10D,3,3076,970,4.350819665178263,18.929631758901888,101.02542,0.5835150193857634
A1_LCD_plus_7R_plus_10D,3,3076,971,2.7726043208181377,7.6873347198194075,56.01055,0.26060570753314616
A1_LCD_plus_7R_plus_10D,3,3076,972,3.6109308391393524,13.038821525047632,142.06058,0.4169708807445608
A1_LCD_plus_7R_plus_10D,3,3076,973,3.1781179293292534,10.10043357272406,30.574198,0.4684551780864482
A1_LCD_plus_7R_plus_10D,3,3076,974,3.9444375945541865,15.558587937332414,122.72504,0.6024377926048532
A1_LCD_plus_7R_plus_10D,3,3076,975,3.5279996643584663,12.446781631713453,90.23977,0.6457248485567306
A1_LCD_plus_7R_plus_10D,3,3076,976,3.541699418068906,12.543634767949627,111.03557,0.34493980381760575
A1_LCD_plus_7R_plus_10D,3,3076,977,3.4412219951404377,11.842008819838338,27.926886,0.4927886961332165
A1_LCD_plus_7R_plus_10D,3,3076,978,2.6481928255490774,7.012925241289602,24.913172,0.4679000263099475
A1_LCD_plus_7R_plus_10D,3,3076,979,4.35013585847771,18.923681987213605,93.24425,0.272048458429778
A1_LCD_plus_7R_plus_10D,3,3076,980,3.052392998667499,9.317103018314368,28.577806,0.17957764917927782
A1_LCD_plus_7R_plus_10D,3,3076,981,3.6767049026191656,13.518158940943808,162.6793,0.5880877875791544
A1_LCD_plus_7R_plus_10D,3,3076,982,3.1989264290712507,10.233130298610543,25.57751,0.3902062972640592
A1_LCD_plus_7R_plus_10D,3,3076,983,3.6819622981219133,13.556846364791207,154.35802,0.5371337523540161
A1_LCD_plus_7R_plus_10D,3,3076,984,3.400595376806438,11.564048916757319,54.26955,0.20086652623924153
A1_LCD_plus_7R_plus_10D,3,3076,985,2.9507452055203998,8.706897267901626,27.517712,0.31023835754916596
A1_LCD_plus_7R_plus_10D,3,3076,986,3.471013271150714,12.047933128504381,125.04215,0.668044951999875
A1_LCD_plus_7R_plus_10D,3,3076,987,2.9369309707364084,8.6255635268707,78.68359,0.27959794786772135
A1_LCD_plus_7R_plus_10D,3,3076,988,2.6574059956741696,7.0618066258450245,30.86149,0.23883040902661312
A1_LCD_plus_7R_plus_10D,3,3076,989,2.805664326834212,7.871752314870073,49.191864,0.12370019939425708
A1_LCD_plus_7R_plus_10D,3,3076,990,4.093227303487882,16.754509758018678,156.79097,0.5006036133717615
A1_LCD_plus_7R_plus_10D,3,3076,991,4.384669215433406,19.2253241287694,158.49501,0.5346767013552793
A1_LCD_plus_7R_plus_10D,3,3076,992,2.400659682397521,5.763166910688965,11.318716,0.3094094180175921
A1_LCD_plus_7R_plus_10D,3,3076,993,3.082553307404024,9.502134892987486,43.302925,0.13373504785003737
A1_LCD_plus_7R_plus_10D,3,3076,994,2.9623866015087534,8.775734376798582,14.099918,0.35192571331625144
A1_LCD_plus_7R_plus_10D,3,3076,995,2.2409289804101182,5.021762695241931,21.361235,0.144261759144785
A1_LCD_plus_7R_plus_10D,3,3076,996,2.6257905652935127,6.894776092784426,29.496122,0.21963493259046524
A1_LCD_plus_7R_plus_10D,3,3076,997,2.9535609755597165,8.723522436349265,48.785477,0.4402326650369226
A1_LCD_plus_7R_plus_10D,3,3076,998,3.3804949835716487,11.427746333953078,52.97947,0.1944351187566574
A1_LCD_plus_7R_plus_10D,3,3076,999,3.6384206802108405,13.238105046185916,119.52615,0.4452496835181354
A1_LCD_plus_7R_plus_10D,3,3076,1000,3.242222212121297,10.512004872772716,57.66076,0.2210218052800481
A1_LCD_plus_7R_plus_10D,3,3076,1001,4.673403901311451,21.84070402479309,182.12387,0.650178562763825
A1_LCD_plus_7R_plus_10D,3,3076,1002,3.085400726427394,9.51969764263869,64.353,0.26158294930428394
A1_LCD_plus_7R_plus_10D,3,3076,1003,3.1409309930876907,9.865447503338826,74.89989,0.5725620658322016
A1_LCD_plus_7R_plus_10D,3,3076,1004,3.448674320215702,11.893354566915232,79.870514,0.5143524909053686
A1_LCD_plus_7R_plus_10D,3,3076,1005,3.1800340753118395,10.112616720144429,88.87804,0.20825091020353087
A1_LCD_plus_7R_plus_10D,3,3076,1006,2.9440174369301206,8.667238668948599,66.51818,0.2629037382305193
A1_LCD_plus_7R_plus_10D,3,3076,1007,3.9021058158628223,15.226429798190459,77.03812,0.6907976666966215
A1_LCD_plus_7R_plus_10D,3,3076,1008,4.150857355958919,17.22961678951826,190.97119,0.6978496181251853
A1_LCD_plus_7R_plus_10D,3,3076,1009,4.083893447742477,16.67818569251393,56.561615,0.4447974560398396
A1_LCD_plus_7R_plus_10D,3,3076,1010,2.3931530485540975,5.727181513803768,28.961506,0.29121512406230593
A1_LCD_plus_7R_plus_10D,3,3076,1011,2.7304965529813705,7.455611425843146,11.250948,0.3004058604219472
A1_LCD_plus_7R_plus_10D,3,3076,1012,3.4332637699549413,11.78730011408522,106.99491,0.5991205971258733
A1_LCD_plus_7R_plus_10D,3,3076,1013,3.769919806750903,14.212295349332765,56.082527,0.6250360692325921
A1_LCD_plus_7R_plus_10D,3,3076,1014,4.607879776319636,21.2325560330155,143.4012,0.41913444477572265
A1_LCD_plus_7R_plus_10D,3,3076,1015,3.912133890734675,15.304791579034823,63.1629,0.3461428900788304
A1_LCD_plus_7R_plus_10D,3,3076,1016,2.7390208006710224,7.502234946508528,67.95113,0.18122960034248464
A1_LCD_plus_7R_plus_10D,3,3076,1017,2.244033825558433,5.0356878102504155,23.554592,0.09939400936468044
A1_LCD_plus_7R_plus_10D,3,3076,1018,3.0979258091495474,9.597144318994877,5.4810514,0.24369862495778383
A1_LCD_plus_7R_plus_10D,3,3076,1019,5.307218753456786,28.166570897043385,169.82559,0.7920282382019466
A1_LCD_plus_7R_plus_10D,3,3076,1020,3.7016559093483443,13.70225647121352,111.38278,0.500573360828168
A1_LCD_plus_7R_plus_10D,3,3076,1021,3.776234988503824,14.25995068840048,42.951885,0.2984570469007469
A1_LCD_plus_7R_plus_10D,3,3076,1022,2.602680745017299,6.773947060483799,37.23876,0.3241327987139367
A1_LCD_plus_7R_plus_10D,3,3076,1023,2.7285023731846145,7.444725200474074,50.456413,0.29254993044882993
A1_LCD_plus_7R_plus_10D,3,3076,1024,3.297503119446872,10.873526822761852,1.7513567,0.20468260123363108
A1_LCD_plus_7R_plus_10D,3,3076,1025,2.972078310414108,8.833249483233972,72.74325,0.20340451945720506
A1_LCD_plus_7R_plus_10D,3,3076,1026,3.412947332220635,11.648209492511944,68.93178,0.3582295760110253
A1_LCD_plus_7R_plus_10D,3,3076,1027,3.885758318047108,15.099117706272285,91.06888,0.45570644202232813
A1_LCD_plus_7R_plus_10D,3,3076,1028,5.001588081741397,25.01588333941759,144.06836,0.7348990421475647
A1_LCD_plus_7R_plus_10D,3,3076,1029,3.778130619320627,14.274270976648069,77.36496,0.6880559996342479
A1_LCD_plus_7R_plus_10D,3,3076,1030,2.3943225825856858,5.732780629479787,27.860342,0.1588095876943949
A1_LCD_plus_7R_plus_10D,3,3076,1031,2.7359772367355553,7.485571439935122,21.809189,0.30578112045238637
A1_LCD_plus_7R_plus_10D,3,3076,1032,2.144629915039655,4.5994374724829985,4.6676464,0.23996990231338639
A1_LCD_plus_7R_plus_10D,3,3076,1033,3.022534582472783,9.135715302243923,88.252495,0.45260966733630215
A1_LCD_plus_7R_plus_10D,3,3076,1034,3.554838984290294,12.636880204230048,19.14346,0.5077751223791029
A1_LCD_plus_7R_plus_10D,3,3076,1035,4.755878674384717,22.618381965467336,160.20578,0.34346281285472985
A1_LCD_plus_7R_plus_10D,3,3076,1036,4.193872992547888,17.588570677622577,147.66153,0.6864608850075324
A1_LCD_plus_7R_plus_10D,3,3076,1037,3.9162529886073254,15.337037470775806,40.60124,0.6756319913334613
A1_LCD_plus_7R_plus_10D,3,3076,1038,4.053619882190434,16.43183414928959,113.881485,0.7045256838158361
A1_LCD_plus_7R_plus_10D,3,3076,1039,3.158641397284757,9.977015476641002,38.393253,0.45424376358007157
A1_LCD_plus_7R_plus_10D,3,3076,1040,2.6012436788515987,6.766468676765396,12.68396,0.3018872122055235
A1_LCD_plus_7R_plus_10D,3,3076,1041,3.2091393006646833,10.298575051070612,70.03407,0.43848969388955317
A1_LCD_plus_7R_plus_10D,3,3076,1042,3.8057246401030147,14.483540036287224,100.87167,0.4269177876417518
A1_LCD_plus_7R_plus_10D,3,3076,1043,3.7451449589460704,14.026110763519169,27.908016,0.5725647145286323
A1_LCD_plus_7R_plus_10D,3,3076,1044,4.055608863675909,16.4479632551266,89.666916,0.31220967771967223
A1_LCD_plus_7R_plus_10D,3,3076,1045,2.630879041555099,6.921524531293881,16.767063,0.18457200498384152
A1_LCD_plus_7R_plus_10D,3,3076,1046,2.743464330071708,7.526596530375805,47.115234,0.4955624257609281
A1_LCD_plus_7R_plus_10D,3,3076,1047,4.191100044205467,17.565319580539075,64.43215,0.5884006373419414
A1_LCD_plus_7R_plus_10D,3,3076,1048,6.228001212450122,38.787999102280175,363.8238,0.8864428507645534
A1_LCD_plus_7R_plus_10D,3,3076,1049,4.159444441520831,17.300978062098537,183.33975,0.6547630905154718
A1_LCD_plus_7R_plus_10D,3,3076,1050,3.599685910591922,12.957738654913994,175.37424,0.32821397972455635
A1_LCD_plus_7R_plus_10D,3,3076,1051,3.0314304638104765,9.1895706569182,85.6033,0.2987214315693538
A1_LCD_plus_7R_plus_10D,3,3076,1052,2.346362160421882,5.505415387859642,30.80744,0.12450096727411239
A1_LCD_plus_7R_plus_10D,3,3076,1053,4.32371672410781,18.69452631032957,126.54811,0.36071933254854927
A1_LCD_plus_7R_plus_10D,3,3076,1054,3.409656615273814,11.62575823408048,66.3765,0.19815331643896872
A1_LCD_plus_7R_plus_10D,3,3076,1055,2.784491834786139,7.753394777990678,41.22558,0.23447703977135723
A1_LCD_plus_7R_plus_10D,3,3076,1056,2.774170721408105,7.696023191517964,31.308071,0.21420984002461485
A1_LCD_plus_7R_plus_10D,3,3076,1057,2.9654883952600017,8.79412142242174,24.63229,0.2724928698988512
A1_LCD_plus_7R_plus_10D,3,3076,1058,3.62948522099411,13.173162969414664,57.415993,0.48259167446268475
A1_LCD_plus_7R_plus_10D,3,3076,1059,3.6799563919906895,13.542079046953134,74.01657,0.5353869141374317
A1_LCD_plus_7R_plus_10D,3,3076,1060,4.046339487357005,16.372863246944558,135.83064,0.41603849641681945
A1_LCD_plus_7R_plus_10D,3,3076,1061,4.194590739489863,17.594591471814116,132.60648,0.7786856374191432
A1_LCD_plus_7R_plus_10D,3,3076,1062,3.5392305915304876,12.526153180025245,41.409115,0.26063007506782443
A1_LCD_plus_7R_plus_10D,3,3076,1063,2.6830553563520234,7.198786045249283,68.37647,0.3418818691388025
A1_LCD_plus_7R_plus_10D,3,3076,1064,2.6323337627246155,6.929181038379931,11.2832985,0.2845819729201984
A1_LCD_plus_7R_plus_10D,3,3076,1065,3.403338004165351,11.582709570596196,96.857544,0.4711994613525363
A1_LCD_plus_7R_plus_10D,3,3076,1066,3.1029394867285225,9.62823345829907,60.10829,0.2684211387925656
A1_LCD_plus_7R_plus_10D,3,3076,1067,3.3248004064897305,11.054297742994278,103.81008,0.5286539653358258
A1_LCD_plus_7R_plus_10D,3,3076,1068,2.7828566818316296,7.744291311614947,4.267897,0.2345710217793493
A1_LCD_plus_7R_plus_10D,3,3076,1069,2.863176011474862,8.197776872685099,4.9428415,0.4671587730755001
A1_LCD_plus_7R_plus_10D,3,3076,1070,3.1063231571042844,9.649243556362329,46.256134,0.3878774713047404
A1_LCD_plus_7R_plus_10D,3,3076,1071,2.799804119413115,7.83890310708265,40.53116,0.244162663570074
A1_LCD_plus_7R_plus_10D,3,3076,1072,4.026722625916667,16.214495106069222,99.65784,0.28749335966790457
A1_LCD_plus_7R_plus_10D,3,3076,1073,4.059897307023133,16.482766143573684,177.13873,0.5012945954535025
A1_LCD_plus_7R_plus_10D,3,3076,1074,2.682041752233586,7.193347960724206,60.284943,0.3259010029580712
A1_LCD_plus_7R_plus_10D,3,3076,1075,2.6976770001094774,7.277461196919668,18.48341,0.20215724678072264
A1_LCD_plus_7R_plus_10D,3,3076,1076,2.560107177865852,6.554148762160257,22.240597,0.15124544195015882
A1_LCD_plus_7R_plus_10D,3,3076,1077,3.1293379896901934,9.792756253718265,26.13792,0.4418745941342562
A1_LCD_plus_7R_plus_10D,3,3076,1078,4.192660907301637,17.578405483615388,78.471664,0.28277189655875745
A1_LCD_plus_7R_plus_10D,3,3076,1079,3.1563530681910787,9.962564691079237,89.028,0.4010448697068748
A1_LCD_plus_7R_plus_10D,3,3076,1080,3.5350421459986987,12.496522973987085,31.182009,0.622494323923597
A1_LCD_plus_7R_plus_10D,3,3076,1081,3.1470922626654922,9.904189709729012,38.130924,0.6390631225642949
A1_LCD_plus_7R_plus_10D,3,3076,1082,3.4837049259521766,12.136200011103462,26.58852,0.27821640034436634
A1_LCD_plus_7R_plus_10D,3,3076,1083,4.541390183295594,20.62422479693359,133.7184,0.45150726259389606
A1_LCD_plus_7R_plus_10D,3,3076,1084,2.9931136740374624,8.958729465710038,28.390085,0.38204762685682375
A1_LCD_plus_7R_plus_10D,3,3076,1085,2.9279708642230315,8.57301338173897,35.110416,0.18979170389749586
A1_LCD_plus_7R_plus_10D,3,3076,1086,3.2214858140651472,10.377970850222981,105.316864,0.7123054034046048
A1_LCD_plus_7R_plus_10D,3,3076,1087,4.0444633734684805,16.35768397932804,66.37802,0.48376441877923937
A1_LCD_plus_7R_plus_10D,3,3076,1088,3.816608729521003,14.566502194255923,71.49903,0.3242864273225081
A1_LCD_plus_7R_plus_10D,3,3076,1089,3.0684112498828884,9.415147598407874,84.96545,0.27762166146418854
A1_LCD_plus_7R_plus_10D,3,3076,1090,2.8354830767964563,8.039964278799097,37.764626,0.2843863950030805
A1_LCD_plus_7R_plus_10D,3,3076,1091,3.5534962759933943,12.627335783498921,63.69744,0.5296025874723866
A1_LCD_plus_7R_plus_10D,3,3076,1092,3.958859285154272,15.672566839652196,76.07964,0.38677917346317936
A1_LCD_plus_7R_plus_10D,3,3076,1093,4.085446070477848,16.690869594782892,70.53655,0.7965197943420872
A1_LCD_plus_7R_plus_10D,3,3076,1094,4.104306721968173,16.84533366799312,143.11389,0.5263633306235473
A1_LCD_plus_7R_plus_10D,3,3076,1095,3.228700081661603,10.424504217321642,47.084396,0.2549970871103678
A1_LCD_plus_7R_plus_10D,3,3076,1096,3.805369147161405,14.48083434616792,36.496048,0.4737900289850858
A1_LCD_plus_7R_plus_10D,3,3076,1097,3.8822980413978643,15.072238082241695,153.5931,0.6711376035341536
A1_LCD_plus_7R_plus_10D,3,3076,1098,2.9168796058440507,8.508186634988943,10.922974,0.11511372728326602
A1_LCD_plus_7R_plus_10D,3,3076,1099,4.274082030672598,18.267777204918392,136.90443,0.5958553485701387
A1_LCD_plus_7R_plus_10D,3,3076,1100,3.7926096420467172,14.383887896945724,78.09853,0.6505021856761389
A1_LCD_plus_7R_plus_10D,3,3076,1101,3.282715561601686,10.776221458381873,21.397783,0.3885372650927107
A1_LCD_plus_7R_plus_10D,3,3076,1102,3.961269207078432,15.691653730947788,155.19678,0.5775414885669605
A1_LCD_plus_7R_plus_10D,3,3076,1103,3.1076737408985786,9.657636079870565,72.748505,0.246984937422803
A1_LCD_plus_7R_plus_10D,3,3076,1104,2.8045572221407498,7.8655412122618396,14.646397,0.30115423442697703
A1_LCD_plus_7R_plus_10D,3,3076,1105,2.427979062202989,5.895082326496104,6.1353345,0.1887064142747893
A1_LCD_plus_7R_plus_10D,3,3076,1106,3.223728537770738,10.392425685237459,56.20303,0.33767476854332323
A1_LCD_plus_7R_plus_10D,3,3076,1107,3.8799769434024296,15.054221081334461,91.540985,0.31374255411983115
A1_LCD_plus_7R_plus_10D,3,3076,1108,4.126688260675932,17.029556000800547,137.0716,0.6232713137912576
A1_LCD_plus_7R_plus_10D,3,3076,1109,3.6062401361117105,13.004967919303004,41.477688,0.5706857164714776
A1_LCD_plus_7R_plus_10D,3,3076,1110,4.909251194701343,24.100747292676576,165.80301,0.781155857642976
A1_LCD_plus_7R_plus_10D,3,3076,1111,5.749333519498695,33.054835918431245,264.57043,0.8529860947726208
A1_LCD_plus_7R_plus_10D,3,3076,1112,3.6609256694327086,13.402376757111325,64.21927,0.5557934006450939
A1_LCD_plus_7R_plus_10D,3,3076,1113,3.722476357880742,13.856830234981071,70.132866,0.2899884969571949
A1_LCD_plus_7R_plus_10D,3,3076,1114,3.53523953158684,12.497918545694338,111.8722,0.2651186748009636
A1_LCD_plus_7R_plus_10D,3,3076,1115,3.5105423993002467,12.323907937284734,109.35782,0.2548814835178601
A1_LCD_plus_7R_plus_10D,3,3076,1116,2.7388685623076054,7.501401001596929,22.6121,0.283753705988287
A1_LCD_plus_7R_plus_10D,3,3076,1117,3.2338947896345474,10.458075510425473,34.0635,0.29534466503935497
A1_LCD_plus_7R_plus_10D,3,3076,1118,2.8106499968042242,7.899753404535585,46.267303,0.17503269680845038
A1_LCD_plus_7R_plus_10D,3,3076,1119,3.501571827925068,12.261005266118502,56.661877,0.17697652743097345
A1_LCD_plus_7R_plus_10D,3,3076,1120,3.0555838356444687,9.336592576651764,76.11625,0.3797330653105654
A1_LCD_plus_7R_plus_10D,3,3076,1121,4.566417419557251,20.852168049635896,118.90564,0.7016964468834727
A1_LCD_plus_7R_plus_10D,3,3076,1122,4.529909752447445,20.520082365318473,171.74979,0.24881543101353995
A1_LCD_plus_7R_plus_10D,3,3076,1123,3.7932480918927407,14.388731086647919,65.61028,0.38965109587826263
A1_LCD_plus_7R_plus_10D,3,3076,1124,3.1046703837959093,9.638978192019438,80.2663,0.16663901673310128
A1_LCD_plus_7R_plus_10D,3,3076,1125,2.8587567284323327,8.172490032357132,16.431314,0.35737341433354175
A1_LCD_plus_7R_plus_10D,3,3076,1126,4.998747679460949,24.98747836291621,178.40587,0.800591263570475
A1_LCD_plus_7R_plus_10D,3,3076,1127,3.8774247427602524,15.03442263576941,156.25075,0.4828693443473271
A1_LCD_plus_7R_plus_10D,3,3076,1128,2.958685615473165,8.75382057120782,39.434612,0.2616962253126217
A1_LCD_plus_7R_plus_10D,3,3076,1129,3.144469162378164,9.887686313147233,64.70089,0.41409291521384695
A1_LCD_plus_7R_plus_10D,3,3076,1130,3.5805785557509373,12.820542793903469,106.63864,0.4417428747656789
A1_LCD_plus_7R_plus_10D,3,3076,1131,3.1639944873959607,10.010861116272023,86.67499,0.4032868740466733
A1_LCD_plus_7R_plus_10D,3,3076,1132,3.707401296608757,13.744824374096293,147.96672,0.4019413754535811
A1_LCD_plus_7R_plus_10D,3,3076,1133,2.7296710250547798,7.451103905023613,51.518597,0.41882680691792906
A1_LCD_plus_7R_plus_10D,3,3076,1134,3.0989784806968785,9.60366762382233,81.55624,0.37404805679385916
A1_LCD_plus_7R_plus_10D,3,3076,1135,4.217207944429409,17.784842846558526,154.97969,0.360009826102398
A1_LCD_plus_7R_plus_10D,3,3076,1136,4.763636368480478,22.69223145110988,177.82484,0.725820279091939
A1_LCD_plus_7R_plus_10D,3,3076,1137,3.9713657516289165,15.771745933211106,104.47298,0.4049682758710599
A1_LCD_plus_7R_plus_10D,3,3076,1138,3.518171364096896,12.377529747151414,83.15187,0.5774927488375443
A1_LCD_plus_7R_plus_10D,3,3076,1139,5.793007285739753,33.558933412633856,157.06041,0.7343865722763233
A1_LCD_plus_7R_plus_10D,3,3076,1140,2.868007206007028,8.22546533370824,37.892315,0.37675317018059973
A1_LCD_plus_7R_plus_10D,3,3076,1141,3.6036944505131547,12.986613692659297,76.87509,0.30249340488203147
A1_LCD_plus_7R_plus_10D,3,3076,1142,3.133866576862522,9.821119721576022,24.244465,0.4328878376919601
A1_LCD_plus_7R_plus_10D,3,3076,1143,3.4485380798988183,11.89241488851223,57.1846,0.21420168127658423
A1_LCD_plus_7R_plus_10D,3,3076,1144,3.134380938899545,9.824343870136792,34.12843,0.16379806412757708
A1_LCD_plus_7R_plus_10D,3,3076,1145,3.615294621694785,13.070355201655234,138.99596,0.41873350815979254
A1_LCD_plus_7R_plus_10D,3,3076,1146,2.547015196174672,6.487286409544705,23.991789,0.14900012724628786
A1_LCD_plus_7R_plus_10D,3,3076,1147,3.5599459689653763,12.673215301952833,39.581104,0.4454203340268248
A1_LCD_plus_7R_plus_10D,3,3076,1148,3.9819772940646043,15.856143170446067,124.71912,0.6435174421631943
A1_LCD_plus_7R_plus_10D,3,3076,1149,4.454205155072657,19.839943563475835,199.21564,0.7547108623424361
A1_LCD_plus_7R_plus_10D,3,3076,1150,3.328897164176206,11.081556329660389,16.115547,0.2058198119600284
A1_LCD_plus_7R_plus_10D,3,3076,1151,4.198871853356737,17.630524840911434,122.32995,0.5583621157763298
A1_LCD_plus_7R_plus_10D,3,3076,1152,3.5869186733593517,12.865985569294011,153.35881,0.4334189097079645
A1_LCD_plus_7R_plus_10D,3,3076,1153,2.5156265146765278,6.328376761343574,18.668911,0.24424468389594828
A1_LCD_plus_7R_plus_10D,3,3076,1154,2.8983804742466774,8.400609373494396,18.931427,0.12107300979446645
A1_LCD_plus_7R_plus_10D,3,3076,1155,3.1634009497298106,10.007105568751468,59.991257,0.5399329319429225
A1_LCD_plus_7R_plus_10D,3,3076,1156,4.102708731005651,16.832218931470003,165.31375,0.5871970581872483
A1_LCD_plus_7R_plus_10D,3,3076,1157,4.749906435878729,22.561611149602168,260.88,0.6639400504839547
A1_LCD_plus_7R_plus_10D,3,3076,1158,3.9931014065606365,15.944858843076537,174.37918,0.590925688781234
A1_LCD_plus_7R_plus_10D,3,3076,1159,3.7126998003934677,13.784139807841694,84.5032,0.6858569014708701
A1_LCD_plus_7R_plus_10D,3,3076,1160,4.324686629030247,18.70291443931301,231.3413,0.6434258049740591
A1_LCD_plus_7R_plus_10D,3,3076,1161,2.9109333888378353,8.473533194250923,34.047207,0.2599709825666866
A1_LCD_plus_7R_plus_10D,3,3076,1162,4.501513243191628,20.26362147862961,126.604385,0.43508457454786625
A1_LCD_plus_7R_plus_10D,3,3076,1163,3.4573792918335653,11.953471567599564,54.602898,0.2176599456836153
A1_LCD_plus_7R_plus_10D,3,3076,1164,3.5478976158461912,12.587577492527087,28.424377,0.45020560035710594
A1_LCD_plus_7R_plus_10D,3,3076,1165,3.520566683673165,12.394389774189465,31.993246,0.2816793883533697
A1_LCD_plus_7R_plus_10D,3,3076,1166,3.8004488831570478,14.44341171348965,29.280628,0.5728746719958084
A1_LCD_plus_7R_plus_10D,3,3076,1167,2.937121099109417,8.626680350833709,56.50076,0.34214110156095623
A1_LCD_plus_7R_plus_10D,3,3076,1168,2.7329708118888303,7.469129458636291,60.813255,0.17452764689567501
A1_LCD_plus_7R_plus_10D,3,3076,1169,3.4708901263146434,12.047078268948479,136.99225,0.42551235603811594
A1_LCD_plus_7R_plus_10D,3,3076,1170,3.7243312967287334,13.870643607793129,54.26962,0.4443478584323016
A1_LCD_plus_7R_plus_10D,3,3076,1171,3.98190706756006,15.855583894684754,113.900986,0.42240011739550165
A1_LCD_plus_7R_plus_10D,3,3076,1172,3.565779688757953,12.714784788758761,88.7513,0.2780897720478591
A1_LCD_plus_7R_plus_10D,3,3076,1173,3.4691913830809287,12.035288852442966,56.086517,0.5439961935424398
A1_LCD_plus_7R_plus_10D,3,3076,1174,4.279352630756622,18.312858938363625,116.607574,0.5544578565386686
A1_LCD_plus_7R_plus_10D,3,3076,1175,3.313568959576604,10.979739249869576,31.843435,0.41781820776350936
A1_LCD_plus_7R_plus_10D,3,3076,1176,2.856829494131788,8.161474758541287,33.712246,0.2355428761898492
A1_LCD_plus_7R_plus_10D,3,3076,1177,3.5118092203792863,12.33280400034097,79.407364,0.19073716437147137
A1_LCD_plus_7R_plus_10D,3,3076,1178,4.199643855246635,17.637008510910825,211.64114,0.6953948378890326
A1_LCD_plus_7R_plus_10D,3,3076,1179,4.733025117709997,22.401526764873733,162.60492,0.6167835955718798
A1_LCD_plus_7R_plus_10D,3,3076,1180,4.309982448802892,18.575948708988978,212.16608,0.6172540344686932
A1_LCD_plus_7R_plus_10D,3,3076,1181,2.819371519635176,7.948855765729961,89.83979,0.39358663440066455
A1_LCD_plus_7R_plus_10D,3,3076,1182,2.705176918562617,7.317982160723934,32.78956,0.2038703587719361
A1_LCD_plus_7R_plus_10D,3,3076,1183,2.879556866136147,8.291847745311829,58.91798,0.10214836982136695
A1_LCD_plus_7R_plus_10D,3,3076,1184,3.1330801413833296,9.816191172330583,47.541885,0.43052028649081475
A1_LCD_plus_7R_plus_10D,3,3076,1185,2.8331634652723108,8.026815220953807,96.83254,0.08261496057348026
A1_LCD_plus_7R_plus_10D,3,3076,1186,4.641987931065888,21.54805195216135,204.08165,0.7180202076961738
A1_LCD_plus_7R_plus_10D,3,3076,1187,4.7587007781854975,22.64523309630326,256.2079,0.6586936075299241
A1_LCD_plus_7R_plus_10D,3,3076,1188,4.5257267180143,20.482202326148492,59.245663,0.2697982329533542
A1_LCD_plus_7R_plus_10D,3,3076,1189,3.536532443032649,12.507061720622477,110.9361,0.2666935191340025
A1_LCD_plus_7R_plus_10D,3,3076,1190,3.548565087736888,12.59231418190511,63.46547,0.4051313675279671
A1_LCD_plus_7R_plus_10D,3,3076,1191,4.177533066250649,17.451782519617545,104.54219,0.7050020919684202
A1_LCD_plus_7R_plus_10D,3,3076,1192,3.067599743496093,9.410168186297295,51.325867,0.47879528544327804
A1_LCD_plus_7R_plus_10D,3,3076,1193,3.23637967606354,10.474153407637152,29.151823,0.4664000315728516
A1_LCD_plus_7R_plus_10D,3,3076,1194,3.000331701438626,9.0019903186576,49.367462,0.17270349076555172
A1_LCD_plus_7R_plus_10D,3,3076,1195,3.1505882725210173,9.92620646294697,70.069,0.18545105121542854
A1_LCD_plus_7R_plus_10D,3,3076,1196,3.8919745836693225,15.14746615992799,18.259972,0.5648321839103
A1_LCD_plus_7R_plus_10D,3,3076,1197,2.594423710988531,6.7310343921395015,30.35583,0.17121918099682884
A1_LCD_plus_7R_plus_10D,3,3076,1198,3.114691368484729,9.701302320913273,50.608677,0.530159141355028
A1_LCD_plus_7R_plus_10D,3,3076,1199,2.734204357725796,7.475873469806735,63.943134,0.10930378627326691
A1_LCD_plus_7R_plus_10D,3,3076,1200,2.478993425043964,6.145408401411203,44.6064,0.18864245524326262
A1_LCD_plus_7R_plus_10D,3,3076,1201,3.702291604500346,13.70696312475375,77.92285,0.6807437717587046
A1_LCD_plus_7R_plus_10D,3,3076,1202,2.775140368535951,7.7014040650778535,12.174549,0.15256824567049632
A1_LCD_plus_7R_plus_10D,3,3076,1203,2.737092382860668,7.491674712313891,15.818642,0.16552267519002745
A1_LCD_plus_7R_plus_10D,3,3076,1204,3.6848559629364797,13.578163467588533,47.396324,0.5245387319322057
A1_LCD_plus_7R_plus_10D,3,3076,1205,4.210150772574752,17.725369527811786,186.95016,0.759823877924537
A1_LCD_plus_7R_plus_10D,3,3076,1206,3.6918813409995437,13.629987836020591,97.34558,0.6028264841648383
A1_LCD_plus_7R_plus_10D,3,3076,1207,2.4577310978249978,6.04044214921607,33.705044,0.20777485544336616
A1_LCD_plus_7R_plus_10D,3,3076,1208,2.9530157032248576,8.7203017434926,61.931473,0.25089582546181627
A1_LCD_plus_7R_plus_10D,3,3076,1209,3.4269546472717343,11.744018154457343,62.73456,0.5519150097446814
A1_LCD_plus_7R_plus_10D,3,3076,1210,2.700013195066514,7.290071253533285,12.705159,0.32290720568636716
A1_LCD_plus_7R_plus_10D,3,3076,1211,2.7829069094040366,7.744570866408726,40.003902,0.3261512985565619
A1_LCD_plus_7R_plus_10D,3,3076,1212,2.9359731950441246,8.619938602017607,13.147384,0.2542789420388365
A1_LCD_plus_7R_plus_10D,3,3076,1213,4.106184760490271,16.860753287282538,169.70285,0.6597653568728594
A1_LCD_plus_7R_plus_10D,3,3076,1214,4.527417374510448,20.49750808301907,126.52414,0.6697758708403817
A1_LCD_plus_7R_plus_10D,3,3076,1215,2.954008576689478,8.726166671154994,13.151009,0.24937345635779207
A1_LCD_plus_7R_plus_10D,3,3076,1216,2.470225786992151,6.102015438720992,37.889977,0.27273863695853556
A1_LCD_plus_7R_plus_10D,3,3076,1217,2.730087556915855,7.453378068426781,30.462044,0.11245109242316316
A1_LCD_plus_7R_plus_10D,3,3076,1218,3.1501872610397372,9.923679779617043,98.062996,0.34360127953054564
A1_LCD_plus_7R_plus_10D,3,3076,1219,3.7006108872567554,13.694520938883226,96.56219,0.3650199638147048
A1_LCD_plus_7R_plus_10D,3,3076,1220,2.4047790609961,5.782962332205285,20.461432,0.08844515426078968
A1_LCD_plus_7R_plus_10D,3,3076,1221,3.0270578620923603,9.163079300455173,6.4370737,0.5413868096045487
A1_LCD_plus_7R_plus_10D,3,3076,1222,3.9844712097255113,15.876010821131478,62.832542,0.4819067796542041
A1_LCD_plus_7R_plus_10D,3,3076,1223,3.695320419114915,13.655392999927631,24.717924,0.32528687406841206
A1_LCD_plus_7R_plus_10D,3,3076,1224,3.6314236253355103,13.187237546644905,35.037796,0.45826300612616305
A1_LCD_plus_7R_plus_10D,3,3076,1225,3.44976325643331,11.900866525437356,49.26438,0.6238011128500213
A1_LCD_plus_7R_plus_10D,3,3076,1226,3.67746548228777,13.52375237341802,123.827446,0.5625004802995459
A1_LCD_plus_7R_plus_10D,3,3076,1227,4.203181609080433,17.66673563891198,172.24611,0.685779462151359
A1_LCD_plus_7R_plus_10D,3,3076,1228,3.2358775215423057,10.470903334422776,71.3666,0.14339627272856623
A1_LCD_plus_7R_plus_10D,3,3076,1229,3.511260495914527,12.328950270169926,31.282463,0.3652571251700034
A1_LCD_plus_7R_plus_10D,3,3076,1230,3.0604267894743136,9.366212133732057,67.46971,0.15704141152369847
A1_LCD_plus_7R_plus_10D,3,3076,1231,4.383438600836298,19.214533967301676,172.79442,0.7709326523028315
A1_LCD_plus_7R_plus_10D,3,3076,1232,2.5899435867687504,6.70780778264458,26.0088,0.2213267725775984
A1_LCD_plus_7R_plus_10D,3,3076,1233,2.8008211220623545,7.844598957790627,17.93802,0.4707863440136094
A1_LCD_plus_7R_plus_10D,3,3076,1234,3.8426316253035293,14.765817807782842,111.13297,0.5391256983735921
A1_LCD_plus_7R_plus_10D,3,3076,1235,2.9315414378992384,8.593935202120335,58.826267,0.1547652577736703
A1_LCD_plus_7R_plus_10D,3,3076,1236,4.055070729282766,16.44359861948587,42.29301,0.4605388915034597
A1_LCD_plus_7R_plus_10D,3,3076,1237,3.303446054184487,10.912755832907054,21.628834,0.25363751290266723
A1_LCD_plus_7R_plus_10D,3,3076,1238,3.6678134478137188,13.452855487963152,19.767849,0.3977845638244143
A1_LCD_plus_7R_plus_10D,3,3076,1239,3.3870901748456954,11.472379852536243,80.03852,0.36522506414762523
A1_LCD_plus_7R_plus_10D,3,3076,1240,4.11916127272934,16.9674895907532,114.63009,0.703044124452819
A1_LCD_plus_7R_plus_10D,3,3076,1241,3.0034784689542806,9.02088291347195,49.546585,0.1577190412673687
A1_LCD_plus_7R_plus_10D,3,3076,1242,2.5058115509370875,6.279091528809734,37.08925,0.22171295023967197
A1_LCD_plus_7R_plus_10D,3,3076,1243,3.796257918500594,14.411574183778459,90.38959,0.3886903665551631
A1_LCD_plus_7R_plus_10D,3,3076,1244,3.979736024015235,15.83829882084459,134.97226,0.5805087431357783
A1_LCD_plus_7R_plus_10D,3,3076,1245,4.605176947210708,21.20765471512094,120.64894,0.8058583779129456
A1_LCD_plus_7R_plus_10D,3,3076,1246,3.8776024106331324,15.03580045494788,93.29658,0.5067333354546012
A1_LCD_plus_7R_plus_10D,3,3076,1247,2.756714113664775,7.599472704478565,26.003004,0.35136162667487425
A1_LCD_plus_7R_plus_10D,3,3076,1248,3.6373229179140747,13.230118009182961,100.86658,0.542521604778591
A1_LCD_plus_7R_plus_10D,3,3076,1249,5.109210643432473,26.104033398963654,306.79605,0.7878133862682399
A1_LCD_plus_7R_plus_10D,3,3076,1250,3.381197077774145,11.432493678748415,68.980644,0.6014057873818579
A1_LCD_plus_7R_plus_10D,3,3076,1251,4.2102261603072835,17.726004320935814,57.605366,0.5343548076155147
A1_LCD_plus_7R_plus_10D,3,3076,1252,4.431353521836591,19.636894035493558,126.64607,0.5751258029956698
A1_LCD_plus_7R_plus_10D,3,3076,1253,3.932138043475278,15.46170959294559,191.4945,0.6981854226534702
A1_LCD_plus_7R_plus_10D,3,3076,1254,3.594760394478187,12.92230229370897,72.49158,0.5144184469512068
A1_LCD_plus_7R_plus_10D,3,3076,1255,3.139964387895659,9.85937635725296,39.69966,0.1343091089665458
A1_LCD_plus_7R_plus_10D,3,3076,1256,3.3141093665592454,10.983320893515723,100.458,0.3583347718197174
A1_LCD_plus_7R_plus_10D,3,3076,1257,3.4385127902381245,11.823370208631173,42.320232,0.553744878295504
A1_LCD_plus_7R_plus_10D,3,3076,1258,2.210062642581114,4.884376884132616,6.9188614,0.16870856531888054
A1_LCD_plus_7R_plus_10D,3,3076,1259,3.1597122299729845,9.98378137624085,30.598581,0.21984910986798442
A1_LCD_plus_7R_plus_10D,3,3076,1260,3.238892078689791,10.490421897399477,56.344643,0.31432431685816115
A1_LCD_plus_7R_plus_10D,3,3076,1261,2.6424290321135673,6.982431189756643,24.821516,0.26861272306106787
A1_LCD_plus_7R_plus_10D,3,3076,1262,3.6719991521270923,13.483577773222084,86.670364,0.41516568260712533
A1_LCD_plus_7R_plus_10D,3,3076,1263,3.4541202284101384,11.930946552312099,73.909546,0.4403180989906963
A1_LCD_plus_7R_plus_10D,3,3076,1264,4.058616195944043,16.472365425979294,98.230385,0.5119134230510751
A1_LCD_plus_7R_plus_10D,3,3076,1265,3.988437020727013,15.907629868305765,101.25221,0.22956394372816757
A1_LCD_plus_7R_plus_10D,3,3076,1266,2.2911078696582132,5.249175270409797,16.613232,0.05992393565801561
A1_LCD_plus_7R_plus_10D,3,3076,1267,2.91172597497623,8.47814815335128,73.57376,0.34292353536599557
A1_LCD_plus_7R_plus_10D,3,3076,1268,3.085961092577497,9.5231558649021,28.152693,0.4199473695040092
A1_LCD_plus_7R_plus_10D,3,3076,1269,3.227065574301179,10.413952220839798,94.616714,0.19775525122273477
A1_LCD_plus_7R_plus_10D,3,3076,1270,2.9422993232403227,8.657125307540461,36.7893,0.44580763986930194
A1_LCD_plus_7R_plus_10D,3,3076,1271,2.9195455438259663,8.523746182474051,41.819054,0.2237108335227257
A1_LCD_plus_7R_plus_10D,3,3076,1272,3.7403929772071596,13.990539623940641,9.230867,0.4197281601719094
A1_LCD_plus_7R_plus_10D,3,3076,1273,2.694527858387731,7.260480379627572,72.61865,0.15679153709030738
A1_LCD_plus_7R_plus_10D,3,3076,1274,2.979614222552394,8.878100915236505,35.59161,0.17340959105477266
A1_LCD_plus_7R_plus_10D,3,3076,1275,3.5449960978562425,12.566997333815983,86.935135,0.47125365938060293
A1_LCD_plus_7R_plus_10D,3,3076,1276,3.2174882413853694,10.352230583453116,70.02982,0.33112799762279693
A1_LCD_plus_7R_plus_10D,3,3076,1277,4.293796884926757,18.43669168900672,99.72834,0.506898487185952
A1_LCD_plus_7R_plus_10D,3,3076,1278,3.7743325688467513,14.245586340257313,91.80657,0.23485348829641567
A1_LCD_plus_7R_plus_10D,3,3076,1279,2.939784416080195,8.642332413027974,34.724358,0.3514154121860068
A1_LCD_plus_7R_plus_10D,3,3076,1280,2.3709401878243392,5.621357374240512,51.213245,0.21408077719269958
A1_LCD_plus_7R_plus_10D,3,3076,1281,4.98785782029336,24.87872563546163,179.40506,0.6582879830831279
A1_LCD_plus_7R_plus_10D,3,3076,1282,2.3375942032894512,5.464346659252445,37.364914,0.18113176160975303
A1_LCD_plus_7R_plus_10D,3,3076,1283,2.994178904620355,8.965107312873549,35.36589,0.25486830768999286
A1_LCD_plus_7R_plus_10D,3,3076,1284,2.375614904103636,5.64354617259933,6.661378,0.358114471812373
A1_LCD_plus_7R_plus_10D,3,3076,1285,3.9014565741256635,15.221363399788359,106.619995,0.6465432146541589
A1_LCD_plus_7R_plus_10D,3,3076,1286,3.0163105301403146,9.098129214235346,77.643135,0.4339303254987641
A1_LCD_plus_7R_plus_10D,3,3076,1287,2.537846383766391,6.440664267596147,49.51495,0.26957854832445155
A1_LCD_plus_7R_plus_10D,3,3076,1288,3.2791530596400693,10.752844788546827,47.105785,0.447839146239439
A1_LCD_plus_7R_plus_10D,3,3076,1289,4.586682407362286,21.037655506006697,97.5377,0.28814045737100846
A1_LCD_plus_7R_plus_10D,3,3076,1290,2.7426502676163227,7.522130490455886,43.528957,0.18847813182068585
A1_LCD_plus_7R_plus_10D,3,3076,1291,2.7558469902674627,7.594692633766232,15.515306,0.21064969549418172
A1_LCD_plus_7R_plus_10D,3,3076,1292,2.5795660302621966,6.6541609044826675,77.54382,0.48240766609363206
A1_LCD_plus_7R_plus_10D,3,3076,1293,3.271656205393444,10.70373432628943,20.285215,0.3282495972272301
A1_LCD_plus_7R_plus_10D,3,3076,1294,3.3994961603225744,11.556574144047927,34.460514,0.24540741440650565
A1_LCD_plus_7R_plus_10D,3,3076,1295,3.386874444695533,11.470918504131674,31.60143,0.45504856763778434
A1_LCD_plus_7R_plus_10D,3,3076,1296,4.7719681832101015,22.771680341569507,222.8638,0.6493915954287446
A1_LCD_plus_7R_plus_10D,3,3076,1297,3.88199402974475,15.069877646973877,129.7565,0.5073152768294393
A1_LCD_plus_7R_plus_10D,3,3076,1298,2.7901168304476887,7.784751927547455,8.615808,0.41413988662170387
A1_LCD_plus_7R_plus_10D,3,3076,1299,3.6267336868254416,13.153197235154462,44.5025,0.5297853398434764
A1_LCD_plus_7R_plus_10D,3,3076,1300,4.072749471771492,16.58728825981497,81.2607,0.22416967022985929
A1_LCD_plus_7R_plus_10D,3,3076,1301,2.942496405848564,8.658285098431712,57.55639,0.4981543059944292
A1_LCD_plus_7R_plus_10D,3,3076,1302,3.682816601091723,13.563138117276791,85.28961,0.17313674352413513
A1_LCD_plus_7R_plus_10D,3,3076,1303,3.1664092828811405,10.026147746715859,53.22765,0.3874137563337469
A1_LCD_plus_7R_plus_10D,3,3076,1304,4.343570550898779,18.866605130635122,92.39616,0.64862136271757
A1_LCD_plus_7R_plus_10D,3,3076,1305,5.55722715418783,30.882773643242576,219.78033,0.6849129534313645
A1_LCD_plus_7R_plus_10D,3,3076,1306,5.108860400939682,26.100454596289584,194.08127,0.6778840329839064
A1_LCD_plus_7R_plus_10D,3,3076,1307,5.8247232491887555,33.92740092964001,295.82812,0.7431254602587418
A1_LCD_plus_7R_plus_10D,3,3076,1308,4.5062491209869435,20.306281140395605,119.65506,0.7073020684180926
A1_LCD_plus_7R_plus_10D,3,3076,1309,3.8015406337968494,14.45171119040855,117.83287,0.6615731477091737
A1_LCD_plus_7R_plus_10D,3,3076,1310,3.9790743763065346,15.833032892179244,128.64671,0.6386146873805616
A1_LCD_plus_7R_plus_10D,3,3076,1311,3.0261972998480897,9.15787009760787,37.942436,0.1668757979883258
A1_LCD_plus_7R_plus_10D,3,3076,1312,2.984194937407885,8.905419424450852,26.094522,0.24487614005052427
A1_LCD_plus_7R_plus_10D,3,3076,1313,3.288547214436269,10.81454278157654,126.78176,0.5301121161777265
A1_LCD_plus_7R_plus_10D,3,3076,1314,4.314013165583806,18.610709592830414,128.58963,0.7298146479536273
A1_LCD_plus_7R_plus_10D,3,3076,1315,3.1021593159379237,9.623392421460448,66.20821,0.2796293164135184
A1_LCD_plus_7R_plus_10D,3,3076,1316,2.9583383045399367,8.751765524108228,14.777608,0.44954840103871463
A1_LCD_plus_7R_plus_10D,3,3076,1317,2.734463796036111,7.477292251832218,40.416527,0.3168242057737673
A1_LCD_plus_7R_plus_10D,3,3076,1318,2.918796722927773,8.519374309773909,26.699455,0.302598323587009
A1_LCD_plus_7R_plus_10D,3,3076,1319,3.2395868429968986,10.494922913318613,39.48823,0.23205597758696167
A1_LCD_plus_7R_plus_10D,3,3076,1320,5.279041986028335,27.868284290249992,287.5345,0.6350338877529125
A1_LCD_plus_7R_plus_10D,3,3076,1321,4.18355556121166,17.502137133745013,136.68207,0.7619770537754489
A1_LCD_plus_7R_plus_10D,3,3076,1322,3.2877448946358303,10.80926649220397,99.193794,0.3397682560920414
A1_LCD_plus_7R_plus_10D,3,3076,1323,3.400657661056154,11.564472527699913,86.06235,0.22318156971424458
A1_LCD_plus_7R_plus_10D,3,3076,1324,3.5027172815098595,12.269028354187817,46.045,0.5199770052671151
A1_LCD_plus_7R_plus_10D,3,3076,1325,3.140917124711073,9.865360384303271,102.70296,0.4927288985146179
A1_LCD_plus_7R_plus_10D,3,3076,1326,3.3644621720030288,11.319605706839333,105.05302,0.5582893714179505
A1_LCD_plus_7R_plus_10D,3,3076,1327,4.494456359314248,20.200137965780286,105.313934,0.6333707316573951
A1_LCD_plus_7R_plus_10D,3,3076,1328,3.9295881666494825,15.441663159471643,145.18947,0.4972379094818695
A1_LCD_plus_7R_plus_10D,3,3076,1329,4.133653766434034,17.087093460754275,137.3381,0.38176577566042436
A1_LCD_plus_7R_plus_10D,3,3076,1330,3.3403812606321295,11.158146966382295,44.38577,0.2659708816624813
A1_LCD_plus_7R_plus_10D,3,3076,1331,3.2651452199300985,10.661173307232374,60.275734,0.3174732150381532
A1_LCD_plus_7R_plus_10D,3,3076,1332,2.799014752910966,7.8344835870132385,38.466187,0.25229765396425385
A1_LCD_plus_7R_plus_10D,3,3076,1333,2.7010805215469498,7.29583598388034,37.382908,0.12584114728814827
A1_LCD_plus_7R_plus_10D,3,3076,1334,2.463005731039356,6.066397231132712,35.94669,0.15802456386248612
A1_LCD_plus_7R_plus_10D,3,3076,1335,3.5951365549639203,12.925006848837842,138.71881,0.6095218619336563
A1_LCD_plus_7R_plus_10D,3,3076,1336,3.5865491117651183,12.863334531103158,37.70107,0.5135667524552991
A1_LCD_plus_7R_plus_10D,3,3076,1337,3.9175907703074997,15.347517443598505,104.79687,0.6498102201019015
A1_LCD_plus_7R_plus_10D,3,3076,1338,5.65361011914145,31.963307379258595,213.43431,0.5754580868076608
A1_LCD_plus_7R_plus_10D,3,3076,1339,5.978701921525985,35.74487666645852,313.22708,0.8928050135138978
A1_LCD_plus_7R_plus_10D,3,3076,1340,4.208740647674903,17.713497839390968,103.94608,0.6829294144784509
A1_LCD_plus_7R_plus_10D,3,3076,1341,3.003843953776415,9.023078498639125,31.779839,0.25322616598228137
A1_LCD_plus_7R_plus_10D,3,3076,1342,3.915999949562138,15.335055604970664,23.792984,0.5105457390480497
A1_LCD_plus_7R_plus_10D,3,3076,1343,4.2010797987185535,17.649071475201126,139.21992,0.6352485831061176
A1_LCD_plus_7R_plus_10D,3,3076,1344,5.215202078322074,27.198332717734875,178.34541,0.8238261928527615
A1_LCD_plus_7R_plus_10D,3,3076,1345,4.242335121549732,17.997407283534375,109.59455,0.6737770745979745
A1_LCD_plus_7R_plus_10D,3,3076,1346,4.397351525180775,19.336700436009686,124.23661,0.7252232503037458
A1_LCD_plus_7R_plus_10D,3,3076,1347,3.924343240119361,15.400469866270523,145.81125,0.2874235369270521
A1_LCD_plus_7R_plus_10D,3,3076,1348,3.843117550214895,14.769552504769734,104.74603,0.5895785881857725
A1_LCD_plus_7R_plus_10D,3,3076,1349,3.671848906982674,13.48247439570986,130.10617,0.20657360653478196
A1_LCD_plus_7R_plus_10D,3,3076,1350,3.370689628426856,11.361548571184375,15.015444,0.3649387601625713
A1_LCD_plus_7R_plus_10D,3,3076,1351,2.886759334272871,8.333379454011546,20.607538,0.2009820981388653
A1_LCD_plus_7R_plus_10D,3,3076,1352,5.141057516323847,26.43047238614992,171.27292,0.6772916644843872
A1_LCD_plus_7R_plus_10D,3,3076,1353,4.059070938588924,16.476056884497172,70.76725,0.5415886505875565
A1_LCD_plus_7R_plus_10D,3,3076,1354,3.4583224539238135,11.959994195313627,90.952484,0.5137173578659108
A1_LCD_plus_7R_plus_10D,3,3076,1355,3.767229659361846,14.192019306375567,121.94205,0.5892903709442847
A1_LCD_plus_7R_plus_10D,3,3076,1356,3.2927578116994356,10.842254006507655,75.27467,0.2715853956394859
A1_LCD_plus_7R_plus_10D,3,3076,1357,3.770245445130748,14.214750716529153,117.86073,0.37193979779782604
A1_LCD_plus_7R_plus_10D,3,3076,1358,4.209166737665702,17.71708462547132,140.51842,0.6506742094216524
A1_LCD_plus_7R_plus_10D,3,3076,1359,5.367404468930434,28.80903073309439,157.19066,0.48960115305347707
A1_LCD_plus_7R_plus_10D,3,3076,1360,3.3331574727274065,11.10993873799855,91.68062,0.509417324342165
A1_LCD_plus_7R_plus_10D,3,3076,1361,2.3864493992590474,5.69514073522387,64.02546,0.18904587823212607
A1_LCD_plus_7R_plus_10D,3,3076,1362,3.321033810143756,11.02926556811795,29.198265,0.3293281667128247
A1_LCD_plus_7R_plus_10D,3,3076,1363,3.7155353355034495,13.805202829374728,88.1344,0.19801408187234937
A1_LCD_plus_7R_plus_10D,3,3076,1364,3.5804964005876845,12.819954474621367,136.06128,0.5094482562787993
A1_LCD_plus_7R_plus_10D,3,3076,1365,3.821390003867591,14.603021561659142,78.53015,0.5902520427413407
A1_LCD_plus_7R_plus_10D,3,3076,1366,3.6904015131460977,13.619063328231007,106.751274,0.40005454714147926
A1_LCD_plus_7R_plus_10D,3,3076,1367,3.4822806028319753,12.126278196859827,43.150806,0.36523124244410304
A1_LCD_plus_7R_plus_10D,3,3076,1368,3.209376801570637,10.300099454459772,32.407192,0.24984937760566067
A1_LCD_plus_7R_plus_10D,3,3076,1369,3.090173024524965,9.54916932150177,105.91369,0.5553916499938005
A1_LCD_plus_7R_plus_10D,3,3076,1370,3.8724751968718243,14.996064150387475,40.086464,0.33653482578346705
A1_LCD_plus_7R_plus_10D,3,3076,1371,3.5755252627530814,12.784380904585491,91.79219,0.46256389346836146
A1_LCD_plus_7R_plus_10D,3,3076,1372,4.232689781549617,17.91566278683455,190.00543,0.2984927058414188
A1_LCD_plus_7R_plus_10D,3,3076,1373,4.706005126295445,22.146484248719013,283.23196,0.5154733794361014
A1_LCD_plus_7R_plus_10D,3,3076,1374,3.2160853120834503,10.343204734598904,99.25301,0.30386827123200627
A1_LCD_plus_7R_plus_10D,3,3076,1375,3.8937504151235047,15.16129229527446,128.0658,0.531087037639308
A1_LCD_plus_7R_plus_10D,3,3076,1376,5.932580299976911,35.19550901567414,372.05432,0.7197924760940748
A1_LCD_plus_7R_plus_10D,3,3076,1377,3.8685757514638226,14.965878344813879,77.66107,0.40535118604021253
A1_LCD_plus_7R_plus_10D,3,3076,1378,2.537313186922148,6.437958208529029,31.616379,0.09500811010279664
A1_LCD_plus_7R_plus_10D,3,3076,1379,3.830343097340255,14.671528243342134,82.33689,0.6649547134796935
A1_LCD_plus_7R_plus_10D,3,3076,1380,2.4351918920680706,5.930159551194069,19.417084,0.27706526568283985
A1_LCD_plus_7R_plus_10D,3,3076,1381,3.182975906632755,10.131335622204611,60.07074,0.3235068359879415
A1_LCD_plus_7R_plus_10D,3,3076,1382,3.392180574308597,11.506889048716602,122.3698,0.4478631578898491
A1_LCD_plus_7R_plus_10D,3,3076,1383,3.7684440354464805,14.201170448292157,71.84305,0.6474022286207392
A1_LCD_plus_7R_plus_10D,3,3076,1384,4.386951385536996,19.245342459064968,183.74579,0.7407900807273895
A1_LCD_plus_7R_plus_10D,3,3076,1385,3.8132523848524857,14.540893750583171,73.70152,0.29387748199217634
A1_LCD_plus_7R_plus_10D,3,3076,1386,3.0078680325234637,9.047270101076572,53.45941,0.25067322631735056
A1_LCD_plus_7R_plus_10D,3,3076,1387,2.609016662851714,6.806967947037894,14.488768,0.2342198066936933
A1_LCD_plus_7R_plus_10D,3,3076,1388,3.05919532588633,9.358676041924765,71.67496,0.18573841222995666
A1_LCD_plus_7R_plus_10D,3,3076,1389,3.0713919815419586,9.433448704280238,53.46577,0.19966698295026913
A1_LCD_plus_7R_plus_10D,3,3076,1390,3.443913945655114,11.860543265077773,96.381165,0.49057113278502784
A1_LCD_plus_7R_plus_10D,3,3076,1391,3.6795885622820945,13.539371987677214,91.20342,0.5313088174132957
A1_LCD_plus_7R_plus_10D,3,3076,1392,3.5770796155106024,12.795498575701476,59.482216,0.5409573767983167
A1_LCD_plus_7R_plus_10D,3,3076,1393,3.6383828628495696,13.237829856677429,92.60324,0.22572362948441388
A1_LCD_plus_7R_plus_10D,3,3076,1394,4.623602701487038,21.377701941198236,217.94043,0.5293568088227358
A1_LCD_plus_7R_plus_10D,3,3076,1395,5.549575063793874,30.797783388682785,270.9752,0.7671714965611638
A1_LCD_plus_7R_plus_10D,3,3076,1396,5.227126737236665,27.322853927134428,149.02133,0.865938151974867
A1_LCD_plus_7R_plus_10D,3,3076,1397,3.249390598357151,10.558539260691841,24.03484,0.42458133852293234
A1_LCD_plus_7R_plus_10D,3,3076,1398,3.4892929320616433,12.175165165735336,27.078974,0.3589869143566968
A1_LCD_plus_7R_plus_10D,3,3076,1399,3.894856402695792,15.169906397620403,98.841965,0.6825355009499013
A1_LCD_plus_7R_plus_10D,3,3076,1400,3.6877382885466212,13.599413684812763,77.547714,0.4227938274088969
A1_LCD_plus_7R_plus_10D,3,3076,1401,4.307689352024529,18.556187553545513,168.75029,0.5218186737163315
A1_LCD_plus_7R_plus_10D,3,3076,1402,4.7680255058185415,22.734067224136147,111.17268,0.7053970115063188
A1_LCD_plus_7R_plus_10D,3,3076,1403,5.266730622898956,27.738451454181632,140.70634,0.6135948087356498
A1_LCD_plus_7R_plus_10D,3,3076,1404,3.628765876104968,13.167941783583858,134.34752,0.544920432444242
A1_LCD_plus_7R_plus_10D,3,3076,1405,2.7417047895841766,7.516945153228815,42.373566,0.23020874184496942
A1_LCD_plus_7R_plus_10D,3,3076,1406,3.1326255460166763,9.813342811556279,95.99446,0.26160314850910577
A1_LCD_plus_7R_plus_10D,3,3076,1407,4.44701315457727,19.775925996983283,209.54716,0.7652167135771922
A1_LCD_plus_7R_plus_10D,3,3076,1408,4.878938141226715,23.804037385916793,140.25708,0.620028069352178
A1_LCD_plus_7R_plus_10D,3,3076,1409,3.5826504341063243,12.835384133002236,59.529903,0.6138530237606595
A1_LCD_plus_7R_plus_10D,3,3076,1410,3.1094985382866276,9.668981159606677,20.697515,0.29404254078089853
A1_LCD_plus_7R_plus_10D,3,3076,1411,2.697666162002585,7.277402721613758,18.522541,0.40422392254425077
A1_LCD_plus_7R_plus_10D,3,3076,1412,3.036919853208974,9.222882194814815,97.84148,0.42034854845173186
A1_LCD_plus_7R_plus_10D,3,3076,1413,4.496192446464733,20.215746515646533,95.052925,0.6551131471488698
A1_LCD_plus_7R_plus_10D,3,3076,1414,3.7422329797211695,14.00430767451278,132.25972,0.3803224247385616
A1_LCD_plus_7R_plus_10D,3,3076,1415,3.754512547864659,14.096364472073175,91.14449,0.5595332078592802
A1_LCD_plus_7R_plus_10D,3,3076,1416,3.253184534495009,10.583209615477509,93.76816,0.42990085155430113
A1_LCD_plus_7R_plus_10D,3,3076,1417,3.5048518816495475,12.283986712302374,97.88974,0.2091085213496446
A1_LCD_plus_7R_plus_10D,3,3076,1418,3.703279922689605,13.714282185795923,17.389805,0.48349115889969135
A1_LCD_plus_7R_plus_10D,3,3076,1419,3.8364137455055967,14.718070426704276,68.83749,0.28798174029210966
A1_LCD_plus_7R_plus_10D,3,3076,1420,2.6844571642079647,7.206310266467468,20.431082,0.05395721928326948
A1_LCD_plus_7R_plus_10D,3,3076,1421,3.38957211624479,11.489199131224185,81.01151,0.31771622539528144
A1_LCD_plus_7R_plus_10D,3,3076,1422,4.189510389002601,17.551997299560725,137.18727,0.705926762860625
A1_LCD_plus_7R_plus_10D,3,3076,1423,3.7839629528108016,14.31837562824464,75.50874,0.21967690141095955
A1_LCD_plus_7R_plus_10D,3,3076,1424,2.482128840203323,6.160963579369091,45.446457,0.12127833983375846
A1_LCD_plus_7R_plus_10D,3,3076,1425,3.093232308314593,9.568086113201227,2.665295,0.309332284014214
A1_LCD_plus_7R_plus_10D,3,3076,1426,2.8695755340713927,8.234463745741119,68.54019,0.11597205523068019
A1_LCD_plus_7R_plus_10D,3,3076,1427,3.1501780804646495,9.923621938639945,51.260742,0.20522816874096778
A1_LCD_plus_7R_plus_10D,3,3076,1428,3.605716397230666,13.001190737258096,33.07203,0.36462168980030807
A1_LCD_plus_7R_plus_10D,3,3076,1429,3.6028095186455746,12.980236427643158,60.6374,0.49365051388475717
A1_LCD_plus_7R_plus_10D,3,3076,1430,2.9930464411642124,8.958326998965758,75.2842,0.3940596198330307
A1_LCD_plus_7R_plus_10D,3,3076,1431,3.2115145457982455,10.31382567787371,46.250305,0.37425650662671905
A1_LCD_plus_7R_plus_10D,3,3076,1432,2.4212740397889605,5.862567975755953,16.068293,0.11673834156798729
A1_LCD_plus_7R_plus_10D,3,3076,1433,3.7745593691563535,14.247298431286008,177.1264,0.5316015965196148
A1_LCD_plus_7R_plus_10D,3,3076,1434,3.1012314679723456,9.617636617941908,65.8654,0.4466774774467096
A1_LCD_plus_7R_plus_10D,3,3076,1435,3.546565285830441,12.578125326657556,83.73304,0.4886453570598004
A1_LCD_plus_7R_plus_10D,3,3076,1436,4.815764574246463,23.191588434567223,270.687,0.5583625154724596
A1_LCD_plus_7R_plus_10D,3,3076,1437,3.9633397598959528,15.708062052372114,98.900085,0.5502018022219386
A1_LCD_plus_7R_plus_10D,3,3076,1438,2.805097190365465,7.868570247396225,38.126923,0.20547471837330367
A1_LCD_plus_7R_plus_10D,3,3076,1439,2.569281486783296,6.601207358327387,16.134062,0.2603282329151905
A1_LCD_plus_7R_plus_10D,3,3076,1440,2.8460762014363348,8.100149744382279,39.69172,0.1335092228580098
A1_LCD_plus_7R_plus_10D,3,3076,1441,3.227920440899861,10.419470372779154,29.115139,0.240337931396349
A1_LCD_plus_7R_plus_10D,3,3076,1442,3.7733689220469,14.23831302186939,75.28064,0.2492721162460328
A1_LCD_plus_7R_plus_10D,3,3076,1443,3.8751370737333466,15.016687340222648,165.22928,0.7219893122230961
A1_LCD_plus_7R_plus_10D,3,3076,1444,3.8560699412648165,14.869275391926045,67.475945,0.5842801210173645
A1_LCD_plus_7R_plus_10D,3,3076,1445,2.9281818211389865,8.574248777648828,47.20621,0.5347749027866026
A1_LCD_plus_7R_plus_10D,3,3076,1446,4.379779595916936,19.182469308810322,137.70195,0.625317286036333
A1_LCD_plus_7R_plus_10D,3,3076,1447,3.454065435677688,11.930568033943297,122.73173,0.41877181491384285
A1_LCD_plus_7R_plus_10D,3,3076,1448,3.8905911034537133,15.136699134273185,140.25024,0.5832179448160004
A1_LCD_plus_7R_plus_10D,3,3076,1449,4.270408522629174,18.236388950143894,119.63432,0.5482301547155443
A1_LCD_plus_7R_plus_10D,3,3076,1450,2.7806089290573603,7.731786016353521,40.39718,0.31400603003330535
A1_LCD_plus_7R_plus_10D,3,3076,1451,3.312618234273608,10.973439566041995,46.15301,0.33866285762290316
A1_LCD_plus_7R_plus_10D,3,3076,1452,2.725913383732651,7.4306037756127905,6.4057565,0.19645197389205976
A1_LCD_plus_7R_plus_10D,3,3076,1453,3.137119871224317,9.841521086430477,63.879356,0.15431531589913874
A1_LCD_plus_7R_plus_10D,3,3076,1454,3.03977559362763,9.24023565961421,68.327225,0.318263558288854
A1_LCD_plus_7R_plus_10D,3,3076,1455,3.5582183319114202,12.660917697550488,20.593554,0.4344798554543172
A1_LCD_plus_7R_plus_10D,3,3076,1456,2.6195308495212806,6.8619418715936815,29.730282,0.34500784720220523
A1_LCD_plus_7R_plus_10D,3,3076,1457,2.531422134869251,6.4080980249059944,79.18687,0.24147676137617807
A1_LCD_plus_7R_plus_10D,3,3076,1458,4.7045682107802875,22.132962049884433,133.57896,0.7299088471763315
A1_LCD_plus_7R_plus_10D,3,3076,1459,3.1082451687437143,9.661188029018641,76.47359,0.31072952432898326
A1_LCD_plus_7R_plus_10D,3,3076,1460,4.385526958106286,19.23284670027698,148.66267,0.4767441904589923
A1_LCD_plus_7R_plus_10D,3,3076,1461,4.407847494863724,19.429119537976405,151.59897,0.5828530526753197
A1_LCD_plus_7R_plus_10D,3,3076,1462,4.062358983101013,16.5027605075815,119.6786,0.4820815665204283
A1_LCD_plus_7R_plus_10D,3,3076,1463,3.027262232120561,9.16431662202356,13.91845,0.1722131965530166
A1_LCD_plus_7R_plus_10D,3,3076,1464,3.065998870722415,9.400349075271125,66.838196,0.25667636596310794
A1_LCD_plus_7R_plus_10D,3,3076,1465,3.1826749823733365,10.129420043425117,72.82001,0.13419609231881363
A1_LCD_plus_7R_plus_10D,3,3076,1466,2.7083056381800317,7.33491942979775,22.255503,0.10541421871127363
A1_LCD_plus_7R_plus_10D,3,3076,1467,3.690391098757574,13.618986461789136,69.773254,0.6097790039456998
A1_LCD_plus_7R_plus_10D,3,3076,1468,4.3551303627550295,18.967160476590752,157.9862,0.5087858658698344
A1_LCD_plus_7R_plus_10D,3,3076,1469,2.3949396472127518,5.735735913791539,15.692248,0.1445674772655221
A1_LCD_plus_7R_plus_10D,3,3076,1470,4.079223358225627,16.640063206293565,102.99125,0.7261931705186938
A1_LCD_plus_7R_plus_10D,3,3076,1471,3.975266779352859,15.802745967026453,122.108734,0.6733351374068971
A1_LCD_plus_7R_plus_10D,3,3076,1472,3.7784790857530255,14.276904201473018,120.29241,0.6905304406747226
A1_LCD_plus_7R_plus_10D,3,3076,1473,3.6665114108837398,13.443305926140674,75.611465,0.5641422828095737
A1_LCD_plus_7R_plus_10D,3,3076,1474,3.1277021205339604,9.782520554792635,15.042759,0.4582511640069812
A1_LCD_plus_7R_plus_10D,3,3076,1475,2.738506561032893,7.4994181848202,54.872543,0.28383588721987124
A1_LCD_plus_7R_plus_10D,3,3076,1476,2.6395239867906928,6.967086876843433,40.441856,0.06167340831601266
A1_LCD_plus_7R_plus_10D,3,3076,1477,3.385084908448276,11.458799837404275,83.50552,0.26648750784560526
A1_LCD_plus_7R_plus_10D,3,3076,1478,3.3375282951585175,11.13909512098372,65.48982,0.5724180469394259
A1_LCD_plus_7R_plus_10D,3,3076,1479,3.675050533612389,13.505996424604703,87.28325,0.3245331309988492
A1_LCD_plus_7R_plus_10D,3,3076,1480,2.8027713123576756,7.8555270293751684,74.261765,0.1628292059717124
A1_LCD_plus_7R_plus_10D,3,3076,1481,3.3067912088787614,10.93486809911786,46.209793,0.24603829379703815
A1_LCD_plus_7R_plus_10D,3,3076,1482,2.982202110512662,8.893529427946174,46.473717,0.5007022866867044
A1_LCD_plus_7R_plus_10D,3,3076,1483,3.2612647511228205,10.635847776916192,23.9999,0.550009295873722
A1_LCD_plus_7R_plus_10D,3,3076,1484,3.0730069337793955,9.443371615056243,58.839035,0.1974051297087829
A1_LCD_plus_7R_plus_10D,3,3076,1485,4.022872248919474,16.183501131126427,139.46922,0.40644450758852746
A1_LCD_plus_7R_plus_10D,3,3076,1486,2.5342092741861966,6.422216645371329,30.454014,0.2616803223956529
A1_LCD_plus_7R_plus_10D,3,3076,1487,3.341423390933051,11.165110277474534,55.6867,0.22414576455598273
A1_LCD_plus_7R_plus_10D,3,3076,1488,2.613793456039796,6.8319162308364625,63.026405,0.19185933156180635
A1_LCD_plus_7R_plus_10D,3,3076,1489,3.6134347792902983,13.05691090418472,104.42566,0.49725451713908064
A1_LCD_plus_7R_plus_10D,3,3076,1490,3.8283321633710337,14.65612715310114,97.065056,0.5186503151828675
A1_LCD_plus_7R_plus_10D,3,3076,1491,3.009972164833759,9.059932433074026,25.324303,0.41234740588824864
A1_LCD_plus_7R_plus_10D,3,3076,1492,3.5130140852711684,12.341267963313623,122.0753,0.6665294342741749
A1_LCD_plus_7R_plus_10D,3,3076,1493,4.824786994083741,23.27856953827962,239.07002,0.8142972953989314
A1_LCD_plus_7R_plus_10D,3,3076,1494,2.874005390318197,8.259906983578052,65.4743,0.1363034346173225
A1_LCD_plus_7R_plus_10D,3,3076,1495,2.873680398934742,8.258039035221737,32.50317,0.14143718978467212
A1_LCD_plus_7R_plus_10D,3,3076,1496,3.212708804799116,10.321497864433763,104.61321,0.42721170267327035
A1_LCD_plus_7R_plus_10D,3,3076,1497,3.167391404635394,10.032368310158175,25.776709,0.23533668066230323
A1_LCD_plus_7R_plus_10D,3,3076,1498,2.8650387977733454,8.208447312746532,34.340107,0.16236690540113766
A1_LCD_plus_7R_plus_10D,3,3076,1499,3.6275719379045954,13.159278164672905,112.96391,0.6218019941339226
A1_LCD_plus_7R_plus_10D,3,3076,1500,3.9948213628103346,15.958597720765818,131.87384,0.6668067181068408
A1_LCD_plus_7R_plus_10D,3,3076,1501,4.4452503612790295,19.760250774451336,127.82422,0.522707426610622
A1_LCD_plus_7R_plus_10D,3,3076,1502,3.9495778365331593,15.59916508683395,58.850708,0.5023390483430221
A1_LCD_plus_7R_plus_10D,3,3076,1503,4.411053890381886,19.457396423853176,111.26749,0.21998038777186507
A1_LCD_plus_7R_plus_10D,3,3076,1504,3.8974333309856477,15.189986569477888,123.6025,0.5479917673448551
A1_LCD_plus_7R_plus_10D,3,3076,1505,5.258630579342296,27.6531955699939,183.7795,0.5702595556825923
A1_LCD_plus_7R_plus_10D,3,3076,1506,4.07479780375641,16.60397714149806,89.18205,0.2624546576621026
A1_LCD_plus_7R_plus_10D,3,3076,1507,2.7620138934418295,7.628720747565694,11.83441,0.18757786164657825
A1_LCD_plus_7R_plus_10D,3,3076,1508,2.974277984638344,8.846329529904327,86.5957,0.21506139739308502
A1_LCD_plus_7R_plus_10D,3,3076,1509,2.6939098338395717,7.25715019285755,24.5889,0.29864378828538574
A1_LCD_plus_7R_plus_10D,3,3076,1510,2.655849666038103,7.053537448594701,91.22871,0.23560389142206017
A1_LCD_plus_7R_plus_10D,3,3076,1511,2.805354530379548,7.870014041121056,77.519806,0.4502961954085617
A1_LCD_plus_7R_plus_10D,3,3076,1512,3.0616433897845208,9.37366024621125,85.91787,0.5489239305186551
A1_LCD_plus_7R_plus_10D,3,3076,1513,3.137364843171091,9.843058159165958,83.64098,0.4520050336230131
A1_LCD_plus_7R_plus_10D,3,3076,1514,2.605275373276613,6.787459770601593,73.4761,0.1737908582235372
A1_LCD_plus_7R_plus_10D,3,3076,1515,3.3952686284071487,11.52784905904576,21.512125,0.426752784784055
A1_LCD_plus_7R_plus_10D,3,3076,1516,2.8237227563705316,7.973410204844793,39.91779,0.28066733639263236
A1_LCD_plus_7R_plus_10D,3,3076,1517,3.269167434675993,10.687455715946017,108.69512,0.3528227841144028
A1_LCD_plus_7R_plus_10D,3,3076,1518,3.1182564624801863,9.723523365799446,49.63414,0.5486064960363687
A1_LCD_plus_7R_plus_10D,3,3076,1519,2.3634206248546357,5.585757049988277,20.872442,0.15479873675573352
A1_LCD_plus_7R_plus_10D,3,3076,1520,3.1778325125821727,10.098619478024323,81.45861,0.08840631985631359
A1_LCD_plus_7R_plus_10D,3,3076,1521,4.097126268310927,16.786443658483414,84.480934,0.6517975903344133
A1_LCD_plus_7R_plus_10D,3,3076,1522,3.6613127382757877,13.405210967460546,101.73111,0.37772481112459966
A1_LCD_plus_7R_plus_10D,3,3076,1523,3.24230843502577,10.51256398783926,104.4756,0.5813276097837213
A1_LCD_plus_7R_plus_10D,3,3076,1524,3.219246630955314,10.363548870917136,71.56857,0.5993208536124114
A1_LCD_plus_7R_plus_10D,3,3076,1525,3.8358004134381303,14.713364811732134,208.14978,0.5731610129499647
A1_LCD_plus_7R_plus_10D,3,3076,1526,3.3120220481660585,10.96949004753809,98.42928,0.35471631373375734
A1_LCD_plus_7R_plus_10D,3,3076,1527,3.3154496401657068,10.992206316474915,51.536133,0.35903160718556826
A1_LCD_plus_7R_plus_10D,3,3076,1528,4.853522573042798,23.556681367035978,279.78027,0.6768863892882406
A1_LCD_plus_7R_plus_10D,3,3076,1529,3.4310315586014326,11.771977556118978,41.99247,0.46521162639069347
A1_LCD_plus_7R_plus_10D,3,3076,1530,3.5047317964386484,12.283144964968075,49.92364,0.240391915979148
A1_LCD_plus_7R_plus_10D,3,3076,1531,3.329258460329193,11.083961895673506,21.765568,0.15825907491015195
A1_LCD_plus_7R_plus_10D,3,3076,1532,2.678631990618684,7.175069341165816,41.98832,0.2775111709418795
A1_LCD_plus_7R_plus_10D,3,3076,1533,4.466847651423538,19.952727941027973,110.468376,0.7752733968091761
A1_LCD_plus_7R_plus_10D,3,3076,1534,4.028270697639192,16.226964813458544,146.15398,0.7154103328085941
A1_LCD_plus_7R_plus_10D,3,3076,1535,5.051786148992992,25.52054329515745,191.13599,0.6672581247649232
A1_LCD_plus_7R_plus_10D,3,3076,1536,3.6120929362466265,13.047215380082775,79.64924,0.5125197274500302
A1_LCD_plus_7R_plus_10D,3,3076,1537,5.5103801683964795,30.36428960025722,223.86174,0.8528615456398558
A1_LCD_plus_7R_plus_10D,3,3076,1538,3.634049046148641,13.206312469813847,131.73294,0.5380136350110981
A1_LCD_plus_7R_plus_10D,3,3076,1539,2.8440123572006315,8.088406287909894,43.969673,0.3969211405767589
A1_LCD_plus_7R_plus_10D,3,3076,1540,2.957696162122824,8.747966587436082,57.12723,0.42291432786021577
A1_LCD_plus_7R_plus_10D,3,3076,1541,4.121295192249296,16.985074061657166,59.19599,0.710488261751278
A1_LCD_plus_7R_plus_10D,3,3076,1542,2.8634762799639057,8.199496405915928,84.30773,0.3230857779509379
A1_LCD_plus_7R_plus_10D,3,3076,1543,2.4588569921714307,6.045977707950336,40.425385,0.26473560956450876
A1_LCD_plus_7R_plus_10D,3,3076,1544,3.3312925105136624,11.097509790604416,28.872076,0.522807033221095
A1_LCD_plus_7R_plus_10D,3,3076,1545,4.016764034955347,16.13439331251076,84.85735,0.620909263354647
A1_LCD_plus_7R_plus_10D,3,3076,1546,4.647375006157478,21.598094447857214,157.77135,0.7187225633429775
A1_LCD_plus_7R_plus_10D,3,3076,1547,3.935224868429344,15.485994765104742,44.373726,0.46097754968023086
A1_LCD_plus_7R_plus_10D,3,3076,1548,3.2128594056322046,10.322465560359323,32.342842,0.24168488428990004
A1_LCD_plus_7R_plus_10D,3,3076,1549,2.4457245485225165,5.981568567245667,54.88883,0.16297272415609976
A1_LCD_plus_7R_plus_10D,3,3076,1550,3.8962509077617677,15.1807711362344,114.08305,0.7135388119941709
A1_LCD_plus_7R_plus_10D,3,3076,1551,5.290299189683447,27.98726551636533,155.88007,0.7326938504062961
A1_LCD_plus_7R_plus_10D,3,3076,1552,4.422455435588395,19.55811207976534,105.646126,0.5901186652801453
A1_LCD_plus_7R_plus_10D,3,3076,1553,4.655652994874045,21.675104808679674,109.461624,0.7684915445345224
A1_LCD_plus_7R_plus_10D,3,3076,1554,3.2532240011199614,10.58346640146297,112.880264,0.39411032939154134
A1_LCD_plus_7R_plus_10D,3,3076,1555,3.3008345071917446,10.895508443867765,84.67929,0.4318019183610396
A1_LCD_plus_7R_plus_10D,3,3076,1556,3.0863060692072954,9.525285152825786,32.763638,0.32623724928565395
A1_LCD_plus_7R_plus_10D,3,3076,1557,2.5227240035013656,6.364136397841957,11.258235,0.0959722383142717
A1_LCD_plus_7R_plus_10D,3,3076,1558,2.516747461818811,6.334017786571426,54.314327,0.1961034563333829
A1_LCD_plus_7R_plus_10D,3,3076,1559,3.2877173215354203,10.809085186324035,34.730915,0.13640616934142646
A1_LCD_plus_7R_plus_10D,3,3076,1560,2.7814062456072475,7.736220703103006,6.252366,0.23322878513023929
A1_LCD_plus_7R_plus_10D,3,3076,1561,3.1863504801777984,10.152829382529287,50.525074,0.4756644107398622
A1_LCD_plus_7R_plus_10D,3,3076,1562,3.4300696007819043,11.765377466208133,26.076752,0.4633820035472722
A1_LCD_plus_7R_plus_10D,3,3076,1563,3.0768636508864624,9.467089926146372,22.628645,0.387843427741836
A1_LCD_plus_7R_plus_10D,3,3076,1564,2.457830666892143,6.040931587115475,24.819204,0.2970797312468712
A1_LCD_plus_7R_plus_10D,3,3076,1565,3.3484109481888003,11.211855877950617,92.32258,0.30525129149550734
A1_LCD_plus_7R_plus_10D,3,3076,1566,3.267898873071814,10.679163044624028,11.698481,0.5083708057415737
A1_LCD_plus_7R_plus_10D,3,3076,1567,3.657545247565565,13.377637237989452,64.62537,0.41217055367308686
A1_LCD_plus_7R_plus_10D,3,3076,1568,4.2637337137300335,18.179425181598102,107.935486,0.7054505023457228
A1_LCD_plus_7R_plus_10D,3,3076,1569,3.839481564313446,14.741618682702827,67.15848,0.5798146475856498
A1_LCD_plus_7R_plus_10D,3,3076,1570,4.068621062633872,16.553677351307968,137.18152,0.7730206215666073
A1_LCD_plus_7R_plus_10D,3,3076,1571,3.743489479674868,14.013713484436414,116.06023,0.7229106765627763
A1_LCD_plus_7R_plus_10D,3,3076,1572,4.110057820376742,16.89257528684002,73.12642,0.319618275726107
A1_LCD_plus_7R_plus_10D,3,3076,1573,2.6366202232859925,6.951766201840677,13.108653,0.13366099593187653
A1_LCD_plus_7R_plus_10D,3,3076,1574,3.6305570791141637,13.180944704705963,76.93526,0.48293030824987543
A1_LCD_plus_7R_plus_10D,3,3076,1575,2.675106541993211,7.156195011014877,32.124466,0.2551656640528286
A1_LCD_plus_7R_plus_10D,3,3076,1576,2.4986064000621355,6.243033942431462,25.962893,0.1626739906478448
A1_LCD_plus_7R_plus_10D,3,3076,1577,4.094811847371091,16.767484065370645,56.535828,0.759743736185478
A1_LCD_plus_7R_plus_10D,3,3076,1578,3.1345490830938703,9.825397954324623,33.784428,0.09681857444325986
A1_LCD_plus_7R_plus_10D,3,3076,1579,2.403126263071632,5.77501583626463,3.9460294,0.15606395780994836
A1_LCD_plus_7R_plus_10D,3,3076,1580,2.566996079735754,6.58946887337873,10.156472,0.1900996126776128
A1_LCD_plus_7R_plus_10D,3,3076,1581,3.7263242583924896,13.88549247868434,113.42631,0.29962423210845557
A1_LCD_plus_7R_plus_10D,3,3076,1582,4.094352401540094,16.76372158799714,179.2738,0.521746350830669
A1_LCD_plus_7R_plus_10D,3,3076,1583,4.246290946710843,18.03098680411847,130.71242,0.49490967160946325
A1_LCD_plus_7R_plus_10D,3,3076,1584,4.293440273329392,18.433629380646767,244.1033,0.6861520919610646
A1_LCD_plus_7R_plus_10D,3,3076,1585,2.9698707197754315,8.82013209217944,25.673454,0.10459591607421131
A1_LCD_plus_7R_plus_10D,3,3076,1586,3.358721498019875,11.281010101260874,13.402537,0.503795148825506
A1_LCD_plus_7R_plus_10D,3,3076,1587,3.2802696680279997,10.760169094984523,32.957863,0.15537630371396788
A1_LCD_plus_7R_plus_10D,3,3076,1588,2.729259642930261,7.448858198527814,56.489517,0.3207501411091981
A1_LCD_plus_7R_plus_10D,3,3076,1589,3.070211595338444,9.426199240150634,15.077678,0.32155671063639
A1_LCD_plus_7R_plus_10D,3,3076,1590,4.280696414791294,18.32436179560703,130.72961,0.5509624825950444
A1_LCD_plus_7R_plus_10D,3,3076,1591,5.141553323629375,26.435570579724274,200.4131,0.771974677428412
A1_LCD_plus_7R_plus_10D,3,3076,1592,3.683987105468419,13.571760993257584,31.7155,0.5307616397676671
A1_LCD_plus_7R_plus_10D,3,3076,1593,2.510006480760825,6.300132533461342,53.686356,0.2074486469943432
A1_LCD_plus_7R_plus_10D,3,3076,1594,3.887466736814644,15.112397629840299,80.80505,0.5404465464609792
A1_LCD_plus_7R_plus_10D,3,3076,1595,4.3128047192069925,18.6002845460141,178.0776,0.48039806380960437
A1_LCD_plus_7R_plus_10D,3,3076,1596,3.2995056234457474,10.886737359150105,62.906982,0.48919637668129323
A1_LCD_plus_7R_plus_10D,3,3076,1597,3.924478638164937,15.401532581412916,74.11253,0.3551186657847815
A1_LCD_plus_7R_plus_10D,3,3076,1598,3.585593230003861,12.856478811049518,25.799412,0.5250425950623799
A1_LCD_plus_7R_plus_10D,3,3076,1599,2.480798463610024,6.154361017049856,20.227087,0.25396315252744456
A1_LCD_plus_7R_plus_10D,3,3076,1600,3.608467570721121,13.021038208945996,120.50664,0.2710070169259284
A1_LCD_plus_7R_plus_10D,3,3076,1601,3.097652529506995,9.595451193561086,28.466675,0.47356376122974875
A1_LCD_plus_7R_plus_10D,3,3076,1602,2.8277449253207045,7.996141362676995,74.81463,0.315211543348607
A1_LCD_plus_7R_plus_10D,3,3076,1603,3.654310484851422,13.353985119695034,127.12639,0.5228203869659312
A1_LCD_plus_7R_plus_10D,3,3076,1604,3.844249008038627,14.77825043580597,45.50563,0.6331202047274784
A1_LCD_plus_7R_plus_10D,3,3076,1605,3.758294129081781,14.124774760690583,166.42334,0.46559671837988015
A1_LCD_plus_7R_plus_10D,3,3076,1606,3.388612995205753,11.482698031277305,91.10502,0.616130600209299
A1_LCD_plus_7R_plus_10D,3,3076,1607,5.4482529923184435,29.68346066830687,278.90906,0.8285511345414207
A1_LCD_plus_7R_plus_10D,3,3076,1608,3.9572844365034956,15.660100111392785,72.56116,0.3642708872676259
A1_LCD_plus_7R_plus_10D,3,3076,1609,3.1299466561609837,9.796566070413322,26.110228,0.41520036974472124
A1_LCD_plus_7R_plus_10D,3,3076,1610,3.776523460671883,14.262129449005135,51.790207,0.49581621272636295
A1_LCD_plus_7R_plus_10D,3,3076,1611,4.506667919091244,20.310055732966205,153.73328,0.644189101123577
A1_LCD_plus_7R_plus_10D,3,3076,1612,2.9983170741039875,8.989905276863501,57.430973,0.32472651727651086
A1_LCD_plus_7R_plus_10D,3,3076,1613,3.834185844831867,14.700981092709057,102.28295,0.5003248705637069
A1_LCD_plus_7R_plus_10D,3,3076,1614,3.9950736875910757,15.960613769282551,146.04077,0.6693100551202542
A1_LCD_plus_7R_plus_10D,3,3076,1615,4.364002232862976,19.044515488433046,45.746803,0.31622904634956156
A1_LCD_plus_7R_plus_10D,3,3076,1616,2.8817543159089807,8.30450793726004,44.518597,0.09629320064138785
A1_LCD_plus_7R_plus_10D,3,3076,1617,2.8871334522715144,8.335539571225231,28.455954,0.4391440429241448
A1_LCD_plus_7R_plus_10D,3,3076,1618,4.020711991926459,16.166124922021226,124.338356,0.30777010249188447
A1_LCD_plus_7R_plus_10D,3,3076,1619,3.116127988876982,9.710253643062504,7.3732896,0.156935863250622
A1_LCD_plus_7R_plus_10D,3,3076,1620,2.6536484046370012,7.041849855432503,64.01022,0.3492871467801032
A1_LCD_plus_7R_plus_10D,3,3076,1621,3.370854333985984,11.362658940952093,26.591917,0.5133999895055592
A1_LCD_plus_7R_plus_10D,3,3076,1622,3.174771106624941,10.079171579460553,26.520412,0.2528422176068812
A1_LCD_plus_7R_plus_10D,3,3076,1623,3.320830519582497,11.027915339790558,97.02902,0.2059719808350898
A1_LCD_plus_7R_plus_10D,3,3076,1624,3.5580808463408427,12.659939309097565,57.192825,0.4650415629318971
A1_LCD_plus_7R_plus_10D,3,3076,1625,3.4898430081857588,12.179004221783027,102.07361,0.24511434106952923
A1_LCD_plus_7R_plus_10D,3,3076,1626,2.767429153358012,7.658664118855844,63.515488,0.32466268058868697
A1_LCD_plus_7R_plus_10D,3,3076,1627,4.0453086646237875,16.36452219208029,127.38186,0.25816738312912924
A1_LCD_plus_7R_plus_10D,3,3076,1628,3.997410808412585,15.979293171213758,63.17298,0.5992726271382319
A1_LCD_plus_7R_plus_10D,3,3076,1629,2.4511236464934965,6.008007130399576,30.95621,0.14675960641709676
A1_LCD_plus_7R_plus_10D,3,3076,1630,3.0559280530811734,9.33869626560849,31.237452,0.2345251284246988
A1_LCD_plus_7R_plus_10D,3,3076,1631,4.097885650578588,16.7926668052179,102.77643,0.5764494177501168
A1_LCD_plus_7R_plus_10D,3,3076,1632,2.813584946979871,7.916260253871721,66.80484,0.3835211381310487
A1_LCD_plus_7R_plus_10D,3,3076,1633,3.0391853983004213,9.23664788524249,48.186687,0.3984227448274294
A1_LCD_plus_7R_plus_10D,3,3076,1634,2.538057729759716,6.441737039593046,29.036314,0.25091528419921133
A1_LCD_plus_7R_plus_10D,3,3076,1635,2.9125348496362133,8.482859250345438,24.296646,0.40356859381087534
A1_LCD_plus_7R_plus_10D,3,3076,1636,6.351878375433021,40.34635889629365,335.97742,0.7867665319646635
A1_LCD_plus_7R_plus_10D,3,3076,1637,5.317039723026292,28.270911416239507,223.90013,0.8347141774245694
A1_LCD_plus_7R_plus_10D,3,3076,1638,3.6345247723505127,13.209770320829547,133.27005,0.46411611242690265
A1_LCD_plus_7R_plus_10D,3,3076,1639,5.4359159792487475,29.54918253345187,223.19893,0.7659312851491646
A1_LCD_plus_7R_plus_10D,3,3076,1640,3.364850840474875,11.322221178644472,150.60747,0.26719767060851013
A1_LCD_plus_7R_plus_10D,3,3076,1641,3.4071070913014503,11.608378731596629,113.06941,0.6107674020219858
A1_LCD_plus_7R_plus_10D,3,3076,1642,3.6956649969198425,13.657939769458537,88.69882,0.5957500437088747
A1_LCD_plus_7R_plus_10D,3,3076,1643,3.805452111619935,14.481465773832623,88.99181,0.29904291060539057
A1_LCD_plus_7R_plus_10D,3,3076,1644,2.8682675589122426,8.226958789508394,50.945538,0.18662732519882164
A1_LCD_plus_7R_plus_10D,3,3076,1645,2.60473872572178,6.784663829274721,42.905876,0.13672914725648916
A1_LCD_plus_7R_plus_10D,3,3076,1646,3.8762499018515926,15.025313301604479,48.21468,0.3660799991551501
A1_LCD_plus_7R_plus_10D,3,3076,1647,2.7981884687460647,7.8298587066234475,25.998089,0.4446216916789174
A1_LCD_plus_7R_plus_10D,3,3076,1648,3.749252003188062,14.056890583409698,66.76229,0.4695429470018599
A1_LCD_plus_7R_plus_10D,3,3076,1649,4.001507513989632,16.012062384515488,70.438835,0.7129915650559399
A1_LCD_plus_7R_plus_10D,3,3076,1650,3.705615751820337,13.731588100139,68.1871,0.38722468289506434
A1_LCD_plus_7R_plus_10D,3,3076,1651,3.3996355980443678,11.557522199490485,44.84325,0.24207646465126192
A1_LCD_plus_7R_plus_10D,3,3076,1652,2.918358686749513,8.516817424526339,59.25355,0.3182413446152843
A1_LCD_plus_7R_plus_10D,3,3076,1653,2.437313176012921,5.940495517966192,33.034073,0.09708500850830035
A1_LCD_plus_7R_plus_10D,3,3076,1654,3.6137648230843555,13.059296196561903,155.98369,0.5234111086217038
A1_LCD_plus_7R_plus_10D,3,3076,1655,4.413868998782158,19.48223953841021,252.19748,0.6812070885301373
A1_LCD_plus_7R_plus_10D,3,3076,1656,2.510879105818825,6.304513884037542,17.74406,0.2549589556572981
A1_LCD_plus_7R_plus_10D,3,3076,1657,4.168958311424946,17.380213402399132,169.53291,0.6829900547534412
A1_LCD_plus_7R_plus_10D,3,3076,1658,3.062078747783784,9.376326257629106,58.983784,0.541463302978985
A1_LCD_plus_7R_plus_10D,3,3076,1659,3.2089172925696556,10.297150190552575,45.657227,0.4032340677500763
A1_LCD_plus_7R_plus_10D,3,3076,1660,2.595330971021567,6.735742849143747,28.507149,0.29296692797986973
A1_LCD_plus_7R_plus_10D,3,3076,1661,3.3780178427572785,11.41100454598654,58.209873,0.19082205489508902
A1_LCD_plus_7R_plus_10D,3,3076,1662,2.567047661990107,6.589733698928873,21.384594,0.32196222204924263
A1_LCD_plus_7R_plus_10D,3,3076,1663,4.723264556321072,22.309228068998898,230.06723,0.6532830760357757
A1_LCD_plus_7R_plus_10D,3,3076,1664,4.659045174671433,21.70670193962915,194.3527,0.7324557803474135
A1_LCD_plus_7R_plus_10D,3,3076,1665,3.888975629932969,15.12413145021254,86.45368,0.6557915202457983
A1_LCD_plus_7R_plus_10D,3,3076,1666,3.247102196202601,10.543672672583753,38.34874,0.3594189790376107
A1_LCD_plus_7R_plus_10D,3,3076,1667,4.321736261399134,18.677404313092158,162.3139,0.4330763959198113
A1_LCD_plus_7R_plus_10D,3,3076,1668,4.307289135438224,18.552739696264165,135.78453,0.4244817642495667
A1_LCD_plus_7R_plus_10D,3,3076,1669,3.720147519617392,13.839497567715437,40.383118,0.6380782036968703
A1_LCD_plus_7R_plus_10D,3,3076,1670,3.3653672147072555,11.325696489826468,97.44023,0.624107448008494
A1_LCD_plus_7R_plus_10D,3,3076,1671,4.735683857601981,22.426701599151972,186.67184,0.6424054302979663
A1_LCD_plus_7R_plus_10D,3,3076,1672,5.909184801004611,34.918465012423894,289.11942,0.8817657758692752
A1_LCD_plus_7R_plus_10D,3,3076,1673,3.513940355740061,12.347776823698586,112.03076,0.31395191988135873
A1_LCD_plus_7R_plus_10D,3,3076,1674,3.6952011767532364,13.6545117366785,65.49611,0.5731223401907924
A1_LCD_plus_7R_plus_10D,3,3076,1675,3.294292510034264,10.852363141667851,40.875175,0.33436104349967855
A1_LCD_plus_7R_plus_10D,3,3076,1676,4.4190029215990725,19.527586821101142,158.80797,0.6320516397022888
A1_LCD_plus_7R_plus_10D,3,3076,1677,4.102423715131259,16.82988033847136,88.517265,0.4696440796507719
A1_LCD_plus_7R_plus_10D,3,3076,1678,3.281932739877136,10.771082509077443,27.519117,0.4960935128074524
A1_LCD_plus_7R_plus_10D,3,3076,1679,3.5423882413800984,12.548514452667991,47.479412,0.3853094553990728
A1_LCD_plus_7R_plus_10D,3,3076,1680,2.961901652047516,8.772861396401803,33.126595,0.38551793622816743
A1_LCD_plus_7R_plus_10D,3,3076,1681,3.763237852330046,14.161959133209654,43.960213,0.5206621186365628
A1_LCD_plus_7R_plus_10D,3,3076,1682,3.6726290595091777,13.488204208751268,135.6725,0.5242821474570554
A1_LCD_plus_7R_plus_10D,3,3076,1683,3.1149033653539906,9.70262297549362,67.92919,0.3270364516408005
A1_LCD_plus_7R_plus_10D,3,3076,1684,2.3830215574682976,5.6787917433586275,15.151009,0.21815918955841568
A1_LCD_plus_7R_plus_10D,3,3076,1685,4.09066470682391,16.73353774365475,33.44642,0.3548245576123324
A1_LCD_plus_7R_plus_10D,3,3076,1686,4.126051432935666,17.024300427230468,154.16444,0.6785069503172126
A1_LCD_plus_7R_plus_10D,3,3076,1687,3.742581637461944,14.006917313067325,113.140015,0.5890296583479333
A1_LCD_plus_7R_plus_10D,3,3076,1688,5.547699729294321,30.776972286412263,218.98369,0.7748265313033958
A1_LCD_plus_7R_plus_10D,3,3076,1689,5.267277345482779,27.74421063423611,160.5892,0.6006291776917649
A1_LCD_plus_7R_plus_10D,3,3076,1690,2.523391864400327,6.367506501321759,48.10946,0.2702410439602925
A1_LCD_plus_7R_plus_10D,3,3076,1691,2.8745747108184445,8.263179768076943,79.28862,0.11855904810946516
A1_LCD_plus_7R_plus_10D,3,3076,1692,3.221861506486807,10.380391566981432,17.135166,0.4652968570313414
A1_LCD_plus_7R_plus_10D,3,3076,1693,3.543097832023742,12.553542247291334,47.370255,0.10298396761488618
A1_LCD_plus_7R_plus_10D,3,3076,1694,4.415201823432002,19.49400714163727,183.74435,0.47394482439698843
A1_LCD_plus_7R_plus_10D,3,3076,1695,3.9109573780212155,15.295587612698581,67.78655,0.6794813632930139
A1_LCD_plus_7R_plus_10D,3,3076,1696,3.9250318920279086,15.405875353436185,101.94764,0.47701089153105447
A1_LCD_plus_7R_plus_10D,3,3076,1697,2.6487209299367893,7.015722564685208,41.218903,0.10252247646237422
A1_LCD_plus_7R_plus_10D,3,3076,1698,4.256888253453413,18.121097602389643,84.79825,0.4393518357184494
A1_LCD_plus_7R_plus_10D,3,3076,1699,3.5213056101448683,12.399593200037723,92.41574,0.4542943830154859
A1_LCD_plus_7R_plus_10D,3,3076,1700,2.6011527283573255,6.765995516240756,16.139898,0.19470040539581146
A1_LCD_plus_7R_plus_10D,3,3076,1701,3.5827756319787607,12.83628122910081,85.42143,0.4653056166560009
A1_LCD_plus_7R_plus_10D,3,3076,1702,4.46009870456656,19.892480454476306,176.35553,0.7861535216756961
A1_LCD_plus_7R_plus_10D,3,3076,1703,3.42805537725005,11.751563669492977,90.52266,0.22956332952298425
A1_LCD_plus_7R_plus_10D,3,3076,1704,2.9872159160616936,8.923458929172305,23.864342,0.2633883463949559
A1_LCD_plus_7R_plus_10D,3,3076,1705,3.9711701587870807,15.770192430041009,100.07686,0.5278481904622319
A1_LCD_plus_7R_plus_10D,3,3076,1706,4.037793644854523,16.30377751842758,147.51393,0.599158786221641
A1_LCD_plus_7R_plus_10D,3,3076,1707,3.2333073752134847,10.45427658260992,48.380848,0.6172506728900256
A1_LCD_plus_7R_plus_10D,3,3076,1708,4.636752096469308,21.49947000411252,106.664,0.7463481815378361
A1_LCD_plus_7R_plus_10D,3,3076,1709,3.0146444287005125,9.088081031495042,33.60875,0.2054139591282822
A1_LCD_plus_7R_plus_10D,3,3076,1710,3.504972694617214,12.284833590012258,27.708233,0.3027107133343442
A1_LCD_plus_7R_plus_10D,3,3076,1711,3.53898991294462,12.524449603923768,5.2300143,0.20802019091742766
A1_LCD_plus_7R_plus_10D,3,3076,1712,3.68024131329757,13.544176124102227,66.52666,0.554118492591213
A1_LCD_plus_7R_plus_10D,3,3076,1713,2.9899395056106184,8.939738247211068,34.962456,0.18015326721599803
A1_LCD_plus_7R_plus_10D,3,3076,1714,3.9325149888580926,15.464674137593562,71.73965,0.3654713865470179
A1_LCD_plus_7R_plus_10D,3,3076,1715,3.860551984653972,14.903861626215722,162.65842,0.565444052860168
A1_LCD_plus_7R_plus_10D,3,3076,1716,3.998959477453309,15.99167690231364,114.5841,0.5543080238087648
A1_LCD_plus_7R_plus_10D,3,3076,1717,4.950489574519997,24.507347027431184,174.5171,0.5848225235078032
A1_LCD_plus_7R_plus_10D,3,3076,1718,3.617371921503987,13.085379618485447,145.82346,0.5239784149879907
A1_LCD_plus_7R_plus_10D,3,3076,1719,4.128666325580544,17.04588562798275,86.30894,0.3432579762937353
A1_LCD_plus_7R_plus_10D,3,3076,1720,4.25538129832203,18.108269994108884,206.5643,0.5166482034217831
A1_LCD_plus_7R_plus_10D,3,3076,1721,2.935087193285856,8.614736832190642,16.85744,0.3073910138198407
A1_LCD_plus_7R_plus_10D,3,3076,1722,2.9710360966729596,8.827055487733697,47.89342,0.2021941363921329
A1_LCD_plus_7R_plus_10D,3,3076,1723,3.673651654990792,13.495716482216581,112.49815,0.6134119131937114
A1_LCD_plus_7R_plus_10D,3,3076,1724,4.524924914791399,20.474945484499948,210.14926,0.6912805630671711
A1_LCD_plus_7R_plus_10D,3,3076,1725,4.191171578132635,17.5659191973468,46.594177,0.5303346251776992
A1_LCD_plus_7R_plus_10D,3,3076,1726,3.237028490423493,10.478353447813397,59.27254,0.1738543947931362
A1_LCD_plus_7R_plus_10D,3,3076,1727,3.0472765695039605,9.285894491047825,77.83454,0.521444586391808
A1_LCD_plus_7R_plus_10D,3,3076,1728,2.8218295070172097,7.962721766672989,27.585743,0.23193633465106855
A1_LCD_plus_7R_plus_10D,3,3076,1729,3.114234262017754,9.698455038725264,51.300526,0.5849100273628399
A1_LCD_plus_7R_plus_10D,3,3076,1730,4.593040208518908,21.09601835707141,140.5573,0.6240731566360856
A1_LCD_plus_7R_plus_10D,3,3076,1731,3.4307613057889084,11.77012313729842,19.29232,0.19330677223202974
A1_LCD_plus_7R_plus_10D,3,3076,1732,2.839054044796713,8.060227869276575,35.936657,0.2251776889921152
A1_LCD_plus_7R_plus_10D,3,3076,1733,3.9294166654921154,15.44031533104717,139.23843,0.7003747999983277
A1_LCD_plus_7R_plus_10D,3,3076,1734,3.6842265116359942,13.573524989041527,108.86589,0.6735748463195629
A1_LCD_plus_7R_plus_10D,3,3076,1735,3.019085317749838,9.11487615585264,40.522316,0.422764068924362
A1_LCD_plus_7R_plus_10D,3,3076,1736,2.447005017986205,5.987833558049665,21.790665,0.1651194406378954
A1_LCD_plus_7R_plus_10D,3,3076,1737,2.8424647547882627,8.079605882213498,32.836414,0.5191495860316826
A1_LCD_plus_7R_plus_10D,3,3076,1738,3.795809570159534,14.408170292914706,47.318092,0.7164469184016141
A1_LCD_plus_7R_plus_10D,3,3076,1739,2.979140732848645,8.87527950611796,40.498283,0.3567778010371445
A1_LCD_plus_7R_plus_10D,3,3076,1740,3.36169972452752,11.3010250378884,61.041893,0.211075551399752
A1_LCD_plus_7R_plus_10D,3,3076,1741,3.104470077330371,9.63773446103964,30.34504,0.3090144353884154
A1_LCD_plus_7R_plus_10D,3,3076,1742,2.3249474284153764,5.405380544895272,14.945597,0.1565433817140202
A1_LCD_plus_7R_plus_10D,3,3076,1743,3.1643607986138274,10.013179263803938,8.789494,0.22493294208692308
A1_LCD_plus_7R_plus_10D,3,3076,1744,2.610674406745079,6.815620858033768,13.085782,0.2457619286303946
A1_LCD_plus_7R_plus_10D,3,3076,1745,2.8535842500719384,8.142943072258628,35.036633,0.28723990368097546
A1_LCD_plus_7R_plus_10D,3,3076,1746,2.2295489664889288,4.970888593971852,12.269472,0.23988199243323993
A1_LCD_plus_7R_plus_10D,3,3076,1747,2.934497274000883,8.611274251118612,27.230652,0.2103485365484991
A1_LCD_plus_7R_plus_10D,3,3076,1748,4.627304933017785,21.411950943130734,173.16652,0.8479553051614239
A1_LCD_plus_7R_plus_10D,3,3076,1749,4.236982395928225,17.952019823405678,129.90668,0.6144027932638626
A1_LCD_plus_7R_plus_10D,3,3076,1750,4.654942902829255,21.668493428600456,201.90097,0.6900651888675042
A1_LCD_plus_7R_plus_10D,3,3076,1751,4.676368437426918,21.86842176256267,135.0155,0.7352940950295096
A1_LCD_plus_7R_plus_10D,3,3076,1752,4.329476048591166,18.744362855324578,140.99463,0.6366589725611724
A1_LCD_plus_7R_plus_10D,3,3076,1753,4.644373997170442,21.570209825592954,103.16353,0.618070562946874
A1_LCD_plus_7R_plus_10D,3,3076,1754,2.846814818874459,8.10435461296322,42.696945,0.16807782284006462
A1_LCD_plus_7R_plus_10D,3,3076,1755,3.050586818013162,9.30607993423567,47.42055,0.3155119205445141
A1_LCD_plus_7R_plus_10D,3,3076,1756,4.041047953569418,16.330068563047583,91.990776,0.7459066783106272
A1_LCD_plus_7R_plus_10D,3,3076,1757,4.391683867715055,19.28688719394866,115.55846,0.6142140034976433
A1_LCD_plus_7R_plus_10D,3,3076,1758,3.507954705489641,12.305746215766915,64.421234,0.6657434428504646
A1_LCD_plus_7R_plus_10D,3,3076,1759,2.911860884481392,8.478933810572753,59.623043,0.2158370449976399
A1_LCD_plus_7R_plus_10D,3,3076,1760,3.611133940824113,13.040288338571894,104.84681,0.6252418633733815
A1_LCD_plus_7R_plus_10D,3,3076,1761,4.397516109049636,19.338147929351052,117.47606,0.5472667092965863
A1_LCD_plus_7R_plus_10D,3,3076,1762,3.6593648100567986,13.390950813082032,125.38456,0.6183639777460417
A1_LCD_plus_7R_plus_10D,3,3076,1763,2.8288696710122605,8.002503615573016,29.215874,0.3333291486297096
A1_LCD_plus_7R_plus_10D,3,3076,1764,4.4949434120922644,20.20451627791165,208.87064,0.6784076558733589
A1_LCD_plus_7R_plus_10D,3,3076,1765,4.243420220505626,18.006615167796014,58.139698,0.4663093300224007
A1_LCD_plus_7R_plus_10D,3,3076,1766,3.7760108198590867,14.258257711692886,103.48004,0.3678225493290107
A1_LCD_plus_7R_plus_10D,3,3076,1767,3.928425377358936,15.4325259454777,49.446854,0.6460003444030807
A1_LCD_plus_7R_plus_10D,3,3076,1768,3.1144230104602015,9.699630688083985,92.89486,0.1881098702875145
A1_LCD_plus_7R_plus_10D,3,3076,1769,4.542190145045171,20.63149131374547,147.9487,0.7189425388807715
A1_LCD_plus_7R_plus_10D,3,3076,1770,4.131727389760087,17.0711712232937,147.68344,0.6006426915381474
A1_LCD_plus_7R_plus_10D,3,3076,1771,4.370043287358041,19.09727833338308,155.07907,0.42965613732644636
A1_LCD_plus_7R_plus_10D,3,3076,1772,3.428383103952683,11.75381070746823,86.41019,0.30478495326879895
A1_LCD_plus_7R_plus_10D,3,3076,1773,2.6676119311472286,7.116153415199045,47.38081,0.2718998621180368
A1_LCD_plus_7R_plus_10D,3,3076,1774,3.3972374114751265,11.541222029926216,79.051926,0.23773969269939882
A1_LCD_plus_7R_plus_10D,3,3076,1775,4.899059704118236,24.00078598451506,135.0105,0.49302090917105706
A1_LCD_plus_7R_plus_10D,3,3076,1776,3.349928177256474,11.222018792776884,78.05179,0.4593715053500844
A1_LCD_plus_7R_plus_10D,3,3076,1777,3.5884222325238406,12.876774118871381,34.995422,0.6119853120050668
A1_LCD_plus_7R_plus_10D,3,3076,1778,3.5949307501966743,12.923527098709624,98.89955,0.5182281783580713
A1_LCD_plus_7R_plus_10D,3,3076,1779,3.3290878190965305,11.082825707256893,59.794468,0.5470801139966777
A1_LCD_plus_7R_plus_10D,3,3076,1780,3.1990772381631922,10.234095175733838,51.80858,0.46212045215627445
A1_LCD_plus_7R_plus_10D,3,3076,1781,3.8927523077299275,15.153520529336678,59.97592,0.33576875150731694
A1_LCD_plus_7R_plus_10D,3,3076,1782,3.725220906182727,13.877270799860858,96.18309,0.314662364553191
A1_LCD_plus_7R_plus_10D,3,3076,1783,4.172811073422781,17.412352254479785,211.07773,0.8009244839608562
A1_LCD_plus_7R_plus_10D,3,3076,1784,5.121142378532176,26.226099261198193,241.08438,0.8289147747978687
A1_LCD_plus_7R_plus_10D,3,3076,1785,4.346822780303789,18.894868283367952,152.58167,0.7537264197826575
A1_LCD_plus_7R_plus_10D,3,3076,1786,2.757449359875547,7.603526972278065,56.19322,0.14629793796797846
A1_LCD_plus_7R_plus_10D,3,3076,1787,3.723945539397555,13.867770380398952,52.687508,0.4891036133967366
A1_LCD_plus_7R_plus_10D,3,3076,1788,3.710668604763007,13.769061494373837,23.71793,0.4013563607823491
A1_LCD_plus_7R_plus_10D,3,3076,1789,3.6846728573439442,13.576814065647184,120.68527,0.35336368682389374
A1_LCD_plus_7R_plus_10D,3,3076,1790,3.528791225272254,12.452367511558458,56.43395,0.5733795338779761
A1_LCD_plus_7R_plus_10D,3,3076,1791,2.371461444080957,5.623829380762535,11.413681,0.2842907061191513
A1_LCD_plus_7R_plus_10D,3,3076,1792,2.9427926796882478,8.66002875562674,53.90749,0.4799083884921978
A1_LCD_plus_7R_plus_10D,3,3076,1793,3.49577044392649,12.220410996630008,68.73218,0.6526754707503937
A1_LCD_plus_7R_plus_10D,3,3076,1794,3.4114760776236017,11.638169028198115,29.77739,0.14903538288749374
A1_LCD_plus_7R_plus_10D,3,3076,1795,2.2819754913356025,5.2074121430563665,12.479039,0.07777773147723621
A1_LCD_plus_7R_plus_10D,3,3076,1796,3.0705587417262823,9.428330986391689,69.464005,0.6094516989418638
A1_LCD_plus_7R_plus_10D,3,3076,1797,3.9201414711735794,15.367509154014957,117.52391,0.3126198831715403
A1_LCD_plus_7R_plus_10D,3,3076,1798,3.585261496924716,12.854100001330856,65.56442,0.45453350244825963
A1_LCD_plus_7R_plus_10D,3,3076,1799,2.6253042822912023,6.8922225746165235,17.307142,0.29609085680705
A1_LCD_plus_7R_plus_10D,3,3076,1800,4.078764399350609,16.63631902540994,157.92786,0.6467402237380218
A1_LCD_plus_7R_plus_10D,3,3076,1801,3.2072406282669506,10.286392447606183,73.93398,0.1903321574886985
A1_LCD_plus_7R_plus_10D,3,3076,1802,2.822813253921167,7.96827466651301,12.32746,0.22821948872673686
A1_LCD_plus_7R_plus_10D,3,3076,1803,3.5081735809358463,12.307281873976237,130.16267,0.5741289394586256
A1_LCD_plus_7R_plus_10D,3,3076,1804,3.5416055188684825,12.54296965127969,153.1765,0.5184926604683187
A1_LCD_plus_7R_plus_10D,3,3076,1805,2.4234990984895197,5.873347880379514,16.066082,0.09079716198587723
A1_LCD_plus_7R_plus_10D,3,3076,1806,3.138406085578137,9.84959275799388,37.25147,0.32015703405036683
A1_LCD_plus_7R_plus_10D,3,3076,1807,4.02702806766707,16.216955057778375,97.85567,0.6094306759475161
A1_LCD_plus_7R_plus_10D,3,3076,1808,3.9874188800533887,15.899509325006216,160.77554,0.34894402068805536
A1_LCD_plus_7R_plus_10D,3,3076,1809,3.249952163036791,10.56218906202752,28.308184,0.5601130064266946
A1_LCD_plus_7R_plus_10D,3,3076,1810,2.639483318564153,6.966872188978435,46.98266,0.07560631192461759
A1_LCD_plus_7R_plus_10D,3,3076,1811,2.986773704395111,8.920817161266097,51.608913,0.11961037271462871
A1_LCD_plus_7R_plus_10D,3,3076,1812,3.242705176058946,10.515136858839481,48.523026,0.5151223541192536
A1_LCD_plus_7R_plus_10D,3,3076,1813,3.8688857943593784,14.968277289795802,113.435196,0.6164854781532634
A1_LCD_plus_7R_plus_10D,3,3076,1814,6.6541195802345285,44.27730738806054,406.64993,0.7944051855297103
A1_LCD_plus_7R_plus_10D,3,3076,1815,4.869342657320943,23.71049791440538,145.79799,0.8110753149889827
A1_LCD_plus_7R_plus_10D,3,3076,1816,4.016811274781337,16.134772817210475,41.12808,0.5467899164855216
A1_LCD_plus_7R_plus_10D,3,3076,1817,3.3168161510657477,11.001269379970596,60.888977,0.26633388619476306
A1_LCD_plus_7R_plus_10D,3,3076,1818,2.7897304939264123,7.7825962287429045,13.483049,0.32875482602408257
A1_LCD_plus_7R_plus_10D,3,3076,1819,2.698299507530825,7.2808202323410915,25.452469,0.18291167481959086
A1_LCD_plus_7R_plus_10D,3,3076,1820,2.6783999443630884,7.173826261964194,63.340324,0.260063806209616
A1_LCD_plus_7R_plus_10D,3,3076,1821,3.418619501343513,11.68695929496617,63.560505,0.359831663159385
A1_LCD_plus_7R_plus_10D,3,3076,1822,4.191587586454623,17.56940649492049,118.82119,0.30507172677407945
A1_LCD_plus_7R_plus_10D,3,3076,1823,3.1172393363059707,9.717181079813288,50.02437,0.46456583208918456
A1_LCD_plus_7R_plus_10D,3,3076,1824,2.5788346854942286,6.650388335108118,38.85508,0.015722783242662262
A1_LCD_plus_7R_plus_10D,3,3076,1825,3.2577098969439593,10.612673772646623,68.713974,0.2051421336203239
A1_LCD_plus_7R_plus_10D,3,3076,1826,2.9451577185134368,8.67395398691927,23.505575,0.28505118415301717
A1_LCD_plus_7R_plus_10D,3,3076,1827,2.1421465718641612,4.588791935349379,14.079077,0.114513583710698
A1_LCD_plus_7R_plus_10D,3,3076,1828,3.2116766570115964,10.314866949193183,16.07199,0.17106523532143145
A1_LCD_plus_7R_plus_10D,3,3076,1829,4.0223125058858695,16.178997895005864,68.88637,0.46349960275872437
A1_LCD_plus_7R_plus_10D,3,3076,1830,2.9242048695929412,8.550974119351066,5.5948825,0.206239207255713
A1_LCD_plus_7R_plus_10D,3,3076,1831,3.464513519523821,12.002853926963335,150.20856,0.49976931110415623
A1_LCD_plus_7R_plus_10D,3,3076,1832,3.4214793136318624,11.706520693610765,70.19983,0.17830348697685583
A1_LCD_plus_7R_plus_10D,3,3076,1833,2.011239135085934,4.045082858501218,18.825748,0.09204278454976178
A1_LCD_plus_7R_plus_10D,3,3076,1834,3.961720465060199,15.695229043276804,123.57433,0.6892283532115734
A1_LCD_plus_7R_plus_10D,3,3076,1835,3.554877237931883,12.637152176766213,122.86456,0.5699896334537944
A1_LCD_plus_7R_plus_10D,3,3076,1836,3.251182676058595,10.570188793103526,19.79538,0.5106311641740631
A1_LCD_plus_7R_plus_10D,3,3076,1837,2.640893728030807,6.974319682752457,30.860529,0.19876760505812296
A1_LCD_plus_7R_plus_10D,3,3076,1838,3.0434666703746522,9.262689373681372,15.166761,0.2955978683714336
A1_LCD_plus_7R_plus_10D,3,3076,1839,5.5534889637051785,30.841239669995222,131.05756,0.667153951238369
A1_LCD_plus_7R_plus_10D,3,3076,1840,3.3991884520978854,11.554482132875618,23.994997,0.2680280929652035
A1_LCD_plus_7R_plus_10D,3,3076,1841,4.15548751927662,17.268076522863755,179.02986,0.5038470134975673
A1_LCD_plus_7R_plus_10D,3,3076,1842,3.9146827254507253,15.324740840942317,141.62823,0.28336869394263275
A1_LCD_plus_7R_plus_10D,3,3076,1843,4.353181546496798,18.950189576760256,98.45612,0.5244858084574129
A1_LCD_plus_7R_plus_10D,3,3076,1844,3.196654138963271,10.218597684151012,63.517403,0.49482509005679143
A1_LCD_plus_7R_plus_10D,3,3076,1845,3.5658636277735942,12.71538341187866,106.92258,0.40740458107234606
A1_LCD_plus_7R_plus_10D,3,3076,1846,3.0495769505459074,9.29991957730088,37.476036,0.29465453813275294
A1_LCD_plus_7R_plus_10D,3,3076,1847,3.575783105876752,12.786224820273592,110.56714,0.688743180694936
A1_LCD_plus_7R_plus_10D,3,3076,1848,3.172812587178273,10.066739713356883,43.370716,0.358421358580147
A1_LCD_plus_7R_plus_10D,3,3076,1849,3.3064918045912908,10.93288805382937,60.851227,0.26706718154863424
A1_LCD_plus_7R_plus_10D,3,3076,1850,3.4245524396609217,11.72755941198757,85.62077,0.4301778833481922
A1_LCD_plus_7R_plus_10D,3,3076,1851,2.994168606227031,8.965045642515523,101.81424,0.3792719265023463
A1_LCD_plus_7R_plus_10D,3,3076,1852,3.207486883058976,10.287972104995383,77.43683,0.3746680583603706
A1_LCD_plus_7R_plus_10D,3,3076,1853,2.4636723475968947,6.069681436313595,6.0964785,0.07527699903906562
A1_LCD_plus_7R_plus_10D,3,3076,1854,2.53894833374066,6.446258641404472,5.620137,0.27059727022909186
A1_LCD_plus_7R_plus_10D,3,3076,1855,2.8311412865126715,8.015360984196628,26.202787,0.21856630523577925
A1_LCD_plus_7R_plus_10D,3,3076,1856,2.9193072174376704,8.522354629783674,37.625202,0.4265272305256643
A1_LCD_plus_7R_plus_10D,3,3076,1857,3.792219604782284,14.380929530895108,55.359867,0.14593951151629905
A1_LCD_plus_7R_plus_10D,3,3076,1858,3.6118198447501597,13.04524259093107,72.95938,0.5737505373340116
A1_LCD_plus_7R_plus_10D,3,3076,1859,3.5366707188207513,12.50803977336409,109.90751,0.49016703244817106
A1_LCD_plus_7R_plus_10D,3,3076,1860,3.299091356831078,10.884003780717515,79.40825,0.2930483215940342
A1_LCD_plus_7R_plus_10D,3,3076,1861,2.5085160151256276,6.292652598141758,68.55412,0.4820520434992988
A1_LCD_plus_7R_plus_10D,3,3076,1862,2.6936424389723785,7.2557095890330645,39.830036,0.4730262445595469
A1_LCD_plus_7R_plus_10D,3,3076,1863,2.4784541046616435,6.14273474891415,13.008593,0.25792772272568143
A1_LCD_plus_7R_plus_10D,3,3076,1864,2.796239340968178,7.818954451978152,92.25305,0.4729177495377923
A1_LCD_plus_7R_plus_10D,3,3076,1865,3.0838695725719103,9.510251540634858,40.117184,0.17720209493932637
A1_LCD_plus_7R_plus_10D,3,3076,1866,2.9916453494305335,8.94994189676934,28.299265,0.17636185198181148
A1_LCD_plus_7R_plus_10D,3,3076,1867,2.445006962870506,5.978059048485256,17.241537,0.16020301696671824
A1_LCD_plus_7R_plus_10D,3,3076,1868,3.3492502297854356,11.217477101717794,54.576073,0.5388654779622433
A1_LCD_plus_7R_plus_10D,3,3076,1869,2.9954509988569615,8.97272668655317,51.599453,0.24655778490914126
A1_LCD_plus_7R_plus_10D,3,3076,1870,3.635660627440629,13.218028197921985,51.122604,0.19926436829161576
A1_LCD_plus_7R_plus_10D,3,3076,1871,4.17429283063965,17.42472063592958,128.38048,0.7745207643919685
A1_LCD_plus_7R_plus_10D,3,3076,1872,5.7193049027447875,32.710448570560565,154.80681,0.8497130682665575
A1_LCD_plus_7R_plus_10D,3,3076,1873,2.6362217864536386,6.949665307372813,10.425425,0.18165085012857748
A1_LCD_plus_7R_plus_10D,3,3076,1874,3.0443675410950726,9.268173725273257,35.97284,0.09116416167793222
A1_LCD_plus_7R_plus_10D,3,3076,1875,3.283314126886231,10.780151655810696,14.836782,0.4435674264617395
A1_LCD_plus_7R_plus_10D,3,3076,1876,3.935045043307001,15.484579492854996,39.813065,0.6256176368848896
A1_LCD_plus_7R_plus_10D,3,3076,1877,3.421439517769034,11.706248373751603,31.946945,0.41614588316205703
A1_LCD_plus_7R_plus_10D,3,3076,1878,3.1763104033830896,10.088947778639644,58.36071,0.1366309083038382
A1_LCD_plus_7R_plus_10D,3,3076,1879,3.459167124779051,11.965837197152167,78.29615,0.5943786308928015
A1_LCD_plus_7R_plus_10D,3,3076,1880,4.320616537656701,18.66772726547257,77.498405,0.7236076535863951
A1_LCD_plus_7R_plus_10D,3,3076,1881,4.244815830966604,18.018461438824698,121.94178,0.7247763345971373
A1_LCD_plus_7R_plus_10D,3,3076,1882,4.6022731884051495,21.1809185007129,181.3447,0.7452383051712411
A1_LCD_plus_7R_plus_10D,3,3076,1883,3.56534136022021,12.711659014896899,97.137276,0.3987631939486682
A1_LCD_plus_7R_plus_10D,3,3076,1884,4.073918621460515,16.59681293428275,81.72731,0.43633535611855934
A1_LCD_plus_7R_plus_10D,3,3076,1885,3.609739136784077,13.030216635630651,76.88176,0.4973256103936608
A1_LCD_plus_7R_plus_10D,3,3076,1886,4.45177299318575,19.818282782858006,174.5413,0.6217662890394946
A1_LCD_plus_7R_plus_10D,3,3076,1887,4.099914944012583,16.8093025481377,162.45569,0.6362070516303264
A1_LCD_plus_7R_plus_10D,3,3076,1888,3.060768897905855,9.368306246387819,34.438824,0.13939174290676526
A1_LCD_plus_7R_plus_10D,3,3076,1889,3.798481230343451,14.4284596572715,41.518448,0.44767240405373704
A1_LCD_plus_7R_plus_10D,3,3076,1890,2.8162637574268166,7.93134155139581,68.28362,0.18783553949764786
A1_LCD_plus_7R_plus_10D,3,3076,1891,4.519857446020283,20.429111332344995,143.60309,0.5726182979203952
A1_LCD_plus_7R_plus_10D,3,3076,1892,4.166081676882824,17.3562365384588,61.934555,0.6962420863006443
A1_LCD_plus_7R_plus_10D,3,3076,1893,3.102260947953907,9.624022989199872,88.70222,0.5538312430770675
A1_LCD_plus_7R_plus_10D,3,3076,1894,2.369390919245576,5.614013328203397,21.66518,0.15559375423856178
A1_LCD_plus_7R_plus_10D,3,3076,1895,2.4775087861237997,6.138049785320622,14.576904,0.1523141854509189
A1_LCD_plus_7R_plus_10D,3,3076,1896,2.888136178314577,8.34133058448953,12.304693,0.3055671099070044
A1_LCD_plus_7R_plus_10D,3,3076,1897,3.3662642005643306,11.33173466800101,111.60915,0.5985760918389187
A1_LCD_plus_7R_plus_10D,3,3076,1898,4.100952491711693,16.817811339276346,181.30276,0.7333935048438933
A1_LCD_plus_7R_plus_10D,3,3076,1899,4.526425813129804,20.488530641767817,132.5816,0.7773474049089617
A1_LCD_plus_7R_plus_10D,3,3076,1900,4.077081288541362,16.622591833374095,161.87234,0.6188893274753802
A1_LCD_plus_7R_plus_10D,3,3076,1901,3.9403974035454175,15.526731697867467,58.30417,0.7664737467203169
A1_LCD_plus_7R_plus_10D,3,3076,1902,4.131125072940241,17.066194368275514,121.04229,0.32428495702448323
A1_LCD_plus_7R_plus_10D,3,3076,1903,3.2443408008730144,10.525747232209357,58.408863,0.40651466763799954
A1_LCD_plus_7R_plus_10D,3,3076,1904,3.785134950129583,14.327246590692479,172.85687,0.6395364762901112
A1_LCD_plus_7R_plus_10D,3,3076,1905,4.361664892539177,19.02412063480879,72.01525,0.4786739629360275
A1_LCD_plus_7R_plus_10D,3,3076,1906,3.781254251187688,14.297883712124964,99.029205,0.556476856731835
A1_LCD_plus_7R_plus_10D,3,3076,1907,3.9765342910106365,15.812824967583465,132.50577,0.19016309952537253
A1_LCD_plus_7R_plus_10D,3,3076,1908,2.5645113619948843,6.576718525800855,38.77581,0.22409544965295425
A1_LCD_plus_7R_plus_10D,3,3076,1909,3.569819267038571,12.743609599319804,111.93637,0.5776913991661228
A1_LCD_plus_7R_plus_10D,3,3076,1910,4.048772428010038,16.39255817381429,27.895414,0.5856298843145389
A1_LCD_plus_7R_plus_10D,3,3076,1911,3.246423289681161,10.539264175784252,46.77132,0.2804830399220165
A1_LCD_plus_7R_plus_10D,3,3076,1912,3.764887638658364,14.174378931722549,127.01755,0.4427047359920455
A1_LCD_plus_7R_plus_10D,3,3076,1913,3.256041500980393,10.601806256106649,88.4913,0.5046200642264568
A1_LCD_plus_7R_plus_10D,3,3076,1914,3.2066420313040087,10.282553116925499,30.122433,0.5360212633946937
A1_LCD_plus_7R_plus_10D,3,3076,1915,2.8809150183399357,8.299671342896593,34.360313,0.21875575619822019
A1_LCD_plus_7R_plus_10D,3,3076,1916,3.009151899364755,9.054995153450514,23.96442,0.5479217836806085
A1_LCD_plus_7R_plus_10D,3,3076,1917,3.1212270702461655,9.74205842403746,42.98243,0.2889265728095975
A1_LCD_plus_7R_plus_10D,3,3076,1918,3.9419005890473717,15.538580253932016,123.62862,0.5852521845304672
A1_LCD_plus_7R_plus_10D,3,3076,1919,3.5879711999260206,12.873537331498563,35.41504,0.5725576853737144
A1_LCD_plus_7R_plus_10D,3,3076,1920,2.7388934217444216,7.5015371756748666,93.1091,0.21051250952560777
A1_LCD_plus_7R_plus_10D,3,3076,1921,2.825049486970624,7.980904603832984,24.837482,0.39029593158876175
A1_LCD_plus_7R_plus_10D,3,3076,1922,3.23267097415589,10.45016162714999,36.099007,0.24096078449603658
A1_LCD_plus_7R_plus_10D,3,3076,1923,3.9284586067252647,15.432787024753807,160.53223,0.6583128817180115
A1_LCD_plus_7R_plus_10D,3,3076,1924,4.071294265557238,16.575436996759255,134.99202,0.6824760827279003
A1_LCD_plus_7R_plus_10D,3,3076,1925,2.901598774107615,8.419275445902816,30.469448,0.40657149173922025
A1_LCD_plus_7R_plus_10D,3,3076,1926,3.9918447459230837,15.934824475553729,118.39704,0.540230306117085
A1_LCD_plus_7R_plus_10D,3,3076,1927,3.92640482218407,15.416654827670316,138.93324,0.48370063796571394
A1_LCD_plus_7R_plus_10D,3,3076,1928,3.8112859861211166,14.52590086800321,75.0776,0.6761121962877112
A1_LCD_plus_7R_plus_10D,3,3076,1929,2.983499554213698,8.901269589993335,24.894772,0.25539569000857754
A1_LCD_plus_7R_plus_10D,3,3076,1930,3.649500161374306,13.318851427871083,78.667534,0.5755894126293885
A1_LCD_plus_7R_plus_10D,3,3076,1931,4.564626509825896,20.835815174205344,118.76526,0.7528866765492407
A1_LCD_plus_7R_plus_10D,3,3076,1932,5.492232343254838,30.16461611229453,287.99295,0.7821246791791685
A1_LCD_plus_7R_plus_10D,3,3076,1933,5.129967152889905,26.31656298972935,155.56213,0.5395512003807309
A1_LCD_plus_7R_plus_10D,3,3076,1934,4.043633798569934,16.350974296937114,124.95371,0.46265015078998895
A1_LCD_plus_7R_plus_10D,3,3076,1935,4.505727807865407,20.301583078571603,149.73825,0.5998006923883282
A1_LCD_plus_7R_plus_10D,3,3076,1936,3.581024492275893,12.823736414279818,69.91134,0.3545208399395742
A1_LCD_plus_7R_plus_10D,3,3076,1937,2.3221883155452385,5.392558572854832,15.187993,0.33730858191378765
A1_LCD_plus_7R_plus_10D,3,3076,1938,3.0324436279308604,9.19571435657848,44.444145,0.6479817503433897
A1_LCD_plus_7R_plus_10D,3,3076,1939,3.4163347343250248,11.671343016955644,79.76126,0.5727887520358361
A1_LCD_plus_7R_plus_10D,3,3076,1940,4.508686227678623,20.328251499658894,212.18156,0.660622623027133
A1_LCD_plus_7R_plus_10D,3,3076,1941,5.991046880753665,35.89264272738823,326.88025,0.8184353979890433
A1_LCD_plus_7R_plus_10D,3,3076,1942,4.955509424890907,24.557073660182606,202.0018,0.715158957323901
A1_LCD_plus_7R_plus_10D,3,3076,1943,3.773333849456888,14.238048339457137,117.979866,0.26835945791634475
A1_LCD_plus_7R_plus_10D,3,3076,1944,4.252435452947131,18.083207281481666,99.96326,0.5332549654353459
A1_LCD_plus_7R_plus_10D,3,3076,1945,3.659834942289437,13.394391804802728,56.40893,0.34706976202277084
A1_LCD_plus_7R_plus_10D,3,3076,1946,2.838029341996031,8.054410546030423,34.739452,0.33936154917413947
A1_LCD_plus_7R_plus_10D,3,3076,1947,3.7992864837746705,14.434577785792898,103.9635,0.37662310976994895
A1_LCD_plus_7R_plus_10D,3,3076,1948,4.003596563777695,16.02878544549256,82.13147,0.6413673605499445
A1_LCD_plus_7R_plus_10D,3,3076,1949,4.356367862006616,18.97794094912409,141.64494,0.676727639139979
A1_LCD_plus_7R_plus_10D,3,3076,1950,4.726776919541496,22.342420047110195,89.710495,0.6611670500182197
A1_LCD_plus_7R_plus_10D,3,3076,1951,4.407949269789943,19.43001676504169,185.77585,0.6123467134774405
A1_LCD_plus_7R_plus_10D,3,3076,1952,2.802815068091297,7.855772305919622,31.789272,0.12649154964452708
A1_LCD_plus_7R_plus_10D,3,3076,1953,3.037961463553432,9.229209854035709,13.8731165,0.34930274380376714
A1_LCD_plus_7R_plus_10D,3,3076,1954,3.06936490104617,9.421000895774164,92.49162,0.2640152565024727
A1_LCD_plus_7R_plus_10D,3,3076,1955,4.561499122594407,20.807274245429543,207.6429,0.7411849204197561
A1_LCD_plus_7R_plus_10D,3,3076,1956,5.313680676068292,28.235202327221582,134.93958,0.8443125036907568
A1_LCD_plus_7R_plus_10D,3,3076,1957,4.946915763440336,24.471975570574482,156.6511,0.6614424621844026
A1_LCD_plus_7R_plus_10D,3,3076,1958,4.10312904438114,16.835667954844084,95.81059,0.512624737705103
A1_LCD_plus_7R_plus_10D,3,3076,1959,3.917246436422085,15.344819643661523,57.69639,0.4076546012032656
A1_LCD_plus_7R_plus_10D,3,3076,1960,3.319057182343419,11.016140579665436,108.72601,0.4986337795539879
A1_LCD_plus_7R_plus_10D,3,3076,1961,3.9191591024661414,15.359808070443215,117.16313,0.5828035162548691
A1_LCD_plus_7R_plus_10D,3,3076,1962,2.9115235815587353,8.476969565972603,20.84471,0.5092817975822884
A1_LCD_plus_7R_plus_10D,3,3076,1963,4.173103326491703,17.41479137357612,103.752396,0.23334678827219224
A1_LCD_plus_7R_plus_10D,3,3076,1964,3.8529454089429693,14.84518832429471,109.00462,0.4585679977645759
A1_LCD_plus_7R_plus_10D,3,3076,1965,3.4532987207583488,11.925272054791249,81.56954,0.24111464257385923
A1_LCD_plus_7R_plus_10D,3,3076,1966,2.8804568413764824,8.29703161503258,50.16563,0.1230420546366427
A1_LCD_plus_7R_plus_10D,3,3076,1967,2.4095913531255078,5.806130489057215,45.464348,0.25039844035735265
A1_LCD_plus_7R_plus_10D,3,3076,1968,3.0727470459291073,9.441774408266053,89.40048,0.3722513450443594
A1_LCD_plus_7R_plus_10D,3,3076,1969,4.059339573275614,16.478237771161446,166.40259,0.669145247387243
A1_LCD_plus_7R_plus_10D,3,3076,1970,4.095943669084868,16.776754540316414,207.52966,0.6057225902392253
A1_LCD_plus_7R_plus_10D,3,3076,1971,3.7263547368777075,13.885719625050928,87.0573,0.34431293512679845
A1_LCD_plus_7R_plus_10D,3,3076,1972,3.385033521275359,11.458451940157858,40.289566,0.3233166934727872
A1_LCD_plus_7R_plus_10D,3,3076,1973,3.5121515091497786,12.335208223223063,79.65782,0.6038938463174671
A1_LCD_plus_7R_plus_10D,3,3076,1974,2.700835000196621,7.294509698287082,17.498438,0.13083590157485597
A1_LCD_plus_7R_plus_10D,3,3076,1975,3.6665528303440365,13.443609657703865,116.30902,0.40576092767574456
A1_LCD_plus_7R_plus_10D,3,3076,1976,4.411281139737599,19.45940129380465,85.72002,0.39491684719949577
A1_LCD_plus_7R_plus_10D,3,3076,1977,3.388144499402862,11.479523148833872,33.441826,0.6178783851277307
A1_LCD_plus_7R_plus_10D,3,3076,1978,3.0996261511897676,9.607682277139494,26.99719,0.25173182383491816
A1_LCD_plus_7R_plus_10D,3,3076,1979,3.473854996402852,12.067668536033061,37.71909,0.4259526125430415
A1_LCD_plus_7R_plus_10D,3,3076,1980,3.502297562324471,12.266088215063933,36.823296,0.46605365670368226
A1_LCD_plus_7R_plus_10D,3,3076,1981,4.121211249727069,16.984382164876955,119.27811,0.27557840967029984
A1_LCD_plus_7R_plus_10D,3,3076,1982,2.284754100518308,5.22010129983522,9.658379,0.09327199132183502
A1_LCD_plus_7R_plus_10D,3,3076,1983,2.6570596112678198,7.059965777830698,28.106464,0.08218840520957005
A1_LCD_plus_7R_plus_10D,3,3076,1984,2.8794140650081888,8.291025357766982,43.56752,0.29070468579635633
A1_LCD_plus_7R_plus_10D,3,3076,1985,4.017809405586239,16.14279241961725,129.96567,0.31383224273375654
A1_LCD_plus_7R_plus_10D,3,3076,1986,2.3457327069314156,5.502461932367787,68.21216,0.26849279922064273
A1_LCD_plus_7R_plus_10D,3,3076,1987,3.5934077721863322,12.912579417209143,39.38939,0.6956717631428248
A1_LCD_plus_7R_plus_10D,3,3076,1988,3.651683523908738,13.334792558786539,96.17193,0.30941587501691414
A1_LCD_plus_7R_plus_10D,3,3076,1989,3.292722570411822,10.842021925699441,83.96033,0.5668023783043248
A1_LCD_plus_7R_plus_10D,3,3076,1990,3.4246974562020087,11.728552666516508,55.855778,0.4169014527840922
A1_LCD_plus_7R_plus_10D,3,3076,1991,3.3562142879570276,11.2641743466869,102.41402,0.22737230466018177
A1_LCD_plus_7R_plus_10D,3,3076,1992,3.8174196518743515,14.572692798516496,131.66942,0.5520129037408941
A1_LCD_plus_7R_plus_10D,3,3076,1993,4.647742585056672,21.601511136949274,160.55179,0.5038276746024583
A1_LCD_plus_7R_plus_10D,3,3076,1994,3.706599593034976,13.738880543087047,90.32337,0.620753880943705
A1_LCD_plus_7R_plus_10D,3,3076,1995,3.127231793327317,9.779578689197185,77.00141,0.35280021137935225
A1_LCD_plus_7R_plus_10D,3,3076,1996,4.304738797760677,18.530776116946033,46.62731,0.43366694290558455
A1_LCD_plus_7R_plus_10D,3,3076,1997,3.8877511964403295,15.114609365423208,176.32889,0.5742052968120003
A1_LCD_plus_7R_plus_10D,3,3076,1998,4.234600173030911,17.931838625433425,128.67584,0.7002909758013051
A1_LCD_plus_7R_plus_10D,3,3076,1999,4.02724155578295,16.21867454862508,80.10956,0.7401162751561939
A1_LCD_plus_7R_plus_10D,3,3076,2000,3.4740446350604186,12.068986126392076,106.8588,0.4904125220393329
A1_LCD_plus_7R_plus_10D,3,3076,2001,3.2846778868952726,10.789108820658793,37.82772,0.44026295121908277
A1_LCD_plus_7R_plus_10D,3,3076,2002,3.3843755836248266,11.453998091035881,51.965065,0.331520496104463
A1_LCD_plus_7R_plus_10D,3,3076,2003,2.1303523323014204,4.538401059742102,19.271212,0.12376688211538538
A1_LCD_plus_7R_plus_10D,3,3076,2004,3.364891732054372,11.322496368447867,60.47521,0.5601032064167012
A1_LCD_plus_7R_plus_10D,3,3076,2005,2.8072282472717496,7.880530432280416,53.661484,0.2685725374685992
A1_LCD_plus_7R_plus_10D,3,3076,2006,3.1572937018526175,9.96850351975821,65.806725,0.26421828897010063
A1_LCD_plus_7R_plus_10D,3,3076,2007,2.5373272054411267,6.4380293474716765,22.035463,0.184079554980464
A1_LCD_plus_7R_plus_10D,3,3076,2008,3.6591494334431576,13.38937457626738,50.47543,0.33502055854024665
A1_LCD_plus_7R_plus_10D,3,3076,2009,2.3548786560370494,5.545453484658859,11.103606,0.2562996559642964
A1_LCD_plus_7R_plus_10D,3,3076,2010,2.982080845618982,8.89280616980762,22.305166,0.323230411576713
A1_LCD_plus_7R_plus_10D,3,3076,2011,3.4913662033647817,12.189637965997807,64.54092,0.13693919980596933
A1_LCD_plus_7R_plus_10D,3,3076,2012,3.6695869554319027,13.465868423475978,101.76877,0.45943760417522284
A1_LCD_plus_7R_plus_10D,3,3076,2013,2.9737499049614877,8.843188497258458,35.608936,0.1819161718445635
A1_LCD_plus_7R_plus_10D,3,3076,2014,3.335226525054177,11.123735973424965,90.37146,0.3968650582521527
A1_LCD_plus_7R_plus_10D,3,3076,2015,3.6379759879034173,13.234869288561846,67.051605,0.19330518571671396
A1_LCD_plus_7R_plus_10D,3,3076,2016,3.4915137644199605,12.190668367134041,76.955574,0.4130955740879322
A1_LCD_plus_7R_plus_10D,3,3076,2017,3.1305745301112924,9.800496888581538,59.692543,0.39201836298754483
A1_LCD_plus_7R_plus_10D,3,3076,2018,3.6869554508494944,13.593640496548792,81.8359,0.25865838599027224
A1_LCD_plus_7R_plus_10D,3,3076,2019,3.533101498275829,12.482806197118908,68.95354,0.5166030745844143
A1_LCD_plus_7R_plus_10D,3,3076,2020,4.5514825051373125,20.715992994571025,172.6044,0.3824182948863343
A1_LCD_plus_7R_plus_10D,3,3076,2021,4.083688542030415,16.676512108310497,108.59038,0.2525750777784145
A1_LCD_plus_7R_plus_10D,3,3076,2022,3.894219514727508,15.164945628884546,40.583023,0.6390636932571886
A1_LCD_plus_7R_plus_10D,3,3076,2023,5.310788263475028,28.20447197946411,148.37798,0.8189036773322296
A1_LCD_plus_7R_plus_10D,3,3076,2024,3.0423675750738104,9.256000461860495,20.809902,0.3550884686446057
A1_LCD_plus_7R_plus_10D,3,3076,2025,2.7052995703775227,7.318645765484808,59.62549,0.25329627830718904
A1_LCD_plus_7R_plus_10D,3,3076,2026,3.094650169476935,9.576859671443621,36.511627,0.317994239022983
A1_LCD_plus_7R_plus_10D,3,3076,2027,4.61419788007027,21.290822076444975,154.8565,0.49354645532339125
A1_LCD_plus_7R_plus_10D,3,3076,2028,4.621393758338607,21.357280269611035,111.728714,0.6173588803124216
A1_LCD_plus_7R_plus_10D,3,3076,2029,2.9491646261091775,8.697571991893684,72.42583,0.4959765950403079
A1_LCD_plus_7R_plus_10D,3,3076,2030,3.861379090443865,14.910248480117092,167.56523,0.6620684371702975
A1_LCD_plus_7R_plus_10D,3,3076,2031,3.1782670201986387,10.101381251682332,49.116615,0.4932927001469494
A1_LCD_plus_7R_plus_10D,3,3076,2032,3.386967403649356,11.471548193383262,28.53378,0.3521477556643444
A1_LCD_plus_7R_plus_10D,3,3076,2033,2.7997031636530676,7.838337804568994,20.010937,0.3118349654325127
A1_LCD_plus_7R_plus_10D,3,3076,2034,3.0894490983295104,9.544695731169025,48.664375,0.2446839899736552
A1_LCD_plus_7R_plus_10D,3,3076,2035,2.6061989604184372,6.792273021286141,35.498993,0.17241456086850682
A1_LCD_plus_7R_plus_10D,3,3076,2036,2.986779795706138,8.920853548038398,23.638655,0.47273026829060494
A1_LCD_plus_7R_plus_10D,3,3076,2037,2.516508939434152,6.332817242252005,15.39595,0.3701755525865888
A1_LCD_plus_7R_plus_10D,3,3076,2038,3.566265209517012,12.71824754461142,54.56891,0.3638490870153136
A1_LCD_plus_7R_plus_10D,3,3076,2039,2.9289195246270676,8.578569581741649,45.7639,0.3830947629971073
A1_LCD_plus_7R_plus_10D,3,3076,2040,3.79502010354834,14.402177586336053,107.809845,0.5150316498041564
A1_LCD_plus_7R_plus_10D,3,3076,2041,5.0285487808998415,25.286302841889288,116.15518,0.8352730641394961
A1_LCD_plus_7R_plus_10D,3,3076,2042,3.7299539952548715,13.91255680671778,116.622406,0.5650969307615176
A1_LCD_plus_7R_plus_10D,3,3076,2043,3.664342229454035,13.427403974560166,132.4548,0.7750577763401384
A1_LCD_plus_7R_plus_10D,3,3076,2044,3.0188652129105753,9.113547173721612,95.99833,0.407137045100293
A1_LCD_plus_7R_plus_10D,3,3076,2045,4.185528521971906,17.518649008240327,98.60483,0.4880552337113683
A1_LCD_plus_7R_plus_10D,3,3076,2046,3.138419294454265,9.849675667802805,61.476734,0.2921340732912738
A1_LCD_plus_7R_plus_10D,3,3076,2047,3.658329285533213,13.383373161389947,23.76707,0.4072753618087987
A1_LCD_plus_7R_plus_10D,3,3076,2048,3.1776602633855644,10.097524749499614,103.24425,0.49020719987813444
A1_LCD_plus_7R_plus_10D,3,3076,2049,2.3880526209553175,5.702795320451561,5.377495,0.3984962165517557
A1_LCD_plus_7R_plus_10D,3,3076,2050,2.5443595383624267,6.473765460455862,14.209057,0.06484412936601046
A1_LCD_plus_7R_plus_10D,3,3076,2051,2.6092401569175694,6.808134196471223,14.75011,0.3083158114535434
A1_LCD_plus_7R_plus_10D,3,3076,2052,3.0531723098592787,9.321861153691438,33.303528,0.20700741278796222
A1_LCD_plus_7R_plus_10D,3,3076,2053,2.7122867870599423,7.356499615259945,51.389645,0.3036477872319152
A1_LCD_plus_7R_plus_10D,3,3076,2054,4.079069505156256,16.638808027895703,82.74271,0.522413169316366
A1_LCD_plus_7R_plus_10D,3,3076,2055,3.2845413441161138,10.788211841208087,50.428337,0.5513796957989829
A1_LCD_plus_7R_plus_10D,3,3076,2056,3.685648395897262,13.584004098180063,123.23851,0.5153792233859904
A1_LCD_plus_7R_plus_10D,3,3076,2057,3.3162045154415263,10.997212388234766,24.472591,0.32625231279471
A1_LCD_plus_7R_plus_10D,3,3076,2058,3.16890426792405,10.041954259267259,53.15059,0.26195022010232927
A1_LCD_plus_7R_plus_10D,3,3076,2059,2.9547739892243063,8.730689327396519,51.668304,0.250773520727846
A1_LCD_plus_7R_plus_10D,3,3076,2060,2.7094447330157387,7.341090761266728,37.11652,0.514893771071549
A1_LCD_plus_7R_plus_10D,3,3076,2061,2.5255908458080762,6.378609120429555,56.362194,0.2807998608984961
A1_LCD_plus_7R_plus_10D,3,3076,2062,3.1041996766141975,9.636055632291688,62.337875,0.3269387381006087
A1_LCD_plus_7R_plus_10D,3,3076,2063,3.6906647312196066,13.621006158268294,49.3836,0.2545505522105091
A1_LCD_plus_7R_plus_10D,3,3076,2064,4.202152283102174,17.658083810380806,68.71232,0.5921157039573177
A1_LCD_plus_7R_plus_10D,3,3076,2065,4.286883199259646,18.377367564094616,123.10515,0.81448497667336
A1_LCD_plus_7R_plus_10D,3,3076,2066,3.643881682413058,13.277873715425418,62.66453,0.7365852730473296
A1_LCD_plus_7R_plus_10D,3,3076,2067,3.4806816166244348,12.115144516307291,48.680794,0.29583622258387243
A1_LCD_plus_7R_plus_10D,3,3076,2068,3.959685939782054,15.679112741707685,130.71327,0.6550345780679016
A1_LCD_plus_7R_plus_10D,3,3076,2069,3.919656983685525,15.363710869754707,54.645317,0.625657276769557
A1_LCD_plus_7R_plus_10D,3,3076,2070,5.391568785130004,29.069013964788226,138.50404,0.611876008506084
A1_LCD_plus_7R_plus_10D,3,3076,2071,4.6123499347903305,21.273771920960368,243.64389,0.5193872691035363
A1_LCD_plus_7R_plus_10D,3,3076,2072,2.5606857901419837,6.5571117158350765,48.387096,0.18456150444199607
A1_LCD_plus_7R_plus_10D,3,3076,2073,2.896472765559082,8.389554481625478,16.153622,0.3332261244906545
A1_LCD_plus_7R_plus_10D,3,3076,2074,4.109998396681022,16.89208682072058,63.265762,0.5779807623293873
A1_LCD_plus_7R_plus_10D,3,3076,2075,3.1666562754204826,10.027711966659922,47.05243,0.3223907141676222
A1_LCD_plus_7R_plus_10D,3,3076,2076,3.63905480036761,13.242719840078552,126.99599,0.30330572995551475
A1_LCD_plus_7R_plus_10D,3,3076,2077,3.811533144730618,14.527784913380078,50.750008,0.3883833977923574
A1_LCD_plus_7R_plus_10D,3,3076,2078,4.610661956080879,21.258203673251554,221.82399,0.7875084066721193
A1_LCD_plus_7R_plus_10D,3,3076,2079,4.236958861843293,17.95182039695241,172.82146,0.605314453433795
A1_LCD_plus_7R_plus_10D,3,3076,2080,5.581152699332688,31.14926545326855,291.87347,0.875316110996238
A1_LCD_plus_7R_plus_10D,3,3076,2081,4.220482618890202,17.812473536354297,146.52739,0.6558724215828108
A1_LCD_plus_7R_plus_10D,3,3076,2082,3.62973337419887,13.174964367773116,83.47793,0.3331853033442498
A1_LCD_plus_7R_plus_10D,3,3076,2083,2.2854703594178,5.223374763777326,43.457954,0.2808730144805568
A1_LCD_plus_7R_plus_10D,3,3076,2084,2.8289917749264557,8.003194462601536,58.522766,0.3428332019463148
A1_LCD_plus_7R_plus_10D,3,3076,2085,2.999959140062562,8.999754842044906,4.755573,0.5379193668567397
A1_LCD_plus_7R_plus_10D,3,3076,2086,3.462732438695801,11.990515941996168,59.323914,0.6263761718090958
A1_LCD_plus_7R_plus_10D,3,3076,2087,4.420265289006371,19.538745225194578,127.96825,0.44070656585611173
A1_LCD_plus_7R_plus_10D,3,3076,2088,3.0076664429651063,9.046057432138376,50.363186,0.24612746877228103
A1_LCD_plus_7R_plus_10D,3,3076,2089,4.830033259449245,23.3292212873859,148.09303,0.7331669446856622
A1_LCD_plus_7R_plus_10D,3,3076,2090,4.731594108705274,22.387982809534464,142.71574,0.5322945346617082
A1_LCD_plus_7R_plus_10D,3,3076,2091,4.25840554508309,18.134017786394413,108.12076,0.6453688526731269
A1_LCD_plus_7R_plus_10D,3,3076,2092,3.912587138835966,15.30833811898461,64.67838,0.5714025445943242
A1_LCD_plus_7R_plus_10D,3,3076,2093,3.1275043943300447,9.781283736553737,25.273699,0.21712206392769529
A1_LCD_plus_7R_plus_10D,3,3076,2094,3.159487205615878,9.98235940245043,90.86776,0.19597354533677053
A1_LCD_plus_7R_plus_10D,3,3076,2095,2.6715465422866607,7.137160927603808,57.19055,0.2037565975300041
A1_LCD_plus_7R_plus_10D,3,3076,2096,2.9806169184985367,8.884077214839712,12.439547,0.18184916834987566
A1_LCD_plus_7R_plus_10D,3,3076,2097,4.100921912967938,16.81756053626061,195.427,0.38094437206504617
A1_LCD_plus_7R_plus_10D,3,3076,2098,3.0295863454296845,9.178393424413992,55.08903,0.3395297896122726
A1_LCD_plus_7R_plus_10D,3,3076,2099,3.05128137401689,9.310318023422399,51.453773,0.2933399306405566
A1_LCD_plus_7R_plus_10D,3,3076,2100,2.832766018400532,8.024563315004801,25.564121,0.2076838848945725
A1_LCD_plus_7R_plus_10D,3,3076,2101,2.742389872996407,7.520702215513249,41.39245,0.22450463663791712
A1_LCD_plus_7R_plus_10D,3,3076,2102,4.590314194597917,21.070984405127117,137.88492,0.4920071442876508
A1_LCD_plus_7R_plus_10D,3,3076,2103,4.45909384202141,19.883517891953254,200.54892,0.6720393564980994
A1_LCD_plus_7R_plus_10D,3,3076,2104,3.3515962134354758,11.233197177915022,111.3142,0.37737307844290663
A1_LCD_plus_7R_plus_10D,3,3076,2105,2.5614525073680467,6.561038947502052,49.369843,0.4214181865557724
A1_LCD_plus_7R_plus_10D,3,3076,2106,4.197831742232113,17.621791336091498,137.58052,0.6168270993618497
A1_LCD_plus_7R_plus_10D,3,3076,2107,4.328022315887705,18.731777166821974,94.74124,0.7088807971426947
A1_LCD_plus_7R_plus_10D,3,3076,2108,4.048411669012982,16.389637041800473,120.547615,0.38826362281149096
A1_LCD_plus_7R_plus_10D,3,3076,2109,2.779071004580144,7.72323564849809,52.296455,0.3469690958983716
A1_LCD_plus_7R_plus_10D,3,3076,2110,2.838068277154304,8.0546315457896,62.61535,0.1983924269020439
A1_LCD_plus_7R_plus_10D,3,3076,2111,3.60595658679427,13.002922905844985,85.32455,0.39607962984546174
A1_LCD_plus_7R_plus_10D,3,3076,2112,4.75583391992571,22.617956273915944,116.82205,0.37371959153723433
A1_LCD_plus_7R_plus_10D,3,3076,2113,4.95641624312308,24.566061975094303,48.069397,0.48228586335598744
A1_LCD_plus_7R_plus_10D,3,3076,2114,3.7415635568257617,13.999297849766645,108.40757,0.6371221767087565
A1_LCD_plus_7R_plus_10D,3,3076,2115,2.724750266637147,7.424264015539203,27.348368,0.19008589129121606
A1_LCD_plus_7R_plus_10D,3,3076,2116,4.0249416394422335,16.200155200915933,184.95355,0.461182643490991
A1_LCD_plus_7R_plus_10D,3,3076,2117,4.123788529702869,17.005631837708947,73.13727,0.5121297900632245
A1_LCD_plus_7R_plus_10D,3,3076,2118,3.4955082318883686,12.218577799199348,90.92127,0.4311302681681567
A1_LCD_plus_7R_plus_10D,3,3076,2119,4.624767585579787,21.388475220629488,104.98923,0.5572661979230508
A1_LCD_plus_7R_plus_10D,3,3076,2120,4.1295165064617,17.052906577139638,158.01614,0.8140696233937845
A1_LCD_plus_7R_plus_10D,3,3076,2121,4.82774846869577,23.307155276994347,220.51105,0.5546306238587841
A1_LCD_plus_7R_plus_10D,3,3076,2122,5.074259456001979,25.748109026825496,199.94904,0.6274587929365716
A1_LCD_plus_7R_plus_10D,3,3076,2123,4.550896138233332,20.710655660987054,247.95294,0.844948046395402
A1_LCD_plus_7R_plus_10D,3,3076,2124,4.437483423149008,19.691259130722237,134.53343,0.7442261890952786
A1_LCD_plus_7R_plus_10D,3,3076,2125,2.7919655599103006,7.795071687725237,8.579033,0.1771304012036894
A1_LCD_plus_7R_plus_10D,3,3076,2126,2.999944721140711,8.999668329900016,56.59739,0.41924329935722765
A1_LCD_plus_7R_plus_10D,3,3076,2127,3.754908805234823,14.099340135630001,87.625244,0.5635610359514756
A1_LCD_plus_7R_plus_10D,3,3076,2128,3.886090887446547,15.101702385495093,65.482956,0.37207246681156136
A1_LCD_plus_7R_plus_10D,3,3076,2129,3.772259541476601,14.229942048261256,133.9932,0.5805481994177055
A1_LCD_plus_7R_plus_10D,3,3076,2130,2.4031590157635896,5.775173255045825,32.99038,0.24194799443021953
A1_LCD_plus_7R_plus_10D,3,3076,2131,3.354949266945104,11.25568458377549,80.21328,0.10650770882780453
A1_LCD_plus_7R_plus_10D,3,3076,2132,3.3344818208534055,11.118769013601842,81.30289,0.5562775005850713
A1_LCD_plus_7R_plus_10D,3,3076,2133,3.0972500222210493,9.59295770014829,31.880978,0.485008883275467
A1_LCD_plus_7R_plus_10D,3,3076,2134,4.52189516449623,20.447535878694385,204.3374,0.6432164180160831
A1_LCD_plus_7R_plus_10D,3,3076,2135,3.738601359167285,13.977140122767466,93.47046,0.3861006706648676
A1_LCD_plus_7R_plus_10D,3,3076,2136,3.102659617396829,9.626496701425037,81.45684,0.2486128800947103
A1_LCD_plus_7R_plus_10D,3,3076,2137,4.296585421350603,18.460646282962536,75.75836,0.49305038597504725
A1_LCD_plus_7R_plus_10D,3,3076,2138,3.6456743891351953,13.290941751596277,65.61562,0.2794101255302184
A1_LCD_plus_7R_plus_10D,3,3076,2139,3.584173276199947,12.846298073825862,39.962513,0.07397037017769083
A1_LCD_plus_7R_plus_10D,3,3076,2140,3.7518945729100723,14.076712886232055,59.1813,0.44829076827570874
A1_LCD_plus_7R_plus_10D,3,3076,2141,2.749552198086732,7.560037290003579,36.83757,0.2202575342995819
A1_LCD_plus_7R_plus_10D,3,3076,2142,3.3324611989347757,11.105297642405805,45.27946,0.3990523812912264
A1_LCD_plus_7R_plus_10D,3,3076,2143,3.0893725965860215,9.544223040536655,73.62635,0.08961273775482806
A1_LCD_plus_7R_plus_10D,3,3076,2144,3.0614456472297578,9.372449450942035,28.45391,0.37661490209264703
A1_LCD_plus_7R_plus_10D,3,3076,2145,3.2758360550505605,10.73110185956922,34.61329,0.5433567460171891
A1_LCD_plus_7R_plus_10D,3,3076,2146,2.4361217985054875,5.934689417153612,20.307297,0.09981580108802568
A1_LCD_plus_7R_plus_10D,3,3076,2147,3.2664025296461325,10.669385485678655,127.125595,0.45425863312559883
A1_LCD_plus_7R_plus_10D,3,3076,2148,3.8564566599607817,14.872257970155873,64.82251,0.7253470171134417
A1_LCD_plus_7R_plus_10D,3,3076,2149,3.894945901665053,15.170603576897397,103.50102,0.23151635530135484
A1_LCD_plus_7R_plus_10D,3,3076,2150,3.8945939342633102,15.167861912800568,110.93575,0.5166339147768995
A1_LCD_plus_7R_plus_10D,3,3076,2151,4.028270991651048,16.226967182177326,121.22401,0.5976240053838622
A1_LCD_plus_7R_plus_10D,3,3076,2152,4.72929356472514,22.36621762135062,142.63942,0.494062816052804
A1_LCD_plus_7R_plus_10D,3,3076,2153,3.1138671839161765,9.69616883907006,9.6664715,0.26408123571692665
A1_LCD_plus_7R_plus_10D,3,3076,2154,4.364574661249145,19.049511973618092,137.84698,0.6933679686843507
A1_LCD_plus_7R_plus_10D,3,3076,2155,4.606889787582807,21.223433514934754,175.62427,0.7751090194079584
A1_LCD_plus_7R_plus_10D,3,3076,2156,3.6167641454646535,13.080982883918667,73.87962,0.3009026735910105
A1_LCD_plus_7R_plus_10D,3,3076,2157,3.482820411561232,12.130038019187548,10.992762,0.5681177629483282
A1_LCD_plus_7R_plus_10D,3,3076,2158,3.262611249757253,10.644632167042584,29.840902,0.3240624415501009
A1_LCD_plus_7R_plus_10D,3,3076,2159,3.222131826011557,10.382133504196572,77.148315,0.49280252730145496
A1_LCD_plus_7R_plus_10D,3,3076,2160,2.9574779988188373,8.746676113497474,20.529642,0.4557501246933997
A1_LCD_plus_7R_plus_10D,3,3076,2161,2.696575183939026,7.2715177226357905,37.79793,0.31009770254442826
A1_LCD_plus_7R_plus_10D,3,3076,2162,2.5317155762457246,6.409583759005223,45.04879,0.37229039542123776
A1_LCD_plus_7R_plus_10D,3,3076,2163,4.534515362402901,20.561829571867918,136.88145,0.6617035974271637
A1_LCD_plus_7R_plus_10D,3,3076,2164,3.8869908105096576,15.108697560986526,151.29349,0.4114043261657388
A1_LCD_plus_7R_plus_10D,3,3076,2165,2.7683277364918486,7.663638456630082,11.033834,0.258635083313438
A1_LCD_plus_7R_plus_10D,3,3076,2166,3.459499107974796,11.968134078078407,87.35657,0.495836494798368
A1_LCD_plus_7R_plus_10D,3,3076,2167,4.106092692504094,16.859997199435522,147.21544,0.6492242458943396
A1_LCD_plus_7R_plus_10D,3,3076,2168,2.8573130298532,8.164237750568875,2.055161,0.4087155017868336
A1_LCD_plus_7R_plus_10D,3,3076,2169,3.6653402274310443,13.434718982824261,145.21164,0.5826807033026525
A1_LCD_plus_7R_plus_10D,3,3076,2170,4.069178521387758,16.55821383892346,109.93885,0.624919044538575
A1_LCD_plus_7R_plus_10D,3,3076,2171,4.088320010981116,16.71436051218863,197.83377,0.7218831964666352
A1_LCD_plus_7R_plus_10D,3,3076,2172,3.5513716711644308,12.61224074674924,68.137024,0.4186148469157783
A1_LCD_plus_7R_plus_10D,3,3076,2173,5.174429868879457,26.774724467951874,244.45639,0.835740447798083
A1_LCD_plus_7R_plus_10D,3,3076,2174,5.827964691526606,33.96517244568081,378.4919,0.8746038530670943
A1_LCD_plus_7R_plus_10D,3,3076,2175,5.6637699187326325,32.078289692340654,287.4618,0.6932999107700629
A1_LCD_plus_7R_plus_10D,3,3076,2176,5.072912292490704,25.734439127303304,149.55254,0.6049892956610262
A1_LCD_plus_7R_plus_10D,3,3076,2177,2.8651519655484625,8.209095785686216,54.282448,0.35075758628228565
A1_LCD_plus_7R_plus_10D,3,3076,2178,2.7196172539999823,7.396318008254403,78.97699,0.4860884265602209
A1_LCD_plus_7R_plus_10D,3,3076,2179,5.225586144674575,27.30675055541489,122.63621,0.6681226098808005
A1_LCD_plus_7R_plus_10D,3,3076,2180,4.654406408688948,21.66349901724475,117.01824,0.808999981543941
A1_LCD_plus_7R_plus_10D,3,3076,2181,4.4387353546972745,19.70237154903954,172.9655,0.5913264615397846
A1_LCD_plus_7R_plus_10D,3,3076,2182,2.8858340467842862,8.328038145579368,43.118984,0.24848280945917672
A1_LCD_plus_7R_plus_10D,3,3076,2183,3.481145416834526,12.11837341314803,61.89954,0.37112394285400063
A1_LCD_plus_7R_plus_10D,3,3076,2184,3.3560648457881537,11.263171249135068,142.79124,0.46553884460331163
A1_LCD_plus_7R_plus_10D,3,3076,2185,2.7111683073946824,7.350433591021347,11.523487,0.3172560263849707
A1_LCD_plus_7R_plus_10D,3,3076,2186,2.974425806481834,8.84720887826511,9.311471,0.2049156419615042
A1_LCD_plus_7R_plus_10D,3,3076,2187,2.6003648750741264,6.761897483519276,8.147266,0.2719441375501054
A1_LCD_plus_7R_plus_10D,3,3076,2188,2.786805255286907,7.7662835308947225,11.410258,0.1161295098069054
A1_LCD_plus_7R_plus_10D,3,3076,2189,3.4958364352017695,12.220872381684215,22.116467,0.6851447292443883
A1_LCD_plus_7R_plus_10D,3,3076,2190,2.7194275225770523,7.395286050549564,48.968056,0.3147282594162316
A1_LCD_plus_7R_plus_10D,3,3076,2191,2.936297430100888,8.62184259801708,89.24003,0.1775371360639914
A1_LCD_plus_7R_plus_10D,3,3076,2192,3.684070902158566,13.572378412131425,99.34612,0.7354587186937719
A1_LCD_plus_7R_plus_10D,3,3076,2193,3.132933480652973,9.81527219419635,30.586739,0.3117552630553129
A1_LCD_plus_7R_plus_10D,3,3076,2194,3.437355714033423,11.815414304798226,22.15343,0.37554602735566567
A1_LCD_plus_7R_plus_10D,3,3076,2195,3.546285026994612,12.576137492686176,61.026356,0.17171572750854733
A1_LCD_plus_7R_plus_10D,3,3076,2196,2.944150451027198,8.668021878283652,15.197981,0.16440002688347136
A1_LCD_plus_7R_plus_10D,3,3076,2197,2.702044728649588,7.301045715623027,6.1896296,0.35590994664337294
A1_LCD_plus_7R_plus_10D,3,3076,2198,2.6505455078792877,7.0253914893390705,7.0051394,0.06511777021111353
A1_LCD_plus_7R_plus_10D,3,3076,2199,2.9793717216631666,8.876655855846138,45.659065,0.18824080129965737
A1_LCD_plus_7R_plus_10D,3,3076,2200,3.413437613584713,11.6515563418349,89.53795,0.4479939303315681
A1_LCD_plus_7R_plus_10D,3,3076,2201,2.89944967681916,8.406808428406732,43.58296,0.2384260486645327
A1_LCD_plus_7R_plus_10D,3,3076,2202,3.785235264026191,14.32800600402743,49.512283,0.698640736654278
A1_LCD_plus_7R_plus_10D,3,3076,2203,3.5773617846569716,12.79751733832411,114.92018,0.37820435331139635
A1_LCD_plus_7R_plus_10D,3,3076,2204,4.177683582142882,17.453040112506187,89.18327,0.42699444510887874
A1_LCD_plus_7R_plus_10D,3,3076,2205,3.6048648958797984,12.99505091754647,58.879734,0.6075049378458641
A1_LCD_plus_7R_plus_10D,3,3076,2206,4.6860337336153775,21.95891215258127,159.56152,0.8052428560460935
A1_LCD_plus_7R_plus_10D,3,3076,2207,4.314677156272302,18.616438962858048,127.177895,0.3548924095978568
A1_LCD_plus_7R_plus_10D,3,3076,2208,3.5405236952871735,12.535308036889942,157.18034,0.5431518828099153
A1_LCD_plus_7R_plus_10D,3,3076,2209,3.707268002308272,13.743836040938762,92.063705,0.44196058996486676
A1_LCD_plus_7R_plus_10D,3,3076,2210,3.7663955246392136,14.185735248022297,83.87541,0.34833425088672804
A1_LCD_plus_7R_plus_10D,3,3076,2211,3.993050985297519,15.944456171185488,63.19608,0.5901897621909347
A1_LCD_plus_7R_plus_10D,3,3076,2212,2.5504509530780504,6.5048000640567345,33.839108,0.25208594252472744
A1_LCD_plus_7R_plus_10D,3,3076,2213,2.938898937325723,8.637126963814262,22.977604,0.1805991988428675
A1_LCD_plus_7R_plus_10D,3,3076,2214,2.6682458617308815,7.119535978643975,15.857596,0.2715521603063052
A1_LCD_plus_7R_plus_10D,3,3076,2215,2.845254384325044,8.095472511520885,34.454773,0.37575741944287755
A1_LCD_plus_7R_plus_10D,3,3076,2216,3.1066918078392023,9.65153398889521,39.648834,0.13649280996932894
A1_LCD_plus_7R_plus_10D,3,3076,2217,3.061621521998374,9.37352634396364,27.99834,0.20264289154970752
A1_LCD_plus_7R_plus_10D,3,3076,2218,3.3279423364518887,11.075200194748852,102.83395,0.5186846140785337
A1_LCD_plus_7R_plus_10D,3,3076,2219,2.705164312030217,7.317913955081921,24.17176,0.23923133153444326
A1_LCD_plus_7R_plus_10D,3,3076,2220,3.3421177826533977,11.169751273128066,127.858635,0.34352281955808767
A1_LCD_plus_7R_plus_10D,3,3076,2221,3.163248372400736,10.006140265495905,82.86759,0.30975135122681685
A1_LCD_plus_7R_plus_10D,3,3076,2222,4.124053508703627,17.007817342650696,115.96051,0.5105129329851197
A1_LCD_plus_7R_plus_10D,3,3076,2223,4.8446724507699885,23.470851155249676,161.48932,0.7544672539695406
A1_LCD_plus_7R_plus_10D,3,3076,2224,6.005426345915476,36.0651455962157,157.92667,0.5862687260457682
A1_LCD_plus_7R_plus_10D,3,3076,2225,3.159501192326766,9.982447784314255,95.84625,0.36278083098891023
A1_LCD_plus_7R_plus_10D,3,3076,2226,3.559269646855177,12.668400419024577,98.74084,0.42431685786310713
A1_LCD_plus_7R_plus_10D,3,3076,2227,3.6910838269592126,13.62409981763986,22.382936,0.23272531975648586
A1_LCD_plus_7R_plus_10D,3,3076,2228,3.255839873493462,10.600493281829923,34.04325,0.3163257275705455
A1_LCD_plus_7R_plus_10D,3,3076,2229,3.6739323002036923,13.49777854647999,57.968094,0.2724518447424993
A1_LCD_plus_7R_plus_10D,3,3076,2230,3.5212936183808203,12.39950874684949,103.20313,0.559921256130679
A1_LCD_plus_7R_plus_10D,3,3076,2231,2.4207167763750728,5.859869711423724,12.450471,0.12431887177059076
A1_LCD_plus_7R_plus_10D,3,3076,2232,3.346287438690455,11.19763962233753,39.391106,0.2939622945792071
A1_LCD_plus_7R_plus_10D,3,3076,2233,3.325904719349224,11.06164220218944,90.36717,0.2575562322053435
A1_LCD_plus_7R_plus_10D,3,3076,2234,2.922818558562216,8.542868326275709,16.97408,0.12394210206286399
A1_LCD_plus_7R_plus_10D,3,3076,2235,3.209124649924828,10.298481018755147,85.434204,0.33849738045440914
A1_LCD_plus_7R_plus_10D,3,3076,2236,2.8070255397442976,7.879392380776765,16.153835,0.2842284527129373
A1_LCD_plus_7R_plus_10D,3,3076,2237,2.9864326224248057,8.918779808283105,12.220154,0.23081128313681493
A1_LCD_plus_7R_plus_10D,3,3076,2238,3.1797442336434036,10.110773391388474,37.93591,0.5326489734704125
A1_LCD_plus_7R_plus_10D,3,3076,2239,3.452198549684625,11.917674826444628,69.48621,0.27859462186174816
A1_LCD_plus_7R_plus_10D,3,3076,2240,4.560662632918799,20.799643651301828,144.19629,0.5166655990437246
A1_LCD_plus_7R_plus_10D,3,3076,2241,2.9907945641883376,8.94485212517851,44.711834,0.3690414386960059
A1_LCD_plus_7R_plus_10D,3,3076,2242,3.3278982851496415,11.074906996301925,39.264477,0.1500785944958623
A1_LCD_plus_7R_plus_10D,3,3076,2243,3.1621831371680993,9.999402192990285,53.746895,0.2468476377424491
A1_LCD_plus_7R_plus_10D,3,3076,2244,3.4821133459801636,12.125113354253168,31.610561,0.3565749884643676
A1_LCD_plus_7R_plus_10D,3,3076,2245,3.8799282463059375,15.053843196482669,57.8592,0.29232239071337685
A1_LCD_plus_7R_plus_10D,3,3076,2246,2.789479253356059,7.7811945049038735,14.715471,0.17622752562105243
A1_LCD_plus_7R_plus_10D,3,3076,2247,3.2404856455696223,10.500747219142772,88.34768,0.30720994743999713
A1_LCD_plus_7R_plus_10D,3,3076,2248,2.3531448405254185,5.5372906404913955,34.82252,0.17887931454763648
A1_LCD_plus_7R_plus_10D,3,3076,2249,3.9369441063180397,15.499528896272345,128.44566,0.607156708859565
A1_LCD_plus_7R_plus_10D,3,3076,2250,3.8267936051357117,14.644349296307578,65.525665,0.5292778852554788
A1_LCD_plus_7R_plus_10D,3,3076,2251,3.095200977663406,9.580269092128505,91.09023,0.23555155723243998
A1_LCD_plus_7R_plus_10D,3,3076,2252,3.0226810989138775,9.136601025731206,44.43255,0.32627227728435326
A1_LCD_plus_7R_plus_10D,3,3076,2253,3.308914423767092,10.948914663813913,38.98124,0.1947574309121399
A1_LCD_plus_7R_plus_10D,3,3076,2254,4.1724142972885385,17.409041068217803,116.85681,0.28669348382779347
A1_LCD_plus_7R_plus_10D,3,3076,2255,3.8115549061619527,14.527950802687252,131.49582,0.4697671884705178
A1_LCD_plus_7R_plus_10D,3,3076,2256,4.186353822706633,17.525558328890437,129.47293,0.5916970089251428
A1_LCD_plus_7R_plus_10D,3,3076,2257,4.001904390281424,16.01523874895374,121.74599,0.7145557974779805
A1_LCD_plus_7R_plus_10D,3,3076,2258,5.157568404076101,26.6005118427241,156.73685,0.6472563393783534
A1_LCD_plus_7R_plus_10D,3,3076,2259,4.324284475222684,18.69943622265192,222.89615,0.786870176292886
A1_LCD_plus_7R_plus_10D,3,3076,2260,4.666999114252015,21.780880732429093,217.62619,0.7515816513628961
A1_LCD_plus_7R_plus_10D,3,3076,2261,3.0140404413123165,9.084439781866141,36.105087,0.39434467082284697
A1_LCD_plus_7R_plus_10D,3,3076,2262,2.390474417019252,5.714367938423533,12.565657,0.13141450139106325
A1_LCD_plus_7R_plus_10D,3,3076,2263,2.619941159452338,6.864091678992458,1.7413309,0.4056378062918462
A1_LCD_plus_7R_plus_10D,3,3076,2264,4.296369553160687,18.458791337326165,138.9107,0.5755836917392431
A1_LCD_plus_7R_plus_10D,3,3076,2265,4.965551260808904,24.656699323720886,193.1576,0.4382695828036617
A1_LCD_plus_7R_plus_10D,3,3076,2266,4.58013501168117,20.977636725227676,114.633804,0.8627120678745248
A1_LCD_plus_7R_plus_10D,3,3076,2267,4.394090579017346,19.308032016608994,116.30816,0.60898728089735
A1_LCD_plus_7R_plus_10D,3,3076,2268,3.455451655599806,11.94014614418744,19.385303,0.2542779435920534
A1_LCD_plus_7R_plus_10D,3,3076,2269,3.6881251544788323,13.60226715509951,52.496452,0.43229701448605906
A1_LCD_plus_7R_plus_10D,3,3076,2270,4.610193618928432,21.253885204008427,98.056404,0.5782651786328468
A1_LCD_plus_7R_plus_10D,3,3076,2271,3.5418993015945888,12.545050662636232,106.21441,0.6196781446614614
A1_LCD_plus_7R_plus_10D,3,3076,2272,4.014907283688776,16.119480496617186,149.96893,0.4426372695301171
A1_LCD_plus_7R_plus_10D,3,3076,2273,4.613551341668192,21.284855982208374,76.33317,0.7492432992630548
A1_LCD_plus_7R_plus_10D,3,3076,2274,2.983404358166334,8.900701564325871,79.845604,0.2338572277560496
A1_LCD_plus_7R_plus_10D,3,3076,2275,3.565889618895643,12.715568774147709,69.522224,0.18880459991236379
A1_LCD_plus_7R_plus_10D,3,3076,2276,2.941563678064183,8.652796872106483,44.55458,0.36108529327057687
A1_LCD_plus_7R_plus_10D,3,3076,2277,3.2395503187981367,10.49468626802511,23.890461,0.34974531860815117
A1_LCD_plus_7R_plus_10D,3,3076,2278,3.3546382327860953,11.253597672870216,81.29822,0.3733022312479264
A1_LCD_plus_7R_plus_10D,3,3076,2279,2.94296294955012,8.661030922424743,106.53879,0.2062917630100855
A1_LCD_plus_7R_plus_10D,3,3076,2280,3.6759652554001256,13.512720558908908,104.00015,0.45641382512969175
A1_LCD_plus_7R_plus_10D,3,3076,2281,4.537032273357832,20.58466184949054,186.97473,0.7411328794922882
A1_LCD_plus_7R_plus_10D,3,3076,2282,4.6347481626460265,21.480890531150724,137.01263,0.6892740818127225
A1_LCD_plus_7R_plus_10D,3,3076,2283,3.408368488787405,11.616975755358938,29.178825,0.21798147932153505
A1_LCD_plus_7R_plus_10D,3,3076,2284,3.0503021618965893,9.304343278871004,54.134583,0.18031728165034588
A1_LCD_plus_7R_plus_10D,3,3076,2285,3.74144077504126,13.998379073141345,143.80536,0.3682862921553822
A1_LCD_plus_7R_plus_10D,3,3076,2286,3.807883955308701,14.499980217097436,63.811993,0.2525721671552762
A1_LCD_plus_7R_plus_10D,3,3076,2287,3.991821010414293,15.934634979184988,125.46424,0.3721578866175772
A1_LCD_plus_7R_plus_10D,3,3076,2288,3.6149587585627527,13.067926826109556,29.181559,0.4081063877471274
A1_LCD_plus_7R_plus_10D,3,3076,2289,4.278561899652243,18.306091929155805,127.12508,0.343730511850303
A1_LCD_plus_7R_plus_10D,3,3076,2290,3.245863850723358,10.535632137432666,76.64943,0.35115437419707807
A1_LCD_plus_7R_plus_10D,3,3076,2291,5.444034752648629,29.637514388046018,249.4081,0.777367465300276
A1_LCD_plus_7R_plus_10D,3,3076,2292,4.96714262519739,24.672505859052816,138.54105,0.7817654256319829
A1_LCD_plus_7R_plus_10D,3,3076,2293,4.597155022680433,21.133834302555936,237.98608,0.763661654762847
A1_LCD_plus_7R_plus_10D,3,3076,2294,3.491818837739369,12.192798795591516,60.747528,0.22063237857515114
A1_LCD_plus_7R_plus_10D,3,3076,2295,2.4413976896237557,5.960422678900212,50.09947,0.10765177057100747
A1_LCD_plus_7R_plus_10D,3,3076,2296,5.362031014349501,28.75137659884594,372.99115,0.9046092518883546
A1_LCD_plus_7R_plus_10D,3,3076,2297,3.9854438312614184,15.883762532139691,181.86053,0.6151254719645493
A1_LCD_plus_7R_plus_10D,3,3076,2298,4.04284339877104,16.34458274698658,89.708405,0.5389737090908943
A1_LCD_plus_7R_plus_10D,3,3076,2299,4.132509247016702,17.077632676678554,189.23987,0.521897299177291
A1_LCD_plus_7R_plus_10D,3,3076,2300,4.695039939765899,22.043400035996978,41.26797,0.5798805967034923
A1_LCD_plus_7R_plus_10D,3,3076,2301,2.810342487204038,7.8980248953841805,13.710929,0.4347479100909951
A1_LCD_plus_7R_plus_10D,3,3076,2302,3.073909684824807,9.448920750459743,33.38154,0.1752700994948898
A1_LCD_plus_7R_plus_10D,3,3076,2303,2.58241355686348,6.66885977867229,4.005438,0.2607564702969795
A1_LCD_plus_7R_plus_10D,3,3076,2304,3.532626945958392,12.479453139311316,52.54724,0.2561875619329029
A1_LCD_plus_7R_plus_10D,3,3076,2305,3.8275672127870917,14.65027076840275,121.25509,0.6039260724227913
A1_LCD_plus_7R_plus_10D,3,3076,2306,3.6967882602473257,13.666243441102447,79.63823,0.2748913496359325
A1_LCD_plus_7R_plus_10D,3,3076,2307,3.4408300355921178,11.83931133383286,155.20601,0.40557791485932504
A1_LCD_plus_7R_plus_10D,3,3076,2308,3.171294793577081,10.0571106677691,65.01047,0.5045343808545353
A1_LCD_plus_7R_plus_10D,3,3076,2309,2.755172554878623,7.590975807156397,65.94923,0.35120436853808934
A1_LCD_plus_7R_plus_10D,3,3076,2310,3.647047381185092,13.300954600609037,80.787315,0.42601107128822124
A1_LCD_plus_7R_plus_10D,3,3076,2311,3.268724403670785,10.684559227152928,36.415894,0.23843808051908288
A1_LCD_plus_7R_plus_10D,3,3076,2312,2.447050314793098,5.988055243129001,55.597775,0.09798734507794622
A1_LCD_plus_7R_plus_10D,3,3076,2313,3.3622409156158906,11.304663974641581,24.502865,0.3243173492905863
A1_LCD_plus_7R_plus_10D,3,3076,2314,4.177749319602335,17.453589377437773,57.27671,0.3954929802556685
A1_LCD_plus_7R_plus_10D,3,3076,2315,4.147193833638298,17.199216693767518,101.04771,0.4254685860419021
A1_LCD_plus_7R_plus_10D,3,3076,2316,3.4796927563246185,12.108261678418026,33.151,0.5561848782044988
A1_LCD_plus_7R_plus_10D,3,3076,2317,4.749907335464611,22.561619695500532,186.48564,0.700431878398641
A1_LCD_plus_7R_plus_10D,3,3076,2318,2.992165089043594,8.953051920091257,55.722706,0.19173992040037474
A1_LCD_plus_7R_plus_10D,3,3076,2319,3.0383183971151198,9.231378682248192,85.57437,0.2522899472324327
A1_LCD_plus_7R_plus_10D,3,3076,2320,3.9282091350934585,15.4308270090317,119.4369,0.5168599473634432
A1_LCD_plus_7R_plus_10D,3,3076,2321,3.810963275625341,14.523441088165029,23.52206,0.2523466103446923
A1_LCD_plus_7R_plus_10D,3,3076,2322,3.3429468568619622,11.17529368780327,38.030937,0.5568558264939307
A1_LCD_plus_7R_plus_10D,3,3076,2323,3.7335666557530436,13.939519972950967,122.49394,0.38408492870678224
A1_LCD_plus_7R_plus_10D,3,3076,2324,3.0527212660190766,9.319107128005117,33.37588,0.233379737311437
A1_LCD_plus_7R_plus_10D,3,3076,2325,2.7106485908832707,7.34761578325746,30.199833,0.1284606141314249
A1_LCD_plus_7R_plus_10D,3,3076,2326,2.563049221869586,6.569221313726291,29.804884,0.17415731008680765
A1_LCD_plus_7R_plus_10D,3,3076,2327,4.815943131398685,23.193308244866166,136.88586,0.5357673744118658
A1_LCD_plus_7R_plus_10D,3,3076,2328,3.7760459508697144,14.258523023079565,99.20366,0.47288450447084657
A1_LCD_plus_7R_plus_10D,3,3076,2329,3.962833196454243,15.704046942919753,74.73053,0.5213058359659173
A1_LCD_plus_7R_plus_10D,3,3076,2330,3.5590765527129404,12.667025908071029,64.84663,0.23462275916693498
A1_LCD_plus_7R_plus_10D,3,3076,2331,3.703513620318491,13.716013135884577,61.649666,0.37295722553801075
A1_LCD_plus_7R_plus_10D,3,3076,2332,3.7449028357098246,14.024297248907489,73.60192,0.4716657647848314
A1_LCD_plus_7R_plus_10D,3,3076,2333,3.653730585807335,13.349747193664012,63.73473,0.32507185355581913
A1_LCD_plus_7R_plus_10D,3,3076,2334,4.634377100219316,21.477451107037194,141.59067,0.7038378234023401
A1_LCD_plus_7R_plus_10D,3,3076,2335,4.247123920549868,18.038061596506875,117.238785,0.6448496965171675
A1_LCD_plus_7R_plus_10D,3,3076,2336,3.0531943379757767,9.321995665447346,41.624783,0.2601804982928583
A1_LCD_plus_7R_plus_10D,3,3076,2337,2.9265452252948347,8.564666955695998,44.530968,0.32497454825552363
A1_LCD_plus_7R_plus_10D,3,3076,2338,4.334790023310862,18.790404546195383,50.86023,0.24038894776771438
A1_LCD_plus_7R_plus_10D,3,3076,2339,3.054118929343251,9.327642434572766,34.033092,0.4633973720759137
A1_LCD_plus_7R_plus_10D,3,3076,2340,3.986869231802897,15.895126271496622,95.01344,0.25266820181628447
A1_LCD_plus_7R_plus_10D,3,3076,2341,4.117463771498546,16.953507909603022,99.81898,0.6211579110217906
A1_LCD_plus_7R_plus_10D,3,3076,2342,3.4562016009418057,11.945329506352698,65.58964,0.5334760191205913
A1_LCD_plus_7R_plus_10D,3,3076,2343,3.5501144035059093,12.603312277980116,109.627174,0.4520912822281118
A1_LCD_plus_7R_plus_10D,3,3076,2344,3.4721362010705343,12.055729798784526,101.79581,0.3998448075505725
A1_LCD_plus_7R_plus_10D,3,3076,2345,4.833092918149927,23.358787155470978,176.59872,0.8399325150538473
A1_LCD_plus_7R_plus_10D,3,3076,2346,3.9450318358945182,15.563276186221275,101.07616,0.7915223460810543
A1_LCD_plus_7R_plus_10D,3,3076,2347,3.4402212584778056,11.835122307282612,29.63681,0.21279334297339
A1_LCD_plus_7R_plus_10D,3,3076,2348,3.549601579514611,12.59967137329262,48.402805,0.15870904127670546
A1_LCD_plus_7R_plus_10D,3,3076,2349,2.9381212618790014,8.632556549505454,47.839672,0.17308506262849743
A1_LCD_plus_7R_plus_10D,3,3076,2350,3.4335997330435846,11.789607126756977,16.393568,0.6523848280316499
A1_LCD_plus_7R_plus_10D,3,3076,2351,2.5088269287841687,6.294212558592605,76.88707,0.2122751223061583
A1_LCD_plus_7R_plus_10D,3,3076,2352,3.0290711800237275,9.17527221365034,86.230995,0.22972580614296867
A1_LCD_plus_7R_plus_10D,3,3076,2353,3.155219005084266,9.955406970044947,10.449474,0.22086954681324839
A1_LCD_plus_7R_plus_10D,3,3076,2354,3.0058795175687707,9.035311674139466,21.872026,0.17533816400406269
A1_LCD_plus_7R_plus_10D,3,3076,2355,2.4247683928721466,5.879501759071774,23.428652,0.18544800531041866
A1_LCD_plus_7R_plus_10D,3,3076,2356,3.9129914108494877,15.311501781381864,44.34366,0.2805953940178123
A1_LCD_plus_7R_plus_10D,3,3076,2357,4.088624166677739,16.71684757634124,158.85985,0.6005326459660086
A1_LCD_plus_7R_plus_10D,3,3076,2358,4.935155820964571,24.355762977200484,254.15933,0.7044806565748895
A1_LCD_plus_7R_plus_10D,3,3076,2359,5.3998337176270566,29.158204178022036,123.18056,0.7931499942588993
A1_LCD_plus_7R_plus_10D,3,3076,2360,4.1929912409240115,17.581175546465484,117.32649,0.6748775972369465
A1_LCD_plus_7R_plus_10D,3,3076,2361,3.1738301322117106,10.073197708135007,48.753788,0.4118580850796366
A1_LCD_plus_7R_plus_10D,3,3076,2362,2.4194990267001772,5.8539755402031055,21.032314,0.13416420348306868
A1_LCD_plus_7R_plus_10D,3,3076,2363,2.9747163032560215,8.848937084857173,36.059856,0.4223862568379062
A1_LCD_plus_7R_plus_10D,3,3076,2364,3.7007022339799076,13.695197024583882,36.8515,0.458970089882215
A1_LCD_plus_7R_plus_10D,3,3076,2365,2.5268621795644353,6.385032474513127,38.117332,0.20099901212867402
A1_LCD_plus_7R_plus_10D,3,3076,2366,2.6118162755261016,6.821584257103035,33.703228,0.23366877868520916
A1_LCD_plus_7R_plus_10D,3,3076,2367,2.0826268457790986,4.337334578759798,6.377708,0.06511094264181515
A1_LCD_plus_7R_plus_10D,3,3076,2368,2.800263916725793,7.841478003316479,64.624115,0.11939975488899116
A1_LCD_plus_7R_plus_10D,3,3076,2369,3.5199895195028996,12.390326217410255,59.462677,0.4777460301780074
A1_LCD_plus_7R_plus_10D,3,3076,2370,3.403721794161861,11.585322052052442,112.29671,0.4523875484830118
A1_LCD_plus_7R_plus_10D,3,3076,2371,2.716802227890766,7.381014345472228,92.82226,0.259870123529339
A1_LCD_plus_7R_plus_10D,3,3076,2372,2.843922277066809,8.087893917996865,51.475647,0.3937516958353511
A1_LCD_plus_7R_plus_10D,3,3076,2373,4.099678682369807,16.807365298677436,44.738102,0.29310840111311687
A1_LCD_plus_7R_plus_10D,3,3076,2374,2.633678358831627,6.9362616977780505,23.44566,0.16502928536204786
A1_LCD_plus_7R_plus_10D,3,3076,2375,3.5635063614702083,12.698577588238644,74.54918,0.5482746878046046
A1_LCD_plus_7R_plus_10D,3,3076,2376,3.49717109901742,12.23020569580271,72.19961,0.22518620838235825
A1_LCD_plus_7R_plus_10D,3,3076,2377,2.700807071397143,7.294358836908812,43.258926,0.2838174171593889
A1_LCD_plus_7R_plus_10D,3,3076,2378,2.6100999515193024,6.812621756921065,19.739874,0.20214581327354159
A1_LCD_plus_7R_plus_10D,3,3076,2379,3.417657215707433,11.680380844077082,53.091805,0.5641607534921578
A1_LCD_plus_7R_plus_10D,3,3076,2380,3.397254189253871,11.541336026402977,55.89395,0.47368033661305453
A1_LCD_plus_7R_plus_10D,3,3076,2381,3.6729434166874313,13.490513342187544,111.16769,0.4489946769639751
A1_LCD_plus_7R_plus_10D,3,3076,2382,2.288010520013545,5.234992139692651,44.92486,0.1343989288822404
A1_LCD_plus_7R_plus_10D,3,3076,2383,3.297129906047086,10.871065617350068,58.658817,0.20527048409359244
A1_LCD_plus_7R_plus_10D,3,3076,2384,3.29281008539743,10.842598258495027,110.004974,0.3603986592147842
A1_LCD_plus_7R_plus_10D,3,3076,2385,3.12969359971923,9.794982028123512,103.60586,0.35231299191352344
A1_LCD_plus_7R_plus_10D,3,3076,2386,3.416595627695534,11.67312568318824,41.729427,0.4980316892286084
A1_LCD_plus_7R_plus_10D,3,3076,2387,3.9763000605423047,15.810962171468729,59.324852,0.6345163245118807
A1_LCD_plus_7R_plus_10D,3,3076,2388,2.7125153868113294,7.357739723688217,50.45738,0.3170586184455538
A1_LCD_plus_7R_plus_10D,3,3076,2389,3.620909705832629,13.110987097792929,85.86705,0.44421053140316624
A1_LCD_plus_7R_plus_10D,3,3076,2390,3.4281544318095407,11.752242808335394,59.909515,0.4591955181311048
A1_LCD_plus_7R_plus_10D,3,3076,2391,3.8388328794138378,14.736637876068734,66.729645,0.45581659797957974
A1_LCD_plus_7R_plus_10D,3,3076,2392,3.9934574807299246,15.9477026503978,69.52961,0.5688932709252402
A1_LCD_plus_7R_plus_10D,3,3076,2393,2.7677779686464286,7.660594883724551,29.912018,0.17971217597445374
A1_LCD_plus_7R_plus_10D,3,3076,2394,4.260215858510321,18.14943916110283,87.428925,0.48102515292603487
A1_LCD_plus_7R_plus_10D,3,3076,2395,2.276321702155936,5.181640491706097,41.722733,0.07872227173364528
A1_LCD_plus_7R_plus_10D,3,3076,2396,4.274165425165728,18.26849008168213,165.29698,0.5860033300016815
A1_LCD_plus_7R_plus_10D,3,3076,2397,3.0744978405865697,9.45253697177148,27.183672,0.2373223135981699
A1_LCD_plus_7R_plus_10D,3,3076,2398,4.208117267550941,17.708250937460395,144.79112,0.666183444537291
A1_LCD_plus_7R_plus_10D,3,3076,2399,4.010704171261318,16.08574794937293,170.00444,0.4594167059927114
A1_LCD_plus_7R_plus_10D,3,3076,2400,3.6568262933479936,13.372378539721225,58.785805,0.5036661237262907
A1_LCD_plus_7R_plus_10D,3,3076,2401,3.92166396142948,15.379448226374759,138.59209,0.5283993997826796
A1_LCD_plus_7R_plus_10D,3,3076,2402,4.792969475777965,22.9725563957393,170.16267,0.7486231604909731
A1_LCD_plus_7R_plus_10D,3,3076,2403,4.589424131774661,21.062813861315604,149.70154,0.4337851948038443
A1_LCD_plus_7R_plus_10D,3,3076,2404,2.334928008653418,5.451888805594215,8.894026,0.08907759034600343
A1_LCD_plus_7R_plus_10D,3,3076,2405,3.393303227875416,11.51450679630972,40.715973,0.22053268335280676
A1_LCD_plus_7R_plus_10D,3,3076,2406,2.5097174545302665,6.29868170157388,49.68969,0.2070251945694117
A1_LCD_plus_7R_plus_10D,3,3076,2407,4.244106504350877,18.01244002027343,191.71075,0.6397285880789594
A1_LCD_plus_7R_plus_10D,3,3076,2408,4.860391840283144,23.623408841090974,133.81236,0.3528232668853667
A1_LCD_plus_7R_plus_10D,3,3076,2409,4.075059488254212,16.60610983281068,59.425728,0.3402501803105724
A1_LCD_plus_7R_plus_10D,3,3076,2410,4.1369033007057885,17.11396891939044,123.98895,0.6200915958338487
A1_LCD_plus_7R_plus_10D,3,3076,2411,3.1839639320985738,10.137626320904612,50.366535,0.403711583459061
A1_LCD_plus_7R_plus_10D,3,3076,2412,3.214724388112529,10.334452891525475,90.09856,0.33487546830465786
A1_LCD_plus_7R_plus_10D,3,3076,2413,3.548200227880116,12.589724857128513,79.794106,0.47988075509141787
A1_LCD_plus_7R_plus_10D,3,3076,2414,3.032674419121828,9.197114132395916,45.190033,0.1827378948230877
A1_LCD_plus_7R_plus_10D,3,3076,2415,2.330984713272369,5.43348973350947,30.801079,0.11956608544641638
A1_LCD_plus_7R_plus_10D,3,3076,2416,3.580746280031992,12.821743921962947,122.63463,0.6170324762580313
A1_LCD_plus_7R_plus_10D,3,3076,2417,3.7520125135215237,14.077597901622102,115.51161,0.5415471017090465
A1_LCD_plus_7R_plus_10D,3,3076,2418,3.669621131450982,13.466119248391584,113.88168,0.4026706294629555
A1_LCD_plus_7R_plus_10D,3,3076,2419,3.5978818142417,12.944753549251141,44.34706,0.2642092973974294
A1_LCD_plus_7R_plus_10D,3,3076,2420,4.245774659913743,18.02660246276566,113.20471,0.527147305879412
A1_LCD_plus_7R_plus_10D,3,3076,2421,4.425281930092592,19.583120160804015,104.47011,0.696847133245478
A1_LCD_plus_7R_plus_10D,3,3076,2422,4.921252074694063,24.218721982680627,212.55536,0.5430600610287084
A1_LCD_plus_7R_plus_10D,3,3076,2423,5.620016193000645,31.58458200958947,305.0263,0.7517130828041441
A1_LCD_plus_7R_plus_10D,3,3076,2424,4.7607486537857415,22.664727744522747,204.79932,0.49369623280466923
A1_LCD_plus_7R_plus_10D,3,3076,2425,3.3172532841540394,11.00416935123076,46.580513,0.43091550417100033
A1_LCD_plus_7R_plus_10D,3,3076,2426,2.826321506739027,7.988093259455564,33.16978,0.20397055505422224
A1_LCD_plus_7R_plus_10D,3,3076,2427,3.1529266607441735,9.940946528031402,47.059303,0.356670245261312
A1_LCD_plus_7R_plus_10D,3,3076,2428,2.7113995265306334,7.351687392470543,20.287685,0.20353790852051132
A1_LCD_plus_7R_plus_10D,3,3076,2429,4.921018331117156,24.216421415191082,324.7921,0.7865264730366444
A1_LCD_plus_7R_plus_10D,3,3076,2430,4.449220926879428,19.795566856181836,158.7996,0.648414552117969
A1_LCD_plus_7R_plus_10D,3,3076,2431,4.531008831044577,20.530041027003936,192.32437,0.5451482848534303
A1_LCD_plus_7R_plus_10D,3,3076,2432,3.3034718670283274,10.912926376247622,69.993355,0.3844077571594414
A1_LCD_plus_7R_plus_10D,3,3076,2433,2.447450865348766,5.99001573829642,51.56564,0.11950178307883694
A1_LCD_plus_7R_plus_10D,3,3076,2434,3.268512029022943,10.683170883867678,92.27945,0.25816406016628324
A1_LCD_plus_7R_plus_10D,3,3076,2435,4.231742838801845,17.907647453750698,136.4851,0.7318495817989966
A1_LCD_plus_7R_plus_10D,3,3076,2436,3.4107374537656074,11.633129978519499,60.174282,0.5182282183439936
A1_LCD_plus_7R_plus_10D,3,3076,2437,2.765431769376377,7.647612871076158,25.398916,0.22377172334178583
A1_LCD_plus_7R_plus_10D,3,3076,2438,2.7421595371536682,7.519438927202821,24.73029,0.1388339570027036
A1_LCD_plus_7R_plus_10D,3,3076,2439,4.309671429779666,18.57326783265911,114.88769,0.27352386540847723
A1_LCD_plus_7R_plus_10D,3,3076,2440,2.7991236541698417,7.8350932313331265,2.0253117,0.22888982216948817
A1_LCD_plus_7R_plus_10D,3,3076,2441,2.577391485736595,6.642946870747493,12.9562845,0.35114086395298494
A1_LCD_plus_7R_plus_10D,3,3076,2442,2.1607908207032103,4.669016970835252,8.773162,0.1604391329708379
A1_LCD_plus_7R_plus_10D,3,3076,2443,3.786245772360953,14.335657048721183,120.067566,0.41531832769324245
A1_LCD_plus_7R_plus_10D,3,3076,2444,4.023176668633741,16.18595050703889,83.5079,0.3861603824259252
A1_LCD_plus_7R_plus_10D,3,3076,2445,4.019162911564832,16.153670509698298,218.31403,0.7521147597768505
A1_LCD_plus_7R_plus_10D,3,3076,2446,3.722623728322741,13.857927422671503,86.44096,0.6531587717977889
A1_LCD_plus_7R_plus_10D,3,3076,2447,3.2772924512153003,10.740645810792792,36.66189,0.24361240418718877
A1_LCD_plus_7R_plus_10D,3,3076,2448,3.870331513284919,14.979466022726331,107.60361,0.5466596248017351
A1_LCD_plus_7R_plus_10D,3,3076,2449,4.22813304875605,17.877109077983125,219.41278,0.5862013287534105
A1_LCD_plus_7R_plus_10D,3,3076,2450,3.8201636566468387,14.593650363565349,64.87026,0.4771191949847756
A1_LCD_plus_7R_plus_10D,3,3076,2451,4.548086758765774,20.685093165260557,184.60155,0.8195271423252819
A1_LCD_plus_7R_plus_10D,3,3076,2452,4.078557296699849,16.63462962246358,151.27223,0.7298637017214924
A1_LCD_plus_7R_plus_10D,3,3076,2453,4.538534302312768,20.59829361326964,206.48495,0.6400344152194657
A1_LCD_plus_7R_plus_10D,3,3076,2454,5.188028174066604,26.915636334908868,159.82353,0.46696485778659375
A1_LCD_plus_7R_plus_10D,3,3076,2455,3.386458948389178,11.468104209125139,113.27328,0.5980265782564813
A1_LCD_plus_7R_plus_10D,3,3076,2456,3.7454422900766984,14.028337948294984,143.23636,0.6092087969209243
A1_LCD_plus_7R_plus_10D,3,3076,2457,4.061954248184616,16.499472314345052,115.60976,0.2846848983113729
A1_LCD_plus_7R_plus_10D,3,3076,2458,3.0100876670137793,9.060627763108458,121.22853,0.519628153086855
A1_LCD_plus_7R_plus_10D,3,3076,2459,2.876878914663848,8.27643228963744,31.52613,0.3281038687856539
A1_LCD_plus_7R_plus_10D,3,3076,2460,3.798561657994962,14.429070669589434,23.577244,0.21991826098287742
A1_LCD_plus_7R_plus_10D,3,3076,2461,3.1300325260476902,9.797103614116484,5.888667,0.21489588556460731
A1_LCD_plus_7R_plus_10D,3,3076,2462,3.6560689807175892,13.366840391765349,57.312374,0.6210276044359081
A1_LCD_plus_7R_plus_10D,3,3076,2463,2.5873965906694467,6.694621117407877,71.923134,0.3501516891934041
A1_LCD_plus_7R_plus_10D,3,3076,2464,4.0276380313845825,16.221868111855475,158.66058,0.813337083841901
A1_LCD_plus_7R_plus_10D,3,3076,2465,3.9306129260645886,15.449717974546028,58.300594,0.6392450521097247
A1_LCD_plus_7R_plus_10D,3,3076,2466,3.3654595771217606,11.326318165240583,43.525627,0.4640686772290071
A1_LCD_plus_7R_plus_10D,3,3076,2467,3.4269150587486563,11.743746819878302,43.65464,0.5674701080484266
A1_LCD_plus_7R_plus_10D,3,3076,2468,3.197508844944954,10.224062813501211,59.83756,0.32015285751964156
A1_LCD_plus_7R_plus_10D,3,3076,2469,2.1780608938671575,4.7439492573934,14.027735,0.07299253958677358
A1_LCD_plus_7R_plus_10D,3,3076,2470,3.240257080282243,10.499265946319209,99.51845,0.3743948024111923
A1_LCD_plus_7R_plus_10D,3,3076,2471,3.9872974331579822,15.89854082046823,183.80655,0.5803898762309018
A1_LCD_plus_7R_plus_10D,3,3076,2472,2.416864911719507,5.841236001500938,12.208736,0.18703348633846345
A1_LCD_plus_7R_plus_10D,3,3076,2473,2.8503212733771934,8.124331361466588,33.787926,0.10261312241782891
A1_LCD_plus_7R_plus_10D,3,3076,2474,2.6348439392801026,6.94240258436109,15.974497,0.29337793797595413
A1_LCD_plus_7R_plus_10D,3,3076,2475,2.870576542692967,8.240209687459107,8.921637,0.23887979395002137
A1_LCD_plus_7R_plus_10D,3,3076,2476,3.046905261502269,9.283631672570207,2.3164868,0.21354235744682004
A1_LCD_plus_7R_plus_10D,3,3076,2477,3.3250004133486044,11.055627748768389,101.94072,0.21651133155131735
A1_LCD_plus_7R_plus_10D,3,3076,2478,3.253118256566731,10.582778391207766,26.747715,0.17740210627375017
A1_LCD_plus_7R_plus_10D,3,3076,2479,2.792767117952797,7.799548175118371,38.637615,0.09265531417643666
A1_LCD_plus_7R_plus_10D,3,3076,2480,3.145181188711941,9.89216470982746,19.165493,0.4398970883860684
A1_LCD_plus_7R_plus_10D,3,3076,2481,3.04691144849523,9.2836693749713,43.952953,0.41016861993431775
A1_LCD_plus_7R_plus_10D,3,3076,2482,3.7212684574607633,13.847838932492408,80.82828,0.5845056324689901
A1_LCD_plus_7R_plus_10D,3,3076,2483,4.154489096149139,17.259779650022097,135.99414,0.5925008399147635
A1_LCD_plus_7R_plus_10D,3,3076,2484,4.69928917991635,22.083318796478885,133.3713,0.6603495575455511
A1_LCD_plus_7R_plus_10D,3,3076,2485,3.4269474648843135,11.743968927077027,57.19225,0.4417806206713666
A1_LCD_plus_7R_plus_10D,3,3076,2486,3.0853655636949,9.519480661634349,32.272266,0.3674304359801389
A1_LCD_plus_7R_plus_10D,3,3076,2487,2.3933298036821538,5.728027549193259,0.8078417,0.12271043305355223
A1_LCD_plus_7R_plus_10D,3,3076,2488,3.391747438886384,11.503950689192346,41.5849,0.30516621563213364
A1_LCD_plus_7R_plus_10D,3,3076,2489,4.673837626852461,21.844758162181847,140.84103,0.6550604859455953
A1_LCD_plus_7R_plus_10D,3,3076,2490,5.007092364057262,25.070973942200535,152.1426,0.730878560706439
A1_LCD_plus_7R_plus_10D,3,3076,2491,4.051853717121614,16.41751854495224,128.33252,0.29494181094177413
A1_LCD_plus_7R_plus_10D,3,3076,2492,3.6903221529305372,13.618477592409874,25.08225,0.3649415020866086
A1_LCD_plus_7R_plus_10D,3,3076,2493,2.4562998866058074,6.033409132939702,23.715757,0.12447442212230281
A1_LCD_plus_7R_plus_10D,3,3076,2494,3.096674136972799,9.589390710596229,40.7293,0.1991344374277355
A1_LCD_plus_7R_plus_10D,3,3076,2495,2.6096936558883437,6.810500977583871,9.359116,0.2435447857060405
A1_LCD_plus_7R_plus_10D,3,3076,2496,2.915118217604198,8.497914222607879,52.465973,0.19741182051884143
A1_LCD_plus_7R_plus_10D,3,3076,2497,3.656943821746117,13.3732381154071,151.28958,0.6508863926639604
A1_LCD_plus_7R_plus_10D,3,3076,2498,3.062570021750259,9.379335138123382,15.440392,0.2189794382300561
A1_LCD_plus_7R_plus_10D,3,3076,2499,2.709806646858918,7.343052063360773,6.6029043,0.3305421770118417
A1_LCD_plus_7R_plus_10D,3,3076,2500,3.0251075580139624,9.151275737553197,21.121567,0.08026784223082244
A1_LCD_plus_7R_plus_10D,3,3076,2501,2.86496761034947,8.208039408351556,65.56036,0.0998672375641772
A1_LCD_plus_7R_plus_10D,3,3076,2502,2.4494294703943154,5.999704730436177,26.829433,0.09563910096362646
A1_LCD_plus_7R_plus_10D,3,3076,2503,4.426702344988185,19.595693651123895,115.14665,0.6807607046258592
A1_LCD_plus_7R_plus_10D,3,3076,2504,3.942857507651296,15.546125325642189,100.24072,0.5867710900966142
A1_LCD_plus_7R_plus_10D,3,3076,2505,3.160880525122503,9.99116569409871,72.70574,0.28558691971476446
A1_LCD_plus_7R_plus_10D,3,3076,2506,3.535714087490831,12.501274108481121,107.63374,0.4015141238566868
A1_LCD_plus_7R_plus_10D,3,3076,2507,2.670565353781054,7.131919308815726,54.7321,0.26819720170873923
A1_LCD_plus_7R_plus_10D,3,3076,2508,3.0983359450303265,9.599685628266966,74.599174,0.42203617172425617
A1_LCD_plus_7R_plus_10D,3,3076,2509,4.937901912377931,24.382875296265624,224.04945,0.8092415764144907
A1_LCD_plus_7R_plus_10D,3,3076,2510,4.88085932184512,23.822787719642406,133.93512,0.6328208619387146
A1_LCD_plus_7R_plus_10D,3,3076,2511,4.353350545841099,18.951660974975,121.245636,0.4460619217738886
A1_LCD_plus_7R_plus_10D,3,3076,2512,3.74262450442302,14.007238181107654,105.33407,0.701722611085225
A1_LCD_plus_7R_plus_10D,3,3076,2513,3.474852646635111,12.074600915827036,49.424618,0.21637636148925932
A1_LCD_plus_7R_plus_10D,3,3076,2514,3.1755593062296956,10.084176907382025,72.97889,0.3298061057626484
A1_LCD_plus_7R_plus_10D,3,3076,2515,2.3201894514614656,5.383279090673056,19.250248,0.32528919026023895
A1_LCD_plus_7R_plus_10D,3,3076,2516,2.514015204318117,6.3202724475426635,21.933634,0.29984227783949247
A1_LCD_plus_7R_plus_10D,3,3076,2517,3.042966656783667,9.259646074297164,35.551533,0.2742892649067671
A1_LCD_plus_7R_plus_10D,3,3076,2518,3.1542226439015266,9.949120487301137,22.932604,0.3429367153582037
A1_LCD_plus_7R_plus_10D,3,3076,2519,4.04456956566537,16.35854297150655,76.131676,0.5885839476590733
A1_LCD_plus_7R_plus_10D,3,3076,2520,3.7479839480084642,14.047383674529113,136.23604,0.7374408872805804
A1_LCD_plus_7R_plus_10D,3,3076,2521,3.858083456317116,14.884807955907823,119.637596,0.34987734028873135
A1_LCD_plus_7R_plus_10D,3,3076,2522,3.0624997564419396,9.378904758206941,17.500946,0.1668325337314898
A1_LCD_plus_7R_plus_10D,3,3076,2523,2.313198539088034,5.3508874812390115,41.776062,0.3318647202217605
A1_LCD_plus_7R_plus_10D,3,3076,2524,2.641819951189078,6.979212654500664,48.190025,0.31606638162353595
A1_LCD_plus_7R_plus_10D,3,3076,2525,3.9414364633660175,15.534921394751223,71.97974,0.559706249036604
A1_LCD_plus_7R_plus_10D,3,3076,2526,4.970266783672334,24.70355190087653,84.48632,0.6840860903062592
A1_LCD_plus_7R_plus_10D,3,3076,2527,4.251379874550848,18.07423083773597,148.78775,0.611207711059149
A1_LCD_plus_7R_plus_10D,3,3076,2528,4.582101184296641,20.995651263132682,219.34341,0.6804654269158116
A1_LCD_plus_7R_plus_10D,3,3076,2529,4.390114724368478,19.273107293116915,140.07169,0.7118835805233048
A1_LCD_plus_7R_plus_10D,3,3076,2530,3.426585881203662,11.741490801264279,19.511631,0.3238007491579763
A1_LCD_plus_7R_plus_10D,3,3076,2531,3.920633988527113,15.371370871994019,53.454895,0.7325138758274581
A1_LCD_plus_7R_plus_10D,3,3076,2532,3.398815781011181,11.551948713250644,43.128757,0.3252455479511458
A1_LCD_plus_7R_plus_10D,3,3076,2533,3.5112641112681677,12.328975659079836,109.038475,0.5306026126985587
A1_LCD_plus_7R_plus_10D,3,3076,2534,2.2063898372557125,4.86815611394529,9.690047,0.20671927142932028
A1_LCD_plus_7R_plus_10D,3,3076,2535,4.218315707481276,17.794187407983255,72.054146,0.6055819014271872
A1_LCD_plus_7R_plus_10D,3,3076,2536,3.1197454709866554,9.732811803741749,85.74216,0.35085740146333155
A1_LCD_plus_7R_plus_10D,3,3076,2537,3.3329725303458453,11.108705888039992,65.175156,0.6307797404886363
A1_LCD_plus_7R_plus_10D,3,3076,2538,4.419995563042169,19.536360777312453,159.0424,0.7261140537413184
A1_LCD_plus_7R_plus_10D,3,3076,2539,3.3283415918081958,11.07785775176031,34.999092,0.4090343512574204
A1_LCD_plus_7R_plus_10D,3,3076,2540,2.4896792845181497,6.198502939758805,12.83393,0.052708166281782806
A1_LCD_plus_7R_plus_10D,3,3076,2541,3.488159463191091,12.167256440649558,17.618176,0.5479537399519289
A1_LCD_plus_7R_plus_10D,3,3076,2542,2.5881420913709854,6.698479485126175,28.51159,0.2882769567391932
A1_LCD_plus_7R_plus_10D,3,3076,2543,3.3023654366222726,10.905617476997413,54.574154,0.2900798295801043
A1_LCD_plus_7R_plus_10D,3,3076,2544,3.320179217386885,11.02359003556779,44.645718,0.5627092477978333
A1_LCD_plus_7R_plus_10D,3,3076,2545,2.5102726851119974,6.3014689536193975,20.715988,0.11349146312295658
A1_LCD_plus_7R_plus_10D,3,3076,2546,3.113193054651913,9.69197099553291,76.8739,0.3276164731712724
A1_LCD_plus_7R_plus_10D,3,3076,2547,2.375762694679861,5.644248381432517,20.957935,0.14698150334968868
A1_LCD_plus_7R_plus_10D,3,3076,2548,3.3602254354450203,11.291114977011675,35.70627,0.49595036211335597
A1_LCD_plus_7R_plus_10D,3,3076,2549,4.3889407331270185,19.26280075890152,110.55275,0.67078190049174
A1_LCD_plus_7R_plus_10D,3,3076,2550,4.015984175225161,16.12812889565892,63.980286,0.5331540066926157
A1_LCD_plus_7R_plus_10D,3,3076,2551,2.7010697975464746,7.295778051217753,23.63926,0.16370764963370787
A1_LCD_plus_7R_plus_10D,3,3076,2552,3.106197752822095,9.648464479637031,26.60034,0.365479979869156
A1_LCD_plus_7R_plus_10D,3,3076,2553,3.731805399092361,13.926371536694898,20.514784,0.6460939872437245
A1_LCD_plus_7R_plus_10D,3,3076,2554,2.8547058131878513,8.149345279848513,27.732206,0.2155347215208384
A1_LCD_plus_7R_plus_10D,3,3076,2555,2.817688746952061,7.939369874700278,53.832973,0.3597248884158767
A1_LCD_plus_7R_plus_10D,3,3076,2556,3.5337608913816743,12.487466037458606,43.131668,0.6087350537937616
A1_LCD_plus_7R_plus_10D,3,3076,2557,3.9916110427462117,15.932958716573502,171.3994,0.5083759635406191
A1_LCD_plus_7R_plus_10D,3,3076,2558,4.320364240513576,18.665547170708454,141.13286,0.5171421857543128
A1_LCD_plus_7R_plus_10D,3,3076,2559,4.799933149920463,23.03935824370537,129.01279,0.7729917962452317
A1_LCD_plus_7R_plus_10D,3,3076,2560,3.837908524583145,14.729541843067972,104.025635,0.6149407347577562
A1_LCD_plus_7R_plus_10D,3,3076,2561,3.1778638274658135,10.098818505915665,124.17221,0.6342394077427702
A1_LCD_plus_7R_plus_10D,3,3076,2562,2.967029466679507,8.803263856144481,19.711332,0.32591713545783985
A1_LCD_plus_7R_plus_10D,3,3076,2563,3.2209354396115057,10.374425106145363,98.848114,0.2535966573643882
A1_LCD_plus_7R_plus_10D,3,3076,2564,3.636708608597752,13.22564950384899,33.19495,0.5870924961250599
A1_LCD_plus_7R_plus_10D,3,3076,2565,3.516851916845392,12.368247405019112,89.28493,0.39602472103140585
A1_LCD_plus_7R_plus_10D,3,3076,2566,4.2616140645344505,18.161354435037833,194.45544,0.7415086182423759
A1_LCD_plus_7R_plus_10D,3,3076,2567,4.115648177794424,16.93855992338256,53.61888,0.5227518866829564
A1_LCD_plus_7R_plus_10D,3,3076,2568,3.3162617846591442,10.997592224390651,84.94569,0.5279124778193964
A1_LCD_plus_7R_plus_10D,3,3076,2569,3.0857224747591783,9.521683191233908,28.716059,0.3031926038619769
A1_LCD_plus_7R_plus_10D,3,3076,2570,2.75216607210932,7.574418088469644,46.34127,0.12569219452528316
A1_LCD_plus_7R_plus_10D,3,3076,2571,3.6560780097911487,13.366906413678407,20.724796,0.5108578114445174
A1_LCD_plus_7R_plus_10D,3,3076,2572,2.3969873345809423,5.745548282141452,15.877886,0.13163091559434711
A1_LCD_plus_7R_plus_10D,3,3076,2573,5.381721294288972,28.96292408940336,280.78772,0.676361602135209
A1_LCD_plus_7R_plus_10D,3,3076,2574,5.562098708498415,30.93694204307974,250.06961,0.7039769819707781
A1_LCD_plus_7R_plus_10D,3,3076,2575,5.360619596764546,28.73624246121608,322.60825,0.8499397586272565
A1_LCD_plus_7R_plus_10D,3,3076,2576,4.3928126067150846,19.296802597714976,138.34283,0.5760280991361597
A1_LCD_plus_7R_plus_10D,3,3076,2577,3.1737825363172845,10.072895587832576,82.33871,0.4687462690529176
A1_LCD_plus_7R_plus_10D,3,3076,2578,2.779295909539073,7.724485752780621,61.131443,0.2282123474210323
A1_LCD_plus_7R_plus_10D,3,3076,2579,2.790124495401583,7.784794699839938,34.38303,0.3532270425796761
A1_LCD_plus_7R_plus_10D,3,3076,2580,3.1782282697960094,10.101134934930538,14.72273,0.3218343357902348
A1_LCD_plus_7R_plus_10D,3,3076,2581,3.7427208477498697,14.007959344181504,129.82198,0.416658739436195
A1_LCD_plus_7R_plus_10D,3,3076,2582,2.982381388585252,8.894598746979696,92.78646,0.6630210154608464
A1_LCD_plus_7R_plus_10D,3,3076,2583,4.2011396488309,17.649574348979016,173.77466,0.5502297878074089
A1_LCD_plus_7R_plus_10D,3,3076,2584,2.9733680547574926,8.840917589052358,38.61648,0.40254599812107683
A1_LCD_plus_7R_plus_10D,3,3076,2585,5.05528760835803,25.555932803218248,203.09656,0.7118068187059368
A1_LCD_plus_7R_plus_10D,3,3076,2586,2.859657931443068,8.177643484865246,44.50539,0.1175527679640423
A1_LCD_plus_7R_plus_10D,3,3076,2587,2.9762656391656903,8.858157154878356,64.17227,0.26880359686686933
A1_LCD_plus_7R_plus_10D,3,3076,2588,3.3664345047220303,11.332881274583062,54.13579,0.6829187948075854
A1_LCD_plus_7R_plus_10D,3,3076,2589,4.492054026559503,20.178549377529443,174.29633,0.6480672880252445
A1_LCD_plus_7R_plus_10D,3,3076,2590,3.1187887382797617,9.726843194020667,82.63292,0.14809859566546082
A1_LCD_plus_7R_plus_10D,3,3076,2591,3.5605377735506547,12.677429236881053,40.68102,0.2560845578815146
A1_LCD_plus_7R_plus_10D,3,3076,2592,4.178292154376476,17.458125327324023,71.32392,0.7058890189296518
A1_LCD_plus_7R_plus_10D,3,3076,2593,2.9964197611746797,8.978531385158123,83.295815,0.41442266931869465
A1_LCD_plus_7R_plus_10D,3,3076,2594,3.5328199756024508,12.480816980015698,173.478,0.4851862698978828
A1_LCD_plus_7R_plus_10D,3,3076,2595,3.6048515548436906,12.994954732458973,55.30213,0.31151569176916155
A1_LCD_plus_7R_plus_10D,3,3076,2596,4.139055658090308,17.131781740769398,100.51333,0.7026128733353839
A1_LCD_plus_7R_plus_10D,3,3076,2597,5.199079326316869,27.030425841335475,265.54373,0.6580633515672754
A1_LCD_plus_7R_plus_10D,3,3076,2598,2.8186923123566525,7.945026351738494,71.294785,0.3529998587981553
A1_LCD_plus_7R_plus_10D,3,3076,2599,3.6256760012318088,13.145526465908278,87.56628,0.26757334128903937
A1_LCD_plus_7R_plus_10D,3,3076,2600,2.926828025467871,8.566322290664159,28.412666,0.3110022660282318
A1_LCD_plus_7R_plus_10D,3,3076,2601,2.492943060523842,6.214765103013979,41.114933,0.27180657372755246
A1_LCD_plus_7R_plus_10D,3,3076,2602,3.9048529009632382,15.247876178161018,43.336323,0.3642309327132124
A1_LCD_plus_7R_plus_10D,3,3076,2603,2.890626445441476,8.35572124708562,43.91265,0.29556743803393687
A1_LCD_plus_7R_plus_10D,3,3076,2604,3.339312240923414,11.151006242380953,41.791775,0.41411439133943084
A1_LCD_plus_7R_plus_10D,3,3076,2605,4.019232052190013,16.15422628935155,126.61618,0.6229892496971452
A1_LCD_plus_7R_plus_10D,3,3076,2606,3.9261444495794278,15.414610238963352,79.82551,0.5982770794496878
A1_LCD_plus_7R_plus_10D,3,3076,2607,2.6708339251803164,7.133353855894096,42.77892,0.16362101897396966
A1_LCD_plus_7R_plus_10D,3,3076,2608,2.8885870942331047,8.343935400970052,42.94937,0.31037564932555517
A1_LCD_plus_7R_plus_10D,3,3076,2609,4.117881177513084,16.956945392116545,81.88901,0.5413243291059865
A1_LCD_plus_7R_plus_10D,3,3076,2610,3.69615792727953,13.661583423391306,132.77362,0.4264727400210287
A1_LCD_plus_7R_plus_10D,3,3076,2611,4.3912431898344035,19.28301675226702,86.80046,0.4640102768967923
A1_LCD_plus_7R_plus_10D,3,3076,2612,3.762685296696967,14.157800641979536,105.72805,0.4618057008985974
A1_LCD_plus_7R_plus_10D,3,3076,2613,3.6989451141757077,13.682194957684347,52.744656,0.24912147561316306
A1_LCD_plus_7R_plus_10D,3,3076,2614,2.808421966391243,7.887233941308856,39.859093,0.22458529314691797
A1_LCD_plus_7R_plus_10D,3,3076,2615,3.3177241695689204,11.007293665341775,36.982506,0.3171046430781771
A1_LCD_plus_7R_plus_10D,3,3076,2616,3.3127008521487964,10.97398693582736,58.39777,0.18305289276365366
A1_LCD_plus_7R_plus_10D,3,3076,2617,3.2156655706064017,10.340505061983393,40.552532,0.24753358217652438
A1_LCD_plus_7R_plus_10D,3,3076,2618,2.8671603677420485,8.220608574350718,86.89788,0.2634342922242732
A1_LCD_plus_7R_plus_10D,3,3076,2619,3.3101141692189904,10.956855813264326,46.250397,0.3451702990181309
A1_LCD_plus_7R_plus_10D,3,3076,2620,4.000974281805081,16.00779520366568,126.88345,0.6818016867644606
A1_LCD_plus_7R_plus_10D,3,3076,2621,4.335214947975994,18.79408864515451,131.44243,0.6175231969235948
A1_LCD_plus_7R_plus_10D,3,3076,2622,4.040463743512169,16.32534726263637,166.33125,0.43668705107312333
A1_LCD_plus_7R_plus_10D,3,3076,2623,4.0754355109525155,16.609174603932786,112.10481,0.5708287882160766
A1_LCD_plus_7R_plus_10D,3,3076,2624,2.8899600106558982,8.351868863190239,30.354359,0.16745108576683287
A1_LCD_plus_7R_plus_10D,3,3076,2625,3.0508488222957664,9.30767853650347,44.04211,0.13488969628100778
A1_LCD_plus_7R_plus_10D,3,3076,2626,4.865080447674518,23.669007762344886,82.48595,0.5411065717286516
A1_LCD_plus_7R_plus_10D,3,3076,2627,2.453316170295501,6.018760231433384,37.669426,0.220187147424159
A1_LCD_plus_7R_plus_10D,3,3076,2628,2.825992558099503,7.986233938433774,20.313673,0.22771748798460495
A1_LCD_plus_7R_plus_10D,3,3076,2629,2.9982872217893726,8.989726264345435,15.972517,0.14700370947092334
A1_LCD_plus_7R_plus_10D,3,3076,2630,3.5169404588015465,12.368870190755235,55.49405,0.48161451364346997
A1_LCD_plus_7R_plus_10D,3,3076,2631,2.9585033210044083,8.752741900394112,42.59692,0.024216856049702896
A1_LCD_plus_7R_plus_10D,3,3076,2632,3.0221015552117105,9.133097810013036,32.404896,0.2989030196036837
A1_LCD_plus_7R_plus_10D,3,3076,2633,4.053976552522536,16.4347258884025,185.93884,0.6996724628457697
A1_LCD_plus_7R_plus_10D,3,3076,2634,5.2545359297557575,27.610147837094207,184.72076,0.4819375468590593
A1_LCD_plus_7R_plus_10D,3,3076,2635,3.992321362448812,15.938629861065136,76.99977,0.6574537029418039
A1_LCD_plus_7R_plus_10D,3,3076,2636,4.043978482026415,16.353761963092673,161.51251,0.6510633172426095
A1_LCD_plus_7R_plus_10D,3,3076,2637,2.3309098347119552,5.4331406575569146,12.967213,0.19798353527160992
A1_LCD_plus_7R_plus_10D,3,3076,2638,4.099076456920424,16.802427799679297,29.988346,0.6461081566665539
A1_LCD_plus_7R_plus_10D,3,3076,2639,3.3849606459181674,11.45795857441474,39.18004,0.3980879865001454
A1_LCD_plus_7R_plus_10D,3,3076,2640,3.731951376558691,13.92746107699831,87.95199,0.20428156710515008
A1_LCD_plus_7R_plus_10D,3,3076,2641,5.465084491485281,29.86714849907292,139.41914,0.7953901569191655
A1_LCD_plus_7R_plus_10D,3,3076,2642,4.026138618432656,16.209792174834813,215.2005,0.5722325567837068
A1_LCD_plus_7R_plus_10D,3,3076,2643,3.9901629665849123,15.92140049990571,131.21951,0.681628874027904
A1_LCD_plus_7R_plus_10D,3,3076,2644,2.6869341722016085,7.219615245744744,10.575678,0.07224678645151585
A1_LCD_plus_7R_plus_10D,3,3076,2645,2.94413955880705,8.66795774173257,16.39857,0.43264327025617577
A1_LCD_plus_7R_plus_10D,3,3076,2646,2.532575949623922,6.4139409406135135,28.034721,0.17678986992430334
A1_LCD_plus_7R_plus_10D,3,3076,2647,4.078412991214423,16.633452526906574,126.99276,0.4436967387136178
A1_LCD_plus_7R_plus_10D,3,3076,2648,3.908786396511086,15.27861109355012,10.873714,0.6628552756489267
A1_LCD_plus_7R_plus_10D,3,3076,2649,3.769027487516574,14.205568201655499,51.486847,0.4612069430071632
A1_LCD_plus_7R_plus_10D,3,3076,2650,3.758449721665485,14.125944310287364,105.477684,0.167427705404272
A1_LCD_plus_7R_plus_10D,3,3076,2651,3.712864061895941,13.785359542118425,58.296814,0.42719577372314743
A1_LCD_plus_7R_plus_10D,3,3076,2652,3.902555164719686,15.229936813680295,77.397644,0.5383875888060803
A1_LCD_plus_7R_plus_10D,3,3076,2653,2.7380439539862347,7.496884693960576,11.614166,0.3258322947223606
A1_LCD_plus_7R_plus_10D,3,3076,2654,4.075607490967255,16.610576420428405,153.20566,0.7663054820576154
A1_LCD_plus_7R_plus_10D,3,3076,2655,4.248793844027602,18.052249129046846,169.34723,0.5571089827690657
A1_LCD_plus_7R_plus_10D,3,3076,2656,3.0316684276006285,9.191013454910467,38.961548,0.21789671839838745
A1_LCD_plus_7R_plus_10D,3,3076,2657,2.9718709847693177,8.832017150113757,45.280155,0.5650664080275117
A1_LCD_plus_7R_plus_10D,3,3076,2658,4.2244780409169875,17.846214718189835,102.28047,0.6727501798079714
A1_LCD_plus_7R_plus_10D,3,3076,2659,3.0593372322782444,9.35954430080391,48.855118,0.45281520135686393
A1_LCD_plus_7R_plus_10D,3,3076,2660,3.983017365385695,15.864427332964006,52.978718,0.3670414345418917
A1_LCD_plus_7R_plus_10D,3,3076,2661,3.5694157470783807,12.740728775491114,78.762085,0.5285633496139025
A1_LCD_plus_7R_plus_10D,3,3076,2662,3.286197476253019,10.79909385293171,28.752102,0.38839002521640864
A1_LCD_plus_7R_plus_10D,3,3076,2663,3.5657975165686575,12.714911929167208,50.62709,0.6872833525822581
A1_LCD_plus_7R_plus_10D,3,3076,2664,4.0567888308622315,16.457535618208553,166.86935,0.7020257907941592
A1_LCD_plus_7R_plus_10D,3,3076,2665,3.696054985268478,13.66082245412797,98.20441,0.4316764401197702
A1_LCD_plus_7R_plus_10D,3,3076,2666,3.258392111659019,10.617119153321724,4.5605383,0.2543132422711718
A1_LCD_plus_7R_plus_10D,3,3076,2667,3.362338169688709,11.30531796734562,89.671234,0.4732423748551199
A1_LCD_plus_7R_plus_10D,3,3076,2668,3.3325371986149785,11.105804180152568,29.255383,0.5147537372899204
A1_LCD_plus_7R_plus_10D,3,3076,2669,2.403840296130131,5.778448169298997,10.18119,0.29003390629342085
A1_LCD_plus_7R_plus_10D,3,3076,2670,2.315132883724672,5.359840269303315,17.114597,0.15485931652676851
A1_LCD_plus_7R_plus_10D,3,3076,2671,3.0347064767048346,9.209443399754269,66.33762,0.2264797401886729
A1_LCD_plus_7R_plus_10D,3,3076,2672,3.3344674622944543,11.118673257100424,31.88267,0.3334205191572996
A1_LCD_plus_7R_plus_10D,3,3076,2673,3.6699602749675515,13.4686084198399,86.085236,0.1911605579094772
A1_LCD_plus_7R_plus_10D,3,3076,2674,2.527824964180906,6.389899049536199,64.66995,0.09561522968456229
A1_LCD_plus_7R_plus_10D,3,3076,2675,2.4560761458254063,6.032310034092584,16.889551,0.16226029171033773
A1_LCD_plus_7R_plus_10D,3,3076,2676,2.9444480508280564,8.66977432402514,81.04302,0.35252194401758347
A1_LCD_plus_7R_plus_10D,3,3076,2677,3.2922338139557437,10.83880348575358,28.49292,0.35238604379293936
A1_LCD_plus_7R_plus_10D,3,3076,2678,3.143436771258816,9.881194734902047,7.666466,0.2588267706590411
A1_LCD_plus_7R_plus_10D,3,3076,2679,3.881098770634377,15.062927667419675,93.76019,0.2597167028490094
A1_LCD_plus_7R_plus_10D,3,3076,2680,4.711962792267742,22.20259335571562,250.98192,0.8307909000975602
A1_LCD_plus_7R_plus_10D,3,3076,2681,4.255177439265269,18.106535039632128,142.80118,0.35610264729948
A1_LCD_plus_7R_plus_10D,3,3076,2682,2.967540252321011,8.806295149145448,37.96073,0.21751898749936005
A1_LCD_plus_7R_plus_10D,3,3076,2683,3.2236848980089006,10.392144321650656,73.69748,0.5893794802576608
A1_LCD_plus_7R_plus_10D,3,3076,2684,3.5911519158345766,12.89637208260235,41.987877,0.6017805972625935
A1_LCD_plus_7R_plus_10D,3,3076,2685,4.316089681871025,18.628630141953533,198.7629,0.6659691337714952
A1_LCD_plus_7R_plus_10D,3,3076,2686,2.8829679079352144,8.311503958184346,25.115025,0.27580198205380674
A1_LCD_plus_7R_plus_10D,3,3076,2687,3.0525388488146596,9.317993423522731,41.303402,0.21914948507355914
A1_LCD_plus_7R_plus_10D,3,3076,2688,3.9923666298791463,15.938991307372568,90.92948,0.24510656508662093
A1_LCD_plus_7R_plus_10D,3,3076,2689,4.326484407016835,18.718467324159803,171.68765,0.6770782432835754
A1_LCD_plus_7R_plus_10D,3,3076,2690,3.0232213075358523,9.139867074338788,10.589647,0.29735439433523086
A1_LCD_plus_7R_plus_10D,3,3076,2691,4.472192570123843,20.000506384270903,162.74698,0.6320650840152082
A1_LCD_plus_7R_plus_10D,3,3076,2692,4.085975293756038,16.695194101184736,175.78255,0.5011112089669476
A1_LCD_plus_7R_plus_10D,3,3076,2693,4.520792184781731,20.43756197798358,153.93353,0.6666661251047886
A1_LCD_plus_7R_plus_10D,3,3076,2694,4.302923817216051,18.515153376765156,84.08603,0.6448238059186182
A1_LCD_plus_7R_plus_10D,3,3076,2695,3.533520634107978,12.485768071666845,48.226097,0.6350766028763912
A1_LCD_plus_7R_plus_10D,3,3076,2696,4.7898362974803845,22.9425317566606,95.47297,0.518821452563455
A1_LCD_plus_7R_plus_10D,3,3076,2697,3.7084639603037433,13.75270494487172,77.58099,0.609671658362406
A1_LCD_plus_7R_plus_10D,3,3076,2698,4.049534361233456,16.398728542810453,195.48465,0.6887314534708671
A1_LCD_plus_7R_plus_10D,3,3076,2699,3.8683009678518454,14.963752377883525,43.588676,0.4818155183908096
A1_LCD_plus_7R_plus_10D,3,3076,2700,4.581354400156008,20.98880813982882,180.64127,0.5844193604878205
A1_LCD_plus_7R_plus_10D,3,3076,2701,4.1311788640219955,17.066638806542066,121.81389,0.6805786553836021
A1_LCD_plus_7R_plus_10D,3,3076,2702,3.461001665906675,11.978532531408783,25.24384,0.2761668633168999
A1_LCD_plus_7R_plus_10D,3,3076,2703,3.8930689618505516,15.155985941724126,91.95131,0.4923699383783423
A1_LCD_plus_7R_plus_10D,3,3076,2704,2.5164950704038334,6.332747439366794,42.21512,0.2741084842405481
A1_LCD_plus_7R_plus_10D,3,3076,2705,2.7898090855393893,7.783034733758123,20.541847,0.2339215208594424
A1_LCD_plus_7R_plus_10D,3,3076,2706,3.522350007465245,12.406949575090417,53.227554,0.39209725565799713
A1_LCD_plus_7R_plus_10D,3,3076,2707,2.778693960289514,7.7211401249494225,37.425625,0.09225621157024742
A1_LCD_plus_7R_plus_10D,3,3076,2708,2.6076190714807685,6.799677221950223,12.156702,0.2611812732827071
A1_LCD_plus_7R_plus_10D,3,3076,2709,3.6022428304257,12.976153409353355,87.713936,0.286256215085764
A1_LCD_plus_7R_plus_10D,3,3076,2710,4.615116860809172,21.299303638925103,120.39528,0.5893302852088372
A1_LCD_plus_7R_plus_10D,3,3076,2711,3.8987267348071217,15.200070152699807,67.29424,0.3786502779051957
A1_LCD_plus_7R_plus_10D,3,3076,2712,3.5181146362192632,12.3771305935802,54.619614,0.3122915982165413
A1_LCD_plus_7R_plus_10D,3,3076,2713,3.087374239476315,9.531879694581953,40.314056,0.22635424712242655
A1_LCD_plus_7R_plus_10D,3,3076,2714,3.1026163067706243,9.626227947038986,93.47959,0.2809094362938086
A1_LCD_plus_7R_plus_10D,3,3076,2715,3.6825228340888474,13.560974423585755,80.85307,0.2702224301273086
A1_LCD_plus_7R_plus_10D,3,3076,2716,4.490713608052056,20.16650870954392,191.49158,0.5688620735580148
A1_LCD_plus_7R_plus_10D,3,3076,2717,3.977372016654313,15.819488158864797,125.51789,0.6863762521563035
A1_LCD_plus_7R_plus_10D,3,3076,2718,3.9034720649089274,15.23709416152437,107.78105,0.5771726246214899
A1_LCD_plus_7R_plus_10D,3,3076,2719,3.5015301966174945,12.260713717824151,70.51285,0.19289535656374357
A1_LCD_plus_7R_plus_10D,3,3076,2720,4.366381253198795,19.06528524828588,46.019646,0.5807940721703281
A1_LCD_plus_7R_plus_10D,3,3076,2721,6.115866867771054,37.403827544299716,322.40378,0.7493538009193852
A1_LCD_plus_7R_plus_10D,3,3076,2722,3.608928597379623,13.024365620984453,122.14023,0.5939930681244249
A1_LCD_plus_7R_plus_10D,3,3076,2723,3.1993274504853595,10.235696135429148,12.981489,0.1307677546527838
A1_LCD_plus_7R_plus_10D,3,3076,2724,2.977329106450913,8.864488608119792,86.56774,0.2171939443003822
A1_LCD_plus_7R_plus_10D,3,3076,2725,2.7717225604888363,7.682445952322791,63.4127,0.2742711877486457
A1_LCD_plus_7R_plus_10D,3,3076,2726,3.3296572756041236,11.086617572983474,111.50157,0.29003043001596224
A1_LCD_plus_7R_plus_10D,3,3076,2727,2.987107191105726,8.922809371155537,58.84191,0.20569707457904612
A1_LCD_plus_7R_plus_10D,3,3076,2728,3.6015432310680233,12.971113645251897,57.865837,0.47544109593486256
A1_LCD_plus_7R_plus_10D,3,3076,2729,3.398776844434115,11.551684038261516,105.99893,0.485710222215448
A1_LCD_plus_7R_plus_10D,3,3076,2730,2.8590172486533287,8.17397962809725,46.357555,0.13839407507904766
A1_LCD_plus_7R_plus_10D,3,3076,2731,3.5082639648062353,12.307916046757965,66.637184,0.11910551116015577
A1_LCD_plus_7R_plus_10D,3,3076,2732,3.6548657942925478,13.3580439742897,33.300907,0.22335666765877824
A1_LCD_plus_7R_plus_10D,3,3076,2733,4.428678810288859,19.61319600470154,156.10217,0.6451361944780362
A1_LCD_plus_7R_plus_10D,3,3076,2734,3.9937710566176476,15.950207252676845,62.127678,0.5982244218675836
A1_LCD_plus_7R_plus_10D,3,3076,2735,4.607005638993471,21.224500957717638,194.1267,0.7267450480906336
A1_LCD_plus_7R_plus_10D,3,3076,2736,4.592053636425335,21.08695659980715,102.73418,0.614221691366764
A1_LCD_plus_7R_plus_10D,3,3076,2737,4.354422078116141,18.96099163438529,74.17659,0.4474085182648484
A1_LCD_plus_7R_plus_10D,3,3076,2738,3.715546486628872,13.805285694300153,85.503876,0.3631013458058956
A1_LCD_plus_7R_plus_10D,3,3076,2739,3.062227217708416,9.377235532874227,22.65153,0.41257275967511675
A1_LCD_plus_7R_plus_10D,3,3076,2740,3.626290647951222,13.149983863418493,52.575203,0.511623827957027
A1_LCD_plus_7R_plus_10D,3,3076,2741,3.8695617603253494,14.973508216972213,109.63003,0.5917782330605128
A1_LCD_plus_7R_plus_10D,3,3076,2742,3.1321608441939635,9.81043155390184,65.53165,0.4684430112080943
A1_LCD_plus_7R_plus_10D,3,3076,2743,5.575306170368553,31.084038893349653,261.46838,0.650526499171855
A1_LCD_plus_7R_plus_10D,3,3076,2744,4.88255362940507,23.839329944016622,203.669,0.7295347552677418
A1_LCD_plus_7R_plus_10D,3,3076,2745,3.8049848763233474,14.4779099090494,69.56289,0.5161627050797638
A1_LCD_plus_7R_plus_10D,3,3076,2746,2.850693806122691,8.126455176266274,17.684792,0.17992039909041158
A1_LCD_plus_7R_plus_10D,3,3076,2747,4.441096798249672,19.723340771423484,59.67001,0.2850910504638244
A1_LCD_plus_7R_plus_10D,3,3076,2748,5.860539892781652,34.34592783488518,300.09656,0.9060250058352869
A1_LCD_plus_7R_plus_10D,3,3076,2749,4.934578969785567,24.35006960904999,145.3707,0.8321193199910116
A1_LCD_plus_7R_plus_10D,3,3076,2750,3.2449351055192333,10.529603839031118,73.328835,0.2588061144429856
A1_LCD_plus_7R_plus_10D,3,3076,2751,2.8759285863920145,8.270965234026773,3.4780967,0.33308442328243115
A1_LCD_plus_7R_plus_10D,3,3076,2752,2.995763297755907,8.974597736181344,112.862335,0.6220890666400949
A1_LCD_plus_7R_plus_10D,3,3076,2753,2.732157159002307,7.464682741487559,21.404448,0.3904170886361592
A1_LCD_plus_7R_plus_10D,3,3076,2754,4.602208117567089,21.180319557400416,100.47159,0.5013694275591977
A1_LCD_plus_7R_plus_10D,3,3076,2755,4.912752473483985,24.13513686572301,232.27911,0.7059837384496966
A1_LCD_plus_7R_plus_10D,3,3076,2756,4.929815273445201,24.30307863029357,50.87161,0.6229430233307864
A1_LCD_plus_7R_plus_10D,3,3076,2757,3.237292856354464,10.480065037803643,20.506601,0.3999902586979654
A1_LCD_plus_7R_plus_10D,3,3076,2758,2.6923704428908697,7.24885860175238,92.18908,0.18307177617689535
A1_LCD_plus_7R_plus_10D,3,3076,2759,2.7906674099204944,7.7878245927923615,73.187,0.2381956498480826
A1_LCD_plus_7R_plus_10D,3,3076,2760,3.8277529384281905,14.651692557645648,130.8305,0.5165288882932948
A1_LCD_plus_7R_plus_10D,3,3076,2761,3.308306827056172,10.944894061946478,71.965546,0.2941401576372643
A1_LCD_plus_7R_plus_10D,3,3076,2762,3.4275781812492387,11.748292188575839,50.40768,0.6604987837026344
A1_LCD_plus_7R_plus_10D,3,3076,2763,3.1591844147023393,9.980446166098163,61.886776,0.3713076535538088
A1_LCD_plus_7R_plus_10D,3,3076,2764,3.1653541195776,10.019466702326884,50.667095,0.4298864789933045
A1_LCD_plus_7R_plus_10D,3,3076,2765,2.78664495193212,7.7653900881287665,5.395806,0.3438151985471466
A1_LCD_plus_7R_plus_10D,3,3076,2766,3.8937047679799717,15.160936820189958,152.09155,0.47223074445531404
A1_LCD_plus_7R_plus_10D,3,3076,2767,4.211972914245745,17.74071583033979,115.2689,0.6935334278250791
A1_LCD_plus_7R_plus_10D,3,3076,2768,4.279882603816832,18.317395102453947,112.36434,0.5787504064439597
A1_LCD_plus_7R_plus_10D,3,3076,2769,3.08002278930447,9.48654038263489,48.41168,0.41635974386647046
A1_LCD_plus_7R_plus_10D,3,3076,2770,4.308475421785554,18.562960460130206,84.59989,0.42534027566422994
A1_LCD_plus_7R_plus_10D,3,3076,2771,3.202333472915534,10.254939671755263,92.71227,0.32151588812973514
A1_LCD_plus_7R_plus_10D,3,3076,2772,3.714450159039265,13.797139983986817,109.742294,0.5842384814541491
A1_LCD_plus_7R_plus_10D,3,3076,2773,2.568576641005896,6.5975859607211325,33.113445,0.1382498686726468
A1_LCD_plus_7R_plus_10D,3,3076,2774,3.0013918914097633,9.008353285820276,46.304306,0.36461794600089076
A1_LCD_plus_7R_plus_10D,3,3076,2775,2.672448125784547,7.141978985009338,6.0805254,0.19373599379614503
A1_LCD_plus_7R_plus_10D,3,3076,2776,4.149769646003667,17.220588114893395,149.06981,0.43490451921895645
A1_LCD_plus_7R_plus_10D,3,3076,2777,3.4303461869047935,11.767274962012259,108.18351,0.5378184619039081
A1_LCD_plus_7R_plus_10D,3,3076,2778,3.6070375862537767,13.010720148647472,44.320866,0.32726806789066876
A1_LCD_plus_7R_plus_10D,3,3076,2779,2.922965778014393,8.543728939443286,19.513048,0.19569276883585787
A1_LCD_plus_7R_plus_10D,3,3076,2780,2.6825786638826514,7.196228287918432,32.78389,0.26442684523544474
A1_LCD_plus_7R_plus_10D,3,3076,2781,4.027871421959107,16.223748191834876,59.58803,0.7182345665924583
A1_LCD_plus_7R_plus_10D,3,3076,2782,4.330822295688677,18.756021756834137,111.95296,0.3541936113354995
A1_LCD_plus_7R_plus_10D,3,3076,2783,2.7502668152621816,7.5639675551323835,60.597122,0.37589811488023506
A1_LCD_plus_7R_plus_10D,3,3076,2784,2.4628847199439834,6.065801143733554,4.399199,0.07231909073052425
A1_LCD_plus_7R_plus_10D,3,3076,2785,3.7975379141247485,14.421294209214949,98.82918,0.2454357720175261
A1_LCD_plus_7R_plus_10D,3,3076,2786,4.3338004148648945,18.781826035883135,142.03738,0.6785340966227259
A1_LCD_plus_7R_plus_10D,3,3076,2787,3.5188650887160953,12.382411512584932,165.86404,0.6863965831856058
A1_LCD_plus_7R_plus_10D,3,3076,2788,3.1067617854442244,9.651968791496586,49.29192,0.39962812127089953
A1_LCD_plus_7R_plus_10D,3,3076,2789,4.04830787195812,16.388796626158086,114.27332,0.6491674365256371
A1_LCD_plus_7R_plus_10D,3,3076,2790,4.816116128115259,23.194974559491907,166.16397,0.7474847379919775
A1_LCD_plus_7R_plus_10D,3,3076,2791,3.961331094402821,15.69214403948265,107.00134,0.5479105047689355
A1_LCD_plus_7R_plus_10D,3,3076,2792,3.9545555649727975,15.638509716457326,216.44366,0.6023273568454703
A1_LCD_plus_7R_plus_10D,3,3076,2793,3.0724671801933634,9.440054573365357,33.16186,0.4603058317916052
A1_LCD_plus_7R_plus_10D,3,3076,2794,4.192973424469107,17.581026138304193,134.95654,0.44956819824417155
A1_LCD_plus_7R_plus_10D,3,3076,2795,3.035504892139582,9.214289950203336,14.261272,0.18764550913556466
A1_LCD_plus_7R_plus_10D,3,3076,2796,2.5465520716570573,6.484927453660851,20.588192,0.24464051282065824
A1_LCD_plus_7R_plus_10D,3,3076,2797,3.406296088796065,11.602853044547363,73.26298,0.25325484412456156
A1_LCD_plus_7R_plus_10D,3,3076,2798,3.0946229683812247,9.576691316432619,30.825075,0.5187781583045925
A1_LCD_plus_7R_plus_10D,3,3076,2799,3.762178145394001,14.153984397680244,99.27025,0.5280121011756562
A1_LCD_plus_7R_plus_10D,3,3076,2800,3.0673553856555227,9.408669061909942,70.07085,0.22208743051508645
A1_LCD_plus_7R_plus_10D,3,3076,2801,2.6539986569026373,7.043708870841002,23.946184,0.31182588861135874
A1_LCD_plus_7R_plus_10D,3,3076,2802,3.1787315242854315,10.10433410348598,25.048008,0.18409057608662427
A1_LCD_plus_7R_plus_10D,3,3076,2803,2.7714306473973287,7.680827833333175,25.544971,0.3436243085237674
A1_LCD_plus_7R_plus_10D,3,3076,2804,2.832783975680306,8.02466505287112,9.747089,0.31933871151572435
A1_LCD_plus_7R_plus_10D,3,3076,2805,3.0614859708386044,9.372696349641593,47.403915,0.29281647294798435
A1_LCD_plus_7R_plus_10D,3,3076,2806,3.1258013836412375,9.770634289973474,45.18007,0.5034827240211753
A1_LCD_plus_7R_plus_10D,3,3076,2807,3.2177792857115772,10.35410353155451,96.53228,0.33345459245544085
A1_LCD_plus_7R_plus_10D,3,3076,2808,2.629623951264576,6.9149221250643205,25.646198,0.25438401449066345
A1_LCD_plus_7R_plus_10D,3,3076,2809,2.967208899150614,8.804328651198594,51.63324,0.3619241546798227
A1_LCD_plus_7R_plus_10D,3,3076,2810,4.288002511521829,18.386965538817517,142.24306,0.3206085518824094
A1_LCD_plus_7R_plus_10D,3,3076,2811,2.3940759101590823,5.731599463604038,36.36222,0.1555426353460302
A1_LCD_plus_7R_plus_10D,3,3076,2812,3.792746580689342,14.384926625330701,68.11183,0.46016030233373306
A1_LCD_plus_7R_plus_10D,3,3076,2813,3.5778769161365127,12.801203227022526,32.544994,0.3562448587497814
A1_LCD_plus_7R_plus_10D,3,3076,2814,3.144992186164026,9.890975851032781,33.386433,0.4379129884578533
A1_LCD_plus_7R_plus_10D,3,3076,2815,2.7772757891623296,7.713260809067242,1.099385,0.3191670026625306
A1_LCD_plus_7R_plus_10D,3,3076,2816,2.421770692535931,5.86497328722596,13.715487,0.028335962475567675
A1_LCD_plus_7R_plus_10D,3,3076,2817,3.0909035157687232,9.553684543791453,32.82192,0.23157499665349657
A1_LCD_plus_7R_plus_10D,3,3076,2818,2.474244346489852,6.121885086136996,6.1665626,0.37671898141135596
A1_LCD_plus_7R_plus_10D,3,3076,2819,2.617425888366589,6.850918281091629,39.56415,0.1343566982688237
A1_LCD_plus_7R_plus_10D,3,3076,2820,4.204049207535645,17.674029739381083,116.12189,0.7394474077493203
A1_LCD_plus_7R_plus_10D,3,3076,2821,3.5164788031185825,12.365623172782295,44.96595,0.6729367489141759
A1_LCD_plus_7R_plus_10D,3,3076,2822,3.8377489839324235,14.728317263674347,125.56643,0.6760431135295908
A1_LCD_plus_7R_plus_10D,3,3076,2823,4.368098511032695,19.080284602086042,166.37312,0.46283655506681937
A1_LCD_plus_7R_plus_10D,3,3076,2824,3.07411939343123,9.450210045069994,5.5154104,0.2283319343304675
A1_LCD_plus_7R_plus_10D,3,3076,2825,3.330887644427971,11.094812499802918,20.655483,0.08498409195482146
A1_LCD_plus_7R_plus_10D,3,3076,2826,3.4073224396334143,11.6098462076294,110.14572,0.5923010573670509
A1_LCD_plus_7R_plus_10D,3,3076,2827,4.25191889804043,18.078814315513345,99.941605,0.6013066996269935
A1_LCD_plus_7R_plus_10D,3,3076,2828,3.080441188727935,9.489117917211574,14.49459,0.4354613299030077
A1_LCD_plus_7R_plus_10D,3,3076,2829,3.746048951414086,14.032882746390571,79.27501,0.2697484759271959
A1_LCD_plus_7R_plus_10D,3,3076,2830,3.1648509913410243,10.016281797392262,75.86292,0.6280429108880624
A1_LCD_plus_7R_plus_10D,3,3076,2831,3.510942878848466,12.32671989853675,138.88968,0.4872940027754645
A1_LCD_plus_7R_plus_10D,3,3076,2832,3.6445990496717666,13.283102232868341,54.74958,0.6731406188539986
A1_LCD_plus_7R_plus_10D,3,3076,2833,2.3054483339529805,5.315092020526571,55.912422,0.09447084645191922
A1_LCD_plus_7R_plus_10D,3,3076,2834,4.557568637736556,20.77143188767985,125.248566,0.5717525303436224
A1_LCD_plus_7R_plus_10D,3,3076,2835,3.7958290873167106,14.408318460119606,112.921036,0.6676336743515439
A1_LCD_plus_7R_plus_10D,3,3076,2836,3.404487649818956,11.5905361577698,84.73095,0.5869861816147155
A1_LCD_plus_7R_plus_10D,3,3076,2837,3.063442409290707,9.384679395040852,7.6721554,0.22502243817050538
A1_LCD_plus_7R_plus_10D,3,3076,2838,4.232820482720199,17.916769238935665,102.353226,0.5521934977450876
A1_LCD_plus_7R_plus_10D,3,3076,2839,4.538850625517106,20.60116500075703,181.58182,0.5741751382267712
A1_LCD_plus_7R_plus_10D,3,3076,2840,3.6061389691104964,13.004238264537314,37.047657,0.5201390919974134
A1_LCD_plus_7R_plus_10D,3,3076,2841,2.7962005458918626,7.81873749284595,30.521612,0.3124533960195062
A1_LCD_plus_7R_plus_10D,3,3076,2842,3.9498667408127597,15.601447270178811,129.49129,0.44204223175750434
A1_LCD_plus_7R_plus_10D,3,3076,2843,2.2984235705329112,5.282750909581256,32.37675,0.051962802131082286
A1_LCD_plus_7R_plus_10D,3,3076,2844,2.683575489777901,7.2015774093367035,36.615997,0.1382252026709139
A1_LCD_plus_7R_plus_10D,3,3076,2845,3.756424859556684,14.110727725495458,138.97366,0.5833981370679651
A1_LCD_plus_7R_plus_10D,3,3076,2846,3.004550718160289,9.027325017997507,107.03064,0.3762811570629834
A1_LCD_plus_7R_plus_10D,3,3076,2847,4.193294823679596,17.583721478298095,165.31319,0.6892383255737808
A1_LCD_plus_7R_plus_10D,3,3076,2848,3.912290701297786,15.306018531461119,94.235306,0.3409564028210412
A1_LCD_plus_7R_plus_10D,3,3076,2849,3.2259505738835457,10.406757105139576,66.59287,0.2069532643998204
A1_LCD_plus_7R_plus_10D,3,3076,2850,2.502018747499533,6.260097812839131,18.342556,0.11001997726125526
A1_LCD_plus_7R_plus_10D,3,3076,2851,4.2348023512047055,17.9335509537689,141.27644,0.5419377225842305
A1_LCD_plus_7R_plus_10D,3,3076,2852,4.053676652183708,16.432294400459316,116.06374,0.4014724964402021
A1_LCD_plus_7R_plus_10D,3,3076,2853,3.75127673970716,14.072077177867982,51.471992,0.5800741338530211
A1_LCD_plus_7R_plus_10D,3,3076,2854,3.0750477061612544,9.455918395167595,107.61488,0.4469604521114093
A1_LCD_plus_7R_plus_10D,3,3076,2855,3.721987418093025,13.853190340442783,113.57161,0.4772280062578249
A1_LCD_plus_7R_plus_10D,3,3076,2856,3.2831297285633227,10.778940814576277,27.760715,0.24938034733042136
A1_LCD_plus_7R_plus_10D,3,3076,2857,3.442463608351994,11.85055569482783,98.98485,0.557909151255445
A1_LCD_plus_7R_plus_10D,3,3076,2858,2.8572611605687825,8.163941339694867,26.638573,0.20903102419656233
A1_LCD_plus_7R_plus_10D,3,3076,2859,2.9998097540788042,8.998858560666337,39.57343,0.13404320379034734
A1_LCD_plus_7R_plus_10D,3,3076,2860,3.750147237319867,14.06360430157783,68.3463,0.18419205415623635
A1_LCD_plus_7R_plus_10D,3,3076,2861,3.168790865603113,10.041235549929729,75.619064,0.4674442794401022
A1_LCD_plus_7R_plus_10D,3,3076,2862,4.254035127685617,18.096814867583184,182.78807,0.49461902717410655
A1_LCD_plus_7R_plus_10D,3,3076,2863,3.830463352891479,14.672449497844633,33.64233,0.6517808179204285
A1_LCD_plus_7R_plus_10D,3,3076,2864,2.702471813582756,7.303353903209268,41.468666,0.1450113076284234
A1_LCD_plus_7R_plus_10D,3,3076,2865,2.473164795058295,6.116544103515739,35.29279,0.1975771490412944
A1_LCD_plus_7R_plus_10D,3,3076,2866,2.350400596851742,5.524382965681025,15.792679,0.14615051354789768
A1_LCD_plus_7R_plus_10D,3,3076,2867,2.5391925452759123,6.447498781984765,5.2940564,0.13989339168105525
A1_LCD_plus_7R_plus_10D,3,3076,2868,2.772335967290067,7.685846715530155,75.3228,0.38673754113276415
A1_LCD_plus_7R_plus_10D,3,3076,2869,3.83424511535355,14.701435604612556,104.8037,0.5124500483027081
A1_LCD_plus_7R_plus_10D,3,3076,2870,4.505890433461544,20.303048598360256,130.38297,0.6755706830542582
A1_LCD_plus_7R_plus_10D,3,3076,2871,4.2384718338785214,17.964643486581558,115.5846,0.4236883126242113
A1_LCD_plus_7R_plus_10D,3,3076,2872,4.876791064371554,23.78309108553423,206.92279,0.656080544603942
A1_LCD_plus_7R_plus_10D,3,3076,2873,3.792393964148903,14.382251979313038,107.76437,0.42804308313961403
A1_LCD_plus_7R_plus_10D,3,3076,2874,3.243842795649526,10.522516082887334,46.342937,0.4612214908648121
A1_LCD_plus_7R_plus_10D,3,3076,2875,3.1480476057837716,9.910203728280937,89.29863,0.44722611746168206
A1_LCD_plus_7R_plus_10D,3,3076,2876,5.04594231017237,25.461533797587663,130.50438,0.7215450096292163
A1_LCD_plus_7R_plus_10D,3,3076,2877,3.0671978322766833,9.407702542322784,12.103363,0.5161832840639244
A1_LCD_plus_7R_plus_10D,3,3076,2878,2.6520045131374324,7.033127937701309,28.61665,0.1323276736176541
A1_LCD_plus_7R_plus_10D,3,3076,2879,4.359789053646928,19.007760592299576,197.78912,0.7228499961894311
A1_LCD_plus_7R_plus_10D,3,3076,2880,4.673651784508416,21.843021002838704,159.11713,0.8119443245359106
A1_LCD_plus_7R_plus_10D,3,3076,2881,3.422745243476263,11.715185001739378,89.05443,0.2396841663922717
A1_LCD_plus_7R_plus_10D,3,3076,2882,2.297129794267866,5.276805291713127,6.002274,0.062038959133178175
A1_LCD_plus_7R_plus_10D,3,3076,2883,3.1936254836123785,10.199243729578397,38.046623,0.2746102692137399
A1_LCD_plus_7R_plus_10D,3,3076,2884,2.9068794350797402,8.449948050089509,16.32419,0.06515647424039041
A1_LCD_plus_7R_plus_10D,3,3076,2885,2.6650786435427793,7.10264417626782,35.563736,0.21069357026560728
A1_LCD_plus_7R_plus_10D,3,3076,2886,2.7907060942279815,7.788040504361194,101.47113,0.5601143160195059
A1_LCD_plus_7R_plus_10D,3,3076,2887,2.622213972848701,6.876006119402969,31.783129,0.24152502466000408
A1_LCD_plus_7R_plus_10D,3,3076,2888,3.2588407018577956,10.62004272008501,33.70137,0.6019605966183216
A1_LCD_plus_7R_plus_10D,3,3076,2889,3.11245612808666,9.687383149264207,28.807983,0.5617252492886894
A1_LCD_plus_7R_plus_10D,3,3076,2890,3.4180636515099794,11.683159125773734,59.734005,0.3914297784404197
A1_LCD_plus_7R_plus_10D,3,3076,2891,2.3810178933895125,5.669246208641032,3.0145826,0.12140930093940165
A1_LCD_plus_7R_plus_10D,3,3076,2892,2.761456987093762,7.625644691568958,38.938835,0.20127087424667872
A1_LCD_plus_7R_plus_10D,3,3076,2893,2.1759345666048353,4.734691238145775,10.141107,0.18524746992801405
A1_LCD_plus_7R_plus_10D,3,3076,2894,3.9198126005657183,15.364930823553781,98.9326,0.6126096230843061
A1_LCD_plus_7R_plus_10D,3,3076,2895,4.311448881001789,18.58859145349158,161.3199,0.5208509375791651
A1_LCD_plus_7R_plus_10D,3,3076,2896,5.029116323504226,25.29201099533667,111.8206,0.6656167024092274
A1_LCD_plus_7R_plus_10D,3,3076,2897,3.2053973054184546,10.274571885583889,40.29898,0.27100617525922455
A1_LCD_plus_7R_plus_10D,3,3076,2898,2.951198842658279,8.709574608907564,18.90823,0.5294671283693475
A1_LCD_plus_7R_plus_10D,3,3076,2899,2.886891389763065,8.33414189628812,33.914593,0.3339465968472098
A1_LCD_plus_7R_plus_10D,3,3076,2900,2.6205307389601913,6.867181353835247,1.953001,0.2752509476920112
A1_LCD_plus_7R_plus_10D,3,3076,2901,2.8287893412952343,8.002049137425526,51.101387,0.24298498857858197
A1_LCD_plus_7R_plus_10D,3,3076,2902,5.371333941911737,28.85122831553308,286.93448,0.7861101919153347
A1_LCD_plus_7R_plus_10D,3,3076,2903,4.275162357388211,18.27701318202913,157.16321,0.5146152220406253
A1_LCD_plus_7R_plus_10D,3,3076,2904,3.5155633615601536,12.359185749144123,43.502457,0.6036600210821481
A1_LCD_plus_7R_plus_10D,3,3076,2905,3.811120645885463,14.524640577494427,64.09565,0.23215761696737003
A1_LCD_plus_7R_plus_10D,3,3076,2906,3.148439675156603,9.912672388100214,49.612934,0.21231760852099382
A1_LCD_plus_7R_plus_10D,3,3076,2907,2.632820965210277,6.931746234850776,19.595581,0.29053891361239215
A1_LCD_plus_7R_plus_10D,3,3076,2908,3.2076716117504462,10.289157168829707,27.200512,0.14818174230005968
A1_LCD_plus_7R_plus_10D,3,3076,2909,3.1213476407389913,9.742811094346862,38.701244,0.22656155128422992
A1_LCD_plus_7R_plus_10D,3,3076,2910,2.7224601933530064,7.41178950439169,15.484424,0.04972186677753694
A1_LCD_plus_7R_plus_10D,3,3076,2911,3.0094159385354278,9.056584291111069,27.15931,0.25760671746026137
A1_LCD_plus_7R_plus_10D,3,3076,2912,4.107616174167286,16.872510634280694,77.05513,0.7793796778367019
A1_LCD_plus_7R_plus_10D,3,3076,2913,3.4876912222094103,12.163990061476575,103.242874,0.5071705409942913
A1_LCD_plus_7R_plus_10D,3,3076,2914,3.0679547469517616,9.412346329343846,79.08162,0.4408632761824286
A1_LCD_plus_7R_plus_10D,3,3076,2915,4.0752308767447705,16.60750669877395,138.14612,0.4337055643809443
A1_LCD_plus_7R_plus_10D,3,3076,2916,2.599977255528532,6.759881729265681,3.9983363,0.24309955551714946
A1_LCD_plus_7R_plus_10D,3,3076,2917,3.1687143229743366,10.04075046062271,90.61531,0.5332674752571073
A1_LCD_plus_7R_plus_10D,3,3076,2918,3.0240532321223523,9.144897950709646,51.432274,0.20907313476800815
A1_LCD_plus_7R_plus_10D,3,3076,2919,3.385791499290324,11.463584076666619,144.43423,0.6189003335824883
A1_LCD_plus_7R_plus_10D,3,3076,2920,3.897299939055789,15.188946814964254,108.36485,0.7150040437678902
A1_LCD_plus_7R_plus_10D,3,3076,2921,2.9622429284037817,8.77488316687821,95.9594,0.2719988553996796
A1_LCD_plus_7R_plus_10D,3,3076,2922,2.081342869618413,4.331988140911412,10.035939,0.22769868336397528
A1_LCD_plus_7R_plus_10D,3,3076,2923,3.923862909870717,15.396700135459088,96.982086,0.5243916910872636
A1_LCD_plus_7R_plus_10D,3,3076,2924,4.004487840503654,16.035922864741618,126.16019,0.26413902998863714
A1_LCD_plus_7R_plus_10D,3,3076,2925,2.4974832639493254,6.237422653706972,2.6158192,0.05671724891802093
A1_LCD_plus_7R_plus_10D,3,3076,2926,4.455667035410703,19.852968730445607,92.23123,0.7736322957757433
A1_LCD_plus_7R_plus_10D,3,3076,2927,3.078946472594608,9.47991138110278,38.837368,0.25588908909257074
A1_LCD_plus_7R_plus_10D,3,3076,2928,2.8266678804873284,7.9900513065787235,35.445053,0.27544813478456737
A1_LCD_plus_7R_plus_10D,3,3076,2929,2.523499363844719,6.368049039324702,6.501252,0.26049550315214076
A1_LCD_plus_7R_plus_10D,3,3076,2930,2.805708179424136,7.8719983880875,93.64647,0.4245959954009253
A1_LCD_plus_7R_plus_10D,3,3076,2931,4.64973763292454,21.620060055034703,95.73044,0.778182339778281
A1_LCD_plus_7R_plus_10D,3,3076,2932,2.8220754631926033,7.9641099199537475,78.35498,0.1916245008689541
A1_LCD_plus_7R_plus_10D,3,3076,2933,3.077992870342051,9.474040109876498,39.471024,0.4412699313872589
A1_LCD_plus_7R_plus_10D,3,3076,2934,2.7174945550633027,7.3847766567986985,33.696365,0.25296601933017254
A1_LCD_plus_7R_plus_10D,3,3076,2935,2.958667233655903,8.753711799509073,41.284634,0.24536486810748903
A1_LCD_plus_7R_plus_10D,3,3076,2936,2.8673255489823477,8.221555803846924,125.120346,0.30617734237206345
A1_LCD_plus_7R_plus_10D,3,3076,2937,4.621750488647647,21.36057757931477,184.43266,0.386347926923655
A1_LCD_plus_7R_plus_10D,3,3076,2938,4.913079277192038,24.13834798397385,227.11427,0.7660455592833533
A1_LCD_plus_7R_plus_10D,3,3076,2939,2.9899330745751422,8.939699790438363,32.325455,0.5297311268079143
A1_LCD_plus_7R_plus_10D,3,3076,2940,3.2751101221748895,10.72634631237242,112.86693,0.20813486178764606
A1_LCD_plus_7R_plus_10D,3,3076,2941,4.207768748795416,17.705317843339344,119.341095,0.5419928657707682
A1_LCD_plus_7R_plus_10D,3,3076,2942,2.7096257894985847,7.34207191911583,25.587086,0.3290012926315583
A1_LCD_plus_7R_plus_10D,3,3076,2943,3.0953595586960576,9.581250797611059,68.48367,0.3769436741144452
A1_LCD_plus_7R_plus_10D,3,3076,2944,3.63184889398707,13.190326388755102,27.734877,0.4609145125613353
A1_LCD_plus_7R_plus_10D,3,3076,2945,4.123101948542127,16.99996967807188,140.60995,0.7310251695461931
A1_LCD_plus_7R_plus_10D,3,3076,2946,4.06855485404385,16.553138600363773,116.55524,0.5237296319169931
A1_LCD_plus_7R_plus_10D,3,3076,2947,3.731409486515135,13.923416756055143,36.7929,0.21711170251367076
A1_LCD_plus_7R_plus_10D,3,3076,2948,2.6934322692831145,7.254577389215588,32.273956,0.3586484098040839
A1_LCD_plus_7R_plus_10D,3,3076,2949,3.724861283357666,13.874591580256919,101.73158,0.325696594188351
A1_LCD_plus_7R_plus_10D,3,3076,2950,4.09379657798261,16.759170421902134,190.0615,0.5188098544174704
A1_LCD_plus_7R_plus_10D,3,3076,2951,3.626680642436345,13.152812482222497,74.560104,0.330270382269073
A1_LCD_plus_7R_plus_10D,3,3076,2952,3.568754474328232,12.736008498037775,28.80248,0.5944376783073524
A1_LCD_plus_7R_plus_10D,3,3076,2953,2.9877722459628764,8.92678299374605,20.828062,0.1972754188078386
A1_LCD_plus_7R_plus_10D,3,3076,2954,2.9081527354138625,8.457352332495129,63.666588,0.4815431194965103
A1_LCD_plus_7R_plus_10D,3,3076,2955,2.066708372506022,4.271283496986489,2.3747556,0.13643377180019603
A1_LCD_plus_7R_plus_10D,3,3076,2956,2.6224143421138457,6.877056981724396,68.76661,0.24433216372340844
A1_LCD_plus_7R_plus_10D,3,3076,2957,3.455842738339386,11.942849032133065,83.52759,0.7160518079876625
A1_LCD_plus_7R_plus_10D,3,3076,2958,2.2535390732571443,5.0784383546966705,10.60905,0.12819824537077054
A1_LCD_plus_7R_plus_10D,3,3076,2959,3.4414276017933876,11.843423938385385,99.20908,0.44632553656103335
A1_LCD_plus_7R_plus_10D,3,3076,2960,4.322655960697014,18.68535455454942,94.179596,0.5446012044261532
A1_LCD_plus_7R_plus_10D,3,3076,2961,2.533214478478941,6.417175593975332,41.465935,0.2900631029828823
A1_LCD_plus_7R_plus_10D,3,3076,2962,3.501570995504978,12.26099943656172,53.02776,0.1814550522763262
A1_LCD_plus_7R_plus_10D,3,3076,2963,4.337025375709698,18.809789109549843,133.45792,0.4031456164972641
A1_LCD_plus_7R_plus_10D,3,3076,2964,4.037781000723799,16.303675409806083,195.58757,0.5629232714322148
A1_LCD_plus_7R_plus_10D,3,3076,2965,2.9293960551297342,8.581361247809651,66.96695,0.484845769905741
A1_LCD_plus_7R_plus_10D,3,3076,2966,2.598309186544886,6.75121062888355,7.854998,0.17755606017648615
A1_LCD_plus_7R_plus_10D,3,3076,2967,2.830258193702201,8.010361443018446,52.552505,0.15018853548491107
A1_LCD_plus_7R_plus_10D,3,3076,2968,3.2343072837362272,10.460743605629206,152.47243,0.5476803451165507
A1_LCD_plus_7R_plus_10D,3,3076,2969,3.9966217325342956,15.972985272965438,191.78735,0.6017410418363436
A1_LCD_plus_7R_plus_10D,3,3076,2970,4.266832942292464,18.205863357432165,91.640915,0.4848305203218298
A1_LCD_plus_7R_plus_10D,3,3076,2971,3.8056602515354503,14.483049950116866,72.11902,0.6546231502396991
A1_LCD_plus_7R_plus_10D,3,3076,2972,4.259898937743542,18.146738959788557,54.54763,0.5108107637453483
A1_LCD_plus_7R_plus_10D,3,3076,2973,5.171921431288217,26.748771291418365,279.85886,0.753104056690238
A1_LCD_plus_7R_plus_10D,3,3076,2974,4.107179028529172,16.86891957238983,160.66168,0.6686881939994063
A1_LCD_plus_7R_plus_10D,3,3076,2975,3.8275633947753107,14.650241541023904,61.408474,0.5615340411858122
A1_LCD_plus_7R_plus_10D,3,3076,2976,2.977798569077328,8.867284317998982,5.4326935,0.3460628786400109
A1_LCD_plus_7R_plus_10D,3,3076,2977,3.583916166622739,12.844455089379835,58.66694,0.3025430651294553
A1_LCD_plus_7R_plus_10D,3,3076,2978,4.633355433865746,21.467982576533235,79.64489,0.7303382847430322
A1_LCD_plus_7R_plus_10D,3,3076,2979,3.498636868361157,12.240459936655967,56.854603,0.5633306553574104
A1_LCD_plus_7R_plus_10D,3,3076,2980,5.549615927880469,30.7982369469846,217.68242,0.5840153091117523
A1_LCD_plus_7R_plus_10D,3,3076,2981,4.505395252798602,20.29858638394019,224.77255,0.6387246839743883
A1_LCD_plus_7R_plus_10D,3,3076,2982,3.3754325695153296,11.39354503134486,76.4548,0.5537599861320025
A1_LCD_plus_7R_plus_10D,3,3076,2983,3.827955557093226,14.653243747080909,114.29668,0.3226079721796836
A1_LCD_plus_7R_plus_10D,3,3076,2984,3.838182289129757,14.731643284589339,85.9957,0.6122220481880044
A1_LCD_plus_7R_plus_10D,3,3076,2985,3.820726126972234,14.597948137328245,97.39965,0.6998144989397785
A1_LCD_plus_7R_plus_10D,3,3076,2986,3.5751153724474185,12.781449926309843,137.97841,0.4290804297806445
A1_LCD_plus_7R_plus_10D,3,3076,2987,3.993623008846248,15.94902473678616,156.0657,0.5794408280337036
A1_LCD_plus_7R_plus_10D,3,3076,2988,3.0587746353749337,9.356102270013055,27.293705,0.16879412208151306
A1_LCD_plus_7R_plus_10D,3,3076,2989,2.5415861792972123,6.459660306794602,26.249516,0.1589846570749408
A1_LCD_plus_7R_plus_10D,3,3076,2990,3.692550296831682,13.634927694631745,30.786125,0.23988525102505526
A1_LCD_plus_7R_plus_10D,3,3076,2991,4.139555880667576,17.135922889169507,72.70673,0.5346131786044148
A1_LCD_plus_7R_plus_10D,3,3076,2992,3.0043778927465516,9.02628652242421,53.12111,0.1570606939580048
A1_LCD_plus_7R_plus_10D,3,3076,2993,2.827885807488968,7.996938140197533,6.2796903,0.2741872559005292
A1_LCD_plus_7R_plus_10D,3,3076,2994,2.3714315882276846,5.623687777644077,18.370707,0.15381776611991066
A1_LCD_plus_7R_plus_10D,3,3076,2995,4.382791872822155,19.20886460047593,66.98147,0.668273629821651
A1_LCD_plus_7R_plus_10D,3,3076,2996,3.6311377707923755,13.185161510475023,49.065742,0.3086695529632584
A1_LCD_plus_7R_plus_10D,3,3076,2997,3.5907767881771955,12.89367794251213,70.819916,0.4157269191498175
A1_LCD_plus_7R_plus_10D,3,3076,2998,3.061590174791756,9.373334398381415,3.8875198,0.5905767931408041
A1_LCD_plus_7R_plus_10D,3,3076,2999,3.63368065116749,13.203635074668997,55.25281,0.25287028130045963
A1_LCD_plus_7R_plus_10D,3,3076,3000,3.6545593064822124,13.355803724595752,117.456474,0.6566760185583692
A1_LCD_plus_7R_plus_10D,3,3076,3001,2.6552573476788233,7.05039158240238,42.711277,0.2556576030121603
A1_LCD_plus_7R_plus_10D,3,3076,3002,3.377091517318275,11.404747116343048,80.453476,0.31472697451359627
A1_LCD_plus_7R_plus_10D,3,3076,3003,3.860396893479432,14.902664175185647,107.30796,0.3138030029212948
A1_LCD_plus_7R_plus_10D,3,3076,3004,3.219033705823294,10.362177999226454,31.985079,0.297020529066116
A1_LCD_plus_7R_plus_10D,3,3076,3005,3.13174590814444,9.807832433179446,46.211876,0.22463246565896305
A1_LCD_plus_7R_plus_10D,3,3076,3006,4.770170645476841,22.75452798696894,91.21125,0.5449327428345618
A1_LCD_plus_7R_plus_10D,3,3076,3007,3.590656409561432,12.892813451524598,120.27652,0.4223879487802974
A1_LCD_plus_7R_plus_10D,3,3076,3008,3.0992817090230447,9.605547111884803,116.081406,0.2213820929045785
A1_LCD_plus_7R_plus_10D,3,3076,3009,4.167693814429564,17.369671730834447,104.545456,0.5801573475816749
A1_LCD_plus_7R_plus_10D,3,3076,3010,5.329410452483901,28.402615771044655,214.15744,0.750933229411963
A1_LCD_plus_7R_plus_10D,3,3076,3011,4.726806235512031,22.34269718807542,209.3805,0.8397923356854102
A1_LCD_plus_7R_plus_10D,3,3076,3012,3.6143601341850253,13.063599179586001,76.26274,0.3386151802320516
A1_LCD_plus_7R_plus_10D,3,3076,3013,4.260345962608565,18.150547721115103,155.39972,0.558346435868883
A1_LCD_plus_7R_plus_10D,3,3076,3014,3.754099957822494,14.093266493322846,145.85728,0.4818633508035639
A1_LCD_plus_7R_plus_10D,3,3076,3015,3.4621069721528657,11.986184686629484,109.35076,0.4091737019509374
A1_LCD_plus_7R_plus_10D,3,3076,3016,4.475201462700793,20.027428131759322,166.32956,0.6147984157623357
A1_LCD_plus_7R_plus_10D,3,3076,3017,3.21754358933777,10.352586749288582,29.7584,0.2715403460902285
A1_LCD_plus_7R_plus_10D,3,3076,3018,4.001096809035966,16.008775675277786,112.60582,0.6820505470695386
A1_LCD_plus_7R_plus_10D,3,3076,3019,4.465833357226634,19.94366757451811,233.94283,0.5323568755927393
A1_LCD_plus_7R_plus_10D,3,3076,3020,2.6804063270697474,7.184578078195531,0.27141893,0.4628450826920436
A1_LCD_plus_7R_plus_10D,3,3076,3021,3.4536739860017063,11.927864001584915,29.383802,0.532034402822017
A1_LCD_plus_7R_plus_10D,3,3076,3022,2.6560469014990122,7.054585142962502,10.326271,0.2160472982090304
A1_LCD_plus_7R_plus_10D,3,3076,3023,3.2936462522783256,10.84810563514706,48.490044,0.29829689858576613
A1_LCD_plus_7R_plus_10D,3,3076,3024,2.8091431236967437,7.891285089412699,59.515697,0.17794096777023358
A1_LCD_plus_7R_plus_10D,3,3076,3025,3.341054497207867,11.162645153312912,74.82234,0.45193135785054594
A1_LCD_plus_7R_plus_10D,3,3076,3026,2.599138377187508,6.755520303768911,48.64931,0.20826049226634863
A1_LCD_plus_7R_plus_10D,3,3076,3027,2.690843890131287,7.240640841056878,116.10463,0.3546573213293651
A1_LCD_plus_7R_plus_10D,3,3076,3028,2.7700699197889387,7.673287360519498,39.298225,0.16569766599941016
A1_LCD_plus_7R_plus_10D,3,3076,3029,4.31229612787549,18.59589789448994,164.24255,0.6519902244733365
A1_LCD_plus_7R_plus_10D,3,3076,3030,2.7771069560906105,7.712323045566856,26.758755,0.25539721712503266
A1_LCD_plus_7R_plus_10D,3,3076,3031,3.159029571687049,9.97946783479326,60.070484,0.5417923996078055
A1_LCD_plus_7R_plus_10D,3,3076,3032,4.718328324362129,22.26262217647793,127.256386,0.7659397697605876
A1_LCD_plus_7R_plus_10D,3,3076,3033,3.2848028091131707,10.789929494757777,97.64816,0.6458030115008276
A1_LCD_plus_7R_plus_10D,3,3076,3034,4.636582456184882,21.497896873001437,136.51367,0.529905665021942
A1_LCD_plus_7R_plus_10D,3,3076,3035,5.513849818181752,30.40253981746295,311.9487,0.8110557094251851
A1_LCD_plus_7R_plus_10D,3,3076,3036,3.636814020691566,13.226416221098754,114.98903,0.430784776594657
A1_LCD_plus_7R_plus_10D,3,3076,3037,3.7435401871108414,14.014093132513871,82.188385,0.48875485918988704
A1_LCD_plus_7R_plus_10D,3,3076,3038,3.2813394561993583,10.7671886268107,45.245247,0.24947623322439044
A1_LCD_plus_7R_plus_10D,3,3076,3039,4.106043202571605,16.859590781384487,155.6852,0.6838940078343956
A1_LCD_plus_7R_plus_10D,3,3076,3040,3.645467145041708,13.28943070557854,115.78084,0.34421192637589587
A1_LCD_plus_7R_plus_10D,3,3076,3041,3.312341281448584,10.971604764788449,78.62758,0.6077307269020187
A1_LCD_plus_7R_plus_10D,3,3076,3042,3.335541356720916,11.125836142395608,78.40179,0.423384366621564
A1_LCD_plus_7R_plus_10D,3,3076,3043,3.832214856222916,14.685870704255631,61.78558,0.5069825507462504
A1_LCD_plus_7R_plus_10D,3,3076,3044,2.8671950726653193,8.220807584716285,26.685104,0.2483259714687457
A1_LCD_plus_7R_plus_10D,3,3076,3045,3.3447794590947875,11.187549629982417,63.066174,0.3912434957788229
A1_LCD_plus_7R_plus_10D,3,3076,3046,2.8983130860703405,8.400218744886581,80.02757,0.09628224889804758
A1_LCD_plus_7R_plus_10D,3,3076,3047,2.5866296478383113,6.6906529350761454,40.133728,0.3421785583519311
A1_LCD_plus_7R_plus_10D,3,3076,3048,4.006967281516398,16.055786795142915,196.28058,0.28870503727227725
A1_LCD_plus_7R_plus_10D,3,3076,3049,3.0835712221515825,9.508411482081403,76.34453,0.25924397974639474
A1_LCD_plus_7R_plus_10D,3,3076,3050,3.7191509048432017,13.832083452996008,106.230804,0.5192149114994338
A1_LCD_plus_7R_plus_10D,3,3076,3051,3.7740751169611473,14.243642988465297,122.18182,0.638540291881998
A1_LCD_plus_7R_plus_10D,3,3076,3052,2.979702273753345,8.878625640210853,44.37108,0.09404909252150807
A1_LCD_plus_7R_plus_10D,3,3076,3053,2.495576084599561,6.227899994025275,52.68428,0.1781408808210252
A1_LCD_plus_7R_plus_10D,3,3076,3054,3.0750521486807143,9.45594571710588,24.337894,0.3277492926331582
A1_LCD_plus_7R_plus_10D,3,3076,3055,3.256386806384276,10.604055032793584,74.878654,0.342349362537756
A1_LCD_plus_7R_plus_10D,3,3076,3056,3.2057213086851744,10.276649108958184,68.30231,0.27559078165149004
A1_LCD_plus_7R_plus_10D,3,3076,3057,3.5866886439945396,12.864335428959393,44.216084,0.42653956959475414
A1_LCD_plus_7R_plus_10D,3,3076,3058,3.7835556377286874,14.315293263788535,96.89668,0.48753148745092
A1_LCD_plus_7R_plus_10D,3,3076,3059,4.504277116988648,20.28851234662757,189.27467,0.6099534135568359
A1_LCD_plus_7R_plus_10D,3,3076,3060,4.610319227906779,21.255043383206964,180.41481,0.7305098153486509
A1_LCD_plus_7R_plus_10D,3,3076,3061,3.70088121185485,13.696521744260226,123.534035,0.3688653671556031
A1_LCD_plus_7R_plus_10D,3,3076,3062,3.9344617596010893,15.479989337763303,124.79086,0.6812078259542135
A1_LCD_plus_7R_plus_10D,3,3076,3063,3.407165043665225,11.608773634774257,22.168371,0.5908584940874444
A1_LCD_plus_7R_plus_10D,3,3076,3064,3.6890327927026423,13.608962945635456,161.49767,0.6211104022348306
A1_LCD_plus_7R_plus_10D,3,3076,3065,4.386270117929948,19.239365547445203,109.51341,0.6521944894558009
A1_LCD_plus_7R_plus_10D,3,3076,3066,2.922757076397381,8.542508927630966,3.7511506,0.2725421944720125
A1_LCD_plus_7R_plus_10D,3,3076,3067,3.0019236131913707,9.011545379435937,17.476854,0.23938135343439898
A1_LCD_plus_7R_plus_10D,3,3076,3068,2.628524260632566,6.909139788733977,17.993614,0.1454861387786465
A1_LCD_plus_7R_plus_10D,3,3076,3069,3.27876752286978,10.750316469025632,18.466557,0.45082336105070536
A1_LCD_plus_7R_plus_10D,3,3076,3070,2.368459250717588,5.60959922230972,55.374226,0.16170523302281875
A1_LCD_plus_7R_plus_10D,3,3076,3071,3.741931909538958,14.002054415625874,85.29385,0.19720914418676513
A1_LCD_plus_7R_plus_10D,3,3076,3072,2.1962133601507596,4.823353123304693,36.616745,0.046598939980405506
A1_LCD_plus_7R_plus_10D,3,3076,3073,3.051819792185969,9.313604043978009,34.01758,0.6273168244219747
A1_LCD_plus_7R_plus_10D,3,3076,3074,3.1582384562576986,9.974470146585007,72.03657,0.25919120645844834
A1_LCD_plus_7R_plus_10D,3,3076,3075,3.0267566226410745,9.161255652701602,62.99359,0.3058939477905182
A1_LCD_plus_7R_plus_10D,3,3076,3076,3.3121638721482363,10.970429515963996,86.71869,0.34761978237873925
A1_LCD_plus_7R_plus_10D,3,3076,3077,3.7934830804840742,14.390513881918942,125.56532,0.5043246363588479
A1_LCD_plus_7R_plus_10D,3,3076,3078,3.695725949646177,13.65839029488814,86.19014,0.31306538814586393
A1_LCD_plus_7R_plus_10D,3,3076,3079,2.8231782592386145,7.970335483437573,15.342667,0.3200508846909762
A1_LCD_plus_7R_plus_10D,3,3076,3080,3.429770265781473,11.76332407603872,31.99037,0.4128145876924395
A1_LCD_plus_7R_plus_10D,3,3076,3081,3.60141502715013,12.970190197782772,96.4103,0.48494669983232463
A1_LCD_plus_7R_plus_10D,3,3076,3082,2.9729611957536144,8.838498271456762,35.35483,0.23963270584723095
A1_LCD_plus_7R_plus_10D,3,3076,3083,2.7834061394580885,7.74734973717298,3.6898165,0.15812661059013677
A1_LCD_plus_7R_plus_10D,3,3076,3084,5.19196995382899,26.956552001463013,199.51561,0.7081977527679562
A1_LCD_plus_7R_plus_10D,3,3076,3085,4.648249107511007,21.60621976547688,76.03114,0.5963037322809661
A1_LCD_plus_7R_plus_10D,3,3076,3086,4.248766217598195,18.052014371803676,61.453377,0.38391443905741524
A1_LCD_plus_7R_plus_10D,3,3076,3087,4.195264273034299,17.600242320598,113.140915,0.540305481469737
A1_LCD_plus_7R_plus_10D,3,3076,3088,4.471144249544822,19.99113090023773,81.65703,0.7045884100553056
A1_LCD_plus_7R_plus_10D,3,3076,3089,4.727901368123721,22.35305134670615,230.09969,0.7481314509280316
A1_LCD_plus_7R_plus_10D,3,3076,3090,3.641484328219865,13.260408112670882,84.741905,0.3231504012073421
A1_LCD_plus_7R_plus_10D,3,3076,3091,3.0396853629560767,9.239687105769415,60.562183,0.3290094409667992
A1_LCD_plus_7R_plus_10D,3,3076,3092,3.762416759036549,14.155779868679092,110.12833,0.3104491222175856
A1_LCD_plus_7R_plus_10D,3,3076,3093,4.577770616156998,20.955983814150432,124.19734,0.6550138009208685
A1_LCD_plus_7R_plus_10D,3,3076,3094,3.6349425237679522,13.212807151096527,37.327965,0.39243853643707693
A1_LCD_plus_7R_plus_10D,3,3076,3095,5.1269526401920125,26.285643374771848,216.21454,0.6742636363496436
A1_LCD_plus_7R_plus_10D,3,3076,3096,5.269203925547726,27.76451000900756,242.43565,0.6443331070469448
A1_LCD_plus_7R_plus_10D,3,3076,3097,4.199429518215806,17.635208278462233,139.35669,0.49314762580437
A1_LCD_plus_7R_plus_10D,3,3076,3098,4.414248944315195,19.48559374238781,167.95552,0.7131625243411535
A1_LCD_plus_7R_plus_10D,3,3076,3099,3.2770725317937752,10.739204378637263,40.99435,0.5033646766671951
A1_LCD_plus_7R_plus_10D,3,3076,3100,3.7304256649920946,13.916075642031712,70.31509,0.30612080763830424
A1_LCD_plus_7R_plus_10D,3,3076,3101,3.6637363214717924,13.422963833271666,125.01346,0.5778875281551223
A1_LCD_plus_7R_plus_10D,3,3076,3102,4.250421215367473,18.06608050804591,57.652634,0.29301436677404114
A1_LCD_plus_7R_plus_10D,3,3076,3103,3.99464026067398,15.957150812197483,195.43292,0.5415141414505448
A1_LCD_plus_7R_plus_10D,3,3076,3104,3.158598356862068,9.976743579971751,103.24474,0.43040724642676054
A1_LCD_plus_7R_plus_10D,3,3076,3105,3.2142727254204955,10.331549153382099,47.844475,0.585516139383042
A1_LCD_plus_7R_plus_10D,3,3076,3106,4.555481189102014,20.752408864262307,245.22453,0.634658854769142
A1_LCD_plus_7R_plus_10D,3,3076,3107,4.099546962247352,16.806285295671493,73.47859,0.1860314892335148
A1_LCD_plus_7R_plus_10D,3,3076,3108,3.0223118951124595,9.134369191338267,62.423637,0.10376308262626119
A1_LCD_plus_7R_plus_10D,3,3076,3109,3.2982319481251956,10.878333983633722,107.2711,0.5863294358901439
A1_LCD_plus_7R_plus_10D,3,3076,3110,4.281826313864616,18.33403658210344,166.61981,0.6216428297719927
A1_LCD_plus_7R_plus_10D,3,3076,3111,4.197187800355604,17.61638543145391,120.26728,0.32682677950045885
A1_LCD_plus_7R_plus_10D,3,3076,3112,3.694344230541607,13.648179293736058,54.22441,0.3474492800286581
A1_LCD_plus_7R_plus_10D,3,3076,3113,2.5414669889588697,6.459054455967665,8.619007,0.4396831680696096
A1_LCD_plus_7R_plus_10D,3,3076,3114,3.2451726137452694,10.531145293002302,32.403015,0.24507705310357455
A1_LCD_plus_7R_plus_10D,3,3076,3115,2.489842059128465,6.199313479405074,3.5487971,0.3379948661012072
A1_LCD_plus_7R_plus_10D,3,3076,3116,3.2552696467687157,10.596780473173718,55.760765,0.47015766734514597
A1_LCD_plus_7R_plus_10D,3,3076,3117,3.1839462050380916,10.137513436576464,85.79695,0.29824786681573
A1_LCD_plus_7R_plus_10D,3,3076,3118,4.012510777010403,16.100242735624633,52.95124,0.5128460896209104
A1_LCD_plus_7R_plus_10D,3,3076,3119,3.989921949846462,15.919477165866596,164.65541,0.7618770541692869
A1_LCD_plus_7R_plus_10D,3,3076,3120,3.358324275571947,11.278341939895842,47.994408,0.5973529392365737
A1_LCD_plus_7R_plus_10D,3,3076,3121,3.3289429318346895,11.08186104341214,93.810326,0.2962843528756026
A1_LCD_plus_7R_plus_10D,3,3076,3122,3.592645190423513,12.9070994642732,69.91292,0.633941729197266
A1_LCD_plus_7R_plus_10D,3,3076,3123,2.5619902093251197,6.5637938326777725,51.694336,0.2846361536932291
A1_LCD_plus_7R_plus_10D,3,3076,3124,4.116286920855955,16.9438180148098,74.44335,0.42327768079008926
A1_LCD_plus_7R_plus_10D,3,3076,3125,3.7183988765151983,13.826490204869488,58.9582,0.441449227063068
A1_LCD_plus_7R_plus_10D,3,3076,3126,3.9868959882273827,15.895339620943599,131.83476,0.5113723837145057
A1_LCD_plus_7R_plus_10D,3,3076,3127,2.9850720561691784,8.91065518052209,24.66793,0.33837745886269943
A1_LCD_plus_7R_plus_10D,3,3076,3128,2.8015172994906212,7.848499179345224,24.525875,0.318603795993979
A1_LCD_plus_7R_plus_10D,3,3076,3129,2.695109935620138,7.263617565078382,41.953667,0.1286113743311861
A1_LCD_plus_7R_plus_10D,3,3076,3130,3.1526714537819758,9.939337295491756,52.481346,0.18099619663191535
A1_LCD_plus_7R_plus_10D,3,3076,3131,3.795916109868377,14.408979113158273,59.504166,0.42860057383093975
A1_LCD_plus_7R_plus_10D,3,3076,3132,3.3712707246159956,11.365466298652864,38.7292,0.2682217711674507
A1_LCD_plus_7R_plus_10D,3,3076,3133,5.061363496173357,25.61740044039618,115.93701,0.7821617320145323
A1_LCD_plus_7R_plus_10D,3,3076,3134,4.487642862849532,20.13893846448435,114.817,0.4625481065512079
A1_LCD_plus_7R_plus_10D,3,3076,3135,3.414784101543047,11.660750460151155,62.037647,0.3208491315851193
A1_LCD_plus_7R_plus_10D,3,3076,3136,2.4545613185840804,6.0248712666892175,10.737513,0.12190286844340437
A1_LCD_plus_7R_plus_10D,3,3076,3137,3.968448325317627,15.748582110716278,75.854546,0.35066829183744874
A1_LCD_plus_7R_plus_10D,3,3076,3138,3.4558498844132783,11.94289842359927,98.60484,0.4226243760299403
A1_LCD_plus_7R_plus_10D,3,3076,3139,3.207176341307145,10.285980084240284,36.83123,0.25352722778339504
A1_LCD_plus_7R_plus_10D,3,3076,3140,3.557151234682978,12.653324906406633,111.003944,0.49036418017195105
A1_LCD_plus_7R_plus_10D,3,3076,3141,2.8831291754496786,8.312433842329144,62.780228,0.19480197147019018
A1_LCD_plus_7R_plus_10D,3,3076,3142,3.819360421116924,14.587514026394446,112.7311,0.6849864142654548
A1_LCD_plus_7R_plus_10D,3,3076,3143,4.9312319332312375,24.31704837931949,187.20044,0.7816269533580815
A1_LCD_plus_7R_plus_10D,3,3076,3144,4.244904762068921,18.019216439035404,143.18036,0.5042408828682122
A1_LCD_plus_7R_plus_10D,3,3076,3145,3.3367089915892074,11.133626894552274,56.389954,0.4525253067717764
A1_LCD_plus_7R_plus_10D,3,3076,3146,2.4468963310779603,5.987301655042784,29.193527,0.20075535566484207
A1_LCD_plus_7R_plus_10D,3,3076,3147,4.538935444573994,20.601934970010127,155.28493,0.6474600632370053
A1_LCD_plus_7R_plus_10D,3,3076,3148,4.62157923132515,21.35899459141596,186.96628,0.7823865670642829
A1_LCD_plus_7R_plus_10D,3,3076,3149,3.4462518953742145,11.876652126370365,45.858524,0.34296515768248115
A1_LCD_plus_7R_plus_10D,3,3076,3150,4.185982727564202,17.52245139546584,145.94872,0.6929667661297794
A1_LCD_plus_7R_plus_10D,3,3076,3151,4.0177347900818114,16.142192843433744,78.24429,0.6209636776546782
A1_LCD_plus_7R_plus_10D,3,3076,3152,3.217715391230062,10.353692338958828,25.432407,0.6073784429896668
A1_LCD_plus_7R_plus_10D,3,3076,3153,2.870887097961763,8.241992729243313,22.619377,0.23506524049537575
A1_LCD_plus_7R_plus_10D,3,3076,3154,3.106934140083183,9.653039750814425,110.087204,0.42860919737070247
A1_LCD_plus_7R_plus_10D,3,3076,3155,3.2428384403512247,10.516001150219566,49.711533,0.1922951489146005
A1_LCD_plus_7R_plus_10D,3,3076,3156,3.456468089269115,11.947171652135687,99.61833,0.32094117015331236
A1_LCD_plus_7R_plus_10D,3,3076,3157,2.7074118400891165,7.330078871854736,48.814247,0.17465954492230223
A1_LCD_plus_7R_plus_10D,3,3076,3158,3.5183846645227694,12.379030647549001,71.35105,0.23956840845748034
A1_LCD_plus_7R_plus_10D,3,3076,3159,4.162339971865856,17.325074041392256,112.81801,0.5239803492451105
A1_LCD_plus_7R_plus_10D,3,3076,3160,3.5755130987926207,12.784293919637609,135.82185,0.6889374124442234
A1_LCD_plus_7R_plus_10D,3,3076,3161,2.8706607684432863,8.240693247479397,28.810741,0.3161414167455765
A1_LCD_plus_7R_plus_10D,3,3076,3162,4.63837295824486,21.514503699777176,139.11572,0.7124753721538156
A1_LCD_plus_7R_plus_10D,3,3076,3163,5.095746355709137,25.966630921722953,242.90887,0.5605523751478351
A1_LCD_plus_7R_plus_10D,3,3076,3164,5.380562605973782,28.950453956803376,187.31445,0.7104586914539481
A1_LCD_plus_7R_plus_10D,3,3076,3165,3.6966355430749727,13.665114338325195,154.4619,0.44698108523444513
A1_LCD_plus_7R_plus_10D,3,3076,3166,2.903146777080484,8.4282612092728,44.999924,0.2514655716840529
A1_LCD_plus_7R_plus_10D,3,3076,3167,2.909619050686637,8.465883020118609,60.251873,0.33279323737607924
A1_LCD_plus_7R_plus_10D,3,3076,3168,3.941079266924608,15.532105788183001,121.61053,0.6917703493677042
A1_LCD_plus_7R_plus_10D,3,3076,3169,2.70328536784895,7.307751780026233,21.899248,0.42843149731095836
A1_LCD_plus_7R_plus_10D,3,3076,3170,3.8566102253184904,14.873442430031139,102.65007,0.5274252763617272
A1_LCD_plus_7R_plus_10D,3,3076,3171,3.678966338489082,13.534793319735765,113.49897,0.3753530482036608
A1_LCD_plus_7R_plus_10D,3,3076,3172,3.0433024589644067,9.261689856738805,33.739513,0.25115220327904897
A1_LCD_plus_7R_plus_10D,3,3076,3173,3.4863888139297674,12.154906961894607,50.84715,0.4605271875317115
A1_LCD_plus_7R_plus_10D,3,3076,3174,4.307937806138672,18.558328141558885,150.51746,0.6798887470870953
A1_LCD_plus_7R_plus_10D,3,3076,3175,3.4345668467983623,11.796249425126444,90.06814,0.5953187593271899
A1_LCD_plus_7R_plus_10D,3,3076,3176,4.047035820131521,16.378498929427614,141.4155,0.6459952732958123
A1_LCD_plus_7R_plus_10D,3,3076,3177,2.882864130237215,8.310905593408371,28.464539,0.3128261331628486
A1_LCD_plus_7R_plus_10D,3,3076,3178,3.5459874212216373,12.574026791462076,84.0694,0.4668413203793843
A1_LCD_plus_7R_plus_10D,3,3076,3179,3.96180869834593,15.695928162289473,92.77634,0.5827648279745511
A1_LCD_plus_7R_plus_10D,3,3076,3180,4.171489102912346,17.401321335716446,115.85025,0.6568383764322736
A1_LCD_plus_7R_plus_10D,3,3076,3181,4.396232188690842,19.32685745688147,155.69994,0.6656595259403022
A1_LCD_plus_7R_plus_10D,3,3076,3182,3.3599488087234075,11.289255997241845,21.573713,0.32327047609476567
A1_LCD_plus_7R_plus_10D,3,3076,3183,3.0965767639975423,9.58878765532949,17.721981,0.18187117110825424
A1_LCD_plus_7R_plus_10D,3,3076,3184,2.8445915741177807,8.091701223541873,33.402733,0.22845338644441981
A1_LCD_plus_7R_plus_10D,3,3076,3185,4.119140028020027,16.96731457043683,76.43979,0.5566579843354493
A1_LCD_plus_7R_plus_10D,3,3076,3186,4.241274892757067,17.988412715931467,158.07872,0.8029843645301956
A1_LCD_plus_7R_plus_10D,3,3076,3187,4.791502234237219,22.958493660700256,140.08995,0.5054235684440191
A1_LCD_plus_7R_plus_10D,3,3076,3188,3.044292810136904,9.267718713851245,98.75707,0.39024117618585663
A1_LCD_plus_7R_plus_10D,3,3076,3189,3.7070381905542926,13.742132146228043,131.25346,0.40081819656351103
A1_LCD_plus_7R_plus_10D,3,3076,3190,2.664957036569442,7.101996006760984,20.212639,0.09408348071474489
A1_LCD_plus_7R_plus_10D,3,3076,3191,2.9205442781379696,8.52957888056443,59.814556,0.2662019987214792
A1_LCD_plus_7R_plus_10D,3,3076,3192,3.1170786097437437,9.716179059321988,112.64353,0.3515020144822682
A1_LCD_plus_7R_plus_10D,3,3076,3193,3.2603587513068875,10.629939187223407,62.339264,0.2768074677101961
A1_LCD_plus_7R_plus_10D,3,3076,3194,3.714448741867996,13.797129455964738,80.90048,0.2434753659521794
A1_LCD_plus_7R_plus_10D,3,3076,3195,5.153244300231078,26.55592681786409,285.56183,0.5428063039084531
A1_LCD_plus_7R_plus_10D,3,3076,3196,4.0174300260866955,16.13974401450294,61.573067,0.751581064027247
A1_LCD_plus_7R_plus_10D,3,3076,3197,3.479451013432212,12.10657935487445,35.74125,0.3142440357630138
A1_LCD_plus_7R_plus_10D,3,3076,3198,4.474472125114624,20.020900798427782,166.87946,0.6934649366522219
A1_LCD_plus_7R_plus_10D,3,3076,3199,2.932008799243883,8.596675598843555,55.577805,0.47714572450536696
A1_LCD_plus_7R_plus_10D,3,3076,3200,4.023929329127364,16.192007245811403,133.04796,0.5464690398324266
A1_LCD_plus_7R_plus_10D,3,3076,3201,3.8924774671731464,15.151380832450675,63.010967,0.5584828490717314
A1_LCD_plus_7R_plus_10D,3,3076,3202,3.040365420838848,9.243821892232583,27.826906,0.3673642438114675
A1_LCD_plus_7R_plus_10D,3,3076,3203,3.8600150588518214,14.899716254562827,97.345116,0.6563477530424507
A1_LCD_plus_7R_plus_10D,3,3076,3204,2.9206972730157292,8.530472560601515,60.949944,0.2899650858094499
A1_LCD_plus_7R_plus_10D,3,3076,3205,4.169447282528734,17.38429064178624,55.57871,0.4895995025254697
A1_LCD_plus_7R_plus_10D,3,3076,3206,4.1137166331899575,16.922664538183714,153.6172,0.6582461337813157
A1_LCD_plus_7R_plus_10D,3,3076,3207,4.325139589233322,18.706832466353394,125.137184,0.6064667956332443
A1_LCD_plus_7R_plus_10D,3,3076,3208,4.180383882406442,17.475609404283563,83.865616,0.5822045687270283
A1_LCD_plus_7R_plus_10D,3,3076,3209,3.3371312327028986,11.136444864281168,60.035854,0.4465706772636425
A1_LCD_plus_7R_plus_10D,3,3076,3210,3.2465740126747997,10.540242819775353,47.708115,0.3965511707342251
A1_LCD_plus_7R_plus_10D,3,3076,3211,4.82577086488591,23.28806444038171,241.53345,0.7783297582718186
A1_LCD_plus_7R_plus_10D,3,3076,3212,4.498515440350464,20.236641167071532,120.3235,0.8212518344134463
A1_LCD_plus_7R_plus_10D,3,3076,3213,3.5107285520314,12.325214966048494,129.22931,0.6460797849506295
A1_LCD_plus_7R_plus_10D,3,3076,3214,3.3005376843113874,10.893549005559573,80.70092,0.6060164751299816
A1_LCD_plus_7R_plus_10D,3,3076,3215,3.923652738404288,15.395050811587469,78.867874,0.6320300332156982
A1_LCD_plus_7R_plus_10D,3,3076,3216,3.796731272457297,14.415168355255204,147.85255,0.4259164113626883
A1_LCD_plus_7R_plus_10D,3,3076,3217,4.863708110041339,23.65565657968188,219.63301,0.6488096060738837
A1_LCD_plus_7R_plus_10D,3,3076,3218,4.016976715967731,16.1361019366269,168.9418,0.7256839175701091
A1_LCD_plus_7R_plus_10D,3,3076,3219,3.7200270672026843,13.838601380720606,112.16706,0.7249091396406213
A1_LCD_plus_7R_plus_10D,3,3076,3220,3.3766965942670355,11.402079889734592,25.823336,0.4155368593057004
A1_LCD_plus_7R_plus_10D,3,3076,3221,3.9627716403614053,15.703559073652622,126.34271,0.30547212878061525
A1_LCD_plus_7R_plus_10D,3,3076,3222,3.6812133009291337,13.551331366937575,26.546055,0.27418922546800667
A1_LCD_plus_7R_plus_10D,3,3076,3223,3.5123572318938416,12.33665332443697,89.187035,0.4363671791800786
A1_LCD_plus_7R_plus_10D,3,3076,3224,2.6353410570076137,6.945022486750007,11.409647,0.350383108868059
A1_LCD_plus_7R_plus_10D,3,3076,3225,2.4092149500517266,5.804316675552746,27.404827,0.12401411600503115
A1_LCD_plus_7R_plus_10D,3,3076,3226,3.0676732525880444,9.41061918464411,33.18769,0.42819828127903303
A1_LCD_plus_7R_plus_10D,3,3076,3227,2.9842487086651315,8.905740355169506,13.002429,0.5251168250049632
A1_LCD_plus_7R_plus_10D,3,3076,3228,4.171867059804338,17.404474764680486,167.9583,0.6612174637081781
A1_LCD_plus_7R_plus_10D,3,3076,3229,4.710726722523703,22.19094625429891,66.98891,0.7415143528567165
A1_LCD_plus_7R_plus_10D,3,3076,3230,4.035365885993373,16.284177833839085,155.2386,0.4682967046954567
A1_LCD_plus_7R_plus_10D,3,3076,3231,4.565899984657399,20.847442669894445,129.61385,0.8349707141413327
A1_LCD_plus_7R_plus_10D,3,3076,3232,4.219579043278421,17.80484730247444,120.91145,0.5742361172358738
A1_LCD_plus_7R_plus_10D,3,3076,3233,2.768870080399088,7.666641522129251,17.801233,0.29789542613382936
A1_LCD_plus_7R_plus_10D,3,3076,3234,4.5215513141910275,20.44442628686261,173.64563,0.546991010188816
A1_LCD_plus_7R_plus_10D,3,3076,3235,3.950021047211344,15.602666273412606,73.786865,0.30403807068386324
A1_LCD_plus_7R_plus_10D,3,3076,3236,3.3576063584104903,11.273520458038554,108.92165,0.4821943856699896
A1_LCD_plus_7R_plus_10D,3,3076,3237,5.316525532730195,28.26544374017209,115.0175,0.7977646965412113
A1_LCD_plus_7R_plus_10D,3,3076,3238,3.00049434645119,9.002966323085557,7.0165873,0.5337037663127354
A1_LCD_plus_7R_plus_10D,3,3076,3239,4.1451537919105546,17.182299958590452,65.63728,0.3336779422481097
A1_LCD_plus_7R_plus_10D,3,3076,3240,3.690878717907005,13.622585710298855,114.24112,0.4673291525140421
A1_LCD_plus_7R_plus_10D,3,3076,3241,2.4802105621352957,6.151444432527478,12.160298,0.20056229470375073
A1_LCD_plus_7R_plus_10D,3,3076,3242,3.1836163556216728,10.135413099781823,16.81567,0.4459442619558053
A1_LCD_plus_7R_plus_10D,3,3076,3243,2.9844241445270554,8.906787474436046,47.56386,0.19966951225303026
A1_LCD_plus_7R_plus_10D,3,3076,3244,3.0826344691549696,9.50263527042234,37.29769,0.3735537588569225
A1_LCD_plus_7R_plus_10D,3,3076,3245,3.0616276763752492,9.373564028746904,33.981564,0.16308865376409254
A1_LCD_plus_7R_plus_10D,3,3076,3246,2.3896772276502536,5.710557252350202,85.114586,0.21268659175966811
A1_LCD_plus_7R_plus_10D,3,3076,3247,3.4111354405889918,11.635844994042253,60.516335,0.37412891518914365
A1_LCD_plus_7R_plus_10D,3,3076,3248,2.443556466844729,5.970968206658699,4.086672,0.21360293578838577
A1_LCD_plus_7R_plus_10D,3,3076,3249,2.912433654990597,8.482269794721887,3.8010495,0.41752401274489825
A1_LCD_plus_7R_plus_10D,3,3076,3250,2.8270515803863856,7.99222063816516,6.1947765,0.27161152061460625
A1_LCD_plus_7R_plus_10D,3,3076,3251,3.075755241258076,9.460270304126523,26.505938,0.2009553271963705
A1_LCD_plus_7R_plus_10D,3,3076,3252,2.9092832720014727,8.463929156747595,57.331154,0.26013627547973156
A1_LCD_plus_7R_plus_10D,3,3076,3253,3.4388413187151823,11.825629615302775,95.03421,0.3355812610906639
A1_LCD_plus_7R_plus_10D,3,3076,3254,3.6587707395079674,13.386603324279681,101.71631,0.7217856223140947
A1_LCD_plus_7R_plus_10D,3,3076,3255,3.111889602756673,9.683856899745082,38.29274,0.4561293993887404
A1_LCD_plus_7R_plus_10D,3,3076,3256,3.7554495871794638,14.103401601846402,79.67781,0.3525087666028649
A1_LCD_plus_7R_plus_10D,3,3076,3257,3.8382513660406397,14.732173548912835,83.13711,0.6752401540205604
A1_LCD_plus_7R_plus_10D,3,3076,3258,3.444124748953296,11.861995286352604,34.18302,0.5827965083538948
A1_LCD_plus_7R_plus_10D,3,3076,3259,2.868228148675171,8.2267327128526,53.59131,0.2586065845396418
A1_LCD_plus_7R_plus_10D,3,3076,3260,2.1660942848248776,4.691964450750998,48.541363,0.08711493715070176
A1_LCD_plus_7R_plus_10D,3,3076,3261,3.489183450482262,12.174401151119303,74.84349,0.4716294210860966
A1_LCD_plus_7R_plus_10D,3,3076,3262,2.699269262265407,7.286054550210832,32.78102,0.24398059551260595
A1_LCD_plus_7R_plus_10D,3,3076,3263,2.993140298482867,8.958888846402104,14.071435,0.37862626397374793
A1_LCD_plus_7R_plus_10D,3,3076,3264,2.4288720952808456,5.899419655233964,9.735992,0.058662599407142316
A1_LCD_plus_7R_plus_10D,3,3076,3265,3.328794626572388,11.080873665897206,93.04631,0.34247582172483815
A1_LCD_plus_7R_plus_10D,3,3076,3266,3.1225634703949177,9.750402626644755,34.560474,0.2853627339824732
A1_LCD_plus_7R_plus_10D,3,3076,3267,3.756108941653031,14.108354381565851,43.73788,0.40976229332835745
A1_LCD_plus_7R_plus_10D,3,3076,3268,3.6851258584713884,13.580152592774482,21.813856,0.1343740765480351
A1_LCD_plus_7R_plus_10D,3,3076,3269,5.747712909089726,33.036203685316686,254.10481,0.7160969147294501
A1_LCD_plus_7R_plus_10D,3,3076,3270,4.209644252711043,17.721104734383122,125.86003,0.7219848607206764
A1_LCD_plus_7R_plus_10D,3,3076,3271,5.15340696079243,26.557603303543857,224.15259,0.7729541102269557
A1_LCD_plus_7R_plus_10D,3,3076,3272,3.507721299876498,12.304108717607264,32.9791,0.49289601862365606
A1_LCD_plus_7R_plus_10D,3,3076,3273,5.173999906857176,26.77027503615806,170.01675,0.6861420940069353
A1_LCD_plus_7R_plus_10D,3,3076,3274,4.8743565759745415,23.759352029746267,166.46979,0.7485747548348953
A1_LCD_plus_7R_plus_10D,3,3076,3275,3.6768247848389,13.519040498405623,127.06218,0.4086090154048208
A1_LCD_plus_7R_plus_10D,3,3076,3276,3.2831009436966725,10.77875180650198,22.48266,0.3865247781598831
A1_LCD_plus_7R_plus_10D,3,3076,3277,3.264107253985793,10.654396165522671,64.13788,0.08767838084057022
A1_LCD_plus_7R_plus_10D,3,3076,3278,3.288208860635316,10.812317511160602,42.664986,0.4854911216702819
A1_LCD_plus_7R_plus_10D,3,3076,3279,2.5569564905976687,6.538026494809544,45.789616,0.149231060666441
A1_LCD_plus_7R_plus_10D,3,3076,3280,3.2073913446902917,10.287359237994199,73.85207,0.3599475062564754
A1_LCD_plus_7R_plus_10D,3,3076,3281,3.6455414229491705,13.289972266438264,47.52735,0.29753830813222243
A1_LCD_plus_7R_plus_10D,3,3076,3282,2.7536878431750984,7.582796737650326,13.132422,0.357335455002479
A1_LCD_plus_7R_plus_10D,3,3076,3283,2.9676528523767756,8.80696345222001,18.5696,0.34203494467228185
A1_LCD_plus_7R_plus_10D,3,3076,3284,3.018880484783992,9.11363938140963,36.82677,0.23634112444847666
A1_LCD_plus_7R_plus_10D,3,3076,3285,2.112850402372732,4.464136822806616,15.009678,0.08118967861444921
A1_LCD_plus_7R_plus_10D,3,3076,3286,3.6321373443943985,13.192421688544393,120.23258,0.37326405676123886
A1_LCD_plus_7R_plus_10D,3,3076,3287,3.1849107957086935,10.143656776621784,114.707466,0.40975780856220767
A1_LCD_plus_7R_plus_10D,3,3076,3288,2.5060974018784807,6.2805241877020705,29.93475,0.10011240955962061
A1_LCD_plus_7R_plus_10D,3,3076,3289,3.448849602854119,11.894563583107017,4.0007973,0.34481000097139014
A1_LCD_plus_7R_plus_10D,3,3076,3290,3.5900125338544777,12.888189993232245,67.42132,0.6132927294735875
A1_LCD_plus_7R_plus_10D,3,3076,3291,3.4026703030572305,11.578165191307585,20.783075,0.2790802217837097
A1_LCD_plus_7R_plus_10D,3,3076,3292,2.4685194329816724,6.093588191008157,71.05886,0.24852846777251741
A1_LCD_plus_7R_plus_10D,3,3076,3293,4.336247003050271,18.80303807146247,134.2215,0.4508325525086311
A1_LCD_plus_7R_plus_10D,3,3076,3294,3.1556802057279336,9.958317560823097,20.53545,0.5034263533195823
A1_LCD_plus_7R_plus_10D,3,3076,3295,3.807318446695158,14.495673754545228,68.464195,0.38059201242338714
A1_LCD_plus_7R_plus_10D,3,3076,3296,3.2043571779059,10.267904923597065,12.154367,0.24175604627625275
A1_LCD_plus_7R_plus_10D,3,3076,3297,4.1132780734943415,16.91905650988932,115.31449,0.5811359542423149
A1_LCD_plus_7R_plus_10D,3,3076,3298,2.712862580652687,7.359623381505556,45.77998,0.2717415893768482
A1_LCD_plus_7R_plus_10D,3,3076,3299,3.122969767927271,9.752940171387714,51.740314,0.48729148718953086
A1_LCD_plus_7R_plus_10D,3,3076,3300,2.602121800148121,6.771037862806097,12.605891,0.41798189896971594
A1_LCD_plus_7R_plus_10D,3,3076,3301,2.5248688907398935,6.3749629154260985,8.7656975,0.35369078272207227
A1_LCD_plus_7R_plus_10D,3,3076,3302,4.211152454458176,17.73380499468912,89.3423,0.6149660434982342
A1_LCD_plus_7R_plus_10D,3,3076,3303,4.49916437701776,20.2424800914256,137.29732,0.7174568887216639
A1_LCD_plus_7R_plus_10D,3,3076,3304,3.8310429340497394,14.676889962532437,56.683064,0.4021982308872665
A1_LCD_plus_7R_plus_10D,3,3076,3305,2.9613035641210916,8.76931879887628,5.276923,0.5301268890025705
A1_LCD_plus_7R_plus_10D,3,3076,3306,3.078902008554527,9.479637578281102,47.278057,0.252044514076869
A1_LCD_plus_7R_plus_10D,3,3076,3307,2.3597118712259864,5.568240115204847,5.9949923,0.15466119033127426
A1_LCD_plus_7R_plus_10D,3,3076,3308,3.427170143611239,11.745495193260282,73.21681,0.4949872749495057
A1_LCD_plus_7R_plus_10D,3,3076,3309,3.030573402744411,9.18437514942184,56.741993,0.09791920296589038
A1_LCD_plus_7R_plus_10D,3,3076,3310,3.1337448360705795,9.820356697599024,69.94079,0.40203464577523623
A1_LCD_plus_7R_plus_10D,3,3076,3311,3.192839734333963,10.19422556914177,84.74769,0.35556092578057985
A1_LCD_plus_7R_plus_10D,3,3076,3312,3.207060479194191,10.285236917209273,7.9758973,0.4301195107779072
A1_LCD_plus_7R_plus_10D,3,3076,3313,2.867584187735493,8.223039073750629,3.2731225,0.2409838115743318
A1_LCD_plus_7R_plus_10D,3,3076,3314,2.7552274726886994,7.591278426258557,12.3808,0.14963680189504835
A1_LCD_plus_7R_plus_10D,3,3076,3315,2.4468066309409746,5.986862689216724,38.505722,0.19942420674202355
A1_LCD_plus_7R_plus_10D,3,3076,3316,3.3375492350452864,11.139234896351377,121.56346,0.5275696890808781
A1_LCD_plus_7R_plus_10D,3,3076,3317,4.051413992609238,16.413955339509922,125.698,0.3481914972710407
A1_LCD_plus_7R_plus_10D,3,3076,3318,3.2891002641862523,10.818180547870082,39.92072,0.6213288200161022
A1_LCD_plus_7R_plus_10D,3,3076,3319,5.130600849648712,26.323065078416082,261.91812,0.8792642537689696
A1_LCD_plus_7R_plus_10D,3,3076,3320,4.693157181735657,22.025724332476972,164.5612,0.6348483157794389
A1_LCD_plus_7R_plus_10D,3,3076,3321,3.1949073524436145,10.207432990698269,38.94845,0.3189670542715661
A1_LCD_plus_7R_plus_10D,3,3076,3322,2.8767207666824617,8.275522369462127,27.710842,0.2925319528564456
A1_LCD_plus_7R_plus_10D,3,3076,3323,2.824253896728849,7.976410073188088,2.4607768,0.23722958168186886
A1_LCD_plus_7R_plus_10D,3,3076,3324,4.127479435445102,17.036086490022214,145.48615,0.5159179422729676
A1_LCD_plus_7R_plus_10D,3,3076,3325,3.709745774363352,13.762213710406746,10.654609,0.24156339098019292
A1_LCD_plus_7R_plus_10D,3,3076,3326,3.6177617715213475,13.088200235481281,25.274006,0.44674149695898147
A1_LCD_plus_7R_plus_10D,3,3076,3327,5.2490089752052755,27.55209522178553,246.34583,0.8489630865290122
A1_LCD_plus_7R_plus_10D,3,3076,3328,4.111991103296317,16.908470833588066,84.834625,0.5120263545872723
A1_LCD_plus_7R_plus_10D,3,3076,3329,3.7185314595031813,13.82747621531486,30.051458,0.6551668242934947
A1_LCD_plus_7R_plus_10D,3,3076,3330,3.360021172292217,11.289742278251964,119.6054,0.36794209280975776
A1_LCD_plus_7R_plus_10D,3,3076,3331,3.5224316314440776,12.40752459819779,137.82442,0.42930055020871444
A1_LCD_plus_7R_plus_10D,3,3076,3332,3.690530091262421,13.620012354513413,161.32016,0.46663675615654415
A1_LCD_plus_7R_plus_10D,3,3076,3333,3.433445223347376,11.788546101726912,46.940903,0.3968894771747554
A1_LCD_plus_7R_plus_10D,3,3076,3334,3.3605652359019955,11.293398704753033,26.88856,0.33658759053604304
A1_LCD_plus_7R_plus_10D,3,3076,3335,3.416552804641943,11.672833066906728,51.03773,0.45453390430292206
A1_LCD_plus_7R_plus_10D,3,3076,3336,4.367847502570617,19.07809180571238,98.230965,0.6496910530094089
A1_LCD_plus_7R_plus_10D,3,3076,3337,3.3544495886199424,11.252332042592498,94.409904,0.42500298749006893
A1_LCD_plus_7R_plus_10D,3,3076,3338,3.958986256580474,15.673572179793076,125.33021,0.5958654674540729
A1_LCD_plus_7R_plus_10D,3,3076,3339,2.745470705847186,7.537609396665047,39.418736,0.5514501991598477
A1_LCD_plus_7R_plus_10D,3,3076,3340,2.765384002342795,7.647348680413457,65.55397,0.26281712216058184
A1_LCD_plus_7R_plus_10D,3,3076,3341,2.9959598506555913,8.975775426740274,34.467045,0.11430145491341667
A1_LCD_plus_7R_plus_10D,3,3076,3342,2.7386702415986885,7.500314692218219,16.605698,0.15490827818843564
A1_LCD_plus_7R_plus_10D,3,3076,3343,3.6345952714766376,13.21028278744033,133.67157,0.5517002927051131
A1_LCD_plus_7R_plus_10D,3,3076,3344,3.3062799151803093,10.931486877524707,89.34423,0.46702573817470217
A1_LCD_plus_7R_plus_10D,3,3076,3345,4.661426476428724,21.728896795150696,212.6468,0.5470908946409827
A1_LCD_plus_7R_plus_10D,3,3076,3346,3.6077670088922598,13.015982790451407,104.77913,0.45980972967091677
A1_LCD_plus_7R_plus_10D,3,3076,3347,3.114383198533077,9.699382707305121,79.60751,0.4499795101125177
A1_LCD_plus_7R_plus_10D,3,3076,3348,3.149198739687716,9.917452702050698,57.71083,0.15537940156395716
A1_LCD_plus_7R_plus_10D,3,3076,3349,3.6335993798890014,13.203044453529737,44.763016,0.39499147287690983
A1_LCD_plus_7R_plus_10D,3,3076,3350,2.500205921450358,6.251029649655433,88.38907,0.2009364794774712
A1_LCD_plus_7R_plus_10D,3,3076,3351,2.872456174456695,8.251004474174389,103.786606,0.4751219877119055
A1_LCD_plus_7R_plus_10D,3,3076,3352,3.329251556305232,11.083915925160808,55.375603,0.5086623740638033
A1_LCD_plus_7R_plus_10D,3,3076,3353,4.536072597548926,20.575954610234252,106.46778,0.46737332934274256
A1_LCD_plus_7R_plus_10D,3,3076,3354,3.0129343254849097,9.077773249685208,43.502766,0.2627878034528448
A1_LCD_plus_7R_plus_10D,3,3076,3355,2.9825914239827918,8.895851602415698,93.67619,0.26324513096657776
A1_LCD_plus_7R_plus_10D,3,3076,3356,4.232608882678888,17.91497795373223,154.11594,0.6445021471203564
A1_LCD_plus_7R_plus_10D,3,3076,3357,3.6096278776412394,13.029413415044795,76.39366,0.4981703314351677
A1_LCD_plus_7R_plus_10D,3,3076,3358,2.8217985880021357,7.962547271250847,21.43478,0.1616450036097815
A1_LCD_plus_7R_plus_10D,3,3076,3359,3.1092820169506536,9.667634660932727,18.449636,0.2340070492102807
A1_LCD_plus_7R_plus_10D,3,3076,3360,2.640191919525671,6.970613371928646,36.90936,0.11979095430456407
A1_LCD_plus_7R_plus_10D,3,3076,3361,2.91569709722741,8.501289562780345,17.895443,0.3304115510896053
A1_LCD_plus_7R_plus_10D,3,3076,3362,2.658906851081012,7.0697856427255426,26.373482,0.25608713922981285
A1_LCD_plus_7R_plus_10D,3,3076,3363,2.431827491734474,5.913784949555585,21.323936,0.054610277108102956
A1_LCD_plus_7R_plus_10D,3,3076,3364,3.8159063719641675,14.561141439596733,84.14946,0.26523716647455114
A1_LCD_plus_7R_plus_10D,3,3076,3365,3.3041533315100735,10.917429238129118,51.82942,0.20085725538425303
A1_LCD_plus_7R_plus_10D,3,3076,3366,2.992586383730705,8.955573264090416,52.52032,0.2496306640255354
A1_LCD_plus_7R_plus_10D,3,3076,3367,3.7784046582882844,14.276341761774612,83.03784,0.3022210040349644
A1_LCD_plus_7R_plus_10D,3,3076,3368,2.9352737205353363,8.615831814465354,73.56467,0.1101610923901354
A1_LCD_plus_7R_plus_10D,3,3076,3369,3.466328734352394,12.01543489459707,125.28722,0.5000165867357411
A1_LCD_plus_7R_plus_10D,3,3076,3370,4.400020464297113,19.36018008623338,83.436325,0.2934785368398997
A1_LCD_plus_7R_plus_10D,3,3076,3371,4.906480800032652,24.073553841089048,199.47948,0.7885147001121313
A1_LCD_plus_7R_plus_10D,3,3076,3372,3.248865775714699,10.555128828610274,58.191498,0.4661500719432478
A1_LCD_plus_7R_plus_10D,3,3076,3373,3.3175544650298985,11.006167628439808,49.403355,0.2567264452788219
A1_LCD_plus_7R_plus_10D,3,3076,3374,4.027598265934353,16.22154779175741,105.256584,0.5851912128466248
A1_LCD_plus_7R_plus_10D,3,3076,3375,3.493820229321325,12.206779794814913,67.00839,0.5353795710633145
A1_LCD_plus_7R_plus_10D,3,3076,3376,2.4881302097997997,6.190791940918395,25.799107,0.3003746998307399
A1_LCD_plus_7R_plus_10D,3,3076,3377,3.51554643671216,12.359066748679563,59.551155,0.5025986373708025
A1_LCD_plus_7R_plus_10D,3,3076,3378,3.030723745096963,9.185286419094561,35.726406,0.2293403352124238
A1_LCD_plus_7R_plus_10D,3,3076,3379,2.7851135743700324,7.756857622140215,26.917336,0.14205270167774076
A1_LCD_plus_7R_plus_10D,3,3076,3380,3.4183759861189094,11.685294382474426,67.95603,0.2522212199841622
A1_LCD_plus_7R_plus_10D,3,3076,3381,2.741474967447857,7.515684997143229,34.530106,0.16635167721742772
A1_LCD_plus_7R_plus_10D,3,3076,3382,2.9182697692081043,8.51629844587392,38.959896,0.3269225042546326
A1_LCD_plus_7R_plus_10D,3,3076,3383,2.679134503158523,7.177761686014468,11.671468,0.09218856948119855
A1_LCD_plus_7R_plus_10D,3,3076,3384,2.6981145967913913,7.279822377418771,23.376904,0.09246901155924361
A1_LCD_plus_7R_plus_10D,3,3076,3385,3.283211265689734,10.779476215151984,21.681793,0.3972107671985018
A1_LCD_plus_7R_plus_10D,3,3076,3386,2.6443602176515992,6.992640960698412,13.339529,0.2631073750116513
A1_LCD_plus_7R_plus_10D,3,3076,3387,5.214043352202801,27.18624807865023,232.49416,0.6270401698489946
A1_LCD_plus_7R_plus_10D,3,3076,3388,3.5043050256871293,12.280153713056071,109.33825,0.5667730979555431
A1_LCD_plus_7R_plus_10D,3,3076,3389,3.329264429050378,11.084001638540139,64.14121,0.12636625295644913
A1_LCD_plus_7R_plus_10D,3,3076,3390,2.556532344684217,6.535857629416579,22.954836,0.17842644583622236
A1_LCD_plus_7R_plus_10D,3,3076,3391,3.9416269001177633,15.536422619731972,58.01168,0.33083227979119334
A1_LCD_plus_7R_plus_10D,3,3076,3392,4.35459875193266,18.962530290333483,162.81978,0.7967062369244242
A1_LCD_plus_7R_plus_10D,3,3076,3393,3.296411167243789,10.86632658352956,122.03962,0.2843382469294793
A1_LCD_plus_7R_plus_10D,3,3076,3394,2.539298625919591,6.448037511597121,3.2414556,0.13983313715260254
A1_LCD_plus_7R_plus_10D,3,3076,3395,3.2022599882472074,10.254469032329004,97.892944,0.2656418618026592
A1_LCD_plus_7R_plus_10D,3,3076,3396,5.206841282079329,27.111196136765507,177.44466,0.715947462230611
A1_LCD_plus_7R_plus_10D,3,3076,3397,3.344930368697134,11.188559171432344,146.28755,0.5496254861960562
A1_LCD_plus_7R_plus_10D,3,3076,3398,3.8413530564438525,14.755993304250525,159.44081,0.5617889470016919
A1_LCD_plus_7R_plus_10D,3,3076,3399,4.021627067446121,16.173484269615287,121.18418,0.34664991918215027
A1_LCD_plus_7R_plus_10D,3,3076,3400,2.9675845742040283,8.806558205053705,76.56885,0.1693678855839075
A1_LCD_plus_7R_plus_10D,3,3076,3401,3.097409020781563,9.593942642019,42.966393,0.3219863553709424
A1_LCD_plus_7R_plus_10D,3,3076,3402,3.0470034387547553,9.284229955783303,24.818718,0.36606025296668954
A1_LCD_plus_7R_plus_10D,3,3076,3403,3.918250948713458,15.352690497093912,117.44783,0.45895858337006545
A1_LCD_plus_7R_plus_10D,3,3076,3404,4.23886798184397,17.968001767501974,134.90334,0.5851659637160398
A1_LCD_plus_7R_plus_10D,3,3076,3405,3.043732649579302,9.26430844211504,6.9632335,0.27188522110145563
A1_LCD_plus_7R_plus_10D,3,3076,3406,3.5832996373681194,12.840036291162496,54.830788,0.10266679258000258
A1_LCD_plus_7R_plus_10D,3,3076,3407,3.2185935090283917,10.359344176359697,67.92459,0.24298803801397595
A1_LCD_plus_7R_plus_10D,3,3076,3408,5.222356330535842,27.273005643087785,309.21722,0.7592657872288973
A1_LCD_plus_7R_plus_10D,3,3076,3409,3.651994407579054,13.337063152988687,68.44035,0.5985287863182732
A1_LCD_plus_7R_plus_10D,3,3076,3410,2.1312201837935842,4.542099471809161,8.767782,0.11391545853510884
A1_LCD_plus_7R_plus_10D,3,3076,3411,3.0513592633085294,9.310793353778772,92.50569,0.1292151241195676
A1_LCD_plus_7R_plus_10D,3,3076,3412,4.598438116211563,21.14563310862735,177.39249,0.5637246641053071
A1_LCD_plus_7R_plus_10D,3,3076,3413,4.474901369750687,20.024742268996572,108.39775,0.8056503534911654
A1_LCD_plus_7R_plus_10D,3,3076,3414,3.2546988219588333,10.593064421660213,7.9369884,0.43723309002437616
A1_LCD_plus_7R_plus_10D,3,3076,3415,2.8519051869297716,8.133363195236939,60.792152,0.21052659863325074
A1_LCD_plus_7R_plus_10D,3,3076,3416,3.1067811479751013,9.652089101413488,67.46735,0.15497638356246324
A1_LCD_plus_7R_plus_10D,3,3076,3417,2.4205388805725825,5.859008472363568,10.869236,0.1552449576024046
A1_LCD_plus_7R_plus_10D,3,3076,3418,3.1528100606403755,9.940211278475168,64.17078,0.2720470298790982
A1_LCD_plus_7R_plus_10D,3,3076,3419,3.1120697823703045,9.684978330342354,47.88298,0.5765952685681625
A1_LCD_plus_7R_plus_10D,3,3076,3420,4.564485886838952,20.834531411151968,129.14911,0.8151650714098362
A1_LCD_plus_7R_plus_10D,3,3076,3421,3.2625599808576387,10.644297628693794,67.02099,0.4968372796794963
A1_LCD_plus_7R_plus_10D,3,3076,3422,3.9672450765988896,15.739033497798133,94.233376,0.5703632139752013
A1_LCD_plus_7R_plus_10D,3,3076,3423,3.871668276169144,14.98981524069455,85.679985,0.3716968963324065
A1_LCD_plus_7R_plus_10D,3,3076,3424,3.194207159655484,10.202959378794354,28.039398,0.26090567101894613
A1_LCD_plus_7R_plus_10D,3,3076,3425,2.74381464501838,7.528518806217338,24.535242,0.1973505359277839
A1_LCD_plus_7R_plus_10D,3,3076,3426,3.678594368284298,13.532056526372955,69.02724,0.5566242031460151
A1_LCD_plus_7R_plus_10D,3,3076,3427,2.8987850433872837,8.402954727765817,55.33114,0.10877571423384812
A1_LCD_plus_7R_plus_10D,3,3076,3428,3.9055390053062884,15.253234921968831,100.097305,0.4193583544946172
A1_LCD_plus_7R_plus_10D,3,3076,3429,3.646055879863552,13.293723479087582,72.0212,0.39471609365259097
A1_LCD_plus_7R_plus_10D,3,3076,3430,3.3201075833228377,11.023114364837811,54.550957,0.30106644307325203
A1_LCD_plus_7R_plus_10D,3,3076,3431,3.3230204668731482,11.042465023257838,66.925125,0.3482618465268631
A1_LCD_plus_7R_plus_10D,3,3076,3432,3.0916335959444794,9.558198291572593,9.948169,0.47121705076380194
A1_LCD_plus_7R_plus_10D,3,3076,3433,3.274004789521478,10.719107361809577,32.970833,0.5360224224019117
A1_LCD_plus_7R_plus_10D,3,3076,3434,3.671750658686165,13.481752899562292,47.062035,0.45605892341643495
A1_LCD_plus_7R_plus_10D,3,3076,3435,2.8737363222892216,8.25836045004438,64.30281,0.3386004928028118
A1_LCD_plus_7R_plus_10D,3,3076,3436,3.7856459299383207,14.331115106858572,79.68378,0.5459820563829488
A1_LCD_plus_7R_plus_10D,3,3076,3437,3.797182824368441,14.418597401678689,40.22826,0.5360701297174416
A1_LCD_plus_7R_plus_10D,3,3076,3438,3.7200092701301135,13.838468969853981,23.237448,0.17257860081986576
A1_LCD_plus_7R_plus_10D,3,3076,3439,3.305128570262959,10.923874865968468,2.3885784,0.37238282534658806
A1_LCD_plus_7R_plus_10D,3,3076,3440,3.8804009532612174,15.057511558070559,98.21462,0.6182445617977055
A1_LCD_plus_7R_plus_10D,3,3076,3441,3.8879479766629084,15.116139469237199,127.750046,0.578008977909558
A1_LCD_plus_7R_plus_10D,3,3076,3442,4.499688952527991,20.247200669502444,106.09515,0.6808639239573582
A1_LCD_plus_7R_plus_10D,3,3076,3443,4.535798399219188,20.57346711835935,78.043686,0.7730799809196276
A1_LCD_plus_7R_plus_10D,3,3076,3444,3.5064680279088694,12.295318030747117,83.84864,0.4446378394412914
A1_LCD_plus_7R_plus_10D,3,3076,3445,3.1516643996700204,9.93298848814739,31.026731,0.24196050081567988
A1_LCD_plus_7R_plus_10D,3,3076,3446,2.880952318809941,8.299886263256372,42.22951,0.4281994042636613
A1_LCD_plus_7R_plus_10D,3,3076,3447,4.126585772884845,17.02871014097562,153.15044,0.5790304609428223
A1_LCD_plus_7R_plus_10D,3,3076,3448,3.977475128194421,15.820308395405222,74.64253,0.5534602215036113
A1_LCD_plus_7R_plus_10D,3,3076,3449,3.13109643521531,9.803764886618023,73.467514,0.38216654885192725
A1_LCD_plus_7R_plus_10D,3,3076,3450,2.571731085042823,6.613800773775536,5.8524623,0.5568056396496762
A1_LCD_plus_7R_plus_10D,3,3076,3451,3.2388326978312656,10.490037244540952,42.935875,0.32427303678667907
A1_LCD_plus_7R_plus_10D,3,3076,3452,2.3837616282241574,5.682319500193886,27.408493,0.057353806816475665
A1_LCD_plus_7R_plus_10D,3,3076,3453,2.595914893195555,6.738774132714493,38.61615,0.20142693656191438
A1_LCD_plus_7R_plus_10D,3,3076,3454,2.863029770693327,8.196939467876287,57.5273,0.15259843616104884
A1_LCD_plus_7R_plus_10D,3,3076,3455,3.548810508965547,12.594056028544305,35.380814,0.3628138379899796
A1_LCD_plus_7R_plus_10D,3,3076,3456,2.938190969794996,8.632966174984858,82.66416,0.26553251288454244
A1_LCD_plus_7R_plus_10D,3,3076,3457,2.5571482470484557,6.539007157382989,21.317518,0.16822534343737727
A1_LCD_plus_7R_plus_10D,3,3076,3458,3.7496122079304834,14.059591709861312,122.7727,0.5417280257927174
A1_LCD_plus_7R_plus_10D,3,3076,3459,3.3143280200440537,10.984770224449132,90.49102,0.3429690030090221
A1_LCD_plus_7R_plus_10D,3,3076,3460,2.8805414535020333,8.297519065343609,10.57808,0.2538657847851563
A1_LCD_plus_7R_plus_10D,3,3076,3461,3.713209075212011,13.787921636236833,112.126144,0.5682568596859461
A1_LCD_plus_7R_plus_10D,3,3076,3462,4.073748796684938,16.595429258491976,117.48563,0.3110605237763245
A1_LCD_plus_7R_plus_10D,3,3076,3463,2.835177894896091,8.03823369570743,61.526867,0.4594349932898806
A1_LCD_plus_7R_plus_10D,3,3076,3464,3.7894588946347914,14.359998714126736,82.36752,0.4095425437302977
A1_LCD_plus_7R_plus_10D,3,3076,3465,3.9268396093237015,15.420069317353516,158.52893,0.7127225762678783
A1_LCD_plus_7R_plus_10D,3,3076,3466,4.136827267400807,17.113339840310818,77.52256,0.6758511853522936
A1_LCD_plus_7R_plus_10D,3,3076,3467,2.7840031813988775,7.7506737140390705,26.724468,0.19618674600296016
A1_LCD_plus_7R_plus_10D,3,3076,3468,3.4851588042932464,12.146331891142733,72.327805,0.5084276071590396
A1_LCD_plus_7R_plus_10D,3,3076,3469,2.7048018488976373,7.3159530418000775,59.528214,0.30293105003610576
A1_LCD_plus_7R_plus_10D,3,3076,3470,3.78779540147123,14.347394003406594,90.35668,0.34001616613972313
A1_LCD_plus_7R_plus_10D,3,3076,3471,3.051569876747297,9.312078712671516,14.048223,0.2502309243622953
A1_LCD_plus_7R_plus_10D,3,3076,3472,2.5525746867888226,6.515637531635055,69.491745,0.2825937522826373
A1_LCD_plus_7R_plus_10D,3,3076,3473,2.699667799179122,7.288206225924643,49.644165,0.22049969422451143
A1_LCD_plus_7R_plus_10D,3,3076,3474,3.3051342512228685,10.923912418606552,96.857285,0.6232039918481223
A1_LCD_plus_7R_plus_10D,3,3076,3475,3.4551836968685485,11.93829437910621,25.34235,0.5535088292377388
A1_LCD_plus_7R_plus_10D,3,3076,3476,3.013324586095274,9.080125061166255,5.2908506,0.19096681385252923
A1_LCD_plus_7R_plus_10D,3,3076,3477,3.949463113165236,15.598258882252841,62.718513,0.27981291306873113
A1_LCD_plus_7R_plus_10D,3,3076,3478,3.274599617913746,10.723002657640851,47.98432,0.2882437334394833
A1_LCD_plus_7R_plus_10D,3,3076,3479,2.5523237476545813,6.514356512841527,18.811218,0.3619307219726694
A1_LCD_plus_7R_plus_10D,3,3076,3480,3.0987982902794258,9.602550843838692,35.742817,0.2435431425779978
A1_LCD_plus_7R_plus_10D,3,3076,3481,4.024104544425058,16.19341738446241,64.204124,0.46588326336452035
A1_LCD_plus_7R_plus_10D,3,3076,3482,2.931583005454423,8.594178917869186,44.96302,0.29034918765804074
A1_LCD_plus_7R_plus_10D,3,3076,3483,4.75815212168382,22.640011613084237,175.89288,0.5861628877784785
A1_LCD_plus_7R_plus_10D,3,3076,3484,3.5075221921966455,12.302711928751965,105.26851,0.3339678960186726
A1_LCD_plus_7R_plus_10D,3,3076,3485,4.495922572355391,20.21331977661471,227.11873,0.6633357193724849
A1_LCD_plus_7R_plus_10D,3,3076,3486,2.8713126393054575,8.244436272635275,27.630169,0.5913763857613565
A1_LCD_plus_7R_plus_10D,3,3076,3487,3.802546365501782,14.459358861790811,106.605095,0.47983878504101996
A1_LCD_plus_7R_plus_10D,3,3076,3488,3.2866156634895645,10.801842519494953,14.914416,0.4803425285165336
A1_LCD_plus_7R_plus_10D,3,3076,3489,3.2820478008131335,10.771837766822326,31.516302,0.31348913543242657
A1_LCD_plus_7R_plus_10D,3,3076,3490,2.8130527959774203,7.913266032956381,50.418896,0.2566234085863567
A1_LCD_plus_7R_plus_10D,3,3076,3491,3.0786737085894837,9.478231803960123,60.961224,0.3039962614926353
A1_LCD_plus_7R_plus_10D,3,3076,3492,2.8323767198691376,8.022357883256657,20.56174,0.11353011934766513
A1_LCD_plus_7R_plus_10D,3,3076,3493,2.602175195351605,6.771315747303163,63.868702,0.15655400174672593
A1_LCD_plus_7R_plus_10D,3,3076,3494,3.194784801452332,10.206649927590815,69.47999,0.4600521284159686
A1_LCD_plus_7R_plus_10D,3,3076,3495,2.9515004220549717,8.71135474139068,55.868538,0.26796903376177594
A1_LCD_plus_7R_plus_10D,3,3076,3496,3.7766547567361464,14.263121151577767,59.765556,0.2244978726985123
A1_LCD_plus_7R_plus_10D,3,3076,3497,3.9231656117327263,15.391228417082221,76.34923,0.5253672953856122
A1_LCD_plus_7R_plus_10D,3,3076,3498,3.226264624218564,10.40878342548415,61.97629,0.3601763841343085
A1_LCD_plus_7R_plus_10D,3,3076,3499,3.916437181942468,15.338480200101461,95.546776,0.5973429211867326
A1_LCD_plus_7R_plus_10D,3,3076,3500,4.6590802652146985,21.70702891771306,167.03497,0.4501814911784388
A1_LCD_plus_7R_plus_10D,3,3076,3501,5.0847966255309744,25.85515672301119,184.26773,0.5233526756185175
A1_LCD_plus_7R_plus_10D,3,3076,3502,4.108723728514566,16.881610677258642,84.30185,0.4416653430547012
A1_LCD_plus_7R_plus_10D,3,3076,3503,3.3219586451417005,11.035409240031683,60.03475,0.42747045106805814
A1_LCD_plus_7R_plus_10D,3,3076,3504,3.571128947887501,12.752961962440091,63.79761,0.5269388334864075
A1_LCD_plus_7R_plus_10D,3,3076,3505,3.7363043599969488,13.9599702705322,75.33872,0.5937570653931448
A1_LCD_plus_7R_plus_10D,3,3076,3506,2.2980691375657183,5.281121761032043,1.1204883,0.16942125174718864
A1_LCD_plus_7R_plus_10D,3,3076,3507,2.148425581100303,4.6157324775261745,6.202079,0.12210186331779083
A1_LCD_plus_7R_plus_10D,3,3076,3508,3.927689709528448,15.42674645433567,186.15454,0.6561772319717913
A1_LCD_plus_7R_plus_10D,3,3076,3509,4.177827360824362,17.45424145685265,123.64434,0.5913526165059321
A1_LCD_plus_7R_plus_10D,3,3076,3510,4.119634083686088,16.971384983468116,101.039825,0.4861277132828574
A1_LCD_plus_7R_plus_10D,3,3076,3511,2.2984407060979257,5.282829679447931,21.269958,0.09229418090333258
A1_LCD_plus_7R_plus_10D,3,3076,3512,3.051475498594347,9.311502718521623,42.959778,0.39607287675111663
A1_LCD_plus_7R_plus_10D,3,3076,3513,3.0721045411964063,9.437826312039576,10.220972,0.3498672463401605
A1_LCD_plus_7R_plus_10D,3,3076,3514,3.8352867770007175,14.709424661836554,61.233116,0.37650293763124376
A1_LCD_plus_7R_plus_10D,3,3076,3515,2.6459998575076735,7.00131524593063,41.32593,0.16128240224259793
A1_LCD_plus_7R_plus_10D,3,3076,3516,3.940858896145503,15.530368839329153,70.81628,0.33871791133225954
A1_LCD_plus_7R_plus_10D,3,3076,3517,3.722922575360673,13.860152502130141,98.40465,0.36416587884369667
A1_LCD_plus_7R_plus_10D,3,3076,3518,3.2844244417780066,10.78744391374877,64.38344,0.24175658979885356
A1_LCD_plus_7R_plus_10D,3,3076,3519,2.6453569853880428,6.997913580141314,47.95203,0.2349860144585636
A1_LCD_plus_7R_plus_10D,3,3076,3520,4.095275703987896,16.77128309167356,76.42777,0.4174673821021301
A1_LCD_plus_7R_plus_10D,3,3076,3521,2.716112433742715,7.377266752731778,42.355785,0.08754594938658636
A1_LCD_plus_7R_plus_10D,3,3076,3522,4.88772956704133,23.88990032053002,227.35149,0.767002660185242
A1_LCD_plus_7R_plus_10D,3,3076,3523,4.9138021792372815,24.145451856677063,81.1524,0.5550419049515422
A1_LCD_plus_7R_plus_10D,3,3076,3524,3.16309902093974,10.005195416269943,70.72212,0.3829839954615554
A1_LCD_plus_7R_plus_10D,3,3076,3525,3.7471946827494436,14.041467990425703,124.936035,0.3493712371591976
A1_LCD_plus_7R_plus_10D,3,3076,3526,3.150041738433999,9.922762953876294,65.34065,0.3552623516084594
A1_LCD_plus_7R_plus_10D,3,3076,3527,3.5274824429075067,12.44313238502071,36.71091,0.395530240678711
A1_LCD_plus_7R_plus_10D,3,3076,3528,4.368119671193474,19.08046946186738,143.74423,0.6376666479424895
A1_LCD_plus_7R_plus_10D,3,3076,3529,3.1126267852884495,9.688445504495105,20.975512,0.18781111648664592
A1_LCD_plus_7R_plus_10D,3,3076,3530,3.2619422899621933,10.6402675030438,78.12865,0.4240905831501811
A1_LCD_plus_7R_plus_10D,3,3076,3531,5.127790115059173,26.294231464098566,165.54066,0.7827728631141629
A1_LCD_plus_7R_plus_10D,3,3076,3532,3.448087532645221,11.889307632783408,80.51181,0.25004659041331667
A1_LCD_plus_7R_plus_10D,3,3076,3533,2.9289842189963995,8.578948555129944,46.68477,0.3479606743074285
A1_LCD_plus_7R_plus_10D,3,3076,3534,2.7744335689160287,7.697481628328131,44.10026,0.25454288490703486
A1_LCD_plus_7R_plus_10D,3,3076,3535,3.1336144007063353,9.819539212314128,46.31374,0.29919068139189453
A1_LCD_plus_7R_plus_10D,3,3076,3536,2.6732710737654752,7.146378233831214,35.540962,0.18860208851672522
A1_LCD_plus_7R_plus_10D,3,3076,3537,3.773181547318903,14.23689898902787,111.05163,0.36774999463940394
A1_LCD_plus_7R_plus_10D,3,3076,3538,4.424657967223084,19.577598126910708,120.34512,0.7159012530239866
A1_LCD_plus_7R_plus_10D,3,3076,3539,3.9455720688796214,15.567538950723018,88.461,0.5464571058016598
A1_LCD_plus_7R_plus_10D,3,3076,3540,3.4759965235154113,12.082551831491225,109.88875,0.4656885420673802
A1_LCD_plus_7R_plus_10D,3,3076,3541,2.309158430184591,5.332212655692566,22.777607,0.2006474324189333
A1_LCD_plus_7R_plus_10D,3,3076,3542,2.940026277629701,8.643754513153157,28.012302,0.4235029080380635
A1_LCD_plus_7R_plus_10D,3,3076,3543,3.3660735404102087,11.330451079449725,43.08631,0.3451648509929963
A1_LCD_plus_7R_plus_10D,3,3076,3544,4.6334726254271805,21.469068570583048,198.89856,0.6057690321594531
A1_LCD_plus_7R_plus_10D,3,3076,3545,3.499891593469923,12.249241166041434,103.16522,0.5777644456655608
A1_LCD_plus_7R_plus_10D,3,3076,3546,3.5109593022811536,12.326835222274568,46.146317,0.5969874645527518
A1_LCD_plus_7R_plus_10D,3,3076,3547,2.4503805066817717,6.004364627526016,55.55374,0.21843804887188772
A1_LCD_plus_7R_plus_10D,3,3076,3548,4.162760950913888,17.32857873445349,127.34676,0.6386952583141599
A1_LCD_plus_7R_plus_10D,3,3076,3549,4.8881199857478705,23.89371699506776,126.44954,0.6203132156384406
A1_LCD_plus_7R_plus_10D,3,3076,3550,2.5536217408384623,6.520983995282857,41.905434,0.163496591815559
A1_LCD_plus_7R_plus_10D,3,3076,3551,4.27505058890826,18.276057537724856,106.45658,0.45126562200086473
A1_LCD_plus_7R_plus_10D,3,3076,3552,3.6969447776019315,13.667400688638196,72.598366,0.3041886641259289
A1_LCD_plus_7R_plus_10D,3,3076,3553,4.136530454719301,17.11088420282027,101.03035,0.6164960521253531
A1_LCD_plus_7R_plus_10D,3,3076,3554,4.0525985563665055,16.423555059063883,141.35788,0.45348445638826906
A1_LCD_plus_7R_plus_10D,3,3076,3555,3.4968111454522877,12.22768818695934,44.81767,0.6325041723769717
A1_LCD_plus_7R_plus_10D,3,3076,3556,4.764480991057166,22.700279114145076,167.18245,0.7096770123342099
A1_LCD_plus_7R_plus_10D,3,3076,3557,3.877904998276271,15.038147175656087,73.45725,0.2138258497765927
A1_LCD_plus_7R_plus_10D,3,3076,3558,3.568299205558877,12.732759220392113,151.22968,0.5737734156832542
A1_LCD_plus_7R_plus_10D,3,3076,3559,4.056833383239816,16.457897099369013,147.58595,0.6861813663211287
A1_LCD_plus_7R_plus_10D,3,3076,3560,3.4130302383766375,11.648775408073286,87.67062,0.48231278103404374
A1_LCD_plus_7R_plus_10D,3,3076,3561,3.8794928699340447,15.050464927869092,130.201,0.7074509032554461
A1_LCD_plus_7R_plus_10D,3,3076,3562,4.099330074074495,16.80450705621161,110.34296,0.7015432463643091
A1_LCD_plus_7R_plus_10D,3,3076,3563,2.617992178394165,6.853883046133024,48.48011,0.2340401579038855
A1_LCD_plus_7R_plus_10D,3,3076,3564,2.5197401856173385,6.349090603014899,48.45202,0.15557551084521343
A1_LCD_plus_7R_plus_10D,3,3076,3565,2.9288900332959265,8.578396827140212,19.691946,0.17810956345279746
A1_LCD_plus_7R_plus_10D,3,3076,3566,3.4891348001326015,12.17406165349637,34.214344,0.10040713281511149
A1_LCD_plus_7R_plus_10D,3,3076,3567,2.6658317768908426,7.106659062680987,10.818848,0.09479874883788361
A1_LCD_plus_7R_plus_10D,3,3076,3568,3.873573456154704,15.004571320226301,107.85559,0.6671857655770477
A1_LCD_plus_7R_plus_10D,3,3076,3569,2.82810556444453,7.9981810836421126,22.904152,0.43930087468639034
A1_LCD_plus_7R_plus_10D,3,3076,3570,3.683095256888218,13.565190671312491,95.43436,0.3659713523495251
A1_LCD_plus_7R_plus_10D,3,3076,3571,4.551724363448168,20.71819468080763,146.02615,0.5871453723759021
A1_LCD_plus_7R_plus_10D,3,3076,3572,3.486027478791746,12.152387582891135,31.38329,0.4898452427284552
A1_LCD_plus_7R_plus_10D,3,3076,3573,2.8040595469091896,7.862749942612571,49.823483,0.40764813005952893
A1_LCD_plus_7R_plus_10D,3,3076,3574,2.765785075936627,7.6495670862737715,41.15306,0.38233093300234955
A1_LCD_plus_7R_plus_10D,3,3076,3575,3.0533099567975657,9.322701692279153,61.11638,0.43326515744537064
A1_LCD_plus_7R_plus_10D,3,3076,3576,4.3166790189243756,18.63371775242192,103.22998,0.4577807951378492
A1_LCD_plus_7R_plus_10D,3,3076,3577,3.7027890734345954,13.710646922346626,135.90558,0.5359497860356408
A1_LCD_plus_7R_plus_10D,3,3076,3578,3.4007820771253052,11.565318736096707,72.54758,0.37956433987089977
A1_LCD_plus_7R_plus_10D,3,3076,3579,3.3316829704763173,11.100111415761898,21.605268,0.5624097820231562
A1_LCD_plus_7R_plus_10D,3,3076,3580,2.616941124185914,6.848380847455435,4.4686737,0.11184002309783637
A1_LCD_plus_7R_plus_10D,3,3076,3581,3.770349397857979,14.215534581928027,148.17444,0.6376380375918196
A1_LCD_plus_7R_plus_10D,3,3076,3582,3.8481745775729324,14.808447579478615,118.121895,0.3220533275305797
A1_LCD_plus_7R_plus_10D,3,3076,3583,2.725035713852028,7.425819641769029,19.270855,0.153019432286503
A1_LCD_plus_7R_plus_10D,3,3076,3584,3.3517216549223727,11.23403805207557,133.4147,0.655369037764693
A1_LCD_plus_7R_plus_10D,3,3076,3585,3.065522347665768,9.397427264038239,23.388102,0.30307174698791706
A1_LCD_plus_7R_plus_10D,3,3076,3586,3.4188113243286464,11.688270871357792,28.871006,0.34457905229727037
A1_LCD_plus_7R_plus_10D,3,3076,3587,3.360675490959551,11.29413975553622,31.147343,0.39672393060558625
A1_LCD_plus_7R_plus_10D,3,3076,3588,3.357441567078876,11.272413876349052,72.08821,0.4881266186486563
A1_LCD_plus_7R_plus_10D,3,3076,3589,3.0712713400631078,9.432707644293037,97.53972,0.3197431891113773
A1_LCD_plus_7R_plus_10D,3,3076,3590,3.3932961187686104,11.514458549650115,63.417305,0.24359241474359106
A1_LCD_plus_7R_plus_10D,3,3076,3591,2.5016035561491194,6.25802035213792,17.163536,0.19391014976843396
A1_LCD_plus_7R_plus_10D,3,3076,3592,3.9819018236618855,15.85554213328185,73.663155,0.3763508120291631
A1_LCD_plus_7R_plus_10D,3,3076,3593,3.539694963741953,12.529440436340145,90.4381,0.5596435837809987
A1_LCD_plus_7R_plus_10D,3,3076,3594,3.81193159844013,14.530822511186324,188.74492,0.6090360676995991
A1_LCD_plus_7R_plus_10D,3,3076,3595,4.392187048032473,19.291307064904203,116.51527,0.5964813485630501
A1_LCD_plus_7R_plus_10D,3,3076,3596,3.299248272756836,10.885039165288962,40.823776,0.42887233520786594
A1_LCD_plus_7R_plus_10D,3,3076,3597,3.6492188545931104,13.316798248717854,85.606415,0.3560578653409726
A1_LCD_plus_7R_plus_10D,3,3076,3598,3.6161126858580395,13.076270956823441,99.43501,0.5021346929886936
A1_LCD_plus_7R_plus_10D,3,3076,3599,3.4630923450522335,11.993008590359377,60.86086,0.3356568846179942
A1_LCD_plus_7R_plus_10D,3,3076,3600,2.623871206855,6.884700110162717,26.143152,0.32602016426049263
A1_LCD_plus_7R_plus_10D,3,3076,3601,2.3942985829559644,5.7326657043449405,24.244783,0.127343525246686
A1_LCD_plus_7R_plus_10D,3,3076,3602,4.237732673204497,17.95837820954493,153.86949,0.6416528139791835
A1_LCD_plus_7R_plus_10D,3,3076,3603,4.404833964741335,19.40256225693887,106.56524,0.502820480484192
A1_LCD_plus_7R_plus_10D,3,3076,3604,3.00651939508126,9.039158872999787,15.612048,0.20909558817805593
A1_LCD_plus_7R_plus_10D,3,3076,3605,2.811102859220337,7.9022992851167535,36.95298,0.5012399312704136
A1_LCD_plus_7R_plus_10D,3,3076,3606,3.1044826968781973,9.637812815216124,56.72757,0.3218705418984136
A1_LCD_plus_7R_plus_10D,3,3076,3607,3.8465319547634715,14.795808079016494,116.354706,0.3628511572851429
A1_LCD_plus_7R_plus_10D,3,3076,3608,4.867540980061514,23.692955192578207,174.54741,0.7545232558375149
A1_LCD_plus_7R_plus_10D,3,3076,3609,3.881828857520904,15.068595279082041,73.28073,0.5523307883585872
A1_LCD_plus_7R_plus_10D,3,3076,3610,5.346161070605594,28.58143819285876,242.99504,0.8282290647385653
A1_LCD_plus_7R_plus_10D,3,3076,3611,6.436999554361309,41.43496326284768,227.75687,0.8696559426351715
A1_LCD_plus_7R_plus_10D,3,3076,3612,2.796249968291339,7.819013885169319,30.414059,0.20290558295752253
A1_LCD_plus_7R_plus_10D,3,3076,3613,2.5632266433985236,6.570130825428061,16.71001,0.18918637743420766
A1_LCD_plus_7R_plus_10D,3,3076,3614,3.443547498022278,11.858019371135489,98.036766,0.6383178747400103
A1_LCD_plus_7R_plus_10D,3,3076,3615,2.958658930047228,8.753662664348209,23.446785,0.29028470730336975
A1_LCD_plus_7R_plus_10D,3,3076,3616,3.7606780626888754,14.142699491189354,97.11496,0.2535755389431199
A1_LCD_plus_7R_plus_10D,3,3076,3617,2.790777849345899,7.7884410043997185,111.327965,0.417394314277043
A1_LCD_plus_7R_plus_10D,3,3076,3618,2.669796874648713,7.127815351884037,72.14114,0.39859074695936286
A1_LCD_plus_7R_plus_10D,3,3076,3619,3.2132050121699636,10.324686450234175,53.078423,0.2323697049002631
A1_LCD_plus_7R_plus_10D,3,3076,3620,3.294427600310156,10.853253213685331,58.816025,0.6168975895958895
A1_LCD_plus_7R_plus_10D,3,3076,3621,4.4232917925652675,19.565510282175254,174.8424,0.7056315371076763
A1_LCD_plus_7R_plus_10D,3,3076,3622,3.9667220465923645,15.734883794921911,136.73709,0.6314069328678433
A1_LCD_plus_7R_plus_10D,3,3076,3623,2.904210669733846,8.434439614195913,53.9771,0.2535555809101725
A1_LCD_plus_7R_plus_10D,3,3076,3624,2.4602332105426745,6.052747450257116,7.6480103,0.19898366490737845
A1_LCD_plus_7R_plus_10D,3,3076,3625,3.304325839615436,10.918569254350249,53.46093,0.2056909037348773
A1_LCD_plus_7R_plus_10D,3,3076,3626,3.7437461436484956,14.015635188082978,69.53582,0.4299033328311802
A1_LCD_plus_7R_plus_10D,3,3076,3627,2.787380327790644,7.769489091754278,86.82419,0.15962998116040955
A1_LCD_plus_7R_plus_10D,3,3076,3628,3.1398264428075926,9.858510090953782,10.307871,0.19336156404105753
A1_LCD_plus_7R_plus_10D,3,3076,3629,2.665510161582322,7.104944421498617,45.133503,0.03292820228800214
A1_LCD_plus_7R_plus_10D,3,3076,3630,3.1961528350082338,10.215392944731168,33.77114,0.512366321246797
A1_LCD_plus_7R_plus_10D,3,3076,3631,3.052563352880785,9.31814302335078,14.488701,0.1590100488012545
A1_LCD_plus_7R_plus_10D,3,3076,3632,3.1688833530754468,10.041821705398688,39.551643,0.5155897762856173
A1_LCD_plus_7R_plus_10D,3,3076,3633,2.900007818977833,8.410045350132567,74.46532,0.28191355466422324
A1_LCD_plus_7R_plus_10D,3,3076,3634,3.146179111142474,9.898442999389248,132.73317,0.412498466478047
A1_LCD_plus_7R_plus_10D,3,3076,3635,3.136057155605319,9.83485448322332,93.03145,0.6645063918158085
A1_LCD_plus_7R_plus_10D,3,3076,3636,4.3003852382544405,18.493313197396695,142.00743,0.41445223893177413
A1_LCD_plus_7R_plus_10D,3,3076,3637,3.327126477963349,11.069770600364803,102.99355,0.44316003318138686
A1_LCD_plus_7R_plus_10D,3,3076,3638,3.402384176055417,11.576218081472296,88.39268,0.2833779650924817
A1_LCD_plus_7R_plus_10D,3,3076,3639,4.528501040469203,20.507321673530654,225.16336,0.7195672539705315
A1_LCD_plus_7R_plus_10D,3,3076,3640,3.827136484754175,14.64697367293654,84.02702,0.2643449606762138
A1_LCD_plus_7R_plus_10D,3,3076,3641,4.1110018316240815,16.90033605961655,91.89487,0.26915176407465136
A1_LCD_plus_7R_plus_10D,3,3076,3642,3.4541918904646023,11.931441616151425,65.536064,0.29481708054092093
A1_LCD_plus_7R_plus_10D,3,3076,3643,2.7683440286315517,7.66372866085997,67.17955,0.36895936860307355
A1_LCD_plus_7R_plus_10D,3,3076,3644,3.111701749664586,9.682687778865644,61.843254,0.1711942449509032
A1_LCD_plus_7R_plus_10D,3,3076,3645,4.362100268863902,19.027918755622526,94.23516,0.65807269793197
A1_LCD_plus_7R_plus_10D,3,3076,3646,3.619510499164342,13.100856253560902,99.85373,0.6284415532016787
A1_LCD_plus_7R_plus_10D,3,3076,3647,2.835074993008481,8.037650215982042,48.181793,0.2718220300827783
A1_LCD_plus_7R_plus_10D,3,3076,3648,2.6712847923100815,7.135762441627115,51.23543,0.3772234226352603
A1_LCD_plus_7R_plus_10D,3,3076,3649,2.6525859483684218,7.0362122134816,27.18016,0.22530558730598754
A1_LCD_plus_7R_plus_10D,3,3076,3650,3.8006788869217143,14.445160001492479,86.47682,0.5270150134814164
A1_LCD_plus_7R_plus_10D,3,3076,3651,2.4367369951695874,5.937687183628112,22.189386,0.18138171623501262
A1_LCD_plus_7R_plus_10D,3,3076,3652,3.0010548799045247,9.00633039219876,76.4009,0.3268055029595194
A1_LCD_plus_7R_plus_10D,3,3076,3653,4.129841149893254,17.055587923351634,157.95776,0.5469094380190942
A1_LCD_plus_7R_plus_10D,3,3076,3654,3.4366315551769935,11.810436446038239,86.611916,0.4785013003488232
A1_LCD_plus_7R_plus_10D,3,3076,3655,4.182981900912989,17.497337583365653,85.71108,0.5447696108772009
A1_LCD_plus_7R_plus_10D,3,3076,3656,2.002319961428829,4.0092852279363465,2.595048,0.18225033784121147
A1_LCD_plus_7R_plus_10D,3,3076,3657,3.2685585747155304,10.683475156346418,48.722664,0.26209200731094134
A1_LCD_plus_7R_plus_10D,3,3076,3658,3.93310381764225,15.469305640352038,33.213753,0.690485927276616
A1_LCD_plus_7R_plus_10D,3,3076,3659,3.2604441720080315,10.630496198781142,91.958206,0.6042600202133374
A1_LCD_plus_7R_plus_10D,3,3076,3660,3.4951890261544327,12.21634632855037,95.176025,0.24421412625420846
A1_LCD_plus_7R_plus_10D,3,3076,3661,2.244168890002216,5.036294006853778,16.814133,0.13184661510274498
A1_LCD_plus_7R_plus_10D,3,3076,3662,3.2772067197101293,10.740083883713226,64.91536,0.40406803553142034
A1_LCD_plus_7R_plus_10D,3,3076,3663,3.817640827952059,14.574381491246484,141.56401,0.4485210497002202
A1_LCD_plus_7R_plus_10D,3,3076,3664,4.6244646209538205,21.38567303045356,153.0679,0.7500649919179883
A1_LCD_plus_7R_plus_10D,3,3076,3665,3.4478743640139586,11.887837630024661,147.3371,0.5125630379331341
A1_LCD_plus_7R_plus_10D,3,3076,3666,2.7395285007740484,7.505016406553308,24.984678,0.44806397141367216
A1_LCD_plus_7R_plus_10D,3,3076,3667,2.59121861926367,6.714413932818724,22.948412,0.20659744729396956
A1_LCD_plus_7R_plus_10D,3,3076,3668,3.222920744278107,10.387218123898148,50.50569,0.14133697986825525
A1_LCD_plus_7R_plus_10D,3,3076,3669,2.8864866916983987,8.331805421351968,31.155222,0.2414509612434378
A1_LCD_plus_7R_plus_10D,3,3076,3670,3.404790017360137,11.592595062315242,56.040134,0.48056037618919273
A1_LCD_plus_7R_plus_10D,3,3076,3671,3.2756983329955327,10.730199568789716,72.9098,0.5686107721412741
A1_LCD_plus_7R_plus_10D,3,3076,3672,3.2834896373073454,10.781304198304724,135.45215,0.4305179419101497
A1_LCD_plus_7R_plus_10D,3,3076,3673,4.09999352171223,16.80994687808225,89.891045,0.6792021050181686
A1_LCD_plus_7R_plus_10D,3,3076,3674,2.898070805724219,8.398814394991025,55.008827,0.24654452689050213
A1_LCD_plus_7R_plus_10D,3,3076,3675,2.7554244491690647,7.592363895078643,40.261375,0.23113329260982873
A1_LCD_plus_7R_plus_10D,3,3076,3676,3.251712255925278,10.573632595334661,8.373014,0.2618411723313697
A1_LCD_plus_7R_plus_10D,3,3076,3677,3.916682090096433,15.340398594882164,176.7275,0.6747106767300314
A1_LCD_plus_7R_plus_10D,3,3076,3678,2.92779835999314,8.572003236778519,74.61815,0.2381510956170754
A1_LCD_plus_7R_plus_10D,3,3076,3679,3.105544583418185,9.644407159598027,70.650055,0.4454298231733426
A1_LCD_plus_7R_plus_10D,3,3076,3680,4.239826966511254,17.97613270595602,119.00845,0.4517467690121224
A1_LCD_plus_7R_plus_10D,3,3076,3681,3.2380120906554244,10.484722299230713,83.37855,0.23998317488953763
A1_LCD_plus_7R_plus_10D,3,3076,3682,4.082078647234665,16.663366082209198,140.31685,0.6773003004686657
A1_LCD_plus_7R_plus_10D,3,3076,3683,3.3404758159309442,11.158778676819509,97.89264,0.337139533799415
A1_LCD_plus_7R_plus_10D,3,3076,3684,3.0909571492052508,9.554016098223046,32.66023,0.3507696685433931
A1_LCD_plus_7R_plus_10D,3,3076,3685,1.9963649095016838,3.985472851889666,12.664715,0.07143884593752586
A1_LCD_plus_7R_plus_10D,3,3076,3686,4.224398735872915,17.845544679644682,110.04837,0.4692409171227865
A1_LCD_plus_7R_plus_10D,3,3076,3687,4.2054094837723515,17.685468926202436,188.77414,0.6663328638002913
A1_LCD_plus_7R_plus_10D,3,3076,3688,3.5566915027654775,12.65005444584415,47.815845,0.4079460754343694
A1_LCD_plus_7R_plus_10D,3,3076,3689,2.6030267408451464,6.775748213554906,9.509638,0.31897701255731403
A1_LCD_plus_7R_plus_10D,3,3076,3690,3.599742643081359,12.958147096418369,98.787926,0.6664615801795951
A1_LCD_plus_7R_plus_10D,3,3076,3691,2.7040017465156,7.311625445159413,90.59473,0.417522444247579
A1_LCD_plus_7R_plus_10D,3,3076,3692,3.727105090810988,13.891312357949186,107.24415,0.5721034585861333
A1_LCD_plus_7R_plus_10D,3,3076,3693,3.160401837213032,9.988139772659508,49.507545,0.2856651185151289
A1_LCD_plus_7R_plus_10D,3,3076,3694,4.477098858487814,20.044414188672885,171.53654,0.6414079154759547
A1_LCD_plus_7R_plus_10D,3,3076,3695,4.512778298236197,20.365167969031575,91.7399,0.43682268748893904
A1_LCD_plus_7R_plus_10D,3,3076,3696,3.0029762018189605,9.017866068691028,60.83357,0.3168903355571268
A1_LCD_plus_7R_plus_10D,3,3076,3697,3.2508487260558177,10.568017439698732,73.459785,0.3069668840849682
A1_LCD_plus_7R_plus_10D,3,3076,3698,3.82364130278606,14.62023281237148,151.30919,0.7746224577295846
A1_LCD_plus_7R_plus_10D,3,3076,3699,3.9178588141272157,15.349617687434309,66.5994,0.43317961151881623
A1_LCD_plus_7R_plus_10D,3,3076,3700,3.2338167343792965,10.457570671551574,21.851074,0.39441124849841
A1_LCD_plus_7R_plus_10D,3,3076,3701,3.191001322274173,10.182489438755521,96.82767,0.42008660094447703
A1_LCD_plus_7R_plus_10D,3,3076,3702,3.14956716845308,9.919773348597554,60.14785,0.5645415364348608
A1_LCD_plus_7R_plus_10D,3,3076,3703,3.593899029963709,12.916110237574085,45.571007,0.4621571024511848
A1_LCD_plus_7R_plus_10D,3,3076,3704,4.031908086461957,16.256282817677324,72.19673,0.5716690301106189
A1_LCD_plus_7R_plus_10D,3,3076,3705,2.668418882332664,7.1204593315895055,23.824024,0.35312887698325457
A1_LCD_plus_7R_plus_10D,3,3076,3706,3.8983308770569303,15.196983627015456,78.347626,0.4614515159907799
A1_LCD_plus_7R_plus_10D,3,3076,3707,2.3896644683635,5.710496271359011,13.386639,0.30878704693670456
A1_LCD_plus_7R_plus_10D,3,3076,3708,2.9683364155426477,8.811021075836575,29.574306,0.5189596866814339
A1_LCD_plus_7R_plus_10D,3,3076,3709,3.0207505754551534,9.12493403911264,30.334911,0.3332577498709913
A1_LCD_plus_7R_plus_10D,3,3076,3710,3.287367319308188,10.806783892055506,63.388626,0.1762824409269393
A1_LCD_plus_7R_plus_10D,3,3076,3711,5.287207054701059,27.95455843928065,209.39868,0.7452512627936623
A1_LCD_plus_7R_plus_10D,3,3076,3712,5.122335640565652,26.238322414609126,186.99896,0.6568348231603548
A1_LCD_plus_7R_plus_10D,3,3076,3713,3.391427204590255,11.501778484034872,75.032776,0.18379601312960953
A1_LCD_plus_7R_plus_10D,3,3076,3714,3.151269620460433,9.93050022083684,35.146088,0.42812388717733363
A1_LCD_plus_7R_plus_10D,3,3076,3715,3.2004291806987792,10.242746940668255,66.30873,0.31924119594335243
A1_LCD_plus_7R_plus_10D,3,3076,3716,3.9675306119851514,15.741299157039267,19.126335,0.43975844957597393
A1_LCD_plus_7R_plus_10D,3,3076,3717,3.9162005369000803,15.336626645216477,163.42886,0.5319394326716078
A1_LCD_plus_7R_plus_10D,3,3076,3718,4.639637966827676,21.526240463228845,131.46829,0.4674321542716606
A1_LCD_plus_7R_plus_10D,3,3076,3719,4.382077507590821,19.20260328253338,81.82398,0.21323698859505877
A1_LCD_plus_7R_plus_10D,3,3076,3720,2.433462301119067,5.921738770967703,18.09233,0.13580452081083444
A1_LCD_plus_7R_plus_10D,3,3076,3721,4.18766569681128,17.53654398824991,107.48183,0.78743228967756
A1_LCD_plus_7R_plus_10D,3,3076,3722,2.7194252629739686,7.395273760901039,10.336603,0.4051411026609504
A1_LCD_plus_7R_plus_10D,3,3076,3723,3.1452248188923075,9.892439161376148,73.57431,0.19311104437890275
A1_LCD_plus_7R_plus_10D,3,3076,3724,2.9967029992238783,8.980228865557386,39.79169,0.26801709214016056
A1_LCD_plus_7R_plus_10D,3,3076,3725,3.00735083694944,9.044159056500499,31.505838,0.07247110322781877
A1_LCD_plus_7R_plus_10D,3,3076,3726,3.09927408185374,9.605499834450342,43.744144,0.42388427901970527
A1_LCD_plus_7R_plus_10D,3,3076,3727,3.830614938502489,14.673610807078427,80.891685,0.4596926583646984
A1_LCD_plus_7R_plus_10D,3,3076,3728,3.293193471830478,10.845123242906876,74.589,0.48117731223236926
A1_LCD_plus_7R_plus_10D,3,3076,3729,3.415402707543387,11.664975654694697,147.92035,0.3990470990451545
A1_LCD_plus_7R_plus_10D,3,3076,3730,3.130273931549819,9.798614886540362,75.85036,0.5010011527690624
A1_LCD_plus_7R_plus_10D,3,3076,3731,3.08070469274774,9.490741403917946,55.073032,0.37976075155942024
A1_LCD_plus_7R_plus_10D,3,3076,3732,3.663387023484111,13.42040448383177,43.748047,0.48674122932497094
A1_LCD_plus_7R_plus_10D,3,3076,3733,2.657686766637104,7.063298949557985,36.539673,0.27965137498710263
A1_LCD_plus_7R_plus_10D,3,3076,3734,3.524545276969138,12.422419409405453,48.63335,0.3894837090606714
A1_LCD_plus_7R_plus_10D,3,3076,3735,3.0995510582532866,9.60721676271907,138.64438,0.3685104025282886
A1_LCD_plus_7R_plus_10D,3,3076,3736,2.7789066600543633,7.722322225294499,48.22505,0.10649869459390283
A1_LCD_plus_7R_plus_10D,3,3076,3737,3.694335311894801,13.648113396712855,157.71562,0.4822868756140637
A1_LCD_plus_7R_plus_10D,3,3076,3738,4.494728051680933,20.202580258567473,195.25156,0.6715950922223979
A1_LCD_plus_7R_plus_10D,3,3076,3739,2.8887087668837395,8.344638339870974,54.289944,0.31979656929563843
A1_LCD_plus_7R_plus_10D,3,3076,3740,3.0792569145148616,9.48182314558758,38.150917,0.46542191833433855
A1_LCD_plus_7R_plus_10D,3,3076,3741,2.6898474488981776,7.235279298344034,7.333106,0.11403722554433426
A1_LCD_plus_7R_plus_10D,3,3076,3742,2.782396749535067,7.741731671823307,30.579063,0.29920930885619074
A1_LCD_plus_7R_plus_10D,3,3076,3743,2.9980685649022236,8.988415119854881,115.66333,0.4269419211917311
A1_LCD_plus_7R_plus_10D,3,3076,3744,4.265275162099314,18.192572208421332,77.354935,0.3035252590359476
A1_LCD_plus_7R_plus_10D,3,3076,3745,2.9892763492499843,8.935773092185311,48.680817,0.533731969857422
A1_LCD_plus_7R_plus_10D,3,3076,3746,4.4559443802747785,19.855440320102378,136.52557,0.3466153657554853
A1_LCD_plus_7R_plus_10D,3,3076,3747,3.34133667806358,11.16453079617296,35.398067,0.5168906452023551
A1_LCD_plus_7R_plus_10D,3,3076,3748,4.115081261753095,16.933893790831444,108.80283,0.5222878274394958
A1_LCD_plus_7R_plus_10D,3,3076,3749,2.991429813024834,8.948652326253793,49.86041,0.4634596160536506
