sequence_name,task_id,seed,frame,rg,rg_sq,ree_sq,asphericity
A1_LCD_plus_NLS,5,3863,0,4.364709721868024,19.050690956169248,166.18684,0.6228616325281177
A1_LCD_plus_NLS,5,3863,1,3.4862427141098893,12.153888261684283,38.945168,0.37181421825364624
A1_LCD_plus_NLS,5,3863,2,3.3520148306788284,11.236003425090818,47.669724,0.48823802268915456
A1_LCD_plus_NLS,5,3863,3,2.4257719876833277,5.8843697362291225,26.717476,0.20023972494143036
A1_LCD_plus_NLS,5,3863,4,2.2995640399651087,5.287994773900651,7.2017713,0.18914392447615774
A1_LCD_plus_NLS,5,3863,5,2.506575487181653,6.282920672939943,78.89157,0.29084277497188743
A1_LCD_plus_NLS,5,3863,6,3.3009252716838033,10.896107649240792,4.44353,0.609436651364079
A1_LCD_plus_NLS,5,3863,7,2.6980035414735486,7.279223109803812,46.986015,0.11612135021907102
A1_LCD_plus_NLS,5,3863,8,2.8715982115621856,8.246076288647142,39.04225,0.28983503198217886
A1_LCD_plus_NLS,5,3863,9,2.7281540258266177,7.442824388633982,60.604893,0.3430947887849568
A1_LCD_plus_NLS,5,3863,10,3.140640161012669,9.863620620965685,69.83905,0.41208560385233495
A1_LCD_plus_NLS,5,3863,11,2.282288065442511,5.208838813661317,18.362083,0.1867614153575941
A1_LCD_plus_NLS,5,3863,12,2.798102577406965,7.829378033691503,56.275658,0.1436088522207553
A1_LCD_plus_NLS,5,3863,13,2.5001780194205363,6.250890128793596,23.740576,0.24476835805870914
A1_LCD_plus_NLS,5,3863,14,2.98973288756485,8.938502738986855,69.39038,0.4999143591269224
A1_LCD_plus_NLS,5,3863,15,4.08606806636578,16.695952242974183,152.08812,0.5117780962839598
A1_LCD_plus_NLS,5,3863,16,3.976911924063118,15.815828451755408,59.04834,0.5590244122609658
A1_LCD_plus_NLS,5,3863,17,3.634176769620628,13.207240792850222,102.564285,0.7274343421496634
A1_LCD_plus_NLS,5,3863,18,4.59737011151976,21.135811942295213,145.40363,0.5842904623928438
A1_LCD_plus_NLS,5,3863,19,3.9400426821953576,15.523936337521187,137.9748,0.43766116949533695
A1_LCD_plus_NLS,5,3863,20,3.807155792426827,14.49443522780914,127.78551,0.7087436435697976
A1_LCD_plus_NLS,5,3863,21,3.6633532478039412,13.420157018195686,92.031006,0.6740569831473382
A1_LCD_plus_NLS,5,3863,22,3.2329378424244397,10.451887092979996,98.664215,0.4281486839232537
A1_LCD_plus_NLS,5,3863,23,3.8227619700962947,14.613509080014504,52.890125,0.37811306959183
A1_LCD_plus_NLS,5,3863,24,3.081444488822266,9.495300137693118,36.986046,0.1951080638144217
A1_LCD_plus_NLS,5,3863,25,2.7372315227870208,7.492436409338951,8.850617,0.3337898875498374
A1_LCD_plus_NLS,5,3863,26,3.374570283641329,11.387724599235119,34.060635,0.412130548586098
A1_LCD_plus_NLS,5,3863,27,2.9133438343670486,8.487572297244496,29.274818,0.3485333213084311
A1_LCD_plus_NLS,5,3863,28,2.673057278040864,7.145235211687234,16.523668,0.2849735229708428
A1_LCD_plus_NLS,5,3863,29,3.9241643378494575,15.399065750449472,113.276794,0.5828601319458547
A1_LCD_plus_NLS,5,3863,30,2.824144719192225,7.975793394941332,50.81846,0.29314122922744856
A1_LCD_plus_NLS,5,3863,31,3.092480692078016,9.563436830875329,49.947575,0.3409073395580212
A1_LCD_plus_NLS,5,3863,32,3.4711242273833607,12.048703401927732,75.56168,0.45974189658528186
A1_LCD_plus_NLS,5,3863,33,2.937082165163591,8.626451644922048,62.54303,0.5842932455226832
A1_LCD_plus_NLS,5,3863,34,4.900749895591871,24.017349539143737,157.265,0.78139017922469
A1_LCD_plus_NLS,5,3863,35,4.470766372235892,19.98775195511528,104.86766,0.30401073623811825
A1_LCD_plus_NLS,5,3863,36,3.2875511239145374,10.807992392351737,56.8886,0.3302371867155574
A1_LCD_plus_NLS,5,3863,37,4.322710537308787,18.68582638936042,179.63535,0.5664133562024721
A1_LCD_plus_NLS,5,3863,38,3.699449470205319,13.685926382602416,71.65296,0.4560710694988772
A1_LCD_plus_NLS,5,3863,39,3.459142602367711,11.96566754351526,64.637535,0.36059162654830035
A1_LCD_plus_NLS,5,3863,40,3.6372636281907886,13.229686700959618,86.888695,0.6092645815259402
A1_LCD_plus_NLS,5,3863,41,2.908579632167164,8.459835476657675,23.2223,0.21519509647563562
A1_LCD_plus_NLS,5,3863,42,2.2677625360288705,5.142746919816092,17.547167,0.16834847365485078
A1_LCD_plus_NLS,5,3863,43,3.1324444119661035,9.812207994057667,14.198858,0.19110776380196048
A1_LCD_plus_NLS,5,3863,44,3.9301837207549424,15.446344078887162,170.54538,0.6687582222122688
A1_LCD_plus_NLS,5,3863,45,3.0205585593580797,9.123774010511356,28.028263,0.46471466109919224
A1_LCD_plus_NLS,5,3863,46,3.7513036338835755,14.07227895358812,88.771675,0.6756641835566956
A1_LCD_plus_NLS,5,3863,47,3.4859632645600245,12.151939881861983,125.625565,0.3410525391229495
A1_LCD_plus_NLS,5,3863,48,2.7425433409437905,7.5215439769551296,17.157291,0.3544226206774943
A1_LCD_plus_NLS,5,3863,49,2.44934492459712,5.999290559649673,23.807585,0.14400405748783213
A1_LCD_plus_NLS,5,3863,50,2.9063374412866465,8.446797322624612,3.1784518,0.2032742982263374
A1_LCD_plus_NLS,5,3863,51,3.0169648802880307,9.102077088891372,32.33733,0.3524348961139565
A1_LCD_plus_NLS,5,3863,52,3.287140101425178,10.805290046397532,20.795479,0.3415899466479806
A1_LCD_plus_NLS,5,3863,53,3.055306424031171,9.334897344726143,48.844383,0.34168872450620025
A1_LCD_plus_NLS,5,3863,54,2.734319910685949,7.476505373973616,33.757233,0.21855462733276837
A1_LCD_plus_NLS,5,3863,55,3.187499386478365,10.160152338799953,87.39062,0.319762935269863
A1_LCD_plus_NLS,5,3863,56,2.702490138467141,7.303452948512146,52.286625,0.2928688394569029
A1_LCD_plus_NLS,5,3863,57,4.948332303530631,24.485992586164755,162.3341,0.6922154783567138
A1_LCD_plus_NLS,5,3863,58,4.287251990244765,18.380529627857698,111.03415,0.7883441528607409
A1_LCD_plus_NLS,5,3863,59,3.349248489862035,11.217465446843123,32.329185,0.41577899568573773
A1_LCD_plus_NLS,5,3863,60,3.0770593912728046,9.468294497420162,38.143436,0.2083905496729453
A1_LCD_plus_NLS,5,3863,61,2.911307236002202,8.475709822398782,4.624262,0.404279056369786
A1_LCD_plus_NLS,5,3863,62,5.021199905534662,25.21244849134129,136.11015,0.7444140102781428
A1_LCD_plus_NLS,5,3863,63,4.976388630405295,24.764443800827088,165.71884,0.5815679136185697
A1_LCD_plus_NLS,5,3863,64,3.8654600513247734,14.94178140838772,38.870464,0.4885347726112324
A1_LCD_plus_NLS,5,3863,65,3.3183031927338753,11.011136078907835,19.915634,0.18647406724060606
A1_LCD_plus_NLS,5,3863,66,2.774610164406348,7.69846156442702,54.509624,0.1593765713040048
A1_LCD_plus_NLS,5,3863,67,2.269997703387284,5.152889573383546,6.522697,0.10153242858209632
A1_LCD_plus_NLS,5,3863,68,3.6860445871030745,13.58692469811188,117.45694,0.5838739212281032
A1_LCD_plus_NLS,5,3863,69,4.5342805832662885,20.559700407785677,272.1949,0.6902520020798898
A1_LCD_plus_NLS,5,3863,70,2.920626674940022,8.53006017437121,18.063608,0.27070601116065574
A1_LCD_plus_NLS,5,3863,71,3.111734155861551,9.6828894567554,57.765915,0.3571515450859733
A1_LCD_plus_NLS,5,3863,72,3.738634271475568,13.97738621585165,108.982506,0.6675814669871077
A1_LCD_plus_NLS,5,3863,73,3.3940501414577913,11.519576362729653,33.31152,0.25695507342888946
A1_LCD_plus_NLS,5,3863,74,2.9009224831798566,8.415351253418384,47.779182,0.42280032116976796
A1_LCD_plus_NLS,5,3863,75,4.309605645843066,18.57270082268244,184.0099,0.6780299038006625
A1_LCD_plus_NLS,5,3863,76,2.9973588002729197,8.984159777573518,39.079407,0.2611168987750966
A1_LCD_plus_NLS,5,3863,77,3.1899341361444082,10.17567979293937,35.491203,0.1635558728622289
A1_LCD_plus_NLS,5,3863,78,2.3300206804569283,5.428996371356969,15.825769,0.21393709063248423
A1_LCD_plus_NLS,5,3863,79,2.5843291327507836,6.678757066384416,35.767944,0.11911923697272839
A1_LCD_plus_NLS,5,3863,80,2.839524760498937,8.062900865486547,41.888275,0.3039129507353946
A1_LCD_plus_NLS,5,3863,81,3.5909633302408945,12.895017639134782,77.44065,0.4146504833959759
A1_LCD_plus_NLS,5,3863,82,3.0245960931265587,9.148181526556442,38.327652,0.3372308527785282
A1_LCD_plus_NLS,5,3863,83,4.263689110214007,18.179044828557505,131.75319,0.6759089167159835
A1_LCD_plus_NLS,5,3863,84,4.9069679489175035,24.078334451703643,153.03036,0.6091205098829174
A1_LCD_plus_NLS,5,3863,85,3.525128051309202,12.426527778127012,115.82802,0.5679295057869068
A1_LCD_plus_NLS,5,3863,86,4.287477897733179,18.382466723550525,168.72998,0.7320621105442608
A1_LCD_plus_NLS,5,3863,87,5.090452895972589,25.912710686115727,195.03334,0.7877564869289688
A1_LCD_plus_NLS,5,3863,88,4.354397726945735,18.960779564430187,141.85484,0.6372707524325334
A1_LCD_plus_NLS,5,3863,89,2.9026158623973197,8.425178844640536,26.010483,0.2510168960769378
A1_LCD_plus_NLS,5,3863,90,2.173256443513759,4.723043569274072,29.98516,0.10314596061230272
A1_LCD_plus_NLS,5,3863,91,3.5788317672034533,12.808036817944592,107.4753,0.4917708138507352
A1_LCD_plus_NLS,5,3863,92,4.689758542511301,21.993835187057716,149.21155,0.6789747306018442
A1_LCD_plus_NLS,5,3863,93,4.468273959180888,19.965472174294042,146.86685,0.7679280846353643
A1_LCD_plus_NLS,5,3863,94,3.2387035165072304,10.4892004678363,91.598206,0.437538457225174
A1_LCD_plus_NLS,5,3863,95,4.07243804962006,16.584751667993245,128.57866,0.5449548970479025
A1_LCD_plus_NLS,5,3863,96,3.5014687639312734,12.260283504786402,115.17839,0.6390378575139195
A1_LCD_plus_NLS,5,3863,97,4.446005974052445,19.766969121310037,146.18445,0.5000603107813657
A1_LCD_plus_NLS,5,3863,98,3.0673964122833905,9.40892075008902,49.47032,0.4475346132613417
A1_LCD_plus_NLS,5,3863,99,3.5893749330913294,12.883612410304382,50.485626,0.4566041898315216
A1_LCD_plus_NLS,5,3863,100,3.291727903340953,10.835472589633428,13.940011,0.1615241016247769
A1_LCD_plus_NLS,5,3863,101,3.823790808743299,14.62137614902973,85.95297,0.5191665495286467
A1_LCD_plus_NLS,5,3863,102,4.239915724910395,17.976885354342432,214.70706,0.7653965412741282
A1_LCD_plus_NLS,5,3863,103,4.871831023853341,23.734737524979888,252.90315,0.7695905187076384
A1_LCD_plus_NLS,5,3863,104,4.845358210266328,23.477496185795314,180.121,0.7601667133907182
A1_LCD_plus_NLS,5,3863,105,3.491445632771253,12.190192606597451,128.08444,0.7140995690396007
A1_LCD_plus_NLS,5,3863,106,2.8882094645491803,8.341753911111462,7.9757733,0.4117620794537026
A1_LCD_plus_NLS,5,3863,107,2.9694282168137267,8.817503934809551,58.474888,0.14593553638744722
A1_LCD_plus_NLS,5,3863,108,2.503990535712786,6.269968602939205,19.971802,0.13421508564102597
A1_LCD_plus_NLS,5,3863,109,3.8857221653676524,15.09883674642948,144.84065,0.43758323294514456
A1_LCD_plus_NLS,5,3863,110,3.635000886729665,13.21323144652545,48.216984,0.6432281626477061
A1_LCD_plus_NLS,5,3863,111,2.059868043963683,4.243056358542771,32.01815,0.13468872382312358
A1_LCD_plus_NLS,5,3863,112,3.7416153058537955,13.999685096999391,69.15632,0.5114316918526502
A1_LCD_plus_NLS,5,3863,113,3.3123047167777546,10.971362536788163,122.95828,0.609328152141551
A1_LCD_plus_NLS,5,3863,114,3.627623687874223,13.159653620826184,103.60593,0.5884630791277432
A1_LCD_plus_NLS,5,3863,115,3.06787470451821,9.411855202622695,140.99486,0.5221952951383279
A1_LCD_plus_NLS,5,3863,116,3.7641908505021116,14.169132759003807,53.93334,0.215001525238562
A1_LCD_plus_NLS,5,3863,117,3.3200023747334804,11.02241576823595,52.197872,0.22391312465114213
A1_LCD_plus_NLS,5,3863,118,2.5103910212534375,6.302063079589875,6.183696,0.27312444680859865
A1_LCD_plus_NLS,5,3863,119,2.2713440528583932,5.159003806455193,31.197979,0.3459371780957487
A1_LCD_plus_NLS,5,3863,120,3.2975258069146056,10.873676447267824,32.689526,0.15167605534975548
A1_LCD_plus_NLS,5,3863,121,3.4695526496126123,12.0377955884339,68.84964,0.6312923229459271
A1_LCD_plus_NLS,5,3863,122,3.7222544834686557,13.85517843970251,32.279392,0.34758533578398876
A1_LCD_plus_NLS,5,3863,123,2.5370012728319873,6.436375458351124,77.41664,0.17026306998611193
A1_LCD_plus_NLS,5,3863,124,2.4440221277081355,5.973244160727003,4.1102066,0.40442651399739304
A1_LCD_plus_NLS,5,3863,125,3.1199827816151102,9.734292557574761,12.322224,0.2180995981465143
A1_LCD_plus_NLS,5,3863,126,3.4597379189461406,11.969786467793769,118.46037,0.7187004128152004
A1_LCD_plus_NLS,5,3863,127,4.397980297488732,19.342230697099076,137.26427,0.5803009041673453
A1_LCD_plus_NLS,5,3863,128,4.601766874778351,21.176258369807318,175.44798,0.6571579933208317
A1_LCD_plus_NLS,5,3863,129,2.9759589317538766,8.856331563485675,67.2077,0.4562332027990921
A1_LCD_plus_NLS,5,3863,130,2.5151644704654603,6.326052313491797,35.185658,0.14295511715490472
A1_LCD_plus_NLS,5,3863,131,4.119102345435193,16.967004132169702,35.708015,0.2825976832149582
A1_LCD_plus_NLS,5,3863,132,3.222939570824169,10.38733947718428,80.58605,0.2287931879548294
A1_LCD_plus_NLS,5,3863,133,2.7590521717927827,7.612368886674473,43.309692,0.15693872659935415
A1_LCD_plus_NLS,5,3863,134,3.5360461758554256,12.503622557781782,145.11124,0.6013500944851143
A1_LCD_plus_NLS,5,3863,135,2.838927216366492,8.059507739826397,34.641163,0.21402841183100918
A1_LCD_plus_NLS,5,3863,136,2.545755443534463,6.48087077828535,10.347685,0.35770951196082
A1_LCD_plus_NLS,5,3863,137,3.277911229539681,10.744702028742344,75.529175,0.4312189424731028
A1_LCD_plus_NLS,5,3863,138,2.858718867109045,8.172273561165222,29.348175,0.3196987337155712
A1_LCD_plus_NLS,5,3863,139,2.849227142288219,8.11809530835189,52.64814,0.3298362582785077
A1_LCD_plus_NLS,5,3863,140,3.2526797425858227,10.579925507828174,15.537362,0.388704017154338
A1_LCD_plus_NLS,5,3863,141,3.4121895449361084,11.64303749057129,69.5725,0.25221891129806717
A1_LCD_plus_NLS,5,3863,142,3.5046435156538407,12.28252617181451,101.905655,0.42817889174955137
A1_LCD_plus_NLS,5,3863,143,3.627891513692206,13.161596835119926,75.532455,0.4154762117011451
A1_LCD_plus_NLS,5,3863,144,5.259729296080598,27.664752268048506,324.06375,0.8598863897322567
A1_LCD_plus_NLS,5,3863,145,4.448424131795296,19.78847725633873,131.62845,0.39249308449476117
A1_LCD_plus_NLS,5,3863,146,3.7590569361687454,14.130509049358354,61.710777,0.6423343389592631
A1_LCD_plus_NLS,5,3863,147,2.92912307886885,8.579762011162131,39.77769,0.27171039362025556
A1_LCD_plus_NLS,5,3863,148,2.4866085898462797,6.183222279097302,27.829798,0.08912810244372342
A1_LCD_plus_NLS,5,3863,149,3.6119963998312246,13.046517992393726,93.711555,0.43707536491252597
A1_LCD_plus_NLS,5,3863,150,3.1596637335884896,9.983474909354351,37.27091,0.326557929895147
A1_LCD_plus_NLS,5,3863,151,3.8012809757211863,14.449737056379817,128.86171,0.3814819282160419
A1_LCD_plus_NLS,5,3863,152,3.737637691077634,13.969935509764149,58.623978,0.46543648935892157
A1_LCD_plus_NLS,5,3863,153,2.528112880387845,6.391354735982927,23.834944,0.30008480704467205
A1_LCD_plus_NLS,5,3863,154,4.273785766546578,18.265244778336125,76.26015,0.3619686950054909
A1_LCD_plus_NLS,5,3863,155,3.166904097920054,10.029281565422831,6.815236,0.517368772472747
A1_LCD_plus_NLS,5,3863,156,4.2172078085076015,17.784841700137488,81.72437,0.3832225612884166
A1_LCD_plus_NLS,5,3863,157,3.198996198793885,10.23357667989772,36.72415,0.43169837909103415
A1_LCD_plus_NLS,5,3863,158,3.3257640645963606,11.060706613360509,95.700294,0.5106035692077049
A1_LCD_plus_NLS,5,3863,159,4.049616636996596,16.399394906639625,202.6424,0.6741098697649712
A1_LCD_plus_NLS,5,3863,160,4.4133151374742425,19.47735050265929,204.39674,0.6639202652769556
A1_LCD_plus_NLS,5,3863,161,3.0502118062472823,9.30379206297031,44.84978,0.6476147025868294
A1_LCD_plus_NLS,5,3863,162,5.445604815539104,29.65461180702268,272.4031,0.7586277316344878
A1_LCD_plus_NLS,5,3863,163,3.6419759845221473,13.263989071836061,132.00703,0.6987026517944276
A1_LCD_plus_NLS,5,3863,164,2.295677992223854,5.270137443980944,49.81586,0.21393718484091306
A1_LCD_plus_NLS,5,3863,165,2.7714602123902066,7.68099170886197,38.08432,0.20768307956337403
A1_LCD_plus_NLS,5,3863,166,2.368803896122928,5.611231898287163,8.257571,0.12296149834388853
A1_LCD_plus_NLS,5,3863,167,2.641038394038956,6.9750837987878676,15.333237,0.20250715696342286
A1_LCD_plus_NLS,5,3863,168,2.333184090596535,5.443748000612781,40.201267,0.2896225530048763
A1_LCD_plus_NLS,5,3863,169,2.6934842190736767,7.254857238398934,21.786545,0.35294179314026897
A1_LCD_plus_NLS,5,3863,170,3.112419110501979,9.687152719417933,104.423485,0.46253819389981043
A1_LCD_plus_NLS,5,3863,171,3.647962535351701,13.307630659329611,94.42634,0.6057789778427942
A1_LCD_plus_NLS,5,3863,172,3.1246926583395354,9.763704209080995,22.088417,0.5937931780592495
A1_LCD_plus_NLS,5,3863,173,5.130395543614692,26.32095843394148,271.78732,0.8941753803500645
A1_LCD_plus_NLS,5,3863,174,2.8915688248862,8.36117026905376,34.256435,0.15892632380808833
A1_LCD_plus_NLS,5,3863,175,2.589900368959076,6.707583921134357,31.860516,0.3284611324352317
A1_LCD_plus_NLS,5,3863,176,3.14334917597988,9.88064404213339,63.230812,0.3591394044806866
A1_LCD_plus_NLS,5,3863,177,3.583536121576832,12.841731134645924,110.00652,0.4877893358321388
A1_LCD_plus_NLS,5,3863,178,2.8015781303472975,7.848840020440257,3.7494714,0.43674685309269323
A1_LCD_plus_NLS,5,3863,179,2.9021070850108797,8.422225532870344,26.681656,0.29170290276512667
A1_LCD_plus_NLS,5,3863,180,3.8940192036192864,15.163385558155777,70.26985,0.5779633509810024
A1_LCD_plus_NLS,5,3863,181,4.224377167297199,17.845362451581906,167.39401,0.6763596300317161
A1_LCD_plus_NLS,5,3863,182,4.122969429540762,16.998876916927678,73.42231,0.3887102338458034
A1_LCD_plus_NLS,5,3863,183,3.229074794104685,10.426924025922215,37.143456,0.533535894111573
A1_LCD_plus_NLS,5,3863,184,3.0131734632953924,9.079214319907551,70.49583,0.36364430673433745
A1_LCD_plus_NLS,5,3863,185,2.900334401838981,8.411939642490683,48.05648,0.6484688360129919
A1_LCD_plus_NLS,5,3863,186,2.447059583067612,5.9881006030830335,49.049953,0.20177554200975178
A1_LCD_plus_NLS,5,3863,187,3.3202951930442692,11.024360168952876,80.73052,0.2293945993543432
A1_LCD_plus_NLS,5,3863,188,3.0012637610152795,9.00758416318358,73.48363,0.33969000871141736
A1_LCD_plus_NLS,5,3863,189,3.211687285018355,10.314935216748573,74.68976,0.6040338868618258
A1_LCD_plus_NLS,5,3863,190,2.596936499899123,6.7440791845083075,32.40145,0.12720226867059045
A1_LCD_plus_NLS,5,3863,191,2.441936377132676,5.963053269963856,51.403755,0.17000707334577492
A1_LCD_plus_NLS,5,3863,192,3.6132504856276073,13.05557907188814,59.641014,0.4640351506697342
A1_LCD_plus_NLS,5,3863,193,3.651430198668592,13.332942495748954,49.60031,0.689502232968469
A1_LCD_plus_NLS,5,3863,194,2.9353288156786697,8.616155256153538,41.896393,0.5111795313040113
A1_LCD_plus_NLS,5,3863,195,1.953306523193232,3.8154063735492323,3.9392948,0.12370975559575122
A1_LCD_plus_NLS,5,3863,196,2.9652509434899805,8.792713157868224,96.52415,0.424950831438186
A1_LCD_plus_NLS,5,3863,197,4.718718957682708,22.266308601594183,201.27603,0.7439135190204306
A1_LCD_plus_NLS,5,3863,198,2.779652157659667,7.726466117582041,54.92993,0.20290993959198886
A1_LCD_plus_NLS,5,3863,199,4.218096646099609,17.79233931583677,108.45117,0.47021796524820836
A1_LCD_plus_NLS,5,3863,200,3.0101688669673816,9.06111660765969,36.229492,0.20426274021133733
A1_LCD_plus_NLS,5,3863,201,3.1756305181278197,10.084629187664767,56.046925,0.49488957245357945
A1_LCD_plus_NLS,5,3863,202,2.864624830293968,8.206075418336745,16.25852,0.2898585820811424
A1_LCD_plus_NLS,5,3863,203,4.472522728853747,20.003459560113367,114.88989,0.3126132631618186
A1_LCD_plus_NLS,5,3863,204,3.0053015438380557,9.031837369395403,52.809933,0.5155593187294505
A1_LCD_plus_NLS,5,3863,205,3.0929457140409213,9.566313190004102,58.43685,0.36524024088726337
A1_LCD_plus_NLS,5,3863,206,2.9452713089203586,8.674623083149443,32.3195,0.23884625907768398
A1_LCD_plus_NLS,5,3863,207,3.43933339759579,11.829014219817802,91.62802,0.22650336974419563
A1_LCD_plus_NLS,5,3863,208,3.1247977697052143,9.76436110155468,107.42727,0.6290218091894187
A1_LCD_plus_NLS,5,3863,209,2.52468606053119,6.374039704240499,57.128044,0.25914119452917084
A1_LCD_plus_NLS,5,3863,210,2.79312309963006,7.8015366496870335,19.541658,0.4057153758630382
A1_LCD_plus_NLS,5,3863,211,3.7218692377482037,13.852310622896393,131.61382,0.5071454619937348
A1_LCD_plus_NLS,5,3863,212,3.8058410432234,14.48442604628378,43.081978,0.3265351587979821
A1_LCD_plus_NLS,5,3863,213,4.704654636634387,22.133775250005435,239.41959,0.5788598131638791
A1_LCD_plus_NLS,5,3863,214,4.372066601453839,19.11496636754812,102.10837,0.6333319451368148
A1_LCD_plus_NLS,5,3863,215,3.018402305282944,9.11075247653739,47.092514,0.5108315645229615
A1_LCD_plus_NLS,5,3863,216,2.9340387002233363,8.608583094408244,12.529882,0.3900418752559793
A1_LCD_plus_NLS,5,3863,217,3.153234210376987,9.942885985491781,50.915066,0.36928387795978757
A1_LCD_plus_NLS,5,3863,218,5.441501260002421,29.609935962607945,287.65808,0.8075278872345253
A1_LCD_plus_NLS,5,3863,219,5.1057736207735935,26.068924266587487,155.74446,0.8490666335314323
A1_LCD_plus_NLS,5,3863,220,3.783611962953205,14.315719486202603,109.132355,0.3811909860051039
A1_LCD_plus_NLS,5,3863,221,3.635773401229757,13.218848225089793,97.53162,0.4416271625732604
A1_LCD_plus_NLS,5,3863,222,3.8855791914856526,15.097725653306304,82.30419,0.5947200583711669
A1_LCD_plus_NLS,5,3863,223,4.400697226785098,19.366136081834053,173.58224,0.7014394227324875
A1_LCD_plus_NLS,5,3863,224,4.493387317731444,20.19052958714978,209.16426,0.7012186892590774
A1_LCD_plus_NLS,5,3863,225,2.5859267367352605,6.687017087762273,34.64104,0.19590432942843677
A1_LCD_plus_NLS,5,3863,226,3.7380853969641583,13.973282434996687,88.74811,0.4588693354530886
A1_LCD_plus_NLS,5,3863,227,3.018108732777991,9.10898032287077,40.958687,0.323792067501276
A1_LCD_plus_NLS,5,3863,228,4.566205542932443,20.85023306030697,232.844,0.6791775395524462
A1_LCD_plus_NLS,5,3863,229,3.0165007609896284,9.099276841051008,35.459625,0.32540941728176576
A1_LCD_plus_NLS,5,3863,230,2.247567093740236,5.05155784086393,32.60723,0.026307756795499293
A1_LCD_plus_NLS,5,3863,231,2.9514233463909836,8.710899769621749,50.66355,0.4576251291385404
A1_LCD_plus_NLS,5,3863,232,2.611467474624304,6.81976237102064,23.801394,0.25315548470844945
A1_LCD_plus_NLS,5,3863,233,4.3302973422787945,18.751475072546786,119.57018,0.7169801881977448
A1_LCD_plus_NLS,5,3863,234,4.850253054627992,23.52495469392817,219.04807,0.7715918600229246
A1_LCD_plus_NLS,5,3863,235,4.615392213104045,21.301845280781453,153.87788,0.7079729175932593
A1_LCD_plus_NLS,5,3863,236,3.8298666840335587,14.667878817470205,40.628643,0.5128641401981814
A1_LCD_plus_NLS,5,3863,237,3.412363068785764,11.644221713212994,36.879684,0.23170799386844376
A1_LCD_plus_NLS,5,3863,238,3.3453713295484513,11.191509332564774,110.54184,0.30126531895729125
A1_LCD_plus_NLS,5,3863,239,3.5113308199773834,12.329444127323043,37.90591,0.1729479795941331
A1_LCD_plus_NLS,5,3863,240,2.8608650471272177,8.184548817874218,17.666315,0.3659516208198943
A1_LCD_plus_NLS,5,3863,241,2.6407400196482813,6.973507851372005,13.489552,0.18329973132350746
A1_LCD_plus_NLS,5,3863,242,4.08594442523566,16.694941846114368,152.778,0.7831846045026525
A1_LCD_plus_NLS,5,3863,243,4.344195087037875,18.872030954244007,176.81253,0.6598404940383036
A1_LCD_plus_NLS,5,3863,244,2.6260014495689306,6.895883613138127,52.628593,0.21320568822164582
A1_LCD_plus_NLS,5,3863,245,3.0104937765183037,9.06307277845544,28.474022,0.38104725541197004
A1_LCD_plus_NLS,5,3863,246,4.336442525358258,18.804733775735514,154.24446,0.5430035128079768
A1_LCD_plus_NLS,5,3863,247,4.346627198905114,18.89316800626172,154.92917,0.6473468847336127
A1_LCD_plus_NLS,5,3863,248,5.215651467098074,27.203020226242298,176.08835,0.6389227287854398
A1_LCD_plus_NLS,5,3863,249,3.6134680144271263,13.057151091287917,78.72241,0.5336420696134296
A1_LCD_plus_NLS,5,3863,250,4.2822885279873395,18.337995036931968,177.66592,0.765047919951835
A1_LCD_plus_NLS,5,3863,251,3.974129945415604,15.793708823049034,136.96208,0.29682812932557207
A1_LCD_plus_NLS,5,3863,252,3.5684288482224678,12.733684444826327,105.89776,0.5176639168863872
A1_LCD_plus_NLS,5,3863,253,3.0790125817590046,9.480318478630252,82.19176,0.4294418957383692
A1_LCD_plus_NLS,5,3863,254,4.833955573264244,23.367126484292445,178.15479,0.7286181247184766
A1_LCD_plus_NLS,5,3863,255,4.28389783647547,18.35178067335921,137.89777,0.7354527382173855
A1_LCD_plus_NLS,5,3863,256,4.229310407811843,17.887066525625567,176.98817,0.544923328196631
A1_LCD_plus_NLS,5,3863,257,3.6252481896716713,13.142424436717729,45.14109,0.47173254414973276
A1_LCD_plus_NLS,5,3863,258,3.0926907130041923,9.56473584630238,77.79947,0.2528072369747036
A1_LCD_plus_NLS,5,3863,259,2.4541744397872516,6.02297218090507,40.372364,0.18287315590065722
A1_LCD_plus_NLS,5,3863,260,4.742773033810907,22.49389605024391,121.86711,0.543295793177321
A1_LCD_plus_NLS,5,3863,261,2.641491670988155,6.977478247899796,23.067913,0.3157122821026877
A1_LCD_plus_NLS,5,3863,262,2.607873918224862,6.801006373357492,8.458123,0.16329466966585798
A1_LCD_plus_NLS,5,3863,263,2.5811868242112244,6.662525421481627,10.037672,0.12891883250677355
A1_LCD_plus_NLS,5,3863,264,3.7727311432389845,14.233500279165334,80.86397,0.7384301666317015
A1_LCD_plus_NLS,5,3863,265,6.0905855895981444,37.09523282422058,374.20132,0.8623345554822401
A1_LCD_plus_NLS,5,3863,266,5.273720883916902,27.81213196146127,174.11096,0.7230237544575888
A1_LCD_plus_NLS,5,3863,267,3.9210320877138627,15.374492632881731,171.27611,0.5270107106109309
A1_LCD_plus_NLS,5,3863,268,4.369897906452716,19.096007712819834,95.07974,0.7011956164982014
A1_LCD_plus_NLS,5,3863,269,3.522923080883845,12.410987033824124,104.83055,0.49624372417254825
A1_LCD_plus_NLS,5,3863,270,3.2190514650404074,10.362292334578793,51.179688,0.15928440603447552
A1_LCD_plus_NLS,5,3863,271,2.888468999560443,8.343253161421709,49.45326,0.4011918328806221
A1_LCD_plus_NLS,5,3863,272,3.662017286090991,13.410370603629227,93.54879,0.5588368375840186
A1_LCD_plus_NLS,5,3863,273,4.2153812525367576,17.769439104238355,80.045166,0.6952636175281349
A1_LCD_plus_NLS,5,3863,274,5.08521652575107,25.85942711377177,107.056725,0.31609293874636324
A1_LCD_plus_NLS,5,3863,275,3.5877860134094366,12.87220847801638,102.136116,0.4388102747254814
A1_LCD_plus_NLS,5,3863,276,2.412047533779621,5.81797330521235,78.86125,0.16541808111534778
A1_LCD_plus_NLS,5,3863,277,3.711653808824125,13.776373996558632,145.04593,0.6141937899375292
A1_LCD_plus_NLS,5,3863,278,3.132641839737807,9.813444896075872,69.85295,0.4118117875476334
A1_LCD_plus_NLS,5,3863,279,3.213506454364573,10.326623732242767,43.110043,0.34363420123225663
A1_LCD_plus_NLS,5,3863,280,3.5308172579937276,12.466670509346345,18.247883,0.5878647863338655
A1_LCD_plus_NLS,5,3863,281,4.783922886741451,22.88591818628866,220.0829,0.7638056631659065
A1_LCD_plus_NLS,5,3863,282,3.0365881513501534,9.220867600920144,31.40435,0.12951479667853538
A1_LCD_plus_NLS,5,3863,283,3.4421228896815004,11.848209987669321,72.11891,0.44727067742377935
A1_LCD_plus_NLS,5,3863,284,3.8004029838200437,14.443062839428288,131.42725,0.6106528188317016
A1_LCD_plus_NLS,5,3863,285,4.745575740629312,22.520489110049446,66.99452,0.7190611978377541
A1_LCD_plus_NLS,5,3863,286,2.6333771343450314,6.934675131691247,7.4555674,0.3368273377653455
A1_LCD_plus_NLS,5,3863,287,3.018402970683544,9.110756493431243,107.419426,0.5558299460217518
A1_LCD_plus_NLS,5,3863,288,2.6584372593290135,7.067288661788758,25.249168,0.06461663818378754
A1_LCD_plus_NLS,5,3863,289,2.914996849328271,8.497206631593746,38.647903,0.575463749352052
A1_LCD_plus_NLS,5,3863,290,2.2382006592864556,5.009542191230321,35.578102,0.23964656321137678
A1_LCD_plus_NLS,5,3863,291,2.3483191241260877,5.514602708736316,37.37542,0.07630588260949117
A1_LCD_plus_NLS,5,3863,292,2.965029302190225,8.791398762846653,103.58236,0.4600243335510765
A1_LCD_plus_NLS,5,3863,293,3.4152122329516206,11.663674596102393,109.76903,0.5429108525887985
A1_LCD_plus_NLS,5,3863,294,3.977254246874999,15.818551344285217,130.71793,0.4230510133461075
A1_LCD_plus_NLS,5,3863,295,3.3444604787307757,11.185415893792088,18.606016,0.5121026762446916
A1_LCD_plus_NLS,5,3863,296,2.871552003663914,8.24581090974624,47.59918,0.23386483483355697
A1_LCD_plus_NLS,5,3863,297,4.049267604239833,16.396568130746196,123.42728,0.6002881091562778
A1_LCD_plus_NLS,5,3863,298,2.964300041468523,8.787074735850288,53.897728,0.17875688983509244
A1_LCD_plus_NLS,5,3863,299,4.2076565666952925,17.704373783254017,163.09097,0.5866882966173046
A1_LCD_plus_NLS,5,3863,300,2.593001185167542,6.723655146280278,15.6333475,0.38946951999244134
A1_LCD_plus_NLS,5,3863,301,4.05523960901193,16.444968286499233,126.07757,0.24072998969114673
A1_LCD_plus_NLS,5,3863,302,2.506953291831347,6.284814807424028,25.694214,0.3480860076741297
A1_LCD_plus_NLS,5,3863,303,2.618209616705942,6.855021597011476,43.720467,0.4423448024111116
A1_LCD_plus_NLS,5,3863,304,3.5074653300149645,12.302313041256989,121.84552,0.3076161883980899
A1_LCD_plus_NLS,5,3863,305,3.1206726387461123,9.73859771821862,44.73507,0.22402373443386017
A1_LCD_plus_NLS,5,3863,306,3.7144975351773653,13.797491938838723,45.76588,0.3986397265141506
A1_LCD_plus_NLS,5,3863,307,3.6927955048101415,13.636738640345985,36.145844,0.3772741783906617
A1_LCD_plus_NLS,5,3863,308,4.138728106408282,17.129070338773882,174.63419,0.6346790749633395
A1_LCD_plus_NLS,5,3863,309,4.300136398474834,18.49117304548812,197.52289,0.6417751053661567
A1_LCD_plus_NLS,5,3863,310,3.1607690191128457,9.99046079218358,73.839294,0.4293877078677808
A1_LCD_plus_NLS,5,3863,311,3.991585824650593,15.932757395551556,126.92599,0.6178548826258976
A1_LCD_plus_NLS,5,3863,312,2.11048035354582,4.454127322702889,41.15302,0.22653794539053565
A1_LCD_plus_NLS,5,3863,313,2.389794842077264,5.711119387219095,31.997166,0.24546788909689532
A1_LCD_plus_NLS,5,3863,314,2.9876963398007437,8.926329418858762,28.848852,0.5280298982401399
A1_LCD_plus_NLS,5,3863,315,3.2077963671828034,10.289957533311192,104.02349,0.3611853181777526
A1_LCD_plus_NLS,5,3863,316,2.795671634084604,7.81577988562528,17.709675,0.30205297733294273
A1_LCD_plus_NLS,5,3863,317,3.6367454320026806,13.225917337192364,121.505554,0.37708333897022484
A1_LCD_plus_NLS,5,3863,318,2.986023722042345,8.916337668599617,89.1626,0.2838786488885569
A1_LCD_plus_NLS,5,3863,319,2.7253249514574205,7.4273960910363925,1.2466136,0.3515222727592637
A1_LCD_plus_NLS,5,3863,320,3.438343460607032,11.82220575309914,102.83577,0.4334099132219459
A1_LCD_plus_NLS,5,3863,321,2.7542148523998238,7.5856994531797834,15.563087,0.3521404145530603
A1_LCD_plus_NLS,5,3863,322,3.1009928270121847,9.61615651318102,55.3106,0.26207529249988415
A1_LCD_plus_NLS,5,3863,323,3.69405674873382,13.64605526286588,134.17969,0.7143083568975374
A1_LCD_plus_NLS,5,3863,324,3.643645122069331,13.27614977557963,84.48202,0.7178230975636987
A1_LCD_plus_NLS,5,3863,325,4.210512201057301,17.728412995252395,106.246826,0.5498606635905591
A1_LCD_plus_NLS,5,3863,326,3.6030907292028553,12.982262802867563,64.09978,0.4723969137642726
A1_LCD_plus_NLS,5,3863,327,3.2364452237518972,10.47457768634647,44.4542,0.45369596915022625
A1_LCD_plus_NLS,5,3863,328,3.1031279594036763,9.629403132432822,16.082699,0.30841713669514675
A1_LCD_plus_NLS,5,3863,329,3.4962943298340097,12.224074040829443,108.284706,0.5612328564557447
A1_LCD_plus_NLS,5,3863,330,3.301519430103929,10.90003054735377,44.38968,0.24058313479641197
A1_LCD_plus_NLS,5,3863,331,3.195997959164465,10.214402954983422,20.820953,0.589337576612246
A1_LCD_plus_NLS,5,3863,332,3.6105071256854666,13.035761704625534,59.823914,0.5869742026439392
A1_LCD_plus_NLS,5,3863,333,3.227421501408475,10.416249547753734,68.144485,0.12539810833337475
A1_LCD_plus_NLS,5,3863,334,2.334143429716795,5.448225550490084,39.747986,0.20333412680686078
A1_LCD_plus_NLS,5,3863,335,2.7322769369744937,7.46533726032272,46.751797,0.3647032800493824
A1_LCD_plus_NLS,5,3863,336,4.027209523756903,16.218416548238295,56.78871,0.6068099100750544
A1_LCD_plus_NLS,5,3863,337,3.5302547148423375,12.462698351666555,69.17458,0.48920110784240145
A1_LCD_plus_NLS,5,3863,338,4.454141891896428,19.839379993146682,194.53003,0.5247769079883966
A1_LCD_plus_NLS,5,3863,339,5.013465420442647,25.134835521974175,265.71982,0.8281180466084355
A1_LCD_plus_NLS,5,3863,340,5.966015670064684,35.59334297545737,325.69635,0.8092224298915303
A1_LCD_plus_NLS,5,3863,341,3.320511099673395,11.025793963054218,67.40398,0.3961236437752411
A1_LCD_plus_NLS,5,3863,342,3.7965343017797784,14.413672704590475,150.52544,0.4297530472609761
A1_LCD_plus_NLS,5,3863,343,4.406823224291367,19.420090930153762,95.02632,0.5268374998037668
A1_LCD_plus_NLS,5,3863,344,3.9755062276396647,15.804649766001754,119.91511,0.6616699720723533
A1_LCD_plus_NLS,5,3863,345,2.951262493376153,8.709950304808826,21.011482,0.3174300757002039
A1_LCD_plus_NLS,5,3863,346,3.6303881142243024,13.179717859901086,70.64643,0.5766653011415449
A1_LCD_plus_NLS,5,3863,347,5.078754106459773,25.793743273882015,97.16374,0.5970284307707981
A1_LCD_plus_NLS,5,3863,348,4.068489029579871,16.55260298381176,148.95668,0.47621966076849265
A1_LCD_plus_NLS,5,3863,349,3.1159848286759186,9.709361452538495,84.885635,0.5979074791626422
A1_LCD_plus_NLS,5,3863,350,4.1211657316309065,16.984006987568907,123.355225,0.6262629194120762
A1_LCD_plus_NLS,5,3863,351,2.687722055141874,7.22384984569606,28.769756,0.31156328442060416
A1_LCD_plus_NLS,5,3863,352,2.4625176787959364,6.0639933183825265,12.952983,0.2234793065844317
A1_LCD_plus_NLS,5,3863,353,3.2556269682343544,10.599106956294817,23.998215,0.35077787807707916
A1_LCD_plus_NLS,5,3863,354,3.429858964004854,11.763932512964452,70.29723,0.32028669215026473
A1_LCD_plus_NLS,5,3863,355,4.130525541503831,17.06124124901552,181.01585,0.7439306629350112
A1_LCD_plus_NLS,5,3863,356,3.182500030177024,10.128306442076763,64.265274,0.4725273583078162
A1_LCD_plus_NLS,5,3863,357,3.139347773253346,9.85550444143074,108.410225,0.22819534976276032
A1_LCD_plus_NLS,5,3863,358,2.829547982183819,8.006341783480524,40.55413,0.202382257836782
A1_LCD_plus_NLS,5,3863,359,4.07262451497411,16.586270439968104,95.69401,0.5157731645904441
A1_LCD_plus_NLS,5,3863,360,2.8342336630996328,8.032880457047161,70.1923,0.21988626299215924
A1_LCD_plus_NLS,5,3863,361,3.0525008943778738,9.317761710177717,106.7774,0.3578642304913039
A1_LCD_plus_NLS,5,3863,362,5.110337639173944,26.115550786357925,69.31751,0.4761030562512514
A1_LCD_plus_NLS,5,3863,363,2.9909375223567674,8.945707262641639,23.524498,0.1698919761875791
A1_LCD_plus_NLS,5,3863,364,3.0431232305215046,9.260598996139638,103.0107,0.5396480649440402
A1_LCD_plus_NLS,5,3863,365,3.4013017143006925,11.56885335170483,126.174904,0.4290800305727514
A1_LCD_plus_NLS,5,3863,366,4.671336146401983,21.821381392681726,161.99226,0.7121688043183694
A1_LCD_plus_NLS,5,3863,367,5.236983713072371,27.42599841098527,197.17455,0.790511824568964
A1_LCD_plus_NLS,5,3863,368,3.424332829205769,11.726055325176386,80.30356,0.648000366064756
A1_LCD_plus_NLS,5,3863,369,4.324849511878409,18.704323300394915,132.25366,0.42832743827242314
A1_LCD_plus_NLS,5,3863,370,3.1131696944054172,9.691825546164317,21.114141,0.1736889238600712
A1_LCD_plus_NLS,5,3863,371,3.2413904777781237,10.506612229430688,64.773834,0.35138696646503265
A1_LCD_plus_NLS,5,3863,372,2.7478307679582716,7.550573929338146,28.875774,0.28276252459455997
A1_LCD_plus_NLS,5,3863,373,2.6538590451053152,7.042967831287294,45.477566,0.37094616072177955
A1_LCD_plus_NLS,5,3863,374,3.9674037917572136,15.74029284684952,37.551594,0.3331230167390853
A1_LCD_plus_NLS,5,3863,375,3.448781597726259,11.894094508815291,104.46239,0.47347708161938573
A1_LCD_plus_NLS,5,3863,376,2.98986632843938,8.939300661935578,16.512455,0.20340751280431452
A1_LCD_plus_NLS,5,3863,377,3.2186546183316573,10.359737552107708,32.06038,0.21672655490453308
A1_LCD_plus_NLS,5,3863,378,3.1410405998231457,9.866136049737346,57.57619,0.20466708693890978
A1_LCD_plus_NLS,5,3863,379,3.772456670035438,14.23142932729486,158.40108,0.6808931597751505
A1_LCD_plus_NLS,5,3863,380,3.8666763380733324,14.951185903416198,80.62745,0.5198075787022726
A1_LCD_plus_NLS,5,3863,381,4.079616617604622,16.64327174663578,134.44012,0.6780862901845772
A1_LCD_plus_NLS,5,3863,382,3.5379988215104268,12.517435661009172,143.49991,0.5620664195413507
A1_LCD_plus_NLS,5,3863,383,3.4574609188460106,11.954036005347499,85.235695,0.3160893424552493
A1_LCD_plus_NLS,5,3863,384,3.6501048254659985,13.323265236890169,14.6422415,0.28509316402355883
A1_LCD_plus_NLS,5,3863,385,2.5361976002399187,6.432298267462722,8.972324,0.29054073719196394
A1_LCD_plus_NLS,5,3863,386,3.0641073961622127,9.388754135215976,56.820847,0.4966670508273856
A1_LCD_plus_NLS,5,3863,387,2.696935545865823,7.2734613385545845,10.008311,0.2605162344919646
A1_LCD_plus_NLS,5,3863,388,3.234108159339636,10.45945558630721,87.25596,0.3391246666076974
A1_LCD_plus_NLS,5,3863,389,3.3035238868668473,10.913270071099847,83.271194,0.5974255944547044
A1_LCD_plus_NLS,5,3863,390,3.415884602205476,11.668267615584462,121.606575,0.5511132359287239
A1_LCD_plus_NLS,5,3863,391,3.727771902006513,13.89628335338926,138.32346,0.6199556082253852
A1_LCD_plus_NLS,5,3863,392,3.8926614111886546,15.152812862157248,121.979385,0.6099427074197524
A1_LCD_plus_NLS,5,3863,393,4.098704102322218,16.79937531839298,131.84499,0.38357735789969005
A1_LCD_plus_NLS,5,3863,394,2.3735584972103485,5.633779939679448,25.367212,0.25606102249344387
A1_LCD_plus_NLS,5,3863,395,4.1955273071899635,17.602449385376673,158.79295,0.7288546242948073
A1_LCD_plus_NLS,5,3863,396,4.305206487791365,18.534802902520862,104.54142,0.6451011937229293
A1_LCD_plus_NLS,5,3863,397,4.17889164666433,17.46313539456092,87.28286,0.7085828330927201
A1_LCD_plus_NLS,5,3863,398,2.870198734746606,8.238040776941018,12.98892,0.22548994684659757
A1_LCD_plus_NLS,5,3863,399,3.168703419277627,10.040681359341725,27.723108,0.2713207781002225
A1_LCD_plus_NLS,5,3863,400,4.369738780696863,19.094617011526093,118.2421,0.7601712791133669
A1_LCD_plus_NLS,5,3863,401,4.816932792680484,23.202841529200608,141.12585,0.45082779770426823
A1_LCD_plus_NLS,5,3863,402,5.012908493399632,25.129251563198167,91.36232,0.8200031520992902
A1_LCD_plus_NLS,5,3863,403,3.6614483084260603,13.40620371527606,161.86806,0.5582416404103353
A1_LCD_plus_NLS,5,3863,404,2.9917434958634415,8.950529145041205,79.63118,0.4476484749469609
A1_LCD_plus_NLS,5,3863,405,3.2779690445951264,10.745081057323889,56.17215,0.5118823476323068
A1_LCD_plus_NLS,5,3863,406,3.4905429864734265,12.183890340418829,121.481445,0.2632048216122369
A1_LCD_plus_NLS,5,3863,407,2.681930093288346,7.192749025285635,2.602892,0.33623939639620665
A1_LCD_plus_NLS,5,3863,408,3.4393685223375234,11.829255832446199,75.72008,0.3996830963889639
A1_LCD_plus_NLS,5,3863,409,3.8345835179380843,14.704030756042416,124.06994,0.7298848613487176
A1_LCD_plus_NLS,5,3863,410,2.8053723334956864,7.87011392954303,50.493057,0.29124334400619967
A1_LCD_plus_NLS,5,3863,411,4.399790796697457,19.35815905470364,139.90984,0.3323020023892797
A1_LCD_plus_NLS,5,3863,412,3.8625434817425277,14.919242148351689,81.35398,0.48246724312304745
A1_LCD_plus_NLS,5,3863,413,4.177556758604213,17.451980471359747,146.76514,0.41923532518589757
A1_LCD_plus_NLS,5,3863,414,2.6277514201149397,6.905077525916083,62.963768,0.22657828324316204
A1_LCD_plus_NLS,5,3863,415,3.9905624872744547,15.924588964842082,114.32677,0.4798354072585624
A1_LCD_plus_NLS,5,3863,416,4.069459331906575,16.56049925404151,54.603947,0.3305274081910793
A1_LCD_plus_NLS,5,3863,417,3.6153963251218286,13.071090587704422,26.954174,0.47006692218995794
A1_LCD_plus_NLS,5,3863,418,3.0657227583122375,9.398656030833589,81.091705,0.21209549925838284
A1_LCD_plus_NLS,5,3863,419,4.358236968148202,18.994229470533636,157.2016,0.6556295687143617
A1_LCD_plus_NLS,5,3863,420,3.1530537570713557,9.94174799498179,94.65207,0.18711412207813
A1_LCD_plus_NLS,5,3863,421,4.692907070741877,22.023376774619116,158.9023,0.5321381199828484
A1_LCD_plus_NLS,5,3863,422,3.486893460669309,12.15842600605839,135.37794,0.6542094415044379
A1_LCD_plus_NLS,5,3863,423,2.9048394420725137,8.438092184220151,56.574337,0.20438035830452764
A1_LCD_plus_NLS,5,3863,424,2.7145393757406606,7.368724022446496,30.601543,0.40519781599524474
A1_LCD_plus_NLS,5,3863,425,3.1042276137170504,9.636229077763454,60.00396,0.21908752597847908
A1_LCD_plus_NLS,5,3863,426,2.9595411892889154,8.758884051097649,50.358753,0.3024373930305388
A1_LCD_plus_NLS,5,3863,427,3.24671103458958,10.541132542125741,72.027115,0.209035034323697
A1_LCD_plus_NLS,5,3863,428,3.9918620602786925,15.934962708292446,73.59496,0.7397885618466864
A1_LCD_plus_NLS,5,3863,429,2.698147063539962,7.279997576489318,38.155533,0.449632094801601
A1_LCD_plus_NLS,5,3863,430,4.395751093413688,19.322627675247634,224.89,0.7146706976798385
A1_LCD_plus_NLS,5,3863,431,3.500002955847813,12.250020690943431,110.41954,0.5237534442847384
A1_LCD_plus_NLS,5,3863,432,2.6775100370006455,7.1690599982392,35.918182,0.30761730496587664
A1_LCD_plus_NLS,5,3863,433,3.864818529684644,14.936822267393778,100.31288,0.4738794494245009
A1_LCD_plus_NLS,5,3863,434,3.5344985495959236,12.492679997095687,92.96948,0.5209063150306059
A1_LCD_plus_NLS,5,3863,435,4.1429889953368875,17.16435781548255,83.101616,0.7252361191052643
A1_LCD_plus_NLS,5,3863,436,5.748632937774172,33.046780653262104,313.3712,0.8745215791890542
A1_LCD_plus_NLS,5,3863,437,4.355508283582671,18.970452408357264,163.52464,0.5020295601774641
A1_LCD_plus_NLS,5,3863,438,2.6930730524402064,7.252642465779611,48.048466,0.15336741665362133
A1_LCD_plus_NLS,5,3863,439,3.7870207341002393,14.341526040505114,71.2827,0.16560187880485847
A1_LCD_plus_NLS,5,3863,440,3.179103059458999,10.106696262661568,60.930626,0.5315931779481453
A1_LCD_plus_NLS,5,3863,441,3.946648866632833,15.576037276494226,132.96518,0.514854326511401
A1_LCD_plus_NLS,5,3863,442,4.575679035973075,20.93683864024349,156.5007,0.5246853779877794
A1_LCD_plus_NLS,5,3863,443,2.88844671878607,8.343124447266016,87.54069,0.5043345449690333
A1_LCD_plus_NLS,5,3863,444,4.3889349026525375,19.262749579721635,197.78246,0.6266857688111733
A1_LCD_plus_NLS,5,3863,445,3.9349955291645258,15.484189814544804,124.68985,0.6942525596050282
A1_LCD_plus_NLS,5,3863,446,3.1625990651313187,10.002032846769493,81.93972,0.3474215405401831
A1_LCD_plus_NLS,5,3863,447,3.6977211378897015,13.673141613596307,108.52202,0.43098273870918047
A1_LCD_plus_NLS,5,3863,448,3.203867449273166,10.264766632512142,26.871445,0.5061674711284629
A1_LCD_plus_NLS,5,3863,449,3.350315493841802,11.224613908276433,46.017296,0.38934505275359843
A1_LCD_plus_NLS,5,3863,450,2.2175393535851238,4.917480784698728,15.696688,0.14333225614892278
A1_LCD_plus_NLS,5,3863,451,2.6516462761945427,7.031227974056386,17.407478,0.3604548236080067
A1_LCD_plus_NLS,5,3863,452,2.6159033416522934,6.842950292867635,6.131041,0.40034656544308045
A1_LCD_plus_NLS,5,3863,453,3.837736733473847,14.728223235454514,72.55851,0.4228804200833448
A1_LCD_plus_NLS,5,3863,454,3.1645335006514017,10.014272276745016,82.39006,0.3406975644416885
A1_LCD_plus_NLS,5,3863,455,3.491221952643757,12.188630722621683,97.37482,0.47981262491451737
A1_LCD_plus_NLS,5,3863,456,2.8485741089476573,8.114374454166938,67.12687,0.40276287855569715
A1_LCD_plus_NLS,5,3863,457,3.139411475006904,9.855904409405024,70.83801,0.5715640018741811
A1_LCD_plus_NLS,5,3863,458,4.90091155739386,24.018934093396705,118.19729,0.5119247642055775
A1_LCD_plus_NLS,5,3863,459,1.9357348604333182,3.747069449896797,52.926884,0.0803251796631228
A1_LCD_plus_NLS,5,3863,460,2.804408561167717,7.864707377950789,42.18179,0.17744093631046481
A1_LCD_plus_NLS,5,3863,461,4.350065667733488,18.923071313593596,151.60042,0.5814566064571037
A1_LCD_plus_NLS,5,3863,462,3.291641180165865,10.834901658963728,85.5445,0.27475619606491963
A1_LCD_plus_NLS,5,3863,463,2.6433757118892953,6.9874351542062385,10.259999,0.26941364782962085
A1_LCD_plus_NLS,5,3863,464,2.8359505537271303,8.042615543185223,13.135507,0.3149507883103989
A1_LCD_plus_NLS,5,3863,465,3.0680798698474665,9.413114087763246,57.93564,0.4405189096239239
A1_LCD_plus_NLS,5,3863,466,2.8622239288304296,8.1923258187695,39.264755,0.2040129921766481
A1_LCD_plus_NLS,5,3863,467,2.3757424996608716,5.644152424694888,17.1511,0.13550755688459262
A1_LCD_plus_NLS,5,3863,468,2.899671358961933,8.408093989984144,16.199604,0.3361145905344748
A1_LCD_plus_NLS,5,3863,469,2.598779278289217,6.753653737265424,24.881237,0.18512609146484504
A1_LCD_plus_NLS,5,3863,470,3.1101300292934577,9.672908799112923,101.7433,0.42756654914866843
A1_LCD_plus_NLS,5,3863,471,3.1841076857868242,10.13854175468673,81.36249,0.45336390287957107
A1_LCD_plus_NLS,5,3863,472,2.906629181354715,8.448493197902781,51.459923,0.22936256904269725
A1_LCD_plus_NLS,5,3863,473,2.356072914179014,5.551079576927993,15.3601675,0.19877684510212518
A1_LCD_plus_NLS,5,3863,474,3.097731661907711,9.595941449185508,74.23982,0.2694121719840439
A1_LCD_plus_NLS,5,3863,475,4.2068154441708705,17.697296181314556,139.14803,0.4714425187563753
A1_LCD_plus_NLS,5,3863,476,3.4675062362583344,12.023599498490439,68.06753,0.6046536274599772
A1_LCD_plus_NLS,5,3863,477,3.0693251800088643,9.420757060636449,39.09436,0.21754484590024198
A1_LCD_plus_NLS,5,3863,478,3.6123568293992974,13.049121862907748,58.036816,0.554772236185253
A1_LCD_plus_NLS,5,3863,479,2.112278619664794,4.461720967093009,26.7523,0.23122537551685518
A1_LCD_plus_NLS,5,3863,480,3.187932119329435,10.162911197452265,51.766148,0.40769443721487375
A1_LCD_plus_NLS,5,3863,481,3.1442101127288957,9.886057232986655,51.817646,0.4060979252142685
A1_LCD_plus_NLS,5,3863,482,2.9122376273236164,8.481127997999483,22.140654,0.13456450582222462
A1_LCD_plus_NLS,5,3863,483,3.5187037748439427,12.381276255101005,29.312706,0.19250144810978528
A1_LCD_plus_NLS,5,3863,484,2.7266695034229405,7.434726580896709,37.01648,0.18948552871455754
A1_LCD_plus_NLS,5,3863,485,3.7384291181060587,13.975852271103244,56.687336,0.4031294929865394
A1_LCD_plus_NLS,5,3863,486,2.867509222392294,8.222609140504858,34.426178,0.367328764213786
A1_LCD_plus_NLS,5,3863,487,2.865480688777129,8.210979577754648,85.127,0.48551110446765455
A1_LCD_plus_NLS,5,3863,488,3.124773279717671,9.76420804963753,104.10356,0.593128166282284
A1_LCD_plus_NLS,5,3863,489,2.511507711129251,6.307670983061689,59.45799,0.23141623924124788
A1_LCD_plus_NLS,5,3863,490,4.182316761513383,17.491773493635797,120.66914,0.31447640809420024
A1_LCD_plus_NLS,5,3863,491,3.0301552922538444,9.181841095173981,51.405396,0.3304866755508832
A1_LCD_plus_NLS,5,3863,492,4.608882134149859,21.241794526485755,88.51352,0.7959947715329514
A1_LCD_plus_NLS,5,3863,493,3.7550027538898654,14.10004568172047,80.471436,0.4005439370482354
A1_LCD_plus_NLS,5,3863,494,2.5800557391210166,6.6566876169712925,22.13108,0.04285165518946922
A1_LCD_plus_NLS,5,3863,495,3.4931854104269076,12.2023443116194,48.920414,0.516152136921125
A1_LCD_plus_NLS,5,3863,496,3.3703619764071826,11.359339852011328,28.604504,0.3919054920450734
A1_LCD_plus_NLS,5,3863,497,2.5441377742031976,6.472637014127598,19.181334,0.1161116008501446
A1_LCD_plus_NLS,5,3863,498,3.3243740296757758,11.051462689182754,111.67673,0.6239697143401566
A1_LCD_plus_NLS,5,3863,499,3.7125581541794057,13.783088048163997,79.83,0.6171483900979827
A1_LCD_plus_NLS,5,3863,500,3.471423808316561,12.050783256947057,45.681187,0.277756059684541
A1_LCD_plus_NLS,5,3863,501,3.6038224874070814,12.987536520740965,96.08368,0.6595884732011235
A1_LCD_plus_NLS,5,3863,502,3.372758803954669,11.375501949653732,80.69181,0.2245733154196856
A1_LCD_plus_NLS,5,3863,503,3.2332758100350825,10.454072463758019,9.99204,0.43499446478950893
A1_LCD_plus_NLS,5,3863,504,3.0294492727340274,9.177562896068727,100.08747,0.3701013522142329
A1_LCD_plus_NLS,5,3863,505,3.1539326825155953,9.947291365840016,26.339851,0.4652656442271413
A1_LCD_plus_NLS,5,3863,506,4.139556498627157,17.13592800532633,175.30649,0.5377931669074745
A1_LCD_plus_NLS,5,3863,507,4.519321249404583,20.4242645553198,103.86269,0.6915390075589058
A1_LCD_plus_NLS,5,3863,508,3.1561006373756197,9.96097123324279,57.042206,0.4580280836070212
A1_LCD_plus_NLS,5,3863,509,2.9981993612185005,8.98919940961102,29.481756,0.38426179513858016
A1_LCD_plus_NLS,5,3863,510,2.542837842925732,6.466024295415189,40.774174,0.187856885256463
A1_LCD_plus_NLS,5,3863,511,3.066371940123718,9.402636875178095,60.1384,0.3643327648670011
A1_LCD_plus_NLS,5,3863,512,4.194652472220161,17.595109362702708,65.19733,0.5708159611808046
A1_LCD_plus_NLS,5,3863,513,3.335814352017581,11.127657391126474,152.66763,0.5959679643793845
A1_LCD_plus_NLS,5,3863,514,5.265577929621649,27.72631093291861,235.54886,0.7759998454052914
A1_LCD_plus_NLS,5,3863,515,3.3241530729824667,11.049993652618777,124.32385,0.55066320570786
A1_LCD_plus_NLS,5,3863,516,2.2609211385922574,5.111764394933308,40.983765,0.1768160640931012
A1_LCD_plus_NLS,5,3863,517,3.5851177769852183,12.853069474855433,113.68351,0.6693357359487421
A1_LCD_plus_NLS,5,3863,518,2.741626316177465,7.5165148575568175,9.017199,0.1309508664996223
A1_LCD_plus_NLS,5,3863,519,4.556155304681119,20.7585511603739,193.37619,0.6836824387805831
A1_LCD_plus_NLS,5,3863,520,4.411059685488635,19.45744754894309,69.09522,0.43102543301742946
A1_LCD_plus_NLS,5,3863,521,3.219159586683772,10.362988444538033,27.394772,0.2719400007103443
A1_LCD_plus_NLS,5,3863,522,3.5562188855851256,12.64669276219231,103.98867,0.3585790053308632
A1_LCD_plus_NLS,5,3863,523,3.325458504360566,11.058674264224011,77.8162,0.5926158615996631
A1_LCD_plus_NLS,5,3863,524,4.0016339122766365,16.013073967882416,98.12682,0.47287850395906994
A1_LCD_plus_NLS,5,3863,525,2.137479334889037,4.5688179070776815,24.2739,0.1052793262240943
A1_LCD_plus_NLS,5,3863,526,2.7259712196061128,7.430919090120839,28.759592,0.31989786530254294
A1_LCD_plus_NLS,5,3863,527,3.70850973788839,13.753044476013013,89.98222,0.3907272485694233
A1_LCD_plus_NLS,5,3863,528,2.815036577094828,7.924430930381765,14.404263,0.18344878896130093
A1_LCD_plus_NLS,5,3863,529,2.7603927023233332,7.6197678710399135,84.930695,0.39705386949480825
A1_LCD_plus_NLS,5,3863,530,2.7324419691405106,7.466239114720473,12.831816,0.11979145934113679
A1_LCD_plus_NLS,5,3863,531,2.9833125466683965,8.900153751109071,47.01454,0.21882086795867728
A1_LCD_plus_NLS,5,3863,532,4.83916115686054,23.417480702067852,207.52255,0.7873697590631115
A1_LCD_plus_NLS,5,3863,533,4.9228168388506806,24.23412562887181,214.28294,0.47576019168709294
A1_LCD_plus_NLS,5,3863,534,2.626828051096207,6.900225610025897,14.378059,0.17760471587040896
A1_LCD_plus_NLS,5,3863,535,2.6251581894729594,6.8914555197569465,13.278228,0.2928473529933071
A1_LCD_plus_NLS,5,3863,536,2.6233820013800235,6.882133125164661,31.021553,0.2525053469900179
A1_LCD_plus_NLS,5,3863,537,3.555543421912218,12.641889025103243,142.62564,0.5976652749147808
A1_LCD_plus_NLS,5,3863,538,2.217310937600916,4.916467794004653,8.437383,0.08353852839836227
A1_LCD_plus_NLS,5,3863,539,2.786868233593865,7.766634551414588,3.1347568,0.18872302763327325
A1_LCD_plus_NLS,5,3863,540,3.668365032768405,13.45690201363794,96.5831,0.2488851829413588
A1_LCD_plus_NLS,5,3863,541,2.876028862515537,8.271542018022414,57.54074,0.1837710548311851
A1_LCD_plus_NLS,5,3863,542,3.799872657128586,14.439032210393455,73.9471,0.34238208743421433
A1_LCD_plus_NLS,5,3863,543,3.0841235914398526,9.51181832727585,92.773254,0.5630930302556858
A1_LCD_plus_NLS,5,3863,544,3.082676299210582,9.50289316571465,8.986956,0.4535005791356803
A1_LCD_plus_NLS,5,3863,545,2.8659244057963207,8.213522699738993,14.831398,0.22877693324659648
A1_LCD_plus_NLS,5,3863,546,3.2753670808483712,10.728029514305184,28.780888,0.39618735168665997
A1_LCD_plus_NLS,5,3863,547,4.6089321159119425,21.242255249084533,105.32313,0.585062027155026
A1_LCD_plus_NLS,5,3863,548,3.5877801596579153,12.872166474034975,148.32867,0.5595441388485938
A1_LCD_plus_NLS,5,3863,549,3.2639143096832686,10.653136620955209,48.140232,0.15710166686282911
A1_LCD_plus_NLS,5,3863,550,3.9529166062166583,15.625549695703421,13.836997,0.4480701712653968
A1_LCD_plus_NLS,5,3863,551,3.1779726586662074,10.099510219229966,55.897152,0.439126224661197
A1_LCD_plus_NLS,5,3863,552,4.142225321323718,17.15803061261537,102.66542,0.6528638998289401
A1_LCD_plus_NLS,5,3863,553,4.051439861111976,16.414164948207027,82.47758,0.5010665942211965
A1_LCD_plus_NLS,5,3863,554,3.494917245001684,12.214446549410159,51.790936,0.5738422066325026
A1_LCD_plus_NLS,5,3863,555,3.9536653718437007,15.631469872515991,105.32504,0.6619566678102213
A1_LCD_plus_NLS,5,3863,556,3.0833508681814394,9.507052576315235,47.74365,0.36161931278841614
A1_LCD_plus_NLS,5,3863,557,3.708289637764022,13.751412037548024,138.61516,0.16110882861541556
A1_LCD_plus_NLS,5,3863,558,2.907601651106708,8.454147361518453,41.244953,0.14913901682067265
A1_LCD_plus_NLS,5,3863,559,3.672292815469447,13.48573452254852,75.898285,0.31462302097875916
A1_LCD_plus_NLS,5,3863,560,2.7733292768605438,7.6913552778918275,26.905018,0.3468615030949284
A1_LCD_plus_NLS,5,3863,561,2.606968417977464,6.796284332331922,17.806028,0.12777093890492364
A1_LCD_plus_NLS,5,3863,562,3.023363695157414,9.140728033195893,67.32092,0.3571759688049513
A1_LCD_plus_NLS,5,3863,563,2.8272716572833514,7.993465024077746,11.146391,0.30276447876683854
A1_LCD_plus_NLS,5,3863,564,2.9192998354317337,8.522311529151748,36.833786,0.421740273847229
A1_LCD_plus_NLS,5,3863,565,3.9457957742161964,15.56930429182239,28.272583,0.6565444010168204
A1_LCD_plus_NLS,5,3863,566,2.8499109207808,8.121992256385665,3.65886,0.08713290740405863
A1_LCD_plus_NLS,5,3863,567,3.4592554459854763,11.966448240580176,125.70498,0.7135091185844777
A1_LCD_plus_NLS,5,3863,568,3.4903938636237166,12.182849323222097,75.753784,0.4790797578910444
A1_LCD_plus_NLS,5,3863,569,3.9348045385157526,15.482686756324158,32.633938,0.5337129605407814
A1_LCD_plus_NLS,5,3863,570,3.733664887930435,13.940253495364587,101.66519,0.608506336396468
A1_LCD_plus_NLS,5,3863,571,4.523423735316141,20.46136228922143,150.25414,0.8221200944881919
A1_LCD_plus_NLS,5,3863,572,2.3091420579430353,5.332137043761396,44.35611,0.09293835735649442
A1_LCD_plus_NLS,5,3863,573,2.4192857791826183,5.852943681355249,25.649406,0.2620825397198099
A1_LCD_plus_NLS,5,3863,574,2.799448780952416,7.836913477175966,49.26123,0.3547635569215712
A1_LCD_plus_NLS,5,3863,575,4.312376648459672,18.59659235818028,130.40195,0.668497126129333
A1_LCD_plus_NLS,5,3863,576,2.7162568961151607,7.378051525693167,14.128614,0.4570611081442682
A1_LCD_plus_NLS,5,3863,577,4.189723162716348,17.553780180201883,78.89894,0.5898138818835106
A1_LCD_plus_NLS,5,3863,578,3.313483688792745,10.97917415589557,73.56171,0.6354705590772937
A1_LCD_plus_NLS,5,3863,579,2.828179711452888,7.998600480273742,69.75742,0.41274323227495224
A1_LCD_plus_NLS,5,3863,580,4.668967185221953,21.7992545766794,158.73874,0.4903539450072346
A1_LCD_plus_NLS,5,3863,581,3.8462810316876017,14.793877774719839,142.67218,0.46192396852327633
A1_LCD_plus_NLS,5,3863,582,4.0980686806541895,16.794166911358765,149.59923,0.6427499007787801
A1_LCD_plus_NLS,5,3863,583,2.8189729607828005,7.946608553624553,21.076267,0.19327295185203106
A1_LCD_plus_NLS,5,3863,584,2.6411454347915635,6.975649207720317,27.92547,0.1919447111455134
A1_LCD_plus_NLS,5,3863,585,2.921496745977737,8.535143236758506,7.1478224,0.291532743391538
A1_LCD_plus_NLS,5,3863,586,3.04260343367074,9.257435654584976,64.51503,0.18388240145828522
A1_LCD_plus_NLS,5,3863,587,3.2196876302681185,10.366388436501532,119.45722,0.5320569794212366
A1_LCD_plus_NLS,5,3863,588,4.372904518374671,19.122293926821616,137.50824,0.7742300028853655
A1_LCD_plus_NLS,5,3863,589,2.693208693806786,7.2533730683964555,14.77386,0.4116781255287453
A1_LCD_plus_NLS,5,3863,590,3.093344577461167,9.568780674908409,81.06694,0.5847209708786891
A1_LCD_plus_NLS,5,3863,591,3.734701589684781,13.947995963994028,137.74806,0.43655386397652646
A1_LCD_plus_NLS,5,3863,592,2.9983013487174532,8.989810977720895,98.14186,0.15726944011746624
A1_LCD_plus_NLS,5,3863,593,3.190216954544695,10.177484217064428,39.040565,0.34759653949919594
A1_LCD_plus_NLS,5,3863,594,3.139367135814149,9.855626013429934,91.06805,0.5145842634327621
A1_LCD_plus_NLS,5,3863,595,3.1565003353010193,9.963494366755448,96.89993,0.23357433501262184
A1_LCD_plus_NLS,5,3863,596,3.008722695958637,9.05241226117661,57.75637,0.37917580002319806
A1_LCD_plus_NLS,5,3863,597,2.836513465366533,8.045808639205656,78.87116,0.310499067482669
A1_LCD_plus_NLS,5,3863,598,2.4477743325442405,5.991599183062405,20.249897,0.17801440275425867
A1_LCD_plus_NLS,5,3863,599,4.960532610736913,24.60688378218438,220.63982,0.6201339385991909
A1_LCD_plus_NLS,5,3863,600,5.04677978446248,25.46998619285915,169.04436,0.7983233940799865
A1_LCD_plus_NLS,5,3863,601,2.1126442516433244,4.463265734001583,42.398926,0.11059742011215745
A1_LCD_plus_NLS,5,3863,602,3.239780913826122,10.496180369592022,85.90413,0.5741304999086729
A1_LCD_plus_NLS,5,3863,603,2.712026989859773,7.355090393727861,26.88488,0.1371876946149792
A1_LCD_plus_NLS,5,3863,604,3.189067514777393,10.17015161380846,46.635597,0.3117047163024648
A1_LCD_plus_NLS,5,3863,605,3.539287992896272,12.52655949665972,90.57211,0.40811609749738675
A1_LCD_plus_NLS,5,3863,606,3.7614912988805,14.148816791553708,15.509373,0.4474540330289896
A1_LCD_plus_NLS,5,3863,607,3.475559757829336,12.079515630242714,101.89584,0.5436937437581029
A1_LCD_plus_NLS,5,3863,608,4.37534705440942,19.143661846529188,62.28637,0.7470502148946055
A1_LCD_plus_NLS,5,3863,609,3.0956515301133747,9.583058395893275,48.689953,0.19858351885664513
A1_LCD_plus_NLS,5,3863,610,3.077677226852943,9.472097112689221,31.347912,0.38185819863103615
A1_LCD_plus_NLS,5,3863,611,3.29494460249024,10.856659933479566,62.428585,0.09239528376983883
A1_LCD_plus_NLS,5,3863,612,3.0750074704875825,9.455670943554443,67.55391,0.47546792348617034
A1_LCD_plus_NLS,5,3863,613,4.486677684249445,20.13027664234196,103.960396,0.7788204852441867
A1_LCD_plus_NLS,5,3863,614,4.186345116633347,17.52548543555986,188.18616,0.7121796202350009
A1_LCD_plus_NLS,5,3863,615,2.8648958664602584,8.207628325661075,60.790283,0.2778735777553196
A1_LCD_plus_NLS,5,3863,616,3.923485403257507,15.393737709574722,52.078064,0.42159952109265775
A1_LCD_plus_NLS,5,3863,617,2.7581988121433767,7.607660687309135,89.608444,0.41474927699200503
A1_LCD_plus_NLS,5,3863,618,4.4389170107068985,19.703984227943078,147.00255,0.4810163794039095
A1_LCD_plus_NLS,5,3863,619,3.6720427246183194,13.483897771422331,44.673183,0.23900815519421348
A1_LCD_plus_NLS,5,3863,620,4.945801237971788,24.460949885523277,210.77765,0.6247794552020953
A1_LCD_plus_NLS,5,3863,621,3.783761957346456,14.316854549862283,55.856598,0.7035853934102195
A1_LCD_plus_NLS,5,3863,622,2.625270440176121,6.892044884062523,11.703627,0.39775529981049795
A1_LCD_plus_NLS,5,3863,623,4.363476539459185,19.039927510410706,140.97397,0.6029993608920898
A1_LCD_plus_NLS,5,3863,624,3.253700032671192,10.586563902604517,142.37604,0.24294891470039542
A1_LCD_plus_NLS,5,3863,625,3.5894808758540826,12.884372958122194,63.989254,0.2780088863293287
A1_LCD_plus_NLS,5,3863,626,3.597858257692898,12.944584042448975,113.341225,0.286925167217402
A1_LCD_plus_NLS,5,3863,627,3.028728019038714,9.17319341331017,15.154031,0.2952023466960192
A1_LCD_plus_NLS,5,3863,628,3.3906871959873808,11.496759661032769,104.30568,0.2410043475710572
A1_LCD_plus_NLS,5,3863,629,3.8874416176271325,15.112202330459457,81.11497,0.5587729122339093
A1_LCD_plus_NLS,5,3863,630,2.300783019964339,5.293602504956224,41.563694,0.1484213544745308
A1_LCD_plus_NLS,5,3863,631,3.758969215582308,14.12984956369547,33.911263,0.6522625533932873
A1_LCD_plus_NLS,5,3863,632,2.775391226486743,7.702796460059585,25.940302,0.19599398739897844
A1_LCD_plus_NLS,5,3863,633,4.121960361341707,16.99055722047226,117.77608,0.4453959586662937
A1_LCD_plus_NLS,5,3863,634,3.818977220037572,14.584587007165903,84.14397,0.41476871594552744
A1_LCD_plus_NLS,5,3863,635,2.9185007108072876,8.517646398982643,34.579433,0.27646203545489445
A1_LCD_plus_NLS,5,3863,636,3.0882615422440223,9.53735935330343,32.071022,0.36658977018000305
A1_LCD_plus_NLS,5,3863,637,2.385647524654856,5.6913141118918436,5.999173,0.11897483451005177
A1_LCD_plus_NLS,5,3863,638,2.3030029311950275,5.303822501092891,13.420574,0.15336607274406364
A1_LCD_plus_NLS,5,3863,639,2.952889650328639,8.719557287017992,72.441895,0.3504611117463816
A1_LCD_plus_NLS,5,3863,640,2.79161603831859,7.793120105397579,62.7591,0.0994952600493752
A1_LCD_plus_NLS,5,3863,641,4.220242154024634,17.81044383860648,209.8596,0.7553597681894901
A1_LCD_plus_NLS,5,3863,642,5.291867226204899,28.003858739781545,215.3192,0.7898075991917678
A1_LCD_plus_NLS,5,3863,643,5.019935621173981,25.199753640731405,160.03362,0.5918050745434817
A1_LCD_plus_NLS,5,3863,644,3.1312106783039657,9.804480311924776,88.42599,0.5336675334659844
A1_LCD_plus_NLS,5,3863,645,4.337564013550341,18.814461571646934,164.45953,0.49344566455572203
A1_LCD_plus_NLS,5,3863,646,3.7148555049316396,13.800151422520909,95.51028,0.3742808544008551
A1_LCD_plus_NLS,5,3863,647,4.432061370305937,19.643167990158133,177.77696,0.747861487573068
A1_LCD_plus_NLS,5,3863,648,4.564422107430068,20.833949174796345,90.01038,0.6309960256388746
A1_LCD_plus_NLS,5,3863,649,3.812289858996789,14.533553969009759,155.83374,0.6463964586023511
A1_LCD_plus_NLS,5,3863,650,3.8660766763165095,14.94654886715851,100.62107,0.7463874308058781
A1_LCD_plus_NLS,5,3863,651,5.667527884960022,32.12087232679942,225.51135,0.8431609261174962
A1_LCD_plus_NLS,5,3863,652,3.8292282244534257,14.662988794950738,35.52272,0.5137464063782287
A1_LCD_plus_NLS,5,3863,653,3.2208012361935867,10.373560603066135,92.26182,0.26017929239503096
A1_LCD_plus_NLS,5,3863,654,5.30180750687033,28.109162839906578,286.698,0.8292854408083647
A1_LCD_plus_NLS,5,3863,655,3.5904605744983797,12.891407137027237,68.49654,0.5012167880351619
A1_LCD_plus_NLS,5,3863,656,2.801542116928317,7.848638232923195,0.32544184,0.22704432137974206
A1_LCD_plus_NLS,5,3863,657,3.4546764688397014,11.934789504354745,74.50133,0.3530393343467713
A1_LCD_plus_NLS,5,3863,658,4.210407702276557,17.727533019389757,115.46737,0.48167279749736336
A1_LCD_plus_NLS,5,3863,659,4.629179149547939,21.42929959860938,70.1001,0.8419956807861158
A1_LCD_plus_NLS,5,3863,660,3.6951487901853977,13.654124581608611,69.4073,0.2576636334013833
A1_LCD_plus_NLS,5,3863,661,4.020652490211238,16.16564644704183,71.97827,0.5519027130363243
A1_LCD_plus_NLS,5,3863,662,3.6013254213019876,12.96954479011594,93.58307,0.5030336546626148
A1_LCD_plus_NLS,5,3863,663,5.266526466080656,27.736301017927996,226.61794,0.7767208263730965
A1_LCD_plus_NLS,5,3863,664,4.207450866411121,17.702642793263696,53.069263,0.5863174344596074
A1_LCD_plus_NLS,5,3863,665,3.303638752647643,10.914029007995271,60.592926,0.26406610636040756
A1_LCD_plus_NLS,5,3863,666,2.7213859865064554,7.405941687553712,26.383923,0.19403782607942527
A1_LCD_plus_NLS,5,3863,667,2.8704621300530144,8.239552840068491,42.46172,0.3154137378110338
A1_LCD_plus_NLS,5,3863,668,2.178571108840535,4.746172076274677,10.426534,0.16491015394227587
A1_LCD_plus_NLS,5,3863,669,3.3354639443477803,11.12531972404405,61.603386,0.5228026627589455
A1_LCD_plus_NLS,5,3863,670,3.110551222795979,9.675528909637563,31.403757,0.3868363058753278
A1_LCD_plus_NLS,5,3863,671,4.41480556045306,19.49050813660726,154.17032,0.4345900446819293
A1_LCD_plus_NLS,5,3863,672,3.6444814083321133,13.282244735678425,117.15505,0.5455565775698755
A1_LCD_plus_NLS,5,3863,673,2.87237757660373,8.250552942575913,52.141552,0.2600216567815195
A1_LCD_plus_NLS,5,3863,674,2.862864678217313,8.195994165784317,29.754005,0.21766522353968062
A1_LCD_plus_NLS,5,3863,675,3.548460984980803,12.59157536193093,60.125328,0.14485049256502816
A1_LCD_plus_NLS,5,3863,676,2.765793917850892,7.649615996020987,27.797537,0.2663590307348632
A1_LCD_plus_NLS,5,3863,677,2.848112881027809,8.111746983076525,60.86996,0.6181137222557577
A1_LCD_plus_NLS,5,3863,678,3.960960781104011,15.689210309444094,57.832733,0.30874995539037375
A1_LCD_plus_NLS,5,3863,679,5.13273250239904,26.3449429411835,166.3563,0.8149708022710818
A1_LCD_plus_NLS,5,3863,680,3.4231631941836973,11.718046254013936,70.91501,0.6130419908302086
A1_LCD_plus_NLS,5,3863,681,2.5828085452735743,6.670899981538198,6.581141,0.14607366055347448
A1_LCD_plus_NLS,5,3863,682,2.682008910688609,7.193171797013099,26.700788,0.19358214517348363
A1_LCD_plus_NLS,5,3863,683,2.946154816690784,8.679828203910306,73.698,0.17661365622016253
A1_LCD_plus_NLS,5,3863,684,2.657557641827329,7.062612619634833,42.700504,0.283961094563525
A1_LCD_plus_NLS,5,3863,685,3.5611068356744893,12.681481895087574,43.06974,0.3625257144136901
A1_LCD_plus_NLS,5,3863,686,3.8282050637216916,14.655154009904402,74.49342,0.39233595861097037
A1_LCD_plus_NLS,5,3863,687,2.7684977837421467,7.664579978585179,10.494423,0.4270448692143939
A1_LCD_plus_NLS,5,3863,688,2.7901326411157923,7.7848401550197845,44.249897,0.32589300332420884
A1_LCD_plus_NLS,5,3863,689,2.8617467872727627,8.18959467446598,84.62384,0.2874676267688988
A1_LCD_plus_NLS,5,3863,690,2.7270239066940687,7.436659387680981,67.67585,0.28544263375150597
A1_LCD_plus_NLS,5,3863,691,3.0299498112170755,9.180595858494392,77.930275,0.4084497488249733
A1_LCD_plus_NLS,5,3863,692,2.7669412764061256,7.65596402707996,46.1602,0.38664927502842705
A1_LCD_plus_NLS,5,3863,693,3.467734364577544,12.025181623272022,24.224812,0.19761132558544595
A1_LCD_plus_NLS,5,3863,694,2.6074914631514967,6.799011730407933,2.0317562,0.35140250701747744
A1_LCD_plus_NLS,5,3863,695,2.641912935293802,6.979703957672711,37.714798,0.17538385018124303
A1_LCD_plus_NLS,5,3863,696,4.623619493067157,21.37785721667059,73.83091,0.671572758889825
A1_LCD_plus_NLS,5,3863,697,3.4552654044440967,11.938859015148227,143.44032,0.6157122763856724
A1_LCD_plus_NLS,5,3863,698,2.6479741376586845,7.011767033709251,18.645388,0.1811710761395677
A1_LCD_plus_NLS,5,3863,699,2.5429663082671956,6.466677644982087,55.619297,0.4149488284425524
A1_LCD_plus_NLS,5,3863,700,2.6029261734043185,6.775224664193249,9.28889,0.1441308228520662
A1_LCD_plus_NLS,5,3863,701,3.2159478200927443,10.342320381559272,48.167732,0.5355894185830616
A1_LCD_plus_NLS,5,3863,702,3.57549441451844,12.784160308252565,101.461205,0.43449122368512527
A1_LCD_plus_NLS,5,3863,703,3.36081432161726,11.295072904387682,77.695,0.518006019834774
A1_LCD_plus_NLS,5,3863,704,3.417662469214473,11.680416753477168,44.926647,0.3948083719355751
A1_LCD_plus_NLS,5,3863,705,3.453664065981236,11.92779548065004,21.611206,0.37173246175981994
A1_LCD_plus_NLS,5,3863,706,3.346714184509622,11.200495832797904,120.02046,0.28630787282844483
A1_LCD_plus_NLS,5,3863,707,3.0073321693997013,9.044046777106313,30.685955,0.5059084251364945
A1_LCD_plus_NLS,5,3863,708,4.64239186327698,21.551802212220302,143.26212,0.6846085574517855
A1_LCD_plus_NLS,5,3863,709,3.4018209542650473,11.572385804876754,99.03678,0.6265113416843237
A1_LCD_plus_NLS,5,3863,710,5.017711669387581,25.177430397108303,285.96762,0.7715235757270757
A1_LCD_plus_NLS,5,3863,711,3.9772877062312695,15.818817498138392,68.119545,0.6533311065743448
A1_LCD_plus_NLS,5,3863,712,3.2557250089064977,10.599745333619218,39.012653,0.4988423024117427
A1_LCD_plus_NLS,5,3863,713,3.9564323096127825,15.653356620547935,84.71804,0.6066054891488253
A1_LCD_plus_NLS,5,3863,714,3.612558067617222,13.050575791906274,66.03925,0.29477777702438174
A1_LCD_plus_NLS,5,3863,715,4.498722319763302,20.23850251033651,151.52122,0.7161958049194275
A1_LCD_plus_NLS,5,3863,716,4.220159638914095,17.809747377919546,123.90812,0.7300414081224397
A1_LCD_plus_NLS,5,3863,717,2.5349227417204494,6.42583330649152,22.917297,0.2221042225247273
A1_LCD_plus_NLS,5,3863,718,3.9317582364456825,15.458722829858463,106.76181,0.5468364073431895
A1_LCD_plus_NLS,5,3863,719,3.1919896524567544,10.188797941390993,12.456206,0.3285170490124365
A1_LCD_plus_NLS,5,3863,720,3.5000248840362014,12.250174188872624,59.29869,0.2317565857487757
A1_LCD_plus_NLS,5,3863,721,2.0166614783027557,4.066923518070254,5.1940556,0.18472610768227793
A1_LCD_plus_NLS,5,3863,722,4.440655122191428,19.719417914244968,114.14937,0.8453859658812221
A1_LCD_plus_NLS,5,3863,723,4.778259110750204,22.831760129467327,248.4057,0.679564037134207
A1_LCD_plus_NLS,5,3863,724,4.107566454029983,16.872102174272452,93.61618,0.4261669649052573
A1_LCD_plus_NLS,5,3863,725,3.9215486563874205,15.378543864413983,148.99065,0.6397800149600754
A1_LCD_plus_NLS,5,3863,726,5.4190034014624615,29.36559786506172,205.60924,0.8056074650507712
A1_LCD_plus_NLS,5,3863,727,2.7404583943835465,7.510112211347245,99.51171,0.4668687966461754
A1_LCD_plus_NLS,5,3863,728,2.368637290255655,5.610442612789653,44.001213,0.2690645407273515
A1_LCD_plus_NLS,5,3863,729,2.733864785074431,7.474016663070063,49.00764,0.2976006646805892
A1_LCD_plus_NLS,5,3863,730,3.278659139416189,10.749605752477308,16.742336,0.29993161133709834
A1_LCD_plus_NLS,5,3863,731,3.6150164113228067,13.068343654133225,56.22239,0.6210138144955529
A1_LCD_plus_NLS,5,3863,732,3.192314758789944,10.190873519188099,70.03396,0.4850016724852171
A1_LCD_plus_NLS,5,3863,733,3.205350474190763,10.274271662394945,76.1712,0.3887665375712772
A1_LCD_plus_NLS,5,3863,734,2.235110502230922,4.995718957182964,24.008087,0.20199906850610264
A1_LCD_plus_NLS,5,3863,735,3.963777131775251,15.711529150384436,122.276794,0.4937778711691809
A1_LCD_plus_NLS,5,3863,736,3.8811012009976147,15.062946532385123,116.99108,0.5774948515250301
A1_LCD_plus_NLS,5,3863,737,2.7814037083695093,7.73620658893166,34.805355,0.029868264594564556
A1_LCD_plus_NLS,5,3863,738,2.8048976220857216,7.867450670382138,18.930418,0.29438790948090376
A1_LCD_plus_NLS,5,3863,739,3.8090022894593254,14.508498441106386,159.924,0.5578075817445187
A1_LCD_plus_NLS,5,3863,740,5.527385989798891,30.551995880225064,239.0998,0.7543816000056078
A1_LCD_plus_NLS,5,3863,741,4.363639762179868,19.041351974077173,120.167496,0.6651866645287658
A1_LCD_plus_NLS,5,3863,742,3.1500531275909975,9.922834706645828,84.34503,0.40498114067034763
A1_LCD_plus_NLS,5,3863,743,2.4892237064010168,6.196234660508815,34.90976,0.2807271786630217
A1_LCD_plus_NLS,5,3863,744,3.4671947748096357,12.021439606467242,125.26677,0.30947076465675105
A1_LCD_plus_NLS,5,3863,745,3.559179452887075,12.667758377853534,36.284042,0.18775234780048972
A1_LCD_plus_NLS,5,3863,746,3.2648101183839704,10.658985109102355,43.32409,0.4341428614341372
A1_LCD_plus_NLS,5,3863,747,5.266137133821804,27.73220031221692,250.82993,0.7807097200629095
A1_LCD_plus_NLS,5,3863,748,3.5597091336560043,12.671529116233978,75.06086,0.28588817780829157
A1_LCD_plus_NLS,5,3863,749,3.266454153788103,10.669722738799551,89.31096,0.3743429429310196
A1_LCD_plus_NLS,5,3863,750,3.64230128412604,13.266358644346203,116.69779,0.33346331518611994
A1_LCD_plus_NLS,5,3863,751,3.5983651367260276,12.94823165720532,63.298744,0.446705852893885
A1_LCD_plus_NLS,5,3863,752,4.268728455345353,18.222042625475122,76.02031,0.4254663032608157
A1_LCD_plus_NLS,5,3863,753,2.629934359890677,6.916554737333584,21.51344,0.24923066153538592
A1_LCD_plus_NLS,5,3863,754,3.6015411135677313,12.971098392718694,49.19095,0.6066724564577852
A1_LCD_plus_NLS,5,3863,755,4.668859900578838,21.798252771233035,143.7179,0.5125312142217466
A1_LCD_plus_NLS,5,3863,756,3.6443814669392443,13.281516276570239,21.234158,0.5092060946666868
A1_LCD_plus_NLS,5,3863,757,3.5130777552365084,12.341715314337584,82.17828,0.34535475738186583
A1_LCD_plus_NLS,5,3863,758,3.61243785247282,13.04970723797844,21.451035,0.44050052195687367
A1_LCD_plus_NLS,5,3863,759,2.911991136022844,8.479692376275613,21.331663,0.19114797444905957
A1_LCD_plus_NLS,5,3863,760,3.342552837012589,11.172659468220907,119.84944,0.5195461890392953
A1_LCD_plus_NLS,5,3863,761,3.587358628517331,12.869141929597744,109.86378,0.5610141014543574
A1_LCD_plus_NLS,5,3863,762,3.7324025150759614,13.930828534545357,66.96821,0.5526846449138555
A1_LCD_plus_NLS,5,3863,763,4.498131243060794,20.233184679799653,106.43504,0.6889377660315597
A1_LCD_plus_NLS,5,3863,764,4.630335321968134,21.440005193865726,102.75714,0.724561721166707
A1_LCD_plus_NLS,5,3863,765,3.1400608442328686,9.859982105484436,35.107544,0.42140480153092674
A1_LCD_plus_NLS,5,3863,766,4.095274067608271,16.771269688824795,65.95417,0.6451579617221719
A1_LCD_plus_NLS,5,3863,767,2.8781866143856147,8.283958187228526,29.610489,0.29090748454440163
A1_LCD_plus_NLS,5,3863,768,2.7562049971550047,7.596665986342217,55.697273,0.12940185672515797
A1_LCD_plus_NLS,5,3863,769,2.747216952042184,7.54720098158795,30.396437,0.4058762769847388
A1_LCD_plus_NLS,5,3863,770,3.24599238769659,10.53646658098421,39.039185,0.570177758081065
A1_LCD_plus_NLS,5,3863,771,2.3103346314685607,5.337646109362971,62.267326,0.23968190084646013
A1_LCD_plus_NLS,5,3863,772,3.3823779516438273,11.440480607766288,106.50865,0.6662151764997051
A1_LCD_plus_NLS,5,3863,773,3.9077299349891903,15.270353244810622,236.34395,0.4752480674420601
A1_LCD_plus_NLS,5,3863,774,3.7230968522220103,13.861450171025437,75.50726,0.2818766051525616
A1_LCD_plus_NLS,5,3863,775,2.9561489571434514,8.738816656820319,28.672388,0.10859750636702753
A1_LCD_plus_NLS,5,3863,776,3.0946184751160413,9.576663506529533,28.045547,0.21907811164932905
A1_LCD_plus_NLS,5,3863,777,2.748786486819848,7.555827150123404,16.314379,0.2721410203482407
A1_LCD_plus_NLS,5,3863,778,2.3444489163160376,5.496440721215444,21.155119,0.2291069363546363
A1_LCD_plus_NLS,5,3863,779,2.6201063770597917,6.8649574271093865,9.367145,0.4375378457577423
A1_LCD_plus_NLS,5,3863,780,3.2506943258925216,10.567013600389833,89.638054,0.3237723936494692
A1_LCD_plus_NLS,5,3863,781,2.7797676651213856,7.727108272054396,56.84417,0.2601331915434652
A1_LCD_plus_NLS,5,3863,782,5.327473227095501,28.381970985419343,257.7708,0.6657227151645623
A1_LCD_plus_NLS,5,3863,783,2.8369862131973425,8.048490773871796,80.71921,0.478330330037002
A1_LCD_plus_NLS,5,3863,784,4.514179873917693,20.377819934083558,142.88335,0.7317635290774557
A1_LCD_plus_NLS,5,3863,785,4.478808782324955,20.05972810863115,263.05847,0.8676625108548754
A1_LCD_plus_NLS,5,3863,786,4.005567175427663,16.044568396863546,52.452576,0.3489597023852212
A1_LCD_plus_NLS,5,3863,787,4.2128458004139455,17.74806973806542,129.3348,0.49476204777558247
A1_LCD_plus_NLS,5,3863,788,2.810838539845281,7.9008132970795515,43.639645,0.18767504987594424
A1_LCD_plus_NLS,5,3863,789,3.2401767766947462,10.498745544231953,69.581856,0.3638237123831345
A1_LCD_plus_NLS,5,3863,790,2.6094520190851402,6.809239839907515,28.418764,0.20879630448663267
A1_LCD_plus_NLS,5,3863,791,2.501981891929994,6.259913387545594,39.987007,0.16074060870567006
A1_LCD_plus_NLS,5,3863,792,3.998021451640841,15.984175527780343,72.59499,0.47187547492862525
A1_LCD_plus_NLS,5,3863,793,4.732548752815459,22.397017697775155,163.76862,0.501766911502391
A1_LCD_plus_NLS,5,3863,794,3.923057995220087,15.390384033860247,134.30162,0.3634735887831313
A1_LCD_plus_NLS,5,3863,795,3.6717838993315333,13.481997003390282,15.619882,0.7143199864764332
A1_LCD_plus_NLS,5,3863,796,4.0120064926515555,16.096196097078238,154.72993,0.37885543560466345
A1_LCD_plus_NLS,5,3863,797,3.7072738496647237,13.743879396407898,83.90192,0.4799899131411852
A1_LCD_plus_NLS,5,3863,798,3.86084370733584,14.906114132474753,116.194336,0.4613707091368284
A1_LCD_plus_NLS,5,3863,799,3.6921638643481822,13.632074001198504,117.38266,0.4646646874856125
A1_LCD_plus_NLS,5,3863,800,3.9565126988130817,15.65399273586917,153.75618,0.5874239485782765
A1_LCD_plus_NLS,5,3863,801,3.1541541127267343,9.948688166830973,79.74409,0.21386389364844116
A1_LCD_plus_NLS,5,3863,802,3.1019448640615144,9.622061939677607,102.32266,0.33553582513806246
A1_LCD_plus_NLS,5,3863,803,3.978729658576091,15.830289696033013,101.26715,0.6342964371644934
A1_LCD_plus_NLS,5,3863,804,3.63400818861891,13.206015514949286,21.767408,0.2789261504639461
A1_LCD_plus_NLS,5,3863,805,2.7266191324471905,7.434451893427069,5.6062636,0.3885680508451393
A1_LCD_plus_NLS,5,3863,806,4.482002507551055,20.088346477693946,69.53899,0.35882981478972176
A1_LCD_plus_NLS,5,3863,807,4.872348461562209,23.739779530887624,240.60828,0.64389296026931
A1_LCD_plus_NLS,5,3863,808,4.475653509934263,20.031474340986893,141.48517,0.751557712080593
A1_LCD_plus_NLS,5,3863,809,2.9159990483785743,8.50305045014475,55.93692,0.32415279217032994
A1_LCD_plus_NLS,5,3863,810,3.2902498929530966,10.825744358077865,17.639263,0.18419605303143458
A1_LCD_plus_NLS,5,3863,811,2.9689742785468276,8.814808266672653,45.33063,0.23584721447751295
A1_LCD_plus_NLS,5,3863,812,3.4101599967086047,11.629191203151626,62.555984,0.27806550507193106
A1_LCD_plus_NLS,5,3863,813,3.0963119058893764,9.587147418552304,40.539825,0.4270383130735266
A1_LCD_plus_NLS,5,3863,814,3.234686563422887,10.463197163588568,80.19786,0.6084278666138365
A1_LCD_plus_NLS,5,3863,815,2.7230962449595078,7.415253159312571,45.104195,0.5229502550048268
A1_LCD_plus_NLS,5,3863,816,3.4425962017142697,11.85146860805752,64.066925,0.24586141760972863
A1_LCD_plus_NLS,5,3863,817,2.723086574100634,7.4152004900471296,33.940422,0.4514025925184097
A1_LCD_plus_NLS,5,3863,818,2.892252049445991,8.365121917524535,27.512474,0.20559027482167777
A1_LCD_plus_NLS,5,3863,819,3.5591150343468976,12.667299827714116,111.7381,0.3983185796601524
A1_LCD_plus_NLS,5,3863,820,2.4594929046493363,6.049105348020429,7.8890905,0.2854291503024158
A1_LCD_plus_NLS,5,3863,821,3.141086981721991,9.866427426743366,30.92999,0.5886205763335938
A1_LCD_plus_NLS,5,3863,822,3.639361682871297,13.2449534587518,62.209213,0.6027036933656221
A1_LCD_plus_NLS,5,3863,823,3.3931397540182697,11.513397390299163,61.002995,0.18991099034594
A1_LCD_plus_NLS,5,3863,824,3.043431760679503,9.26247688191274,33.93055,0.22170362249827524
A1_LCD_plus_NLS,5,3863,825,3.8139437014804205,14.54616655806217,148.34245,0.6915245018658698
A1_LCD_plus_NLS,5,3863,826,3.170210261245495,10.05023310050623,110.0258,0.6547024885715175
A1_LCD_plus_NLS,5,3863,827,2.473097952099843,6.116213480680436,17.99662,0.338752564421345
A1_LCD_plus_NLS,5,3863,828,4.091284037301295,16.73860507387639,19.317139,0.2844626046952337
A1_LCD_plus_NLS,5,3863,829,3.2418852482543015,10.509819962848857,61.1957,0.17887440387204367
A1_LCD_plus_NLS,5,3863,830,3.6166518933796166,13.080170917886372,136.22865,0.5201595067194311
A1_LCD_plus_NLS,5,3863,831,2.1288172001716315,4.531862671746586,6.057231,0.0791261501453194
A1_LCD_plus_NLS,5,3863,832,2.7878816695706625,7.772284203528104,11.814409,0.2994121833968023
A1_LCD_plus_NLS,5,3863,833,3.079478030323124,9.483184939242788,83.03641,0.3794453268391075
A1_LCD_plus_NLS,5,3863,834,4.344017271941936,18.870486058929863,137.79575,0.472034392381546
A1_LCD_plus_NLS,5,3863,835,3.964760542394909,15.719326158531569,61.681076,0.1765065755246143
A1_LCD_plus_NLS,5,3863,836,3.622152872981013,13.119991435244607,35.9494,0.5714330810034511
A1_LCD_plus_NLS,5,3863,837,2.7996547060564425,7.838066473143985,53.22207,0.18915056718232184
A1_LCD_plus_NLS,5,3863,838,2.8143694218330766,7.920675242549045,30.54917,0.29836036849952335
A1_LCD_plus_NLS,5,3863,839,2.806431949210873,7.876060285551544,14.2919445,0.3188672944150067
A1_LCD_plus_NLS,5,3863,840,3.396457371124774,11.535922673867812,84.94107,0.5732791145721957
A1_LCD_plus_NLS,5,3863,841,3.1400395230491,9.859848206310412,59.3546,0.17076140780238963
A1_LCD_plus_NLS,5,3863,842,2.397547838216858,5.748235636538329,50.303135,0.16803795378458525
A1_LCD_plus_NLS,5,3863,843,2.8279145976087023,7.997100971368387,58.224236,0.355056334148148
A1_LCD_plus_NLS,5,3863,844,3.763960078512138,14.167395472633096,110.55685,0.7170354711625669
A1_LCD_plus_NLS,5,3863,845,4.671279439616122,21.820851602980316,143.30951,0.7399099298258216
A1_LCD_plus_NLS,5,3863,846,5.166499283911747,26.6927148506606,210.14592,0.8233910040300232
A1_LCD_plus_NLS,5,3863,847,3.029311995415515,9.176731165568329,46.70015,0.30798464136676645
A1_LCD_plus_NLS,5,3863,848,3.987584847610594,15.900832916893608,104.137665,0.4735292272868387
A1_LCD_plus_NLS,5,3863,849,2.991575512891396,8.94952404933142,53.604538,0.34038690872637983
A1_LCD_plus_NLS,5,3863,850,3.9583485788395802,15.668523471601324,77.82502,0.5625717819403451
A1_LCD_plus_NLS,5,3863,851,3.949469569025791,15.598309876660773,101.17079,0.55619521468247
A1_LCD_plus_NLS,5,3863,852,3.5175395182577476,12.373084262504944,98.625114,0.6436421283829681
A1_LCD_plus_NLS,5,3863,853,4.068968599230277,16.556505461522,49.179825,0.554921090093653
A1_LCD_plus_NLS,5,3863,854,3.8018289911986836,14.453903678318799,120.140045,0.503096562278246
A1_LCD_plus_NLS,5,3863,855,2.278622138669084,5.192118850832871,22.901627,0.2834515341981214
A1_LCD_plus_NLS,5,3863,856,3.606165754336072,13.004431447746255,127.21428,0.3882346045162332
A1_LCD_plus_NLS,5,3863,857,2.6127828604620853,6.826634275924436,38.75988,0.08503079806185573
A1_LCD_plus_NLS,5,3863,858,2.821792431987839,7.962512529223844,31.429468,0.43093379970654877
A1_LCD_plus_NLS,5,3863,859,3.518454945352214,12.379525202473452,72.87353,0.5455591897662493
A1_LCD_plus_NLS,5,3863,860,4.693883653577942,22.03254375332619,150.4931,0.6729315759770668
A1_LCD_plus_NLS,5,3863,861,4.214201127309784,17.759491141419055,115.32141,0.6379404985283788
A1_LCD_plus_NLS,5,3863,862,2.7177744079108277,7.386297732295052,36.665688,0.31941257961216635
A1_LCD_plus_NLS,5,3863,863,2.99417076947593,8.965058596784083,47.039116,0.22179365083398633
A1_LCD_plus_NLS,5,3863,864,4.136691044480775,17.112212797487455,105.56683,0.7536648946636715
A1_LCD_plus_NLS,5,3863,865,3.3104748893925926,10.959243993298902,52.28039,0.14680235443019635
A1_LCD_plus_NLS,5,3863,866,2.4160157552343047,5.837132129540389,85.902695,0.40177140959768587
A1_LCD_plus_NLS,5,3863,867,2.383046318058197,5.6789097540107285,48.18299,0.23001002208503976
A1_LCD_plus_NLS,5,3863,868,2.600384312259281,6.761998571444174,58.439156,0.13977774775557844
A1_LCD_plus_NLS,5,3863,869,2.867749312380517,8.223986118658926,81.94387,0.3723297085071393
A1_LCD_plus_NLS,5,3863,870,3.954770185418378,15.640207219474112,97.45554,0.5769209462428186
A1_LCD_plus_NLS,5,3863,871,4.266852382976419,18.206029258111542,98.141914,0.3598145504647642
A1_LCD_plus_NLS,5,3863,872,2.2471337776028384,5.049610214443603,4.464206,0.24037090476553055
A1_LCD_plus_NLS,5,3863,873,4.015968566972305,16.128003530909584,93.53558,0.3251817774295931
A1_LCD_plus_NLS,5,3863,874,3.2886137493369074,10.814980392327747,61.564354,0.4759588115227615
A1_LCD_plus_NLS,5,3863,875,2.647522834060774,7.009377156873194,18.087671,0.1794578961624176
A1_LCD_plus_NLS,5,3863,876,3.2399878146847363,10.49752103930557,52.613926,0.482986023424132
A1_LCD_plus_NLS,5,3863,877,5.002858671548934,25.028594887492364,273.3617,0.8351595493358865
A1_LCD_plus_NLS,5,3863,878,3.704421556521858,13.722739068423826,93.452774,0.6580451337725923
A1_LCD_plus_NLS,5,3863,879,3.7481642006383504,14.048734874946922,122.9284,0.6056526489953051
A1_LCD_plus_NLS,5,3863,880,2.8681528256011806,8.226300631004035,33.26378,0.3225527206253819
A1_LCD_plus_NLS,5,3863,881,2.535516028189365,6.428841529205172,29.530458,0.20180492132891076
A1_LCD_plus_NLS,5,3863,882,2.695408659531828,7.265227841879168,61.154213,0.23276599622042182
A1_LCD_plus_NLS,5,3863,883,2.47081073069747,6.104905666929765,23.3535,0.1445664940021862
A1_LCD_plus_NLS,5,3863,884,2.2217186054733444,4.936033561906424,9.220265,0.13199921088041222
A1_LCD_plus_NLS,5,3863,885,3.4935211091387726,12.204689739998202,21.036394,0.3643741560832431
A1_LCD_plus_NLS,5,3863,886,3.964204778275384,15.714919524101393,145.45525,0.6845067792784045
A1_LCD_plus_NLS,5,3863,887,3.8714382373435896,14.988034025566042,103.432686,0.495260858385168
A1_LCD_plus_NLS,5,3863,888,3.6081095574392923,13.018454578484766,78.12746,0.5606906720050555
A1_LCD_plus_NLS,5,3863,889,3.404214891855822,11.588679029932946,124.51143,0.395438675442384
A1_LCD_plus_NLS,5,3863,890,3.2664029026248684,10.669387922276169,50.592903,0.45853995666362024
A1_LCD_plus_NLS,5,3863,891,3.2351229610628955,10.466020573196356,11.956249,0.41699310565704895
A1_LCD_plus_NLS,5,3863,892,3.259618085173871,10.625110061192574,18.976946,0.39172833197316714
A1_LCD_plus_NLS,5,3863,893,2.831171627849508,8.015532786340032,66.72004,0.18411340956311503
A1_LCD_plus_NLS,5,3863,894,3.1871121415924235,10.157683803085844,95.25046,0.30162124118820965
A1_LCD_plus_NLS,5,3863,895,3.5023558243840083,12.266496320596588,69.4292,0.1738611211155977
A1_LCD_plus_NLS,5,3863,896,3.7136721763281155,13.791361033233596,45.820324,0.3925399421581275
A1_LCD_plus_NLS,5,3863,897,3.8822659777916266,15.071989122318376,120.47133,0.41324971199352667
A1_LCD_plus_NLS,5,3863,898,3.850982523892421,14.830066399324842,106.216965,0.28113089284747383
A1_LCD_plus_NLS,5,3863,899,2.817881161469931,7.940454240167128,66.386505,0.28203328019828827
A1_LCD_plus_NLS,5,3863,900,2.1343995393173434,4.555661393438089,3.7772048,0.15379223713600226
A1_LCD_plus_NLS,5,3863,901,4.915305454164013,24.1602277077345,192.68507,0.7504669548103138
A1_LCD_plus_NLS,5,3863,902,3.0762344991165538,9.463218693554877,58.01073,0.4092791540620072
A1_LCD_plus_NLS,5,3863,903,3.4067953333175343,11.606254443114132,69.98342,0.5175275806537326
A1_LCD_plus_NLS,5,3863,904,2.4046791865842083,5.7824819903912905,9.087379,0.1534004040417109
A1_LCD_plus_NLS,5,3863,905,2.580062627259441,6.65672316058089,24.367264,0.26815532030617867
A1_LCD_plus_NLS,5,3863,906,3.8541104396135726,14.854167280738325,138.39128,0.44746576806618565
A1_LCD_plus_NLS,5,3863,907,3.4585726169931643,11.961724547014946,119.29431,0.43597639569113544
A1_LCD_plus_NLS,5,3863,908,4.902606477348795,24.035550271742363,189.02257,0.43578484283868824
A1_LCD_plus_NLS,5,3863,909,3.769623653265564,14.210062487259218,41.31196,0.4822659734387309
A1_LCD_plus_NLS,5,3863,910,4.2692760178720865,18.226717716777735,84.53838,0.596418423721694
A1_LCD_plus_NLS,5,3863,911,2.848236011703857,8.112448378366695,110.975655,0.553007802368612
A1_LCD_plus_NLS,5,3863,912,4.328398023598219,18.735029450688966,163.97128,0.818629795470862
A1_LCD_plus_NLS,5,3863,913,4.4448230781789295,19.75645219631202,118.33319,0.301955270519233
A1_LCD_plus_NLS,5,3863,914,3.819001075890466,14.58476921765253,96.861885,0.3480190489738555
A1_LCD_plus_NLS,5,3863,915,3.965179666490173,15.72264978754712,97.09674,0.6933623188906665
A1_LCD_plus_NLS,5,3863,916,3.4205581216943464,11.700217863889158,49.268414,0.5758049796244519
A1_LCD_plus_NLS,5,3863,917,4.780868899040017,22.85670742980811,194.72209,0.6664717174310872
A1_LCD_plus_NLS,5,3863,918,3.5785265202529732,12.805852056153855,131.6755,0.6148593155406105
A1_LCD_plus_NLS,5,3863,919,3.8382294476109293,14.732005292507703,99.700714,0.6083547713294923
A1_LCD_plus_NLS,5,3863,920,3.2795492169332476,10.755443066287484,30.534473,0.5822609530081344
A1_LCD_plus_NLS,5,3863,921,2.525719418622671,6.379258581607644,35.938007,0.3465874589613482
A1_LCD_plus_NLS,5,3863,922,3.144224818754671,9.886149710872841,59.026108,0.35816773650000105
A1_LCD_plus_NLS,5,3863,923,3.552863397404102,12.622838320613818,55.424774,0.2079438102148075
A1_LCD_plus_NLS,5,3863,924,4.486791753040315,20.131300235150572,71.66054,0.7522337536628445
A1_LCD_plus_NLS,5,3863,925,3.459942481968181,11.971201978528137,86.57322,0.38770693277996704
A1_LCD_plus_NLS,5,3863,926,2.6971880585567862,7.274823423221324,29.535715,0.3175541880707906
A1_LCD_plus_NLS,5,3863,927,2.3188148293849,5.376902212975324,38.52562,0.2810346191797328
A1_LCD_plus_NLS,5,3863,928,2.7107678306602385,7.3482622317424156,50.73397,0.19032336446181464
A1_LCD_plus_NLS,5,3863,929,3.1123152973504684,9.686506510121735,59.463604,0.5271557540821071
A1_LCD_plus_NLS,5,3863,930,3.917705622200642,15.34841734222252,146.04094,0.607416136106603
A1_LCD_plus_NLS,5,3863,931,3.7643653215489357,14.170446274080225,71.931,0.467513745766953
A1_LCD_plus_NLS,5,3863,932,4.201404035677217,17.651795871004804,100.244194,0.6621551647082953
A1_LCD_plus_NLS,5,3863,933,3.054920177043,9.332537288104437,43.79647,0.20199391205868716
A1_LCD_plus_NLS,5,3863,934,3.060378690876839,9.365917731573036,55.97424,0.622474878153632
A1_LCD_plus_NLS,5,3863,935,2.799895581616119,7.839415267953467,40.58789,0.18030900944355874
A1_LCD_plus_NLS,5,3863,936,4.252570649638723,18.0843571301687,42.449944,0.33925385443501926
A1_LCD_plus_NLS,5,3863,937,2.6227192587045343,6.878656309979663,34.88894,0.3084378741227726
A1_LCD_plus_NLS,5,3863,938,2.774811510829436,7.6995789206315335,26.723894,0.1743242205686011
A1_LCD_plus_NLS,5,3863,939,3.440216248168157,11.835087834160191,23.528963,0.5191065618655035
A1_LCD_plus_NLS,5,3863,940,4.783289183001168,22.879855408215995,80.24538,0.26900340283121954
A1_LCD_plus_NLS,5,3863,941,3.7178082897597586,13.822098479406378,127.22162,0.6550704896725432
A1_LCD_plus_NLS,5,3863,942,3.586914683131116,12.865956944061592,96.714386,0.7474867553813489
A1_LCD_plus_NLS,5,3863,943,3.395384838180993,11.528638199349372,28.423143,0.2862495384503954
A1_LCD_plus_NLS,5,3863,944,2.785151891906536,7.757071060990561,18.946337,0.1913300336960625
A1_LCD_plus_NLS,5,3863,945,3.9063402425207148,15.259494090336794,155.34033,0.36112391550103384
A1_LCD_plus_NLS,5,3863,946,2.8229494562285304,7.969043632420957,53.204987,0.42265474216951027
A1_LCD_plus_NLS,5,3863,947,3.2818091696930924,10.770271426281667,113.81485,0.457815648161377
A1_LCD_plus_NLS,5,3863,948,2.323789212857739,5.399996305793991,26.718403,0.1634553890373447
A1_LCD_plus_NLS,5,3863,949,2.7886768875124015,7.776718782945852,10.463815,0.38332455512180874
A1_LCD_plus_NLS,5,3863,950,2.8812730384071505,8.301734321851974,79.57386,0.49867559953261875
A1_LCD_plus_NLS,5,3863,951,4.85551033133532,23.57598057770403,201.06592,0.7633286701453221
A1_LCD_plus_NLS,5,3863,952,5.009051090183115,25.090592824064647,213.5545,0.8523201573101635
A1_LCD_plus_NLS,5,3863,953,4.00102431763424,16.008195590300534,95.06273,0.27665380218805674
A1_LCD_plus_NLS,5,3863,954,3.500036637702217,12.250256465257841,57.0729,0.46477500671095506
A1_LCD_plus_NLS,5,3863,955,4.200192040379512,17.64161317606741,103.61824,0.47971988588458925
A1_LCD_plus_NLS,5,3863,956,2.652665913590372,7.036636449124243,56.628593,0.45606390114223005
A1_LCD_plus_NLS,5,3863,957,3.4602137824967456,11.973079420580435,34.029644,0.5604072381625387
A1_LCD_plus_NLS,5,3863,958,3.6576373783255725,13.378311191324368,134.22607,0.3632974822538598
A1_LCD_plus_NLS,5,3863,959,4.140541364403639,17.144082790337542,100.308,0.5969419759017163
A1_LCD_plus_NLS,5,3863,960,3.4582979417803448,11.959824654122169,88.73674,0.4695316424474305
A1_LCD_plus_NLS,5,3863,961,3.167621243317221,10.033824341114544,14.723693,0.2453045817454661
A1_LCD_plus_NLS,5,3863,962,3.1200249393467283,9.734555622145555,28.175877,0.5254070622368601
A1_LCD_plus_NLS,5,3863,963,3.7629870387972137,14.160071454155824,108.122696,0.39094171166160985
A1_LCD_plus_NLS,5,3863,964,3.6418126887009734,13.262799659583415,96.49927,0.4650871344261993
A1_LCD_plus_NLS,5,3863,965,3.467250868814062,12.021828587291868,77.91872,0.4864788128801053
A1_LCD_plus_NLS,5,3863,966,4.656810721325127,21.68588609424866,174.61766,0.6902911623550105
A1_LCD_plus_NLS,5,3863,967,3.568084426995736,12.731226478169487,65.321625,0.4659975780079788
A1_LCD_plus_NLS,5,3863,968,3.52492983665215,12.425130353320553,77.47071,0.3618212063988937
A1_LCD_plus_NLS,5,3863,969,3.5000667795425415,12.250467461257301,74.086235,0.22339009261811674
A1_LCD_plus_NLS,5,3863,970,3.508660213977265,12.31069649714699,51.731728,0.5444900983991552
A1_LCD_plus_NLS,5,3863,971,3.8049468554497996,14.477620572797315,119.226715,0.44154733709827954
A1_LCD_plus_NLS,5,3863,972,2.8752810507259463,8.267241120663702,45.153736,0.3200850711554889
A1_LCD_plus_NLS,5,3863,973,4.179834105551181,17.471013149928833,155.36061,0.7225798196549404
A1_LCD_plus_NLS,5,3863,974,3.10578158612028,9.645879260683804,85.825455,0.4845182094533423
A1_LCD_plus_NLS,5,3863,975,4.003102484741843,16.024829503346325,52.24473,0.5894965354209795
A1_LCD_plus_NLS,5,3863,976,3.63236369646198,13.194066023374939,146.14433,0.5810160488847885
A1_LCD_plus_NLS,5,3863,977,2.534205071962965,6.422195346762818,26.342384,0.08437133186937346
A1_LCD_plus_NLS,5,3863,978,2.7028153265645996,7.305210689512503,39.43332,0.12946970817409448
A1_LCD_plus_NLS,5,3863,979,3.233415322848882,10.45497465003394,69.33219,0.591701748995592
A1_LCD_plus_NLS,5,3863,980,4.740833548087251,22.475502730669557,205.18723,0.5781301102901764
A1_LCD_plus_NLS,5,3863,981,4.382559317704239,19.206826173196244,135.11533,0.6627822001157735
A1_LCD_plus_NLS,5,3863,982,4.589016270420729,21.05907033018619,192.82852,0.7210570395503826
A1_LCD_plus_NLS,5,3863,983,4.53686474816325,20.58314174312639,99.78547,0.7150981130105692
A1_LCD_plus_NLS,5,3863,984,3.3932081966658676,11.513861865920429,67.34709,0.48173856252894914
A1_LCD_plus_NLS,5,3863,985,2.8388767112861135,8.059220981882655,10.547541,0.10940326571375249
A1_LCD_plus_NLS,5,3863,986,3.551777956152935,12.615126649813924,104.32149,0.3069386383768858
A1_LCD_plus_NLS,5,3863,987,4.248063171602589,18.046040709926245,141.34294,0.7421979938806404
A1_LCD_plus_NLS,5,3863,988,3.5608612111298226,12.679732564928944,116.32395,0.5144881037412229
A1_LCD_plus_NLS,5,3863,989,3.3728033028916973,11.375802119997141,79.94679,0.6440201293537021
A1_LCD_plus_NLS,5,3863,990,3.93052205563614,15.449003629842142,80.06759,0.7718942521434198
A1_LCD_plus_NLS,5,3863,991,4.423567718289768,19.567951358295343,152.05167,0.5925130161720561
A1_LCD_plus_NLS,5,3863,992,4.482915664286327,20.096532853103728,56.850582,0.6312660633012981
A1_LCD_plus_NLS,5,3863,993,4.484490982189082,20.110659369335192,135.50647,0.3070317416406038
A1_LCD_plus_NLS,5,3863,994,4.668863876558929,21.79828989783687,161.40186,0.7946929432818202
A1_LCD_plus_NLS,5,3863,995,3.226704085433183,10.411619254951194,39.6087,0.6112899611606877
A1_LCD_plus_NLS,5,3863,996,3.862540152631785,14.919216430692774,44.397102,0.6123954696319174
A1_LCD_plus_NLS,5,3863,997,3.4194137724477973,11.692390547205676,135.11322,0.5347255105618884
A1_LCD_plus_NLS,5,3863,998,4.334087378779093,18.784313406892217,120.438416,0.5880087083114025
A1_LCD_plus_NLS,5,3863,999,3.2022835297787426,10.2546198050922,39.206135,0.2702176641419515
A1_LCD_plus_NLS,5,3863,1000,4.097715027874065,16.791268449664955,141.08455,0.3014304916852268
A1_LCD_plus_NLS,5,3863,1001,4.259346575906228,18.142033253684108,144.0974,0.5615846242894804
A1_LCD_plus_NLS,5,3863,1002,3.3229368459215345,11.041909281982955,57.600628,0.3873739888011463
A1_LCD_plus_NLS,5,3863,1003,4.762878386753917,22.685010527007595,139.26468,0.618915120287196
A1_LCD_plus_NLS,5,3863,1004,4.602425267724201,21.182318344986182,196.2128,0.6433913283543959
A1_LCD_plus_NLS,5,3863,1005,3.650605069056801,13.326917370223205,62.75615,0.5626587652696088
A1_LCD_plus_NLS,5,3863,1006,3.0821261205001327,9.499501422669196,34.608944,0.49728753719285934
A1_LCD_plus_NLS,5,3863,1007,2.288858731252155,5.238874291629224,15.893226,0.1421472813516605
A1_LCD_plus_NLS,5,3863,1008,4.026104564239966,16.20951796219389,57.901497,0.5780825804572971
A1_LCD_plus_NLS,5,3863,1009,3.332535682070651,11.105794072274103,54.16589,0.4954361760517611
A1_LCD_plus_NLS,5,3863,1010,4.16071687105808,17.31156488110734,229.15709,0.7725415687604343
A1_LCD_plus_NLS,5,3863,1011,3.996725241936308,15.973812659530841,91.73694,0.6793759883236937
A1_LCD_plus_NLS,5,3863,1012,3.5062654821727617,12.293897631476186,44.856632,0.27930383288882826
A1_LCD_plus_NLS,5,3863,1013,3.946108898674701,15.571775440199659,155.60516,0.6445042149748089
A1_LCD_plus_NLS,5,3863,1014,3.509485482019319,12.316488348504372,67.2751,0.48061779307577823
A1_LCD_plus_NLS,5,3863,1015,2.7876494402439493,7.770989401692404,57.334625,0.5365948444819946
A1_LCD_plus_NLS,5,3863,1016,3.3943531441516903,11.521633267212463,65.77914,0.5198208557651904
A1_LCD_plus_NLS,5,3863,1017,2.6136466774587155,6.831148954590983,14.51341,0.09369192782772853
A1_LCD_plus_NLS,5,3863,1018,3.8386336167020945,14.7351080432754,75.50266,0.34901192443242435
A1_LCD_plus_NLS,5,3863,1019,2.998202546841142,8.989218511884712,52.062668,0.4443447037901229
A1_LCD_plus_NLS,5,3863,1020,4.595084692455527,21.114803330839095,178.02354,0.773897715486899
A1_LCD_plus_NLS,5,3863,1021,3.1987231534359357,10.231829812327133,33.760456,0.4383105896511498
A1_LCD_plus_NLS,5,3863,1022,3.655329188367653,13.361431475332527,121.33525,0.35831380727329387
A1_LCD_plus_NLS,5,3863,1023,2.339948543987512,5.475359188509276,41.40401,0.12359855557670735
A1_LCD_plus_NLS,5,3863,1024,2.5938683126576976,6.72815282340969,7.6089253,0.12604751238679007
A1_LCD_plus_NLS,5,3863,1025,3.435864909619149,11.805167677152205,67.70019,0.3625534078388243
A1_LCD_plus_NLS,5,3863,1026,2.7125985456441106,7.358190869830544,45.75953,0.1783299825008143
A1_LCD_plus_NLS,5,3863,1027,2.9203226053087272,8.528284119077151,115.13124,0.37077448251624007
A1_LCD_plus_NLS,5,3863,1028,3.1106226557777763,9.675973306637987,46.019756,0.37202525365264677
A1_LCD_plus_NLS,5,3863,1029,3.2983343997288403,10.87900981243461,12.8366375,0.554796042941613
A1_LCD_plus_NLS,5,3863,1030,3.8380189914561664,14.730389778778214,105.03005,0.5711472464538705
A1_LCD_plus_NLS,5,3863,1031,2.895563971344071,8.384290712145848,59.32772,0.49732730876392983
A1_LCD_plus_NLS,5,3863,1032,3.4587842966481026,11.963188810739515,65.05931,0.4028453461908459
A1_LCD_plus_NLS,5,3863,1033,3.0894639215899824,9.544787322806153,29.253574,0.26081481771499454
A1_LCD_plus_NLS,5,3863,1034,3.380366755168718,11.426879399449888,85.129425,0.35081139067822803
A1_LCD_plus_NLS,5,3863,1035,2.9385099268742754,8.63484059033866,96.00171,0.4945152373981372
A1_LCD_plus_NLS,5,3863,1036,4.060989908201094,16.491639034511135,156.82924,0.5542955478023411
A1_LCD_plus_NLS,5,3863,1037,3.780554790096014,14.292594520917913,95.80878,0.4428142364369406
A1_LCD_plus_NLS,5,3863,1038,3.4547039115738327,11.934979116643545,41.622112,0.31295143879000825
A1_LCD_plus_NLS,5,3863,1039,3.08542438429552,9.519843631205388,80.57057,0.3707025727923718
A1_LCD_plus_NLS,5,3863,1040,2.238683329991678,5.011703051982629,13.931369,0.08784325719443037
A1_LCD_plus_NLS,5,3863,1041,3.1855256580860902,10.147573718324821,82.981606,0.43743987640424786
A1_LCD_plus_NLS,5,3863,1042,3.210459846649427,10.30705242694826,58.892353,0.3319954169288243
A1_LCD_plus_NLS,5,3863,1043,3.4492721040942236,11.897478048082593,34.33733,0.38385232540963904
A1_LCD_plus_NLS,5,3863,1044,2.472272602912835,6.112131823113406,13.825813,0.30735397164717354
A1_LCD_plus_NLS,5,3863,1045,5.257274176666244,27.638931768641736,228.79549,0.8009347207769822
A1_LCD_plus_NLS,5,3863,1046,4.315728810027219,18.625515161698956,72.72783,0.3454713553502826
A1_LCD_plus_NLS,5,3863,1047,3.973072022657879,15.785301297226768,59.375374,0.5657451977018013
A1_LCD_plus_NLS,5,3863,1048,3.6442781344018,13.280763120879062,45.977566,0.49992771834571575
A1_LCD_plus_NLS,5,3863,1049,4.179544472259254,17.468591995592888,149.29918,0.4165223418724395
A1_LCD_plus_NLS,5,3863,1050,4.248251114856481,18.04763753487934,128.58464,0.5495767908660246
A1_LCD_plus_NLS,5,3863,1051,5.2714029975533965,27.78768956261493,247.51688,0.8649683252968892
A1_LCD_plus_NLS,5,3863,1052,4.279422952565348,18.313460806943116,104.27661,0.6467896762188128
A1_LCD_plus_NLS,5,3863,1053,3.7504003602032783,14.065502861812885,118.37517,0.220095216104237
A1_LCD_plus_NLS,5,3863,1054,3.5045946382651567,12.282183578556882,44.361675,0.4592703049109135
A1_LCD_plus_NLS,5,3863,1055,4.096231251271077,16.779110463889822,124.85873,0.5855296870629558
A1_LCD_plus_NLS,5,3863,1056,3.9200442811463465,15.366747166148171,122.68822,0.6473805239530382
A1_LCD_plus_NLS,5,3863,1057,3.9312407491442745,15.454653827732438,79.179596,0.6098478346200014
A1_LCD_plus_NLS,5,3863,1058,3.225523283620138,10.404000453175636,69.077194,0.2022471708488426
A1_LCD_plus_NLS,5,3863,1059,3.169427457820161,10.04527041038437,52.167297,0.3888471016612133
A1_LCD_plus_NLS,5,3863,1060,3.7639204019596533,14.167096792288119,113.478226,0.746797127415853
A1_LCD_plus_NLS,5,3863,1061,3.4720139836654953,12.054881102768741,106.33745,0.30321900919588135
A1_LCD_plus_NLS,5,3863,1062,3.801772934837799,14.453477448065211,192.78484,0.7181455819902471
A1_LCD_plus_NLS,5,3863,1063,5.709656453684318,32.60017681909899,122.96524,0.7948629600631014
A1_LCD_plus_NLS,5,3863,1064,4.623947709697683,21.38089242201845,199.26427,0.5508095267573324
A1_LCD_plus_NLS,5,3863,1065,3.7475690109524447,14.044273491851085,118.81407,0.5648890638896049
A1_LCD_plus_NLS,5,3863,1066,3.224736503814693,10.398925519035009,34.9572,0.49352782464265743
A1_LCD_plus_NLS,5,3863,1067,4.589563513499877,21.06409324444934,173.12753,0.696064414839591
A1_LCD_plus_NLS,5,3863,1068,3.276580892374548,10.735982344273989,65.351814,0.5825050784784702
A1_LCD_plus_NLS,5,3863,1069,2.2832396997687665,5.213183526600166,17.665304,0.29741435409999956
A1_LCD_plus_NLS,5,3863,1070,4.787110931168899,22.916431067316765,216.11205,0.6141405920402385
A1_LCD_plus_NLS,5,3863,1071,5.265569663267272,27.72622387872061,174.35818,0.841842869457013
A1_LCD_plus_NLS,5,3863,1072,4.123440750305843,17.002763621282806,152.10571,0.5457579744919041
A1_LCD_plus_NLS,5,3863,1073,3.2425332247691827,10.514021713732031,37.520744,0.5854107846168455
A1_LCD_plus_NLS,5,3863,1074,2.784786103329012,7.755033641294382,19.933876,0.46227631152795434
A1_LCD_plus_NLS,5,3863,1075,3.859327306790273,14.894407260937067,69.84538,0.3376216629088951
A1_LCD_plus_NLS,5,3863,1076,3.5995108610347293,12.956478438706977,119.796135,0.6161812659134093
A1_LCD_plus_NLS,5,3863,1077,3.371488339818099,11.366933625529398,28.598507,0.41298281778509693
A1_LCD_plus_NLS,5,3863,1078,3.9696413977464124,15.75805282670209,159.35683,0.5611550219422162
A1_LCD_plus_NLS,5,3863,1079,5.086481802483667,25.872297126997502,239.40222,0.7491690909422968
A1_LCD_plus_NLS,5,3863,1080,2.4292373330219967,5.901194020147823,31.08804,0.27433432697345456
A1_LCD_plus_NLS,5,3863,1081,3.430896500713692,11.771050798609457,104.299805,0.1763442402765315
A1_LCD_plus_NLS,5,3863,1082,3.2880951612482003,10.811569789423828,19.404371,0.27195902917052694
A1_LCD_plus_NLS,5,3863,1083,3.531743961324422,12.473215408351523,18.351034,0.6075945408071984
A1_LCD_plus_NLS,5,3863,1084,3.8359366450929278,14.714409945166784,64.16992,0.5200633219659825
A1_LCD_plus_NLS,5,3863,1085,3.190273553072152,10.17784534343161,88.38303,0.38909051656875104
A1_LCD_plus_NLS,5,3863,1086,4.5727499936099525,20.910042504059827,136.8732,0.5692266116762158
A1_LCD_plus_NLS,5,3863,1087,4.227524554463982,17.871963858595887,151.24576,0.653549725649707
A1_LCD_plus_NLS,5,3863,1088,4.541768590659451,20.627661931100743,207.1483,0.6471331018679496
A1_LCD_plus_NLS,5,3863,1089,4.9803365913197695,24.80375256283861,186.03983,0.7318575468600862
A1_LCD_plus_NLS,5,3863,1090,3.6864493543451853,13.589908842152036,144.07848,0.3204572308549011
A1_LCD_plus_NLS,5,3863,1091,3.0474884442097436,9.287185817591924,54.207916,0.27758482134311707
A1_LCD_plus_NLS,5,3863,1092,4.15359733955386,17.252370859148897,127.65907,0.603407391188258
A1_LCD_plus_NLS,5,3863,1093,3.369890412550424,11.356161392599269,79.255844,0.42106033523028336
A1_LCD_plus_NLS,5,3863,1094,2.964005008671194,8.785325691427927,41.923325,0.31890015862029986
A1_LCD_plus_NLS,5,3863,1095,3.0938087441963424,9.571652545665748,24.456558,0.3906307827967491
A1_LCD_plus_NLS,5,3863,1096,3.8380164081203767,14.73036994900124,30.51705,0.4044576952594564
A1_LCD_plus_NLS,5,3863,1097,3.4199379110523456,11.695975315453081,59.654686,0.6951164157470018
A1_LCD_plus_NLS,5,3863,1098,3.7868061840012266,14.339901075189932,105.05782,0.570220258846827
A1_LCD_plus_NLS,5,3863,1099,4.697426685000323,22.065817460953127,230.08511,0.7500426909561142
A1_LCD_plus_NLS,5,3863,1100,4.235724365660157,17.941360901847137,203.2418,0.589528515643173
A1_LCD_plus_NLS,5,3863,1101,3.0906075871454126,9.551855257720788,25.528208,0.2863557400686709
A1_LCD_plus_NLS,5,3863,1102,2.345871819853239,5.503114595181547,6.377519,0.055743436504402395
A1_LCD_plus_NLS,5,3863,1103,2.687619661427151,7.223299444489793,37.769585,0.3087819809930623
A1_LCD_plus_NLS,5,3863,1104,3.8984918589828035,15.19823877455519,128.38669,0.5365067088915808
A1_LCD_plus_NLS,5,3863,1105,5.0986638782236335,25.99637334310246,201.65703,0.3984071281100602
A1_LCD_plus_NLS,5,3863,1106,3.7793595801347726,14.283558835956484,87.62976,0.4291554868700097
A1_LCD_plus_NLS,5,3863,1107,5.03268008733683,25.327868861476645,175.52002,0.8108584341623271
A1_LCD_plus_NLS,5,3863,1108,4.969123702192291,24.692190367689214,249.82243,0.7402517822298128
A1_LCD_plus_NLS,5,3863,1109,4.034845185573638,16.279975671546765,168.26532,0.6617780693142201
A1_LCD_plus_NLS,5,3863,1110,2.6316998311275506,6.925844001156779,7.9004145,0.13856041991869822
A1_LCD_plus_NLS,5,3863,1111,3.0513521869647584,9.310750168894613,53.511906,0.46818183960824644
A1_LCD_plus_NLS,5,3863,1112,3.5081069268020513,12.306814209876528,85.5853,0.7835381273396613
A1_LCD_plus_NLS,5,3863,1113,4.497763953868865,20.22988058472208,86.21418,0.750267083960531
A1_LCD_plus_NLS,5,3863,1114,3.29104011897814,10.83094506472365,24.18037,0.3027579462723577
A1_LCD_plus_NLS,5,3863,1115,3.3480840065738424,11.209666515075554,75.26065,0.4473893150459859
A1_LCD_plus_NLS,5,3863,1116,2.9933666558675864,8.960243936459898,24.101059,0.14824455178821672
A1_LCD_plus_NLS,5,3863,1117,4.628335428529697,21.42148883898317,187.94328,0.5610738487720526
A1_LCD_plus_NLS,5,3863,1118,2.891775079522661,8.362363110548293,90.77395,0.2836874764659975
A1_LCD_plus_NLS,5,3863,1119,4.235381924080575,17.93846004282847,177.28326,0.5993512876039095
A1_LCD_plus_NLS,5,3863,1120,3.4508478574700923,11.908350935405927,60.838066,0.4216132491473146
A1_LCD_plus_NLS,5,3863,1121,2.426302594627786,5.886944280697523,13.420213,0.08204884630907608
A1_LCD_plus_NLS,5,3863,1122,3.2237143717478776,10.392334350613813,93.435745,0.6487416060900816
A1_LCD_plus_NLS,5,3863,1123,3.6503928401151864,13.325367887164218,72.82199,0.42328048765695825
A1_LCD_plus_NLS,5,3863,1124,2.4413156993427907,5.960022343857579,12.782176,0.2713988261368636
A1_LCD_plus_NLS,5,3863,1125,3.0733315776545163,9.445366986208395,45.24209,0.20307127774109307
A1_LCD_plus_NLS,5,3863,1126,2.5681695109643417,6.5954946370468255,32.706654,0.11161539198766635
A1_LCD_plus_NLS,5,3863,1127,2.7901707211692464,7.785052653270112,85.22207,0.3514091463672883
A1_LCD_plus_NLS,5,3863,1128,3.933569449636876,15.472968615116555,161.79768,0.6319332516164378
A1_LCD_plus_NLS,5,3863,1129,3.537635541635206,12.514865225440616,72.20533,0.6431771695785033
A1_LCD_plus_NLS,5,3863,1130,4.831999602935127,23.348220162765227,153.19038,0.7664763337530629
A1_LCD_plus_NLS,5,3863,1131,3.8754928854897406,15.0194451054816,115.99446,0.45405797290079003
A1_LCD_plus_NLS,5,3863,1132,2.83685323579274,8.047736281427738,45.065125,0.41585795270689235
A1_LCD_plus_NLS,5,3863,1133,3.145204456328554,9.892311072108996,32.22521,0.48925352573093245
A1_LCD_plus_NLS,5,3863,1134,3.259713251354334,10.625730481055042,48.18277,0.17252633297553518
A1_LCD_plus_NLS,5,3863,1135,4.0735095476496,16.59348003479245,60.947,0.6016714586616099
A1_LCD_plus_NLS,5,3863,1136,3.3131949112026424,10.97726051961909,113.11055,0.5591732818136612
A1_LCD_plus_NLS,5,3863,1137,3.672345907128423,13.486124461602875,21.168621,0.295899343974637
A1_LCD_plus_NLS,5,3863,1138,3.4998474766380663,12.248932359729837,71.88411,0.38646740810451846
A1_LCD_plus_NLS,5,3863,1139,3.6875862580735537,13.598292410732917,88.98697,0.3698293619930091
A1_LCD_plus_NLS,5,3863,1140,3.157804627498366,9.97173006545009,41.906204,0.5788064981140354
A1_LCD_plus_NLS,5,3863,1141,3.0712774204968105,9.432744993653543,48.49485,0.15802319635045975
A1_LCD_plus_NLS,5,3863,1142,3.117998517879834,9.721914757500839,87.23944,0.33151535725411974
A1_LCD_plus_NLS,5,3863,1143,3.111839496119944,9.683545049612025,42.125927,0.3790978022056495
A1_LCD_plus_NLS,5,3863,1144,3.4457510501173103,11.873200299384546,95.48043,0.44451453188929935
A1_LCD_plus_NLS,5,3863,1145,3.3721915240248257,11.371675674704873,102.61484,0.274451264343392
A1_LCD_plus_NLS,5,3863,1146,2.9784236047496244,8.871007169329747,38.518204,0.4057607032544086
A1_LCD_plus_NLS,5,3863,1147,3.6303283096676275,13.179283635974215,37.16684,0.6859443041656976
A1_LCD_plus_NLS,5,3863,1148,3.0041912347269775,9.025164974810401,56.262695,0.4918459378694289
A1_LCD_plus_NLS,5,3863,1149,3.6808020687521728,13.54830386933028,64.90299,0.43917501083417776
A1_LCD_plus_NLS,5,3863,1150,3.7893291160994034,14.359015150118692,102.38017,0.44183186063503876
A1_LCD_plus_NLS,5,3863,1151,4.196644347557735,17.611823779888283,151.67607,0.5488037882963843
A1_LCD_plus_NLS,5,3863,1152,2.5589835713550166,6.548396918464875,3.6916993,0.2715673246886367
A1_LCD_plus_NLS,5,3863,1153,3.8749625678085566,15.015334901917486,108.89285,0.5066142835014722
A1_LCD_plus_NLS,5,3863,1154,2.6736524040439096,7.148417177649777,30.501694,0.4544169596559244
A1_LCD_plus_NLS,5,3863,1155,4.6754978935863925,21.860280552930796,163.89801,0.7029237916437432
A1_LCD_plus_NLS,5,3863,1156,4.000247143632588,16.001977210140673,104.25929,0.3558238499001418
A1_LCD_plus_NLS,5,3863,1157,4.3157828759985275,18.625981832762125,165.1065,0.6027906934629911
A1_LCD_plus_NLS,5,3863,1158,3.6420916255059064,13.264831408580253,105.820946,0.629813747582394
A1_LCD_plus_NLS,5,3863,1159,4.212868937343428,17.748264683233142,179.2144,0.726549231876116
A1_LCD_plus_NLS,5,3863,1160,4.444466128191242,19.753279164639242,100.33854,0.7038249938886887
A1_LCD_plus_NLS,5,3863,1161,2.5582415731943815,6.544599946820061,10.670867,0.2345627575686236
A1_LCD_plus_NLS,5,3863,1162,3.2632614924354715,10.648875568012178,9.246321,0.5551066556794594
A1_LCD_plus_NLS,5,3863,1163,3.570344546213089,12.747360178673548,58.26554,0.5252643307473457
A1_LCD_plus_NLS,5,3863,1164,3.235830014988931,10.470595885903265,51.707005,0.1332577569097343
A1_LCD_plus_NLS,5,3863,1165,2.5324923500200986,6.413517502910322,62.19688,0.21285391828647543
A1_LCD_plus_NLS,5,3863,1166,2.8202884179205863,7.954026760257006,24.374104,0.39829422836209466
A1_LCD_plus_NLS,5,3863,1167,2.377909617532089,5.654454149151605,7.100214,0.13993809049071718
A1_LCD_plus_NLS,5,3863,1168,3.4938251540925926,12.20681420737012,73.07006,0.5252800116362265
A1_LCD_plus_NLS,5,3863,1169,2.78039178961003,7.730578503730868,55.860214,0.4535791179601194
A1_LCD_plus_NLS,5,3863,1170,2.8168533310650616,7.934662688732335,76.26616,0.241747773132103
A1_LCD_plus_NLS,5,3863,1171,3.323258491071569,11.044046998479281,18.878637,0.34439937238554175
A1_LCD_plus_NLS,5,3863,1172,3.444113925312646,11.861920730532486,110.5507,0.30813693320181973
A1_LCD_plus_NLS,5,3863,1173,2.8145871760439296,7.9219009715509445,53.55995,0.21424419157083008
A1_LCD_plus_NLS,5,3863,1174,4.179281278992307,17.46639200893557,89.69158,0.7992071068446637
A1_LCD_plus_NLS,5,3863,1175,3.8490723941976204,14.815358295774205,117.73823,0.512925930066161
A1_LCD_plus_NLS,5,3863,1176,3.468099105119397,12.02771140292996,54.379116,0.19151335598515698
A1_LCD_plus_NLS,5,3863,1177,5.702588689123248,32.5195177573164,306.56027,0.8071116092992017
A1_LCD_plus_NLS,5,3863,1178,5.307519556219677,28.169763839654312,206.11497,0.7043046647164105
A1_LCD_plus_NLS,5,3863,1179,2.592148530591001,6.719234004645088,31.530195,0.17779905877305585
A1_LCD_plus_NLS,5,3863,1180,2.203669828192948,4.856160711687938,50.1171,0.11839276566120739
A1_LCD_plus_NLS,5,3863,1181,3.437666662159412,11.817552080122226,34.4977,0.6384521077043773
A1_LCD_plus_NLS,5,3863,1182,2.2862492260106375,5.22693552343424,19.646692,0.17558082829305288
A1_LCD_plus_NLS,5,3863,1183,4.306238873951068,18.543693239527364,94.46727,0.8228576125448956
A1_LCD_plus_NLS,5,3863,1184,4.790838871982584,22.952137097299353,240.48373,0.7534775008684821
A1_LCD_plus_NLS,5,3863,1185,4.4947845872544745,20.203088485820373,164.9824,0.7528599420970654
A1_LCD_plus_NLS,5,3863,1186,4.363711394739825,19.041977136582187,111.11559,0.5997660764678843
A1_LCD_plus_NLS,5,3863,1187,2.8270588683868705,7.992261845324853,38.108646,0.3718571001951173
A1_LCD_plus_NLS,5,3863,1188,3.2147590205427954,10.334675560161275,27.058289,0.5554012893792757
A1_LCD_plus_NLS,5,3863,1189,2.3187214932943236,5.376469363465059,23.678915,0.20245888213900443
A1_LCD_plus_NLS,5,3863,1190,3.2462346405781104,10.538039341689295,48.87928,0.43079049255240254
A1_LCD_plus_NLS,5,3863,1191,4.992687046029775,24.926923939593518,170.47083,0.7357095160804406
A1_LCD_plus_NLS,5,3863,1192,3.211166286005615,10.311588916379094,105.53553,0.5316249095721808
A1_LCD_plus_NLS,5,3863,1193,2.8100810423848945,7.896555464770976,40.433266,0.44756563449943165
A1_LCD_plus_NLS,5,3863,1194,3.8720193969268673,14.9925342101779,15.360528,0.32337873972878584
A1_LCD_plus_NLS,5,3863,1195,3.8831543442242293,15.0788876610675,41.643032,0.5475437135614797
A1_LCD_plus_NLS,5,3863,1196,2.8988286174908398,8.403207353583852,74.97348,0.3540136467190783
A1_LCD_plus_NLS,5,3863,1197,3.8040126599798847,14.470512317287241,74.50015,0.43198369670630377
A1_LCD_plus_NLS,5,3863,1198,3.867284658664286,14.955890631140141,158.85213,0.6815402880580784
A1_LCD_plus_NLS,5,3863,1199,2.71674730164756,7.380715901009301,53.734413,0.17264563336790223
A1_LCD_plus_NLS,5,3863,1200,2.8751397903394493,8.266428813993171,86.29587,0.2891697076265656
A1_LCD_plus_NLS,5,3863,1201,3.75351658806212,14.088886776857505,92.51247,0.46827315353264976
A1_LCD_plus_NLS,5,3863,1202,3.483646832459741,12.135795253306785,134.38997,0.5139984170776779
A1_LCD_plus_NLS,5,3863,1203,4.282548210783313,18.340219177683355,155.7542,0.7153952630059197
A1_LCD_plus_NLS,5,3863,1204,4.076963217513029,16.621629076954186,53.79677,0.3545665011515446
A1_LCD_plus_NLS,5,3863,1205,3.865585050260333,14.94274778079618,78.09561,0.6634421534951109
A1_LCD_plus_NLS,5,3863,1206,5.626508854568512,31.657601890537876,243.35965,0.8362496191717002
A1_LCD_plus_NLS,5,3863,1207,3.3641012435518345,11.317177176866991,99.57953,0.5378162439404459
A1_LCD_plus_NLS,5,3863,1208,2.2912516354503905,5.249834056954089,38.84461,0.07444265330366504
A1_LCD_plus_NLS,5,3863,1209,2.650578191447278,7.0255647489759205,65.42951,0.36400331661653385
A1_LCD_plus_NLS,5,3863,1210,3.3794969109762834,11.42099937129824,65.31833,0.515144321180317
A1_LCD_plus_NLS,5,3863,1211,2.947428493279156,8.687334722993832,66.24934,0.13008929956858659
A1_LCD_plus_NLS,5,3863,1212,2.857947026415305,8.167861205796083,36.140133,0.12059818187748017
A1_LCD_plus_NLS,5,3863,1213,3.23278413016841,10.450893232268726,59.498016,0.333261398838787
A1_LCD_plus_NLS,5,3863,1214,2.4524247553949943,6.0143871808741975,12.726334,0.2597296396546487
A1_LCD_plus_NLS,5,3863,1215,3.714376416326492,13.796592162162433,84.631645,0.45973162170005627
A1_LCD_plus_NLS,5,3863,1216,3.7857264729845617,14.331724928256127,120.20274,0.48756157074911455
A1_LCD_plus_NLS,5,3863,1217,2.777676677053441,7.715487722246648,49.121693,0.15668152086685982
A1_LCD_plus_NLS,5,3863,1218,2.248564159714803,5.056040780353939,6.4481897,0.09294852918399057
A1_LCD_plus_NLS,5,3863,1219,3.1495893181880183,9.919912873244067,25.096386,0.17369673932100893
A1_LCD_plus_NLS,5,3863,1220,4.033989850760176,16.273074116036113,141.73404,0.6244351849169623
A1_LCD_plus_NLS,5,3863,1221,3.596045000423407,12.931539645070181,81.61082,0.4595831680897093
A1_LCD_plus_NLS,5,3863,1222,3.507892379049378,12.305308942992706,115.73169,0.6172186246364356
A1_LCD_plus_NLS,5,3863,1223,3.163558564111057,10.008102788560414,56.257298,0.4123485049562269
A1_LCD_plus_NLS,5,3863,1224,3.2088757823208613,10.296883786365319,38.313698,0.23973138901857635
A1_LCD_plus_NLS,5,3863,1225,3.1787838823988936,10.10466697099898,90.7121,0.4627912176836054
A1_LCD_plus_NLS,5,3863,1226,5.296535849103988,28.053292000843697,125.59983,0.7156162394087164
A1_LCD_plus_NLS,5,3863,1227,3.6892050297176775,13.610233751294212,96.936035,0.724650015490842
A1_LCD_plus_NLS,5,3863,1228,3.8229619525362066,14.615038090539446,89.94301,0.32097800609210764
A1_LCD_plus_NLS,5,3863,1229,3.0242506078749236,9.146091739231844,35.11969,0.3354635387307616
A1_LCD_plus_NLS,5,3863,1230,4.381776361416185,19.199964081465662,181.26532,0.6181024226381477
A1_LCD_plus_NLS,5,3863,1231,4.104999686331637,16.851022424782837,153.23415,0.7229778794873819
A1_LCD_plus_NLS,5,3863,1232,4.736229904607854,22.431873709301726,201.90889,0.7576128406633075
A1_LCD_plus_NLS,5,3863,1233,3.6052153836633543,12.997577962602902,117.173065,0.5393477244620942
A1_LCD_plus_NLS,5,3863,1234,3.609654766652027,13.029607534413701,52.44452,0.6233662888837541
A1_LCD_plus_NLS,5,3863,1235,4.351002494798768,18.931222709745114,122.4666,0.6865686008566101
A1_LCD_plus_NLS,5,3863,1236,3.0957812015690345,9.583861247988214,28.727776,0.4965852463154433
A1_LCD_plus_NLS,5,3863,1237,3.0769168071248365,9.4674170379673,43.04317,0.3137242484897095
A1_LCD_plus_NLS,5,3863,1238,2.4262735322495557,5.886803253294733,7.092873,0.17567692764220863
A1_LCD_plus_NLS,5,3863,1239,2.4707485376859366,6.1045983364771965,15.179366,0.07884583674201225
A1_LCD_plus_NLS,5,3863,1240,4.202187144132623,17.658376794313487,142.23529,0.6033449343846429
A1_LCD_plus_NLS,5,3863,1241,5.063770544310204,25.64177212542366,248.1088,0.7232175414082281
A1_LCD_plus_NLS,5,3863,1242,4.495702042750055,20.211336857187018,157.9767,0.6350728475753356
A1_LCD_plus_NLS,5,3863,1243,4.822576391872009,23.257243055441236,176.75204,0.6797393963800429
A1_LCD_plus_NLS,5,3863,1244,3.906891653281973,15.263802390484349,56.1214,0.23255469366334794
A1_LCD_plus_NLS,5,3863,1245,2.8133499820064864,7.914938121255898,30.74929,0.24818855767973536
A1_LCD_plus_NLS,5,3863,1246,3.0724669868423713,9.440053385236238,42.999397,0.2609746615755869
A1_LCD_plus_NLS,5,3863,1247,2.762242962358293,7.629986183097921,71.18194,0.15673728354450076
A1_LCD_plus_NLS,5,3863,1248,2.484479661790556,6.1726391898509165,36.023796,0.08862957374207284
A1_LCD_plus_NLS,5,3863,1249,3.989364911830243,15.915032399742325,82.40111,0.6056116875201949
A1_LCD_plus_NLS,5,3863,1250,3.2615875403106145,10.637953283109445,27.407598,0.5046705100931216
A1_LCD_plus_NLS,5,3863,1251,3.8827322533997366,15.075609751590598,127.145615,0.4943244664790465
A1_LCD_plus_NLS,5,3863,1252,4.5806046094779775,20.98193858837089,174.32562,0.5811554906154597
A1_LCD_plus_NLS,5,3863,1253,3.413629184286823,11.652864207814714,109.8005,0.4923222131752008
A1_LCD_plus_NLS,5,3863,1254,3.566715728725293,12.721461089536398,56.199966,0.599426331121989
A1_LCD_plus_NLS,5,3863,1255,3.6958698612127256,13.65945403102057,99.79058,0.702975688081539
A1_LCD_plus_NLS,5,3863,1256,2.4489046079313654,5.997133778747474,47.22109,0.18730265739441182
A1_LCD_plus_NLS,5,3863,1257,3.0787120220774513,9.47846771488423,39.389584,0.15919821635508008
A1_LCD_plus_NLS,5,3863,1258,2.795493469970454,7.814783740647452,62.24967,0.4513823388043917
A1_LCD_plus_NLS,5,3863,1259,2.988543437366032,8.931391877023577,51.20094,0.3760185789341452
A1_LCD_plus_NLS,5,3863,1260,3.277082814588831,10.739271773673456,28.57963,0.2448788584396154
A1_LCD_plus_NLS,5,3863,1261,3.630370046451217,13.179586674170213,85.85101,0.5822412096948932
A1_LCD_plus_NLS,5,3863,1262,3.5660074855781887,12.716409387199679,12.968917,0.5309981368641451
A1_LCD_plus_NLS,5,3863,1263,3.665124210885353,13.433135481217981,113.40338,0.37277948552461004
A1_LCD_plus_NLS,5,3863,1264,3.5015947297701113,12.261165651553819,61.832317,0.06746463434788735
A1_LCD_plus_NLS,5,3863,1265,2.846832811544121,8.104457056884204,36.755787,0.22420312267564313
A1_LCD_plus_NLS,5,3863,1266,3.493020401654741,12.201191526376247,59.632797,0.6151301341117404
A1_LCD_plus_NLS,5,3863,1267,3.4621827823379876,11.986709618317606,60.36403,0.5764108124253736
A1_LCD_plus_NLS,5,3863,1268,3.6269223300691853,13.154565588354489,30.438128,0.6049222258667168
A1_LCD_plus_NLS,5,3863,1269,3.40758646839885,11.61164553961495,54.916786,0.5232386596776736
A1_LCD_plus_NLS,5,3863,1270,3.207499929046177,10.28805579483123,30.90426,0.34214612105874026
A1_LCD_plus_NLS,5,3863,1271,5.198332886879822,27.02266480281631,299.3833,0.7291837604691583
A1_LCD_plus_NLS,5,3863,1272,4.789496158635004,22.93927345357946,150.53761,0.4494976422880313
A1_LCD_plus_NLS,5,3863,1273,3.8000977932507003,14.440743238268842,61.15987,0.4666810063967092
A1_LCD_plus_NLS,5,3863,1274,2.6745236548025297,7.1530767800982815,14.097643,0.21082978669817518
A1_LCD_plus_NLS,5,3863,1275,3.353425237237624,11.245460821742217,47.838646,0.190114059340995
A1_LCD_plus_NLS,5,3863,1276,3.7002951961375494,13.69218453855863,56.896484,0.435838568913689
A1_LCD_plus_NLS,5,3863,1277,4.66566936907681,21.768470661541603,125.67996,0.8113080589314783
A1_LCD_plus_NLS,5,3863,1278,4.577958507886329,20.95770409992883,156.62755,0.7961510496608222
A1_LCD_plus_NLS,5,3863,1279,3.660755286631189,13.401129268598204,92.7721,0.692313122175259
A1_LCD_plus_NLS,5,3863,1280,2.602866740996407,6.774915271385257,12.997531,0.14533177981812223
A1_LCD_plus_NLS,5,3863,1281,2.879408053617801,8.290990739239051,30.405985,0.1419105475831128
A1_LCD_plus_NLS,5,3863,1282,2.5333593665541962,6.417909680107878,33.795002,0.12371302082539054
A1_LCD_plus_NLS,5,3863,1283,3.6123055630998464,13.048751481202101,142.84883,0.508739658840055
A1_LCD_plus_NLS,5,3863,1284,3.3564248771792355,11.265587956147643,92.57826,0.6850824015677683
A1_LCD_plus_NLS,5,3863,1285,4.890045005842013,23.912540159160404,201.39133,0.7679826108152068
A1_LCD_plus_NLS,5,3863,1286,3.071340964242618,9.433135318634777,105.48956,0.3697766203604929
A1_LCD_plus_NLS,5,3863,1287,4.783554431157104,22.88239299584277,190.24274,0.5381921964847962
A1_LCD_plus_NLS,5,3863,1288,3.634559104632912,13.210019885069999,134.37613,0.3195263886928891
A1_LCD_plus_NLS,5,3863,1289,2.775547910335543,7.703666202567999,24.690525,0.32467799839818134
A1_LCD_plus_NLS,5,3863,1290,2.6362459844260173,6.9497928904023025,102.68789,0.3299557213607677
A1_LCD_plus_NLS,5,3863,1291,3.214811251732869,10.335011384268258,86.97757,0.5133645482154798
A1_LCD_plus_NLS,5,3863,1292,4.808150263701785,23.118308958335543,149.30945,0.4328594775323662
A1_LCD_plus_NLS,5,3863,1293,3.501758726104006,12.262314175845546,123.583,0.43265969613389454
A1_LCD_plus_NLS,5,3863,1294,4.006589251197735,16.05275742781323,91.68588,0.47791615357048306
A1_LCD_plus_NLS,5,3863,1295,4.143122485311217,17.165463928291395,128.09433,0.6742661260819897
A1_LCD_plus_NLS,5,3863,1296,4.402327938202503,19.3804912754783,158.13846,0.6775424349000457
A1_LCD_plus_NLS,5,3863,1297,3.570514419904202,12.748573222743842,121.88953,0.48297428120291697
A1_LCD_plus_NLS,5,3863,1298,3.6247700696329845,13.13895805770711,49.263615,0.37226066128912294
A1_LCD_plus_NLS,5,3863,1299,2.868234212575749,8.226767498190029,54.64571,0.41303149165227804
A1_LCD_plus_NLS,5,3863,1300,3.571396262378564,12.754871262931577,51.594357,0.61637595519825
A1_LCD_plus_NLS,5,3863,1301,3.233333210400751,10.454443649480426,42.14544,0.4766807263831108
A1_LCD_plus_NLS,5,3863,1302,4.450944637658283,19.81090816749903,173.42926,0.6189301411336612
A1_LCD_plus_NLS,5,3863,1303,4.771192772259877,22.76428047006487,209.04628,0.7223833047448426
A1_LCD_plus_NLS,5,3863,1304,4.33109607391843,18.758393201511637,181.04105,0.5321531163745429
A1_LCD_plus_NLS,5,3863,1305,2.845110652661448,8.094654625887651,52.379173,0.10869527628289667
A1_LCD_plus_NLS,5,3863,1306,3.1558139406348773,9.959161627905436,27.25965,0.41271006215028483
A1_LCD_plus_NLS,5,3863,1307,4.583565492282556,21.00907262204343,162.46553,0.6156233161705599
A1_LCD_plus_NLS,5,3863,1308,3.180712219329954,10.11693022219488,84.1496,0.5721889769536604
A1_LCD_plus_NLS,5,3863,1309,4.070790536389667,16.571335591159666,96.64742,0.7891179592511682
A1_LCD_plus_NLS,5,3863,1310,3.854826369170626,14.859686336453189,105.02208,0.4795220513942342
A1_LCD_plus_NLS,5,3863,1311,4.615840262570504,21.305981329566944,206.51938,0.703242981685913
A1_LCD_plus_NLS,5,3863,1312,5.121200443833787,26.226693985923376,157.7034,0.8372343380711005
A1_LCD_plus_NLS,5,3863,1313,3.9732383512172302,15.786622995583413,113.65326,0.5589298835849199
A1_LCD_plus_NLS,5,3863,1314,2.592434030285825,6.720714201384005,44.703987,0.2610114274766197
A1_LCD_plus_NLS,5,3863,1315,3.1784335446448586,10.102439797723681,55.890274,0.5194754247538176
A1_LCD_plus_NLS,5,3863,1316,3.661610424807606,13.407390903059738,111.59968,0.32293364038861905
A1_LCD_plus_NLS,5,3863,1317,3.4607952976664045,11.977104092349903,93.33124,0.6533050751322785
A1_LCD_plus_NLS,5,3863,1318,2.687029088983952,7.220125325045927,25.93846,0.10341470644706512
A1_LCD_plus_NLS,5,3863,1319,4.257263272843285,18.12429057430032,220.38318,0.5671064819181904
A1_LCD_plus_NLS,5,3863,1320,2.7048285746847824,7.316097618431315,17.579983,0.2207479289882992
A1_LCD_plus_NLS,5,3863,1321,2.819941195228012,7.952068344543989,62.207474,0.4129043880690362
A1_LCD_plus_NLS,5,3863,1322,4.264993270436126,18.190167596865447,206.85835,0.42816668366789723
A1_LCD_plus_NLS,5,3863,1323,4.08224113212298,16.664692660796707,103.56058,0.5100788823952717
A1_LCD_plus_NLS,5,3863,1324,3.3562084193486843,11.264134954106995,95.867615,0.3486676120093288
A1_LCD_plus_NLS,5,3863,1325,2.6293847193497264,6.913664002349841,22.383097,0.23132981881737938
A1_LCD_plus_NLS,5,3863,1326,5.390244468898768,29.05473543449376,255.7178,0.7792047089132358
A1_LCD_plus_NLS,5,3863,1327,5.017584966415142,25.176158895195243,137.55667,0.6370787753633157
A1_LCD_plus_NLS,5,3863,1328,3.778206438688895,14.274843893350221,70.44522,0.6246539704873835
A1_LCD_plus_NLS,5,3863,1329,3.2240763114256317,10.394668061895906,26.951902,0.483938576599648
A1_LCD_plus_NLS,5,3863,1330,2.6847494781057266,7.207879760188973,44.86148,0.271139087501855
A1_LCD_plus_NLS,5,3863,1331,3.8379604394076976,14.729940334458522,77.4399,0.4415359155985169
A1_LCD_plus_NLS,5,3863,1332,4.743155767356406,22.497526633406338,162.8482,0.7130663651636572
A1_LCD_plus_NLS,5,3863,1333,3.040728115597949,9.24602747298786,23.988708,0.4642212580637838
A1_LCD_plus_NLS,5,3863,1334,2.6402125316713767,6.9707222123945805,42.82757,0.13475467551610268
A1_LCD_plus_NLS,5,3863,1335,4.261112466022865,18.157079448095466,216.7692,0.48205010249932945
A1_LCD_plus_NLS,5,3863,1336,2.4104056947932926,5.810055613491938,58.28305,0.21762443906752604
A1_LCD_plus_NLS,5,3863,1337,2.6190685857032303,6.859520256617519,46.715458,0.117536092348253
A1_LCD_plus_NLS,5,3863,1338,5.307046701437309,28.164744691236624,270.4313,0.6881193939606846
A1_LCD_plus_NLS,5,3863,1339,4.468558539716362,19.968015422872025,120.589226,0.7284906968418705
A1_LCD_plus_NLS,5,3863,1340,3.041764117408758,9.252328945955485,71.0831,0.44271014662380814
A1_LCD_plus_NLS,5,3863,1341,3.09371143017817,9.571050413215058,39.127148,0.3680315061860927
A1_LCD_plus_NLS,5,3863,1342,2.485875618746097,6.179577591876293,21.618221,0.13015689861528545
A1_LCD_plus_NLS,5,3863,1343,2.828966984588798,8.003054199893436,56.157116,0.22918942702929018
A1_LCD_plus_NLS,5,3863,1344,3.4923513258845293,12.196517783407431,26.448252,0.5614704593095564
A1_LCD_plus_NLS,5,3863,1345,4.432502275028066,19.64707641812898,185.15193,0.6337040082970715
A1_LCD_plus_NLS,5,3863,1346,3.203202511889489,10.26050633217513,60.511623,0.4820484699673513
A1_LCD_plus_NLS,5,3863,1347,3.2888045439286997,10.816235328166062,63.26463,0.5494077066137028
A1_LCD_plus_NLS,5,3863,1348,3.3225862983495045,11.03957970997986,46.0615,0.21091247136254443
A1_LCD_plus_NLS,5,3863,1349,3.0440414716598214,9.266188481184894,33.560875,0.058638615830655806
A1_LCD_plus_NLS,5,3863,1350,4.928152666684866,24.286688706153154,183.91548,0.8118628434990521
A1_LCD_plus_NLS,5,3863,1351,3.566693977229847,12.721305927207666,89.76432,0.5861544171512302
A1_LCD_plus_NLS,5,3863,1352,3.303228561424216,10.911318929008695,35.59421,0.3734396845211306
A1_LCD_plus_NLS,5,3863,1353,2.7446424065807635,7.533061940001447,51.30949,0.299686133795549
A1_LCD_plus_NLS,5,3863,1354,4.6333587989273175,21.4680137595972,174.84363,0.7076149620715475
A1_LCD_plus_NLS,5,3863,1355,5.776315613946588,33.36582207192314,262.7635,0.8020061483325767
A1_LCD_plus_NLS,5,3863,1356,4.8983075774283495,23.99341712309199,235.06686,0.6721042061304976
A1_LCD_plus_NLS,5,3863,1357,2.8681027115955327,8.226013164261643,41.065453,0.3462400620234767
A1_LCD_plus_NLS,5,3863,1358,3.1653272324714186,10.019296488625173,102.311264,0.4513651555413943
A1_LCD_plus_NLS,5,3863,1359,3.663701502165579,13.422708696970316,71.274704,0.6339087312516805
A1_LCD_plus_NLS,5,3863,1360,2.864743022695904,8.206752586084868,16.393309,0.2505837287743239
A1_LCD_plus_NLS,5,3863,1361,2.96749224705033,8.806010236303816,30.628672,0.3580157507590034
A1_LCD_plus_NLS,5,3863,1362,2.8569826266497698,8.162349728978619,12.955502,0.30580020256163615
A1_LCD_plus_NLS,5,3863,1363,5.054168127802242,25.544615464092026,211.09154,0.7460418129838067
A1_LCD_plus_NLS,5,3863,1364,2.748814323979456,7.555980187714633,93.71138,0.2826834428994175
A1_LCD_plus_NLS,5,3863,1365,3.155107014593787,9.954700273538922,60.13493,0.37383184656677027
A1_LCD_plus_NLS,5,3863,1366,3.6279760017492526,13.16220986926849,186.0563,0.6676717804415041
A1_LCD_plus_NLS,5,3863,1367,2.8430988220617452,8.08321091200888,37.999218,0.44034126649060895
A1_LCD_plus_NLS,5,3863,1368,3.8798803405510918,15.053471456994863,184.86728,0.6246296433756267
A1_LCD_plus_NLS,5,3863,1369,3.3218112917262537,11.034430257840041,30.4215,0.32310732965150724
A1_LCD_plus_NLS,5,3863,1370,3.5714899322881037,12.755540336435285,20.263126,0.2848192709985133
A1_LCD_plus_NLS,5,3863,1371,3.628659917930625,13.167172799996289,59.418144,0.18018949678033241
A1_LCD_plus_NLS,5,3863,1372,2.8204761485858607,7.955085704741729,18.709248,0.22924530496877893
A1_LCD_plus_NLS,5,3863,1373,3.6514860205922766,13.333350158580814,83.669815,0.7751219551027135
A1_LCD_plus_NLS,5,3863,1374,3.7413387105984635,13.99761534742257,156.09944,0.6327620240551887
A1_LCD_plus_NLS,5,3863,1375,4.282942947481507,18.343600291381573,142.53362,0.6740024048534361
A1_LCD_plus_NLS,5,3863,1376,4.5810420391691995,20.9859461646355,76.45763,0.5106001090455522
A1_LCD_plus_NLS,5,3863,1377,2.734777875469065,7.479010028155094,16.348175,0.3868417854219521
A1_LCD_plus_NLS,5,3863,1378,3.314832113988052,10.988111943926496,88.4806,0.15644028527195697
A1_LCD_plus_NLS,5,3863,1379,4.194285980679389,17.592034887723667,128.20207,0.608996736466646
A1_LCD_plus_NLS,5,3863,1380,4.8976646721421035,23.98711924074882,146.81459,0.4626224744735164
A1_LCD_plus_NLS,5,3863,1381,3.5445741178174286,12.5640056767012,91.389145,0.5358071148950043
A1_LCD_plus_NLS,5,3863,1382,3.525094246451898,12.426289446368274,125.61553,0.6521329154016421
A1_LCD_plus_NLS,5,3863,1383,4.684277051112318,21.942451491577515,120.58864,0.6756956508831147
A1_LCD_plus_NLS,5,3863,1384,3.8168490933110384,14.568337001109299,63.420868,0.6589473546845233
A1_LCD_plus_NLS,5,3863,1385,3.7951934923454376,14.40349364434116,124.77847,0.4907912961028402
A1_LCD_plus_NLS,5,3863,1386,3.832005373810903,14.684265184915635,99.315216,0.5378652288972339
A1_LCD_plus_NLS,5,3863,1387,2.5952066040421666,6.735097317664075,16.223846,0.1912654844437114
A1_LCD_plus_NLS,5,3863,1388,3.707549291837574,13.745921751405296,117.1007,0.4775490004738233
A1_LCD_plus_NLS,5,3863,1389,2.669817458988189,7.12792526431815,40.00962,0.036591509921369364
A1_LCD_plus_NLS,5,3863,1390,2.815163215341939,7.9251439290143635,47.381287,0.40780492305601534
A1_LCD_plus_NLS,5,3863,1391,3.605658001383626,13.00076962294177,105.61487,0.4710014038257093
A1_LCD_plus_NLS,5,3863,1392,3.518097928790113,12.377013036557281,30.22535,0.5497238919936783
A1_LCD_plus_NLS,5,3863,1393,3.6095753007846296,13.02903385203445,115.91736,0.6684443138732737
A1_LCD_plus_NLS,5,3863,1394,3.7833863378366264,14.31401218132884,42.685455,0.47308421344769647
A1_LCD_plus_NLS,5,3863,1395,3.2242717230357245,10.39592814396776,114.07549,0.49284641442565114
A1_LCD_plus_NLS,5,3863,1396,2.986514670515975,8.91926987720714,11.9594965,0.2670835463384299
A1_LCD_plus_NLS,5,3863,1397,3.7238620678704457,13.867148700524359,115.57042,0.2941938037537605
A1_LCD_plus_NLS,5,3863,1398,3.807104424477705,14.494044098877715,53.534363,0.24110122014282237
A1_LCD_plus_NLS,5,3863,1399,3.2685935537896675,10.683703819875372,98.78418,0.37008944741070926
A1_LCD_plus_NLS,5,3863,1400,3.784614429548081,14.323306380343546,143.48119,0.5921889592689328
A1_LCD_plus_NLS,5,3863,1401,3.5171476735088314,12.370327757268589,92.99619,0.4922449151802518
A1_LCD_plus_NLS,5,3863,1402,3.405586237677698,11.598017622259738,75.516174,0.4540022431706803
A1_LCD_plus_NLS,5,3863,1403,2.708105557249056,7.333835709203217,42.1769,0.4462736356904351
A1_LCD_plus_NLS,5,3863,1404,2.7626280466296107,7.6321137240245385,78.21875,0.3976509506567415
A1_LCD_plus_NLS,5,3863,1405,2.488641640002547,6.193337212354566,28.80505,0.2212829638904866
A1_LCD_plus_NLS,5,3863,1406,2.9661427271346987,8.798002677734068,27.544468,0.2772360894366763
A1_LCD_plus_NLS,5,3863,1407,2.1182142648543683,4.4868316718325305,12.592611,0.07631585830941713
A1_LCD_plus_NLS,5,3863,1408,3.895197223028434,15.172561406288418,97.76736,0.483141297364199
A1_LCD_plus_NLS,5,3863,1409,3.226234161636475,10.40858686571021,75.96617,0.5506825703970186
A1_LCD_plus_NLS,5,3863,1410,3.6011721432436405,12.968440805273998,60.993416,0.49213272153012755
A1_LCD_plus_NLS,5,3863,1411,3.033667114432342,9.203136161188255,38.7323,0.34332028031626605
A1_LCD_plus_NLS,5,3863,1412,2.620132822144392,6.865096005678335,9.03601,0.461096259037864
A1_LCD_plus_NLS,5,3863,1413,3.178109602685519,10.10038064668191,51.703625,0.3671198051004787
A1_LCD_plus_NLS,5,3863,1414,4.399473509212435,19.355367158261977,102.4954,0.5665820146149232
A1_LCD_plus_NLS,5,3863,1415,3.4885723416003827,12.170136982579178,54.195515,0.26738599630704407
A1_LCD_plus_NLS,5,3863,1416,2.5987217322498726,6.753354641667778,14.741085,0.16187861526824598
A1_LCD_plus_NLS,5,3863,1417,4.543766137264588,20.645810710152354,118.612305,0.47290460176512983
A1_LCD_plus_NLS,5,3863,1418,4.050519624224719,16.406709226229562,114.77069,0.6764514690994251
A1_LCD_plus_NLS,5,3863,1419,3.015264320174126,9.091818920515134,47.628513,0.5224691347022964
A1_LCD_plus_NLS,5,3863,1420,5.236439267717395,27.420296204492693,254.596,0.8191193257589765
A1_LCD_plus_NLS,5,3863,1421,3.314327503459582,10.984766800188623,94.82411,0.47639064246153395
A1_LCD_plus_NLS,5,3863,1422,2.7273146659594514,7.438245287157512,34.356476,0.2928391262418253
A1_LCD_plus_NLS,5,3863,1423,3.3757205036597098,11.395488918828566,76.60286,0.474616026351794
A1_LCD_plus_NLS,5,3863,1424,2.5203102487858815,6.351963750135153,3.563532,0.14047333922985716
A1_LCD_plus_NLS,5,3863,1425,2.4472218980605316,5.988895018346988,59.822712,0.32312684309030126
A1_LCD_plus_NLS,5,3863,1426,3.4640955708445555,11.999958123944868,72.54086,0.4741883939441212
A1_LCD_plus_NLS,5,3863,1427,2.6324548541728494,6.929818559258197,21.29964,0.20077174556544344
A1_LCD_plus_NLS,5,3863,1428,3.967731749770146,15.742895238134064,140.63211,0.6875177592096648
A1_LCD_plus_NLS,5,3863,1429,4.103317281215896,16.837212710325005,133.36414,0.5956727262721884
A1_LCD_plus_NLS,5,3863,1430,3.333655390774919,11.113258264442674,43.461586,0.3998106298284484
A1_LCD_plus_NLS,5,3863,1431,2.417934563550291,5.846407553611138,8.047189,0.33327900681612393
A1_LCD_plus_NLS,5,3863,1432,3.3116637301104888,10.967116661329317,43.50318,0.42703143342899647
A1_LCD_plus_NLS,5,3863,1433,3.283215392895953,10.779503316148928,80.33318,0.3638858277625713
A1_LCD_plus_NLS,5,3863,1434,3.052038405446576,9.314938428320882,76.74453,0.459664938810454
A1_LCD_plus_NLS,5,3863,1435,2.9201611831789536,8.527341335745106,79.64212,0.21485802719644564
A1_LCD_plus_NLS,5,3863,1436,2.290980992191714,5.2485939065837295,8.352662,0.2076015407384878
A1_LCD_plus_NLS,5,3863,1437,3.3769949385432954,11.404094814947031,80.10359,0.3199426357606755
A1_LCD_plus_NLS,5,3863,1438,3.4634973743510344,11.995814062136509,108.66913,0.3894201282417446
A1_LCD_plus_NLS,5,3863,1439,3.177323921956208,10.095387305035182,4.8011084,0.5668312676404512
A1_LCD_plus_NLS,5,3863,1440,2.6541091408778676,7.044295331691452,61.425346,0.13764090383065777
A1_LCD_plus_NLS,5,3863,1441,4.034371400354868,16.276152596001296,170.29373,0.5940305679523423
A1_LCD_plus_NLS,5,3863,1442,3.5570687841182704,12.652738334948637,86.83747,0.6867672658525485
A1_LCD_plus_NLS,5,3863,1443,3.912923085959361,15.310967076633728,89.74824,0.7373864935253249
A1_LCD_plus_NLS,5,3863,1444,4.677696942037366,21.88084868154573,119.056175,0.5870080812572894
A1_LCD_plus_NLS,5,3863,1445,3.144464732517504,9.887658454046377,108.96239,0.5932954657229467
A1_LCD_plus_NLS,5,3863,1446,2.7151956453554953,7.372287392557442,4.852907,0.39112917181514056
A1_LCD_plus_NLS,5,3863,1447,4.170986205133659,17.39712592341528,133.91849,0.6167336044437032
A1_LCD_plus_NLS,5,3863,1448,4.218216421494022,17.79334977856183,164.69261,0.7477806167574755
A1_LCD_plus_NLS,5,3863,1449,4.305051844032415,18.5334713798069,212.86456,0.6121930090736497
A1_LCD_plus_NLS,5,3863,1450,4.217274656696636,17.785405530015733,118.509895,0.7566199220313602
A1_LCD_plus_NLS,5,3863,1451,2.7324979005442382,7.466544776478671,41.246124,0.13684353941413896
A1_LCD_plus_NLS,5,3863,1452,3.1084607218792724,9.662528059466206,51.385258,0.3572956432816736
A1_LCD_plus_NLS,5,3863,1453,4.1322523261786985,17.075509287209268,187.23216,0.6796982044308827
A1_LCD_plus_NLS,5,3863,1454,3.006752102696589,9.040558207070362,12.673491,0.30085553325185066
A1_LCD_plus_NLS,5,3863,1455,3.0066825442370924,9.040139921820037,29.599617,0.3703498426780208
A1_LCD_plus_NLS,5,3863,1456,3.67665117878844,13.517763890486423,116.744644,0.5053747306609134
A1_LCD_plus_NLS,5,3863,1457,5.353598697339903,28.661019012159496,251.74506,0.8711881644462385
A1_LCD_plus_NLS,5,3863,1458,2.9896349384986705,8.937917065491948,35.654762,0.1949442738766761
A1_LCD_plus_NLS,5,3863,1459,2.425889123966867,5.884938041780735,12.821949,0.14833415992512078
A1_LCD_plus_NLS,5,3863,1460,2.2339097435323776,4.990352742248894,22.284264,0.14182748816272397
A1_LCD_plus_NLS,5,3863,1461,4.253899035308885,18.09565700260186,126.5244,0.6028516097825107
A1_LCD_plus_NLS,5,3863,1462,2.188452047623408,4.789322364747089,7.455722,0.3841869265391272
A1_LCD_plus_NLS,5,3863,1463,2.6183340130973654,6.855673004142553,33.396416,0.24961932689828853
A1_LCD_plus_NLS,5,3863,1464,3.99942698625289,15.995416218367872,107.69505,0.6376199461608182
A1_LCD_plus_NLS,5,3863,1465,3.8585420603979474,14.888346831860042,96.289154,0.5569889865106477
A1_LCD_plus_NLS,5,3863,1466,4.671516664012741,21.82306794214873,168.4886,0.7616847458152753
A1_LCD_plus_NLS,5,3863,1467,4.175556806630768,17.435274645400533,65.60498,0.6395955577888425
A1_LCD_plus_NLS,5,3863,1468,3.3231829019142993,11.043544599575542,55.23883,0.25043321364232585
A1_LCD_plus_NLS,5,3863,1469,3.3097767526543636,10.95462215241126,126.4022,0.5385589330888431
A1_LCD_plus_NLS,5,3863,1470,4.447483216823754,19.78010696392896,144.27457,0.45798508037489605
A1_LCD_plus_NLS,5,3863,1471,3.3278334844065367,11.074475699937356,84.16237,0.21912169508443397
A1_LCD_plus_NLS,5,3863,1472,3.0155426980832996,9.093497763963507,109.2339,0.2784562362258472
A1_LCD_plus_NLS,5,3863,1473,3.180937758326849,10.118365022349439,21.367283,0.5105201910591028
A1_LCD_plus_NLS,5,3863,1474,3.8346999280418577,14.704923538124223,111.21721,0.48418507252595444
A1_LCD_plus_NLS,5,3863,1475,4.232325111917777,17.912575852969823,117.550125,0.7179599241219026
A1_LCD_plus_NLS,5,3863,1476,3.455445860030383,11.940106091601113,61.279644,0.3057017328359379
A1_LCD_plus_NLS,5,3863,1477,2.648929344891707,7.016826674228411,60.066154,0.33170533184851525
A1_LCD_plus_NLS,5,3863,1478,4.204560460530075,17.678328666252874,137.48158,0.5289324717848808
A1_LCD_plus_NLS,5,3863,1479,4.856856150515739,23.589051666802565,241.8043,0.5378186729258311
A1_LCD_plus_NLS,5,3863,1480,3.966872831629811,15.736080062322717,78.29945,0.4291257854386215
A1_LCD_plus_NLS,5,3863,1481,3.2434604597892918,10.520035754216565,71.35885,0.536213405268704
A1_LCD_plus_NLS,5,3863,1482,3.739749677982863,13.985727653972928,77.99216,0.7784947465262885
A1_LCD_plus_NLS,5,3863,1483,3.965681952348697,15.726633347184173,146.88655,0.7111414774099445
A1_LCD_plus_NLS,5,3863,1484,3.5178639074538194,12.37536647136625,110.89578,0.6283632352053277
A1_LCD_plus_NLS,5,3863,1485,3.9397690134712957,15.521779879508582,155.54922,0.41758312052008284
A1_LCD_plus_NLS,5,3863,1486,4.1198916487831365,16.973507197713033,92.29511,0.4109163847914259
A1_LCD_plus_NLS,5,3863,1487,2.879979680893678,8.29428296236045,20.48172,0.45368275054176654
A1_LCD_plus_NLS,5,3863,1488,3.0060954592459845,9.036609910099324,22.696127,0.3078352959524814
A1_LCD_plus_NLS,5,3863,1489,2.5376182043091404,6.439506150841147,47.367912,0.19347227588386717
A1_LCD_plus_NLS,5,3863,1490,3.654314426190707,13.354013925465516,15.54505,0.13949015453643526
A1_LCD_plus_NLS,5,3863,1491,3.0992253057046812,9.605197495520278,69.70137,0.4648085800800701
A1_LCD_plus_NLS,5,3863,1492,2.5632030894136113,6.570010077579481,4.255911,0.11066232752643883
A1_LCD_plus_NLS,5,3863,1493,2.5191950000183847,6.346343448117629,24.436625,0.09545565280873244
A1_LCD_plus_NLS,5,3863,1494,3.170542626478432,10.052340546316755,75.51528,0.26073545801338277
A1_LCD_plus_NLS,5,3863,1495,3.242471740541601,10.513622988210882,82.461525,0.24474506070253524
A1_LCD_plus_NLS,5,3863,1496,2.662722329151837,7.090090202163782,56.880024,0.24604577271365533
A1_LCD_plus_NLS,5,3863,1497,2.2989876808492147,5.285344356696451,25.692924,0.1675218502495849
A1_LCD_plus_NLS,5,3863,1498,3.242925922887614,10.516568541336484,33.277412,0.3667629684462174
A1_LCD_plus_NLS,5,3863,1499,2.200891647221224,4.843924042808153,10.468304,0.09793588366876115
A1_LCD_plus_NLS,5,3863,1500,3.201137304025449,10.24728003922332,61.747574,0.2734503436688385
A1_LCD_plus_NLS,5,3863,1501,2.963696095838399,8.783494548487768,34.197327,0.18501209147831382
A1_LCD_plus_NLS,5,3863,1502,3.2479352350952277,10.54908329137309,47.832706,0.3713774728787398
A1_LCD_plus_NLS,5,3863,1503,3.2276153392054256,10.417500777874155,98.45561,0.4902442171728437
A1_LCD_plus_NLS,5,3863,1504,3.1714777733954573,10.058271267141409,84.29262,0.2459897417178411
A1_LCD_plus_NLS,5,3863,1505,3.2570934113773995,10.608657490438063,14.082385,0.6735770143706381
A1_LCD_plus_NLS,5,3863,1506,3.869723638025937,14.974761034696698,52.226013,0.5946695526210368
A1_LCD_plus_NLS,5,3863,1507,3.0165980745315073,9.099863943267199,27.882025,0.24432569748620978
A1_LCD_plus_NLS,5,3863,1508,3.0337065333486475,9.203375330482269,23.33384,0.19414785834883103
A1_LCD_plus_NLS,5,3863,1509,3.418610520644915,11.686897891864097,30.84299,0.2842542633755134
A1_LCD_plus_NLS,5,3863,1510,3.799376353606497,14.435260676344205,114.10149,0.535486273088148
A1_LCD_plus_NLS,5,3863,1511,3.7317980186550095,13.926316452037454,125.988495,0.4527285457390189
A1_LCD_plus_NLS,5,3863,1512,2.4343419983217194,5.926020964792984,25.022352,0.17975521619308282
A1_LCD_plus_NLS,5,3863,1513,3.9612321255784373,15.691359952714668,58.376823,0.5921177831240857
A1_LCD_plus_NLS,5,3863,1514,4.661368976584668,21.728360735865994,111.42927,0.6023960424864331
A1_LCD_plus_NLS,5,3863,1515,3.451255515221675,11.91116463134803,66.572716,0.582283370070109
A1_LCD_plus_NLS,5,3863,1516,5.44772205662748,29.67767560626554,179.96988,0.7439490590428193
A1_LCD_plus_NLS,5,3863,1517,4.896605325262583,23.976743711389886,198.67538,0.8429922953997253
A1_LCD_plus_NLS,5,3863,1518,3.1285030518515957,9.787531345444746,14.222766,0.18376632751747074
A1_LCD_plus_NLS,5,3863,1519,3.577693263427449,12.79988908717415,51.706127,0.21645771479025705
A1_LCD_plus_NLS,5,3863,1520,4.291897762703446,18.420386405498842,77.1964,0.6280973804429585
A1_LCD_plus_NLS,5,3863,1521,4.802533820293827,23.064331095066024,231.65182,0.6618115613618878
A1_LCD_plus_NLS,5,3863,1522,4.1039275992189115,16.842221739630705,45.04442,0.6335224870422846
A1_LCD_plus_NLS,5,3863,1523,4.838018234477484,23.406420437136628,176.09967,0.6849831663563446
A1_LCD_plus_NLS,5,3863,1524,4.019686109607899,16.15787641977469,114.68784,0.7135346269498778
A1_LCD_plus_NLS,5,3863,1525,4.46082674805434,19.898975276157064,153.67934,0.5853383289777712
A1_LCD_plus_NLS,5,3863,1526,4.216815368617243,17.781531853006573,120.29004,0.5394594739609773
A1_LCD_plus_NLS,5,3863,1527,3.354379447605562,11.251861478518599,40.950726,0.33297136002750743
A1_LCD_plus_NLS,5,3863,1528,3.209660970438799,10.301923545158136,53.49823,0.18312973319187106
A1_LCD_plus_NLS,5,3863,1529,3.936179915750293,15.493512329155983,106.7791,0.5113970336804903
A1_LCD_plus_NLS,5,3863,1530,4.182148095855547,17.490362695668182,142.38617,0.5649527055693454
A1_LCD_plus_NLS,5,3863,1531,3.5264364741086585,12.435754205923901,69.2757,0.49833039441397065
A1_LCD_plus_NLS,5,3863,1532,4.938166226417941,24.38548567973481,143.85829,0.6522782702615216
A1_LCD_plus_NLS,5,3863,1533,4.618652976907336,21.331955321095002,149.51999,0.5205215446915392
A1_LCD_plus_NLS,5,3863,1534,3.1292791941748073,9.792388275095329,60.158173,0.2937753405519077
A1_LCD_plus_NLS,5,3863,1535,2.750787343531386,7.56683100933246,63.170006,0.20986373506546713
A1_LCD_plus_NLS,5,3863,1536,2.7612000655831186,7.62422580217622,24.832462,0.34578540910222505
A1_LCD_plus_NLS,5,3863,1537,2.9707040006909184,8.825082259721027,12.324818,0.26028781216945207
A1_LCD_plus_NLS,5,3863,1538,2.5645356881265484,6.576843295674712,37.324448,0.20072333795730832
A1_LCD_plus_NLS,5,3863,1539,3.692377603395632,13.633652366057673,93.99012,0.17291806920247024
A1_LCD_plus_NLS,5,3863,1540,5.4575913231347055,29.785303050355225,333.4291,0.8234061954091816
A1_LCD_plus_NLS,5,3863,1541,3.9169831546304925,15.342757033659046,108.486565,0.6610569379528489
A1_LCD_plus_NLS,5,3863,1542,2.9212202910068377,8.533527988590077,87.22378,0.31099643204510724
A1_LCD_plus_NLS,5,3863,1543,2.3610539388967866,5.574575702380028,13.9944935,0.19683761348717346
A1_LCD_plus_NLS,5,3863,1544,3.672896401306223,13.490167974728202,36.860695,0.28171621869744273
A1_LCD_plus_NLS,5,3863,1545,2.9598758025160063,8.760864766319772,45.650265,0.5130363775347049
A1_LCD_plus_NLS,5,3863,1546,3.4441625359722736,11.862255574194961,92.86769,0.31428840874601194
A1_LCD_plus_NLS,5,3863,1547,2.866525335754939,8.216967500524968,25.453577,0.31257443668467105
A1_LCD_plus_NLS,5,3863,1548,2.9958887754814496,8.97534955505574,16.300528,0.20983878603532563
A1_LCD_plus_NLS,5,3863,1549,2.7666294720170415,7.654238635433293,90.13451,0.1844681823429763
A1_LCD_plus_NLS,5,3863,1550,3.675144991624147,13.506690709460058,73.35528,0.21471836101071934
A1_LCD_plus_NLS,5,3863,1551,2.9110932868379553,8.474464124673007,48.590717,0.5182071340355416
A1_LCD_plus_NLS,5,3863,1552,3.1897375961917946,10.17442593255941,33.53369,0.10880673315568955
A1_LCD_plus_NLS,5,3863,1553,4.310298730970105,18.5786751502025,110.1963,0.6053383408582501
A1_LCD_plus_NLS,5,3863,1554,4.479875139240279,20.069281263183104,75.84706,0.5673098231484306
A1_LCD_plus_NLS,5,3863,1555,5.281507402212212,27.894320439622394,174.73529,0.5930377888496324
A1_LCD_plus_NLS,5,3863,1556,4.931052779103921,24.315281510308502,213.22536,0.8317594804731803
A1_LCD_plus_NLS,5,3863,1557,5.499185956493076,30.24104618409066,248.8768,0.7889570720532444
A1_LCD_plus_NLS,5,3863,1558,5.147304621843776,26.494744870054305,181.25461,0.8215617836914217
A1_LCD_plus_NLS,5,3863,1559,5.284060018177068,27.92129027569744,188.23152,0.6803574887286481
A1_LCD_plus_NLS,5,3863,1560,2.9306792058663707,8.588880607697542,113.037994,0.37838484557342056
A1_LCD_plus_NLS,5,3863,1561,2.3564520223250787,5.552866133519954,22.373034,0.35240640901887516
A1_LCD_plus_NLS,5,3863,1562,3.6440724516347247,13.279264032763114,91.02171,0.5770254215114654
A1_LCD_plus_NLS,5,3863,1563,2.730549934635147,7.455902945536009,50.02204,0.2172015067196585
A1_LCD_plus_NLS,5,3863,1564,3.702386171387991,13.70766336208503,172.13647,0.596610355055128
A1_LCD_plus_NLS,5,3863,1565,3.4097176873646986,11.626174707527667,50.489487,0.3254849490804046
A1_LCD_plus_NLS,5,3863,1566,4.154443783951416,17.25940315401256,192.66357,0.8264063923191287
A1_LCD_plus_NLS,5,3863,1567,3.2208965664492744,10.374174691764724,63.02277,0.3320161625666579
A1_LCD_plus_NLS,5,3863,1568,2.2821404525705953,5.208165045259121,11.288893,0.14532188449727124
A1_LCD_plus_NLS,5,3863,1569,2.640773449952548,6.973684413974283,27.700289,0.20312035249959154
A1_LCD_plus_NLS,5,3863,1570,3.1118825401557024,9.683812943725906,67.397484,0.35825210157202214
A1_LCD_plus_NLS,5,3863,1571,2.404973478720335,5.78389743334819,56.88181,0.29270386669367277
A1_LCD_plus_NLS,5,3863,1572,3.5417352812486325,12.543888802441334,101.8406,0.21036914551991634
A1_LCD_plus_NLS,5,3863,1573,3.6003835407899185,12.962761640790953,109.49434,0.5387894275183543
A1_LCD_plus_NLS,5,3863,1574,2.6731292956940913,7.145620231497991,24.05638,0.2723493265785246
A1_LCD_plus_NLS,5,3863,1575,4.016335386409882,16.130949936128214,102.00725,0.6064192065373039
A1_LCD_plus_NLS,5,3863,1576,5.997715687294921,35.97259346562359,251.7829,0.8170143579859758
A1_LCD_plus_NLS,5,3863,1577,3.8661498546988673,14.947114698988072,128.30434,0.5474411390469583
A1_LCD_plus_NLS,5,3863,1578,3.6306700386363286,13.181764929451521,72.140854,0.5604850211962626
A1_LCD_plus_NLS,5,3863,1579,3.8702425151374693,14.978777125977604,121.0718,0.5584507213606187
A1_LCD_plus_NLS,5,3863,1580,3.6290901582424118,13.170295376651938,130.51083,0.630745108879019
A1_LCD_plus_NLS,5,3863,1581,2.634215964315169,6.939093746652898,19.90254,0.12344568950122968
A1_LCD_plus_NLS,5,3863,1582,3.731813754158586,13.9264338957272,33.473324,0.59478288054836
A1_LCD_plus_NLS,5,3863,1583,4.389431182323178,19.267106104351054,161.38474,0.6950370596157648
A1_LCD_plus_NLS,5,3863,1584,4.03975713043789,16.319637672923772,74.91822,0.7441557443498448
A1_LCD_plus_NLS,5,3863,1585,2.432357641691628,5.916363697095657,5.3612256,0.20557407317869025
A1_LCD_plus_NLS,5,3863,1586,2.3659100874796093,5.597530542037773,32.608192,0.12478355016626849
A1_LCD_plus_NLS,5,3863,1587,2.761383493949892,7.625238800658913,67.504,0.38016440315811606
A1_LCD_plus_NLS,5,3863,1588,3.871967970323246,14.992135963209117,155.748,0.6801939160311274
A1_LCD_plus_NLS,5,3863,1589,3.6068538107099233,13.009394411832695,60.357826,0.6819664172949216
A1_LCD_plus_NLS,5,3863,1590,3.11867534705404,9.726135920322635,29.989855,0.3251087638068392
A1_LCD_plus_NLS,5,3863,1591,3.262504639800843,10.64393652472203,140.84612,0.6663279873788467
A1_LCD_plus_NLS,5,3863,1592,2.1076713749424703,4.442278624751882,9.901993,0.0642056158140704
A1_LCD_plus_NLS,5,3863,1593,5.060491937312157,25.608578647601345,197.56071,0.7446622542645933
A1_LCD_plus_NLS,5,3863,1594,3.100301150595823,9.611867224385778,66.73918,0.6134846856807871
A1_LCD_plus_NLS,5,3863,1595,3.761667420672687,14.150141783750309,129.4236,0.6958508712743661
A1_LCD_plus_NLS,5,3863,1596,2.629441324640776,6.913961679728637,32.44717,0.391531777560486
A1_LCD_plus_NLS,5,3863,1597,4.305668342808784,18.538779878265736,92.830215,0.6522866464877136
A1_LCD_plus_NLS,5,3863,1598,3.1215352807472376,9.743982508949736,63.055584,0.3260368812158553
A1_LCD_plus_NLS,5,3863,1599,2.761809579104152,7.627592151231455,17.039455,0.558893547484621
A1_LCD_plus_NLS,5,3863,1600,2.6196422150134193,6.862525334680416,38.762012,0.2448823877140246
A1_LCD_plus_NLS,5,3863,1601,2.875594688866942,8.269044814639766,77.923065,0.34738612331662344
A1_LCD_plus_NLS,5,3863,1602,3.9050820683687886,15.249665960695461,44.401028,0.23987568267352538
A1_LCD_plus_NLS,5,3863,1603,2.171676088513315,4.716177033420492,38.51649,0.12737783171241251
A1_LCD_plus_NLS,5,3863,1604,3.3492399462672906,11.217408217672522,29.326942,0.18670937422813047
A1_LCD_plus_NLS,5,3863,1605,2.717617233711297,7.385443428964645,53.67686,0.3770184938318878
A1_LCD_plus_NLS,5,3863,1606,2.2921584742213015,5.253990470944524,67.214485,0.27339358104917244
A1_LCD_plus_NLS,5,3863,1607,4.528297660640107,20.505479703358667,162.41644,0.7834666518851718
A1_LCD_plus_NLS,5,3863,1608,3.111901602982663,9.683931586646068,31.749992,0.36691586963190326
A1_LCD_plus_NLS,5,3863,1609,2.591579078683218,6.7162821210685575,80.89764,0.2438439039502468
A1_LCD_plus_NLS,5,3863,1610,3.105564236096805,9.644529224523533,8.174143,0.3824773973987402
A1_LCD_plus_NLS,5,3863,1611,3.9172794037109115,15.345077926737718,184.14125,0.5244766589179521
A1_LCD_plus_NLS,5,3863,1612,3.9548445971010486,15.640795787219353,95.29589,0.7831115467519445
A1_LCD_plus_NLS,5,3863,1613,3.796874226549105,14.416253892232861,129.16324,0.6689088981393755
A1_LCD_plus_NLS,5,3863,1614,4.839747105278915,23.423152043055637,172.16939,0.6255398958905924
A1_LCD_plus_NLS,5,3863,1615,3.976633880298365,15.813617017936833,200.86589,0.711959792701604
A1_LCD_plus_NLS,5,3863,1616,3.0682976351350417,9.41445037777529,81.4846,0.34604629586012753
A1_LCD_plus_NLS,5,3863,1617,4.243944047682521,18.011061079859896,156.4217,0.5824582924634963
A1_LCD_plus_NLS,5,3863,1618,3.907197865498741,15.26619516015792,155.78133,0.6770301894656114
A1_LCD_plus_NLS,5,3863,1619,4.052277171702077,16.42095027629778,85.4185,0.5304885877312433
A1_LCD_plus_NLS,5,3863,1620,4.149888473825495,17.221574345189694,79.859634,0.42486568310319617
A1_LCD_plus_NLS,5,3863,1621,4.65563727225271,21.674958410788648,267.66638,0.78728881150015
A1_LCD_plus_NLS,5,3863,1622,4.476649320585374,20.040389139497496,184.02032,0.6378136953571072
A1_LCD_plus_NLS,5,3863,1623,2.7831725256812168,7.7460493077067625,47.7653,0.3261041028863136
A1_LCD_plus_NLS,5,3863,1624,4.025369123300538,16.20359657882134,115.4947,0.31327486600001
A1_LCD_plus_NLS,5,3863,1625,4.239568035433275,17.973937127067558,123.78221,0.590704879749488
A1_LCD_plus_NLS,5,3863,1626,3.1487986603564315,9.914933003462464,45.583824,0.5324562528883039
A1_LCD_plus_NLS,5,3863,1627,2.6133034689697383,6.829355020929268,50.396416,0.2957526229780427
A1_LCD_plus_NLS,5,3863,1628,2.4618330821664305,6.060622124449066,66.02138,0.23681411256403967
A1_LCD_plus_NLS,5,3863,1629,3.068498511121272,9.415683112753458,42.141266,0.17626425166649182
A1_LCD_plus_NLS,5,3863,1630,4.395828407797651,19.323307390800835,121.28257,0.6428410985654525
A1_LCD_plus_NLS,5,3863,1631,2.8058210815255546,7.872631941533232,24.087627,0.40434582546043896
A1_LCD_plus_NLS,5,3863,1632,2.960878645002364,8.766802350431037,42.78008,0.379444299619573
A1_LCD_plus_NLS,5,3863,1633,2.5250666031414495,6.375961350300297,9.816641,0.1307899147215514
A1_LCD_plus_NLS,5,3863,1634,4.031859923425569,16.255894442125232,19.312172,0.7666131700758464
A1_LCD_plus_NLS,5,3863,1635,4.0674711288036836,16.54432138365151,106.95896,0.7264206512571562
A1_LCD_plus_NLS,5,3863,1636,2.2192235998631795,4.92495338618969,33.701157,0.10729200174125605
A1_LCD_plus_NLS,5,3863,1637,3.8454704064825234,14.787642647132866,110.59536,0.5238438994566881
A1_LCD_plus_NLS,5,3863,1638,3.948377588697291,15.58968558292704,178.69429,0.5201169099188651
A1_LCD_plus_NLS,5,3863,1639,3.188879748307825,10.168954049167775,67.971176,0.33197518896703904
A1_LCD_plus_NLS,5,3863,1640,4.837878313059798,23.405066571974334,179.18073,0.36312087488846584
A1_LCD_plus_NLS,5,3863,1641,4.594364884149694,21.108188688707823,180.66934,0.6621333782805475
A1_LCD_plus_NLS,5,3863,1642,2.295583249244232,5.269702454210707,22.043877,0.22668678720887087
A1_LCD_plus_NLS,5,3863,1643,3.2876283551352006,10.808500201488984,64.66186,0.4216407791634664
A1_LCD_plus_NLS,5,3863,1644,2.8096059270683527,7.893885465417615,22.835463,0.25119455733596274
A1_LCD_plus_NLS,5,3863,1645,2.9710179679162643,8.82694776568129,37.200836,0.22031916652774514
A1_LCD_plus_NLS,5,3863,1646,2.7041897170946787,7.3126420260406,45.359596,0.2810407949795884
A1_LCD_plus_NLS,5,3863,1647,3.493640685342925,12.20552523828339,134.19955,0.49171749368012146
A1_LCD_plus_NLS,5,3863,1648,3.9854802803818936,15.884053065312935,61.28615,0.4474062402537779
A1_LCD_plus_NLS,5,3863,1649,4.555402395108826,20.75169098136322,127.09689,0.7753266914946333
A1_LCD_plus_NLS,5,3863,1650,4.517292934740014,20.40593545825205,150.32707,0.7886780242924876
A1_LCD_plus_NLS,5,3863,1651,5.668505872742833,32.13195882931999,247.94775,0.7703147737957988
A1_LCD_plus_NLS,5,3863,1652,5.186358089478064,26.898310232294556,247.15637,0.7943659272037044
A1_LCD_plus_NLS,5,3863,1653,4.791479065935853,22.95827163930152,150.11247,0.754703587195525
A1_LCD_plus_NLS,5,3863,1654,5.4043598564269555,29.20710545775919,311.4632,0.7902441505561195
A1_LCD_plus_NLS,5,3863,1655,3.191517431989385,10.185783518692118,40.73206,0.35572956403669237
A1_LCD_plus_NLS,5,3863,1656,2.321107734926134,5.387541117133929,24.849463,0.20296522312869475
A1_LCD_plus_NLS,5,3863,1657,4.0762392349833645,16.61572630081777,77.839905,0.6867891912907311
A1_LCD_plus_NLS,5,3863,1658,2.944472778100527,8.669919940975037,24.555637,0.37773446686876644
A1_LCD_plus_NLS,5,3863,1659,3.246024893404479,10.53667760860156,58.000393,0.3599755277888491
A1_LCD_plus_NLS,5,3863,1660,4.421883052633669,19.55304973116885,183.8905,0.7006016442054921
A1_LCD_plus_NLS,5,3863,1661,3.503831432608412,12.276834708134718,50.258495,0.34052351184642404
A1_LCD_plus_NLS,5,3863,1662,4.398084368653807,19.343146113796955,95.49787,0.6512265849726717
A1_LCD_plus_NLS,5,3863,1663,3.1616972289263297,9.996329367400428,27.057358,0.20384293504037942
A1_LCD_plus_NLS,5,3863,1664,3.0586586738092096,9.355392882868314,23.698439,0.47710291562401685
A1_LCD_plus_NLS,5,3863,1665,3.213204252997965,10.324681571484211,14.386426,0.3883791372745055
A1_LCD_plus_NLS,5,3863,1666,3.9073972185344163,15.267753023410497,65.81718,0.4161556092161185
A1_LCD_plus_NLS,5,3863,1667,3.1818817766144103,10.124371640350876,111.99709,0.3960427369891194
A1_LCD_plus_NLS,5,3863,1668,4.678197636313406,21.88553312440834,135.38084,0.4491882398939574
A1_LCD_plus_NLS,5,3863,1669,4.439149328665622,19.70604676219245,144.05673,0.7882801075462772
A1_LCD_plus_NLS,5,3863,1670,4.177912524166056,17.454953059583584,134.03708,0.48358661189289476
A1_LCD_plus_NLS,5,3863,1671,3.2719377423257465,10.705576589655703,43.308914,0.21921306161893866
A1_LCD_plus_NLS,5,3863,1672,2.80541573067157,7.870357421899499,66.171776,0.5063271172090439
A1_LCD_plus_NLS,5,3863,1673,3.3501497030903638,11.223503033116453,87.2712,0.3492305866378006
A1_LCD_plus_NLS,5,3863,1674,2.2356221414579562,4.998006359377058,26.164658,0.29039193105626804
A1_LCD_plus_NLS,5,3863,1675,3.7737887904209524,14.241481834706834,73.51689,0.6291752982768374
A1_LCD_plus_NLS,5,3863,1676,3.68722106699448,13.595599196887907,98.769714,0.43214179080545706
A1_LCD_plus_NLS,5,3863,1677,4.601139561600145,21.170485265321968,149.09924,0.7410237290216609
A1_LCD_plus_NLS,5,3863,1678,2.8007596473317595,7.844254602121922,98.83066,0.3519100795387104
A1_LCD_plus_NLS,5,3863,1679,3.798820817827675,14.431039605960924,132.85715,0.6223292454844447
A1_LCD_plus_NLS,5,3863,1680,3.7700969547182543,14.213631047975854,157.10312,0.6634169383435314
A1_LCD_plus_NLS,5,3863,1681,2.3279361927080218,5.41928691731992,14.585954,0.283609292149381
A1_LCD_plus_NLS,5,3863,1682,2.9565001198473606,8.740892958657454,3.3367276,0.3976550671934814
A1_LCD_plus_NLS,5,3863,1683,3.2622474077272394,10.642258149223096,25.40681,0.29515841597235665
A1_LCD_plus_NLS,5,3863,1684,3.7508055608915565,14.068542355615017,102.56004,0.43916688823828587
A1_LCD_plus_NLS,5,3863,1685,4.358719195732907,18.998433027250517,143.66447,0.30458802290369685
A1_LCD_plus_NLS,5,3863,1686,4.376347063673583,19.152413621724392,180.10143,0.7640979726592754
A1_LCD_plus_NLS,5,3863,1687,3.772804118613862,14.23405091742972,94.590996,0.39807188667816484
A1_LCD_plus_NLS,5,3863,1688,2.8251323252098848,7.9813726549458135,35.570656,0.3744797382203082
A1_LCD_plus_NLS,5,3863,1689,2.2538578286886497,5.079875111941114,41.40292,0.12306129720646021
A1_LCD_plus_NLS,5,3863,1690,3.522954577651904,12.411208956198506,82.60887,0.3442254211285235
A1_LCD_plus_NLS,5,3863,1691,3.078686626248535,9.478311342641586,20.314701,0.31185470254977987
A1_LCD_plus_NLS,5,3863,1692,2.832391647580407,8.022442445283254,14.302897,0.19553442948008587
A1_LCD_plus_NLS,5,3863,1693,3.2315893537661036,10.443169751374423,63.396065,0.4230034198138187
A1_LCD_plus_NLS,5,3863,1694,3.7517895148917177,14.07592456405143,79.283424,0.49251984761449713
A1_LCD_plus_NLS,5,3863,1695,4.9762815020144515,24.763377587291206,136.08667,0.7846946004320577
A1_LCD_plus_NLS,5,3863,1696,3.798443032701305,14.428169472677087,68.70638,0.31856127431324643
A1_LCD_plus_NLS,5,3863,1697,2.7056099390828225,7.320325142463757,32.25624,0.16331947708586
A1_LCD_plus_NLS,5,3863,1698,3.780867693341854,14.29496051455615,35.53481,0.542509768115004
A1_LCD_plus_NLS,5,3863,1699,3.1888619979428023,10.168840841923764,83.531746,0.6326128723006026
A1_LCD_plus_NLS,5,3863,1700,3.394496100808081,11.522603778401265,33.32858,0.6123815814536622
A1_LCD_plus_NLS,5,3863,1701,3.487132466215081,12.160092836931275,144.90201,0.3235180265732536
A1_LCD_plus_NLS,5,3863,1702,5.093099701264147,25.939664567016948,112.93756,0.5355072433185635
A1_LCD_plus_NLS,5,3863,1703,3.789079634389666,14.357124475746524,73.0677,0.4746960110765043
A1_LCD_plus_NLS,5,3863,1704,3.1952034334931496,10.209324981406413,60.50315,0.3692412792748638
A1_LCD_plus_NLS,5,3863,1705,2.7398310464943654,7.506674163334407,39.62436,0.270200152129752
A1_LCD_plus_NLS,5,3863,1706,2.767891592517026,7.661223867926442,34.404446,0.4343828374508564
A1_LCD_plus_NLS,5,3863,1707,3.738989192781863,13.980040183739566,68.19247,0.4809219942143703
A1_LCD_plus_NLS,5,3863,1708,3.112677829430831,9.688763269830229,17.682117,0.2157752199196456
A1_LCD_plus_NLS,5,3863,1709,3.3079273224752663,10.942383170778383,98.19401,0.42014583069396205
A1_LCD_plus_NLS,5,3863,1710,5.224652563155437,27.296994405686668,223.14653,0.7831792021064152
A1_LCD_plus_NLS,5,3863,1711,4.475867172814455,20.03338694867806,140.3935,0.687584297341904
A1_LCD_plus_NLS,5,3863,1712,4.12249548515145,16.99496902509409,125.77894,0.767218136263196
A1_LCD_plus_NLS,5,3863,1713,6.223307596396113,38.729557439361564,291.6501,0.8642629805362578
A1_LCD_plus_NLS,5,3863,1714,4.748327662635871,22.546615591753035,250.92337,0.7784301928297752
A1_LCD_plus_NLS,5,3863,1715,4.025184185936621,16.20210773071425,119.4722,0.5771031849480278
A1_LCD_plus_NLS,5,3863,1716,3.769919597298169,14.212293770092787,52.508972,0.31725691453409005
A1_LCD_plus_NLS,5,3863,1717,3.153921329426719,9.947219752212805,53.32422,0.21658371350574218
A1_LCD_plus_NLS,5,3863,1718,2.5498808090904053,6.501892140567539,33.07839,0.17493314165513885
A1_LCD_plus_NLS,5,3863,1719,2.4849763563794083,6.175107491764678,15.370075,0.17301533079311182
A1_LCD_plus_NLS,5,3863,1720,3.554612620101525,12.635270878985025,109.28413,0.29795702417921144
A1_LCD_plus_NLS,5,3863,1721,3.3427066743697464,11.173687910876051,53.340126,0.5092408927533306
A1_LCD_plus_NLS,5,3863,1722,2.684622371302799,7.207197276499461,23.36647,0.2415784880487662
A1_LCD_plus_NLS,5,3863,1723,3.134756573192245,9.826698773171989,1.73539,0.24842064108115042
A1_LCD_plus_NLS,5,3863,1724,2.483764659300079,6.169086882788038,38.663948,0.037414213624596515
A1_LCD_plus_NLS,5,3863,1725,4.049616368815481,16.39939273457828,167.04662,0.4282022546240418
A1_LCD_plus_NLS,5,3863,1726,4.059213642416187,16.47721539477769,83.392105,0.5594247313065519
A1_LCD_plus_NLS,5,3863,1727,4.756174872245926,22.62119941538355,191.66321,0.6474813326027735
A1_LCD_plus_NLS,5,3863,1728,4.076246912605273,16.615788892524026,98.22298,0.7726672416048157
A1_LCD_plus_NLS,5,3863,1729,4.605645310789441,21.21196872879677,181.35709,0.699713225424879
A1_LCD_plus_NLS,5,3863,1730,2.934467485707241,8.611099424672975,24.122562,0.13006586487338628
A1_LCD_plus_NLS,5,3863,1731,2.3573539047925065,5.557117432440479,12.200862,0.23221293427429873
A1_LCD_plus_NLS,5,3863,1732,2.5467413753138564,6.485891632735511,20.6297,0.17612583764544576
A1_LCD_plus_NLS,5,3863,1733,2.4000056455962278,5.760027098893766,51.61868,0.19665446814729223
A1_LCD_plus_NLS,5,3863,1734,3.7960526410407374,14.410015653552353,70.250465,0.46936309490468275
A1_LCD_plus_NLS,5,3863,1735,2.945913246089523,8.678404853485707,11.50712,0.19152988736619642
A1_LCD_plus_NLS,5,3863,1736,3.4861139669913856,12.152990590852419,67.474495,0.3769755906883355
A1_LCD_plus_NLS,5,3863,1737,4.001481786046161,16.01185648405917,165.51862,0.6122081365138311
A1_LCD_plus_NLS,5,3863,1738,3.944690929416513,15.560586528620913,46.725246,0.27352815073314196
A1_LCD_plus_NLS,5,3863,1739,2.999938103644179,8.999628625696229,32.834496,0.33934976455242427
A1_LCD_plus_NLS,5,3863,1740,3.9364402352428276,15.495561725638602,122.78861,0.27505313396229325
A1_LCD_plus_NLS,5,3863,1741,2.974581394793913,8.848134474254099,31.260548,0.1322226595182115
A1_LCD_plus_NLS,5,3863,1742,2.9390369183527056,8.637938007440168,31.393147,0.19375109310926303
A1_LCD_plus_NLS,5,3863,1743,2.4855999246477785,6.178206985409044,73.14997,0.26931332039881684
A1_LCD_plus_NLS,5,3863,1744,2.460331511742635,6.0532311476738005,7.894408,0.06125882124464356
A1_LCD_plus_NLS,5,3863,1745,3.301237539878978,10.898169294706204,60.845566,0.48856135306673704
A1_LCD_plus_NLS,5,3863,1746,3.349010514118192,11.215871423674196,33.637398,0.7188413032308527
A1_LCD_plus_NLS,5,3863,1747,3.7575883923311024,14.119470526181436,95.35629,0.5638023420107097
A1_LCD_plus_NLS,5,3863,1748,2.3876246119620843,5.700751287647092,14.427888,0.21570969869939854
A1_LCD_plus_NLS,5,3863,1749,2.8811382221214896,8.300957454969378,38.97835,0.4180762223536682
A1_LCD_plus_NLS,5,3863,1750,5.551460729622222,30.818716232537703,249.93436,0.9238050428219615
A1_LCD_plus_NLS,5,3863,1751,3.38406437022414,11.451891661820508,68.99823,0.4634913363648532
A1_LCD_plus_NLS,5,3863,1752,3.68921176988383,13.610283483049379,74.82234,0.5074008018406059
A1_LCD_plus_NLS,5,3863,1753,2.8381151296986866,8.054897489424588,21.807697,0.3099423216855558
A1_LCD_plus_NLS,5,3863,1754,3.0684823090853333,9.415583681169657,51.979053,0.3710454293375949
A1_LCD_plus_NLS,5,3863,1755,3.0035917384404778,9.021563331227888,73.25206,0.5129747865629851
A1_LCD_plus_NLS,5,3863,1756,3.6087891282781555,13.023358972378613,40.37421,0.20834701816471973
A1_LCD_plus_NLS,5,3863,1757,4.810444162353903,23.140373039124743,166.81444,0.7967400356298393
A1_LCD_plus_NLS,5,3863,1758,6.132513871641925,37.60772638588064,338.18646,0.8571032595548813
A1_LCD_plus_NLS,5,3863,1759,2.8587443587983503,8.172419308961391,67.51113,0.5009568813628964
A1_LCD_plus_NLS,5,3863,1760,3.6937871731433964,13.644063680478688,51.914524,0.4185601366135928
A1_LCD_plus_NLS,5,3863,1761,2.79620955440484,7.818787872144916,10.5412035,0.3574890078362605
A1_LCD_plus_NLS,5,3863,1762,3.820876882286252,14.599100149589514,19.961828,0.39469197372494125
A1_LCD_plus_NLS,5,3863,1763,2.840594311848526,8.0689760445062,29.30113,0.2531493288757204
A1_LCD_plus_NLS,5,3863,1764,2.7177021010004823,7.385904709782437,37.522465,0.48657172146641214
A1_LCD_plus_NLS,5,3863,1765,2.670670999030251,7.132483585061237,89.83355,0.3598912436803702
A1_LCD_plus_NLS,5,3863,1766,3.9984288649364945,15.987433387957344,136.56833,0.4830419838870881
A1_LCD_plus_NLS,5,3863,1767,2.9802625502334337,8.88196486832389,28.77512,0.39932467608295946
A1_LCD_plus_NLS,5,3863,1768,2.7072601386146364,7.329257458131741,33.51357,0.26850789843585
A1_LCD_plus_NLS,5,3863,1769,3.829575912860156,14.665651672358695,61.85585,0.292485846081145
A1_LCD_plus_NLS,5,3863,1770,3.937411330482033,15.503207985408293,104.311,0.5373606305852225
A1_LCD_plus_NLS,5,3863,1771,3.2535245779514788,10.585422179334346,34.28548,0.2819236084374771
A1_LCD_plus_NLS,5,3863,1772,2.241268159290423,5.02328296184908,22.946808,0.19627769603759976
A1_LCD_plus_NLS,5,3863,1773,2.908713541918084,8.460614468937646,57.328648,0.08034259400044619
A1_LCD_plus_NLS,5,3863,1774,2.8649286888617866,8.207816392263314,77.49865,0.35649219801957877
A1_LCD_plus_NLS,5,3863,1775,2.7746769952594486,7.698832428022001,46.155174,0.23693373798973244
A1_LCD_plus_NLS,5,3863,1776,2.073029709274528,4.297452175534834,10.685735,0.10007405609834466
A1_LCD_plus_NLS,5,3863,1777,2.878447619893728,8.285460700471864,36.281483,0.2969611127513325
A1_LCD_plus_NLS,5,3863,1778,3.0882750046347445,9.53744250425173,24.608467,0.3225678036519445
A1_LCD_plus_NLS,5,3863,1779,3.050887263972144,9.307913097467434,39.4262,0.20719836242727668
A1_LCD_plus_NLS,5,3863,1780,3.465769455142078,12.011557916195816,118.83297,0.5494984799058167
A1_LCD_plus_NLS,5,3863,1781,3.283170565551504,10.77920896250379,58.835423,0.3454729006242971
A1_LCD_plus_NLS,5,3863,1782,3.0914648396492805,9.557154854787754,86.48073,0.2776277038749146
A1_LCD_plus_NLS,5,3863,1783,3.5749752633158143,12.780448133319975,95.56693,0.2953005619612198
A1_LCD_plus_NLS,5,3863,1784,3.310276940502858,10.957933422824958,50.760185,0.2842668612500141
A1_LCD_plus_NLS,5,3863,1785,4.005400002414368,16.043229179341026,139.03204,0.46304833593673966
A1_LCD_plus_NLS,5,3863,1786,2.873577578160088,8.257448097704396,49.908184,0.19733475176909582
A1_LCD_plus_NLS,5,3863,1787,2.796283460579113,7.819201191908299,10.330898,0.1371085787734804
A1_LCD_plus_NLS,5,3863,1788,2.2540157278819715,5.080586901539295,28.814388,0.21405295395983207
A1_LCD_plus_NLS,5,3863,1789,2.3266572739315348,5.413334070338519,46.145,0.15084681262480124
A1_LCD_plus_NLS,5,3863,1790,3.853786250103721,14.851668461488497,114.60278,0.4917454143833234
A1_LCD_plus_NLS,5,3863,1791,2.5355638845112987,6.429084212438027,15.330805,0.1770489191117927
A1_LCD_plus_NLS,5,3863,1792,3.2758671146945266,10.73130535313704,5.9883804,0.5734157866898404
A1_LCD_plus_NLS,5,3863,1793,3.9130706953064838,15.312122266466368,110.731735,0.61068433615222
A1_LCD_plus_NLS,5,3863,1794,2.9215473621476207,8.535438989271722,59.512005,0.19356764999193726
A1_LCD_plus_NLS,5,3863,1795,2.860141626012583,8.180410120849901,107.4193,0.38682340565749285
A1_LCD_plus_NLS,5,3863,1796,3.0386076456725606,9.233136424339742,26.499043,0.06259523295033673
A1_LCD_plus_NLS,5,3863,1797,3.825014523498,14.630736104970634,29.881613,0.29554206095486185
A1_LCD_plus_NLS,5,3863,1798,3.979238459023493,15.83433871377166,94.627686,0.5588940956841802
A1_LCD_plus_NLS,5,3863,1799,5.27946667589675,27.872768381904287,137.3594,0.7729431768578556
A1_LCD_plus_NLS,5,3863,1800,3.4317967086395034,11.777228649428928,69.21932,0.4369905330349528
A1_LCD_plus_NLS,5,3863,1801,3.2638115629228475,10.652465918268879,56.23982,0.33151032047419493
A1_LCD_plus_NLS,5,3863,1802,3.0430448416332725,9.260121908190866,79.0158,0.29397135502064364
A1_LCD_plus_NLS,5,3863,1803,3.3703957460699447,11.359567485126384,25.514553,0.35767432508565145
A1_LCD_plus_NLS,5,3863,1804,4.627529697487316,21.414031101127048,106.702225,0.67584992402572
A1_LCD_plus_NLS,5,3863,1805,4.19289444937064,17.580363863563125,205.884,0.613541250136435
A1_LCD_plus_NLS,5,3863,1806,2.9448092205134566,8.671901345221073,68.4096,0.23234328087876593
A1_LCD_plus_NLS,5,3863,1807,2.685418392669779,7.2114719436891415,53.313072,0.32321922999314645
A1_LCD_plus_NLS,5,3863,1808,3.2341801173624143,10.459921031542361,110.601006,0.6105791188153766
A1_LCD_plus_NLS,5,3863,1809,2.8299472406268924,8.008601384731762,59.374866,0.18451376686190551
A1_LCD_plus_NLS,5,3863,1810,2.5730977068848215,6.620831809175929,15.163418,0.305690463168078
A1_LCD_plus_NLS,5,3863,1811,2.7175696565620284,7.38518483826666,30.532228,0.28275600939650747
A1_LCD_plus_NLS,5,3863,1812,3.298304655864204,10.878813602895486,52.623425,0.44688744397784663
A1_LCD_plus_NLS,5,3863,1813,3.5103448519760496,12.322520979794755,118.68346,0.5067888206228687
A1_LCD_plus_NLS,5,3863,1814,4.3228464388356045,18.687001333753667,121.215515,0.4640190033650291
A1_LCD_plus_NLS,5,3863,1815,3.483913393513772,12.137652533504646,159.59868,0.5709350741337365
A1_LCD_plus_NLS,5,3863,1816,3.4664554383831945,12.016313306296425,72.788574,0.6952753065511821
A1_LCD_plus_NLS,5,3863,1817,3.4769414654213593,12.08912195396643,88.57028,0.6257109187569672
A1_LCD_plus_NLS,5,3863,1818,2.6549723619322685,7.048878242624205,19.963362,0.2084714093311172
A1_LCD_plus_NLS,5,3863,1819,3.8980234763481034,15.19458702216095,102.80735,0.6496838238866232
A1_LCD_plus_NLS,5,3863,1820,3.2384725578533504,10.487704507969223,99.69382,0.5507593509926454
A1_LCD_plus_NLS,5,3863,1821,2.9887505826206238,8.932630045115118,28.85337,0.1126260295884231
A1_LCD_plus_NLS,5,3863,1822,3.955716214636525,15.647690770738322,139.99113,0.65884215438049
A1_LCD_plus_NLS,5,3863,1823,4.489448213055569,20.15514525770785,139.30872,0.7101502974459928
A1_LCD_plus_NLS,5,3863,1824,4.504510369312439,20.29061366724329,148.04143,0.38771160781087255
A1_LCD_plus_NLS,5,3863,1825,4.211110323625413,17.73345015774453,75.77447,0.5926898783814458
A1_LCD_plus_NLS,5,3863,1826,3.434139412963397,11.793313507668586,97.88685,0.4704119487262584
A1_LCD_plus_NLS,5,3863,1827,2.657845064220821,7.064140385402983,32.219944,0.43654504385460946
A1_LCD_plus_NLS,5,3863,1828,3.235801733062723,10.470412855691722,87.78118,0.5373891508481436
A1_LCD_plus_NLS,5,3863,1829,2.5673981268358386,6.591533141680172,35.27628,0.17233074707672147
A1_LCD_plus_NLS,5,3863,1830,2.5521863759257055,6.513655297460788,19.828793,0.2118019707669353
A1_LCD_plus_NLS,5,3863,1831,3.9825991357028308,15.861095875700935,100.266205,0.5136101519118299
A1_LCD_plus_NLS,5,3863,1832,2.9849998654635734,8.910224196817552,7.549488,0.4130436647842717
A1_LCD_plus_NLS,5,3863,1833,3.187406299020362,10.159558915034681,99.02783,0.37153366518816033
A1_LCD_plus_NLS,5,3863,1834,4.1228368595219616,16.997783770232914,108.54894,0.4473430982865058
A1_LCD_plus_NLS,5,3863,1835,3.185180397746117,10.14537416618611,76.2657,0.39892635664481
A1_LCD_plus_NLS,5,3863,1836,2.2938782336143038,5.261877350649477,9.716085,0.14743502343356704
A1_LCD_plus_NLS,5,3863,1837,2.89387873955604,8.374534159254456,29.416126,0.3672374964459081
A1_LCD_plus_NLS,5,3863,1838,4.340716290114014,18.841817911261174,125.716835,0.36749865356255873
A1_LCD_plus_NLS,5,3863,1839,3.8072168362499106,14.494900038224776,68.484634,0.4062129370366706
A1_LCD_plus_NLS,5,3863,1840,3.9357291647883454,15.489964058565574,49.107307,0.756136608300484
A1_LCD_plus_NLS,5,3863,1841,2.968870454620741,8.814191776319964,33.379295,0.29564620308508405
A1_LCD_plus_NLS,5,3863,1842,3.6504266589679117,13.32561479250363,101.11383,0.3531014457775763
A1_LCD_plus_NLS,5,3863,1843,3.7138329922591864,13.792555494392818,169.03235,0.6068554197845911
A1_LCD_plus_NLS,5,3863,1844,3.085013132542722,9.51730602796106,42.237316,0.350208998637057
A1_LCD_plus_NLS,5,3863,1845,3.9537725206028096,15.632317144673893,122.70189,0.6273555512398585
A1_LCD_plus_NLS,5,3863,1846,4.474616810917007,20.02219560454109,143.97159,0.7520757535129106
A1_LCD_plus_NLS,5,3863,1847,4.175236385216217,17.432598872433374,161.87212,0.611339260111102
A1_LCD_plus_NLS,5,3863,1848,3.201467361938317,10.249393269556288,92.3461,0.4011356169027569
A1_LCD_plus_NLS,5,3863,1849,3.384610309985746,11.455586950461804,112.956955,0.589249460729616
A1_LCD_plus_NLS,5,3863,1850,4.621071581565644,21.354302561953602,180.23276,0.7963362303668498
A1_LCD_plus_NLS,5,3863,1851,4.033365841802529,16.268040013819423,163.13702,0.5637442723947916
A1_LCD_plus_NLS,5,3863,1852,3.198504392243962,10.230430347203912,88.15535,0.5458353475372721
A1_LCD_plus_NLS,5,3863,1853,2.9677681762503623,8.807647947964405,28.97665,0.434425463556677
A1_LCD_plus_NLS,5,3863,1854,2.810325432894174,7.897929038771829,44.415947,0.2694053639366466
A1_LCD_plus_NLS,5,3863,1855,4.607885136898684,21.232605434851806,130.47426,0.7334459815907703
A1_LCD_plus_NLS,5,3863,1856,3.1860318779371704,10.150799127231851,54.106182,0.5195758888778454
A1_LCD_plus_NLS,5,3863,1857,3.217485572000708,10.352213406032723,24.242996,0.2902732005369627
A1_LCD_plus_NLS,5,3863,1858,2.128150073590959,4.529022735725204,13.889575,0.3021462128391577
A1_LCD_plus_NLS,5,3863,1859,2.713869686941008,7.365088677697287,33.909534,0.08967547457358785
A1_LCD_plus_NLS,5,3863,1860,3.2127973296732453,10.322066681555533,37.445053,0.3031181997089037
A1_LCD_plus_NLS,5,3863,1861,2.7944797962483054,7.809117331639971,15.05954,0.4159993114901692
A1_LCD_plus_NLS,5,3863,1862,3.691220053976359,13.625105486877237,59.443604,0.22942423971698367
A1_LCD_plus_NLS,5,3863,1863,3.6070318763233735,13.010678956812916,85.46513,0.522173897318875
A1_LCD_plus_NLS,5,3863,1864,4.003521174107422,16.028181791526475,120.67897,0.5005410624498389
A1_LCD_plus_NLS,5,3863,1865,3.223368559330518,10.390104869280501,34.309296,0.13945296134078328
A1_LCD_plus_NLS,5,3863,1866,3.552147579425891,12.617752426021214,73.74753,0.22134568771572544
A1_LCD_plus_NLS,5,3863,1867,3.6495502063604257,13.319216708745426,19.796015,0.6181737830917143
A1_LCD_plus_NLS,5,3863,1868,3.262015671867935,10.640746243512014,88.9285,0.5978071817942877
A1_LCD_plus_NLS,5,3863,1869,4.168378337174939,17.375377961829308,50.98017,0.39643822111745153
A1_LCD_plus_NLS,5,3863,1870,4.732470669318295,22.39627863595795,144.10747,0.6815399868890014
A1_LCD_plus_NLS,5,3863,1871,3.7007559186670687,13.695594369549337,53.209297,0.5335214756918645
A1_LCD_plus_NLS,5,3863,1872,2.277250011117016,5.185867613132451,12.357269,0.2145597149824749
A1_LCD_plus_NLS,5,3863,1873,2.0638589413361195,4.259513729733049,17.712172,0.1104119919912408
A1_LCD_plus_NLS,5,3863,1874,3.5920409741407577,12.90275835990609,62.911983,0.21696714510215875
A1_LCD_plus_NLS,5,3863,1875,3.774964949030991,14.250360366412549,70.07097,0.4326218234996153
A1_LCD_plus_NLS,5,3863,1876,2.6855492522525046,7.212174786273986,28.75764,0.20516510329109758
A1_LCD_plus_NLS,5,3863,1877,3.3766079923433834,11.401481533957215,32.739143,0.18162353372537482
A1_LCD_plus_NLS,5,3863,1878,3.3443599168458915,11.184743253405458,89.14317,0.5891055468878297
A1_LCD_plus_NLS,5,3863,1879,4.508804050392732,20.329313964837905,258.15256,0.7731476086821116
A1_LCD_plus_NLS,5,3863,1880,3.0687598022622486,9.417286723980638,24.033989,0.24688102856795213
A1_LCD_plus_NLS,5,3863,1881,3.570220091131909,12.746471499121936,95.91327,0.38526334362094794
A1_LCD_plus_NLS,5,3863,1882,2.7614702491902943,7.625717937163106,30.580359,0.45503727530231713
A1_LCD_plus_NLS,5,3863,1883,3.447678072445586,11.886484091222112,47.47736,0.5015212073633956
A1_LCD_plus_NLS,5,3863,1884,4.7755622642092375,22.805994939339257,112.197464,0.681463699374782
A1_LCD_plus_NLS,5,3863,1885,5.444319604534395,29.64061595631755,257.08304,0.8445450545006137
A1_LCD_plus_NLS,5,3863,1886,3.8100456613691542,14.516447941717917,60.01683,0.3321950686915103
A1_LCD_plus_NLS,5,3863,1887,3.8421428277354837,14.762061508719219,171.85503,0.4575465806901684
A1_LCD_plus_NLS,5,3863,1888,4.086101222229628,16.696223198306456,64.786934,0.6771064845017627
A1_LCD_plus_NLS,5,3863,1889,3.383218229062953,11.446165585463863,80.908295,0.16408919431899904
A1_LCD_plus_NLS,5,3863,1890,2.7752634963570424,7.702087474211915,40.11046,0.18010462054888576
A1_LCD_plus_NLS,5,3863,1891,2.5067481767327306,6.283786421552869,28.8533,0.2635926099303709
A1_LCD_plus_NLS,5,3863,1892,2.4760218934669704,6.1306844169277595,13.672667,0.20189593910674158
A1_LCD_plus_NLS,5,3863,1893,3.5459081037042695,12.573464279915605,113.437195,0.490306492409912
A1_LCD_plus_NLS,5,3863,1894,3.1017032486658307,9.62056304278417,38.698196,0.30378723659288115
A1_LCD_plus_NLS,5,3863,1895,2.688170895093003,7.226262761225121,18.51534,0.23658188612832953
A1_LCD_plus_NLS,5,3863,1896,2.8541432853788886,8.146133893473396,16.832329,0.2832313336576977
A1_LCD_plus_NLS,5,3863,1897,2.7722932826833833,7.685610045211407,23.812666,0.4003412512693363
A1_LCD_plus_NLS,5,3863,1898,2.951668934405988,8.712349498337376,33.588036,0.19542302419174154
A1_LCD_plus_NLS,5,3863,1899,2.9907270488468636,8.94444828070427,74.7268,0.3930746834000083
A1_LCD_plus_NLS,5,3863,1900,4.849121210729458,23.51397651634632,121.09628,0.626684320396795
A1_LCD_plus_NLS,5,3863,1901,4.0215027529573675,16.17248439204368,134.1076,0.5891841116124343
A1_LCD_plus_NLS,5,3863,1902,3.624342867825111,13.13586122355475,40.418,0.4458548673853371
A1_LCD_plus_NLS,5,3863,1903,3.307854585998705,10.941901962112665,76.791824,0.5707306628094904
A1_LCD_plus_NLS,5,3863,1904,2.9428229202198817,8.66020673977147,15.657484,0.3938935939805043
A1_LCD_plus_NLS,5,3863,1905,4.055170593356821,16.444408541225908,148.54607,0.5180522178659963
A1_LCD_plus_NLS,5,3863,1906,3.4591459161528095,11.965690469236662,45.22883,0.22311961169464345
A1_LCD_plus_NLS,5,3863,1907,2.1910380607908313,4.800647783834049,7.051347,0.06759907562586367
A1_LCD_plus_NLS,5,3863,1908,3.1596362215631952,9.983301052614145,82.802765,0.19661646926806747
A1_LCD_plus_NLS,5,3863,1909,3.146071739262663,9.897767388587198,44.580368,0.3243031387752739
A1_LCD_plus_NLS,5,3863,1910,3.660887306677022,13.402095872188942,100.558624,0.6486046278497409
A1_LCD_plus_NLS,5,3863,1911,3.7370210070640058,13.965326007237676,94.95418,0.45545706690047494
A1_LCD_plus_NLS,5,3863,1912,2.8354365278072633,8.039700303223709,27.694403,0.2973483588710876
A1_LCD_plus_NLS,5,3863,1913,3.0215058451667836,9.129497572377039,42.883324,0.4666659659889092
A1_LCD_plus_NLS,5,3863,1914,2.9397685714353203,8.642239253598863,53.468987,0.27467887774488275
A1_LCD_plus_NLS,5,3863,1915,3.1721431582225446,10.062492216258105,12.107622,0.2827671881826991
A1_LCD_plus_NLS,5,3863,1916,3.1066970414317523,9.651566507240801,127.60955,0.5900436912863953
A1_LCD_plus_NLS,5,3863,1917,3.5255026868506874,12.429169194991415,50.267845,0.3778195314097211
A1_LCD_plus_NLS,5,3863,1918,3.233847665377989,10.45777072287067,52.250114,0.2611456205635982
A1_LCD_plus_NLS,5,3863,1919,2.380433361772887,5.666462989841368,5.5388284,0.19492580845407775
A1_LCD_plus_NLS,5,3863,1920,2.7378817420951695,7.49599643369808,21.80557,0.32445008622264787
A1_LCD_plus_NLS,5,3863,1921,2.7599386329502895,7.617261257651513,30.840485,0.25460127830419416
A1_LCD_plus_NLS,5,3863,1922,2.3068648153443836,5.321625276273878,37.375744,0.14087953298072214
A1_LCD_plus_NLS,5,3863,1923,2.981795772468808,8.891106028712858,25.065136,0.22697249916496184
A1_LCD_plus_NLS,5,3863,1924,3.2452243089833406,10.531480815616401,39.373116,0.5297258102199208
A1_LCD_plus_NLS,5,3863,1925,3.687761103563177,13.599581956953509,97.60201,0.36879521737212984
A1_LCD_plus_NLS,5,3863,1926,3.096267510830368,9.586872498623682,58.646507,0.28998378014357235
A1_LCD_plus_NLS,5,3863,1927,2.5608912244458,6.558163863443512,3.0069447,0.19536283517560482
A1_LCD_plus_NLS,5,3863,1928,3.7053225363484366,13.729415098371607,72.49674,0.6205796274578466
A1_LCD_plus_NLS,5,3863,1929,3.237658556967822,10.482432931506956,38.297092,0.5420830728811079
A1_LCD_plus_NLS,5,3863,1930,4.3354701619078595,18.796301524793357,136.2053,0.7513484534749519
A1_LCD_plus_NLS,5,3863,1931,4.910393201515295,24.111961393487626,166.04173,0.5608301400087188
A1_LCD_plus_NLS,5,3863,1932,4.909500479908596,24.103194962222748,203.5182,0.579874847296427
A1_LCD_plus_NLS,5,3863,1933,2.9464651154736914,8.681656676703394,74.956696,0.3058199995665582
A1_LCD_plus_NLS,5,3863,1934,3.081834517859974,9.49770399547322,59.51189,0.4356484689136173
A1_LCD_plus_NLS,5,3863,1935,3.7169666135005928,13.815840805878063,138.77142,0.3796328966365851
A1_LCD_plus_NLS,5,3863,1936,3.8528058901929647,14.844113227505602,79.45066,0.7112859854904671
A1_LCD_plus_NLS,5,3863,1937,2.6557382133192458,7.0529454576841,32.114773,0.32018803454788897
A1_LCD_plus_NLS,5,3863,1938,3.7910802518119846,14.372289475678818,72.73606,0.7194370759087014
A1_LCD_plus_NLS,5,3863,1939,3.70135678660829,13.700042061771248,75.119576,0.5586251429105703
A1_LCD_plus_NLS,5,3863,1940,4.01847967217473,16.148178875681534,85.61717,0.6842872438059838
A1_LCD_plus_NLS,5,3863,1941,2.3147121698442406,5.357892429225035,44.982567,0.3309463158714542
A1_LCD_plus_NLS,5,3863,1942,2.349380529397343,5.519588871911339,31.17086,0.077014066628297
A1_LCD_plus_NLS,5,3863,1943,3.0904636545124,9.550965599862137,63.205166,0.38252754638912845
A1_LCD_plus_NLS,5,3863,1944,3.1357953617268204,9.833212550627444,34.50567,0.22321171644132715
A1_LCD_plus_NLS,5,3863,1945,2.4626284103413525,6.064538687420377,19.196396,0.18821927567968544
A1_LCD_plus_NLS,5,3863,1946,3.5683723312176254,12.733281094199507,97.330696,0.4379227768625997
A1_LCD_plus_NLS,5,3863,1947,4.699269272437328,22.08313169487365,199.38596,0.599287047120849
A1_LCD_plus_NLS,5,3863,1948,3.0768066114185153,9.466738924068688,31.547787,0.2518605731630233
A1_LCD_plus_NLS,5,3863,1949,3.162138161943123,9.999117755217032,44.455208,0.23501131399200265
A1_LCD_plus_NLS,5,3863,1950,3.8023352318459964,14.457753215337345,125.49947,0.3459536747195879
A1_LCD_plus_NLS,5,3863,1951,3.971291035495445,15.771152488606486,171.81462,0.6469839673808615
A1_LCD_plus_NLS,5,3863,1952,4.7532899262111,22.593765122619928,193.47614,0.8179710706233465
A1_LCD_plus_NLS,5,3863,1953,3.4448155540507255,11.86675420142981,103.76259,0.49805471268268
A1_LCD_plus_NLS,5,3863,1954,2.8686649419895995,8.229238549400192,15.389545,0.3790736513383828
A1_LCD_plus_NLS,5,3863,1955,2.9434992192446545,8.664187653693892,29.022573,0.15912176147727963
A1_LCD_plus_NLS,5,3863,1956,3.500037747549933,12.25026423427441,46.515175,0.28818079953080444
A1_LCD_plus_NLS,5,3863,1957,4.115099404298705,16.934043107259555,93.39772,0.6508944257084097
A1_LCD_plus_NLS,5,3863,1958,4.520631768740751,20.43611158854813,162.70741,0.5345157215103216
A1_LCD_plus_NLS,5,3863,1959,2.714573408304087,7.368908789071668,52.93555,0.24426238319429072
A1_LCD_plus_NLS,5,3863,1960,4.095397753115647,16.772282756224694,85.80486,0.5681667846189925
A1_LCD_plus_NLS,5,3863,1961,3.2600472527457094,10.627908090134847,71.64391,0.46597335515009164
A1_LCD_plus_NLS,5,3863,1962,2.639436015178797,6.966622478222925,13.936015,0.48438702236536957
A1_LCD_plus_NLS,5,3863,1963,3.2270319098921356,10.413734947462084,89.96223,0.42913456593076815
A1_LCD_plus_NLS,5,3863,1964,3.920374871823872,15.36933913562804,187.77461,0.7782481664560152
A1_LCD_plus_NLS,5,3863,1965,3.5592354582613694,12.66815704734502,155.45111,0.45233474539332863
A1_LCD_plus_NLS,5,3863,1966,3.4465904753468144,11.878985904751389,86.54143,0.3464982533945825
A1_LCD_plus_NLS,5,3863,1967,2.3010659359044707,5.294904441379918,27.797483,0.21450104625425692
A1_LCD_plus_NLS,5,3863,1968,3.437062481757722,11.81339850350655,47.990875,0.3588939207331813
A1_LCD_plus_NLS,5,3863,1969,3.687051312281886,13.59434737939958,106.96818,0.6456920892654453
A1_LCD_plus_NLS,5,3863,1970,4.746411056320378,22.52841791556033,152.24951,0.4537797519740569
A1_LCD_plus_NLS,5,3863,1971,4.384523545376075,19.22404671995719,219.95892,0.7601586053552514
A1_LCD_plus_NLS,5,3863,1972,2.9674576084769195,8.80580465810756,50.0413,0.19081483299011573
A1_LCD_plus_NLS,5,3863,1973,3.3589530481360907,11.282565579582736,61.315773,0.23001517216068917
A1_LCD_plus_NLS,5,3863,1974,3.589640198644336,12.885516755723346,65.30908,0.49009347872554476
A1_LCD_plus_NLS,5,3863,1975,3.3182504832695394,11.010786269718531,36.08658,0.2437770437408386
A1_LCD_plus_NLS,5,3863,1976,2.9457121287403423,8.677219945407957,88.799774,0.6532338720339608
A1_LCD_plus_NLS,5,3863,1977,3.098212898981094,9.598923167412837,16.705875,0.2074762257820148
A1_LCD_plus_NLS,5,3863,1978,2.9857175799077025,8.914509466969909,8.223364,0.15076954137919102
A1_LCD_plus_NLS,5,3863,1979,2.6191823215021923,6.860116033269614,27.94642,0.2580504203299616
A1_LCD_plus_NLS,5,3863,1980,2.832001390758812,8.020231877259844,26.749928,0.20753368961816823
A1_LCD_plus_NLS,5,3863,1981,2.930051909741985,8.585204193782653,108.69385,0.3254476007634801
A1_LCD_plus_NLS,5,3863,1982,4.042276905362781,16.340002579629306,120.941666,0.6502503971548754
A1_LCD_plus_NLS,5,3863,1983,3.2209487042136593,10.37451055517565,48.61792,0.29008064207576867
A1_LCD_plus_NLS,5,3863,1984,3.8347864085124805,14.705586798912051,117.47355,0.4038054637631033
A1_LCD_plus_NLS,5,3863,1985,3.731493296565579,13.924042222313858,56.30735,0.6360875879269452
A1_LCD_plus_NLS,5,3863,1986,4.702303552465211,22.11165869952694,163.66809,0.46765460327981423
A1_LCD_plus_NLS,5,3863,1987,3.400736104111931,11.565006049810396,28.68351,0.5251416423524929
A1_LCD_plus_NLS,5,3863,1988,2.902050796122572,8.421898823275653,35.912186,0.2164662138846713
A1_LCD_plus_NLS,5,3863,1989,4.767558230949857,22.72961148549773,256.38562,0.6180236802291539
A1_LCD_plus_NLS,5,3863,1990,3.471736193182511,12.052952195053393,67.170845,0.5576649338584836
A1_LCD_plus_NLS,5,3863,1991,3.424133252351511,11.724688529859339,48.434376,0.6226324355688061
A1_LCD_plus_NLS,5,3863,1992,5.048599069677724,25.48835256635078,117.04205,0.50571764509404
A1_LCD_plus_NLS,5,3863,1993,2.8039715454931233,7.862256427935094,20.7085,0.21475689568025935
A1_LCD_plus_NLS,5,3863,1994,3.7940997242954397,14.395192717898734,63.54062,0.5289073970253
A1_LCD_plus_NLS,5,3863,1995,2.5292473504528403,6.397092159772711,48.139423,0.26688686085286034
A1_LCD_plus_NLS,5,3863,1996,2.728420623077064,7.444279096432234,31.8306,0.18167504911939097
A1_LCD_plus_NLS,5,3863,1997,2.590235459145366,6.709319733814002,18.324455,0.2861048560509084
A1_LCD_plus_NLS,5,3863,1998,3.689869225849534,13.61513490387144,76.29981,0.27940277346804765
A1_LCD_plus_NLS,5,3863,1999,3.711676815500464,13.776544782723661,57.03607,0.31976204568252165
A1_LCD_plus_NLS,5,3863,2000,5.146532619654318,26.486798005165937,221.76523,0.5450893578683476
A1_LCD_plus_NLS,5,3863,2001,5.254618106621064,27.61101144642993,121.54488,0.8620928382122304
A1_LCD_plus_NLS,5,3863,2002,4.6161833443620965,21.309148668766024,221.186,0.838425677346821
A1_LCD_plus_NLS,5,3863,2003,3.5253229738706446,12.427902070100163,67.527374,0.5630719348992443
A1_LCD_plus_NLS,5,3863,2004,3.381129013483226,11.432033405818057,111.62907,0.6710930245457916
A1_LCD_plus_NLS,5,3863,2005,3.900693083829367,15.215406534234258,143.03091,0.5704914164299801
A1_LCD_plus_NLS,5,3863,2006,3.1735891528126094,10.071668110849853,52.799786,0.29539051068636235
A1_LCD_plus_NLS,5,3863,2007,4.004124651913345,16.033014228060157,98.19891,0.729636811446289
A1_LCD_plus_NLS,5,3863,2008,3.3994045043242296,11.555950984019862,110.483604,0.6941057690334962
A1_LCD_plus_NLS,5,3863,2009,3.8608180851365077,14.90591628651713,149.375,0.7096015577698411
A1_LCD_plus_NLS,5,3863,2010,3.6410031343316325,13.256903824212774,58.663208,0.28681894146727865
A1_LCD_plus_NLS,5,3863,2011,4.341316694645376,18.84703064320665,70.22516,0.48120538655750056
A1_LCD_plus_NLS,5,3863,2012,2.9788676745300644,8.873652622360153,32.816376,0.3204212728463691
A1_LCD_plus_NLS,5,3863,2013,3.6922185760568684,13.632478013379412,90.631256,0.49783552431153977
A1_LCD_plus_NLS,5,3863,2014,4.306675497024143,18.547453836668144,221.73218,0.7653954567997273
A1_LCD_plus_NLS,5,3863,2015,4.740830000841669,22.475469096880428,118.96727,0.7538760515636354
A1_LCD_plus_NLS,5,3863,2016,3.0952085964652323,9.580316255632273,31.797283,0.2449885664571389
A1_LCD_plus_NLS,5,3863,2017,3.5359886402959835,12.503215664302234,110.686424,0.2663057758814735
A1_LCD_plus_NLS,5,3863,2018,5.639469719351353,31.803618715480827,235.35901,0.7519015284076831
A1_LCD_plus_NLS,5,3863,2019,2.4601657375438455,6.052415456184651,30.855743,0.144507936421361
A1_LCD_plus_NLS,5,3863,2020,3.123362342779465,9.755392324292831,25.452082,0.6115788041307197
A1_LCD_plus_NLS,5,3863,2021,2.631308312474744,6.9237834352986845,14.252651,0.36083851626980123
A1_LCD_plus_NLS,5,3863,2022,4.067633213901025,16.545639962830776,102.33,0.7096462518969262
A1_LCD_plus_NLS,5,3863,2023,3.300258013456593,10.891702955384458,10.661375,0.4354503465178474
A1_LCD_plus_NLS,5,3863,2024,2.8333427727093774,8.027831267664462,22.949253,0.0984535473444059
A1_LCD_plus_NLS,5,3863,2025,2.6144999236387156,6.835609850706851,46.204987,0.15576054793428223
A1_LCD_plus_NLS,5,3863,2026,3.6029991315878105,12.981602742222517,55.51243,0.5512222789952146
A1_LCD_plus_NLS,5,3863,2027,3.3267977672275646,11.06758338403031,32.99085,0.3715847681385632
A1_LCD_plus_NLS,5,3863,2028,3.666744276752126,13.445013591094472,105.79185,0.292889216542191
A1_LCD_plus_NLS,5,3863,2029,2.5075293345984564,6.287703363871779,23.403767,0.2973409698580146
A1_LCD_plus_NLS,5,3863,2030,2.7834088787797593,7.747364986469998,5.5049195,0.3730366160960916
A1_LCD_plus_NLS,5,3863,2031,2.7831330187857874,7.745829400255692,37.893272,0.08176645057790138
A1_LCD_plus_NLS,5,3863,2032,3.514213116185377,12.349693825969336,105.03564,0.2333444142929671
A1_LCD_plus_NLS,5,3863,2033,2.821475063375246,7.960721533248348,85.87253,0.23518929799315824
A1_LCD_plus_NLS,5,3863,2034,2.558037843273122,6.543557607617406,16.765158,0.20339741994978694
A1_LCD_plus_NLS,5,3863,2035,2.423056750755859,5.871204017383542,26.59083,0.1523940467177993
A1_LCD_plus_NLS,5,3863,2036,3.132245031783278,9.810958939131025,27.008373,0.13355938291587674
A1_LCD_plus_NLS,5,3863,2037,2.968242470515914,8.810463363774415,66.28283,0.4797150737875545
A1_LCD_plus_NLS,5,3863,2038,3.80267162739055,14.460311505761094,115.168076,0.7013185965228907
A1_LCD_plus_NLS,5,3863,2039,2.617420512532314,6.850890139424924,29.712988,0.23108818802408237
A1_LCD_plus_NLS,5,3863,2040,3.890577145005438,15.136590521238663,166.20532,0.43761498058744597
A1_LCD_plus_NLS,5,3863,2041,5.828557518603884,33.97208274767387,276.9239,0.7254799714246498
A1_LCD_plus_NLS,5,3863,2042,3.151975294705403,9.934948258433213,87.872894,0.5745524357149212
A1_LCD_plus_NLS,5,3863,2043,2.4143797218001364,5.829229441039706,25.859024,0.11482531837953872
A1_LCD_plus_NLS,5,3863,2044,3.527359592434973,12.44226569434302,77.63998,0.6037168549810231
A1_LCD_plus_NLS,5,3863,2045,2.9227813213295106,8.542650652312682,103.303696,0.36353094660630614
A1_LCD_plus_NLS,5,3863,2046,3.1226878373871267,9.75117932976549,22.152287,0.1758335273738449
A1_LCD_plus_NLS,5,3863,2047,4.242725189283755,18.000717031782873,150.81554,0.6843345321097152
A1_LCD_plus_NLS,5,3863,2048,2.8489202694385938,8.116346701618069,38.161816,0.027154239538563656
A1_LCD_plus_NLS,5,3863,2049,3.0150690157971107,9.090641170019758,47.23875,0.21209604305409518
A1_LCD_plus_NLS,5,3863,2050,3.7342849543181034,13.94488412004656,54.340996,0.36748336209062543
A1_LCD_plus_NLS,5,3863,2051,3.0854872086875615,9.520231314974561,43.54402,0.38415226588813034
A1_LCD_plus_NLS,5,3863,2052,2.4007711405940575,5.763702069509292,32.77352,0.14433317916804148
A1_LCD_plus_NLS,5,3863,2053,2.482409950235061,6.162359161026037,25.177715,0.1014968058527764
A1_LCD_plus_NLS,5,3863,2054,3.5259803068330147,12.432537124174239,103.34572,0.619450324903621
A1_LCD_plus_NLS,5,3863,2055,2.0368995715176834,4.148959864448924,7.5646725,0.1808761014937726
A1_LCD_plus_NLS,5,3863,2056,4.025899341752889,16.207865509926343,79.94636,0.443948441563576
A1_LCD_plus_NLS,5,3863,2057,3.1921423874729005,10.189773021901189,56.289856,0.27469219028094566
A1_LCD_plus_NLS,5,3863,2058,2.7735862351637928,7.692780603890061,44.579754,0.11089526165856452
A1_LCD_plus_NLS,5,3863,2059,3.2115222711877376,10.313875298334843,74.103264,0.30545422799683675
A1_LCD_plus_NLS,5,3863,2060,4.860304255677806,23.622557457759783,145.93388,0.6416892529343463
A1_LCD_plus_NLS,5,3863,2061,4.030005591484121,16.240945067393277,150.93692,0.5948325997918121
A1_LCD_plus_NLS,5,3863,2062,4.000572035067277,16.004576607762335,173.81409,0.505186710604619
A1_LCD_plus_NLS,5,3863,2063,3.6881708023106796,13.602603867017,71.66885,0.5480068412079813
A1_LCD_plus_NLS,5,3863,2064,3.0890313401329172,9.542114620323368,21.842438,0.333945816960307
A1_LCD_plus_NLS,5,3863,2065,2.77156928531058,7.681596303276998,58.939312,0.5193358761591638
A1_LCD_plus_NLS,5,3863,2066,2.909418378956781,8.464715303811504,37.33372,0.2659416531645774
A1_LCD_plus_NLS,5,3863,2067,3.327670187763911,11.0733888785327,14.305213,0.20701462736240045
A1_LCD_plus_NLS,5,3863,2068,2.477410801809265,6.137564280921229,15.207217,0.1879427571871451
A1_LCD_plus_NLS,5,3863,2069,3.143907776751492,9.884156108718509,37.66569,0.5264309823198976
A1_LCD_plus_NLS,5,3863,2070,2.6147795014533606,6.837071841220683,15.641193,0.282488951474379
A1_LCD_plus_NLS,5,3863,2071,3.000598151710297,9.003589268047248,63.842445,0.31514991444229634
A1_LCD_plus_NLS,5,3863,2072,2.634516479642654,6.9406770815087215,5.8067503,0.5595119969497129
A1_LCD_plus_NLS,5,3863,2073,2.983803943320848,8.903085972177045,53.68713,0.43827062989965804
A1_LCD_plus_NLS,5,3863,2074,4.009545839152055,16.076457836261557,165.20609,0.5497109371184739
A1_LCD_plus_NLS,5,3863,2075,4.8618423385916945,23.637510925322758,136.12036,0.48778685125926546
A1_LCD_plus_NLS,5,3863,2076,3.1211159626484104,9.741364852298709,46.244675,0.2951569646628648
A1_LCD_plus_NLS,5,3863,2077,3.45081456615046,11.908121169956189,74.37698,0.5531425652127604
A1_LCD_plus_NLS,5,3863,2078,5.023943494076151,25.240008231670075,224.15253,0.79492245448912
A1_LCD_plus_NLS,5,3863,2079,3.151101527139525,9.929440834341046,118.7175,0.419925601351936
A1_LCD_plus_NLS,5,3863,2080,4.179549180412028,17.46863135148286,107.670494,0.5323001368947821
A1_LCD_plus_NLS,5,3863,2081,2.958449753983033,8.752424946842268,32.758175,0.3749476098495551
A1_LCD_plus_NLS,5,3863,2082,2.7315263097834395,7.461235981039135,62.090584,0.3933706468601822
A1_LCD_plus_NLS,5,3863,2083,2.2771693052415514,5.18550004473429,30.301392,0.14607324508230013
A1_LCD_plus_NLS,5,3863,2084,4.527165581615901,20.495228203367642,169.81343,0.6720045490614157
A1_LCD_plus_NLS,5,3863,2085,5.320070395137767,28.3031490092213,228.50467,0.7273217685255797
A1_LCD_plus_NLS,5,3863,2086,3.746638798949153,14.037302289791153,130.17496,0.5916802963403959
A1_LCD_plus_NLS,5,3863,2087,2.893245489956027,8.370869465150893,21.355844,0.2545378825867665
A1_LCD_plus_NLS,5,3863,2088,2.9252953056277073,8.557352625127502,62.736656,0.1516232409321745
A1_LCD_plus_NLS,5,3863,2089,3.2321896721810255,10.447050076953685,84.80231,0.30787844172253676
A1_LCD_plus_NLS,5,3863,2090,4.38965321296991,19.26905533013706,91.11262,0.5269164148771102
A1_LCD_plus_NLS,5,3863,2091,2.994799946208649,8.968826717811327,77.26732,0.21678790795827627
A1_LCD_plus_NLS,5,3863,2092,2.74346184028606,7.526582869105774,31.903736,0.3362489804460584
A1_LCD_plus_NLS,5,3863,2093,3.912517610730041,15.307794054272712,47.787678,0.686098236320889
A1_LCD_plus_NLS,5,3863,2094,3.602455341594913,12.977684488185723,150.54301,0.5797211255528597
A1_LCD_plus_NLS,5,3863,2095,4.315256619497362,18.621439692115803,134.83734,0.7343782292044475
A1_LCD_plus_NLS,5,3863,2096,4.570209530744717,20.886815154909847,160.27682,0.8048386256908162
A1_LCD_plus_NLS,5,3863,2097,3.8992805812837035,15.204389051576173,157.85782,0.35864972401610784
A1_LCD_plus_NLS,5,3863,2098,3.3735116177053848,11.380580634793207,82.32029,0.4119543714479905
A1_LCD_plus_NLS,5,3863,2099,3.082643932143734,9.502693612382581,51.660713,0.4224916346604254
A1_LCD_plus_NLS,5,3863,2100,4.151402606282303,17.234143599447492,155.99323,0.6470940470509445
A1_LCD_plus_NLS,5,3863,2101,2.7983841232135194,7.830953701053497,47.215538,0.5545265172850868
A1_LCD_plus_NLS,5,3863,2102,3.849844278217729,14.821300966525785,163.81557,0.545873284493031
A1_LCD_plus_NLS,5,3863,2103,4.053666853025437,16.432214955317153,112.35653,0.6014925836809286
A1_LCD_plus_NLS,5,3863,2104,4.13881089483763,17.12975562322666,123.89789,0.6003252691434775
A1_LCD_plus_NLS,5,3863,2105,3.8528198528099513,14.844220818206496,137.84966,0.4741891528751196
A1_LCD_plus_NLS,5,3863,2106,3.801521398806917,14.451564945586899,97.561134,0.322168152189776
A1_LCD_plus_NLS,5,3863,2107,4.472926445050747,20.007070982834307,95.18771,0.7956405035416638
A1_LCD_plus_NLS,5,3863,2108,3.3018577068938115,10.902264316574062,98.0441,0.46344351792434413
A1_LCD_plus_NLS,5,3863,2109,4.175407435579851,17.43402725309552,120.81915,0.5169684465857486
A1_LCD_plus_NLS,5,3863,2110,2.978649592146428,8.87235339279408,75.86335,0.5536646319543543
A1_LCD_plus_NLS,5,3863,2111,2.8378657204304605,8.053481847194297,12.277245,0.3746139784183081
A1_LCD_plus_NLS,5,3863,2112,3.214579350786699,10.333520402504236,103.54123,0.2798980293713401
A1_LCD_plus_NLS,5,3863,2113,4.07849497847435,16.63412128944048,94.860794,0.3799502884354955
A1_LCD_plus_NLS,5,3863,2114,3.576773403997352,12.793307983542805,111.861336,0.28552960811561934
A1_LCD_plus_NLS,5,3863,2115,4.536957919241426,20.58398716096749,179.63724,0.7496272820584008
A1_LCD_plus_NLS,5,3863,2116,3.6875370256085542,13.597929315233984,101.146774,0.4287658977172867
A1_LCD_plus_NLS,5,3863,2117,4.117358805952087,16.95264353695119,93.43117,0.6730748329447869
A1_LCD_plus_NLS,5,3863,2118,3.6103340955099177,13.034512281201415,87.40552,0.3857891206799572
A1_LCD_plus_NLS,5,3863,2119,3.782685518486525,14.308709731767674,75.21939,0.27091911579615496
A1_LCD_plus_NLS,5,3863,2120,4.2605085904934175,18.151933449668206,167.38107,0.4626384979537722
A1_LCD_plus_NLS,5,3863,2121,3.8899602804719553,15.131790983649452,109.56061,0.6341419325880195
A1_LCD_plus_NLS,5,3863,2122,4.226388339158696,17.862358393376603,126.4361,0.7313969861485101
A1_LCD_plus_NLS,5,3863,2123,4.025388062887108,16.203749056834017,143.71738,0.6642680161850232
A1_LCD_plus_NLS,5,3863,2124,4.349314171754993,18.916533764628824,151.69025,0.8319943184566936
A1_LCD_plus_NLS,5,3863,2125,3.7836213640382033,14.315790626406319,114.80622,0.5349070166736007
A1_LCD_plus_NLS,5,3863,2126,2.8772948399967633,8.278825596272,84.18418,0.36070545119111636
A1_LCD_plus_NLS,5,3863,2127,4.4552150462293465,19.848941108148352,133.21817,0.6007255582295035
A1_LCD_plus_NLS,5,3863,2128,3.660162208023046,13.396787389040142,62.19621,0.3669686539364902
A1_LCD_plus_NLS,5,3863,2129,2.6461969934925578,7.002358528369052,9.838264,0.07231515630126217
A1_LCD_plus_NLS,5,3863,2130,2.8961341464593957,8.387592994288092,35.116776,0.24559892841670408
A1_LCD_plus_NLS,5,3863,2131,2.8346870834545728,8.035450861104195,50.617283,0.17865234307894615
A1_LCD_plus_NLS,5,3863,2132,3.010781426992702,9.064804801124211,21.190002,0.31961558891270025
A1_LCD_plus_NLS,5,3863,2133,3.0630587994147254,9.382329208671978,5.1650553,0.3874366706459073
A1_LCD_plus_NLS,5,3863,2134,3.4761049480705615,12.083305610000645,77.370895,0.22036228513649686
A1_LCD_plus_NLS,5,3863,2135,2.871653204977675,8.24639212965855,47.6729,0.34476117826933644
A1_LCD_plus_NLS,5,3863,2136,3.93928448534732,15.517962256498098,121.61684,0.41505076592475776
A1_LCD_plus_NLS,5,3863,2137,2.9096427593018466,8.466020986757664,6.765279,0.4275448116644509
A1_LCD_plus_NLS,5,3863,2138,2.809490086005063,7.8932345433607365,4.7660193,0.43958795901451686
A1_LCD_plus_NLS,5,3863,2139,3.448542784530366,11.892447336736446,115.8687,0.5466823171830175
A1_LCD_plus_NLS,5,3863,2140,3.111184691836221,9.679470186716044,45.065865,0.4132704667357209
A1_LCD_plus_NLS,5,3863,2141,3.3836008987589152,11.448755042082139,23.762499,0.26353709578127327
A1_LCD_plus_NLS,5,3863,2142,3.38822028928276,11.480036728707347,57.29364,0.4783363165798088
A1_LCD_plus_NLS,5,3863,2143,4.081683217631199,16.660137889092177,120.763565,0.7260140103421688
A1_LCD_plus_NLS,5,3863,2144,3.819785237230875,14.590759258566925,71.31237,0.37374245642996007
A1_LCD_plus_NLS,5,3863,2145,2.5858972345981117,6.686864507902161,3.285221,0.19977635078784406
A1_LCD_plus_NLS,5,3863,2146,2.6828270265563416,7.197560854421141,9.077082,0.19109003407151887
A1_LCD_plus_NLS,5,3863,2147,2.785370096840763,7.758286576374721,64.96735,0.5824976143297093
A1_LCD_plus_NLS,5,3863,2148,2.644078833749937,6.991152879084427,20.198467,0.2657897508816649
A1_LCD_plus_NLS,5,3863,2149,3.168150537591018,10.037177828838256,76.665764,0.5426991573117604
A1_LCD_plus_NLS,5,3863,2150,3.3592513436284666,11.284569589669657,94.72049,0.3631543101940835
A1_LCD_plus_NLS,5,3863,2151,3.062072316786348,9.376286873229315,49.738132,0.3671442124040783
A1_LCD_plus_NLS,5,3863,2152,4.175735558848642,17.436767457432985,183.63715,0.6325371100236336
A1_LCD_plus_NLS,5,3863,2153,4.924161675868898,24.247368210096003,235.07704,0.6091310748071447
A1_LCD_plus_NLS,5,3863,2154,2.7819299531096546,7.739134264008688,20.041416,0.22428410334622212
A1_LCD_plus_NLS,5,3863,2155,3.233726686669375,10.456988284077694,95.93011,0.6350906210234956
A1_LCD_plus_NLS,5,3863,2156,4.160602037775027,17.31060931673771,140.81581,0.5228894165829664
A1_LCD_plus_NLS,5,3863,2157,3.287867108735295,10.81007012470339,119.24444,0.46496901380833133
A1_LCD_plus_NLS,5,3863,2158,3.265858407526171,10.665831138009379,1.2694068,0.31804619675941437
A1_LCD_plus_NLS,5,3863,2159,3.0082389292906506,9.049501455699758,81.36444,0.4260277057814663
A1_LCD_plus_NLS,5,3863,2160,2.837182832720462,8.049606426283704,8.164303,0.13234130370121627
A1_LCD_plus_NLS,5,3863,2161,3.5043495412622696,12.28046570734508,69.89489,0.4547415706541623
A1_LCD_plus_NLS,5,3863,2162,4.401409402314288,19.37240472678062,137.67828,0.6877269577649872
A1_LCD_plus_NLS,5,3863,2163,3.563934719964496,12.701630688168413,80.72922,0.25125068682173646
A1_LCD_plus_NLS,5,3863,2164,2.519249470487479,6.346617894551443,35.114788,0.09791440205765342
A1_LCD_plus_NLS,5,3863,2165,4.177869887786693,17.454596799274793,81.50786,0.43888745191552464
A1_LCD_plus_NLS,5,3863,2166,3.270363563713055,10.695277838861953,106.39063,0.5012309276775917
A1_LCD_plus_NLS,5,3863,2167,3.1948415748264702,10.20701268823968,45.50525,0.2936231033325551
A1_LCD_plus_NLS,5,3863,2168,2.981914070078933,8.891811521334708,9.177583,0.4074613136859152
A1_LCD_plus_NLS,5,3863,2169,2.9739553695336833,8.844410539978227,108.58464,0.4635934491594707
A1_LCD_plus_NLS,5,3863,2170,3.7250316248072264,13.875860605813969,102.62072,0.4916086180392104
A1_LCD_plus_NLS,5,3863,2171,3.607095906018108,13.011140875212599,92.518616,0.6929560476909462
A1_LCD_plus_NLS,5,3863,2172,3.0119418575049797,9.07179375299055,22.345829,0.44360859399084457
A1_LCD_plus_NLS,5,3863,2173,4.161308028934451,17.316484511674336,56.82193,0.7986869767570512
A1_LCD_plus_NLS,5,3863,2174,2.974214155605245,8.84594984340262,29.078108,0.3284004345181601
A1_LCD_plus_NLS,5,3863,2175,4.62895042114942,21.427182001459396,203.12798,0.6705385090400082
A1_LCD_plus_NLS,5,3863,2176,4.697582600094891,22.067282284714274,194.96167,0.5368289261206138
A1_LCD_plus_NLS,5,3863,2177,2.337579967229765,5.464280103193909,37.318024,0.05878007185138888
A1_LCD_plus_NLS,5,3863,2178,3.3987765610114975,11.551682111681139,72.623955,0.27273558861877756
A1_LCD_plus_NLS,5,3863,2179,2.812077110820495,7.907777677200541,34.155533,0.3215086501076553
A1_LCD_plus_NLS,5,3863,2180,2.8317831288937256,8.018995689087138,8.994277,0.16587820318108068
A1_LCD_plus_NLS,5,3863,2181,3.376362917254858,11.399826549013735,69.395874,0.652391724773393
A1_LCD_plus_NLS,5,3863,2182,4.646058036213069,21.585855275860037,146.64561,0.6507235855868546
A1_LCD_plus_NLS,5,3863,2183,3.6654571001901055,13.435575753334058,91.49896,0.692607739765046
A1_LCD_plus_NLS,5,3863,2184,3.008878609111498,9.053350484368739,49.17177,0.41342652197923047
A1_LCD_plus_NLS,5,3863,2185,4.096942998158965,16.784941930163768,98.0378,0.5266902396044766
A1_LCD_plus_NLS,5,3863,2186,4.954543634932678,24.547502630451913,250.65868,0.7615727923655438
A1_LCD_plus_NLS,5,3863,2187,4.1168561536202795,16.948504589601157,153.9744,0.44564833379154517
A1_LCD_plus_NLS,5,3863,2188,3.9596145107818517,15.678547073994201,127.235,0.7033415562595065
A1_LCD_plus_NLS,5,3863,2189,4.403305796322007,19.389101935922987,195.47076,0.8395327285643659
A1_LCD_plus_NLS,5,3863,2190,2.8194784920177653,7.949458966950772,33.833664,0.04564996145914911
A1_LCD_plus_NLS,5,3863,2191,3.2423819130880664,10.513040470320634,54.327877,0.45173011477546854
A1_LCD_plus_NLS,5,3863,2192,2.4178406472583864,5.8459533955348535,27.447712,0.04151174733908819
A1_LCD_plus_NLS,5,3863,2193,2.4585749178111054,6.044590626489883,27.720455,0.09529290181937435
A1_LCD_plus_NLS,5,3863,2194,2.8586227053909403,8.17172377177662,57.268997,0.20930928317865996
A1_LCD_plus_NLS,5,3863,2195,2.502202809488365,6.261018899811464,9.655281,0.17430179195163217
A1_LCD_plus_NLS,5,3863,2196,2.922591917021456,8.541543513439148,38.6677,0.3866182265881811
A1_LCD_plus_NLS,5,3863,2197,3.381964419981143,11.437683338018388,40.94793,0.5099614830384483
A1_LCD_plus_NLS,5,3863,2198,3.3687908382905607,11.348751712150419,41.36866,0.46029056379872746
A1_LCD_plus_NLS,5,3863,2199,2.340994824041072,5.480256766187091,34.742947,0.17646896764947032
A1_LCD_plus_NLS,5,3863,2200,3.655217354266399,13.360613906930256,129.58011,0.45251673681982707
A1_LCD_plus_NLS,5,3863,2201,2.8144394682699763,7.921069520555786,25.057648,0.2951447882981042
A1_LCD_plus_NLS,5,3863,2202,3.5704572992122237,12.74816532549785,38.736897,0.5038481765757541
A1_LCD_plus_NLS,5,3863,2203,3.9911441645134706,15.92923174192993,141.48602,0.49640848467039805
A1_LCD_plus_NLS,5,3863,2204,3.2194804613415533,10.365054440960023,79.0229,0.5521879259600793
A1_LCD_plus_NLS,5,3863,2205,2.6849289894348405,7.208843678307591,29.142673,0.16870328749527277
A1_LCD_plus_NLS,5,3863,2206,3.6028820803649357,12.98075928501477,63.0257,0.22611624803849872
A1_LCD_plus_NLS,5,3863,2207,2.084278710993152,4.344217745099274,36.518867,0.19336715587081876
A1_LCD_plus_NLS,5,3863,2208,3.0388724714642446,9.234745897823208,64.93732,0.43521019299745434
A1_LCD_plus_NLS,5,3863,2209,3.778244339814195,14.275130291338003,135.15747,0.6103864655935871
A1_LCD_plus_NLS,5,3863,2210,4.455197581874554,19.84878549354087,81.57537,0.7476902874656811
A1_LCD_plus_NLS,5,3863,2211,3.6947416864686753,13.651116129729392,174.06125,0.5719931819422192
A1_LCD_plus_NLS,5,3863,2212,3.289959456874281,10.823833227876516,61.94183,0.19247968139550645
A1_LCD_plus_NLS,5,3863,2213,4.354605873540411,18.962592313872648,62.485806,0.7733377503000924
A1_LCD_plus_NLS,5,3863,2214,3.841583204932609,14.757761520420296,97.62938,0.5219828318193194
A1_LCD_plus_NLS,5,3863,2215,4.197739716794426,17.62101872995335,70.29838,0.19259086475855308
A1_LCD_plus_NLS,5,3863,2216,2.4939096823542206,6.219585503740128,43.607216,0.20220753973385197
A1_LCD_plus_NLS,5,3863,2217,3.460197273684648,11.972965172814666,79.061775,0.5655487352561891
A1_LCD_plus_NLS,5,3863,2218,2.30292230252212,5.303451131453783,27.70855,0.28444693570054835
A1_LCD_plus_NLS,5,3863,2219,3.075799619381145,9.460543298585197,50.81937,0.1302160930385279
A1_LCD_plus_NLS,5,3863,2220,3.779625231052778,14.285566887210766,42.330772,0.5285120723482433
A1_LCD_plus_NLS,5,3863,2221,2.599773234097628,6.758820868730441,38.23683,0.24414438386943266
A1_LCD_plus_NLS,5,3863,2222,3.384657995691152,11.455909747796046,117.71765,0.5899138529848025
A1_LCD_plus_NLS,5,3863,2223,4.35230714423561,18.942577477764328,98.92613,0.7143054918797095
A1_LCD_plus_NLS,5,3863,2224,3.778870325388005,14.279860936098046,136.92978,0.6495590451091273
A1_LCD_plus_NLS,5,3863,2225,3.015527482455049,9.093405997441689,36.363117,0.4694140003842733
A1_LCD_plus_NLS,5,3863,2226,2.5490548176005694,6.497680463132671,32.469883,0.28525590005344803
A1_LCD_plus_NLS,5,3863,2227,3.129014907817351,9.790734293343226,90.49859,0.45811313428925854
A1_LCD_plus_NLS,5,3863,2228,4.268873979215657,18.223285050424522,148.9481,0.7527164954922075
A1_LCD_plus_NLS,5,3863,2229,3.0416462839140914,9.251612116448403,111.59535,0.338697858845464
A1_LCD_plus_NLS,5,3863,2230,3.4264916618386554,11.74084510864983,142.74843,0.5285713387661597
A1_LCD_plus_NLS,5,3863,2231,2.7282835656946856,7.443531214839706,14.981502,0.1297115148457267
A1_LCD_plus_NLS,5,3863,2232,2.331920521178502,5.437853317093417,38.217533,0.23385461799956297
A1_LCD_plus_NLS,5,3863,2233,3.1686706504936755,10.040473691300011,97.56118,0.3379967629302133
A1_LCD_plus_NLS,5,3863,2234,2.959669154024821,8.759641501286001,68.72919,0.35108801738606443
A1_LCD_plus_NLS,5,3863,2235,3.9496177881994465,15.599480672861489,134.67569,0.41189117055941793
A1_LCD_plus_NLS,5,3863,2236,3.1921437530260297,10.189781739983108,18.990433,0.2769366105280315
A1_LCD_plus_NLS,5,3863,2237,4.653914443350245,21.658919646024007,161.91304,0.7603911039217277
A1_LCD_plus_NLS,5,3863,2238,3.4358146057449788,11.804822005050521,74.021614,0.1821958231107376
A1_LCD_plus_NLS,5,3863,2239,3.037126927126385,9.224139971476161,64.32897,0.2256216272740822
A1_LCD_plus_NLS,5,3863,2240,4.777636480471423,22.825810339531362,252.98766,0.7071672993698094
A1_LCD_plus_NLS,5,3863,2241,4.03831131439566,16.307958271976002,156.67209,0.5957914181200946
A1_LCD_plus_NLS,5,3863,2242,3.5361654926943378,12.504466391722186,16.68788,0.2368067059848855
A1_LCD_plus_NLS,5,3863,2243,3.6733896045534538,13.493791186841374,78.25559,0.5043064986453372
A1_LCD_plus_NLS,5,3863,2244,3.6457275215625926,13.291329161478922,49.429436,0.6831021361260179
A1_LCD_plus_NLS,5,3863,2245,4.251123754104676,18.072053172713034,134.4721,0.6106860452151093
A1_LCD_plus_NLS,5,3863,2246,3.5954928930752295,12.927569144154479,100.78206,0.6845467248858701
A1_LCD_plus_NLS,5,3863,2247,2.7094254529150255,7.34098628490379,59.888607,0.38240591200577595
A1_LCD_plus_NLS,5,3863,2248,3.3778116612660107,11.409611618984648,62.35963,0.5723263947181809
A1_LCD_plus_NLS,5,3863,2249,4.172912025762879,17.413194774756455,105.21291,0.7908255437795022
A1_LCD_plus_NLS,5,3863,2250,3.8824035121158733,15.073057030889668,137.81094,0.6463328217388103
A1_LCD_plus_NLS,5,3863,2251,4.166863897649087,17.36275474153134,194.1983,0.6731814655697829
A1_LCD_plus_NLS,5,3863,2252,5.1167504394790715,26.18113505990927,302.45932,0.8386135947153153
A1_LCD_plus_NLS,5,3863,2253,3.141614807440659,9.869743598330407,77.880486,0.2999320068594329
A1_LCD_plus_NLS,5,3863,2254,4.320624016899075,18.6677918954051,216.01779,0.6269426182027773
A1_LCD_plus_NLS,5,3863,2255,3.486563346089695,12.156123966296175,116.15146,0.6337385653394421
A1_LCD_plus_NLS,5,3863,2256,2.6223980334815797,6.876971446008059,43.74943,0.4102697153773289
A1_LCD_plus_NLS,5,3863,2257,3.473685936355481,12.066493984433853,91.58678,0.40176258986610336
A1_LCD_plus_NLS,5,3863,2258,3.3025317561015304,10.906716000059056,7.4534636,0.30020040170341306
A1_LCD_plus_NLS,5,3863,2259,4.305133814413278,18.534177160004617,102.83304,0.5193883615587811
A1_LCD_plus_NLS,5,3863,2260,3.6910452154701074,13.623814782644775,121.91779,0.5849904094247513
A1_LCD_plus_NLS,5,3863,2261,4.7854182385488,22.900227717835506,187.20367,0.8268758986007572
A1_LCD_plus_NLS,5,3863,2262,4.7069070358533915,22.154973844166157,237.80182,0.7055801671696502
A1_LCD_plus_NLS,5,3863,2263,4.934287909726697,24.34719717607506,225.4474,0.8019960147425367
A1_LCD_plus_NLS,5,3863,2264,4.835380691826608,23.38090643488958,186.97594,0.5376187001991095
A1_LCD_plus_NLS,5,3863,2265,4.417747510553159,19.516493066998635,140.27281,0.5759374576604143
A1_LCD_plus_NLS,5,3863,2266,3.9150479686074275,15.327600596497144,104.164314,0.4687516050182725
A1_LCD_plus_NLS,5,3863,2267,3.727448625834622,13.893873258236416,102.36415,0.38130399425137645
A1_LCD_plus_NLS,5,3863,2268,2.5807738488615484,6.6603936589676485,41.750034,0.192183966794575
A1_LCD_plus_NLS,5,3863,2269,4.202903457117981,17.664397469854276,111.52142,0.7028412086044277
A1_LCD_plus_NLS,5,3863,2270,3.08896877145496,9.541728071023964,77.30343,0.09240599670983674
A1_LCD_plus_NLS,5,3863,2271,3.762354764287313,14.15531337235545,130.03531,0.4639735128767543
A1_LCD_plus_NLS,5,3863,2272,4.136626126853421,17.11167571336633,120.921555,0.5123569725981925
A1_LCD_plus_NLS,5,3863,2273,3.6792744027101123,13.537060130437848,47.128586,0.37759083486703227
A1_LCD_plus_NLS,5,3863,2274,3.6639115225165892,13.42424764482983,127.77347,0.6553060151946525
A1_LCD_plus_NLS,5,3863,2275,3.356580045364588,11.266629600939744,74.135704,0.4474756046398174
A1_LCD_plus_NLS,5,3863,2276,3.652583199484804,13.341364029158646,130.7678,0.6109658061560772
A1_LCD_plus_NLS,5,3863,2277,3.270022439194775,10.693046752837342,21.250008,0.26735539744113773
A1_LCD_plus_NLS,5,3863,2278,2.8405133650893326,8.068516177251123,89.1064,0.11308821072755447
A1_LCD_plus_NLS,5,3863,2279,3.0148630108826104,9.089398974388159,28.830435,0.4151801810925076
A1_LCD_plus_NLS,5,3863,2280,3.6775667580216114,13.524497259705585,122.53878,0.6176905605461408
A1_LCD_plus_NLS,5,3863,2281,3.475663559769976,12.080237180712901,94.93869,0.6618964988246019
A1_LCD_plus_NLS,5,3863,2282,3.2804139526308687,10.761115700615278,94.93031,0.48984631368608467
A1_LCD_plus_NLS,5,3863,2283,3.262017041553225,10.640755179383659,14.8795,0.285169232205952
A1_LCD_plus_NLS,5,3863,2284,4.15152068083604,17.235123963409333,126.45468,0.20835568318156916
A1_LCD_plus_NLS,5,3863,2285,4.89390067656879,23.95026383212046,183.80505,0.6980640226095425
A1_LCD_plus_NLS,5,3863,2286,4.3459930857813,18.88765590165887,170.58362,0.6873052599607379
A1_LCD_plus_NLS,5,3863,2287,3.1595178499606704,9.982553044220099,46.84369,0.17821657852846917
A1_LCD_plus_NLS,5,3863,2288,2.812300930962532,7.909036526292725,20.37174,0.43223099798944997
A1_LCD_plus_NLS,5,3863,2289,4.402678037626177,19.38357390299588,89.05426,0.3512136726627117
A1_LCD_plus_NLS,5,3863,2290,4.013139406483153,16.10528789586795,180.54826,0.6426977815168479
A1_LCD_plus_NLS,5,3863,2291,2.464391317633154,6.073224566425672,8.349222,0.274677242979503
A1_LCD_plus_NLS,5,3863,2292,2.745107051949343,7.535612726662013,10.723948,0.3703470848841031
A1_LCD_plus_NLS,5,3863,2293,3.4637352035079685,11.99746156002039,75.75454,0.18820354647180654
A1_LCD_plus_NLS,5,3863,2294,2.932312192424351,8.598454793840508,90.07341,0.29945875602363436
A1_LCD_plus_NLS,5,3863,2295,3.411626946214458,11.639198420136584,43.450577,0.20347276586244312
A1_LCD_plus_NLS,5,3863,2296,3.876632487393571,15.028279442315265,122.06676,0.5322751542537801
A1_LCD_plus_NLS,5,3863,2297,2.569170148838193,6.600635253681264,61.93637,0.4677018263611027
A1_LCD_plus_NLS,5,3863,2298,3.843479811013983,14.77233705767208,149.47896,0.5747857016397933
A1_LCD_plus_NLS,5,3863,2299,2.842010029720077,8.077021009029513,36.083035,0.536458771655975
A1_LCD_plus_NLS,5,3863,2300,3.026169602200193,9.157702461280474,36.803696,0.3643990260407025
A1_LCD_plus_NLS,5,3863,2301,2.6685512885295255,7.121165979512589,27.211845,0.3074522763433321
A1_LCD_plus_NLS,5,3863,2302,2.5168642435465856,6.334605620443324,44.02942,0.24386622004278377
A1_LCD_plus_NLS,5,3863,2303,3.816024434383204,14.562042483809652,55.12388,0.4365000183243611
A1_LCD_plus_NLS,5,3863,2304,3.3523030257108424,11.23793557619007,83.23871,0.40703586269784364
A1_LCD_plus_NLS,5,3863,2305,3.7659739661258085,14.182559913537352,138.41603,0.3430049099438923
A1_LCD_plus_NLS,5,3863,2306,3.0248994283353734,9.150016551543668,17.25734,0.09809175695738206
A1_LCD_plus_NLS,5,3863,2307,2.396719219952023,5.744263019287435,18.683212,0.1613966536728228
A1_LCD_plus_NLS,5,3863,2308,2.6261540316256866,6.896684997823846,17.18282,0.34638163373243774
A1_LCD_plus_NLS,5,3863,2309,3.4369017821267707,11.812293859986175,38.535122,0.4026811158826776
A1_LCD_plus_NLS,5,3863,2310,2.2414062328197772,5.023901900523347,36.287514,0.14677337002824087
A1_LCD_plus_NLS,5,3863,2311,2.3151075945098887,5.359723174157363,8.051662,0.12410926702952671
A1_LCD_plus_NLS,5,3863,2312,2.679661549691349,7.180586020894244,17.615324,0.17535332823520247
A1_LCD_plus_NLS,5,3863,2313,2.5883134159356476,6.699366339112462,33.583683,0.44239145762243526
A1_LCD_plus_NLS,5,3863,2314,3.1299630634640256,9.79666877864911,69.60253,0.23266754382883495
A1_LCD_plus_NLS,5,3863,2315,2.723672220585283,7.418390365187968,63.558846,0.17280332248911506
A1_LCD_plus_NLS,5,3863,2316,3.500140653322649,12.250984593041899,106.84662,0.6579946998614566
A1_LCD_plus_NLS,5,3863,2317,3.6175009016446706,13.086312773400007,62.56046,0.30228805826417926
A1_LCD_plus_NLS,5,3863,2318,3.3650238723608044,11.323385661558103,22.06437,0.18445323366752445
A1_LCD_plus_NLS,5,3863,2319,2.041216152214424,4.166563380061061,20.202171,0.096324687915003
A1_LCD_plus_NLS,5,3863,2320,3.5876377621210813,12.871144712197163,98.492386,0.5183732006014916
A1_LCD_plus_NLS,5,3863,2321,3.673696932029514,13.496049148403063,94.989426,0.42613376475093906
A1_LCD_plus_NLS,5,3863,2322,2.33578367731427,5.455885387207772,51.324413,0.24140698931696358
A1_LCD_plus_NLS,5,3863,2323,2.8457082467051364,8.09805542536562,21.31617,0.14613501003531393
A1_LCD_plus_NLS,5,3863,2324,4.111471355200082,16.90419670463079,136.85637,0.7891107350173021
A1_LCD_plus_NLS,5,3863,2325,3.5175963707794944,12.373484227721072,133.44235,0.5757227801337776
A1_LCD_plus_NLS,5,3863,2326,4.294422644648049,18.44206585086594,88.983345,0.4028386357274998
A1_LCD_plus_NLS,5,3863,2327,3.5795865103317053,12.813439584948716,61.688763,0.32542833831440726
A1_LCD_plus_NLS,5,3863,2328,3.4819043408091686,12.123657838545729,59.964302,0.2244538059271763
A1_LCD_plus_NLS,5,3863,2329,2.5361370687721103,6.4319912315999925,12.390607,0.21533966398133342
A1_LCD_plus_NLS,5,3863,2330,3.386579658137897,11.468921780913396,31.58712,0.6667747136595479
A1_LCD_plus_NLS,5,3863,2331,2.982053535391794,8.8926432879427,78.762,0.2359587334042122
A1_LCD_plus_NLS,5,3863,2332,3.1465498282001243,9.900775821346233,119.48772,0.5975486879061858
A1_LCD_plus_NLS,5,3863,2333,4.048696676352032,16.391944777103994,108.01639,0.7683465524960893
A1_LCD_plus_NLS,5,3863,2334,2.4755824451428303,6.128508442699355,55.882362,0.2501435831346511
A1_LCD_plus_NLS,5,3863,2335,3.038723170376125,9.233838506180728,85.4322,0.3268668263582952
A1_LCD_plus_NLS,5,3863,2336,2.7074459371723902,7.330263502711285,5.537353,0.48469330455905046
A1_LCD_plus_NLS,5,3863,2337,2.864761041152443,8.206855822904826,67.45433,0.3306205605735449
A1_LCD_plus_NLS,5,3863,2338,4.021180753639229,16.16989465343856,199.817,0.6936927406768053
A1_LCD_plus_NLS,5,3863,2339,4.060501588156491,16.487673147421383,78.50902,0.8064929696342193
A1_LCD_plus_NLS,5,3863,2340,4.843220083561201,23.456780777810565,233.07071,0.633794788192455
A1_LCD_plus_NLS,5,3863,2341,4.172781548858288,17.412105854492175,126.456184,0.7861064140069433
A1_LCD_plus_NLS,5,3863,2342,3.674793116423873,13.504104448516278,28.322876,0.529709577519284
A1_LCD_plus_NLS,5,3863,2343,3.1585265275515684,9.97628982524697,53.703358,0.21379247200752893
A1_LCD_plus_NLS,5,3863,2344,2.6679795954299013,7.118115121630297,46.959606,0.2992249250794745
A1_LCD_plus_NLS,5,3863,2345,5.032624709888804,25.327311470583364,135.54068,0.578204650011773
A1_LCD_plus_NLS,5,3863,2346,3.256726828237162,10.606269633759686,56.04378,0.2688107649579142
A1_LCD_plus_NLS,5,3863,2347,3.5913759796833165,12.8979814274463,115.013985,0.2710184953297649
A1_LCD_plus_NLS,5,3863,2348,3.5701290526995115,12.745821452929109,122.59898,0.6409757727171376
A1_LCD_plus_NLS,5,3863,2349,2.4380998219467145,5.9443307417766,46.316685,0.24135353196818807
A1_LCD_plus_NLS,5,3863,2350,3.3748988546561387,11.389942279159317,21.785545,0.4168047151284704
A1_LCD_plus_NLS,5,3863,2351,4.668191067784727,21.79200784534511,188.41833,0.8022741030897242
A1_LCD_plus_NLS,5,3863,2352,3.7604555291047506,14.141025786374492,9.000402,0.26114679748241193
A1_LCD_plus_NLS,5,3863,2353,3.0169408021457262,9.101931803651699,64.03951,0.26327507938573025
A1_LCD_plus_NLS,5,3863,2354,4.015053225861001,16.12065240649683,122.98227,0.44191109474642665
A1_LCD_plus_NLS,5,3863,2355,2.737564427706467,7.494258995843838,10.579086,0.1969729755664063
A1_LCD_plus_NLS,5,3863,2356,3.1693153796852167,10.044559975909248,44.752357,0.5032059101058326
A1_LCD_plus_NLS,5,3863,2357,3.069766964488613,9.423469216265632,90.96532,0.19451487822562416
A1_LCD_plus_NLS,5,3863,2358,3.4662046645347155,12.01457477644222,81.44327,0.36931796408369155
A1_LCD_plus_NLS,5,3863,2359,2.8736182057432385,8.257681592378988,37.59143,0.3779012861463018
A1_LCD_plus_NLS,5,3863,2360,3.315072678522573,10.98970686388683,103.989204,0.4462277027654719
A1_LCD_plus_NLS,5,3863,2361,3.9696724651277724,15.758299480393607,104.5886,0.6225054792848395
A1_LCD_plus_NLS,5,3863,2362,3.7607853718405786,14.143506613050082,138.6317,0.3718541508487349
A1_LCD_plus_NLS,5,3863,2363,3.034153890992926,9.206089834227512,54.15981,0.23872306391078474
A1_LCD_plus_NLS,5,3863,2364,3.842387139810461,14.763938932180816,167.72879,0.5257077728690399
A1_LCD_plus_NLS,5,3863,2365,2.5048186725859103,6.274116582535039,29.216759,0.3821489580916671
A1_LCD_plus_NLS,5,3863,2366,2.419207454224797,5.852564706576823,39.54319,0.1865218268715714
A1_LCD_plus_NLS,5,3863,2367,3.006380418970299,9.038323223568034,16.683565,0.27873021421464594
A1_LCD_plus_NLS,5,3863,2368,3.5436330710176454,12.557335342009942,25.504833,0.3250457728323418
A1_LCD_plus_NLS,5,3863,2369,3.913657438536055,15.316714546208594,147.79817,0.5885139466115116
A1_LCD_plus_NLS,5,3863,2370,5.379749125680183,28.941700655256707,209.38947,0.7980320472854032
A1_LCD_plus_NLS,5,3863,2371,3.2268322556623716,10.412446406183111,21.548277,0.3688634757504412
A1_LCD_plus_NLS,5,3863,2372,2.906483618002331,8.44764702171592,46.498577,0.4502315319993516
A1_LCD_plus_NLS,5,3863,2373,2.8121031328283532,7.907924029663037,15.277935,0.43850659780790285
A1_LCD_plus_NLS,5,3863,2374,4.096321843469704,16.77985264528704,137.02744,0.6835357404268431
A1_LCD_plus_NLS,5,3863,2375,3.044331464738874,9.267954067199137,68.62659,0.2694654603618666
A1_LCD_plus_NLS,5,3863,2376,4.190949811803819,17.564060325058463,133.56511,0.6239745412872121
A1_LCD_plus_NLS,5,3863,2377,4.904503249820894,24.054152127503702,224.30646,0.8140318043573224
A1_LCD_plus_NLS,5,3863,2378,3.542364023721099,12.548342876553537,92.067665,0.5592619120225406
A1_LCD_plus_NLS,5,3863,2379,3.732742159540257,13.933364029609258,67.9139,0.6994520863308351
A1_LCD_plus_NLS,5,3863,2380,5.088667771866346,25.8945396924312,147.18834,0.759942907849155
A1_LCD_plus_NLS,5,3863,2381,3.058135770274096,9.352194389429942,81.587906,0.2395525048342636
A1_LCD_plus_NLS,5,3863,2382,2.881731114400987,8.30437421570676,62.63897,0.41179374779305844
A1_LCD_plus_NLS,5,3863,2383,3.093038933234007,9.566889842501366,22.19227,0.3101243876050362
A1_LCD_plus_NLS,5,3863,2384,2.5546270495994063,6.526119362544968,3.9435258,0.09404054403176465
A1_LCD_plus_NLS,5,3863,2385,3.3118781143395526,10.96853664424131,76.87073,0.5225609392836226
A1_LCD_plus_NLS,5,3863,2386,3.422121476497988,11.710915399908767,120.43846,0.5585085151292626
A1_LCD_plus_NLS,5,3863,2387,4.588440926756465,21.053790138333724,167.49765,0.7919472662302841
A1_LCD_plus_NLS,5,3863,2388,4.476304114807786,20.037298528245127,131.11723,0.5865582304514769
A1_LCD_plus_NLS,5,3863,2389,2.4922709775034013,6.211414625305757,32.384144,0.13651615861456695
A1_LCD_plus_NLS,5,3863,2390,2.240984481725703,5.0220114473354185,4.440027,0.21010249238966056
A1_LCD_plus_NLS,5,3863,2391,2.538517944819475,6.444073356170488,57.182358,0.15630085538259988
A1_LCD_plus_NLS,5,3863,2392,2.769752055423206,7.671526448521075,5.4539943,0.1481048658315251
A1_LCD_plus_NLS,5,3863,2393,2.7805529691515436,7.7314748142574645,33.831684,0.1403325154932465
A1_LCD_plus_NLS,5,3863,2394,2.514629403441959,6.323361036654861,10.699329,0.23021796431723432
A1_LCD_plus_NLS,5,3863,2395,3.7708678548867955,14.21944437901854,48.250774,0.3905459050342267
A1_LCD_plus_NLS,5,3863,2396,3.13389037121932,9.821268858821167,85.599464,0.3231577904817225
A1_LCD_plus_NLS,5,3863,2397,3.5633120922803903,12.697193066991648,32.89841,0.4679149831223191
A1_LCD_plus_NLS,5,3863,2398,2.9145015450541436,8.49431925612299,32.376923,0.2406708887149694
A1_LCD_plus_NLS,5,3863,2399,2.934245057827466,8.609794059384914,49.349075,0.3984496124829831
A1_LCD_plus_NLS,5,3863,2400,4.352986713196318,18.948493325263676,216.79173,0.6682632940125706
A1_LCD_plus_NLS,5,3863,2401,3.92197438216622,15.381883054368105,86.78437,0.5368417291259846
A1_LCD_plus_NLS,5,3863,2402,3.2134315048646394,10.326142036456623,43.83742,0.21764238364567323
A1_LCD_plus_NLS,5,3863,2403,3.35683789100224,11.268360626468366,80.752846,0.6394665095602475
A1_LCD_plus_NLS,5,3863,2404,3.6558873705697676,13.36551246629153,65.00832,0.29188933750467033
A1_LCD_plus_NLS,5,3863,2405,3.507881758459305,12.305234431331547,69.35054,0.4135217547400074
A1_LCD_plus_NLS,5,3863,2406,4.727617099046521,22.35036343519704,163.19191,0.7443149479904569
A1_LCD_plus_NLS,5,3863,2407,4.152338540696544,17.2419153565539,171.62376,0.7532105894152227
A1_LCD_plus_NLS,5,3863,2408,3.7914697142704292,14.37524259422989,83.49555,0.485045203489904
A1_LCD_plus_NLS,5,3863,2409,3.576335110529724,12.790172822807655,12.5330715,0.6796110678018679
A1_LCD_plus_NLS,5,3863,2410,3.095053614258419,9.579356875134101,88.76557,0.2705174929641905
A1_LCD_plus_NLS,5,3863,2411,2.5396878645906464,6.4500144495489975,21.615105,0.15547817360425398
A1_LCD_plus_NLS,5,3863,2412,2.655591528426755,7.052166365851951,84.32854,0.2518593107952314
A1_LCD_plus_NLS,5,3863,2413,2.6679674044473574,7.118050071193569,62.32289,0.14914876978160724
A1_LCD_plus_NLS,5,3863,2414,3.022330953607146,9.13448439313188,51.70772,0.1114110808614879
A1_LCD_plus_NLS,5,3863,2415,3.6005313792427796,12.96382621291191,177.64915,0.6800401423272022
A1_LCD_plus_NLS,5,3863,2416,4.054706961907092,16.440648546937844,170.14201,0.7658404006765834
A1_LCD_plus_NLS,5,3863,2417,4.170293759195577,17.39135003798558,100.80082,0.6658581814813553
A1_LCD_plus_NLS,5,3863,2418,5.398508089759475,29.143889595198498,275.74933,0.8133640098817704
A1_LCD_plus_NLS,5,3863,2419,4.55282098163532,20.728178890818796,133.26994,0.6085620949442191
A1_LCD_plus_NLS,5,3863,2420,2.6921149476917563,7.247482891585384,23.377169,0.161108509901428
A1_LCD_plus_NLS,5,3863,2421,3.0455374061199993,9.275298092076135,14.540444,0.26559707393048426
A1_LCD_plus_NLS,5,3863,2422,3.8563205717036717,14.871208351744931,194.13939,0.6142220718097207
A1_LCD_plus_NLS,5,3863,2423,2.793634739014573,7.804395055029023,92.94462,0.29254288854845634
A1_LCD_plus_NLS,5,3863,2424,3.4313713204928176,11.774309139100623,21.36369,0.4577996527599847
A1_LCD_plus_NLS,5,3863,2425,3.058221427758975,9.352718301204145,105.97681,0.3763830069199178
A1_LCD_plus_NLS,5,3863,2426,1.952875095135109,3.8137211371989603,9.186285,0.1474813434799219
A1_LCD_plus_NLS,5,3863,2427,2.6118701591627116,6.8218657283246475,14.547087,0.1527089498350616
A1_LCD_plus_NLS,5,3863,2428,3.6129966995178475,13.053745150726858,204.3825,0.49267315046037674
A1_LCD_plus_NLS,5,3863,2429,2.7775322509870564,7.714685405273225,88.50102,0.48446084032897685
A1_LCD_plus_NLS,5,3863,2430,3.454575985420727,11.934095239045586,88.90199,0.31445932475057775
A1_LCD_plus_NLS,5,3863,2431,3.638983173606994,13.242198537794831,93.91762,0.5030266590667397
A1_LCD_plus_NLS,5,3863,2432,2.9380632239332596,8.632215507829097,15.647486,0.3279149932703873
A1_LCD_plus_NLS,5,3863,2433,2.909183234178212,8.4633470900236,10.916559,0.29324093205572566
A1_LCD_plus_NLS,5,3863,2434,2.44614999148983,5.9836497808656945,16.127012,0.21729812495346493
A1_LCD_plus_NLS,5,3863,2435,4.628141342721854,21.419692288211237,126.17534,0.6405766675928873
A1_LCD_plus_NLS,5,3863,2436,3.1043861982886676,9.637213668125165,75.35656,0.2482972677684923
A1_LCD_plus_NLS,5,3863,2437,3.1189485040211142,9.727839770735548,31.80394,0.23819585837073698
A1_LCD_plus_NLS,5,3863,2438,3.113884662381571,9.69627769061519,61.71121,0.21394542475086525
A1_LCD_plus_NLS,5,3863,2439,4.133326032386218,17.084384090001596,80.26959,0.6264483453594186
A1_LCD_plus_NLS,5,3863,2440,3.449925035441807,11.901982750168154,142.21394,0.6837347882256093
A1_LCD_plus_NLS,5,3863,2441,2.7178143785444036,7.386514996222702,61.155655,0.219923089838117
A1_LCD_plus_NLS,5,3863,2442,3.7167352289370186,13.814120762021513,100.86067,0.3479412414921804
A1_LCD_plus_NLS,5,3863,2443,3.360270750198706,11.291419514640971,49.72589,0.5617604839119702
A1_LCD_plus_NLS,5,3863,2444,4.578426267320155,20.961987085287166,194.28241,0.6146384355851869
A1_LCD_plus_NLS,5,3863,2445,3.2623620486093743,10.643006136206754,64.15381,0.42032619467495047
A1_LCD_plus_NLS,5,3863,2446,3.2356139114135547,10.469197383732922,76.516335,0.5236923489960417
A1_LCD_plus_NLS,5,3863,2447,3.204022395706588,10.265759512189387,28.949303,0.34041963308285733
A1_LCD_plus_NLS,5,3863,2448,3.481500628239223,12.1208466244301,24.028297,0.3156451270423829
A1_LCD_plus_NLS,5,3863,2449,3.651311724487784,13.332077309381956,80.41563,0.4490812466741415
A1_LCD_plus_NLS,5,3863,2450,5.069519099031511,25.70002389544526,165.86711,0.6846783695270167
A1_LCD_plus_NLS,5,3863,2451,4.4563562962851035,19.85911143943989,156.93718,0.6926418641860318
A1_LCD_plus_NLS,5,3863,2452,3.839182955223155,14.739325763675994,70.65466,0.46913535355017477
A1_LCD_plus_NLS,5,3863,2453,2.818269822170718,7.942644790558173,50.111645,0.10438408421722134
A1_LCD_plus_NLS,5,3863,2454,3.5260340746283334,12.432916295440085,55.261986,0.605154067214925
A1_LCD_plus_NLS,5,3863,2455,3.9226879508651784,15.387480759862854,106.57524,0.5012384556032772
A1_LCD_plus_NLS,5,3863,2456,3.5573725884510847,12.654899733063171,52.371773,0.555388070556005
A1_LCD_plus_NLS,5,3863,2457,4.384187018456591,19.221095812803295,119.750336,0.6914624798337041
A1_LCD_plus_NLS,5,3863,2458,3.6072951845905266,13.01257854877,80.80345,0.6442794194018805
A1_LCD_plus_NLS,5,3863,2459,3.371422478534457,11.366489528767419,58.245605,0.443494705274475
A1_LCD_plus_NLS,5,3863,2460,3.84688061605073,14.798490474146845,42.988167,0.5497523569140986
A1_LCD_plus_NLS,5,3863,2461,3.1881339242607574,10.164197919022298,36.682648,0.18814980858321445
A1_LCD_plus_NLS,5,3863,2462,2.6312585438534186,6.923521524601614,43.18177,0.3808253354493635
A1_LCD_plus_NLS,5,3863,2463,3.2427371077542757,10.515343950006566,64.43828,0.3691347714433508
A1_LCD_plus_NLS,5,3863,2464,3.4301470658520836,11.76590889337366,66.55516,0.5076248879949319
A1_LCD_plus_NLS,5,3863,2465,2.893766758913623,8.373886054993452,60.75081,0.17728917638614522
A1_LCD_plus_NLS,5,3863,2466,2.937669931279525,8.62990462514385,36.55763,0.24821605291971643
A1_LCD_plus_NLS,5,3863,2467,3.6983311958832603,13.677653634443304,89.28328,0.6526823383679488
A1_LCD_plus_NLS,5,3863,2468,2.6995115384247774,7.287362546088508,29.882248,0.22888105172049295
A1_LCD_plus_NLS,5,3863,2469,2.4739296900377976,6.120328111250514,17.130281,0.37741558630900784
A1_LCD_plus_NLS,5,3863,2470,4.638173455126288,21.51265299983812,150.21663,0.7689130752924664
A1_LCD_plus_NLS,5,3863,2471,4.241698253643738,17.99200407496434,75.91093,0.4272071687425253
A1_LCD_plus_NLS,5,3863,2472,3.806011250507636,14.485721638990695,176.37294,0.6044081766784785
A1_LCD_plus_NLS,5,3863,2473,2.6168032230355287,6.84765910808913,34.142563,0.39702142525670303
A1_LCD_plus_NLS,5,3863,2474,3.0370724519809063,9.223809078581317,80.726456,0.5541512011016974
A1_LCD_plus_NLS,5,3863,2475,2.4901746011332064,6.200969544128924,65.20392,0.3209814857282207
A1_LCD_plus_NLS,5,3863,2476,3.1316797128154517,9.80741782365987,34.93945,0.44951901081047096
A1_LCD_plus_NLS,5,3863,2477,4.100294356575536,16.8124138105652,113.38123,0.3467524783625894
A1_LCD_plus_NLS,5,3863,2478,4.325657129810001,18.711309604676092,135.24405,0.5689185722237989
A1_LCD_plus_NLS,5,3863,2479,2.728144610923724,7.442773018112157,10.297054,0.12673800683144718
A1_LCD_plus_NLS,5,3863,2480,3.1938712674427108,10.200813672996107,67.851746,0.19238942804937054
A1_LCD_plus_NLS,5,3863,2481,3.086713162141573,9.527798145338032,58.43484,0.44018372205576106
A1_LCD_plus_NLS,5,3863,2482,2.9653693401757266,8.793415323654225,57.59882,0.30372707830804596
A1_LCD_plus_NLS,5,3863,2483,3.04661551197163,9.281866077786157,68.475395,0.4157556934574216
A1_LCD_plus_NLS,5,3863,2484,2.4204583077817015,5.858618419709458,25.547787,0.33960259788887204
A1_LCD_plus_NLS,5,3863,2485,2.783733530169996,7.7491723669927115,79.55025,0.25416329186827846
A1_LCD_plus_NLS,5,3863,2486,3.0010616700832133,9.006371147642644,49.20343,0.3678860081932549
A1_LCD_plus_NLS,5,3863,2487,3.771483889546368,14.224090729107791,78.59721,0.5116422469477732
A1_LCD_plus_NLS,5,3863,2488,3.465609414061038,12.010448610828492,36.958084,0.4176062897355608
A1_LCD_plus_NLS,5,3863,2489,3.670186425750315,13.470268399761874,54.210938,0.5480535094362113
A1_LCD_plus_NLS,5,3863,2490,4.575219105265169,20.932629861183415,136.97006,0.5261063150680977
A1_LCD_plus_NLS,5,3863,2491,2.590618263900983,6.71130298925734,24.835094,0.15355410661141056
A1_LCD_plus_NLS,5,3863,2492,4.057430495082579,16.46274222242606,78.97558,0.6423737546110944
A1_LCD_plus_NLS,5,3863,2493,4.081111956218638,16.655474799190724,151.10849,0.6766151140519026
A1_LCD_plus_NLS,5,3863,2494,4.619847517709418,21.34299108688587,71.478134,0.5651503656414499
A1_LCD_plus_NLS,5,3863,2495,3.2639731295550143,10.653520590457155,95.05971,0.32963944834459274
A1_LCD_plus_NLS,5,3863,2496,3.25329473703359,10.583926646010456,42.5166,0.4851459120247186
A1_LCD_plus_NLS,5,3863,2497,3.3215092382297073,11.032423619645288,159.36244,0.529118250502937
A1_LCD_plus_NLS,5,3863,2498,4.083524102189088,16.675169093159194,156.27576,0.4248502591975181
A1_LCD_plus_NLS,5,3863,2499,4.479063571455713,20.06201047714161,254.84982,0.6837779150109496
A1_LCD_plus_NLS,5,3863,2500,4.173955966903029,17.4219084136454,178.34135,0.49930448299980956
A1_LCD_plus_NLS,5,3863,2501,2.4995368579339536,6.247684504170341,11.770624,0.2925735420154921
A1_LCD_plus_NLS,5,3863,2502,3.757997728985041,14.122546931056725,74.88902,0.4844942098104025
A1_LCD_plus_NLS,5,3863,2503,4.337971686527385,18.81799835311325,202.39337,0.7478333432330753
A1_LCD_plus_NLS,5,3863,2504,3.2538374293034806,10.587458016336283,76.418625,0.4628213068084909
A1_LCD_plus_NLS,5,3863,2505,2.7445838651126286,7.532740592636578,29.25717,0.37266944715501404
A1_LCD_plus_NLS,5,3863,2506,3.0299840320413614,9.180803234425623,72.32649,0.3611933881629669
A1_LCD_plus_NLS,5,3863,2507,4.104861131699222,16.849884910535014,182.40445,0.7833742077307264
A1_LCD_plus_NLS,5,3863,2508,3.4391411798192175,11.827692054728317,84.05723,0.6108345763085186
A1_LCD_plus_NLS,5,3863,2509,2.719294537110816,7.394562779560725,45.084503,0.20493537029208336
A1_LCD_plus_NLS,5,3863,2510,3.5314792276884917,12.471345535595312,57.655743,0.4974436309345369
A1_LCD_plus_NLS,5,3863,2511,3.6612289609920388,13.404597504806844,105.46573,0.24156347749296625
A1_LCD_plus_NLS,5,3863,2512,3.8705488570142466,14.98114845453429,92.231636,0.700548515670234
A1_LCD_plus_NLS,5,3863,2513,4.004913873321821,16.03933513272559,62.885227,0.3478805806344065
A1_LCD_plus_NLS,5,3863,2514,2.893055980424575,8.369772905870397,23.167282,0.3667317407990448
A1_LCD_plus_NLS,5,3863,2515,2.851304894672667,8.129939602384306,17.527634,0.1180406791111814
A1_LCD_plus_NLS,5,3863,2516,2.2785775413260194,5.191915611835328,42.485977,0.14506303642470045
A1_LCD_plus_NLS,5,3863,2517,3.8705074570696945,14.980827975232113,40.9862,0.5379781851965902
A1_LCD_plus_NLS,5,3863,2518,4.046674121687685,16.375571447136796,33.37993,0.7420902388167188
A1_LCD_plus_NLS,5,3863,2519,3.5237781952237124,12.417012769134082,159.48878,0.44524464458844054
A1_LCD_plus_NLS,5,3863,2520,3.562254455676394,12.68965680698633,119.26713,0.6992147093672902
A1_LCD_plus_NLS,5,3863,2521,2.62678930267663,6.900022040656375,69.72106,0.49062890745156995
A1_LCD_plus_NLS,5,3863,2522,3.801343540514955,14.450212713014777,93.537506,0.40923300730568424
A1_LCD_plus_NLS,5,3863,2523,3.0633607463208468,9.384179062099415,38.51305,0.17109491436240706
A1_LCD_plus_NLS,5,3863,2524,4.97225900557343,24.723359618506066,241.81921,0.7433683207317336
A1_LCD_plus_NLS,5,3863,2525,2.238732129522378,5.011921547755803,24.02349,0.09422780569941741
A1_LCD_plus_NLS,5,3863,2526,3.2861373539710956,10.798698709164155,98.92315,0.30027437162457415
A1_LCD_plus_NLS,5,3863,2527,4.604287224476476,21.19946084547729,89.11357,0.6068989442516539
A1_LCD_plus_NLS,5,3863,2528,2.972419100100658,8.835275306643206,35.049797,0.2928671459606321
A1_LCD_plus_NLS,5,3863,2529,2.6444062950585296,6.99288465334518,52.679558,0.1314232564907349
A1_LCD_plus_NLS,5,3863,2530,2.5950707250613037,6.734392068070201,24.658958,0.0896445266968269
A1_LCD_plus_NLS,5,3863,2531,4.460899076650801,19.899620572063967,159.796,0.6244115782009831
A1_LCD_plus_NLS,5,3863,2532,4.856021933341048,23.580949017089328,123.58876,0.6370840482309963
A1_LCD_plus_NLS,5,3863,2533,2.872759428112879,8.252746731811436,16.173935,0.43679038170841666
A1_LCD_plus_NLS,5,3863,2534,3.1255068010895823,9.768792763657233,54.12913,0.3201956403173871
A1_LCD_plus_NLS,5,3863,2535,3.5760450215195725,12.78809799593492,78.80645,0.6072277012552085
A1_LCD_plus_NLS,5,3863,2536,2.6152415856695397,6.839488551415327,24.958645,0.1265864757738453
A1_LCD_plus_NLS,5,3863,2537,2.7118976184498367,7.3543886929538935,29.28284,0.18918676037573573
A1_LCD_plus_NLS,5,3863,2538,2.534881315196393,6.425623282131795,23.75166,0.2563990714063503
A1_LCD_plus_NLS,5,3863,2539,2.6045367682933565,6.783611777392002,6.0551043,0.28165590853235056
A1_LCD_plus_NLS,5,3863,2540,4.052006731757799,16.41875855421052,82.043884,0.6292138874062292
A1_LCD_plus_NLS,5,3863,2541,2.895921001742907,8.386358448335644,57.859863,0.35320673442529527
A1_LCD_plus_NLS,5,3863,2542,3.406310417310407,11.6029506590774,92.36576,0.20389519512784496
A1_LCD_plus_NLS,5,3863,2543,2.973159471906411,8.839677245386811,36.27751,0.4435366883260683
A1_LCD_plus_NLS,5,3863,2544,3.5297651126679286,12.459241750607635,28.837467,0.5195592951718994
A1_LCD_plus_NLS,5,3863,2545,3.4067685917152564,11.606072237497552,64.90019,0.2372662163159341
A1_LCD_plus_NLS,5,3863,2546,2.3953343813173333,5.737626798320893,44.58448,0.10376207920668795
A1_LCD_plus_NLS,5,3863,2547,2.8664545887362376,8.216561909287034,38.125687,0.10804254229292193
A1_LCD_plus_NLS,5,3863,2548,2.916502058304942,8.505984256096966,69.759636,0.5055848869181592
A1_LCD_plus_NLS,5,3863,2549,3.268889163199973,10.685636361286221,66.134125,0.3469149812848458
A1_LCD_plus_NLS,5,3863,2550,2.8500047951930907,8.122527332623608,34.876568,0.47958953455196207
A1_LCD_plus_NLS,5,3863,2551,3.405173810914377,11.595208682537141,107.95603,0.4076454676410486
A1_LCD_plus_NLS,5,3863,2552,3.7860957083219033,14.334520712573536,65.79758,0.6025082715767681
A1_LCD_plus_NLS,5,3863,2553,2.5951856814250895,6.734988721073805,11.714671,0.24948215113588923
A1_LCD_plus_NLS,5,3863,2554,2.236417500240006,5.001563235379757,45.382187,0.37997361139084385
A1_LCD_plus_NLS,5,3863,2555,3.0067619614100853,9.040617492582625,70.2186,0.3755616899916743
A1_LCD_plus_NLS,5,3863,2556,2.7471734721827477,7.546962086264615,27.6554,0.4697395355295868
A1_LCD_plus_NLS,5,3863,2557,2.4406315040071087,5.9566821383520026,14.925287,0.16705432052848812
A1_LCD_plus_NLS,5,3863,2558,2.929309914718488,8.580856576468037,33.41737,0.2743269401886559
A1_LCD_plus_NLS,5,3863,2559,2.8589035606384203,8.17332956903104,24.468273,0.22536840591560914
A1_LCD_plus_NLS,5,3863,2560,2.934193213795504,8.60948981588359,50.935677,0.3691377554446351
A1_LCD_plus_NLS,5,3863,2561,3.3874140185634523,11.474573733160197,82.18732,0.5639681925902778
A1_LCD_plus_NLS,5,3863,2562,4.316321331261209,18.63062983470054,181.5647,0.6240409418645623
A1_LCD_plus_NLS,5,3863,2563,4.311437305960148,18.58849164322489,96.70678,0.6369570794260254
A1_LCD_plus_NLS,5,3863,2564,4.770673467283924,22.75932533144681,84.442444,0.47369724938508206
A1_LCD_plus_NLS,5,3863,2565,2.8068463698077526,7.878386543702957,25.156021,0.42763159084128
A1_LCD_plus_NLS,5,3863,2566,3.1260490888857126,9.772182906123193,66.25037,0.48579476382488207
A1_LCD_plus_NLS,5,3863,2567,4.0952730286230805,16.771261178967652,143.82243,0.6056775565498673
A1_LCD_plus_NLS,5,3863,2568,3.5023183237820352,12.26623364109941,98.07095,0.28586865274101725
A1_LCD_plus_NLS,5,3863,2569,3.2133207855982846,10.325430471157974,44.955803,0.21444058343784558
A1_LCD_plus_NLS,5,3863,2570,3.940519184008167,15.527691439536396,73.578575,0.5842852776229583
A1_LCD_plus_NLS,5,3863,2571,3.873866770937244,15.00684375897175,152.86082,0.7464581322064068
A1_LCD_plus_NLS,5,3863,2572,5.143970848468765,26.46043608989646,201.72368,0.7510128383948993
A1_LCD_plus_NLS,5,3863,2573,4.353679232759605,18.954522861762264,172.51253,0.5604624388617836
A1_LCD_plus_NLS,5,3863,2574,2.74015744216047,7.5084628078274065,62.919044,0.2954283499226624
A1_LCD_plus_NLS,5,3863,2575,2.7704689760695365,7.6754983473637814,42.702747,0.33054600337575146
A1_LCD_plus_NLS,5,3863,2576,3.0595559186401533,9.360882419285993,26.78489,0.24715821046052167
A1_LCD_plus_NLS,5,3863,2577,3.447090337133353,11.882431792358137,83.20317,0.29805320032699395
A1_LCD_plus_NLS,5,3863,2578,3.420138842623525,11.697349702822182,71.19198,0.5164369835828282
A1_LCD_plus_NLS,5,3863,2579,3.6677620409600324,13.4524783891073,103.88269,0.3667939825673539
A1_LCD_plus_NLS,5,3863,2580,3.7903814663201087,14.366991660222975,82.656204,0.4637130373268026
A1_LCD_plus_NLS,5,3863,2581,2.9401794470438674,8.644655180819184,59.468864,0.23381505323428065
A1_LCD_plus_NLS,5,3863,2582,2.778802461448035,7.721743119749659,66.71296,0.31363814164322545
A1_LCD_plus_NLS,5,3863,2583,3.0924057683593884,9.562973436182421,24.359331,0.3286033809660335
A1_LCD_plus_NLS,5,3863,2584,4.336328560392598,18.803745383676546,131.14531,0.6566692117224908
A1_LCD_plus_NLS,5,3863,2585,3.6290014026877175,13.169651180709419,121.23204,0.7562308133867874
A1_LCD_plus_NLS,5,3863,2586,2.5582146557635226,6.544462224963279,1.6004262,0.4183660063779325
A1_LCD_plus_NLS,5,3863,2587,3.121633391852043,9.744595033125693,53.701977,0.45056872162341577
A1_LCD_plus_NLS,5,3863,2588,2.9001561620282756,8.410905764150579,49.949093,0.4241325778836435
A1_LCD_plus_NLS,5,3863,2589,3.9716394144546396,15.773919638449593,104.487114,0.722742813578471
A1_LCD_plus_NLS,5,3863,2590,3.099860016799992,9.609132123755245,125.72056,0.5625682770395629
A1_LCD_plus_NLS,5,3863,2591,2.4577843693784582,6.040704006361065,23.057673,0.02872006104736535
A1_LCD_plus_NLS,5,3863,2592,2.7910929601764725,7.790199912346664,25.76159,0.40761096020366155
A1_LCD_plus_NLS,5,3863,2593,3.8888971140449167,15.123520763626882,57.457397,0.33595069889537477
A1_LCD_plus_NLS,5,3863,2594,2.903001051196446,8.42741510324767,51.281593,0.3676356973980197
A1_LCD_plus_NLS,5,3863,2595,4.374191780134217,19.133553729393753,129.92522,0.6581844020715795
A1_LCD_plus_NLS,5,3863,2596,4.520307622198831,20.433180999308853,181.9586,0.7287050379204346
A1_LCD_plus_NLS,5,3863,2597,4.0659596743141515,16.532028073148844,101.278915,0.6292650302328557
A1_LCD_plus_NLS,5,3863,2598,2.954663304372964,8.730035242208164,51.217407,0.21242444386692738
A1_LCD_plus_NLS,5,3863,2599,3.428544580935925,11.754917943465099,96.24496,0.4734596611641755
A1_LCD_plus_NLS,5,3863,2600,3.660687902377846,13.40063591861551,153.52336,0.5011854884643352
A1_LCD_plus_NLS,5,3863,2601,3.840045471498438,14.74594922317566,91.736084,0.6443433831362829
A1_LCD_plus_NLS,5,3863,2602,3.5147148836145634,12.353220713101729,59.335144,0.5769038898892095
A1_LCD_plus_NLS,5,3863,2603,3.7159094497472123,13.807983038720629,121.595856,0.43166536646192677
A1_LCD_plus_NLS,5,3863,2604,3.998562045367485,15.988498430653406,85.20192,0.5685464418159452
A1_LCD_plus_NLS,5,3863,2605,3.179570788171904,10.109670396996105,22.508776,0.4814432451985802
A1_LCD_plus_NLS,5,3863,2606,3.3053001834000515,10.925009302384414,49.471222,0.47258123786847567
A1_LCD_plus_NLS,5,3863,2607,3.539471161618767,12.527856103930903,92.3593,0.25309240335959265
A1_LCD_plus_NLS,5,3863,2608,5.052384782922324,25.526591994705054,260.49783,0.7456238658243556
A1_LCD_plus_NLS,5,3863,2609,4.983713380613542,24.837399060106474,106.666245,0.6726664631453871
A1_LCD_plus_NLS,5,3863,2610,2.982061594684456,8.892691354492003,23.890247,0.3786761493686452
A1_LCD_plus_NLS,5,3863,2611,3.7435185679285308,14.013931268425678,125.89781,0.42511299408404474
A1_LCD_plus_NLS,5,3863,2612,4.497615787352134,20.228547770639153,178.28801,0.33694355856257385
A1_LCD_plus_NLS,5,3863,2613,3.1619174198642583,9.99772177004105,78.93133,0.443775161094655
A1_LCD_plus_NLS,5,3863,2614,2.742304740313914,7.5202352887481645,44.137062,0.29243066034914295
A1_LCD_plus_NLS,5,3863,2615,2.3563403566173315,5.552339876223494,51.331375,0.19704240843307025
A1_LCD_plus_NLS,5,3863,2616,2.8136834617342728,7.91681462283696,31.552525,0.13196355531849188
A1_LCD_plus_NLS,5,3863,2617,3.226726948293429,10.411766798843022,82.70973,0.27449015542466026
A1_LCD_plus_NLS,5,3863,2618,3.8368253781619086,14.721228982507274,64.77294,0.3024368764478139
A1_LCD_plus_NLS,5,3863,2619,3.3189414961007238,11.015372654539311,40.308067,0.3488197943887965
A1_LCD_plus_NLS,5,3863,2620,2.8971395278867647,8.393417444043946,13.624979,0.15478419273278682
A1_LCD_plus_NLS,5,3863,2621,3.1778377510759923,10.098652772163723,87.19078,0.4100320714052768
A1_LCD_plus_NLS,5,3863,2622,3.7380021748857595,13.972660259450667,135.59999,0.36498792334193025
A1_LCD_plus_NLS,5,3863,2623,3.222533596308289,10.384722779335632,132.87587,0.6412723343543038
A1_LCD_plus_NLS,5,3863,2624,3.7081166377951265,13.750128999493029,68.44733,0.47353247874795906
A1_LCD_plus_NLS,5,3863,2625,3.138411479220624,9.849626612903785,78.213005,0.3063030358175012
A1_LCD_plus_NLS,5,3863,2626,3.3741025112383007,11.384567756344609,95.310196,0.5275782287855193
A1_LCD_plus_NLS,5,3863,2627,3.6438559615480166,13.277686268509022,68.65451,0.23734095719915171
A1_LCD_plus_NLS,5,3863,2628,3.7707176205052497,14.218311373588774,54.383522,0.31196285076756025
A1_LCD_plus_NLS,5,3863,2629,4.567342854404051,20.86062074967574,93.66385,0.6630220633622036
A1_LCD_plus_NLS,5,3863,2630,3.544713986991027,12.564997249569823,93.797806,0.3032981946923429
A1_LCD_plus_NLS,5,3863,2631,2.946925140578935,8.684367784176175,40.199345,0.2294562415479901
A1_LCD_plus_NLS,5,3863,2632,3.235345586382205,10.46746106332281,57.310257,0.25419771027790106
A1_LCD_plus_NLS,5,3863,2633,3.275855828449326,10.731231408785417,116.942154,0.4797856716543848
A1_LCD_plus_NLS,5,3863,2634,3.2678709214456174,10.678980359229827,41.44244,0.6083415388017208
A1_LCD_plus_NLS,5,3863,2635,4.278257171066366,18.303484421780777,112.4996,0.5630587016982287
A1_LCD_plus_NLS,5,3863,2636,3.1063922744226273,9.649672962592582,73.76786,0.3048459496649562
A1_LCD_plus_NLS,5,3863,2637,4.352649369254617,18.94555653167261,93.81985,0.5582794321974499
A1_LCD_plus_NLS,5,3863,2638,3.611322697218864,13.041651623448127,72.86388,0.587879797168439
A1_LCD_plus_NLS,5,3863,2639,3.471449380975544,12.050960804675485,66.87736,0.44135510842931824
A1_LCD_plus_NLS,5,3863,2640,2.841514230202901,8.074203120445583,18.148552,0.5520360485487359
A1_LCD_plus_NLS,5,3863,2641,3.6193784647944445,13.09990047141779,85.82764,0.18420279757831026
A1_LCD_plus_NLS,5,3863,2642,3.5779546134825413,12.801759216141,32.82715,0.22231565533968986
A1_LCD_plus_NLS,5,3863,2643,2.6942652146690924,7.259065046975891,23.033823,0.23760903698301217
A1_LCD_plus_NLS,5,3863,2644,3.6094759677697414,13.028316761907314,68.89605,0.287308161443395
A1_LCD_plus_NLS,5,3863,2645,3.7631577486412633,14.16135624115878,105.27898,0.5331379616839509
A1_LCD_plus_NLS,5,3863,2646,2.757109019902593,7.601650147628238,71.4476,0.2710551674446864
A1_LCD_plus_NLS,5,3863,2647,2.2678187978795803,5.143002100015985,24.136982,0.13681060082946273
A1_LCD_plus_NLS,5,3863,2648,2.6975796351092334,7.276935887756068,8.034404,0.18916555922087813
A1_LCD_plus_NLS,5,3863,2649,2.9061364959885663,8.445629333316704,78.48385,0.30676351656181283
A1_LCD_plus_NLS,5,3863,2650,2.829330774526272,8.005112631681436,45.668987,0.18645177131867605
A1_LCD_plus_NLS,5,3863,2651,3.0952495323585314,9.580569667565708,28.706806,0.21655774889564505
A1_LCD_plus_NLS,5,3863,2652,2.8713138255632082,8.244443084870426,39.95095,0.1600362627463391
A1_LCD_plus_NLS,5,3863,2653,3.412523083009947,11.645313792075715,9.794487,0.33337467256054776
A1_LCD_plus_NLS,5,3863,2654,2.4587749443742544,6.045574227082619,55.993397,0.2029869678433604
A1_LCD_plus_NLS,5,3863,2655,2.7352421151060082,7.48154942824959,40.41216,0.2890100776287966
A1_LCD_plus_NLS,5,3863,2656,2.965356736753847,8.793340576211424,40.884556,0.2695329042408126
A1_LCD_plus_NLS,5,3863,2657,2.5120727424591176,6.310509463406071,9.292215,0.15513984546981488
A1_LCD_plus_NLS,5,3863,2658,2.659189371174012,7.071288111764839,41.552536,0.2043916830203159
A1_LCD_plus_NLS,5,3863,2659,2.7902550338488656,7.785523153918933,23.258032,0.10003424479092754
A1_LCD_plus_NLS,5,3863,2660,2.9149520424655955,8.496945409874344,61.541218,0.21713863476816725
A1_LCD_plus_NLS,5,3863,2661,2.6136786891797112,6.831316290272177,47.085903,0.400601395992189
A1_LCD_plus_NLS,5,3863,2662,3.408745149314352,11.619543492974127,79.16746,0.5619274542016652
A1_LCD_plus_NLS,5,3863,2663,3.512977919606927,12.341013863645808,75.00161,0.2753051632413832
A1_LCD_plus_NLS,5,3863,2664,3.09335228342948,9.568828349398375,99.857796,0.2663791587891406
A1_LCD_plus_NLS,5,3863,2665,3.441798793629265,11.84597893582786,35.946854,0.41290972177253304
A1_LCD_plus_NLS,5,3863,2666,3.4030052721371944,11.580444882193541,79.92985,0.6450274516878112
A1_LCD_plus_NLS,5,3863,2667,4.478959816872123,20.06108104115516,207.71373,0.5575238396327871
A1_LCD_plus_NLS,5,3863,2668,3.9832475100301985,15.866260726161775,120.4354,0.5181069077425002
A1_LCD_plus_NLS,5,3863,2669,3.9818859024099424,15.85541533981104,52.312042,0.49384115093717573
A1_LCD_plus_NLS,5,3863,2670,3.115024039628738,9.703374767464942,48.391678,0.5317529737494833
A1_LCD_plus_NLS,5,3863,2671,3.253765086956286,10.586987241095649,60.44505,0.25861512851789353
A1_LCD_plus_NLS,5,3863,2672,2.3517722995753427,5.530832949049897,13.351956,0.3548560631279544
A1_LCD_plus_NLS,5,3863,2673,4.158658709634209,17.29444226321646,108.607544,0.7391420559458218
A1_LCD_plus_NLS,5,3863,2674,4.4227613338481895,19.560817816182613,151.2005,0.6705021589786756
A1_LCD_plus_NLS,5,3863,2675,4.051226532175328,16.412436415001327,93.056816,0.652512417674001
A1_LCD_plus_NLS,5,3863,2676,3.894078095013459,15.163844210063647,122.679794,0.605077210931471
A1_LCD_plus_NLS,5,3863,2677,3.602590687256483,12.978659659907134,55.994675,0.42085199134858164
A1_LCD_plus_NLS,5,3863,2678,3.023270872539453,9.140166768745463,69.681274,0.2903727342600684
A1_LCD_plus_NLS,5,3863,2679,2.777310879216954,7.713455719816849,14.990807,0.3846363408917313
A1_LCD_plus_NLS,5,3863,2680,3.320863918142813,11.028137162822839,71.356964,0.23762739451733697
A1_LCD_plus_NLS,5,3863,2681,3.2380979843313886,10.485278556131,45.13275,0.3476073058395621
A1_LCD_plus_NLS,5,3863,2682,4.45179053106163,19.818438932449986,161.42738,0.7369507932772486
A1_LCD_plus_NLS,5,3863,2683,4.107280664497526,16.86975445695523,77.29596,0.6237942789346155
A1_LCD_plus_NLS,5,3863,2684,3.9826119077731965,15.861197607936859,116.002655,0.25674790373677864
A1_LCD_plus_NLS,5,3863,2685,2.81983531638853,7.951471211552001,53.386078,0.16343694218909482
A1_LCD_plus_NLS,5,3863,2686,4.075338485811097,16.60838377393308,103.893326,0.5663509301799332
A1_LCD_plus_NLS,5,3863,2687,2.860321530321788,8.181439256822376,53.701233,0.21069811341769565
A1_LCD_plus_NLS,5,3863,2688,3.661853899762461,13.409173983205537,52.76292,0.39506829988285386
A1_LCD_plus_NLS,5,3863,2689,3.664753186071425,13.430415914820665,62.231422,0.4824068287988217
A1_LCD_plus_NLS,5,3863,2690,5.596561901494529,31.32150511726006,247.5503,0.5863264259649031
A1_LCD_plus_NLS,5,3863,2691,2.6924895996320006,7.249500244126492,16.911547,0.19976403132138804
A1_LCD_plus_NLS,5,3863,2692,3.0428332037140273,9.258833905624574,46.658463,0.26899559495106656
A1_LCD_plus_NLS,5,3863,2693,3.771736800708364,14.225998493817768,107.13128,0.6668816233091306
A1_LCD_plus_NLS,5,3863,2694,4.003808924140152,16.03048590102432,154.82996,0.6302597735927095
A1_LCD_plus_NLS,5,3863,2695,4.222108286586427,17.826198383661776,80.72174,0.4226488201966182
A1_LCD_plus_NLS,5,3863,2696,3.9681615181973737,15.746305834502484,144.92226,0.4494510521215048
A1_LCD_plus_NLS,5,3863,2697,3.869186992402497,14.97060798217668,64.51861,0.2865090079441739
A1_LCD_plus_NLS,5,3863,2698,3.567773991674811,12.729011255671214,105.63346,0.5064213748046088
A1_LCD_plus_NLS,5,3863,2699,3.873644661635973,15.005122964620874,197.14574,0.6654389237619694
A1_LCD_plus_NLS,5,3863,2700,3.8193669360820657,14.587563792436905,75.44671,0.5662308945211587
A1_LCD_plus_NLS,5,3863,2701,3.033902318441698,9.204563277845912,62.990414,0.32510327255713334
A1_LCD_plus_NLS,5,3863,2702,2.660959111562684,7.080703393408469,16.76492,0.22990848974640582
A1_LCD_plus_NLS,5,3863,2703,2.591629962037208,6.716545860128978,30.812798,0.2986351316128726
A1_LCD_plus_NLS,5,3863,2704,4.338568101961522,18.823173175358004,74.39769,0.5318721862278125
A1_LCD_plus_NLS,5,3863,2705,4.5818169989072945,20.99304701147585,164.67831,0.40037750594717464
A1_LCD_plus_NLS,5,3863,2706,2.785068525313667,7.756606690692845,45.71297,0.1900058022790134
A1_LCD_plus_NLS,5,3863,2707,3.5985433448733786,12.949514204932484,80.09835,0.47035302879685936
A1_LCD_plus_NLS,5,3863,2708,3.738035716492633,13.972911017774594,134.38437,0.436643030529528
A1_LCD_plus_NLS,5,3863,2709,4.163091375764708,17.33132980296649,94.184296,0.472280387392054
A1_LCD_plus_NLS,5,3863,2710,3.3986130373911947,11.550570577925406,76.02402,0.23946393354296092
A1_LCD_plus_NLS,5,3863,2711,3.968782580112859,15.751235168207282,109.02575,0.5055070141803799
A1_LCD_plus_NLS,5,3863,2712,3.566112276100041,12.717156765751414,93.73398,0.35203634658424093
A1_LCD_plus_NLS,5,3863,2713,3.359374271085961,11.285395493234333,71.33511,0.20151330095711106
A1_LCD_plus_NLS,5,3863,2714,2.2188739005381133,4.923401386489221,42.151974,0.03347577167238793
A1_LCD_plus_NLS,5,3863,2715,2.44686756173211,5.9871608646568415,15.530165,0.18295445678874112
A1_LCD_plus_NLS,5,3863,2716,3.0099156039316592,9.059591942791286,4.953559,0.41820737167116107
A1_LCD_plus_NLS,5,3863,2717,4.3924014829867915,19.29319078774456,75.737755,0.49582340323034185
A1_LCD_plus_NLS,5,3863,2718,3.9778736996335287,15.823479170236135,101.230606,0.763751133404158
A1_LCD_plus_NLS,5,3863,2719,4.2401430433575555,17.978813028133473,88.42623,0.6517391416845226
A1_LCD_plus_NLS,5,3863,2720,3.509638818689825,12.317564637654511,98.36815,0.31671790722400056
A1_LCD_plus_NLS,5,3863,2721,2.7725379430064936,7.68696664541068,19.770094,0.20832671693936533
A1_LCD_plus_NLS,5,3863,2722,3.9340890179233163,15.477056400944845,86.01489,0.414095126468372
A1_LCD_plus_NLS,5,3863,2723,4.51918034831679,20.42299102061267,118.60906,0.77147623110383
A1_LCD_plus_NLS,5,3863,2724,4.8330486908720545,23.358359648340077,155.48378,0.5646169724454924
A1_LCD_plus_NLS,5,3863,2725,4.899277142643361,24.002916520427696,79.03284,0.5352851991530124
A1_LCD_plus_NLS,5,3863,2726,4.624517058340556,21.386158022882796,149.7986,0.7699653787959189
A1_LCD_plus_NLS,5,3863,2727,4.206700477418873,17.69632890671617,97.33992,0.6265907416641118
A1_LCD_plus_NLS,5,3863,2728,2.8466243716406177,8.10327031321834,37.614902,0.36800680087944326
A1_LCD_plus_NLS,5,3863,2729,2.707689544764378,7.33158267082632,5.582365,0.34660927836754885
A1_LCD_plus_NLS,5,3863,2730,3.2408302913202465,10.502980977138874,39.761944,0.25506581296258135
A1_LCD_plus_NLS,5,3863,2731,3.4549302182499817,11.936542812976867,176.33575,0.43138935425612346
A1_LCD_plus_NLS,5,3863,2732,5.383660918843469,28.98380488908251,251.60883,0.8623279792250075
A1_LCD_plus_NLS,5,3863,2733,4.2986788471728055,18.478639831130916,189.39264,0.6164717217601512
A1_LCD_plus_NLS,5,3863,2734,2.9382235375039474,8.633157556342214,40.525818,0.30945242355597535
A1_LCD_plus_NLS,5,3863,2735,3.225908212230397,10.40648379373551,25.74248,0.43947038079574074
A1_LCD_plus_NLS,5,3863,2736,2.366889191255226,5.602164443680817,46.42173,0.3116550195161344
A1_LCD_plus_NLS,5,3863,2737,3.1246205078796585,9.76325331826213,57.821342,0.4992331920526099
A1_LCD_plus_NLS,5,3863,2738,3.557755544257306,12.657624512693602,118.97522,0.3055431166245273
A1_LCD_plus_NLS,5,3863,2739,3.2131556980287788,10.324369539774809,80.466446,0.25763567138838595
A1_LCD_plus_NLS,5,3863,2740,3.5733770949399513,12.769023862641482,82.09506,0.45059490516504486
A1_LCD_plus_NLS,5,3863,2741,3.8854405758958217,15.096648468817655,103.05233,0.30346068811580873
A1_LCD_plus_NLS,5,3863,2742,3.127928936449976,9.783939431481077,75.19379,0.5315781908169608
A1_LCD_plus_NLS,5,3863,2743,3.495850177870578,12.220968466117748,137.70712,0.4665086886218951
A1_LCD_plus_NLS,5,3863,2744,3.0151619788648576,9.091201758792243,83.204575,0.3680746469776426
A1_LCD_plus_NLS,5,3863,2745,3.020061663357029,9.120772450478826,15.2477045,0.6870651413896502
A1_LCD_plus_NLS,5,3863,2746,3.2885642689026513,10.81465495070323,20.667225,0.29796240613434144
A1_LCD_plus_NLS,5,3863,2747,2.811947010895717,7.907045992085356,54.941574,0.1403110826478765
A1_LCD_plus_NLS,5,3863,2748,3.8706571535891143,14.981986800630583,143.82896,0.4695508765802301
A1_LCD_plus_NLS,5,3863,2749,3.841284240733938,14.75546461811091,65.068756,0.5197071684400056
A1_LCD_plus_NLS,5,3863,2750,2.8258081213829227,7.985191538873685,58.2227,0.22858503437210678
A1_LCD_plus_NLS,5,3863,2751,3.167447447768481,10.032723334375063,5.3387384,0.510630374383553
A1_LCD_plus_NLS,5,3863,2752,2.307769192429572,5.325798645527038,25.502024,0.1719106417181259
A1_LCD_plus_NLS,5,3863,2753,3.76448506606361,14.171347812615945,76.869934,0.6708124574976978
A1_LCD_plus_NLS,5,3863,2754,3.902043679134742,15.225944873875394,89.40823,0.5779209155726838
A1_LCD_plus_NLS,5,3863,2755,2.768629375688431,7.665308619924909,74.47805,0.42371592528075896
A1_LCD_plus_NLS,5,3863,2756,3.063277955728822,9.38367183405415,127.480606,0.36606943130263236
A1_LCD_plus_NLS,5,3863,2757,3.5313668476700113,12.470551812822832,48.95379,0.28742567580230804
A1_LCD_plus_NLS,5,3863,2758,3.966716066754145,15.73483635424547,91.27289,0.2971717280647259
A1_LCD_plus_NLS,5,3863,2759,3.884635145522421,15.090390213827998,148.48538,0.5841031325647462
A1_LCD_plus_NLS,5,3863,2760,3.9802921109431835,15.842725288436547,94.981804,0.4170881237205267
A1_LCD_plus_NLS,5,3863,2761,4.74215497274677,22.488033785546914,164.49065,0.6419998528320333
A1_LCD_plus_NLS,5,3863,2762,3.8762812985419024,15.025556705425702,132.36354,0.7011508796281666
A1_LCD_plus_NLS,5,3863,2763,3.9684523504435334,15.748614057740802,167.83014,0.6316505252834153
A1_LCD_plus_NLS,5,3863,2764,3.732368385213691,13.93057376294266,90.29542,0.5425032199102249
A1_LCD_plus_NLS,5,3863,2765,3.570273572279479,12.746853380917269,80.00639,0.582193167552256
A1_LCD_plus_NLS,5,3863,2766,2.956617777530716,8.741588682410669,16.1016,0.30291097498137404
A1_LCD_plus_NLS,5,3863,2767,2.981855261987476,8.8914608034424,101.3132,0.45855140835218583
A1_LCD_plus_NLS,5,3863,2768,2.370540618028635,5.619462821723583,6.6823654,0.20765619513520878
A1_LCD_plus_NLS,5,3863,2769,3.7058721671983776,13.7334885196156,125.88245,0.5040165512330191
A1_LCD_plus_NLS,5,3863,2770,3.2456811741260236,10.534446284076083,90.57097,0.31714987801813316
A1_LCD_plus_NLS,5,3863,2771,3.059502358248273,9.360554680126745,94.26212,0.40890480320352074
A1_LCD_plus_NLS,5,3863,2772,2.250960668372493,5.06682393055994,7.11586,0.24566726221358956
A1_LCD_plus_NLS,5,3863,2773,3.558089352256236,12.6599998386392,61.36029,0.48201664802869215
A1_LCD_plus_NLS,5,3863,2774,3.565486810666692,12.712696197038138,77.04044,0.5899312786425507
A1_LCD_plus_NLS,5,3863,2775,3.942647797454222,15.544471654770629,112.47688,0.6703878370533554
A1_LCD_plus_NLS,5,3863,2776,4.719652931666553,22.275123795388694,197.22032,0.8153347007298379
A1_LCD_plus_NLS,5,3863,2777,4.645928462386423,21.584651277612274,181.66223,0.7137109123748555
A1_LCD_plus_NLS,5,3863,2778,2.5283294970732713,6.392450045770781,31.5808,0.33733113987216085
A1_LCD_plus_NLS,5,3863,2779,3.029945066213321,9.180567104270446,9.196154,0.270573568217607
A1_LCD_plus_NLS,5,3863,2780,2.622037311711896,6.875079664009347,21.871063,0.17521118877597436
A1_LCD_plus_NLS,5,3863,2781,3.252082904657049,10.576043218762628,46.080208,0.5470967989156083
A1_LCD_plus_NLS,5,3863,2782,3.088803246424921,9.540705495125131,39.238594,0.3656595060361564
A1_LCD_plus_NLS,5,3863,2783,3.7202718537152224,13.840422665545699,50.229824,0.37469349278668734
A1_LCD_plus_NLS,5,3863,2784,4.493247416237463,20.18927234352465,197.13605,0.639905614303097
A1_LCD_plus_NLS,5,3863,2785,4.436887561855113,19.685971236544606,187.34392,0.7692659702190118
A1_LCD_plus_NLS,5,3863,2786,3.9080988130384258,15.273236332472353,78.53856,0.7341529486493656
A1_LCD_plus_NLS,5,3863,2787,3.1188974917166994,9.727521563836719,68.91111,0.4472055680434691
A1_LCD_plus_NLS,5,3863,2788,3.519440070640825,12.386458410832294,127.07332,0.3108595903989742
A1_LCD_plus_NLS,5,3863,2789,3.1011797119287294,9.617315605678359,29.368357,0.4822408293526239
A1_LCD_plus_NLS,5,3863,2790,4.475444701429953,20.02960527555744,121.96258,0.38057937520439417
A1_LCD_plus_NLS,5,3863,2791,3.5441562096931425,12.561043238706462,72.19147,0.31149055427723915
A1_LCD_plus_NLS,5,3863,2792,3.780173709950081,14.289713277397757,103.81245,0.32456786771118584
A1_LCD_plus_NLS,5,3863,2793,3.506346455992643,12.294465469452168,52.66044,0.5536180139656205
A1_LCD_plus_NLS,5,3863,2794,3.2163380428544293,10.344830405912658,28.047394,0.3083375545650944
A1_LCD_plus_NLS,5,3863,2795,4.01855724716804,16.148802348766775,123.572655,0.28693104047874834
A1_LCD_plus_NLS,5,3863,2796,3.883026038367782,15.077891214642191,80.144455,0.33103035400108793
A1_LCD_plus_NLS,5,3863,2797,3.038841505880766,9.234557697863684,73.61282,0.24595674039198218
A1_LCD_plus_NLS,5,3863,2798,2.9517223339948773,8.712664737004168,29.997581,0.27395078994725053
A1_LCD_plus_NLS,5,3863,2799,2.405831104921912,5.788023305409788,18.380554,0.19685487297589144
A1_LCD_plus_NLS,5,3863,2800,2.720530393471224,7.401285621800693,15.201966,0.30582645897818866
A1_LCD_plus_NLS,5,3863,2801,3.446725803894511,11.879918767232262,118.419334,0.43994111939665115
A1_LCD_plus_NLS,5,3863,2802,3.8825593762590587,15.07426731017713,58.71734,0.5139786933043472
A1_LCD_plus_NLS,5,3863,2803,4.709049200353724,22.17514437135205,133.80562,0.6289273148779125
A1_LCD_plus_NLS,5,3863,2804,4.459557942186999,19.88765703972314,194.43094,0.6840766964401283
A1_LCD_plus_NLS,5,3863,2805,2.237514259179125,5.006470060029908,5.463402,0.34962644426135203
A1_LCD_plus_NLS,5,3863,2806,2.5018848113541474,6.2594276092845815,35.95023,0.07540182029887878
A1_LCD_plus_NLS,5,3863,2807,2.9114958678781875,8.476808188671761,78.27272,0.34221715842489
A1_LCD_plus_NLS,5,3863,2808,2.6842259704369558,7.205069060368217,30.980947,0.22361332445413068
A1_LCD_plus_NLS,5,3863,2809,3.5045882462282676,12.282138775601325,61.349472,0.2316520380515461
A1_LCD_plus_NLS,5,3863,2810,2.73207344597787,7.464225314217394,43.031292,0.1844757707931446
A1_LCD_plus_NLS,5,3863,2811,3.45433755302136,11.932447930213597,100.58469,0.6149667163403316
A1_LCD_plus_NLS,5,3863,2812,3.5034417990005897,12.274104438984489,48.626675,0.4373553838698006
A1_LCD_plus_NLS,5,3863,2813,3.698933997209433,13.682112715711751,111.61061,0.5681213499323612
A1_LCD_plus_NLS,5,3863,2814,2.924301371736528,8.551538512740139,32.947376,0.3044102197889194
A1_LCD_plus_NLS,5,3863,2815,2.826576033948093,7.989532075689728,2.8409102,0.23570285807241598
A1_LCD_plus_NLS,5,3863,2816,3.0353265936859914,9.213207530337408,26.032084,0.35017420251090936
A1_LCD_plus_NLS,5,3863,2817,2.3535937895028582,5.539403725986426,22.958342,0.09268466291438111
A1_LCD_plus_NLS,5,3863,2818,3.5261382917088717,12.433651252255562,75.00772,0.3493111180412757
A1_LCD_plus_NLS,5,3863,2819,3.9000052436441837,15.210040900452128,63.109875,0.1591931838215885
A1_LCD_plus_NLS,5,3863,2820,3.527532091311563,12.443482655232932,31.384045,0.4053981395853935
A1_LCD_plus_NLS,5,3863,2821,3.939194824482211,15.517255865227437,79.26773,0.4901214912419416
A1_LCD_plus_NLS,5,3863,2822,2.481752240817293,6.159094184801654,21.108036,0.25574837770470155
A1_LCD_plus_NLS,5,3863,2823,2.3396367330351744,5.473900042567504,5.6968207,0.09237737372251105
A1_LCD_plus_NLS,5,3863,2824,3.4886814006167985,12.170897915009586,84.04008,0.6164183396870009
A1_LCD_plus_NLS,5,3863,2825,3.532286495260769,12.477047884601603,77.08038,0.5346480115802866
A1_LCD_plus_NLS,5,3863,2826,2.833598090294133,8.029278137318554,65.8914,0.339466974935327
A1_LCD_plus_NLS,5,3863,2827,3.9188814965859176,15.357632184283482,86.46148,0.5488732414767086
A1_LCD_plus_NLS,5,3863,2828,3.282700650002162,10.776123557524617,16.839964,0.2042877317350911
A1_LCD_plus_NLS,5,3863,2829,2.4752554342211237,6.126889464641204,19.865799,0.371536601924226
A1_LCD_plus_NLS,5,3863,2830,3.565928485839425,12.715845966121057,23.944635,0.40945923277094465
A1_LCD_plus_NLS,5,3863,2831,4.775907784558423,22.809295166605743,153.06091,0.5578078435586546
A1_LCD_plus_NLS,5,3863,2832,2.6406537360105116,6.9730521535062735,2.7922165,0.2971582442591827
A1_LCD_plus_NLS,5,3863,2833,2.8265484363590363,7.989376063083714,68.34139,0.2961526649588564
A1_LCD_plus_NLS,5,3863,2834,3.8329248368124347,14.691312804653627,128.09717,0.5100266171109777
A1_LCD_plus_NLS,5,3863,2835,4.350871377248708,18.930081741362066,84.327255,0.6790848241414026
A1_LCD_plus_NLS,5,3863,2836,4.091530836784132,16.740624588355466,87.508705,0.6513499336208177
A1_LCD_plus_NLS,5,3863,2837,3.198071310019077,10.22766010396713,58.502792,0.3244505970914051
A1_LCD_plus_NLS,5,3863,2838,2.821107663573607,7.9586484494737375,66.388336,0.12166176394502433
A1_LCD_plus_NLS,5,3863,2839,2.5044167420224213,6.272103217722199,1.4333322,0.4165706400456978
A1_LCD_plus_NLS,5,3863,2840,3.205313807152046,10.274036602319542,36.180157,0.14604111835515046
A1_LCD_plus_NLS,5,3863,2841,3.9970533993034025,15.976435876882887,125.920975,0.4154607360569621
A1_LCD_plus_NLS,5,3863,2842,3.7286823798052926,13.903072289470458,74.32419,0.636411950533144
A1_LCD_plus_NLS,5,3863,2843,3.134997015796314,9.828206289051792,57.56565,0.4571718565485818
A1_LCD_plus_NLS,5,3863,2844,4.055475691064095,16.446883080811794,112.88129,0.3225846046960892
A1_LCD_plus_NLS,5,3863,2845,3.310282085196372,10.957967483572045,32.573227,0.12936278220594513
A1_LCD_plus_NLS,5,3863,2846,3.3866787875856383,11.469593210282532,83.67754,0.22844132423184532
A1_LCD_plus_NLS,5,3863,2847,2.745311411121004,7.5367347440312,36.039425,0.3286253275168396
A1_LCD_plus_NLS,5,3863,2848,2.9529810425674063,8.720097037762486,70.31907,0.46571449653238384
A1_LCD_plus_NLS,5,3863,2849,3.947427045933148,15.5821802829645,115.523415,0.7345513300941534
A1_LCD_plus_NLS,5,3863,2850,3.4755533796424563,12.079471294744101,105.543686,0.3008657098254127
A1_LCD_plus_NLS,5,3863,2851,3.5586544453623143,12.664021461496962,98.66199,0.41772259212414664
A1_LCD_plus_NLS,5,3863,2852,3.0049629576849206,9.029802377058509,102.76788,0.4145538594689423
A1_LCD_plus_NLS,5,3863,2853,2.5780389733965223,6.646284948351394,7.0341825,0.22847973430195573
A1_LCD_plus_NLS,5,3863,2854,3.4839787520926575,12.13810794503311,73.32099,0.4294625811763915
A1_LCD_plus_NLS,5,3863,2855,3.757840113130685,14.12136231585404,141.69981,0.32573281398915155
A1_LCD_plus_NLS,5,3863,2856,2.8586379104852098,8.171810703263246,26.968912,0.5900837163382189
A1_LCD_plus_NLS,5,3863,2857,4.627809674723684,21.416622385466127,103.135956,0.3619812843724059
A1_LCD_plus_NLS,5,3863,2858,3.009951200384274,9.059806228694734,53.33715,0.46256238827639307
A1_LCD_plus_NLS,5,3863,2859,3.1892297191351964,10.171186201415162,55.00942,0.5549705712827828
A1_LCD_plus_NLS,5,3863,2860,2.6108258245830918,6.816411486309981,50.48715,0.4854249052227696
A1_LCD_plus_NLS,5,3863,2861,4.117971170516611,16.957686561205954,58.201843,0.17354217852966172
A1_LCD_plus_NLS,5,3863,2862,4.218901597047506,17.799130685570002,147.35603,0.7818935573993211
A1_LCD_plus_NLS,5,3863,2863,3.809957439695139,14.515775692288338,160.8162,0.7595148869876602
A1_LCD_plus_NLS,5,3863,2864,2.204343636626461,4.859130868335571,39.429256,0.015544083387077433
A1_LCD_plus_NLS,5,3863,2865,4.2134788375223495,17.753403914248686,140.1786,0.1882083034974062
A1_LCD_plus_NLS,5,3863,2866,4.725415910094624,22.329555523375397,92.834274,0.5825902978363326
A1_LCD_plus_NLS,5,3863,2867,3.341415409978659,11.165056942042849,89.21793,0.5537114729215501
A1_LCD_plus_NLS,5,3863,2868,3.5392781853143678,12.526490073042169,35.49525,0.30029366666472723
A1_LCD_plus_NLS,5,3863,2869,2.561735811332161,6.562490367061647,36.356995,0.07911965870846024
A1_LCD_plus_NLS,5,3863,2870,2.8223511879404732,7.9656662280690025,20.572077,0.18912770956439476
A1_LCD_plus_NLS,5,3863,2871,3.2622138542246897,10.642039230695504,44.746048,0.17512218442953498
A1_LCD_plus_NLS,5,3863,2872,3.3730473025985974,11.377448105567673,36.78298,0.3453260239587429
A1_LCD_plus_NLS,5,3863,2873,3.833145544900706,14.69300476839213,71.996025,0.4255988941504052
A1_LCD_plus_NLS,5,3863,2874,3.7935573854355904,14.391077636592913,78.955414,0.5172845125133136
A1_LCD_plus_NLS,5,3863,2875,3.092469717638928,9.563368954513795,74.1162,0.35574170281230205
A1_LCD_plus_NLS,5,3863,2876,2.0983106530220064,4.402907596585639,16.540281,0.10827445288511844
A1_LCD_plus_NLS,5,3863,2877,2.290999757572443,5.248679889196993,24.36117,0.218290597565023
A1_LCD_plus_NLS,5,3863,2878,3.238753818390517,10.489526296139157,32.775513,0.2612467192546966
A1_LCD_plus_NLS,5,3863,2879,2.923569372281682,8.547257874543508,58.757862,0.1358817542203484
A1_LCD_plus_NLS,5,3863,2880,3.106059445807727,9.647605280891407,26.310127,0.4711255275354407
A1_LCD_plus_NLS,5,3863,2881,2.7533459593972,7.580913972128887,17.847042,0.19563300425967134
A1_LCD_plus_NLS,5,3863,2882,3.740951335106667,13.994716891636353,97.598335,0.5188490639000535
A1_LCD_plus_NLS,5,3863,2883,3.5088924320217165,12.312326099499275,109.82132,0.5682525927691738
A1_LCD_plus_NLS,5,3863,2884,4.560071380132981,20.794250991907912,178.26538,0.6547210460110806
A1_LCD_plus_NLS,5,3863,2885,2.963761568704794,8.783882636131501,72.15274,0.44455216714799317
A1_LCD_plus_NLS,5,3863,2886,3.3303566910240963,11.091275689448969,33.02735,0.17274983453527226
A1_LCD_plus_NLS,5,3863,2887,3.0469923810433235,9.284162570136065,28.762108,0.41860439368564695
A1_LCD_plus_NLS,5,3863,2888,4.072044122596117,16.58154333636958,113.1747,0.5851651786525776
A1_LCD_plus_NLS,5,3863,2889,3.3773493619225743,11.406488712478817,67.63452,0.44828213294594754
A1_LCD_plus_NLS,5,3863,2890,2.921201490540933,8.53341814833857,18.70845,0.2812946550888085
A1_LCD_plus_NLS,5,3863,2891,3.045950998250669,9.277817483744247,32.84262,0.352344072377241
A1_LCD_plus_NLS,5,3863,2892,5.450411568122153,29.706986261919788,234.57184,0.7660498731545007
A1_LCD_plus_NLS,5,3863,2893,4.5282047475764875,20.504638235974245,173.52773,0.6569633185055914
A1_LCD_plus_NLS,5,3863,2894,3.3005248924424198,10.893464565632046,21.899,0.20621960638403108
A1_LCD_plus_NLS,5,3863,2895,3.458900275632515,11.963991116770691,37.461273,0.3734118407884698
A1_LCD_plus_NLS,5,3863,2896,3.7109379693174764,13.771060612122115,117.41508,0.28919857573894936
A1_LCD_plus_NLS,5,3863,2897,2.609813082133083,6.811124323672982,20.361382,0.1759481036947244
A1_LCD_plus_NLS,5,3863,2898,4.345294789517785,18.881586807810415,133.94215,0.664312943192732
A1_LCD_plus_NLS,5,3863,2899,2.949669032746718,8.700547402744963,35.927376,0.1380149234395986
A1_LCD_plus_NLS,5,3863,2900,3.7903228940639666,14.366547641265445,59.35857,0.6129101025968087
A1_LCD_plus_NLS,5,3863,2901,4.173463998481813,17.417801746623805,99.19278,0.4601775110460741
A1_LCD_plus_NLS,5,3863,2902,3.372229133028749,11.371929325647828,85.27169,0.5569552428994298
A1_LCD_plus_NLS,5,3863,2903,3.2157768387073014,10.341220676366325,26.517567,0.4030842024201492
A1_LCD_plus_NLS,5,3863,2904,3.353440851607989,11.245565545233315,48.884598,0.4346857003114071
A1_LCD_plus_NLS,5,3863,2905,2.2776501234876108,5.187690085023129,19.006271,0.27591953621745446
A1_LCD_plus_NLS,5,3863,2906,2.624295734700216,6.886928103165744,30.369995,0.36222878878004106
A1_LCD_plus_NLS,5,3863,2907,3.4189769479649583,11.689403370715782,42.94571,0.240312958818241
A1_LCD_plus_NLS,5,3863,2908,3.271056915586016,10.6998133450031,91.41243,0.1972418791002803
A1_LCD_plus_NLS,5,3863,2909,4.515660750868918,20.39119201693803,100.86401,0.4044130675184093
A1_LCD_plus_NLS,5,3863,2910,2.428835018215789,5.899239545711292,41.992428,0.1893280769240911
A1_LCD_plus_NLS,5,3863,2911,3.2746925513210776,10.723611305677752,19.813585,0.4598812916241073
A1_LCD_plus_NLS,5,3863,2912,3.5947512308991767,12.922236412051145,105.85086,0.497322494786162
A1_LCD_plus_NLS,5,3863,2913,4.6304317456619195,21.440898151233693,193.03506,0.6598496770210642
A1_LCD_plus_NLS,5,3863,2914,4.056586825465599,16.455896672541066,152.12611,0.6464265293424107
A1_LCD_plus_NLS,5,3863,2915,3.1646624094908837,10.015088166044642,32.807735,0.3059468549937807
A1_LCD_plus_NLS,5,3863,2916,3.5055891629180196,12.289155379168266,42.94069,0.37649607924801387
A1_LCD_plus_NLS,5,3863,2917,3.184880972350744,10.143466808041824,33.78055,0.6271431715317733
A1_LCD_plus_NLS,5,3863,2918,4.5141368281039,20.377431302843934,207.16609,0.7529744995300613
A1_LCD_plus_NLS,5,3863,2919,4.129899074374848,17.056066364522223,146.87646,0.5388182006168063
A1_LCD_plus_NLS,5,3863,2920,4.678174407452394,21.885315786542556,145.13092,0.626539587367733
A1_LCD_plus_NLS,5,3863,2921,3.166774377074237,10.028459955293922,40.532898,0.1985289183246287
A1_LCD_plus_NLS,5,3863,2922,2.885734916528,8.327466008468866,18.689827,0.08568853062111707
A1_LCD_plus_NLS,5,3863,2923,3.0854765955261385,9.520165821539571,60.12271,0.3736611117729256
A1_LCD_plus_NLS,5,3863,2924,3.42829939639324,11.75323675131025,109.23604,0.49216030545273975
A1_LCD_plus_NLS,5,3863,2925,4.624035243601848,21.381701934072,141.55325,0.5779294571735619
A1_LCD_plus_NLS,5,3863,2926,4.859119947186787,23.611046661148524,140.96324,0.5915462543859085
A1_LCD_plus_NLS,5,3863,2927,5.590254741069328,31.2509480700481,179.2055,0.8247153123238704
A1_LCD_plus_NLS,5,3863,2928,3.2387124443476996,10.489258297172652,80.378815,0.5252206580939582
A1_LCD_plus_NLS,5,3863,2929,3.6804990885439133,13.546073540772577,35.588436,0.39252688297650146
A1_LCD_plus_NLS,5,3863,2930,3.237196808299764,10.479443175666182,87.81708,0.3841600034489474
A1_LCD_plus_NLS,5,3863,2931,2.90694803340315,8.450346868906443,35.54452,0.3922329126595263
A1_LCD_plus_NLS,5,3863,2932,3.7117751383867987,13.777274677946338,34.089912,0.5293324855353311
A1_LCD_plus_NLS,5,3863,2933,2.3313979922056034,5.4354165980603195,13.033758,0.0906810487921266
A1_LCD_plus_NLS,5,3863,2934,2.8208807807305343,7.957368379094908,15.737953,0.4178200092558815
A1_LCD_plus_NLS,5,3863,2935,2.642921666336578,6.985034934391315,80.19566,0.23174021947413934
A1_LCD_plus_NLS,5,3863,2936,3.410565412654384,11.631956433994368,71.31155,0.3479004703096453
A1_LCD_plus_NLS,5,3863,2937,3.965714679172257,15.726892916602315,156.46506,0.4069292493770457
A1_LCD_plus_NLS,5,3863,2938,3.026739996100479,9.161155003994327,31.896461,0.3510484545683741
A1_LCD_plus_NLS,5,3863,2939,2.320209223685852,5.3833708416769035,9.472365,0.16012251139434078
A1_LCD_plus_NLS,5,3863,2940,3.243093832885485,10.517657608899869,27.326664,0.31024093582402934
A1_LCD_plus_NLS,5,3863,2941,3.55358004168743,12.627931112679239,13.391311,0.4101718657922927
A1_LCD_plus_NLS,5,3863,2942,3.300743141467926,10.894905285947553,23.247171,0.5886605737922463
A1_LCD_plus_NLS,5,3863,2943,4.356983671671377,18.983306715210997,191.95108,0.591538224754179
A1_LCD_plus_NLS,5,3863,2944,2.4615286255105513,6.059123174207863,42.86583,0.1496482205507077
A1_LCD_plus_NLS,5,3863,2945,2.9759141743914532,8.856065173343962,1.6167072,0.2266472509893409
A1_LCD_plus_NLS,5,3863,2946,2.8660057441425755,8.213988925458239,59.50245,0.2144175431703069
A1_LCD_plus_NLS,5,3863,2947,2.643089384409696,6.985921493979227,25.136698,0.16045973542595035
A1_LCD_plus_NLS,5,3863,2948,3.184240152780643,10.139385350580495,12.017161,0.2117949618359855
A1_LCD_plus_NLS,5,3863,2949,3.3132675177654756,10.9777416442798,75.33514,0.2959772693620981
A1_LCD_plus_NLS,5,3863,2950,2.931309990566635,8.592578260795767,33.413143,0.3842126949405291
A1_LCD_plus_NLS,5,3863,2951,2.527374447700421,6.387621598889007,36.049,0.07813147422340792
A1_LCD_plus_NLS,5,3863,2952,4.093119327648134,16.753625830366715,49.685318,0.2944212259747095
A1_LCD_plus_NLS,5,3863,2953,2.848236168049212,8.11244926898366,30.085367,0.18689572576125188
A1_LCD_plus_NLS,5,3863,2954,2.8489288609846364,8.116395654951216,3.2473638,0.3830462028663967
A1_LCD_plus_NLS,5,3863,2955,3.0323092650482084,9.194899478897206,59.878242,0.20360955090694982
A1_LCD_plus_NLS,5,3863,2956,2.4866217726237703,6.183287840086582,49.435722,0.29563032574781056
A1_LCD_plus_NLS,5,3863,2957,2.2811520137069268,5.2036545096391675,31.115095,0.17811429070265358
A1_LCD_plus_NLS,5,3863,2958,3.650940289949523,13.329365000776708,124.064804,0.7138812183754562
A1_LCD_plus_NLS,5,3863,2959,4.274551609519707,18.271791462447517,147.5863,0.5577878981212767
A1_LCD_plus_NLS,5,3863,2960,3.6903533534720943,13.618707873482734,149.7586,0.6132595225155756
A1_LCD_plus_NLS,5,3863,2961,4.582031626814003,20.995013829123778,171.34554,0.4390917243161687
A1_LCD_plus_NLS,5,3863,2962,5.0477730681338295,25.480012947377205,272.93173,0.8277532725056356
A1_LCD_plus_NLS,5,3863,2963,3.581149292827308,12.82463025751753,86.479485,0.7051185296003293
A1_LCD_plus_NLS,5,3863,2964,4.390773070708914,19.278888158462586,121.04791,0.5568467239507638
A1_LCD_plus_NLS,5,3863,2965,3.9212685780321945,15.37634726106263,134.02917,0.4977906992482932
A1_LCD_plus_NLS,5,3863,2966,2.903998188984751,8.433205481626715,3.0210156,0.3945968859267947
A1_LCD_plus_NLS,5,3863,2967,3.5888857275830146,12.880100765649061,133.7474,0.5686761852761341
A1_LCD_plus_NLS,5,3863,2968,3.8046922028388206,14.475682758342517,62.669228,0.4882243457444825
A1_LCD_plus_NLS,5,3863,2969,2.5186288639282215,6.343491354212365,12.5605,0.061359048590523574
A1_LCD_plus_NLS,5,3863,2970,3.8496035652861456,14.819447609863804,120.857124,0.34430433057020504
A1_LCD_plus_NLS,5,3863,2971,2.4740542273299293,6.120944319769094,19.718973,0.2087151778614419
A1_LCD_plus_NLS,5,3863,2972,2.486614089973302,6.183249632453753,7.965001,0.24752077250021987
A1_LCD_plus_NLS,5,3863,2973,2.907490447689868,8.45350070340783,32.02204,0.3030484203115648
A1_LCD_plus_NLS,5,3863,2974,3.3117386911661852,10.967613158567117,34.754463,0.6206205556242481
A1_LCD_plus_NLS,5,3863,2975,3.8150423619000873,14.554548223092196,146.91191,0.4331968532148956
A1_LCD_plus_NLS,5,3863,2976,5.1498638593645865,26.521097769989513,202.5997,0.8319268705969881
A1_LCD_plus_NLS,5,3863,2977,4.125585027635272,17.02045182024833,142.76003,0.6174148709999123
A1_LCD_plus_NLS,5,3863,2978,4.81512904802984,23.18546774918075,196.60838,0.4705772180247187
A1_LCD_plus_NLS,5,3863,2979,4.575141884461331,20.93192326295238,114.652916,0.6537230259387872
A1_LCD_plus_NLS,5,3863,2980,3.5492255584433794,12.59700206470772,49.96372,0.1716489693414197
A1_LCD_plus_NLS,5,3863,2981,2.821784520637463,7.962467880909198,22.381144,0.2723035732449622
A1_LCD_plus_NLS,5,3863,2982,2.7019207391646067,7.300375680727814,51.340153,0.28051745064721956
A1_LCD_plus_NLS,5,3863,2983,4.8018078953597145,23.05735906393889,103.71266,0.583123556124302
A1_LCD_plus_NLS,5,3863,2984,4.101336116512265,16.8209579406079,106.64111,0.4737135331588732
A1_LCD_plus_NLS,5,3863,2985,3.117899482478887,9.721297182842113,36.347878,0.18675335333637916
A1_LCD_plus_NLS,5,3863,2986,3.3951624095678827,11.52712778734279,61.53285,0.22862772933092385
A1_LCD_plus_NLS,5,3863,2987,3.0469811741226738,9.28409427545799,50.401512,0.5126271067419251
A1_LCD_plus_NLS,5,3863,2988,3.075629592987921,9.459497393263048,40.17783,0.16737724041854019
A1_LCD_plus_NLS,5,3863,2989,3.499272313021657,12.244906720679937,56.6819,0.3967729099549625
A1_LCD_plus_NLS,5,3863,2990,2.497212987481712,6.236072704847336,21.643272,0.12530394485222915
A1_LCD_plus_NLS,5,3863,2991,3.1266002309091654,9.775629003921246,46.15644,0.15422907393028232
A1_LCD_plus_NLS,5,3863,2992,2.923405936050889,8.546302266937573,54.679386,0.32102496415811155
A1_LCD_plus_NLS,5,3863,2993,3.569029318986076,12.73797027978221,70.54926,0.5342170549697515
A1_LCD_plus_NLS,5,3863,2994,3.4030859186896065,11.580993769983484,75.335175,0.49562370744167505
A1_LCD_plus_NLS,5,3863,2995,3.208327069829953,10.293362587003653,13.923105,0.37883038159483
A1_LCD_plus_NLS,5,3863,2996,3.248214212574804,10.550895570772957,94.37906,0.5135757296914396
A1_LCD_plus_NLS,5,3863,2997,4.195873761807583,17.605356625025323,96.2663,0.6628259333753129
A1_LCD_plus_NLS,5,3863,2998,5.034441590901869,25.345602132202544,195.59814,0.8485881042764298
A1_LCD_plus_NLS,5,3863,2999,3.2851206657712484,10.792017788677331,117.835754,0.31258111985977455
A1_LCD_plus_NLS,5,3863,3000,3.7395833464526875,13.984483605066286,32.798862,0.5716653279750196
A1_LCD_plus_NLS,5,3863,3001,3.5067744073529905,12.297466744065918,84.922134,0.5735716331876751
A1_LCD_plus_NLS,5,3863,3002,3.6352526337493662,13.2150617111817,100.55018,0.5874861176534864
A1_LCD_plus_NLS,5,3863,3003,4.162035425401266,17.322538882295092,155.42342,0.6026331084516768
A1_LCD_plus_NLS,5,3863,3004,3.6834982685104105,13.568159494119191,137.37979,0.5963003527709356
A1_LCD_plus_NLS,5,3863,3005,4.579778247170501,20.9743687932561,179.74492,0.6573867218641941
A1_LCD_plus_NLS,5,3863,3006,3.543388306254745,12.55560068890287,51.39687,0.48502626138537985
A1_LCD_plus_NLS,5,3863,3007,3.9493420203906124,15.597302394023004,63.301563,0.42133282796318117
A1_LCD_plus_NLS,5,3863,3008,3.8172822605718295,14.57164385687638,94.05814,0.6053481631744381
A1_LCD_plus_NLS,5,3863,3009,5.194294962894395,26.980700161550075,221.50864,0.7382777205903612
A1_LCD_plus_NLS,5,3863,3010,3.996692263266204,15.97354904725193,149.68088,0.7143366567929675
A1_LCD_plus_NLS,5,3863,3011,5.005618777952731,25.05621935019299,71.241905,0.618651341906464
A1_LCD_plus_NLS,5,3863,3012,3.1343252974763636,9.823995070400295,92.407036,0.33515385338303383
A1_LCD_plus_NLS,5,3863,3013,3.981965135356054,15.85604633919116,64.152794,0.562825023786843
A1_LCD_plus_NLS,5,3863,3014,2.8955976396482024,8.38448569073624,26.635826,0.237157415748724
A1_LCD_plus_NLS,5,3863,3015,3.665241415012925,13.43399463032595,59.951332,0.39452403803710456
A1_LCD_plus_NLS,5,3863,3016,3.5991688199813434,12.954016194725897,52.16692,0.5672114427625572
A1_LCD_plus_NLS,5,3863,3017,3.4879286277999726,12.1656461126266,87.38235,0.5209508661742696
A1_LCD_plus_NLS,5,3863,3018,3.9282140994806425,15.430866011358516,129.93884,0.6504754508772514
A1_LCD_plus_NLS,5,3863,3019,3.922087208696186,15.38276807261824,87.14537,0.43443258698706144
A1_LCD_plus_NLS,5,3863,3020,4.370670471930798,19.102760374207783,123.01094,0.6984059898014902
A1_LCD_plus_NLS,5,3863,3021,3.269290167404839,10.68825819868996,134.45636,0.46648338737041245
A1_LCD_plus_NLS,5,3863,3022,3.630546740774058,13.180869636945134,62.421974,0.19066893161155518
A1_LCD_plus_NLS,5,3863,3023,2.6282666211344443,6.907785431769469,3.1051679,0.3732018585201004
A1_LCD_plus_NLS,5,3863,3024,3.2453182026712817,10.532090236589555,80.554596,0.4706923483442159
A1_LCD_plus_NLS,5,3863,3025,3.9480713441465753,15.587267338471344,83.48328,0.574668515328579
A1_LCD_plus_NLS,5,3863,3026,3.9897070987458005,15.917762733782634,169.28516,0.6145817696630506
A1_LCD_plus_NLS,5,3863,3027,3.3770245176456513,11.404294592779845,92.69956,0.6172770945748104
A1_LCD_plus_NLS,5,3863,3028,2.6185568916229216,6.856840194665897,7.668731,0.17630525495322463
A1_LCD_plus_NLS,5,3863,3029,3.6992401408310585,13.684377619535788,51.207405,0.7397861257610423
A1_LCD_plus_NLS,5,3863,3030,2.647625518919709,7.009920888434858,68.24616,0.30453555074919686
A1_LCD_plus_NLS,5,3863,3031,2.335972879470708,5.4567692936226715,26.520527,0.05679749119545184
A1_LCD_plus_NLS,5,3863,3032,3.803113551651283,14.463672686753636,103.24106,0.37905392158761303
A1_LCD_plus_NLS,5,3863,3033,3.8314607595689982,14.680091552117045,44.767582,0.46287918540045236
A1_LCD_plus_NLS,5,3863,3034,4.6670104151364775,21.780986214992357,96.368286,0.7583173724059828
A1_LCD_plus_NLS,5,3863,3035,3.5454598871442813,12.570285811349137,40.41376,0.7333256352632413
A1_LCD_plus_NLS,5,3863,3036,2.967127661064199,8.803846557052305,63.842888,0.38496232751617543
A1_LCD_plus_NLS,5,3863,3037,3.1887419000527437,10.16807490515198,7.931844,0.19659380045362707
A1_LCD_plus_NLS,5,3863,3038,2.8154130170762253,7.92655045672225,15.385381,0.29652090125754377
A1_LCD_plus_NLS,5,3863,3039,3.1034753348034356,9.631559153733297,20.60844,0.3524119758377868
A1_LCD_plus_NLS,5,3863,3040,2.581510027098483,6.664194020010011,48.023853,0.0912138883938269
A1_LCD_plus_NLS,5,3863,3041,2.4884693038558106,6.192479476232623,28.732838,0.14283390414325794
A1_LCD_plus_NLS,5,3863,3042,2.954686767998963,8.730173896988155,22.35913,0.3961930202109546
A1_LCD_plus_NLS,5,3863,3043,2.5717133067934297,6.613709332338394,3.5020823,0.12187009123348344
A1_LCD_plus_NLS,5,3863,3044,3.446869315665837,11.880908079278678,99.60829,0.6064209675772178
A1_LCD_plus_NLS,5,3863,3045,3.546844253592431,12.580104159241655,81.322495,0.3128478466118807
A1_LCD_plus_NLS,5,3863,3046,2.782726370354737,7.74356605226765,48.99945,0.45603154862278816
A1_LCD_plus_NLS,5,3863,3047,3.0782694042708143,9.475742525269796,32.68426,0.5565105314919072
A1_LCD_plus_NLS,5,3863,3048,3.6534037318506467,13.347358827900235,83.58516,0.6733275542848507
A1_LCD_plus_NLS,5,3863,3049,3.6634512826082526,13.420875300044054,57.889442,0.33546147914456287
A1_LCD_plus_NLS,5,3863,3050,3.5158849704415216,12.361447125376575,112.857956,0.326204669056876
A1_LCD_plus_NLS,5,3863,3051,3.3446188489563755,11.18647524479427,30.06593,0.6365191749831491
A1_LCD_plus_NLS,5,3863,3052,4.286000807050849,18.369802918040534,221.73001,0.7993650246590998
A1_LCD_plus_NLS,5,3863,3053,3.123470971395668,9.756070909151397,55.136215,0.33333876891483766
A1_LCD_plus_NLS,5,3863,3054,3.974217596019553,15.794405500511441,109.55128,0.5881765889461821
A1_LCD_plus_NLS,5,3863,3055,3.2958747317350006,10.86279024728926,57.272575,0.2569257211082342
A1_LCD_plus_NLS,5,3863,3056,3.463002333984545,11.992385165182409,70.30762,0.4743091676429365
A1_LCD_plus_NLS,5,3863,3057,4.479981159564141,20.07023119004967,208.11943,0.8075360599513419
A1_LCD_plus_NLS,5,3863,3058,4.739839943253278,22.466082687659238,208.83731,0.8243047973766278
A1_LCD_plus_NLS,5,3863,3059,2.917980101285824,8.514607871500026,19.529835,0.1905465603161433
A1_LCD_plus_NLS,5,3863,3060,4.2640014997596065,18.181708789952182,198.29266,0.4771561963925165
A1_LCD_plus_NLS,5,3863,3061,2.8898164874583987,8.351039331186398,49.645058,0.14698164398174546
A1_LCD_plus_NLS,5,3863,3062,3.6885528579437823,13.605422185845244,122.92268,0.5537269631849944
A1_LCD_plus_NLS,5,3863,3063,4.182337808922981,17.491949547946678,116.99335,0.6069189353502269
A1_LCD_plus_NLS,5,3863,3064,2.8334981513991844,8.028711773982597,84.02756,0.5257095180146397
A1_LCD_plus_NLS,5,3863,3065,3.6734693706379797,13.494377217015396,95.672325,0.5300494827292421
A1_LCD_plus_NLS,5,3863,3066,3.121582056683127,9.74427453660606,29.991116,0.19356315568196003
A1_LCD_plus_NLS,5,3863,3067,2.560440954947778,6.555857883773888,64.12368,0.34435251426245755
A1_LCD_plus_NLS,5,3863,3068,3.836410572612973,14.718046081656597,104.58156,0.6179731295830104
A1_LCD_plus_NLS,5,3863,3069,3.532039480063442,12.47530288872683,81.72265,0.4225427616453983
A1_LCD_plus_NLS,5,3863,3070,2.470465620993342,6.10320038451002,17.421017,0.11540165615925597
A1_LCD_plus_NLS,5,3863,3071,2.53338750199263,6.418052235252458,81.84325,0.27341346404237166
A1_LCD_plus_NLS,5,3863,3072,4.68554293682555,21.9543126128358,125.33242,0.37647674037592915
A1_LCD_plus_NLS,5,3863,3073,2.242371379041877,5.028229401546169,27.093494,0.15106508173200037
A1_LCD_plus_NLS,5,3863,3074,3.804856390046915,14.476932148880843,105.221085,0.635728134377687
A1_LCD_plus_NLS,5,3863,3075,3.848823000912143,14.813438492350356,146.63257,0.6500383475316592
A1_LCD_plus_NLS,5,3863,3076,3.9562357643749717,15.651801423319613,84.41717,0.4474408424288696
A1_LCD_plus_NLS,5,3863,3077,4.120467206526851,16.9782500000632,124.42114,0.7716798920112958
A1_LCD_plus_NLS,5,3863,3078,3.9237115152067483,15.395512054566034,90.88158,0.5687002455544621
A1_LCD_plus_NLS,5,3863,3079,3.483127582799996,12.132177758062147,57.07136,0.44640576879827965
A1_LCD_plus_NLS,5,3863,3080,3.5561848331500063,12.64645056752614,119.02713,0.493707967359987
A1_LCD_plus_NLS,5,3863,3081,4.21696558970596,17.78279878476413,85.14106,0.462039311273138
A1_LCD_plus_NLS,5,3863,3082,3.76295987711019,14.159867036741138,110.01466,0.45424832995183473
A1_LCD_plus_NLS,5,3863,3083,2.980386810639194,8.882705541032065,58.11632,0.18398810429029908
A1_LCD_plus_NLS,5,3863,3084,3.156097161187218,9.960949290854018,83.91853,0.41210976882671346
A1_LCD_plus_NLS,5,3863,3085,2.510648160193249,6.303354184281747,34.57091,0.22328316642486898
A1_LCD_plus_NLS,5,3863,3086,3.844250346266072,14.778260724766815,63.33912,0.6002859373492031
A1_LCD_plus_NLS,5,3863,3087,3.724028861427898,13.868390960747968,88.68375,0.25225122442471104
A1_LCD_plus_NLS,5,3863,3088,2.284924451274472,5.220879748031948,44.84089,0.09799098804414344
A1_LCD_plus_NLS,5,3863,3089,3.471231356341942,12.04944712925152,13.161531,0.31856520182834225
A1_LCD_plus_NLS,5,3863,3090,3.591690066424167,12.900237533250037,91.26391,0.29549179421468086
A1_LCD_plus_NLS,5,3863,3091,2.861161153027661,8.186243143594572,55.499447,0.4242959631060901
A1_LCD_plus_NLS,5,3863,3092,2.0765629126441385,4.312113530169109,3.4254227,0.05940461902184886
A1_LCD_plus_NLS,5,3863,3093,2.958885975929798,8.755006218554035,43.361927,0.46734632254604125
A1_LCD_plus_NLS,5,3863,3094,2.6863882457255652,7.216681806772479,89.95601,0.44982107454902887
A1_LCD_plus_NLS,5,3863,3095,2.5845609640441225,6.679955376860684,20.644676,0.0774244950008822
A1_LCD_plus_NLS,5,3863,3096,3.55895844289936,12.666185198284637,88.02098,0.3810878570110774
A1_LCD_plus_NLS,5,3863,3097,3.9042987802257008,15.243548965271893,129.86353,0.3487784028610651
A1_LCD_plus_NLS,5,3863,3098,4.692744991305193,22.021855553419968,127.59616,0.6392696858721737
A1_LCD_plus_NLS,5,3863,3099,3.3796923824576726,11.422320600042418,30.700352,0.20513106842612142
A1_LCD_plus_NLS,5,3863,3100,2.4451081557640184,5.97855389338372,6.7776203,0.2500559998311932
A1_LCD_plus_NLS,5,3863,3101,4.30330997097693,18.518476706309464,146.57571,0.664927824082328
A1_LCD_plus_NLS,5,3863,3102,3.1615343986863,9.995299754076747,109.66767,0.501110319721554
A1_LCD_plus_NLS,5,3863,3103,3.4118168047394706,11.64049390910265,29.994,0.30169515053059154
A1_LCD_plus_NLS,5,3863,3104,3.1888653745361877,10.16886237691582,70.236015,0.2994931913501329
A1_LCD_plus_NLS,5,3863,3105,2.802997622729883,7.8567956730293735,8.425858,0.19805367398253826
A1_LCD_plus_NLS,5,3863,3106,3.536485723110402,12.506731269763707,41.376347,0.34485969757450985
A1_LCD_plus_NLS,5,3863,3107,3.136370356886279,9.836819015554966,37.4666,0.19037003307266187
A1_LCD_plus_NLS,5,3863,3108,2.7977914574944505,7.8276370396289225,16.287344,0.24523019647839556
A1_LCD_plus_NLS,5,3863,3109,2.303789905498429,5.307447928676461,3.1910615,0.14442960879005748
A1_LCD_plus_NLS,5,3863,3110,4.117767524173651,16.956009383139197,106.36505,0.4339566834374241
A1_LCD_plus_NLS,5,3863,3111,3.441836158866591,11.84623614448153,33.632656,0.2701743649839201
A1_LCD_plus_NLS,5,3863,3112,3.6723317985230874,13.486020838443814,94.435616,0.5873947519727866
A1_LCD_plus_NLS,5,3863,3113,5.83015180376428,33.99067005493588,283.12314,0.8626612127794031
A1_LCD_plus_NLS,5,3863,3114,3.6737840620850606,13.49668933483021,147.3736,0.3146069226773665
A1_LCD_plus_NLS,5,3863,3115,2.7627701779186946,7.632899055996895,84.70487,0.21794959129731012
A1_LCD_plus_NLS,5,3863,3116,3.7967713640373297,14.415472790773885,55.986687,0.3666225216005645
A1_LCD_plus_NLS,5,3863,3117,4.1201954598877615,16.97601062767972,48.674545,0.548600154221708
A1_LCD_plus_NLS,5,3863,3118,4.145785854737126,17.18754035333844,155.8683,0.5488535297014637
A1_LCD_plus_NLS,5,3863,3119,2.9064685896160336,8.447559662424617,86.272964,0.3791091873866579
A1_LCD_plus_NLS,5,3863,3120,3.6141499685999765,13.062079995531208,112.19841,0.48703115456925455
A1_LCD_plus_NLS,5,3863,3121,3.174441521038779,10.077078970494998,77.734406,0.4104762197819452
A1_LCD_plus_NLS,5,3863,3122,4.036580867929065,16.293985103330968,167.01395,0.3653736470277405
A1_LCD_plus_NLS,5,3863,3123,3.2835790639403077,10.781891469147102,90.17542,0.41542612925410977
A1_LCD_plus_NLS,5,3863,3124,3.9817417177159946,15.854267106599915,150.34164,0.507819300924591
A1_LCD_plus_NLS,5,3863,3125,3.7853764145243436,14.329074599637178,91.74237,0.6496025627211243
A1_LCD_plus_NLS,5,3863,3126,4.945836272472837,24.461296434108004,164.98117,0.5119835216421964
A1_LCD_plus_NLS,5,3863,3127,3.797651635272431,14.42215794288737,110.179924,0.4153524880676168
A1_LCD_plus_NLS,5,3863,3128,5.1391096226362585,26.410447713472585,178.27411,0.8272694100775427
A1_LCD_plus_NLS,5,3863,3129,3.943319351194535,15.549767505505288,106.596664,0.6533858780769668
A1_LCD_plus_NLS,5,3863,3130,3.41571612093191,11.667116618794136,96.04155,0.6049291300815456
A1_LCD_plus_NLS,5,3863,3131,3.928858499195137,15.435929106697865,206.29825,0.6204967951655823
A1_LCD_plus_NLS,5,3863,3132,2.8797430391618266,8.292919971600996,43.122307,0.1634638360186802
A1_LCD_plus_NLS,5,3863,3133,3.2931051532021223,10.844541550046374,39.802048,0.26377695689589775
A1_LCD_plus_NLS,5,3863,3134,2.8556867180230725,8.154946631493388,9.795468,0.1449044039983834
A1_LCD_plus_NLS,5,3863,3135,2.6898588804852315,7.2353407969252626,71.26145,0.2802768519148847
A1_LCD_plus_NLS,5,3863,3136,2.702772391553452,7.304978600543566,56.531914,0.26744274336764584
A1_LCD_plus_NLS,5,3863,3137,3.5720300285929114,12.75939852516947,50.535942,0.33725646561707634
A1_LCD_plus_NLS,5,3863,3138,3.057448385771497,9.347990631656732,23.15586,0.615938713249224
A1_LCD_plus_NLS,5,3863,3139,3.036486267175889,9.220248850747767,27.622355,0.16747842080434985
A1_LCD_plus_NLS,5,3863,3140,2.796324092477503,7.819428430170127,90.76071,0.39425917923215203
A1_LCD_plus_NLS,5,3863,3141,3.200597046965682,10.243821457045444,42.8769,0.5628767888533031
A1_LCD_plus_NLS,5,3863,3142,4.023078638492526,16.18516173149488,119.81233,0.23356527721035028
A1_LCD_plus_NLS,5,3863,3143,2.8573080187836277,8.16420911420522,54.625027,0.2908078539657735
A1_LCD_plus_NLS,5,3863,3144,3.800138153168878,14.441049983169771,76.309525,0.4603386496098022
A1_LCD_plus_NLS,5,3863,3145,2.921399515809672,8.534575130972986,23.875853,0.46867364258003863
A1_LCD_plus_NLS,5,3863,3146,2.7470903230900126,7.54650524321479,22.655075,0.22099198064696007
A1_LCD_plus_NLS,5,3863,3147,4.248324522959261,18.04826125237704,104.0372,0.5383019472814418
A1_LCD_plus_NLS,5,3863,3148,3.0314114723070666,9.189455514434899,101.39167,0.3940159368801458
A1_LCD_plus_NLS,5,3863,3149,4.179971996795395,17.472165893993672,199.2272,0.64543621942339
A1_LCD_plus_NLS,5,3863,3150,3.1360859040939144,9.835034797856546,29.247812,0.5526517856006162
A1_LCD_plus_NLS,5,3863,3151,2.945296715421833,8.674772741874637,73.50998,0.3598944147374511
A1_LCD_plus_NLS,5,3863,3152,2.093402117774714,4.38233242670366,15.018293,0.1017845941639447
A1_LCD_plus_NLS,5,3863,3153,3.6228722435361,13.125203292984292,36.655956,0.6478936176293474
A1_LCD_plus_NLS,5,3863,3154,3.249802187146345,10.56121425558117,58.42229,0.3730260914776698
A1_LCD_plus_NLS,5,3863,3155,3.6182164851517795,13.091490533424102,53.510647,0.4528787627254589
A1_LCD_plus_NLS,5,3863,3156,2.811482043901599,7.904431283181114,24.861238,0.3965400112136257
A1_LCD_plus_NLS,5,3863,3157,3.121466817375976,9.743555091979303,50.162342,0.33671726870277224
A1_LCD_plus_NLS,5,3863,3158,4.19194405434822,17.572394954785388,191.56004,0.7114691922763837
A1_LCD_plus_NLS,5,3863,3159,4.216268070390578,17.776916441395088,57.7238,0.4642323231913688
A1_LCD_plus_NLS,5,3863,3160,3.7299105200232034,13.912232487379761,140.58089,0.4815819369416876
A1_LCD_plus_NLS,5,3863,3161,4.173630704720124,17.419193259382602,211.59015,0.7484172227573718
A1_LCD_plus_NLS,5,3863,3162,3.979983169893402,15.84026603263473,172.01724,0.8147029932189346
A1_LCD_plus_NLS,5,3863,3163,3.264860165739721,10.659311901833998,86.33814,0.5200432793465295
A1_LCD_plus_NLS,5,3863,3164,3.0682055104071653,9.413885054092894,31.620567,0.25230650235157315
A1_LCD_plus_NLS,5,3863,3165,2.3242529574657853,5.402151810288449,9.128054,0.2323274920011494
A1_LCD_plus_NLS,5,3863,3166,2.9214700059615972,8.534986995733256,44.44801,0.06892183833938977
A1_LCD_plus_NLS,5,3863,3167,4.501058973704985,20.25953188477017,152.13489,0.6443514157240955
A1_LCD_plus_NLS,5,3863,3168,2.7095054406541226,7.341419732934293,8.018899,0.3663247474321314
A1_LCD_plus_NLS,5,3863,3169,2.753486110103493,7.581685758532867,17.221909,0.2821429081269906
A1_LCD_plus_NLS,5,3863,3170,3.2026590348822963,10.2570248937132,22.08013,0.3245027204347989
A1_LCD_plus_NLS,5,3863,3171,3.1377721498891384,9.845614064619904,66.30381,0.1876362224444013
A1_LCD_plus_NLS,5,3863,3172,3.5947964363981026,12.922561419140496,53.252583,0.2442156491734877
A1_LCD_plus_NLS,5,3863,3173,3.0392257969070124,9.236893444585064,45.12965,0.17869482699597544
A1_LCD_plus_NLS,5,3863,3174,2.6616834772489075,7.084558933059837,65.75637,0.41167047653189526
A1_LCD_plus_NLS,5,3863,3175,2.916618243724822,8.506661979628465,60.05665,0.21863506364814145
A1_LCD_plus_NLS,5,3863,3176,3.3479198888032733,11.208567581844523,75.07602,0.17992867336015542
A1_LCD_plus_NLS,5,3863,3177,2.9268751300039106,8.566598026635411,53.898853,0.23487682458401432
A1_LCD_plus_NLS,5,3863,3178,4.442700924905468,19.7375915081559,134.24173,0.6961312634809598
A1_LCD_plus_NLS,5,3863,3179,4.651012212849822,21.6319146040782,199.98447,0.7026093764817128
A1_LCD_plus_NLS,5,3863,3180,2.728935360185895,7.447088200072922,28.537888,0.11566825519260661
A1_LCD_plus_NLS,5,3863,3181,3.3767968472548753,11.402756947630465,31.412075,0.5797767586020642
A1_LCD_plus_NLS,5,3863,3182,2.8142133207542863,7.919796614710869,39.385822,0.21085589391399967
A1_LCD_plus_NLS,5,3863,3183,3.473184362275007,12.063009614351648,87.183876,0.7018352363527638
A1_LCD_plus_NLS,5,3863,3184,2.4963000707741694,6.231514043347124,64.88077,0.20512313340341898
A1_LCD_plus_NLS,5,3863,3185,4.527807296879744,20.50103891767745,134.1929,0.7285785300227081
A1_LCD_plus_NLS,5,3863,3186,4.548288680904577,20.686929924844698,140.08125,0.7070752474079538
A1_LCD_plus_NLS,5,3863,3187,4.109689618038851,16.889548756616318,132.92223,0.4124556446860469
A1_LCD_plus_NLS,5,3863,3188,3.4786017310495216,12.100670003260733,66.902596,0.4293553051800304
A1_LCD_plus_NLS,5,3863,3189,3.786705499900132,14.339138542973908,158.77496,0.3613667542524671
A1_LCD_plus_NLS,5,3863,3190,3.2110928243498846,10.311117126591318,44.060444,0.1474505592422802
A1_LCD_plus_NLS,5,3863,3191,2.3412458296306773,5.481432034763039,36.21991,0.32111172043636826
A1_LCD_plus_NLS,5,3863,3192,3.016319402114912,9.09818273557486,56.959274,0.32611459482234145
A1_LCD_plus_NLS,5,3863,3193,2.3636474724492063,5.586829374015523,22.879354,0.20041365314129436
A1_LCD_plus_NLS,5,3863,3194,3.4145164904148477,11.658922863314924,46.163105,0.21866649396458454
A1_LCD_plus_NLS,5,3863,3195,3.427771421989224,11.749616921406025,53.2294,0.19487163129454577
A1_LCD_plus_NLS,5,3863,3196,4.033959628975328,16.272830288202766,166.32964,0.5813399177534991
A1_LCD_plus_NLS,5,3863,3197,3.609663751190701,13.029672396660123,83.52396,0.34070687921766807
A1_LCD_plus_NLS,5,3863,3198,4.122370329370058,16.99393713247061,177.44684,0.5513706728398696
A1_LCD_plus_NLS,5,3863,3199,5.023855131484736,25.23912038214552,238.76204,0.7851113142436817
A1_LCD_plus_NLS,5,3863,3200,3.566499113430477,12.719915926100379,49.762253,0.39980916083697204
A1_LCD_plus_NLS,5,3863,3201,3.3233218683158245,11.044468240426182,90.64613,0.5582427945872812
A1_LCD_plus_NLS,5,3863,3202,3.5599001641488788,12.672889178707214,93.26334,0.6014676858410437
A1_LCD_plus_NLS,5,3863,3203,3.9927574759236824,15.942112261544457,148.4732,0.6068505348869198
A1_LCD_plus_NLS,5,3863,3204,3.7548173844713846,14.098653590728526,64.63824,0.449331504171674
A1_LCD_plus_NLS,5,3863,3205,2.8615300382666837,8.188354159902529,53.783752,0.24340102615932185
A1_LCD_plus_NLS,5,3863,3206,3.466394496974272,12.015890808653513,108.783615,0.5783725600109011
A1_LCD_plus_NLS,5,3863,3207,3.1979271626658967,10.226738137716351,44.767902,0.2747313147496663
A1_LCD_plus_NLS,5,3863,3208,3.4883108756858454,12.168312765428148,90.06638,0.4469141686387748
A1_LCD_plus_NLS,5,3863,3209,2.8767831704218163,8.275881409622201,71.48976,0.35714781387881045
A1_LCD_plus_NLS,5,3863,3210,4.120402362611328,16.97771562981301,193.44716,0.6174801071810592
A1_LCD_plus_NLS,5,3863,3211,3.8247404585910942,14.628639575583618,116.79466,0.7733902840953797
A1_LCD_plus_NLS,5,3863,3212,3.342324453612503,11.171132753216119,40.759,0.6652747855698414
A1_LCD_plus_NLS,5,3863,3213,2.324370442995799,5.402697956272489,9.7756405,0.10266668590567216
A1_LCD_plus_NLS,5,3863,3214,2.6483468149739133,7.013740852382472,24.197605,0.3291582293347831
A1_LCD_plus_NLS,5,3863,3215,3.65083489322018,13.328595417554004,24.239092,0.5794409199369441
A1_LCD_plus_NLS,5,3863,3216,3.9251754601810567,15.407002393207572,167.2895,0.5689591605719837
A1_LCD_plus_NLS,5,3863,3217,3.1719283999531585,10.061129774429405,28.74322,0.6201120476194462
A1_LCD_plus_NLS,5,3863,3218,3.294515615393512,10.85383314007169,78.50408,0.3321967613153418
A1_LCD_plus_NLS,5,3863,3219,3.124537019876936,9.762731588581444,29.888515,0.1679694891026096
A1_LCD_plus_NLS,5,3863,3220,3.844393924600941,14.779364647508622,117.69769,0.4522918889949117
A1_LCD_plus_NLS,5,3863,3221,2.5984326654998684,6.751852317136752,5.8490944,0.25714942326719004
A1_LCD_plus_NLS,5,3863,3222,4.196513536620017,17.610725863035043,163.2859,0.7988009200999135
A1_LCD_plus_NLS,5,3863,3223,3.625194930202097,13.142038281962993,84.21123,0.6595815285947548
A1_LCD_plus_NLS,5,3863,3224,3.096780826925872,9.59005149001569,72.94549,0.19603519688161286
A1_LCD_plus_NLS,5,3863,3225,2.6784287684456745,7.173980667637413,20.916647,0.2428956887460067
A1_LCD_plus_NLS,5,3863,3226,3.65341555738655,13.347445234954076,67.57369,0.65373842276751
A1_LCD_plus_NLS,5,3863,3227,3.014141356671778,9.085048117999186,37.010323,0.13470598149917604
A1_LCD_plus_NLS,5,3863,3228,3.268363430646584,10.682199514787907,65.13581,0.47888579548190563
A1_LCD_plus_NLS,5,3863,3229,3.099738878433499,9.60838111447217,33.850964,0.1217254681471309
A1_LCD_plus_NLS,5,3863,3230,3.358307297684181,11.278227905678827,66.15972,0.405330258580943
A1_LCD_plus_NLS,5,3863,3231,4.330781552362414,18.755668854282597,89.6594,0.6926048699501067
A1_LCD_plus_NLS,5,3863,3232,4.584072834658435,21.01372375345342,234.7666,0.7619384589359159
A1_LCD_plus_NLS,5,3863,3233,4.037100722054516,16.298182240013094,92.610825,0.524938606769515
A1_LCD_plus_NLS,5,3863,3234,3.0219192748489023,9.131996103703315,20.729364,0.2225111403168354
A1_LCD_plus_NLS,5,3863,3235,3.3380436426636684,11.142535360327331,23.483294,0.5828716273500401
A1_LCD_plus_NLS,5,3863,3236,4.301098935711187,18.499452054775915,151.19008,0.610443994399915
A1_LCD_plus_NLS,5,3863,3237,3.272237545202671,10.707538552234004,32.25947,0.19862959629500387
A1_LCD_plus_NLS,5,3863,3238,4.010964356763009,16.087835071223303,18.92286,0.3181060122797119
A1_LCD_plus_NLS,5,3863,3239,4.028142366401472,16.225930923998447,76.84386,0.3727478649327935
A1_LCD_plus_NLS,5,3863,3240,2.7848257087487602,7.755254228108034,37.088203,0.39988495224429993
A1_LCD_plus_NLS,5,3863,3241,2.885405538740467,8.325565122994163,23.817661,0.490959129584536
A1_LCD_plus_NLS,5,3863,3242,4.276822325826738,18.291209206690034,100.24719,0.3490218532389785
A1_LCD_plus_NLS,5,3863,3243,4.231191940929825,17.902985240989494,197.24553,0.6245424314179269
A1_LCD_plus_NLS,5,3863,3244,3.856551712684994,14.87299111261356,107.87128,0.5377755573305101
A1_LCD_plus_NLS,5,3863,3245,4.683609135098648,21.93619453037951,150.506,0.5537693805330866
A1_LCD_plus_NLS,5,3863,3246,4.765755656066139,22.71242697332639,259.0509,0.7610283957415145
A1_LCD_plus_NLS,5,3863,3247,3.446870074573294,11.880913310988907,110.204254,0.43463557202842007
A1_LCD_plus_NLS,5,3863,3248,3.6961432878197087,13.661475204094684,170.8381,0.5570848017986071
A1_LCD_plus_NLS,5,3863,3249,3.7280005512838335,13.897988110372568,127.87535,0.6150638114083006
A1_LCD_plus_NLS,5,3863,3250,2.657921409968568,7.064546221569298,13.406937,0.417400874670294
A1_LCD_plus_NLS,5,3863,3251,4.010215874974437,16.081831363896985,102.79837,0.6993721996291258
A1_LCD_plus_NLS,5,3863,3252,3.4267007228946866,11.742277844286969,57.308537,0.4134246216961791
A1_LCD_plus_NLS,5,3863,3253,3.5402128711558696,12.533107173097687,24.634148,0.466188585519032
A1_LCD_plus_NLS,5,3863,3254,3.227435977875995,10.416342991288381,106.12212,0.357779205256467
A1_LCD_plus_NLS,5,3863,3255,3.0894365177856233,9.544617997427356,38.20847,0.40523906080316874
A1_LCD_plus_NLS,5,3863,3256,2.869166532172807,8.232116589340531,55.34759,0.3710926557999966
A1_LCD_plus_NLS,5,3863,3257,3.9876922600837323,15.901689561131708,113.93657,0.5453331754358244
A1_LCD_plus_NLS,5,3863,3258,4.101567188757878,16.822853403895202,171.49774,0.6363077446193777
A1_LCD_plus_NLS,5,3863,3259,2.797112103201641,7.823836117877105,58.32118,0.5309972689278465
A1_LCD_plus_NLS,5,3863,3260,2.86739491333467,8.221953589017541,57.47865,0.24232305546742433
A1_LCD_plus_NLS,5,3863,3261,2.689054431755579,7.231013736944321,20.161875,0.29883285976465446
A1_LCD_plus_NLS,5,3863,3262,4.107637397585906,16.87268499004631,50.24511,0.22665697630547493
A1_LCD_plus_NLS,5,3863,3263,3.171576449996338,10.058897178171373,82.71585,0.3833523132192358
A1_LCD_plus_NLS,5,3863,3264,2.232041681378328,4.982010067410195,39.199776,0.11097709177271467
A1_LCD_plus_NLS,5,3863,3265,3.2688024196519025,10.68506925872213,40.554527,0.2799302384076966
A1_LCD_plus_NLS,5,3863,3266,4.020255596809516,16.162455063678244,61.815685,0.6289122748927887
A1_LCD_plus_NLS,5,3863,3267,3.7676227031245753,14.194980833099736,39.247948,0.3042026320906019
A1_LCD_plus_NLS,5,3863,3268,3.6691425559364084,13.462607095783564,22.278425,0.5737028014689136
A1_LCD_plus_NLS,5,3863,3269,3.503542429131807,12.274809552726797,134.66924,0.5245243257827812
A1_LCD_plus_NLS,5,3863,3270,4.055037322615316,16.443327687803187,82.64812,0.18058322240201352
A1_LCD_plus_NLS,5,3863,3271,3.344171953570492,11.183486055047483,67.39514,0.25060108522429686
A1_LCD_plus_NLS,5,3863,3272,2.5062322096276333,6.281199888575008,23.792591,0.18441047818587702
A1_LCD_plus_NLS,5,3863,3273,3.721829308554026,13.852013402011735,80.2305,0.48531274547823816
A1_LCD_plus_NLS,5,3863,3274,4.287361302683714,18.381466939749796,220.42282,0.7258630670895645
A1_LCD_plus_NLS,5,3863,3275,4.681930600306486,21.92047414608625,157.26062,0.6665781269012355
A1_LCD_plus_NLS,5,3863,3276,3.4685222381818313,12.030646516761907,77.11496,0.5950826997806293
A1_LCD_plus_NLS,5,3863,3277,4.69267977123035,22.021243435314535,267.00015,0.6094695412599863
A1_LCD_plus_NLS,5,3863,3278,3.91100241310297,15.29593987529726,69.33765,0.6516258956872708
A1_LCD_plus_NLS,5,3863,3279,2.6819563140882305,7.192889670677727,29.758942,0.17955652936137237
A1_LCD_plus_NLS,5,3863,3280,2.9430661902003035,8.66163859990013,64.03045,0.3756116820889007
A1_LCD_plus_NLS,5,3863,3281,2.6714182999249707,7.136475733174023,24.97171,0.15744990652150082
A1_LCD_plus_NLS,5,3863,3282,4.2913973816936295,18.416091487606938,57.685394,0.6009987086730235
A1_LCD_plus_NLS,5,3863,3283,3.910238975757752,15.289968847535032,46.701733,0.5973706353322787
A1_LCD_plus_NLS,5,3863,3284,3.487857200436758,12.165147850638537,112.31331,0.6425264731877357
A1_LCD_plus_NLS,5,3863,3285,3.217946049856355,10.35517677978612,99.64175,0.20686377685451682
A1_LCD_plus_NLS,5,3863,3286,4.587934172357909,21.04913996988945,197.6055,0.6317919373751553
A1_LCD_plus_NLS,5,3863,3287,3.4688739988382453,12.033086819816042,89.47503,0.40093254613769236
A1_LCD_plus_NLS,5,3863,3288,3.4851275569937115,12.146114088516956,128.99678,0.5278511330456476
A1_LCD_plus_NLS,5,3863,3289,2.704629040154266,7.3150182448457866,26.327919,0.2659261417844405
A1_LCD_plus_NLS,5,3863,3290,2.872869615086649,8.25337982528811,68.48035,0.17236938198257334
A1_LCD_plus_NLS,5,3863,3291,3.3529694428177264,11.242404084469417,23.13319,0.4671677012302899
A1_LCD_plus_NLS,5,3863,3292,3.597355686441542,12.9409679347733,63.003044,0.5639956991822263
A1_LCD_plus_NLS,5,3863,3293,3.1876795689209083,10.161301034115791,57.030678,0.4977941298556577
A1_LCD_plus_NLS,5,3863,3294,2.603576714504954,6.778611708312411,34.100037,0.35103974675344574
A1_LCD_plus_NLS,5,3863,3295,3.613418168597718,13.056790861152084,115.70045,0.7368144353245274
A1_LCD_plus_NLS,5,3863,3296,4.711232165305638,22.195708515410455,250.94595,0.6469834657638289
A1_LCD_plus_NLS,5,3863,3297,4.735640952891743,22.426295234705417,216.89102,0.6411339418813884
A1_LCD_plus_NLS,5,3863,3298,3.3836274212820574,11.448934526051866,74.99901,0.49642880399759026
A1_LCD_plus_NLS,5,3863,3299,4.801674049782261,23.056073680352384,146.39305,0.7611842357179337
A1_LCD_plus_NLS,5,3863,3300,4.040307531434312,16.324084948564824,59.87707,0.4017502691324507
A1_LCD_plus_NLS,5,3863,3301,2.455625003018609,6.0300941554501435,33.347763,0.0960044698085597
A1_LCD_plus_NLS,5,3863,3302,3.3475707969713726,11.20623024073555,103.168076,0.43038534760764435
A1_LCD_plus_NLS,5,3863,3303,4.746335457751131,22.527700277505648,189.2739,0.7891163388259229
A1_LCD_plus_NLS,5,3863,3304,4.107911523202867,16.874937082462903,152.43272,0.737975346711337
A1_LCD_plus_NLS,5,3863,3305,4.383383960337357,19.214054943742816,169.42926,0.25064512647299175
A1_LCD_plus_NLS,5,3863,3306,2.734268765585272,7.476225682455208,59.430004,0.42319010098516435
A1_LCD_plus_NLS,5,3863,3307,2.4831415930192584,6.165992170982218,8.188362,0.10713151852380005
A1_LCD_plus_NLS,5,3863,3308,4.649727280088992,21.61996377920378,206.59837,0.7264640588592365
A1_LCD_plus_NLS,5,3863,3309,3.613999085666897,13.060989391201167,93.24458,0.611712742875302
A1_LCD_plus_NLS,5,3863,3310,3.642887373268656,13.270628414320203,76.631615,0.4021467120179876
A1_LCD_plus_NLS,5,3863,3311,4.564269344822029,20.832554652082116,181.32298,0.5800989035469152
A1_LCD_plus_NLS,5,3863,3312,4.00697433883506,16.055843352082668,62.069866,0.38767145686103643
A1_LCD_plus_NLS,5,3863,3313,3.538851656179489,12.523471044444314,124.276215,0.5207936383337151
A1_LCD_plus_NLS,5,3863,3314,3.198312832134269,10.22920497219473,71.756065,0.6375343373807141
A1_LCD_plus_NLS,5,3863,3315,2.868406718412825,8.22775710223583,29.54626,0.466728770572571
A1_LCD_plus_NLS,5,3863,3316,3.6319419485833913,13.19100231787972,97.99642,0.4735054983047142
A1_LCD_plus_NLS,5,3863,3317,4.721675724860461,22.294221650736564,245.06396,0.7334438648253616
A1_LCD_plus_NLS,5,3863,3318,3.408889844320075,11.620529970708542,77.68529,0.46309435201295307
A1_LCD_plus_NLS,5,3863,3319,3.2289567408037954,10.426161633982268,71.08889,0.3453066999136504
A1_LCD_plus_NLS,5,3863,3320,2.926353150266709,8.56354276007589,37.123856,0.3924441532294438
A1_LCD_plus_NLS,5,3863,3321,2.6224114345952585,6.877041732295963,28.229322,0.07928947834321726
A1_LCD_plus_NLS,5,3863,3322,3.895751365091913,15.176878698615504,129.95186,0.41882011871508457
A1_LCD_plus_NLS,5,3863,3323,3.1506014107620155,9.926289249495603,106.09488,0.5675737633678438
A1_LCD_plus_NLS,5,3863,3324,2.874823147553818,8.264608129711245,36.3052,0.4945436383970201
A1_LCD_plus_NLS,5,3863,3325,2.845034073800178,8.094218881084037,8.591642,0.40940656550779
A1_LCD_plus_NLS,5,3863,3326,2.6263138609230974,6.897524496076784,6.3438444,0.17661084202282848
A1_LCD_plus_NLS,5,3863,3327,3.817308031157523,14.571840604739728,51.858444,0.7502003246232198
A1_LCD_plus_NLS,5,3863,3328,2.5897868321073796,6.706995835756776,22.367851,0.1589284380748668
A1_LCD_plus_NLS,5,3863,3329,3.569809842793209,12.743542313703273,80.55444,0.40418536157354895
A1_LCD_plus_NLS,5,3863,3330,3.206290837164329,10.280300932483934,51.712036,0.5301850185513564
A1_LCD_plus_NLS,5,3863,3331,2.5802830297073367,6.657860513395674,44.37185,0.13224612645818076
A1_LCD_plus_NLS,5,3863,3332,2.938653070564332,8.635681869137178,45.689976,0.3988049141190282
A1_LCD_plus_NLS,5,3863,3333,3.8775897884358574,15.035702567382037,75.48302,0.45597502106941046
A1_LCD_plus_NLS,5,3863,3334,3.31525148820459,10.99089243004275,110.299446,0.4479398379300139
A1_LCD_plus_NLS,5,3863,3335,3.3470799027542455,11.202943875421369,88.31646,0.3621301349123153
A1_LCD_plus_NLS,5,3863,3336,3.779539516666092,14.28491895804056,106.19357,0.5963603270938331
A1_LCD_plus_NLS,5,3863,3337,4.159571677799886,17.302036542754962,104.938934,0.6673379617262211
A1_LCD_plus_NLS,5,3863,3338,3.02536961753112,9.152861322680394,88.63262,0.1765569338850998
A1_LCD_plus_NLS,5,3863,3339,3.0637713016629564,9.386694588893526,107.53162,0.4377924023335963
A1_LCD_plus_NLS,5,3863,3340,2.939425531560208,8.64022245558801,79.44801,0.35596533449522044
A1_LCD_plus_NLS,5,3863,3341,2.6730607135359703,7.145253578249427,18.976486,0.18737994805372127
A1_LCD_plus_NLS,5,3863,3342,4.413345551136806,19.477618953739032,155.35524,0.5656774590743585
A1_LCD_plus_NLS,5,3863,3343,3.98905781266198,15.91258223275958,104.94603,0.4777469568212552
A1_LCD_plus_NLS,5,3863,3344,3.4867760263011514,12.157607057588452,84.41475,0.43459133239285086
A1_LCD_plus_NLS,5,3863,3345,2.949448544277771,8.699246715342264,21.29682,0.38948105136754646
A1_LCD_plus_NLS,5,3863,3346,3.3177821447916163,11.007678360298058,102.04623,0.4106785490447005
A1_LCD_plus_NLS,5,3863,3347,3.389865724466967,11.491189629915956,68.42973,0.6634345432789694
A1_LCD_plus_NLS,5,3863,3348,4.21923416420078,17.80193693235906,202.46582,0.7789038550584056
A1_LCD_plus_NLS,5,3863,3349,3.9174595546759203,15.346489362521659,59.911896,0.47419806063189585
A1_LCD_plus_NLS,5,3863,3350,3.9489793664495876,15.594438036644586,151.99487,0.738623328071957
A1_LCD_plus_NLS,5,3863,3351,2.9187089440168963,8.518861899884229,19.005741,0.18637267315266964
A1_LCD_plus_NLS,5,3863,3352,3.0961096138936814,9.58589474124488,56.57614,0.33857126012669864
A1_LCD_plus_NLS,5,3863,3353,2.5665880635697707,6.587374288058824,54.5261,0.08712800055847747
A1_LCD_plus_NLS,5,3863,3354,3.389213523310171,11.486768306588537,47.406548,0.4476895789818225
A1_LCD_plus_NLS,5,3863,3355,3.1893437877732405,10.17191379660776,41.081387,0.19827221537765916
A1_LCD_plus_NLS,5,3863,3356,2.7315987211511183,7.461631573394424,23.947308,0.07166527062377745
A1_LCD_plus_NLS,5,3863,3357,3.6742890255714165,13.500399843434549,67.08147,0.5783337234244302
A1_LCD_plus_NLS,5,3863,3358,2.374642049770462,5.638924864538061,23.467993,0.06752599261346771
A1_LCD_plus_NLS,5,3863,3359,3.0349078058480448,9.210665389997395,61.641033,0.20576261568385446
A1_LCD_plus_NLS,5,3863,3360,4.534043884274085,20.55755394452323,190.50034,0.6835032540353473
A1_LCD_plus_NLS,5,3863,3361,2.693471355176775,7.254787941157813,59.111717,0.08720050764284999
A1_LCD_plus_NLS,5,3863,3362,2.7035656457212305,7.309267200724055,11.824864,0.164814635290606
A1_LCD_plus_NLS,5,3863,3363,3.421048232199795,11.703571007037336,41.6159,0.38907284651213314
A1_LCD_plus_NLS,5,3863,3364,2.843255167298073,8.084099946367191,22.159836,0.2661541515766729
A1_LCD_plus_NLS,5,3863,3365,2.7490463299496555,7.55725572420967,57.535122,0.44946833331028624
A1_LCD_plus_NLS,5,3863,3366,3.630809673397499,13.182778884436853,48.85921,0.4215603700279309
A1_LCD_plus_NLS,5,3863,3367,3.09471451533369,9.577257931417039,57.459976,0.3509334764766165
A1_LCD_plus_NLS,5,3863,3368,3.0261477171872273,9.157570006237467,57.997997,0.4362255577302687
A1_LCD_plus_NLS,5,3863,3369,2.571021773091308,6.61015295770957,15.620857,0.28057561365791117
A1_LCD_plus_NLS,5,3863,3370,2.6641098964870324,7.097481540560148,60.365314,0.11542513641861343
A1_LCD_plus_NLS,5,3863,3371,2.409582406597734,5.806087374185329,44.018223,0.12323513669888311
A1_LCD_plus_NLS,5,3863,3372,3.1129779032675224,9.69063142623186,5.3003545,0.3538330005670036
A1_LCD_plus_NLS,5,3863,3373,2.2374788099309666,5.006311424890095,5.4249325,0.1329154174695122
A1_LCD_plus_NLS,5,3863,3374,2.969217275131754,8.816251226940837,6.445706,0.5651118061567784
A1_LCD_plus_NLS,5,3863,3375,3.4097063919250714,11.626097679134688,94.742165,0.6636749600841804
A1_LCD_plus_NLS,5,3863,3376,3.8452506158566497,14.785952298745938,155.89978,0.6620894572690155
A1_LCD_plus_NLS,5,3863,3377,3.0389167035147953,9.235014730901229,80.9673,0.5946669247279595
A1_LCD_plus_NLS,5,3863,3378,3.79270004212837,14.384573609560537,58.35527,0.3682739059565792
A1_LCD_plus_NLS,5,3863,3379,3.598902146806017,12.952096662284964,74.5293,0.2051392977414062
A1_LCD_plus_NLS,5,3863,3380,3.391892476792971,11.504934574124752,121.2905,0.6976986515327528
A1_LCD_plus_NLS,5,3863,3381,4.487211897109107,20.13507060955751,164.15569,0.5267396370081665
A1_LCD_plus_NLS,5,3863,3382,3.54154052563934,12.542509294745777,74.966095,0.46502508133515535
A1_LCD_plus_NLS,5,3863,3383,3.3845289339186113,11.455036104532251,57.480106,0.5165144761401377
A1_LCD_plus_NLS,5,3863,3384,3.569119245124357,12.738612185917063,96.0345,0.6103503959571457
A1_LCD_plus_NLS,5,3863,3385,3.152415205019019,9.937721624835103,91.54958,0.34676125340252645
A1_LCD_plus_NLS,5,3863,3386,4.365503985698346,19.057625049148147,89.28189,0.4103774483620715
A1_LCD_plus_NLS,5,3863,3387,4.003508564124533,16.028080823018474,124.88906,0.5943484451339187
A1_LCD_plus_NLS,5,3863,3388,3.2272078653867333,10.414870606413995,96.99378,0.3914335011891285
A1_LCD_plus_NLS,5,3863,3389,4.102010900345183,16.8264934265507,197.11414,0.665661375038354
A1_LCD_plus_NLS,5,3863,3390,4.627573763994082,21.41443894120637,172.97475,0.7283425834344003
A1_LCD_plus_NLS,5,3863,3391,4.656342636727973,21.681526750610814,174.35834,0.4946365201339029
A1_LCD_plus_NLS,5,3863,3392,4.133944772665164,17.089499383445638,51.74412,0.657288673383182
A1_LCD_plus_NLS,5,3863,3393,4.948132425499832,24.484014500282854,182.55919,0.7511575342085959
A1_LCD_plus_NLS,5,3863,3394,2.544980456223787,6.476925522561035,43.472496,0.2322016634680463
A1_LCD_plus_NLS,5,3863,3395,4.25761332324439,18.127271210268134,143.18832,0.43081053333999386
A1_LCD_plus_NLS,5,3863,3396,2.9168299204794037,8.507896785003885,26.924274,0.21163843179692596
A1_LCD_plus_NLS,5,3863,3397,2.46247500222933,6.063783136604337,24.982868,0.1797478051100569
A1_LCD_plus_NLS,5,3863,3398,2.9408453282977804,8.64857124497088,31.851664,0.3407710291343329
A1_LCD_plus_NLS,5,3863,3399,3.7909066318985913,14.370973091772722,76.336006,0.5467247324047676
A1_LCD_plus_NLS,5,3863,3400,4.179700987029785,17.469900340977762,147.52994,0.7218152401263641
A1_LCD_plus_NLS,5,3863,3401,4.490989826930362,20.168989625591998,67.87102,0.6784319545730665
A1_LCD_plus_NLS,5,3863,3402,4.621726588791928,21.360356661546263,87.708984,0.3358669287973717
A1_LCD_plus_NLS,5,3863,3403,2.4087889189161764,5.802264055893363,21.57893,0.12119316806660327
A1_LCD_plus_NLS,5,3863,3404,2.9175894174708317,8.512328008937788,12.945797,0.23507986133908226
A1_LCD_plus_NLS,5,3863,3405,3.069398204564469,9.421205338183588,67.05085,0.4088212872270915
A1_LCD_plus_NLS,5,3863,3406,3.8708175491669214,14.983228498938612,99.35298,0.712744419564491
A1_LCD_plus_NLS,5,3863,3407,3.6682887739309855,13.456342528948095,102.42034,0.5099634415472424
A1_LCD_plus_NLS,5,3863,3408,2.8152393543942056,7.925572622529907,38.552895,0.19487399311103124
A1_LCD_plus_NLS,5,3863,3409,4.225383757546126,17.853867898534624,101.325645,0.8252250849804845
A1_LCD_plus_NLS,5,3863,3410,2.199134252829799,4.836191461969277,37.55815,0.15690187565501085
A1_LCD_plus_NLS,5,3863,3411,3.3050289577445526,10.923216411530044,14.404083,0.20167083510012804
A1_LCD_plus_NLS,5,3863,3412,2.887248834732875,8.336205833666348,43.238937,0.16665775727660337
A1_LCD_plus_NLS,5,3863,3413,3.001105054758958,9.006631549699767,80.91744,0.4174583766028818
A1_LCD_plus_NLS,5,3863,3414,4.457521494873424,19.869497877258603,152.42105,0.37246490027098955
A1_LCD_plus_NLS,5,3863,3415,3.9023399487777266,15.228257075826548,95.75334,0.4284758496826745
A1_LCD_plus_NLS,5,3863,3416,2.386359195320345,5.694710209089963,19.819553,0.157322512397391
A1_LCD_plus_NLS,5,3863,3417,2.750218590048916,7.563702293050645,33.08767,0.1080669267058027
A1_LCD_plus_NLS,5,3863,3418,3.2234144001807246,10.39040039529246,114.28586,0.30351916098863735
A1_LCD_plus_NLS,5,3863,3419,2.5504912998486655,6.5050058706037355,20.194063,0.2451714116475347
A1_LCD_plus_NLS,5,3863,3420,3.356434341100552,11.265651486119092,7.092874,0.34190735197638444
A1_LCD_plus_NLS,5,3863,3421,4.660268447189927,21.718101999874023,184.00954,0.7334931973820592
A1_LCD_plus_NLS,5,3863,3422,4.415994900071677,19.501010957459062,89.35401,0.584743539197483
A1_LCD_plus_NLS,5,3863,3423,4.444670440310516,19.75509532297008,156.94525,0.6151636226239049
A1_LCD_plus_NLS,5,3863,3424,3.21480185734756,10.334950982005317,38.752754,0.3294515609644257
A1_LCD_plus_NLS,5,3863,3425,2.7515486206650768,7.571019811883886,29.53584,0.24918685644911281
A1_LCD_plus_NLS,5,3863,3426,2.812394976262498,7.909565502506535,35.451447,0.11063571195769696
A1_LCD_plus_NLS,5,3863,3427,2.5731005308651405,6.620846341938464,55.430206,0.3368882567439357
A1_LCD_plus_NLS,5,3863,3428,3.4869007147506434,12.15847659452855,33.31589,0.4587844539901005
A1_LCD_plus_NLS,5,3863,3429,3.04418963529899,9.267090535661799,35.5231,0.16830864230663667
A1_LCD_plus_NLS,5,3863,3430,2.9421142929949227,8.656036513045013,17.583784,0.5227397147070193
A1_LCD_plus_NLS,5,3863,3431,3.5221530253598003,12.405561934051194,41.52382,0.2144741697962056
A1_LCD_plus_NLS,5,3863,3432,2.8778596456988796,8.282076140342081,9.48617,0.5006372523102237
A1_LCD_plus_NLS,5,3863,3433,4.204901780154959,17.681198980750345,123.714645,0.4787295325914451
A1_LCD_plus_NLS,5,3863,3434,4.566703445721591,20.854780361165446,226.6049,0.5530829273284188
A1_LCD_plus_NLS,5,3863,3435,3.7696657230572885,14.210379663593029,55.010765,0.48358686034970066
A1_LCD_plus_NLS,5,3863,3436,3.668935858969257,13.461090337230479,65.48361,0.5664873907553025
A1_LCD_plus_NLS,5,3863,3437,4.578878865789738,20.96613166757592,108.95015,0.5901543033330603
A1_LCD_plus_NLS,5,3863,3438,4.428247016480891,19.609371638971915,196.91206,0.5792828869197378
A1_LCD_plus_NLS,5,3863,3439,3.165588898735256,10.020953075795894,6.335621,0.46749200509144306
A1_LCD_plus_NLS,5,3863,3440,2.270405998733464,5.154743399084898,6.9243636,0.08371520610015774
A1_LCD_plus_NLS,5,3863,3441,3.3460795343184238,11.1962482499846,59.242756,0.5002420790463239
A1_LCD_plus_NLS,5,3863,3442,3.2359170761558795,10.471159323757213,30.525938,0.2587687689935385
A1_LCD_plus_NLS,5,3863,3443,3.3386550255621676,11.146617379711524,141.09291,0.7034090845917644
A1_LCD_plus_NLS,5,3863,3444,3.348556413216239,11.212830052491602,68.70456,0.2476056093682576
A1_LCD_plus_NLS,5,3863,3445,3.6033661766230876,12.98424780283129,103.759285,0.37010469083549047
A1_LCD_plus_NLS,5,3863,3446,4.194879142830896,17.597011022957677,116.6625,0.4284795638596872
A1_LCD_plus_NLS,5,3863,3447,4.3313412498369095,18.760517022538764,114.1202,0.3883501564912367
A1_LCD_plus_NLS,5,3863,3448,3.3894746537800806,11.488538428617598,128.87389,0.5064483302859895
A1_LCD_plus_NLS,5,3863,3449,2.9001446942130404,8.410839247372053,33.39804,0.14588947023929524
A1_LCD_plus_NLS,5,3863,3450,2.3826987287818167,5.677253232138486,5.037986,0.3425058516642572
A1_LCD_plus_NLS,5,3863,3451,3.060345307953885,9.36571340391536,61.922062,0.3940741039838357
A1_LCD_plus_NLS,5,3863,3452,3.4209652106236965,11.70300297229763,114.26358,0.5175327482625567
A1_LCD_plus_NLS,5,3863,3453,4.050426076514768,16.405951401310816,35.115543,0.5268139360562626
A1_LCD_plus_NLS,5,3863,3454,3.1278462309169623,9.783422044261448,65.56586,0.3782370854917455
A1_LCD_plus_NLS,5,3863,3455,4.262827735630674,18.171700303662146,99.246864,0.4636547819212363
A1_LCD_plus_NLS,5,3863,3456,3.569672491318548,12.742561695276367,100.853676,0.4453748317956582
A1_LCD_plus_NLS,5,3863,3457,3.9553154624375773,15.644520407397785,75.43231,0.5021985620044302
A1_LCD_plus_NLS,5,3863,3458,4.275379217762105,18.278867455672113,131.50194,0.6922801836868674
A1_LCD_plus_NLS,5,3863,3459,4.099319578756478,16.80442100877618,165.8537,0.5853942026009764
A1_LCD_plus_NLS,5,3863,3460,3.9246411621008743,15.4028082512565,41.78705,0.40870392579106496
A1_LCD_plus_NLS,5,3863,3461,3.128194303377698,9.785599599684682,45.958622,0.185260628498311
A1_LCD_plus_NLS,5,3863,3462,3.1314120334699926,9.805741323360673,34.487335,0.2176717841724396
A1_LCD_plus_NLS,5,3863,3463,2.9854221268050565,8.91274527521723,23.240032,0.44751782421999864
A1_LCD_plus_NLS,5,3863,3464,3.370165705128485,11.358016880024174,78.508064,0.5150023406873053
A1_LCD_plus_NLS,5,3863,3465,4.029988975722655,16.240811144446138,97.25946,0.7469669305368724
A1_LCD_plus_NLS,5,3863,3466,2.739924048159074,7.507183789680407,57.690277,0.6075164606266648
A1_LCD_plus_NLS,5,3863,3467,3.9014268195212405,15.22113122807962,71.67921,0.40808228396907575
A1_LCD_plus_NLS,5,3863,3468,4.437918213742741,19.69511807186956,162.04272,0.4899623169201006
A1_LCD_plus_NLS,5,3863,3469,3.3542737766707273,11.251152568860906,8.719175,0.28283395297944725
A1_LCD_plus_NLS,5,3863,3470,4.221106185409032,17.817737428498393,177.5504,0.6264804353525797
A1_LCD_plus_NLS,5,3863,3471,5.653213457370695,31.958822394597128,135.6796,0.7951807809081607
A1_LCD_plus_NLS,5,3863,3472,3.0663931484480607,9.40276694084921,99.32248,0.391553556801716
A1_LCD_plus_NLS,5,3863,3473,3.4593906670324976,11.96738378715155,90.375534,0.35149796871897904
A1_LCD_plus_NLS,5,3863,3474,4.00579678122144,16.046407852444045,54.052917,0.6143285898575727
A1_LCD_plus_NLS,5,3863,3475,3.703549885932286,13.716281757589048,108.655556,0.5617657882892756
A1_LCD_plus_NLS,5,3863,3476,3.7738180424699412,14.241702617671656,60.129593,0.2930156992166438
A1_LCD_plus_NLS,5,3863,3477,3.0974549290127023,9.594227037265084,59.77253,0.10498962203877579
A1_LCD_plus_NLS,5,3863,3478,3.4446584369605384,11.865671747323425,40.790012,0.6710393984917153
A1_LCD_plus_NLS,5,3863,3479,3.656892933074473,13.372865923970021,120.88626,0.40917940862628766
A1_LCD_plus_NLS,5,3863,3480,4.217965373434881,17.79123189149566,115.11623,0.6750523336266641
A1_LCD_plus_NLS,5,3863,3481,3.668373054122119,13.456960864209249,81.093575,0.5674223169093356
A1_LCD_plus_NLS,5,3863,3482,3.446929654968424,11.88132404630074,66.59194,0.34913099408714693
A1_LCD_plus_NLS,5,3863,3483,3.2000467283130445,10.240299063387019,96.55978,0.187648875356153
A1_LCD_plus_NLS,5,3863,3484,2.5332555400106105,6.417383630994449,16.58786,0.21001613042169637
A1_LCD_plus_NLS,5,3863,3485,2.862433264183735,8.193524191905553,41.082355,0.13808162489819956
A1_LCD_plus_NLS,5,3863,3486,3.5927368614987523,12.907758155971905,48.35321,0.2798341710993322
A1_LCD_plus_NLS,5,3863,3487,3.15220662529239,9.936406608537233,69.50454,0.3403421096377139
A1_LCD_plus_NLS,5,3863,3488,3.7257093570583355,13.88091021327204,65.4722,0.4999241024452184
A1_LCD_plus_NLS,5,3863,3489,2.546435041162026,6.48433141885785,30.612484,0.2132192734024669
A1_LCD_plus_NLS,5,3863,3490,3.299969476270056,10.88979854431407,77.41803,0.5274744412426802
A1_LCD_plus_NLS,5,3863,3491,2.5821852548682442,6.667680690458976,17.584057,0.12808069449664344
A1_LCD_plus_NLS,5,3863,3492,3.3764715159986802,11.400559898350426,62.02362,0.5556856619452477
A1_LCD_plus_NLS,5,3863,3493,3.3698043780339084,11.355581546216493,113.97249,0.5079546577328766
A1_LCD_plus_NLS,5,3863,3494,2.7615016352871375,7.625891281693539,50.528275,0.3979499102051497
A1_LCD_plus_NLS,5,3863,3495,3.4079335939538233,11.61401138079902,78.01691,0.5791434325895954
A1_LCD_plus_NLS,5,3863,3496,3.3051158215598715,10.923790593925386,39.11528,0.5599564208987182
A1_LCD_plus_NLS,5,3863,3497,3.6131053253602965,13.054530092146933,49.345463,0.476901510441615
A1_LCD_plus_NLS,5,3863,3498,3.3682949007178333,11.34541053820176,100.2872,0.3660372330168874
A1_LCD_plus_NLS,5,3863,3499,4.845120729694166,23.475194885312128,217.4526,0.6424150253369244
A1_LCD_plus_NLS,5,3863,3500,3.0990211051830743,9.603931810370119,133.86096,0.3445123028280915
A1_LCD_plus_NLS,5,3863,3501,3.928811203453547,15.435557472382108,103.41692,0.356312796484053
A1_LCD_plus_NLS,5,3863,3502,2.9376714000364776,8.629913254592278,27.425423,0.24791955263577253
A1_LCD_plus_NLS,5,3863,3503,3.0646720094730613,9.39221452564765,53.005653,0.4185065810238296
A1_LCD_plus_NLS,5,3863,3504,3.4629718587739315,11.992174094660184,68.55939,0.13034374486828776
A1_LCD_plus_NLS,5,3863,3505,3.4751033066375534,12.07634299180326,66.17754,0.25454824452579117
A1_LCD_plus_NLS,5,3863,3506,2.3990252131062473,5.755321973119474,24.25135,0.3974942177734042
A1_LCD_plus_NLS,5,3863,3507,1.9622522621882592,3.850433940462941,0.41222557,0.16556991485655947
A1_LCD_plus_NLS,5,3863,3508,3.2765448114834244,10.735745901658952,58.145424,0.641983081696656
A1_LCD_plus_NLS,5,3863,3509,2.903516345593571,8.430407169129044,32.65521,0.22723597747589508
A1_LCD_plus_NLS,5,3863,3510,3.51535096880453,12.357692433874949,55.266094,0.40954915018552157
A1_LCD_plus_NLS,5,3863,3511,3.1456719472225014,9.895251999542603,84.86608,0.3876232113443322
A1_LCD_plus_NLS,5,3863,3512,3.2415918157003314,10.507917499615365,49.2089,0.24573185133788678
A1_LCD_plus_NLS,5,3863,3513,4.0286832772463,16.230288948363985,173.12512,0.40849221643692507
A1_LCD_plus_NLS,5,3863,3514,2.726309595314234,7.432764009502462,80.59838,0.16518198297316003
A1_LCD_plus_NLS,5,3863,3515,3.6527973741406625,13.34292865652892,136.75809,0.5516456615297342
A1_LCD_plus_NLS,5,3863,3516,4.130136311461182,17.058025951250183,181.96849,0.5329091883999372
A1_LCD_plus_NLS,5,3863,3517,2.5505508420555487,6.505309597910267,65.94682,0.2678235142854735
A1_LCD_plus_NLS,5,3863,3518,2.896110111766602,8.387453779476758,70.82172,0.1974516185301056
A1_LCD_plus_NLS,5,3863,3519,3.5361654058175653,12.50446577730091,64.467224,0.22570018575732348
A1_LCD_plus_NLS,5,3863,3520,4.03870913925756,16.311171511522538,56.27374,0.7151817312443935
A1_LCD_plus_NLS,5,3863,3521,3.007965247576454,9.04785493062768,25.60858,0.48328295575879376
A1_LCD_plus_NLS,5,3863,3522,3.9976592241414894,15.981279272363542,101.11575,0.7192063858486264
A1_LCD_plus_NLS,5,3863,3523,3.1239913201987344,9.75932176867703,58.814377,0.37906148992809485
A1_LCD_plus_NLS,5,3863,3524,3.856571030329773,14.87314011197885,73.93268,0.7150502996838384
A1_LCD_plus_NLS,5,3863,3525,4.203623022619285,17.670446516294895,79.21276,0.4376536374284434
A1_LCD_plus_NLS,5,3863,3526,3.7824322421072347,14.306793666132362,107.99277,0.4154524481416014
A1_LCD_plus_NLS,5,3863,3527,3.5800860604387665,12.817016200147968,79.38562,0.5745455856800744
A1_LCD_plus_NLS,5,3863,3528,5.3838265773033,28.985588614477376,146.45638,0.6355182558875144
A1_LCD_plus_NLS,5,3863,3529,4.069306807811244,16.559257896098934,99.73018,0.5834769337592559
A1_LCD_plus_NLS,5,3863,3530,2.489518209504404,6.197700915454014,44.302113,0.25957578640997253
A1_LCD_plus_NLS,5,3863,3531,3.327149960640799,11.06992686059207,58.785625,0.5404278656042343
A1_LCD_plus_NLS,5,3863,3532,3.0923131973980214,9.562400910801975,59.9881,0.3699895178742758
A1_LCD_plus_NLS,5,3863,3533,3.943289821347492,15.549534615142733,46.858597,0.3596837437704423
A1_LCD_plus_NLS,5,3863,3534,3.8293127639960747,14.663636244503259,76.81738,0.39192663797150623
A1_LCD_plus_NLS,5,3863,3535,2.966066357931252,8.797549639651564,32.727352,0.26504188647867016
A1_LCD_plus_NLS,5,3863,3536,2.4756847829852604,6.129015144704776,50.300545,0.09074826815759904
A1_LCD_plus_NLS,5,3863,3537,2.9140949741570874,8.491949518407596,40.508293,0.22264824716703163
A1_LCD_plus_NLS,5,3863,3538,4.383483991560134,19.214931904263963,83.20685,0.4805812173966335
A1_LCD_plus_NLS,5,3863,3539,4.8729956937336985,23.746087031147166,216.57072,0.7676350804744205
A1_LCD_plus_NLS,5,3863,3540,4.299993420161373,18.489943413431103,129.77118,0.42406928672627475
A1_LCD_plus_NLS,5,3863,3541,4.033342409667932,16.267850993625917,170.18327,0.6319473197337563
A1_LCD_plus_NLS,5,3863,3542,2.29262739758576,5.256140384160851,21.418053,0.17274905785589667
A1_LCD_plus_NLS,5,3863,3543,4.071592203686414,16.577863073119993,78.148735,0.6535422333337613
A1_LCD_plus_NLS,5,3863,3544,4.259092613585341,18.139869891097202,120.70084,0.7060910700156764
A1_LCD_plus_NLS,5,3863,3545,2.714774067743757,7.369998238893984,38.67532,0.5066963030519381
A1_LCD_plus_NLS,5,3863,3546,3.8119533140848803,14.530988068762706,144.0215,0.5760671419551526
A1_LCD_plus_NLS,5,3863,3547,4.012020576155131,16.096309103492146,63.727722,0.6220101362986884
A1_LCD_plus_NLS,5,3863,3548,2.4470008575554405,5.987813196877061,18.479624,0.1924414818759801
A1_LCD_plus_NLS,5,3863,3549,3.0928070302965165,9.565455326651557,56.796837,0.13956655390531844
A1_LCD_plus_NLS,5,3863,3550,3.6960960235375753,13.661125815210276,36.175278,0.22534207444106114
A1_LCD_plus_NLS,5,3863,3551,2.929660811678339,8.582912471483784,84.37548,0.2339674467886757
A1_LCD_plus_NLS,5,3863,3552,3.000090500205748,9.000543009424776,9.544126,0.1251783033056807
A1_LCD_plus_NLS,5,3863,3553,3.456486834043585,11.947301233916646,56.0778,0.23611887518686606
A1_LCD_plus_NLS,5,3863,3554,3.4698536921805054,12.039884645138681,105.35597,0.3487753575490532
A1_LCD_plus_NLS,5,3863,3555,2.7330590587599306,7.4696118186697165,34.418877,0.44613242234156153
A1_LCD_plus_NLS,5,3863,3556,3.443357746028647,11.856712567135482,116.81276,0.5907312202071484
A1_LCD_plus_NLS,5,3863,3557,3.5533676952352193,12.626421977541256,24.361944,0.28482226301729735
A1_LCD_plus_NLS,5,3863,3558,3.560101340001358,12.674321551079471,64.04437,0.30660058021304276
A1_LCD_plus_NLS,5,3863,3559,2.7869877662231812,7.767300809077676,48.25246,0.15673707217540297
A1_LCD_plus_NLS,5,3863,3560,3.0098569688124113,9.059238972708634,86.598885,0.17247510451831685
A1_LCD_plus_NLS,5,3863,3561,3.418704249442166,11.687538745153917,59.239464,0.38047649081053303
A1_LCD_plus_NLS,5,3863,3562,3.4356542191243147,11.80371991338671,82.60669,0.35758280116056085
A1_LCD_plus_NLS,5,3863,3563,3.931859858356684,15.459521945756645,181.88411,0.5646458164733497
A1_LCD_plus_NLS,5,3863,3564,3.2542688647320737,10.590265843964579,79.786934,0.11212343844906233
A1_LCD_plus_NLS,5,3863,3565,4.587336397889452,21.043655227401374,94.163086,0.643628764804308
A1_LCD_plus_NLS,5,3863,3566,3.9000280696574006,15.210218944115631,87.37422,0.6293293982537761
A1_LCD_plus_NLS,5,3863,3567,4.630048300097032,21.43734726123142,181.49234,0.6708737985385275
A1_LCD_plus_NLS,5,3863,3568,3.2938486341860767,10.84943882492948,22.313538,0.42279785913367307
A1_LCD_plus_NLS,5,3863,3569,2.8038460709704287,7.861552789696311,50.543793,0.060040905198337914
A1_LCD_plus_NLS,5,3863,3570,3.4759045614205917,12.081912520104474,63.191364,0.44577178921401445
A1_LCD_plus_NLS,5,3863,3571,3.2303193943589155,10.434963389571351,117.00725,0.4798693336747618
A1_LCD_plus_NLS,5,3863,3572,3.700044279997579,13.690327673942804,21.657187,0.6365590242317437
A1_LCD_plus_NLS,5,3863,3573,3.450744144629032,11.907635151691553,98.20553,0.3974400900096787
A1_LCD_plus_NLS,5,3863,3574,4.4265221298854245,19.59409816636539,179.31876,0.7478306669081007
A1_LCD_plus_NLS,5,3863,3575,4.217632214044749,17.788421492948014,123.65499,0.4772146115223359
A1_LCD_plus_NLS,5,3863,3576,3.030220401496224,9.182235681643938,33.9564,0.5522626120777511
A1_LCD_plus_NLS,5,3863,3577,3.188175181641789,10.164460988836655,33.09474,0.1650559377270196
A1_LCD_plus_NLS,5,3863,3578,3.9421702163455166,15.540706014641659,43.17348,0.7701386288908545
A1_LCD_plus_NLS,5,3863,3579,3.80256878921169,14.459529396686865,96.0825,0.6416102538658933
A1_LCD_plus_NLS,5,3863,3580,3.570303845924038,12.747069552219983,67.11366,0.39080682179018084
A1_LCD_plus_NLS,5,3863,3581,2.735490356541334,7.482907490730634,19.545319,0.18020495440332868
A1_LCD_plus_NLS,5,3863,3582,3.277861752445236,10.744377668143354,19.604918,0.38568580236220174
A1_LCD_plus_NLS,5,3863,3583,3.259302445980299,10.623052434373161,93.66786,0.3335515992227529
A1_LCD_plus_NLS,5,3863,3584,3.4134110649289697,11.651375098179523,98.72271,0.13134964315598094
A1_LCD_plus_NLS,5,3863,3585,4.8212743042284405,23.24468591661343,178.67284,0.38533465547690415
A1_LCD_plus_NLS,5,3863,3586,4.261384471678038,18.1593976154587,160.80682,0.6593205274505118
A1_LCD_plus_NLS,5,3863,3587,2.6465033295965634,7.0039798735656955,32.6912,0.3864413078552176
A1_LCD_plus_NLS,5,3863,3588,3.471858686016084,12.053802735665332,55.509655,0.36192485703045524
A1_LCD_plus_NLS,5,3863,3589,3.004143906682689,9.024880612058729,114.62248,0.3446901693307667
A1_LCD_plus_NLS,5,3863,3590,3.3550308385776813,11.256231927807253,22.955894,0.37752585506249087
A1_LCD_plus_NLS,5,3863,3591,3.552063660526646,12.617156248433957,71.84072,0.3585337236287425
A1_LCD_plus_NLS,5,3863,3592,3.9290204067323393,15.437201356519157,126.104805,0.6888505576520947
A1_LCD_plus_NLS,5,3863,3593,3.9716983278285345,15.774387607275976,243.62204,0.7091415457254855
A1_LCD_plus_NLS,5,3863,3594,4.600867643260619,21.167983070802524,213.08778,0.6544377083888798
A1_LCD_plus_NLS,5,3863,3595,3.156541066595981,9.963751505106893,85.93985,0.38184502657373487
A1_LCD_plus_NLS,5,3863,3596,2.9213298898488134,8.534168325324076,38.686207,0.43948199522871717
A1_LCD_plus_NLS,5,3863,3597,3.157549012739804,9.970115767854109,9.889341,0.32514307531802394
A1_LCD_plus_NLS,5,3863,3598,3.951138251291136,15.611493480815975,116.1127,0.7918628797877802
A1_LCD_plus_NLS,5,3863,3599,3.624117908452137,13.134230614363492,120.90312,0.26518126005921455
A1_LCD_plus_NLS,5,3863,3600,2.5783256198759346,6.647763002108625,12.24988,0.5364134530479011
A1_LCD_plus_NLS,5,3863,3601,2.4126413653938705,5.820838358009599,24.55269,0.13961205007545002
A1_LCD_plus_NLS,5,3863,3602,3.6674929258937943,13.450504361481022,74.93948,0.6159100409720137
A1_LCD_plus_NLS,5,3863,3603,3.798849609683315,14.431258356991076,137.40767,0.5720895559895872
A1_LCD_plus_NLS,5,3863,3604,2.789224890079581,7.7797754874394505,38.154327,0.4052887590613511
A1_LCD_plus_NLS,5,3863,3605,3.0969279764334585,9.590962891216236,85.18793,0.5019961911308009
A1_LCD_plus_NLS,5,3863,3606,3.005856932867375,9.035175900866863,12.922586,0.240905068562822
A1_LCD_plus_NLS,5,3863,3607,2.365039461848517,5.593411656100723,35.686543,0.07194677380339932
A1_LCD_plus_NLS,5,3863,3608,2.742424673902644,7.520893092030022,51.422688,0.09061201786020921
A1_LCD_plus_NLS,5,3863,3609,3.0289623002705084,9.17461261646001,22.007193,0.37402491193766224
A1_LCD_plus_NLS,5,3863,3610,3.0235797002536455,9.142034203785926,101.493515,0.39225462421436785
A1_LCD_plus_NLS,5,3863,3611,2.7770015768095644,7.7117377576028066,44.73105,0.09872226979453713
A1_LCD_plus_NLS,5,3863,3612,3.141633693775069,9.869862265862785,17.407349,0.35052982644591574
A1_LCD_plus_NLS,5,3863,3613,2.9661890668617223,8.798277580370016,79.894135,0.482817608946344
A1_LCD_plus_NLS,5,3863,3614,2.955531700156288,8.73516763062872,22.44605,0.2188201810012369
A1_LCD_plus_NLS,5,3863,3615,2.561189086869335,6.559689538698579,8.414944,0.11674213912999737
A1_LCD_plus_NLS,5,3863,3616,3.5410958994954433,12.539360169423441,124.860176,0.521293581334467
A1_LCD_plus_NLS,5,3863,3617,3.5697376579482927,12.743026946574162,65.05256,0.5427983087654296
A1_LCD_plus_NLS,5,3863,3618,3.7480451378730275,14.047842355533636,29.178398,0.6819918211170426
A1_LCD_plus_NLS,5,3863,3619,3.4655491111647705,12.010030641894934,97.02939,0.6555357839057718
A1_LCD_plus_NLS,5,3863,3620,2.959650374753989,8.759530340781424,62.72277,0.29931824185001127
A1_LCD_plus_NLS,5,3863,3621,3.9026064625327685,15.23033720140253,39.64633,0.30287423757045917
A1_LCD_plus_NLS,5,3863,3622,3.4154274415924344,11.665144608782644,103.11952,0.6264356606070273
A1_LCD_plus_NLS,5,3863,3623,3.1662744140558488,10.02529366510471,64.60787,0.44195527264677115
A1_LCD_plus_NLS,5,3863,3624,3.413088097180522,11.649170359115358,46.38224,0.22514290390484493
A1_LCD_plus_NLS,5,3863,3625,3.3897346490724782,11.490300991122517,23.197023,0.45410011996959365
A1_LCD_plus_NLS,5,3863,3626,2.383730619559109,5.682171666623652,8.269705,0.1976187405815622
A1_LCD_plus_NLS,5,3863,3627,4.012865223583337,16.10308730264455,139.27522,0.4126151788720356
A1_LCD_plus_NLS,5,3863,3628,3.6814328045134985,13.55294749414812,125.7776,0.5096143801591437
A1_LCD_plus_NLS,5,3863,3629,2.1609338817455277,4.6696352412757935,13.251726,0.21563555293661751
A1_LCD_plus_NLS,5,3863,3630,3.1048478057016093,9.640079896570098,33.7602,0.3421264074024943
A1_LCD_plus_NLS,5,3863,3631,2.6049723885332656,6.785881145020707,10.221834,0.055639944728217795
A1_LCD_plus_NLS,5,3863,3632,2.5545179027042977,6.525561715236765,11.206134,0.21333990391079907
A1_LCD_plus_NLS,5,3863,3633,3.7771384160129777,14.266774613721026,120.955696,0.4825147508463379
A1_LCD_plus_NLS,5,3863,3634,3.9804636293957563,15.844090704942436,118.134705,0.588285662486419
A1_LCD_plus_NLS,5,3863,3635,3.6526593587165377,13.341920390819507,147.24982,0.5933437038798555
A1_LCD_plus_NLS,5,3863,3636,4.421987164371478,19.553970481866106,176.77147,0.8710331335142942
A1_LCD_plus_NLS,5,3863,3637,6.072618424615631,36.87669453098123,371.1259,0.6924383533456968
A1_LCD_plus_NLS,5,3863,3638,4.629159102989126,21.42911400078709,202.59152,0.766694034728961
A1_LCD_plus_NLS,5,3863,3639,2.8634529371412394,8.19936272322279,8.7190485,0.25649470073949454
A1_LCD_plus_NLS,5,3863,3640,2.701068859651751,7.295772984580412,45.01358,0.13046273799449654
A1_LCD_plus_NLS,5,3863,3641,2.7435792911013928,7.527227326560424,26.338375,0.32917429448912705
A1_LCD_plus_NLS,5,3863,3642,3.716812144024234,13.814692513966015,92.13069,0.5638566424212663
A1_LCD_plus_NLS,5,3863,3643,3.8317746037306804,14.682496613795408,94.29208,0.6051505488108679
A1_LCD_plus_NLS,5,3863,3644,4.4584392275134626,19.877680345430843,162.07935,0.6762073922269027
A1_LCD_plus_NLS,5,3863,3645,3.911374855014688,15.29885325644117,113.28365,0.6959834549568857
A1_LCD_plus_NLS,5,3863,3646,3.960056581655494,15.682048129912994,42.603508,0.4794429017967414
A1_LCD_plus_NLS,5,3863,3647,2.942099313488081,8.65594837042704,63.778893,0.16491266740322258
A1_LCD_plus_NLS,5,3863,3648,3.6335955693741107,13.203016761775165,43.772186,0.5376091884541092
A1_LCD_plus_NLS,5,3863,3649,3.848620231403575,14.81187768556891,156.95256,0.5818353256161715
A1_LCD_plus_NLS,5,3863,3650,2.9354104093251343,8.616634271174354,29.884766,0.19704797480753183
A1_LCD_plus_NLS,5,3863,3651,4.031211054112748,16.250662562800816,141.73917,0.666052921647033
A1_LCD_plus_NLS,5,3863,3652,2.7442635523075527,7.530982444523668,13.853069,0.2088018763982778
A1_LCD_plus_NLS,5,3863,3653,2.464591108791916,6.074209333536166,36.120525,0.23479043678141936
A1_LCD_plus_NLS,5,3863,3654,3.9136779684158816,15.316875240463869,146.14069,0.4553264851998381
A1_LCD_plus_NLS,5,3863,3655,4.443335999310717,19.743234802770562,188.73581,0.7600489844557257
A1_LCD_plus_NLS,5,3863,3656,2.701592848187854,7.2986039173797606,19.633657,0.3262856174518244
A1_LCD_plus_NLS,5,3863,3657,3.683674510413831,13.569457898672583,83.24923,0.4194284376730063
A1_LCD_plus_NLS,5,3863,3658,2.8550662385619585,8.15140322657633,64.613235,0.2517486520541621
A1_LCD_plus_NLS,5,3863,3659,3.671787983952692,13.482026999099373,115.17926,0.492372211319806
A1_LCD_plus_NLS,5,3863,3660,2.998143536620408,8.988864666178726,27.414194,0.5843121647227365
A1_LCD_plus_NLS,5,3863,3661,3.1935580053380743,10.1988127334589,115.22102,0.5665350968206886
A1_LCD_plus_NLS,5,3863,3662,2.7905129024049584,7.7869622584885425,13.337909,0.2386451329159313
A1_LCD_plus_NLS,5,3863,3663,2.9246891298308806,8.553806506150911,22.158037,0.27730175164551524
A1_LCD_plus_NLS,5,3863,3664,2.8107625379411894,7.9003860446935965,18.128475,0.2356994895259945
A1_LCD_plus_NLS,5,3863,3665,2.8370251883899873,8.048711919559242,51.003853,0.3199963461065353
A1_LCD_plus_NLS,5,3863,3666,2.6182654469702857,6.855313950798512,28.649975,0.19355517633142366
A1_LCD_plus_NLS,5,3863,3667,2.465312624632162,6.077766337170719,31.932507,0.13789048562861428
A1_LCD_plus_NLS,5,3863,3668,3.191040841337911,10.182741651086564,53.55181,0.24296081598160107
A1_LCD_plus_NLS,5,3863,3669,3.396748448965395,11.537900025548813,105.8251,0.5852268051345093
A1_LCD_plus_NLS,5,3863,3670,3.2051573899697394,10.273033894477631,81.76535,0.1869383281115824
A1_LCD_plus_NLS,5,3863,3671,2.6417171642201405,6.9786695757352994,35.150616,0.28488051351679405
A1_LCD_plus_NLS,5,3863,3672,2.53699159739352,6.43632636524532,7.2897534,0.09096838459404884
A1_LCD_plus_NLS,5,3863,3673,3.354866079112059,11.255126408776722,22.370165,0.29517098200984593
A1_LCD_plus_NLS,5,3863,3674,4.524422254334248,20.47039673551501,95.18458,0.6094380957962895
A1_LCD_plus_NLS,5,3863,3675,3.634575079823616,13.210136010874844,91.40033,0.5333001318553998
A1_LCD_plus_NLS,5,3863,3676,3.8394511702767806,14.741385288939737,75.29917,0.4138432626817278
A1_LCD_plus_NLS,5,3863,3677,4.417960029634603,19.518370823448976,154.34666,0.5350405502767881
A1_LCD_plus_NLS,5,3863,3678,2.589234786087209,6.7041367774840745,58.40867,0.27815329286409973
A1_LCD_plus_NLS,5,3863,3679,2.8731312672027833,8.254883278578273,25.910769,0.20912064088068605
A1_LCD_plus_NLS,5,3863,3680,2.624230121132827,6.886583728660812,14.99068,0.44126265339366705
A1_LCD_plus_NLS,5,3863,3681,3.1609829187379024,9.99181301255279,64.24989,0.5262500294360146
A1_LCD_plus_NLS,5,3863,3682,3.1217430101557877,9.74527942145652,101.17314,0.4958845395600777
A1_LCD_plus_NLS,5,3863,3683,2.658120117841026,7.065602560871189,15.538258,0.35525716909555916
A1_LCD_plus_NLS,5,3863,3684,2.890790513805233,8.356669794706326,33.372757,0.5481653771461353
A1_LCD_plus_NLS,5,3863,3685,3.5810234098336986,12.823728661776967,32.13546,0.2509776740620088
A1_LCD_plus_NLS,5,3863,3686,2.6436134538903793,6.988692093590222,15.220159,0.29155138150871
A1_LCD_plus_NLS,5,3863,3687,3.248413344557228,10.552189257097469,89.74802,0.38823135230423367
A1_LCD_plus_NLS,5,3863,3688,3.0354081029822026,9.213702351650015,42.821175,0.06329248481329214
A1_LCD_plus_NLS,5,3863,3689,2.434838006152328,5.928436116203844,38.121826,0.11672487531116933
A1_LCD_plus_NLS,5,3863,3690,2.6788492407316373,7.176233254568469,10.4467325,0.4516574464454195
A1_LCD_plus_NLS,5,3863,3691,3.0267515901299777,9.161225188354347,5.713108,0.18191707721792053
A1_LCD_plus_NLS,5,3863,3692,2.9256193748457124,8.55924872647262,36.09637,0.4882577711143995
A1_LCD_plus_NLS,5,3863,3693,3.634307425029427,13.208190459624017,64.7744,0.452634344053773
A1_LCD_plus_NLS,5,3863,3694,3.3637899647082135,11.315082926671685,81.65488,0.5719117081020366
A1_LCD_plus_NLS,5,3863,3695,3.115831860209948,9.708408181099381,52.329033,0.20108892332238365
A1_LCD_plus_NLS,5,3863,3696,4.244029946628008,18.011790187875334,125.438324,0.561147310142058
A1_LCD_plus_NLS,5,3863,3697,2.9881159863562745,8.92883714791793,49.275864,0.20402946179322629
A1_LCD_plus_NLS,5,3863,3698,2.665384134505265,7.104272584472382,50.349743,0.18536646043273988
A1_LCD_plus_NLS,5,3863,3699,2.851607236843894,8.131663833220466,56.695583,0.2449311094757031
A1_LCD_plus_NLS,5,3863,3700,3.125361748502505,9.767886059002636,21.258,0.2985313220803023
A1_LCD_plus_NLS,5,3863,3701,3.6286493920056766,13.167096410103166,34.859013,0.3891471682725882
A1_LCD_plus_NLS,5,3863,3702,4.340327985520943,18.83844702189629,151.67834,0.5683829058272557
A1_LCD_plus_NLS,5,3863,3703,3.350973595840237,11.229024040018448,87.16063,0.3464821373902677
A1_LCD_plus_NLS,5,3863,3704,2.7157109923697433,7.3750861940778565,29.465366,0.4898912674484268
A1_LCD_plus_NLS,5,3863,3705,2.247027549919112,5.04913281009549,19.026155,0.11153123981011995
A1_LCD_plus_NLS,5,3863,3706,2.305895647797455,5.317154738531243,51.129677,0.12116006729955328
A1_LCD_plus_NLS,5,3863,3707,3.0299358683373385,9.180511366237141,30.901752,0.36162884860324673
A1_LCD_plus_NLS,5,3863,3708,3.35102417858672,11.2293630454728,50.242203,0.2951672180537425
A1_LCD_plus_NLS,5,3863,3709,3.0410629565248106,9.248063905547419,43.000164,0.43965441054250354
A1_LCD_plus_NLS,5,3863,3710,2.8518495297083795,8.133045740097906,40.128407,0.29953636319120636
A1_LCD_plus_NLS,5,3863,3711,4.399997015747572,19.359973738587538,63.731964,0.6548984683748255
A1_LCD_plus_NLS,5,3863,3712,3.570802298252271,12.7506290532037,149.96484,0.6477162814858008
A1_LCD_plus_NLS,5,3863,3713,3.318891015767941,11.015037574545156,64.404106,0.4565170947603745
A1_LCD_plus_NLS,5,3863,3714,3.6343798829530307,13.20871713361368,101.643616,0.6143879978337202
A1_LCD_plus_NLS,5,3863,3715,5.941082942142271,35.29646652541386,262.61127,0.7292228684418742
A1_LCD_plus_NLS,5,3863,3716,4.515430924101026,20.38911643032785,119.38431,0.3654087416726396
A1_LCD_plus_NLS,5,3863,3717,3.0594315055205854,9.360121136971957,60.39447,0.3808664819557783
A1_LCD_plus_NLS,5,3863,3718,3.6002394477832746,12.961724081374813,54.720913,0.3314029399686519
A1_LCD_plus_NLS,5,3863,3719,3.563904274834183,12.701413680181366,28.349136,0.5060481650131378
A1_LCD_plus_NLS,5,3863,3720,3.9596547343776196,15.678865615479099,102.97303,0.6178768336871159
A1_LCD_plus_NLS,5,3863,3721,3.579100149288233,12.809957878635043,39.836857,0.46501830300914937
A1_LCD_plus_NLS,5,3863,3722,2.949792107152277,8.70127347541787,69.82557,0.2111924999647547
A1_LCD_plus_NLS,5,3863,3723,3.040759070104112,9.246215722420423,36.473446,0.48976833784568047
A1_LCD_plus_NLS,5,3863,3724,3.564026107404254,12.702282094259118,129.59549,0.6766863523096474
A1_LCD_plus_NLS,5,3863,3725,3.542587789864999,12.549928248900576,28.908762,0.3362065432699602
A1_LCD_plus_NLS,5,3863,3726,2.848588448047606,8.11445614635027,31.77332,0.270830286306277
A1_LCD_plus_NLS,5,3863,3727,2.336970406945089,5.461430682937096,26.194649,0.2499822746298565
A1_LCD_plus_NLS,5,3863,3728,2.7195970232112217,7.396207968659337,31.661118,0.31781618115787447
A1_LCD_plus_NLS,5,3863,3729,3.131491553102068,9.806239347149607,34.295532,0.45557826644277005
A1_LCD_plus_NLS,5,3863,3730,3.4491729499974833,11.89679403899434,70.210205,0.2571111353359622
A1_LCD_plus_NLS,5,3863,3731,2.847158120687788,8.106309364198417,8.191,0.21799046003099998
A1_LCD_plus_NLS,5,3863,3732,4.690640895963952,22.002112014889505,207.60176,0.5684544023459362
A1_LCD_plus_NLS,5,3863,3733,4.740878960704953,22.47593332005487,166.62747,0.6976594873078916
A1_LCD_plus_NLS,5,3863,3734,4.533101994367066,20.54901369133467,121.1963,0.6766662365218173
A1_LCD_plus_NLS,5,3863,3735,4.845004491370685,23.47406852140211,172.17957,0.7162147800175365
A1_LCD_plus_NLS,5,3863,3736,2.9256623304754954,8.559500071963305,62.761574,0.34624340753499305
A1_LCD_plus_NLS,5,3863,3737,3.354300790514763,11.251333793247964,54.47341,0.22397778649377462
A1_LCD_plus_NLS,5,3863,3738,3.21337103282618,10.32575339460639,60.145092,0.333607839706995
A1_LCD_plus_NLS,5,3863,3739,3.3301657631317734,11.090004009935027,32.565727,0.271381989127817
A1_LCD_plus_NLS,5,3863,3740,3.2569920274334523,10.60799706676507,64.720505,0.2553894079195765
A1_LCD_plus_NLS,5,3863,3741,3.2944955046105076,10.853700629898846,68.7543,0.30744124955884766
A1_LCD_plus_NLS,5,3863,3742,3.936336611068995,15.494745915642138,100.74233,0.5633453050166862
A1_LCD_plus_NLS,5,3863,3743,3.3531429638071772,11.243567735729584,36.33526,0.2585328386635886
A1_LCD_plus_NLS,5,3863,3744,4.127975231818306,17.0401795145054,182.99559,0.7380728179412783
A1_LCD_plus_NLS,5,3863,3745,4.224043763611188,17.842545716902567,136.10042,0.6489140534193715
A1_LCD_plus_NLS,5,3863,3746,3.018093166818723,9.108886363597868,68.74191,0.3398361614592351
A1_LCD_plus_NLS,5,3863,3747,2.7867901221288167,7.766199184794743,31.979723,0.3646246718312608
A1_LCD_plus_NLS,5,3863,3748,4.313078459153339,18.602645794812542,119.701935,0.6169856073857034
A1_LCD_plus_NLS,5,3863,3749,3.8680636172132337,14.961916146808726,50.25697,0.40651847718235234
