sequence_name,task_id,seed,frame,rg,rg_sq,ree_sq,asphericity
Ash1,8,7463,0,4.6736095927274866,21.842626625234388,176.57678,0.8326226316031318
Ash1,8,7463,1,2.5927020425217013,6.7221038812962,48.463,0.49982563424768345
Ash1,8,7463,2,2.185724745738416,4.777392664133263,11.546544,0.15826012146860258
Ash1,8,7463,3,2.4892611376087284,6.1964210112091,31.282541,0.5159993717621846
Ash1,8,7463,4,2.5324499354472363,6.41330267554671,16.721844,0.1546649659639896
Ash1,8,7463,5,2.514174914945067,6.321075502939035,18.586287,0.17529119794940634
Ash1,8,7463,6,2.976756806026353,8.861081082224217,81.148964,0.5494761572414091
Ash1,8,7463,7,2.8986579217605954,8.40221774738545,24.831213,0.28226913396754455
Ash1,8,7463,8,3.1948648721832895,10.207161551510747,69.75309,0.2998130766680415
Ash1,8,7463,9,3.238849686983479,10.490147294872981,26.502087,0.3820956008050881
Ash1,8,7463,10,2.7881123204352316,7.7735703113627315,35.948353,0.5897645804398554
Ash1,8,7463,11,3.8211603038869058,14.601266068001076,121.79265,0.5357035294846177
Ash1,8,7463,12,3.768834985418033,14.204117147310946,122.05974,0.6805835108051466
Ash1,8,7463,13,2.5606416552432067,6.556885686566669,35.948166,0.47891393721640974
Ash1,8,7463,14,2.548079456252304,6.492708915375037,20.971312,0.5107978618177501
Ash1,8,7463,15,1.8788036601454152,3.5299031933758096,21.11142,0.38225221797170716
Ash1,8,7463,16,2.2232699601972943,4.94292931591568,20.154493,0.21208771887099515
Ash1,8,7463,17,2.441802020265788,5.962397106174085,24.918121,0.3116945510766117
Ash1,8,7463,18,2.665432273290583,7.104529203499008,62.392075,0.3817051415045568
Ash1,8,7463,19,2.7359699437245633,7.485531532964189,41.190598,0.35057688660033937
Ash1,8,7463,20,2.841722824332904,8.075388610334576,40.281303,0.30309195322268523
Ash1,8,7463,21,2.533261743516988,6.417415061166728,57.936058,0.6407558540733028
Ash1,8,7463,22,2.948679058157686,8.6947081880177,100.67613,0.6672455270608626
Ash1,8,7463,23,3.5031914457114106,12.272350305305604,72.45763,0.7764237299332065
Ash1,8,7463,24,3.725716320017987,13.88096209724837,127.265,0.5274766975194956
Ash1,8,7463,25,3.4577404795280606,11.955969223766942,83.21914,0.7042899961014825
Ash1,8,7463,26,3.7587687174567126,14.12834227133118,131.58667,0.8429897524787598
Ash1,8,7463,27,3.6782283338965542,13.52936367627942,88.67186,0.741095492445653
Ash1,8,7463,28,2.230657678208742,4.975833677351615,16.924782,0.2686265731456141
Ash1,8,7463,29,3.22461396163713,10.39813520158511,58.24336,0.2939278436847237
Ash1,8,7463,30,2.897142926527433,8.393437136727936,79.419014,0.6952803486984531
Ash1,8,7463,31,2.8528179382036423,8.138570188536482,86.820404,0.37219138772301297
Ash1,8,7463,32,2.573949651321549,6.625216807538322,38.565628,0.2863717053843402
Ash1,8,7463,33,2.513248414501699,6.316417592995306,71.88946,0.5183365953519458
Ash1,8,7463,34,2.7253732727406725,7.4276594757692065,29.148682,0.4028036080228912
Ash1,8,7463,35,2.9479915214290355,8.690654010417475,60.148758,0.46044273665736324
Ash1,8,7463,36,3.1277694961832303,9.782942021254296,45.918827,0.68902708125372
Ash1,8,7463,37,2.897069165632302,8.393009750457441,111.146545,0.6265065497856522
Ash1,8,7463,38,2.9612416087884244,8.768951865619854,18.17092,0.7236139916350642
Ash1,8,7463,39,2.405314564580094,5.785538154581127,40.832943,0.296776607151288
Ash1,8,7463,40,2.5722632820644726,6.616538392257092,68.99021,0.5279969347319408
Ash1,8,7463,41,3.0324020333894226,9.1954620921043,49.617367,0.2646556992037265
Ash1,8,7463,42,2.7121240847234827,7.355617050937189,27.980774,0.3508337905363803
Ash1,8,7463,43,2.4468887662833256,5.9872646345635365,39.476513,0.34630241077392254
Ash1,8,7463,44,3.174915644285549,10.080089348329121,77.95138,0.6463097513487888
Ash1,8,7463,45,2.6009019217786373,6.764690806711808,23.640808,0.31516599100536724
Ash1,8,7463,46,2.9840445064892447,8.904521616708637,69.03874,0.6216643158300148
Ash1,8,7463,47,2.6681039995421063,7.118778952372582,48.69993,0.42382184600517625
Ash1,8,7463,48,2.6207937943317003,6.868560112407551,16.422878,0.4184039615639409
Ash1,8,7463,49,2.54594310701326,6.481826304148331,20.303692,0.24744448084471085
Ash1,8,7463,50,2.264877747299263,5.129671210211384,49.883675,0.3824313971239526
Ash1,8,7463,51,1.9512499286023146,3.807376283870539,21.431684,0.3937933555968619
Ash1,8,7463,52,2.412183210371606,5.818627840398667,43.096573,0.46454826299212043
Ash1,8,7463,53,2.663884912863893,7.096282828983871,43.844498,0.1918217894348409
Ash1,8,7463,54,2.2090778225294185,4.880024825991319,7.06681,0.19832465536921873
Ash1,8,7463,55,1.8709399478274231,3.500416288376479,7.5966597,0.2392403137794922
Ash1,8,7463,56,2.691089702405059,7.2419637863905475,20.623644,0.23934184948365486
Ash1,8,7463,57,3.160457656889018,9.98849260098842,48.621338,0.5925487569701362
Ash1,8,7463,58,2.994758099218828,8.968576072836768,28.753773,0.5941217119951586
Ash1,8,7463,59,2.592833912538957,6.722787698012077,26.859678,0.18971142420078796
Ash1,8,7463,60,2.8466955863950965,8.103675761601323,37.006546,0.3717460522319277
Ash1,8,7463,61,2.954990556302796,8.731969187838706,80.069756,0.6400877015382189
Ash1,8,7463,62,3.3051599298529015,10.924082161905238,62.217865,0.6166527427545013
Ash1,8,7463,63,2.9824869933529508,8.895228665519525,82.705795,0.5112526406922548
Ash1,8,7463,64,2.338853361554545,5.470235046854995,28.597843,0.35215841366801126
Ash1,8,7463,65,3.0986687284327394,9.601747888566967,38.39589,0.5374468555715513
Ash1,8,7463,66,3.6003481879102273,12.962507074188457,69.53264,0.7287010345197169
Ash1,8,7463,67,3.324325740765425,11.051141630715591,68.823204,0.6540914353365064
Ash1,8,7463,68,3.650482251688198,13.326020669890537,97.64056,0.6476553891984042
Ash1,8,7463,69,2.928023028094957,8.573318853054362,89.943695,0.4425520533875936
Ash1,8,7463,70,2.732605586633777,7.467133292102129,77.10426,0.3019822653296549
Ash1,8,7463,71,2.7369509703186616,7.490900613928263,50.911114,0.28278405586570027
Ash1,8,7463,72,2.508001062269363,6.290069328344254,43.334957,0.5868025875342874
Ash1,8,7463,73,2.7951456965467605,7.8128394649238775,33.31214,0.6214819844299347
Ash1,8,7463,74,4.009466324122498,16.07582020427238,142.03621,0.826598776431561
Ash1,8,7463,75,3.1768974793803113,10.092677594492976,98.765274,0.5779337140190706
Ash1,8,7463,76,3.671318660431045,13.478580706429199,99.23258,0.7537314885131583
Ash1,8,7463,77,3.635031626503523,13.213454925680848,73.18768,0.6283848866375261
Ash1,8,7463,78,2.3595831287338207,5.5676325414052865,30.688738,0.5555818164207484
Ash1,8,7463,79,2.087126369643595,4.356096482861653,17.4727,0.2798190270441902
Ash1,8,7463,80,2.0541955370908362,4.21971930460391,26.97332,0.3873249020592233
Ash1,8,7463,81,2.680192498041193,7.183431826556289,58.33902,0.5424618481269644
Ash1,8,7463,82,2.8646416583797087,8.206171830924449,56.698135,0.4627301438284315
Ash1,8,7463,83,2.985560967061268,8.91357428803981,31.255474,0.3649288843907352
Ash1,8,7463,84,2.6682122590594894,7.119356659395344,49.91768,0.5709931469519538
Ash1,8,7463,85,2.7400026578622216,7.507614565092041,60.241394,0.507812451333181
Ash1,8,7463,86,2.342340136833567,5.48655731662149,58.171555,0.5568589409604877
Ash1,8,7463,87,2.707618222674856,7.331196439760946,43.059925,0.38050320099529056
Ash1,8,7463,88,1.9933872449442729,3.9735927083065166,5.509243,0.25002466707431753
Ash1,8,7463,89,2.32215050790525,5.3923829813646105,19.184195,0.2375194265532532
Ash1,8,7463,90,2.3886515212624095,5.7056560900292235,32.481445,0.14732627629459388
Ash1,8,7463,91,1.997652426974536,3.9906152189972532,2.8705404,0.3348552947071842
Ash1,8,7463,92,2.8636180548947197,8.20030836431902,14.433477,0.21698972418228013
Ash1,8,7463,93,2.716941523657854,7.381771242976259,64.1431,0.748403432876252
Ash1,8,7463,94,3.139396838480166,9.855812509459259,75.48986,0.6730700196073407
Ash1,8,7463,95,2.675188913606288,7.1566357234819895,82.481224,0.3953810170024587
Ash1,8,7463,96,4.384241327553748,19.221572018230248,129.20398,0.8683303021618269
Ash1,8,7463,97,3.8308164766038093,14.675154877419224,120.29884,0.782083243679957
Ash1,8,7463,98,2.1530086557495953,4.635446271732678,41.59029,0.3233345468206483
Ash1,8,7463,99,2.9237263670191003,8.548175869202705,56.321747,0.388307355293265
Ash1,8,7463,100,2.578708583985739,6.649737961121735,33.01032,0.22842601007574648
Ash1,8,7463,101,2.89321400858319,8.37068729946201,96.73483,0.5014095046481237
Ash1,8,7463,102,3.0218771527956125,9.131741526588119,64.08901,0.6301254378266766
Ash1,8,7463,103,2.5573956864576397,6.540272697112142,27.74422,0.39745079383899756
Ash1,8,7463,104,2.6963345397804157,7.270219950412867,49.884216,0.4747862620540477
Ash1,8,7463,105,3.221476253831808,10.37790925400222,65.22131,0.6910749422226118
Ash1,8,7463,106,3.765532757506154,14.179236947851903,109.52422,0.8039097263526304
Ash1,8,7463,107,2.955615089641325,8.735660558115498,101.22558,0.5889111989472722
Ash1,8,7463,108,1.9736509665727593,3.8952981378535876,5.5539007,0.42044704500731456
Ash1,8,7463,109,2.317847716034826,5.37241803472786,55.429684,0.45876928735606437
Ash1,8,7463,110,3.185901048443351,10.149965490472443,48.564575,0.7816695288465747
Ash1,8,7463,111,2.9466927822263806,8.682998352825052,71.08563,0.5482654483959717
Ash1,8,7463,112,2.694524470651099,7.260462122937584,22.266136,0.17929873092636764
Ash1,8,7463,113,1.8954971167450019,3.5929093195886157,19.45984,0.3741833304074984
Ash1,8,7463,114,2.555370453510036,6.529918154672088,44.946835,0.41055316681751
Ash1,8,7463,115,2.853743892414432,8.143854203492673,15.708992,0.2710250799841739
Ash1,8,7463,116,3.2152813389622055,10.338034088678594,70.492256,0.42377675748699906
Ash1,8,7463,117,2.862303996678951,8.1927841694043,49.901825,0.21640626421712317
Ash1,8,7463,118,2.567910286479332,6.594163239406368,20.508945,0.7562717779967014
Ash1,8,7463,119,3.511851183898743,12.333098737851003,67.0883,0.7664562278013481
Ash1,8,7463,120,4.075936613067269,16.613259273742283,127.67619,0.6935304744939127
Ash1,8,7463,121,3.1348800889282153,9.827473171958577,47.623592,0.635715508318928
Ash1,8,7463,122,2.6092894569936953,6.808391470378453,49.226265,0.21703515732645878
Ash1,8,7463,123,3.1830840855210325,10.13202429549727,94.874756,0.6088495007971413
Ash1,8,7463,124,3.528300256612752,12.44890270081361,26.880686,0.7418869951325298
Ash1,8,7463,125,3.7158481124800997,13.807527195021917,137.37923,0.7336450852569771
Ash1,8,7463,126,3.5961628062824476,12.93238692928925,97.86761,0.6601421485097005
Ash1,8,7463,127,2.3804520660496076,5.666552038759845,58.175716,0.28541117122759846
Ash1,8,7463,128,2.4118451352233383,5.816996956300482,40.006954,0.26826981513257236
Ash1,8,7463,129,2.4593033239738746,6.048172839308949,28.02435,0.40273446446326305
Ash1,8,7463,130,2.203569105209316,4.855716801432986,41.187454,0.30959466434567434
Ash1,8,7463,131,3.0072593646828913,9.043608886472944,76.07213,0.6206344069457294
Ash1,8,7463,132,3.0159642929829236,9.096040616547988,29.440952,0.2613605991606654
Ash1,8,7463,133,2.1256474426781513,4.5183770505641645,7.5556626,0.4192698258811101
Ash1,8,7463,134,2.5357094262376685,6.429822294310565,20.602467,0.36437458150312185
Ash1,8,7463,135,3.052113236660322,9.315395209397145,63.180862,0.592021168221315
Ash1,8,7463,136,3.509432641584887,12.316117465821474,60.441757,0.6187019235207759
Ash1,8,7463,137,3.890105577380165,15.13292140316427,82.04602,0.3502363232107326
Ash1,8,7463,138,2.6559584863255252,7.054115481084575,33.672882,0.18549947379717788
Ash1,8,7463,139,1.842278146675261,3.3939887697172346,8.243015,0.251356210438823
Ash1,8,7463,140,2.0259862476146666,4.104620275523757,6.0796204,0.27171696145575974
Ash1,8,7463,141,2.4763042687543715,6.1320828314511235,30.909365,0.19222381547528794
Ash1,8,7463,142,2.523609254023052,6.368603666990784,34.257305,0.23414231033367075
Ash1,8,7463,143,2.2632154185210673,5.122144030631492,43.571156,0.4258122095256549
Ash1,8,7463,144,3.1191381271316407,9.72902265612628,52.908287,0.7020063044394288
Ash1,8,7463,145,3.012393529724136,9.074514777923842,59.676163,0.6792951279915193
Ash1,8,7463,146,1.8088592305569107,3.2719717159709387,17.822392,0.21014052962061153
Ash1,8,7463,147,2.590301198704327,6.709660300009072,30.945171,0.34522821476612103
Ash1,8,7463,148,2.5470656555307887,6.487543453584487,35.662403,0.5520344715078309
Ash1,8,7463,149,2.4896143839227705,6.198179780635157,29.022282,0.39686366521285166
Ash1,8,7463,150,2.883245402105935,8.313104048765013,45.425808,0.6651577386545161
Ash1,8,7463,151,3.233985086063796,10.458659536883058,74.76606,0.5706564435543852
Ash1,8,7463,152,3.5121494936048676,12.335194065428931,136.3894,0.5685936923744517
Ash1,8,7463,153,2.997997663081899,8.98798998784453,57.63678,0.393044265601719
Ash1,8,7463,154,2.7269734337245746,7.436384108239598,28.484966,0.2830705357335156
Ash1,8,7463,155,1.9622497774742387,3.8504241891976996,1.6279076,0.279732506061614
Ash1,8,7463,156,2.631815877315427,6.92645481208957,33.529926,0.28559525407198555
Ash1,8,7463,157,2.379208874510084,5.660634868547541,42.430473,0.1575890019099748
Ash1,8,7463,158,2.2349878858870853,4.995170850062022,21.73938,0.18117436111469593
Ash1,8,7463,159,2.6169262720972535,6.848303113592826,45.63685,0.3137917274239105
Ash1,8,7463,160,3.1419350119396783,9.871755619252387,54.036514,0.3073192072362038
Ash1,8,7463,161,3.3740395574648825,11.38414293533782,73.6986,0.5188125851648613
Ash1,8,7463,162,2.140978026532176,4.583786910093614,20.12679,0.47201244425827166
Ash1,8,7463,163,2.4920398314394157,6.210262521480592,27.514389,0.41131611609408103
Ash1,8,7463,164,3.452874551390927,11.922342667643095,97.17345,0.8517329624388543
Ash1,8,7463,165,3.7098229674970744,13.7627864501688,119.872986,0.5605211474370311
Ash1,8,7463,166,2.5078682654258615,6.289403236730121,49.164536,0.47738681723166687
Ash1,8,7463,167,2.398419224809708,5.752414777936799,47.899834,0.24649326319839038
Ash1,8,7463,168,2.0516646364305036,4.209327780379511,20.778803,0.21456055602766827
Ash1,8,7463,169,2.3795912282839566,5.662454413725949,22.742868,0.2176568840868603
Ash1,8,7463,170,2.6817166942867297,7.191604428416148,22.099178,0.07973917947327723
Ash1,8,7463,171,2.54690672961582,6.486733889362353,28.31736,0.46480603307200197
Ash1,8,7463,172,3.13414163965244,9.822843817403282,58.55458,0.3333232797140079
Ash1,8,7463,173,3.4186262137520096,11.687005189352403,58.37439,0.4995460962393079
Ash1,8,7463,174,2.369676814470719,5.615368205040096,27.814407,0.38370421143497224
Ash1,8,7463,175,2.3468131613480363,5.507532014276363,24.870619,0.36226779211026017
Ash1,8,7463,176,2.690465698666951,7.238605675703444,22.390638,0.2762198396481743
Ash1,8,7463,177,2.16261564678401,4.676906435715024,42.407158,0.13240114852960394
Ash1,8,7463,178,2.670173865567753,7.129828472361038,23.388165,0.2697801450506221
Ash1,8,7463,179,3.038640631343389,9.233336886450951,35.49991,0.4909556862987733
Ash1,8,7463,180,3.5996246097703257,12.957297331264165,87.62406,0.5469645054999002
Ash1,8,7463,181,3.0093842428574322,9.0563935211586,68.386665,0.561463344915879
Ash1,8,7463,182,2.3269455820246048,5.414675741703826,19.051012,0.3508590705404043
Ash1,8,7463,183,2.4227958589154954,5.869939773978073,20.781593,0.28658136474066
Ash1,8,7463,184,2.2760208892206624,5.180271088168814,54.76796,0.2583123253996047
Ash1,8,7463,185,2.463514845351618,6.068905393267806,19.126005,0.6496536026090364
Ash1,8,7463,186,3.489555621946722,12.176998438659968,74.97261,0.5044062959315024
Ash1,8,7463,187,4.224862025083614,17.849459130993615,127.83746,0.8264922543197013
Ash1,8,7463,188,3.6081131499769223,13.01848050303639,84.93377,0.7695128221571748
Ash1,8,7463,189,3.155975128029874,9.960179008743179,64.89709,0.27016982422910835
Ash1,8,7463,190,2.2441021736707016,5.035994565873569,6.94642,0.17576250632161755
Ash1,8,7463,191,2.7031571795635414,7.307058737425918,33.994976,0.2886780473951704
Ash1,8,7463,192,2.212846396707279,4.896689175420387,5.2056284,0.15869049647645708
Ash1,8,7463,193,1.8952495539546417,3.5919708717652674,3.9525151,0.0495566565278468
Ash1,8,7463,194,3.088106656539354,9.536402722162666,65.88382,0.6373985820881836
Ash1,8,7463,195,3.1053702220555506,9.64332421602934,70.691444,0.5666928037792963
Ash1,8,7463,196,2.63321755790362,6.933834707251905,32.289963,0.6360312911865575
Ash1,8,7463,197,2.3928138448138676,5.725558095932924,27.600502,0.48812466050820547
Ash1,8,7463,198,3.2512426689575675,10.570578892450328,118.54113,0.6387260434810444
Ash1,8,7463,199,2.713271151034405,7.361840339035566,40.07534,0.6533234924094247
Ash1,8,7463,200,2.460572831864161,6.054418660908017,63.85849,0.3846994340347023
Ash1,8,7463,201,2.9321804475360187,8.59768217691253,23.240309,0.6991571816895934
Ash1,8,7463,202,2.6219056652548938,6.874389317495708,44.871532,0.3943553284482125
Ash1,8,7463,203,2.784223084513692,7.7518981843389385,45.527386,0.4610085934024007
Ash1,8,7463,204,2.1528620532580383,4.634815020358417,25.822647,0.3133818096015185
Ash1,8,7463,205,1.825043213678046,3.3307827317922905,2.5333753,0.04505549588190202
Ash1,8,7463,206,2.071318925564176,4.290362091400333,20.582775,0.09569478972530604
Ash1,8,7463,207,2.3789761184807885,5.65952737230192,42.11415,0.3536772854862189
Ash1,8,7463,208,2.6587538806421747,7.068972197829824,55.285744,0.36598661666489474
Ash1,8,7463,209,2.3925832538688043,5.724454626693433,15.058166,0.4393915458448275
Ash1,8,7463,210,1.878494828371577,3.5287428202187607,10.749021,0.2790946893594621
Ash1,8,7463,211,2.125865449470094,4.519303909250686,7.7431507,0.3512787013033971
Ash1,8,7463,212,3.250688554047895,10.566976075417994,54.06174,0.6798956962202618
Ash1,8,7463,213,2.720124961698545,7.399079807255511,54.872196,0.514065427697697
Ash1,8,7463,214,3.122660199794098,9.751006723378117,20.578749,0.6747945569176217
Ash1,8,7463,215,1.9546055317041118,3.820482784568313,26.207607,0.1130467646587307
Ash1,8,7463,216,2.853896423834684,8.144724797976396,26.481007,0.3042493803434352
Ash1,8,7463,217,3.3063427929076594,10.931902664212423,44.027504,0.5662702508092811
Ash1,8,7463,218,2.999843699215177,8.999062219720999,52.61078,0.6613035834055888
Ash1,8,7463,219,2.925061265364938,8.555983406138333,62.763126,0.45712035124181893
Ash1,8,7463,220,2.876722421715472,8.275531891600528,37.2789,0.6948779947804222
Ash1,8,7463,221,2.523483968660181,6.367971340084937,52.39179,0.4581435582047961
Ash1,8,7463,222,2.488441426895333,6.192340735088882,28.632792,0.2105893660299485
Ash1,8,7463,223,3.0920123843578984,9.560540585022615,65.08972,0.5827031756624192
Ash1,8,7463,224,3.4411550864621563,11.841548329084372,78.6507,0.45554297777526187
Ash1,8,7463,225,2.223849400963223,4.945506158164485,48.657104,0.1768963451806023
Ash1,8,7463,226,2.6215598902687365,6.87257625826583,42.849777,0.3922613084409917
Ash1,8,7463,227,3.2372540748144356,10.479813944902668,63.37097,0.6880250430499013
Ash1,8,7463,228,3.879747268469496,15.052438867196516,131.92746,0.7952498423157528
Ash1,8,7463,229,3.931582826076709,15.457343518301322,134.46231,0.7517082982348581
Ash1,8,7463,230,2.987840989426376,8.927193778096383,54.05293,0.4334914584799736
Ash1,8,7463,231,2.8857830860222755,8.327744019572245,61.578743,0.5173560405822313
Ash1,8,7463,232,1.9065399295719554,3.634894503052236,17.6095,0.3556267108630664
Ash1,8,7463,233,2.7261026927808776,7.4316358915871525,54.916332,0.6949409941611939
Ash1,8,7463,234,3.6147236684352873,13.066227199146262,130.72504,0.4514338718594473
Ash1,8,7463,235,2.3393976508737264,5.472781368913511,34.691032,0.15033007979551938
Ash1,8,7463,236,2.6025392618614065,6.773210609530116,51.20904,0.3193028488018494
Ash1,8,7463,237,2.51089179588299,6.304577610632507,42.061897,0.40055864272584585
Ash1,8,7463,238,3.2327941561783486,10.450958056220882,102.528114,0.6634370847684545
Ash1,8,7463,239,2.412715708447158,5.821197089787674,47.12259,0.4150189131179256
Ash1,8,7463,240,2.9331780089350605,8.603533232100247,67.003006,0.5812704841263712
Ash1,8,7463,241,2.912735754156597,8.484029573542198,71.57502,0.500811534168391
Ash1,8,7463,242,2.618264542045543,6.855309212132958,36.541035,0.6219739688756518
Ash1,8,7463,243,3.1783731206280645,10.102055693930982,48.87798,0.37544156798751205
Ash1,8,7463,244,1.7781347181286102,3.1617630758143123,11.710473,0.2458380926114941
Ash1,8,7463,245,1.6292205161940405,2.654359490387576,24.997128,0.10328738145710167
Ash1,8,7463,246,2.312588544874848,5.348065777886369,44.76297,0.34394014947371543
Ash1,8,7463,247,2.2509062754906264,5.066579061043084,22.236135,0.2658888660011476
Ash1,8,7463,248,1.9678848512492055,3.8725707877761066,40.060806,0.2719463653401132
Ash1,8,7463,249,2.037307438040558,4.150621597095383,20.298733,0.30999856788121616
Ash1,8,7463,250,2.7758744213083797,7.705478802874129,63.30342,0.6459481454609406
Ash1,8,7463,251,3.4804920043803693,12.113824592555682,61.883343,0.781109444377054
Ash1,8,7463,252,3.5824904266204514,12.834237656827185,99.19008,0.8265265658607471
Ash1,8,7463,253,2.6629873424061423,7.091501585815332,18.060097,0.4078438593564844
Ash1,8,7463,254,3.2928211943914882,10.842671418233788,37.803288,0.29576278404564693
Ash1,8,7463,255,3.9530691804572298,15.626755945480799,73.730484,0.6857296983734359
Ash1,8,7463,256,5.36491512830757,28.782314333943443,284.97632,0.8566254563831521
Ash1,8,7463,257,4.076530793750137,16.61810331239312,170.18076,0.8310156291430612
Ash1,8,7463,258,3.1427731307289224,9.877022951231673,104.29017,0.4793460440735441
Ash1,8,7463,259,3.3217271773535875,11.033871440769435,43.42262,0.702813327071709
Ash1,8,7463,260,2.85622007684942,8.157993127397706,26.763367,0.6818982911810393
Ash1,8,7463,261,2.7321304477993587,7.46453678379232,35.470596,0.41930280102612805
Ash1,8,7463,262,1.8940306231460675,3.587352001415081,5.74687,0.17377144869848168
Ash1,8,7463,263,2.580778230324255,6.660416274115591,78.249214,0.29013221600953354
Ash1,8,7463,264,3.1198266764387275,9.733318491018714,106.11184,0.49601397187820095
Ash1,8,7463,265,3.1464616950371704,9.900221198336181,83.59333,0.7078793962365743
Ash1,8,7463,266,2.9648339450671064,8.790240321822182,92.68615,0.6446802806809477
Ash1,8,7463,267,3.10801640984787,9.659766003883641,78.98314,0.4294633597706021
Ash1,8,7463,268,2.8813688040874244,8.302286185168194,80.59417,0.5389728848917409
Ash1,8,7463,269,2.873303878919162,8.255875180611902,99.6611,0.6530968566774635
Ash1,8,7463,270,2.9420252050336364,8.65551230705321,45.520164,0.6306005841492328
Ash1,8,7463,271,2.0787382260930944,4.321152612620665,13.816877,0.2967081395948626
Ash1,8,7463,272,2.260748789896044,5.1109850910164285,37.784836,0.505918554119166
Ash1,8,7463,273,2.81650898300058,7.9327228513229615,26.700281,0.5422629200248512
Ash1,8,7463,274,3.1702313411916636,10.050366756673894,45.51129,0.40748150181567067
Ash1,8,7463,275,3.2383335929619603,10.486804459305922,24.911564,0.36706043994814264
Ash1,8,7463,276,2.2588680733927418,5.102484972993038,67.44424,0.25646826319904564
Ash1,8,7463,277,2.686863972704599,7.219238007817938,18.979397,0.6324252916160099
Ash1,8,7463,278,3.1854862564526436,10.147322690048679,80.86648,0.5135363255563589
Ash1,8,7463,279,2.7316040482587614,7.461660676463652,58.897118,0.4705879057057086
Ash1,8,7463,280,2.70182352381294,7.2998503538289725,32.833885,0.32319665759520844
Ash1,8,7463,281,2.913095867873598,8.486127535422229,55.435272,0.5065604881799758
Ash1,8,7463,282,2.8110913481207787,7.902234567479498,31.68115,0.41686686077448515
Ash1,8,7463,283,2.1781862538566212,4.744495356489941,55.929535,0.2628172310042932
Ash1,8,7463,284,3.8943673107636756,15.1660967511447,135.94637,0.6483006986406317
Ash1,8,7463,285,2.8616851010110738,8.18924161734876,62.26271,0.2999672153031164
Ash1,8,7463,286,2.2642109162073702,5.126651073072617,6.8813043,0.14692893301672272
Ash1,8,7463,287,1.956021813206574,3.8260213337399342,1.9437888,0.19555756248871864
Ash1,8,7463,288,2.258830611102811,5.102315729655101,53.511772,0.23932651354523554
Ash1,8,7463,289,2.9990323871200726,8.994195258995122,64.28578,0.39932776229052325
Ash1,8,7463,290,2.861384182434713,8.18751943948757,47.1895,0.36703457004943296
Ash1,8,7463,291,2.6471631740998447,7.007472870310364,36.972134,0.5374891594747755
Ash1,8,7463,292,2.674520549371409,7.153060169009942,36.308228,0.48284623173081226
Ash1,8,7463,293,2.908138231808296,8.457267975305081,15.6996765,0.2409006773207255
Ash1,8,7463,294,2.1474467155420056,4.6115273960921455,32.828926,0.2781225211038528
Ash1,8,7463,295,2.1939803691010673,4.813549860000855,4.8579955,0.33177404109161734
Ash1,8,7463,296,2.231821705047376,4.981028123120576,12.781424,0.294203517172191
Ash1,8,7463,297,3.5592530447235933,12.668282236374168,114.16495,0.6753328683527968
Ash1,8,7463,298,3.168150484569315,10.037177492876788,68.21643,0.6743063620598957
Ash1,8,7463,299,2.715149155290737,7.372034935476002,26.602745,0.6359429839499102
Ash1,8,7463,300,2.545694498618167,6.480560480294801,14.52075,0.26077636546437344
Ash1,8,7463,301,1.8264988988668445,3.336098227561795,25.86385,0.23989987180498684
Ash1,8,7463,302,2.254523644306401,5.082876862736618,55.906807,0.42645078263655245
Ash1,8,7463,303,3.3893893108993094,11.487959900838495,40.77405,0.5617230278647636
Ash1,8,7463,304,3.3600275363303873,11.289785044898453,41.275154,0.6150775584367069
Ash1,8,7463,305,2.6561155370071607,7.0549497459308395,38.702454,0.49699017402969764
Ash1,8,7463,306,2.4682367345474505,6.092192577769461,78.79564,0.2731348781199624
Ash1,8,7463,307,2.058340536737325,4.236765765176101,13.334471,0.14157288174938593
Ash1,8,7463,308,2.287660899964029,5.233392393224233,56.512386,0.4603154573102772
Ash1,8,7463,309,2.647766537043447,7.010667634687048,45.198753,0.2536691146187233
Ash1,8,7463,310,3.251101329966271,10.569659857708457,59.401993,0.1899236469953572
Ash1,8,7463,311,2.140924183015251,4.58355635741952,30.040852,0.29253931847892
Ash1,8,7463,312,1.67243837367775,2.7970501137498767,7.983839,0.28206714227165
Ash1,8,7463,313,2.3063389847819984,5.31919951272526,29.77869,0.22055056837468462
Ash1,8,7463,314,3.0400358750267524,9.241818121449674,72.43837,0.40740246217350096
Ash1,8,7463,315,2.8890938536551705,8.346863295228085,29.154797,0.34651376443278864
Ash1,8,7463,316,2.84053647436193,8.068647462180502,31.993359,0.32330397265189076
Ash1,8,7463,317,2.822831524957487,7.968377818293817,72.550835,0.23223160935993303
Ash1,8,7463,318,2.8916180386908685,8.361454881682425,58.995045,0.5389662218958391
Ash1,8,7463,319,2.3296820453317353,5.427418432341056,21.348198,0.34350569429621247
Ash1,8,7463,320,2.6599274485040723,7.075214031305383,24.302982,0.5446154757098352
Ash1,8,7463,321,2.591710082471646,6.716961151585186,45.8803,0.28915630128021175
Ash1,8,7463,322,2.9006591770402173,8.413823661347628,58.753956,0.30896181665497924
Ash1,8,7463,323,1.9471426076191527,3.7913643344059134,39.134815,0.14545733640270986
Ash1,8,7463,324,2.4906365383273927,6.203270366051457,37.837105,0.1700796665127061
Ash1,8,7463,325,2.4629161518373257,6.0659559709811814,27.767857,0.39881881441302236
Ash1,8,7463,326,3.0327416534191345,9.197521936383426,50.941887,0.5220257946918282
Ash1,8,7463,327,3.881125809396133,15.063137548360785,125.249725,0.7209732419614535
Ash1,8,7463,328,4.0522391872861965,16.42064243097789,142.40637,0.9008876561778112
Ash1,8,7463,329,3.734954178975223,13.949882719044481,110.926926,0.8314469346699586
Ash1,8,7463,330,2.1148461178571596,4.472574102215498,7.5135674,0.16715493621881056
Ash1,8,7463,331,1.8838862096760791,3.5490272510077046,10.380266,0.14897453453110338
Ash1,8,7463,332,2.622117810079727,6.875501809937303,11.454325,0.4168157140298955
Ash1,8,7463,333,2.15347366331744,4.637448818601835,13.23041,0.1820428411161764
Ash1,8,7463,334,1.6798119123990596,2.8217680610377855,12.788407,0.22141633672594888
Ash1,8,7463,335,2.7044322431209262,7.313953757632083,51.88427,0.5905057295712808
Ash1,8,7463,336,2.246160069609206,5.045235058306836,33.15957,0.3903410801762065
Ash1,8,7463,337,3.3108187359365506,10.961520702228498,85.7247,0.5708491317165747
Ash1,8,7463,338,3.67727212147342,13.52233025536563,99.683754,0.6341026243784232
Ash1,8,7463,339,2.434595511293288,5.927255303609428,9.509315,0.2031767879689324
Ash1,8,7463,340,2.2612731886549695,5.113356433729814,20.527874,0.15448968515618972
Ash1,8,7463,341,2.584051286124077,6.677321049319497,25.51539,0.20786530983038137
Ash1,8,7463,342,2.592375216939256,6.720409265400855,31.44957,0.293321081341084
Ash1,8,7463,343,2.085252823250209,4.348279336872966,23.981987,0.2179212600804007
Ash1,8,7463,344,2.9179823732258177,8.514621130456574,100.32028,0.5910283401327149
Ash1,8,7463,345,3.026328760987293,9.158665769578883,47.48617,0.5437649397498465
Ash1,8,7463,346,2.566350150433911,6.586153094632157,21.9974,0.40654943055033266
Ash1,8,7463,347,3.39087985842541,11.498066214275129,56.54919,0.48827638601096435
Ash1,8,7463,348,2.866527588021292,8.216980412887168,54.375587,0.3179435034012695
Ash1,8,7463,349,3.046623052175674,9.281912022048216,32.9803,0.44867212077530316
Ash1,8,7463,350,2.173650794570181,4.72475777673558,7.8254156,0.4618490536456751
Ash1,8,7463,351,2.70082943699604,7.294479647744345,31.370987,0.5214344668852573
Ash1,8,7463,352,2.7816202506647807,7.7374112189084,67.31678,0.40107280238336573
Ash1,8,7463,353,2.914105433253105,8.49201047611527,76.39926,0.6199955100753072
Ash1,8,7463,354,2.6576147516740183,7.062916168315351,54.90333,0.508557799356588
Ash1,8,7463,355,2.6821126121652177,7.193728064335727,68.437584,0.5024238402006138
Ash1,8,7463,356,2.439132049942111,5.949365157054805,47.982655,0.44185180761143006
Ash1,8,7463,357,2.7549997298276665,7.590023511350514,75.79615,0.4722213099930991
Ash1,8,7463,358,2.4073593955745802,5.795379259461207,48.486256,0.32942234731162245
Ash1,8,7463,359,3.059249603477536,9.35900813637746,73.2897,0.4610775075872397
Ash1,8,7463,360,2.7271305227930673,7.43724088834959,11.382406,0.4079148654234932
Ash1,8,7463,361,2.21709764281539,4.915521957777557,16.19449,0.2146585644811151
Ash1,8,7463,362,3.136303616922177,9.836400377519126,35.90612,0.5754123734286968
Ash1,8,7463,363,2.545262084599728,6.478359079300954,45.563015,0.3881546987621245
Ash1,8,7463,364,2.639682297632196,6.967922632432787,37.0439,0.28251156267317656
Ash1,8,7463,365,2.962972022345574,8.77920320520262,74.50249,0.5408522802529117
Ash1,8,7463,366,2.8427428875719456,8.081187124840884,37.52346,0.5685668290941912
Ash1,8,7463,367,2.788693717791293,7.776812651648623,66.56622,0.6316537777697311
Ash1,8,7463,368,2.74031511321714,7.509326919726267,24.178194,0.3421558236462347
Ash1,8,7463,369,2.439076134098926,5.949092387930963,39.520184,0.4077441723321975
Ash1,8,7463,370,2.665243689441939,7.103523924110077,32.766228,0.5469328318558646
Ash1,8,7463,371,2.2941446242857726,5.263099557139312,29.634441,0.2443644991672303
Ash1,8,7463,372,2.5642632642692096,6.575446088480583,18.392637,0.4540809096061187
Ash1,8,7463,373,3.865004895242427,14.938262840247925,136.94144,0.8208862035588511
Ash1,8,7463,374,4.304850619275036,18.531738854272657,142.0416,0.8400466645678276
Ash1,8,7463,375,2.928077491750209,8.573637797694197,46.09372,0.6424067008477934
Ash1,8,7463,376,2.398914854843548,5.75479248078904,39.734196,0.45587955560013155
Ash1,8,7463,377,2.284374517035535,5.218366934081332,20.442368,0.27335184207634794
Ash1,8,7463,378,3.6576302386568007,13.378258962736606,98.74757,0.5182528699894585
Ash1,8,7463,379,2.952674444303207,8.718286374041254,69.64221,0.6159348589639743
Ash1,8,7463,380,3.0813229372085256,9.494551043367375,64.033745,0.6350280297001315
Ash1,8,7463,381,2.402541066330501,5.7722035754044985,20.23442,0.5224358170455877
Ash1,8,7463,382,2.5062888379132224,6.281483739048413,23.320269,0.24477096316491706
Ash1,8,7463,383,2.60850024473138,6.804273526763668,13.9574375,0.41662292877598583
Ash1,8,7463,384,2.971121223092481,8.82756132231056,57.211697,0.7064056626708355
Ash1,8,7463,385,2.155743544491367,4.647230229616202,41.091255,0.3510998348550619
Ash1,8,7463,386,3.085311216442635,9.51914530230673,44.3263,0.21913897654881132
Ash1,8,7463,387,3.654304221540871,13.353939343571431,98.17156,0.7369928334414427
Ash1,8,7463,388,3.0228496215815346,9.137619834695633,53.600067,0.5254875177817323
Ash1,8,7463,389,2.4039703330869733,5.779073362362295,48.07962,0.23133114229637777
Ash1,8,7463,390,2.532095407609929,6.4115071532392935,36.982418,0.5062679899206634
Ash1,8,7463,391,3.4012338300532368,11.568391566698606,55.108875,0.756994360619863
Ash1,8,7463,392,2.838428999668071,8.056679186156686,73.460945,0.6217647224193477
Ash1,8,7463,393,2.4677509611582598,6.0897948062975145,14.241638,0.36075685531897483
Ash1,8,7463,394,1.8397628492645812,3.38472734153413,4.2562547,0.11572210236068706
Ash1,8,7463,395,2.033626275799934,4.135635829623911,9.08046,0.3600294373160095
Ash1,8,7463,396,3.1023860072501614,9.624798937981597,107.143486,0.43703749737556896
Ash1,8,7463,397,2.3095739526010277,5.334131842533133,14.978909,0.40284514362277607
Ash1,8,7463,398,2.1249968972327324,4.51561181324874,11.911976,0.2705057367692036
Ash1,8,7463,399,2.4149523935236283,5.831995062985502,21.521717,0.18354271343639614
Ash1,8,7463,400,2.0564645756132665,4.2290465507522494,16.700802,0.12179855202124087
Ash1,8,7463,401,2.834152689497016,8.032421467383168,55.596764,0.30968220470182617
Ash1,8,7463,402,2.889501767538346,8.349220464607226,57.49247,0.5414959738171539
Ash1,8,7463,403,3.068771296215868,9.417357268478417,59.447723,0.4799509389268992
Ash1,8,7463,404,2.7643349551664564,7.641547744355134,34.95469,0.24084417741075378
Ash1,8,7463,405,2.4444236044645526,5.975206758063474,61.25348,0.24121290750290036
Ash1,8,7463,406,2.3286969742769155,5.422829598006461,33.783417,0.40216865194154044
Ash1,8,7463,407,3.202959284710269,10.258948179511718,70.042755,0.43313725482655446
Ash1,8,7463,408,2.9053655550865547,8.441149008683405,71.35399,0.6744380142334696
Ash1,8,7463,409,2.792880293155414,7.800180331895868,83.85983,0.5607209404549396
Ash1,8,7463,410,1.8730407095267754,3.508281499544567,5.120455,0.24449270450010377
Ash1,8,7463,411,2.423463497966917,5.873175325978047,16.106396,0.3444333240060634
Ash1,8,7463,412,2.5946429462351395,6.732172018447764,61.177296,0.44536192530787433
Ash1,8,7463,413,2.8398703489412966,8.064863598795963,65.07192,0.626046124699197
Ash1,8,7463,414,2.214346321415386,4.9033296311658505,32.4726,0.3036385386608135
Ash1,8,7463,415,1.994300294685579,3.9772336653829874,23.862024,0.20384076963292047
Ash1,8,7463,416,2.0625496264080785,4.254110961396104,15.322634,0.1375276733884021
Ash1,8,7463,417,2.5591090237559735,6.549038995469253,43.630318,0.31467660267345177
Ash1,8,7463,418,3.630445270121595,13.180132859348257,104.00252,0.5190707056857238
Ash1,8,7463,419,3.618805083452472,13.095750232021453,69.4327,0.3891488503086541
Ash1,8,7463,420,1.8632738199174537,3.471789327989779,28.794085,0.14413594001077704
Ash1,8,7463,421,2.027282332087373,4.109873653993618,22.242056,0.2540299887894046
Ash1,8,7463,422,2.687883139942351,7.2247157739863495,63.711624,0.6232882597084161
Ash1,8,7463,423,2.806937449119612,7.878897843270114,71.853806,0.5958674926067747
Ash1,8,7463,424,3.0371235415119524,9.224119406406103,84.97091,0.5779952307083825
Ash1,8,7463,425,2.5179690588222536,6.340168181186227,27.568512,0.3247158971021713
Ash1,8,7463,426,2.453163608557552,6.018011690351107,19.277637,0.332671994695615
Ash1,8,7463,427,2.4697966555162933,6.099895519599468,37.294636,0.30596189175600885
Ash1,8,7463,428,2.4974913360738134,6.237462973763761,38.703285,0.432572101756889
Ash1,8,7463,429,2.7006860647933904,7.2937052205692074,30.799622,0.29534177657605243
Ash1,8,7463,430,2.2987748537473665,5.284365828221225,15.256671,0.24013356342227674
Ash1,8,7463,431,3.0850626502490837,9.5176115559619,75.44495,0.3745886994198408
Ash1,8,7463,432,3.547515892525238,12.584869007719135,107.83913,0.5448592427651657
Ash1,8,7463,433,2.698904219345079,7.284083985198671,30.633957,0.5322933373048533
Ash1,8,7463,434,3.343528487481526,11.179182746600501,99.94824,0.6810800499625839
Ash1,8,7463,435,3.468390674608365,12.029733871710267,92.39571,0.5974568393914268
Ash1,8,7463,436,3.8075334456437684,14.497310939695907,126.162155,0.6705340512269974
Ash1,8,7463,437,3.498802492979652,12.241618884880626,130.19035,0.7303231365702868
Ash1,8,7463,438,3.9466931893906465,15.576387131182512,84.22326,0.7685899214380043
Ash1,8,7463,439,3.3815369349809874,11.434792042640614,58.970016,0.45611753873542404
Ash1,8,7463,440,2.574897321922059,6.630096218441391,21.321127,0.19542032830111944
Ash1,8,7463,441,2.5084699135595394,6.292421307233402,29.342916,0.30417073385956855
Ash1,8,7463,442,3.3165399444024453,10.999437202816974,30.60435,0.44873780835112653
Ash1,8,7463,443,2.4530346573786326,6.017379030300708,22.764034,0.2064267165074555
Ash1,8,7463,444,2.3185574318371875,5.375708564727454,24.99474,0.17230887186180763
Ash1,8,7463,445,2.102150726599227,4.4190376773416595,14.368404,0.17471923345937787
Ash1,8,7463,446,2.5173849903135936,6.337227189456172,20.787664,0.29844278682363
Ash1,8,7463,447,2.6921631204174608,7.247742266935878,22.080591,0.31308569174544115
Ash1,8,7463,448,3.126309557875318,9.773811451662567,44.954323,0.5441094633748867
Ash1,8,7463,449,3.6615129601553593,13.406677157385662,91.57894,0.5826197853005287
Ash1,8,7463,450,2.7226758983519783,7.412964047466752,69.050125,0.4727204270293137
Ash1,8,7463,451,2.376822351690564,5.649284491495864,35.625183,0.11372401233682491
Ash1,8,7463,452,3.065125163572681,9.394992268366453,32.341866,0.40682185623646516
Ash1,8,7463,453,3.010000596377654,9.060103590193831,39.434284,0.7097244457714694
Ash1,8,7463,454,3.2424235455389976,10.513310448665678,58.68844,0.5348690345814229
Ash1,8,7463,455,3.075175627511608,9.45670514004141,66.11971,0.4906828120292155
Ash1,8,7463,456,2.7874622715236264,7.769945915167654,61.306046,0.5850277527445829
Ash1,8,7463,457,3.4840995381113116,12.138949591467453,103.090576,0.5937931554635324
Ash1,8,7463,458,3.991667982945672,15.933413286073566,71.683,0.7072612924631227
Ash1,8,7463,459,2.9919093740608496,8.951521702593183,30.591854,0.3823521996103336
Ash1,8,7463,460,2.8352049556740826,8.038387140678875,40.1881,0.3545819981071098
Ash1,8,7463,461,2.3533917524406913,5.538452740455869,25.58471,0.19670945835453874
Ash1,8,7463,462,2.3497867449345318,5.521497746670024,14.664661,0.24858388938155623
Ash1,8,7463,463,2.562159137852166,6.564659447679354,44.609085,0.30165906030924383
Ash1,8,7463,464,3.600669741092837,12.964822584421555,86.19802,0.7191893813697398
Ash1,8,7463,465,4.278923251345608,18.309184190906073,175.48122,0.7150643582491848
Ash1,8,7463,466,3.6644012024304784,13.427836172373935,56.6974,0.7153844747123574
Ash1,8,7463,467,2.3980720395316557,5.750749506783515,37.39433,0.3518138400669155
Ash1,8,7463,468,2.5035229419048606,6.267627120643969,49.477074,0.4491810002823021
Ash1,8,7463,469,2.9890321789651586,8.934313366889207,56.818672,0.6057867158690762
Ash1,8,7463,470,2.237802046049525,5.00775799730344,25.70305,0.30027115804343707
Ash1,8,7463,471,2.0821038599696817,4.335156483700647,36.41391,0.07964599247447694
Ash1,8,7463,472,2.147401900607312,4.6113349227318965,16.96009,0.1293966908499047
Ash1,8,7463,473,2.031008325344961,4.124994817620544,14.29653,0.2515258253642896
Ash1,8,7463,474,2.04998156345152,4.202424410491138,5.382578,0.23868220494988784
Ash1,8,7463,475,2.2077931328107785,4.874350517286432,35.39907,0.25066297836194146
Ash1,8,7463,476,2.215761534773028,4.909599178979725,12.368541,0.4547642117619306
Ash1,8,7463,477,1.9728832168922477,3.892268187495102,6.698494,0.22634580170275462
Ash1,8,7463,478,2.8365831030978654,8.046203700780316,10.074463,0.5691537749149307
Ash1,8,7463,479,2.920725788857392,8.530639133696639,62.958252,0.42964270397789295
Ash1,8,7463,480,3.176196545035097,10.08822449269289,122.24354,0.7330319629432602
Ash1,8,7463,481,3.486068450152865,12.152673239151197,121.37972,0.6906699232961766
Ash1,8,7463,482,2.7196906516237926,7.396717240529852,63.04585,0.5972694044532194
Ash1,8,7463,483,2.690442750512379,7.238482193784616,38.295734,0.6898411928796813
Ash1,8,7463,484,3.18831469719173,10.165350608328795,45.410713,0.4712331857622508
Ash1,8,7463,485,2.9187207390598817,8.518930752618262,50.31184,0.3111940728555751
Ash1,8,7463,486,2.5925031265914087,6.72107246138623,8.5387535,0.18701569825741737
Ash1,8,7463,487,2.1655584030355555,4.6896431969579035,22.248114,0.4060566699487783
Ash1,8,7463,488,2.2096760915951426,4.882668429767185,7.8189387,0.2867614120445942
Ash1,8,7463,489,2.4335620741226527,5.922224368608147,0.89952886,0.48606562865258535
Ash1,8,7463,490,3.2166207834730263,10.346649264670623,43.23964,0.7085282013773131
Ash1,8,7463,491,2.6778568363208928,7.17091723583054,49.676502,0.5318457458611293
Ash1,8,7463,492,2.9444805134803795,8.66996549426568,39.869408,0.6372919459335491
Ash1,8,7463,493,2.443891776301699,5.9726070142750745,24.889776,0.49625886379103334
Ash1,8,7463,494,2.244766537077188,5.038976805981509,46.924667,0.3672241930103733
Ash1,8,7463,495,2.6407867581156426,6.973754701838928,68.48136,0.5497686502826529
Ash1,8,7463,496,3.042482470742584,9.256699584775902,58.592354,0.5245636373410275
Ash1,8,7463,497,2.783593167745902,7.748390923521666,58.96063,0.5040644324971226
Ash1,8,7463,498,2.3986713585911,5.753624286525273,34.566257,0.4372877181667746
Ash1,8,7463,499,2.7318121575189003,7.46279766396807,42.61917,0.4504088145046339
Ash1,8,7463,500,2.110714548338339,4.455115904567118,11.232351,0.19021620732851502
Ash1,8,7463,501,2.9331593286871684,8.603423647464561,30.19496,0.3904534340661415
Ash1,8,7463,502,2.519651153558126,6.348641935626794,34.49848,0.2716454526087206
Ash1,8,7463,503,1.8816841063249465,3.5407350759959115,22.241385,0.060075872218564405
Ash1,8,7463,504,2.298937403224883,5.2851131839463665,29.41183,0.45286066622566035
Ash1,8,7463,505,2.58448933310287,6.679585112922519,21.24655,0.3672893737202065
Ash1,8,7463,506,2.3397799017380114,5.474569988577139,43.315075,0.37861314704011095
Ash1,8,7463,507,3.0604938766371275,9.366622768933357,60.45989,0.38562101061568577
Ash1,8,7463,508,2.2399525734705694,5.017387531397426,29.038416,0.29890378158233866
Ash1,8,7463,509,2.796732386896315,7.8217120439147605,46.238674,0.3549390129934108
Ash1,8,7463,510,2.7146222909495665,7.36917418252027,40.923824,0.6917543145401043
Ash1,8,7463,511,2.7941399475289104,7.807218046376861,50.958958,0.5686920184829375
Ash1,8,7463,512,2.8067004900086414,7.877567640614749,20.092964,0.27246160044008205
Ash1,8,7463,513,1.779866173536077,3.1679235956979563,14.28886,0.10958160697779762
Ash1,8,7463,514,2.377297970430001,5.651545640210602,35.340412,0.5359457990383065
Ash1,8,7463,515,2.5361518742419022,6.4320663292207145,6.3989806,0.3810045899510174
Ash1,8,7463,516,1.9163263816118217,3.672306800861458,1.9113055,0.14522760254873948
Ash1,8,7463,517,2.2884812625646593,5.237146489109538,22.965693,0.20258471475785278
Ash1,8,7463,518,3.1566158443366596,9.964223588717243,98.06588,0.546166487466405
Ash1,8,7463,519,3.113424406143203,9.693411532768156,54.66789,0.4755824274409277
Ash1,8,7463,520,2.387706293971625,5.701141346271711,44.777187,0.20480089831502868
Ash1,8,7463,521,2.056880520998269,4.2307574776621095,8.348689,0.1940885859203677
Ash1,8,7463,522,1.9153931882095845,3.6687310654396765,5.6095943,0.13152910336045445
Ash1,8,7463,523,1.9930304136360506,3.9721702296782873,19.455853,0.12647813116195422
Ash1,8,7463,524,2.314222519422476,5.355625869402114,37.30365,0.2520375633285904
Ash1,8,7463,525,2.920696362257622,8.530467240504906,40.99581,0.5466559722712179
Ash1,8,7463,526,2.34133037667288,5.481827932731169,40.696854,0.23263545561895965
Ash1,8,7463,527,2.464136129247671,6.071966863463694,54.667824,0.21651135549898298
Ash1,8,7463,528,2.7897903985689045,7.782930467947249,79.07467,0.32702704014876444
Ash1,8,7463,529,2.7696544239449787,7.670985628077991,44.524338,0.4895274035898738
Ash1,8,7463,530,2.673491206768138,7.147555232666554,54.018288,0.20728979920668003
Ash1,8,7463,531,2.402819285317384,5.773540517893143,13.27521,0.17387843112516457
Ash1,8,7463,532,2.094821637840657,4.388277694365413,38.263607,0.1806712846451112
Ash1,8,7463,533,2.4022142009777676,5.770633067379255,15.874099,0.5996632120635891
Ash1,8,7463,534,2.7068795889449953,7.327197109047026,30.172653,0.26391209082606304
Ash1,8,7463,535,2.7028964369855375,7.3056491490691124,36.005882,0.3667707428880386
Ash1,8,7463,536,2.6583625596435874,7.066891498514805,47.91579,0.42321550715235956
Ash1,8,7463,537,2.8859654169858597,8.328796388038368,95.72183,0.2996846778598886
Ash1,8,7463,538,2.6332165712288544,6.933829510994246,22.50825,0.3348317600605157
Ash1,8,7463,539,2.6881993342071593,7.2264156604318135,62.139866,0.3842367105472539
Ash1,8,7463,540,2.9502206012567043,8.70380159607947,33.948437,0.45674046717317623
Ash1,8,7463,541,3.4063461531943124,11.60319411538169,90.825356,0.7904781309718649
Ash1,8,7463,542,2.994508825200118,8.967083104201393,55.650955,0.5883855650554451
Ash1,8,7463,543,2.2313403489628953,4.978879752909855,29.594639,0.09556379019048013
Ash1,8,7463,544,2.965804294745749,8.79599511473233,114.80501,0.5477419383382996
Ash1,8,7463,545,2.703826415630625,7.310677285861954,71.31294,0.5391890158866502
Ash1,8,7463,546,3.0473462326292036,9.2863190615194,86.98563,0.6911278604731739
Ash1,8,7463,547,3.2947725616669326,10.855526233113281,58.994255,0.7035470978545894
Ash1,8,7463,548,2.0639337727637086,4.259822618354636,34.972393,0.201988521499567
Ash1,8,7463,549,2.5357486193263523,6.430021060415503,13.06364,0.659094395239469
Ash1,8,7463,550,3.3851999370900945,11.459578614074783,51.869915,0.46762744420131497
Ash1,8,7463,551,3.234518264113246,10.462108400882167,57.241455,0.549452363784685
Ash1,8,7463,552,3.3705798319466074,11.360808403525219,143.07162,0.6301876846634609
Ash1,8,7463,553,3.009748824712083,9.058587987855764,53.87468,0.626007478297621
Ash1,8,7463,554,3.396630598774135,11.53709942452874,103.97865,0.5187971166818571
Ash1,8,7463,555,2.8158222623111273,7.928855012926954,24.570679,0.21692441357896394
Ash1,8,7463,556,3.0293982909880737,9.177254005441458,37.84286,0.5400349752789173
Ash1,8,7463,557,4.483774579624918,20.10423448089062,199.77443,0.8196709831000095
Ash1,8,7463,558,4.668249190349265,21.79255050319657,164.61359,0.8292574430293727
Ash1,8,7463,559,2.804085949635852,7.862898012945198,58.74903,0.4522969298373416
Ash1,8,7463,560,2.3691528241050204,5.612885103964793,9.266514,0.1823397974515221
Ash1,8,7463,561,2.404742441229237,5.782786208649151,1.9545372,0.36128003276380344
Ash1,8,7463,562,2.0930531046420957,4.380871298851914,13.215453,0.3299198959322353
Ash1,8,7463,563,2.9372029676292173,8.627161273049882,98.77771,0.5245156227858492
Ash1,8,7463,564,3.9195065305561774,15.362531443072518,157.66498,0.8130341635951563
Ash1,8,7463,565,3.9427537291292114,15.545306968562311,106.78539,0.7847339915376428
Ash1,8,7463,566,3.6571477079195356,13.374729357541113,100.39503,0.7896969508432082
Ash1,8,7463,567,3.3094555882243895,10.952496290429636,96.14543,0.7330434412363878
Ash1,8,7463,568,3.0288730963481103,9.17407223378139,43.336617,0.5283364048216821
Ash1,8,7463,569,3.2449360377469976,10.529609889069185,81.78628,0.3907463760505995
Ash1,8,7463,570,2.7734975724361086,7.692288784308985,82.2643,0.661038884259024
Ash1,8,7463,571,3.054189765078573,9.32807512111071,19.778294,0.28618095057890836
Ash1,8,7463,572,2.3345571998694448,5.450157319462264,18.85879,0.45538627871509607
Ash1,8,7463,573,2.5252394056488923,6.376834055841972,33.247814,0.37810924360993836
Ash1,8,7463,574,2.535029133533809,6.426372707865173,45.365982,0.49245960283245743
Ash1,8,7463,575,2.7934955800993317,7.803617556034502,87.59441,0.6250436578064087
Ash1,8,7463,576,2.8257580595682295,7.984908611214803,83.005974,0.4519946270040559
Ash1,8,7463,577,2.855835487547224,8.155796331934088,47.87369,0.42136332324417036
Ash1,8,7463,578,1.994829219404227,3.979343614588877,16.540764,0.28314132830787797
Ash1,8,7463,579,3.348690920597222,11.21373088169027,134.89694,0.40933816883941254
Ash1,8,7463,580,3.7214866603604597,13.849462963240846,127.3649,0.7163990207457205
Ash1,8,7463,581,3.186210536647349,10.15193758384259,45.54581,0.7287540024286234
Ash1,8,7463,582,2.447684812203699,5.991160939892658,82.37056,0.2873397332717598
Ash1,8,7463,583,2.2664119207643387,5.136622994582699,12.293944,0.13861292833346303
Ash1,8,7463,584,2.0127909401440998,4.051327368726168,7.5764856,0.23184895807535794
Ash1,8,7463,585,2.2200361438345237,4.9285604799316625,18.731194,0.09529101407998389
Ash1,8,7463,586,2.0748316001188942,4.3049261688519325,25.167181,0.37905597915399464
Ash1,8,7463,587,2.7965185183541474,7.8205158234976775,42.590004,0.5087817541407134
Ash1,8,7463,588,2.860293537831656,8.18127912256153,39.190712,0.29571992800873637
Ash1,8,7463,589,2.3725923882110695,5.629194640597105,21.761976,0.29646002043133335
Ash1,8,7463,590,2.1412367922344417,4.584895000418442,21.930613,0.2716210625050701
Ash1,8,7463,591,2.8340292972979837,8.031722057943306,20.852905,0.372656259937597
Ash1,8,7463,592,3.9152597571653946,15.329258966078822,105.92031,0.7638543515561798
Ash1,8,7463,593,3.945137136814324,15.564107028271522,144.54984,0.7391963303602066
Ash1,8,7463,594,2.7471032428492106,7.546576226872648,50.297596,0.5986374426120485
Ash1,8,7463,595,2.565087186969787,6.579672276756573,45.321198,0.22951145687558502
Ash1,8,7463,596,3.348783168953844,11.21434871266855,44.78383,0.7754890157687138
Ash1,8,7463,597,3.676451872136206,13.516298368133814,125.73922,0.6746287422156705
Ash1,8,7463,598,2.8160323986398024,7.930038470189039,79.242256,0.4435615914105072
Ash1,8,7463,599,2.7769957685753583,7.711705498685445,37.791195,0.6306180364318461
Ash1,8,7463,600,2.641062786246201,6.975212640894545,43.957882,0.3955877359148081
Ash1,8,7463,601,2.7871043520833045,7.7679506694016975,41.005795,0.46813967498925985
Ash1,8,7463,602,2.0519467209519027,4.210485345625265,10.044883,0.5010651611329324
Ash1,8,7463,603,3.3685379573375847,11.347047970024066,105.472336,0.4229391245295032
Ash1,8,7463,604,2.725825783414557,7.430126201527585,62.595917,0.5182952278714674
Ash1,8,7463,605,2.756618738626967,7.598946870149331,68.6029,0.627525054700491
Ash1,8,7463,606,2.0661728767666876,4.269070356686331,54.71547,0.4382172098736099
Ash1,8,7463,607,2.0664648560871246,4.270277001443179,8.826964,0.24935592542346632
Ash1,8,7463,608,1.8904254059405468,3.573708215425481,0.9023849,0.18926704405244077
Ash1,8,7463,609,2.3062155518511203,5.318630171599967,3.1995468,0.16937078544312595
Ash1,8,7463,610,2.4312610865957724,5.911030471194856,30.499542,0.24821217878006624
Ash1,8,7463,611,2.648877622338047,7.016552658123267,45.53872,0.346572551672224
Ash1,8,7463,612,2.9969714352386596,8.98183778363647,76.63472,0.2573218205162015
Ash1,8,7463,613,3.0359882695256704,9.217224772697476,73.29939,0.4082421261759168
Ash1,8,7463,614,2.4344000946734092,5.926303820945903,31.963211,0.4350461025794268
Ash1,8,7463,615,2.3964156207239853,5.742807827249927,27.63198,0.2591279108112005
Ash1,8,7463,616,2.2782083383476937,5.19023323291696,37.28521,0.4640546713415272
Ash1,8,7463,617,2.6574261507993935,7.061913746952482,32.945717,0.14799248334137202
Ash1,8,7463,618,2.293798565878445,5.26151186082601,39.730354,0.16110027853890638
Ash1,8,7463,619,2.5870423674159206,6.692788210804972,37.250328,0.19840493919989122
Ash1,8,7463,620,2.7010609525790916,7.29573026954747,8.826895,0.30423073786352073
Ash1,8,7463,621,2.405394927447003,5.785924756987773,37.1626,0.25758136957562566
Ash1,8,7463,622,2.8129853359183787,7.912886500091833,71.46382,0.2013979789649913
Ash1,8,7463,623,2.1371123482222134,4.567249188923864,9.280483,0.2384466529921196
Ash1,8,7463,624,1.8862361800931606,3.5578869270924383,12.121363,0.19610087565083378
Ash1,8,7463,625,2.932586531843022,8.600063766747088,48.609833,0.4608367356661634
Ash1,8,7463,626,3.521903764091475,12.403806123521699,159.26407,0.46132828667464654
Ash1,8,7463,627,2.793646578872563,7.804461207646374,15.129734,0.42500397951783864
Ash1,8,7463,628,2.1506719612674585,4.625389884982016,12.60696,0.20882487592590304
Ash1,8,7463,629,3.107101097913871,9.65407723265758,35.356018,0.3238170822634866
Ash1,8,7463,630,3.2230449848776854,10.388018974545195,47.543056,0.5429714494050526
Ash1,8,7463,631,3.0904315730471703,9.550767307686812,80.1482,0.5227394092067492
Ash1,8,7463,632,2.749441480768895,7.559428456172655,28.484688,0.42861771017023026
Ash1,8,7463,633,2.3840438570470575,5.683665112323809,13.809491,0.5039359714572291
Ash1,8,7463,634,2.5088982809168767,6.29457058398766,21.431438,0.6372494971759788
Ash1,8,7463,635,2.6030367997285797,6.775800580741206,25.075943,0.6200797342087476
Ash1,8,7463,636,2.521464921231354,6.3577853490002365,27.42987,0.12901674848374972
Ash1,8,7463,637,3.0292754219814744,9.17650958222104,33.1578,0.4920732999529901
Ash1,8,7463,638,2.7376199031919697,7.494562734352809,34.185226,0.7259759760350382
Ash1,8,7463,639,2.587779533066343,6.696602911757057,46.155674,0.41122247003126583
Ash1,8,7463,640,2.1229887212759126,4.5070811106647355,39.53808,0.10324172450566012
Ash1,8,7463,641,2.7316481344955093,7.4619015306927965,25.589388,0.27237640297234483
Ash1,8,7463,642,2.5249917253095653,6.375583212881777,77.44143,0.5178542409198361
Ash1,8,7463,643,2.4362258242319346,5.935196266654569,33.21266,0.502974212878687
Ash1,8,7463,644,3.2565210191700724,10.604929148296488,48.69761,0.6995414339340086
Ash1,8,7463,645,3.5153083342097693,12.35739268456466,83.52517,0.5456048918507056
Ash1,8,7463,646,2.4752489236315505,6.126857233939148,26.023922,0.4721146827253644
Ash1,8,7463,647,3.0540971006224717,9.327509100030586,88.20913,0.6671790712592098
Ash1,8,7463,648,3.371748914580977,11.368690742977996,65.786865,0.6977783482492801
Ash1,8,7463,649,1.7803207072311344,3.1695418205959665,15.913115,0.16934957605938117
Ash1,8,7463,650,2.905657200592804,8.442843767356809,42.189514,0.5455197898277775
Ash1,8,7463,651,2.751206200960812,7.569135560205223,44.02404,0.38964837215363746
Ash1,8,7463,652,2.2408490738803417,5.021404571910386,33.617886,0.3579026306487912
Ash1,8,7463,653,2.5143068819155983,6.321739096448138,41.863506,0.2407687348682793
Ash1,8,7463,654,2.7458011686019983,7.5394240574961,78.06906,0.3864827102785074
Ash1,8,7463,655,3.763069344267418,14.160690889765212,59.12787,0.6134284042692338
Ash1,8,7463,656,2.4308697488248927,5.909127735751998,38.227375,0.5031662868920981
Ash1,8,7463,657,2.7262854269974097,7.432632229458448,31.437798,0.4544144170314851
Ash1,8,7463,658,3.0502092871197,9.303776695231273,22.3329,0.625469141232905
Ash1,8,7463,659,3.0419335937246115,9.253359988630331,67.36616,0.41678311791369127
Ash1,8,7463,660,3.528986348041588,12.453744644663907,78.63531,0.7910661894754092
Ash1,8,7463,661,3.400898229388907,11.566108766660605,80.318436,0.7954498081102236
Ash1,8,7463,662,2.998672908658577,8.99203921312289,69.59502,0.5076522283007406
Ash1,8,7463,663,3.5615064985624483,12.684328539302552,87.82997,0.7034395756366106
Ash1,8,7463,664,3.4526833616728254,11.921022395972361,113.42657,0.6791738780267067
Ash1,8,7463,665,3.684569420415571,13.576051813861536,78.41953,0.5984567834087713
Ash1,8,7463,666,2.8081635096733786,7.885782297061106,45.00535,0.4470400729222044
Ash1,8,7463,667,2.6113331508400264,6.819060824676098,24.237846,0.23130352280367072
Ash1,8,7463,668,1.9934524711447628,3.9738527547131617,2.9412203,0.2974791867509025
Ash1,8,7463,669,1.9745213905423367,3.8987347217092423,14.972224,0.14937571883678608
Ash1,8,7463,670,2.257077053654896,5.0943968261354655,27.385868,0.28196963241343925
Ash1,8,7463,671,1.8983344297997522,3.603673607363151,8.898962,0.14714667743988036
Ash1,8,7463,672,2.0661065413406527,4.268796240170635,14.003565,0.10295698532439757
Ash1,8,7463,673,2.1643634321584266,4.684469066464602,42.23117,0.09415819613975156
Ash1,8,7463,674,2.5316047488800537,6.409022604552042,32.80182,0.38220290943162505
Ash1,8,7463,675,3.0486181911978947,9.294072875702723,45.45657,0.6259852322291841
Ash1,8,7463,676,3.1047795283314703,9.639655919546186,100.03032,0.4730715652570275
Ash1,8,7463,677,2.4121617321213114,5.8185242219104865,14.892992,0.7013391894559029
Ash1,8,7463,678,2.8054025572871613,7.870283508433343,35.5038,0.47739383378345956
Ash1,8,7463,679,2.916809300655907,8.507776496392802,32.602898,0.19326762895142494
Ash1,8,7463,680,2.0106207148764907,4.042595659090451,17.248915,0.15204126115134525
Ash1,8,7463,681,2.2250006079330955,4.950627705302645,25.697744,0.4040170180925991
Ash1,8,7463,682,2.7248581113826575,7.424851727167864,68.978676,0.5492209036604354
Ash1,8,7463,683,2.910137826112726,8.468902166972102,69.47595,0.7566029873800868
Ash1,8,7463,684,3.0660681634150047,9.40077398270706,106.35593,0.614866702860092
Ash1,8,7463,685,2.5222153099964477,6.361570069980476,23.50347,0.5153613627935946
Ash1,8,7463,686,3.1313295072278877,9.805224482836046,32.573868,0.7691469036466708
Ash1,8,7463,687,3.2873156209342267,10.806443991638181,68.35658,0.7386944877001169
Ash1,8,7463,688,3.587038069864507,12.866842114657288,95.763016,0.6714438749606924
Ash1,8,7463,689,3.730880311445083,13.919467898328561,142.67386,0.7409479645292752
Ash1,8,7463,690,4.022562015404338,16.181005167773808,121.132706,0.8469801506765404
Ash1,8,7463,691,3.539122933450917,12.525391138078223,119.95945,0.8588472090858692
Ash1,8,7463,692,2.641411382778789,6.977054093073354,64.58771,0.4257330651493292
Ash1,8,7463,693,2.1836446495018884,4.768303955298226,15.697166,0.4150555313229187
Ash1,8,7463,694,2.9926174776450107,8.955759367506387,49.34715,0.3781135362712523
Ash1,8,7463,695,3.2638535097469594,10.652739733087548,66.109276,0.6411074283102068
Ash1,8,7463,696,2.3222706101633355,5.3929407868283885,22.670668,0.16845043804267743
Ash1,8,7463,697,2.0615691953027984,4.250067547021428,25.851217,0.23523745356158648
Ash1,8,7463,698,2.415192912037477,5.833156802356069,4.72867,0.3845835415357777
Ash1,8,7463,699,3.228745941461407,10.42480035450351,82.20738,0.6669997324616362
Ash1,8,7463,700,2.98327571421201,8.899933987007174,85.36499,0.6820613464431604
Ash1,8,7463,701,2.8238875888086796,7.974341114227696,44.669083,0.6312748158632293
Ash1,8,7463,702,2.574543880739869,6.628276193855104,7.6184444,0.22850592703470196
Ash1,8,7463,703,2.7281460684472347,7.442780970784104,14.048103,0.2803732443844871
Ash1,8,7463,704,2.4198088914979152,5.8554750713723696,13.982436,0.10442827891158286
Ash1,8,7463,705,2.483149762586813,6.166032743434945,44.03898,0.5156395999924256
Ash1,8,7463,706,2.67058524502707,7.132025550956298,72.20629,0.46670301159978667
Ash1,8,7463,707,3.1466397470760015,9.901341697878523,46.388367,0.41642549532520395
Ash1,8,7463,708,3.2380802720345394,10.485163848139278,74.56352,0.6202641787514707
Ash1,8,7463,709,2.4214545207351033,5.8634419959884685,28.408922,0.33144644202356877
Ash1,8,7463,710,1.8205199878860194,3.3142930262925123,3.0063317,0.15993383796466268
Ash1,8,7463,711,2.530665700888056,6.404268889651237,16.260265,0.6126799234095106
Ash1,8,7463,712,3.1375646579425136,9.844311982769922,46.6991,0.5091257330048751
Ash1,8,7463,713,2.6468784050463263,7.005965291100584,16.489697,0.28582387295114603
Ash1,8,7463,714,2.3309883554902826,5.433506713431293,16.370827,0.6112457220403394
Ash1,8,7463,715,2.413539596708982,5.825173384882154,33.07366,0.20155929407996834
Ash1,8,7463,716,3.161723681407092,9.996496637570411,75.87238,0.4499127492368973
Ash1,8,7463,717,3.038915004037591,9.23500440176479,119.23011,0.3580701874842446
Ash1,8,7463,718,2.8222116026680784,7.964878330234324,35.679543,0.17134521951060283
Ash1,8,7463,719,2.4099266925775686,5.807746663597858,36.81278,0.2816967026746868
Ash1,8,7463,720,2.864982336513925,8.208123788536787,26.858486,0.31083833443832715
Ash1,8,7463,721,3.6529163877252855,13.34379813571195,57.787655,0.7141618515227939
Ash1,8,7463,722,4.14115680830968,17.149179711009623,201.07062,0.7030992561585739
Ash1,8,7463,723,3.020125131504881,9.121155809947373,38.772785,0.5144544021866889
Ash1,8,7463,724,2.6743525205933523,7.152161404404015,38.39637,0.4890271950445119
Ash1,8,7463,725,2.3932317809170476,5.727558357191384,22.691679,0.5609332948403714
Ash1,8,7463,726,2.4051823566945054,5.7849021689545355,72.00282,0.3617529295848353
Ash1,8,7463,727,2.8884524269415124,8.343157422704317,93.24527,0.6830460168613071
Ash1,8,7463,728,2.2298720225098805,4.972329236772305,44.79313,0.2705483338223946
Ash1,8,7463,729,2.1837174614021992,4.768621951232865,1.871008,0.23118867053232006
Ash1,8,7463,730,2.1375361739644934,4.569060895006767,27.851528,0.0710872434196066
Ash1,8,7463,731,2.1069058194738233,4.439052132132663,32.835464,0.2585795975151621
Ash1,8,7463,732,2.244345815327078,5.037088138776164,52.73353,0.438526121766488
Ash1,8,7463,733,2.9651061013787676,8.791854192433595,45.946846,0.5182859187966021
Ash1,8,7463,734,2.6280974894185682,6.906896413888181,25.276165,0.33817801030925476
Ash1,8,7463,735,2.7334318829405824,7.471649858676096,41.54161,0.23830306724702568
Ash1,8,7463,736,3.011172665727845,9.067160822826535,60.277584,0.5125390862881173
Ash1,8,7463,737,2.666191512916176,7.10857718354625,15.308939,0.27976594435248703
Ash1,8,7463,738,2.007176643659034,4.028758078850344,20.641066,0.1755844860560532
Ash1,8,7463,739,2.3340098990455322,5.447602208842536,26.86687,0.24056771842678748
Ash1,8,7463,740,2.5768405740352054,6.640107343994085,23.656042,0.15965438404074453
Ash1,8,7463,741,2.9895022743865987,8.937123848562646,37.715282,0.7238752016397547
Ash1,8,7463,742,3.5166937788913017,12.367135134492784,50.371006,0.7672719179814993
Ash1,8,7463,743,2.9157430945445273,8.501557793384098,47.490223,0.5815368477278671
Ash1,8,7463,744,2.047184642827956,4.190964961830627,28.608505,0.23288452831847134
Ash1,8,7463,745,2.7158575984932614,7.3758824952935855,88.22908,0.6368574285496553
Ash1,8,7463,746,3.581373470692304,12.82623593657864,71.07681,0.6952398663761041
Ash1,8,7463,747,2.5888324942952536,6.702053683518984,48.432865,0.3454994726557546
Ash1,8,7463,748,2.3621442260178283,5.579725344509366,23.409048,0.15139561631536155
Ash1,8,7463,749,2.2177758615299323,4.918529771984831,6.7259765,0.24906606508725015
Ash1,8,7463,750,2.2105370220746683,4.886473925962742,23.391571,0.43972191056806054
Ash1,8,7463,751,2.579058075313441,6.651540555839471,44.341393,0.20401155203444066
Ash1,8,7463,752,3.0119066893540616,9.071581905375742,65.0159,0.7845229329683465
Ash1,8,7463,753,4.32895758444232,18.739873767900676,164.61366,0.7845138358882147
Ash1,8,7463,754,3.3424586458486516,11.172029799208401,88.90128,0.6539121321210866
Ash1,8,7463,755,3.8322121769735777,14.685850169344569,89.40821,0.7838005200449898
Ash1,8,7463,756,3.835798659098416,14.713351353141205,116.771706,0.5019330821549115
Ash1,8,7463,757,3.019030690101027,9.11454630777188,17.78761,0.3840497673696052
Ash1,8,7463,758,2.344778063414561,5.49798416667014,19.551514,0.4653787116248725
Ash1,8,7463,759,2.7346359291392464,7.47823366493927,33.810997,0.4605760324105163
Ash1,8,7463,760,1.5645331077040974,2.4477638451022408,6.6007175,0.16152963633733589
Ash1,8,7463,761,2.4584820346338216,6.044133914617256,6.851725,0.41418558484798873
Ash1,8,7463,762,3.1791630326516254,10.107077588178681,56.39611,0.4353826708264036
Ash1,8,7463,763,2.5686990899183835,6.598215014547532,38.808678,0.19978131830588314
Ash1,8,7463,764,2.8887026586899265,8.344603050322252,13.540886,0.22289490208923016
Ash1,8,7463,765,2.2403806281626317,5.019305359046388,13.611551,0.2038720328554663
Ash1,8,7463,766,2.3925620404307995,5.72435311731039,37.475327,0.3673896865473934
Ash1,8,7463,767,3.0048559263322034,9.029159138013762,103.446625,0.5432374248073242
Ash1,8,7463,768,3.0389188595910936,9.235027835178432,52.55291,0.33004234497116364
Ash1,8,7463,769,2.8487144689342934,8.115174125515596,19.655235,0.17732270776229592
Ash1,8,7463,770,2.261386448605226,5.113868669935358,22.624964,0.1706157099634532
Ash1,8,7463,771,2.871293862798627,8.24432844654506,22.80579,0.35705348571960505
Ash1,8,7463,772,3.025045085762024,9.150897770892971,45.69299,0.5348630123647121
Ash1,8,7463,773,2.0188453411563017,4.075736511508505,6.560918,0.11403293287772437
Ash1,8,7463,774,2.4025036268366264,5.772023676963145,14.932934,0.1248427470638482
Ash1,8,7463,775,1.9905238226191617,3.9621850884144,28.796434,0.05603265841371424
Ash1,8,7463,776,2.5408443986357527,6.45589025807868,44.35035,0.14342946399397585
Ash1,8,7463,777,2.2112345201211356,4.889558102975348,17.396938,0.3107186292916285
Ash1,8,7463,778,2.176226781758541,4.7359630056431365,11.951555,0.26660109573640267
Ash1,8,7463,779,2.281696259220862,5.206137819342474,55.04253,0.17248452407099404
Ash1,8,7463,780,2.448520741099188,5.995253819592918,29.235786,0.1177356392026919
Ash1,8,7463,781,2.426710214406641,5.888922464705526,5.324834,0.5337161619634554
Ash1,8,7463,782,2.0130977180364855,4.052562422363705,8.616374,0.03937955882028732
Ash1,8,7463,783,2.911641225625975,8.477654626764728,63.036423,0.44631195194713946
Ash1,8,7463,784,3.8286425948217895,14.658504118883725,96.90222,0.40631052826693903
Ash1,8,7463,785,2.5497654195680477,6.501303694825022,33.888565,0.5249031743492227
Ash1,8,7463,786,3.3844036619738684,11.454188147182126,122.50212,0.6404973806471158
Ash1,8,7463,787,3.139007797764256,9.853369954424798,57.45308,0.5406721173485258
Ash1,8,7463,788,2.607383813821342,6.798450352577528,57.48097,0.2984450668049249
Ash1,8,7463,789,2.9725138781596057,8.835838755851459,53.2019,0.5283379311628595
Ash1,8,7463,790,3.6080067680106898,13.017712838010942,113.52992,0.6362114773213927
Ash1,8,7463,791,3.422594213074078,11.714151147368167,88.895706,0.6524645036675127
Ash1,8,7463,792,2.422066188332179,5.866404620661971,7.4615126,0.2370741002482416
Ash1,8,7463,793,2.0542436603336176,4.219917016020858,12.024678,0.24341132230276002
Ash1,8,7463,794,2.6709786227013472,7.134126802927587,38.307465,0.45533088240680797
Ash1,8,7463,795,2.6871539956476185,7.220796596324962,17.99013,0.375598726585743
Ash1,8,7463,796,2.665603835458397,7.105443807610517,23.769001,0.3144335781719351
Ash1,8,7463,797,2.002683035393647,4.0107393402535125,15.878371,0.18691762672018541
Ash1,8,7463,798,2.681059896201405,7.188082167019492,57.009865,0.29762832431149167
Ash1,8,7463,799,2.637196853362443,6.954807243384771,44.162918,0.2564875300986733
Ash1,8,7463,800,3.0252598291851545,9.152197034081391,78.77773,0.4624011369810783
Ash1,8,7463,801,2.611175027281952,6.818235023100902,35.173897,0.30211362224038785
Ash1,8,7463,802,2.7475052134000935,7.548784897660693,7.020683,0.27301856367255634
Ash1,8,7463,803,2.6689611179831245,7.12335344930573,26.556652,0.4778655633340124
Ash1,8,7463,804,2.3414871823884966,5.48256222528962,22.75491,0.2662944535785524
Ash1,8,7463,805,2.405734127561689,5.787556692515002,27.457422,0.4719460219731855
Ash1,8,7463,806,2.574956759348795,6.630402312516049,24.733934,0.2578974994113279
Ash1,8,7463,807,2.257227402471175,5.095075546466768,45.902355,0.21502315062220995
Ash1,8,7463,808,2.6132985339248083,6.829329227413551,24.98109,0.25654167693898056
Ash1,8,7463,809,2.558447945079476,6.545655887681396,69.77848,0.4806239909177866
Ash1,8,7463,810,2.0293583549523357,4.118295332814848,31.675785,0.324325755926545
Ash1,8,7463,811,2.1498306711719524,4.621771914711646,44.430855,0.512799293477556
Ash1,8,7463,812,3.0197965303782435,9.119171084884476,86.55857,0.4526775615347188
Ash1,8,7463,813,3.041276456801889,9.249362486697452,57.47364,0.33908292952187336
Ash1,8,7463,814,2.285083517999536,5.221606684233136,21.302153,0.19592714880203288
Ash1,8,7463,815,2.139428802409868,4.577155600580924,13.789877,0.10878047642415678
Ash1,8,7463,816,3.2359667866546467,10.471481044331998,53.86779,0.43722461770537735
Ash1,8,7463,817,3.4032656159358217,11.58221685261103,77.5715,0.6506578149900248
Ash1,8,7463,818,3.4860435157313314,12.15249939357246,109.474,0.688430453640492
Ash1,8,7463,819,3.8853647175120787,15.096058988087718,133.59853,0.7351531478016584
Ash1,8,7463,820,3.890860444407645,15.138794997856051,52.692047,0.6759776418972638
Ash1,8,7463,821,2.374358455744811,5.637578076366885,13.564143,0.2766324586924644
Ash1,8,7463,822,3.071809678456074,9.436014700656408,47.41268,0.3129556280675302
Ash1,8,7463,823,2.6746309040753236,7.153650473034783,118.087585,0.7314432414954934
Ash1,8,7463,824,3.395809324311383,11.531520967080132,65.37262,0.5363328524203953
Ash1,8,7463,825,3.469130949068167,12.034869541782601,143.00221,0.7020700480170974
Ash1,8,7463,826,2.9014223077987826,8.418251408192415,46.776306,0.3838466688051939
Ash1,8,7463,827,2.5046442867346075,6.273243003072311,40.631348,0.3987460316322125
Ash1,8,7463,828,3.733405495453866,13.938316593485126,79.08869,0.5543321970112466
Ash1,8,7463,829,3.243148960753648,10.518015181637464,65.73883,0.5075990473921691
Ash1,8,7463,830,2.769338838771409,7.669237603927774,70.73291,0.4011425091874131
Ash1,8,7463,831,2.4654384488831975,6.078386745231588,14.829861,0.2831184038138992
Ash1,8,7463,832,3.6533442676887637,13.346924338254352,72.384995,0.753903986344515
Ash1,8,7463,833,3.6015664262640272,12.971280722792235,87.54998,0.7405987117274457
Ash1,8,7463,834,3.0177619202033337,9.106887007029316,64.515625,0.6531104485645334
Ash1,8,7463,835,2.7561378101400753,7.596295628483729,74.44347,0.7413467441349341
Ash1,8,7463,836,3.015840500431337,9.095293924041936,87.46347,0.5513291835868263
Ash1,8,7463,837,2.717982190688297,7.387427188898753,61.37992,0.5560870573774719
Ash1,8,7463,838,2.4120530891548015,5.81800010490122,32.493176,0.261930633441487
Ash1,8,7463,839,2.714704623627752,7.3696211935458935,46.268406,0.4563059918661839
Ash1,8,7463,840,3.759186367112149,14.131482142681838,129.86005,0.771574208119386
Ash1,8,7463,841,3.6369606119946045,13.227482493200169,123.95455,0.5700031413632916
Ash1,8,7463,842,2.6106297258379634,6.8153875654288,39.279594,0.4250357760834294
Ash1,8,7463,843,2.480437260744343,6.152569004488899,25.854567,0.5231447097494193
Ash1,8,7463,844,2.747980029934294,7.5513942449176845,28.83557,0.5078121444402357
Ash1,8,7463,845,2.3104653260877086,5.3382500230535825,29.3783,0.40491325761112784
Ash1,8,7463,846,2.690718905756192,7.239968229793799,9.391883,0.23705697982301988
Ash1,8,7463,847,2.008671050675427,4.034759389821524,16.746662,0.18047624615878616
Ash1,8,7463,848,2.589695213488946,6.706521298767559,55.971004,0.345487977977447
Ash1,8,7463,849,2.193332939891393,4.810709385212619,35.973152,0.273557566660689
Ash1,8,7463,850,2.8761767614905365,8.272392763338194,53.343964,0.21375727795953114
Ash1,8,7463,851,2.913695713758654,8.489622712375553,62.44552,0.5541957240928052
Ash1,8,7463,852,3.315621928019115,10.993348769561193,53.22038,0.6878477013682633
Ash1,8,7463,853,2.883644885834592,8.315407827600001,56.780277,0.3957763918737167
Ash1,8,7463,854,3.6159609020309174,13.075173245016249,109.867905,0.4194196908137243
Ash1,8,7463,855,3.4340741043738165,11.792864954330827,94.685,0.5569653979977429
Ash1,8,7463,856,3.9838297436334074,15.870899426258225,55.73088,0.7153382878699869
Ash1,8,7463,857,2.406660067387639,5.792012679958274,31.003061,0.33067329120398514
Ash1,8,7463,858,2.3737563175965284,5.6347190553294295,35.976078,0.5007659439610868
Ash1,8,7463,859,2.710606599785773,7.347388138802188,73.41453,0.5661388231589684
Ash1,8,7463,860,2.67589596034198,7.160419190574526,81.51543,0.6024052826066494
Ash1,8,7463,861,3.2219416701929884,10.380908126125982,72.269104,0.5416330845629642
Ash1,8,7463,862,3.310911966641934,10.96213805085276,127.599495,0.691963761975993
Ash1,8,7463,863,3.891612512179075,15.144647944948735,104.86104,0.7271855678240269
Ash1,8,7463,864,3.9392017365824104,15.517310321493877,180.79979,0.7822451625536649
Ash1,8,7463,865,2.7369665402003487,7.4909858421762685,81.00177,0.5984374602614784
Ash1,8,7463,866,1.8622309810259041,3.4679042266927005,5.88049,0.2086662649275494
Ash1,8,7463,867,2.7288688400559775,7.446725146228456,28.882595,0.20443537253223926
Ash1,8,7463,868,2.838944436830129,8.05960551540874,58.053825,0.4663401201423829
Ash1,8,7463,869,3.0931445982672003,9.56754350578956,31.835693,0.32398714287650116
Ash1,8,7463,870,3.207870801065824,10.29043507633069,70.1184,0.5269564776215283
Ash1,8,7463,871,3.083764542049173,9.50960375079975,18.505358,0.5366783873334393
Ash1,8,7463,872,2.5169855768371154,6.335216394006063,71.46881,0.4186860988311074
Ash1,8,7463,873,2.8822175869430673,8.30717821848392,31.471752,0.3707340452611461
Ash1,8,7463,874,3.0038870837660254,9.023337612016357,49.550034,0.67770179629146
Ash1,8,7463,875,3.3082571546575315,10.944565401342741,97.539566,0.4803255402185108
Ash1,8,7463,876,2.9594689640454948,8.758456549148514,43.77997,0.47481655921053
Ash1,8,7463,877,2.9588787551518263,8.75496348768882,72.24542,0.6146412915380965
Ash1,8,7463,878,3.3250358428647457,11.05586335633527,94.18305,0.5272286657116969
Ash1,8,7463,879,2.549023149341091,6.497519015876773,20.362217,0.3769453885965345
Ash1,8,7463,880,2.3663484082162345,5.5996047890675085,55.1799,0.23075913807685386
Ash1,8,7463,881,2.3873007987749992,5.6992051038317495,27.17661,0.18326505694447606
Ash1,8,7463,882,3.1881714405003554,10.16443713402211,47.87568,0.5281690347138837
Ash1,8,7463,883,3.263332826915628,10.649341139225145,94.81063,0.6649006304744095
Ash1,8,7463,884,2.720320674891129,7.400144574240127,51.311264,0.5246060925433619
Ash1,8,7463,885,2.5114324680717286,6.307293041684853,9.785456,0.47414226369582535
Ash1,8,7463,886,2.319237455396815,5.378862374515495,42.53965,0.16822536794436416
Ash1,8,7463,887,2.3267096743336406,5.413577908637756,23.28524,0.30744534979915583
Ash1,8,7463,888,2.4189107711341093,5.851129318708612,19.72787,0.4929000872401955
Ash1,8,7463,889,2.9086476402067896,8.460231094880525,45.53215,0.40504461842345363
Ash1,8,7463,890,1.8540761570541129,3.4375983961565484,10.841865,0.10826813832278087
Ash1,8,7463,891,2.383825795399639,5.68262542281272,47.946556,0.3873555149445106
Ash1,8,7463,892,2.946393634868349,8.681235451592723,57.659885,0.35070523190728764
Ash1,8,7463,893,2.8580425069838427,8.16840697172649,29.563465,0.7835892379181479
Ash1,8,7463,894,2.0485703368945347,4.196640425204189,14.585655,0.535610824845677
Ash1,8,7463,895,2.360721113433205,5.573004175409311,24.143948,0.371061645073111
Ash1,8,7463,896,2.1839220815578337,4.7695156583159015,42.531914,0.3511697121090578
Ash1,8,7463,897,2.59694091401999,6.744102110910981,63.430294,0.43631860148732016
Ash1,8,7463,898,1.7505800003797036,3.0645303377294035,9.239531,0.27936715948264074
Ash1,8,7463,899,2.1672984258207175,4.69718246656496,28.66875,0.1826222484615202
Ash1,8,7463,900,3.164882216855591,10.016479446568761,50.835846,0.6360034718677048
Ash1,8,7463,901,3.3834987402000025,11.448063724935004,113.56828,0.7066444474445818
Ash1,8,7463,902,3.8083329607614798,14.5033999400223,49.25781,0.7967889822644174
Ash1,8,7463,903,3.10042877464582,9.612658586651783,85.749626,0.415260308364129
Ash1,8,7463,904,3.7388193231875815,13.978769931440846,145.17879,0.8041465203472687
Ash1,8,7463,905,2.8985843504397573,8.40179123661427,28.780493,0.5050207775886197
Ash1,8,7463,906,2.034077404704575,4.137470888329699,10.0314865,0.40544823427365495
Ash1,8,7463,907,2.5788046877284025,6.650233617449983,7.384343,0.42589764202130076
Ash1,8,7463,908,2.308784241770377,5.330484675047217,35.57024,0.23229084485319262
Ash1,8,7463,909,2.1255193437524698,4.5178324806659305,38.947792,0.2462400442268542
Ash1,8,7463,910,2.471148450868952,6.106574666232019,12.269473,0.27950941166819737
Ash1,8,7463,911,2.5424577974190763,6.464091651657061,49.39411,0.3862192747977842
Ash1,8,7463,912,2.6323631436838872,6.929335720225316,66.40653,0.6007647519039534
Ash1,8,7463,913,2.6806333958121993,7.185795402743642,43.938778,0.48338696781131735
Ash1,8,7463,914,3.0449187959472055,9.271530473912577,61.78083,0.47177758541331105
Ash1,8,7463,915,3.419655983991517,11.694047048848988,61.169334,0.5845418030088132
Ash1,8,7463,916,2.5009045130453766,6.254523383370732,50.80618,0.6417873710537242
Ash1,8,7463,917,3.52040092172734,12.393222649698707,129.3128,0.7602568942082752
Ash1,8,7463,918,2.6930728071418257,7.252641144566753,77.49051,0.3165937450165417
Ash1,8,7463,919,2.7082612986319243,7.334679261667476,49.772346,0.48173777938338475
Ash1,8,7463,920,3.256834155570731,10.606968716892116,79.48265,0.6439928752415869
Ash1,8,7463,921,3.155952083220011,9.960033551580727,91.44502,0.5780380417033901
Ash1,8,7463,922,3.307040011239778,10.936513635940791,84.66896,0.7438577048509832
Ash1,8,7463,923,2.1750887006815485,4.731010855832547,15.09223,0.5233051301691201
Ash1,8,7463,924,2.199749760562687,4.838899009095598,13.153454,0.22075707408589118
Ash1,8,7463,925,2.8881914151252017,8.341649650402918,84.611115,0.5728642751282745
Ash1,8,7463,926,3.0176202498549647,9.10603197233474,81.79899,0.42622583486518817
Ash1,8,7463,927,1.9869096715728525,3.9478100429897403,40.623413,0.1719394450224041
Ash1,8,7463,928,2.3801523372127127,5.665125148339141,54.574356,0.32354958379068754
Ash1,8,7463,929,3.187859113063966,10.162445724744973,55.896683,0.7025015958364182
Ash1,8,7463,930,3.736480998512186,13.961290252242621,127.98531,0.6702114534253246
Ash1,8,7463,931,2.7001506936110546,7.290813768208263,34.09629,0.23441611740894852
Ash1,8,7463,932,2.4232077577770896,5.871935837351069,2.8086696,0.2404439280725585
Ash1,8,7463,933,2.1247640548547713,4.514622288802889,13.4429035,0.1258357388040654
Ash1,8,7463,934,2.545510394207241,6.4796231670171,25.238224,0.39878853093048927
Ash1,8,7463,935,2.935887340181627,8.619434474238748,67.27224,0.6975581483940007
Ash1,8,7463,936,2.902177382337155,8.422633558549338,60.895676,0.7851015324472443
Ash1,8,7463,937,3.955345850031625,15.6447607933624,72.52734,0.7053096898953668
Ash1,8,7463,938,3.292931863909896,10.843400260353098,48.859287,0.6628720484480469
Ash1,8,7463,939,1.9805778192855903,3.9226884982460635,17.774937,0.24534494350705233
Ash1,8,7463,940,1.779044720326136,3.165000116920299,3.3232703,0.10018878949672669
Ash1,8,7463,941,2.5949693764238257,6.733866064577459,29.70739,0.11400057082746773
Ash1,8,7463,942,2.819163347545113,7.947681980141768,61.309757,0.22347925883072003
Ash1,8,7463,943,2.2889341842082263,5.239219699636978,28.206377,0.6306332792639234
Ash1,8,7463,944,2.824412045113976,7.9773034005849155,58.238937,0.5328122475646359
Ash1,8,7463,945,3.6564163945245642,13.369380850148014,97.01448,0.7295281363134706
Ash1,8,7463,946,3.851161960473355,14.83144844579697,153.8466,0.7395310867424483
Ash1,8,7463,947,2.9931247578448996,8.958795816024088,132.2802,0.7597502083964144
Ash1,8,7463,948,3.09111807354017,9.555010944566693,89.01192,0.5116036857408395
Ash1,8,7463,949,2.9245290589410926,8.552870216590872,74.27653,0.469907365103309
Ash1,8,7463,950,3.0191612325319386,9.115334548023776,75.10919,0.5488498593652611
Ash1,8,7463,951,2.654849117334274,7.048223835810572,48.20173,0.2769097763861851
Ash1,8,7463,952,1.7930676344562013,3.215091541734358,15.053307,0.1957974848960874
Ash1,8,7463,953,2.55775220245901,6.542096329183915,38.89238,0.2988071786660156
Ash1,8,7463,954,2.9661177227027387,8.797854344931281,57.382732,0.4096299533182338
Ash1,8,7463,955,2.4346055067677,5.9273039735836095,29.987453,0.3760264902161641
Ash1,8,7463,956,2.8969758260293523,8.392468936598448,45.508053,0.45826631800232565
Ash1,8,7463,957,3.153993457421011,9.947674729454542,112.40478,0.7884646351213026
Ash1,8,7463,958,3.3985420888196267,11.550088329478472,94.81734,0.6522651214744404
Ash1,8,7463,959,2.1114902318775206,4.4583909993141875,5.551122,0.2879193858776629
Ash1,8,7463,960,3.1555946177768845,9.957777391742441,59.722,0.5327648878624583
Ash1,8,7463,961,3.2259986644278413,10.407067382890215,78.15611,0.561472997966323
Ash1,8,7463,962,2.4577150408529445,6.04036322203479,28.033714,0.4195427184588234
Ash1,8,7463,963,1.8434136024472798,3.398173709687658,4.359799,0.2591825639066708
Ash1,8,7463,964,2.2786825720151866,5.192394264005747,14.742386,0.2644234866632337
Ash1,8,7463,965,2.856611808373047,8.16023102373633,13.183072,0.36454941493080795
Ash1,8,7463,966,3.8806901225434594,15.059755827206368,112.129234,0.8049064581776053
Ash1,8,7463,967,3.8858808530034286,15.100070003738656,96.89676,0.7512937760316223
Ash1,8,7463,968,3.3409983020139213,11.162269654059907,58.020718,0.41137860459188164
Ash1,8,7463,969,3.069769190751529,9.4234828844873,58.21924,0.6137559425129742
Ash1,8,7463,970,2.8396352569978305,8.063528392785136,77.9243,0.35094767748133826
Ash1,8,7463,971,2.4329020272460116,5.919012274177753,24.542442,0.2712868869114955
Ash1,8,7463,972,2.6653885153911,7.10429593797877,30.556955,0.20324117294325333
Ash1,8,7463,973,3.9127488497048017,15.30960356086625,94.885925,0.7681552555528857
Ash1,8,7463,974,3.9300257490347126,15.445102388075862,136.95435,0.747046398477902
Ash1,8,7463,975,3.577980174105852,12.801942126294547,59.17148,0.6043391461025177
Ash1,8,7463,976,2.8950614641137475,8.381380880996433,55.612297,0.7450980210383782
Ash1,8,7463,977,4.0048808931752475,16.039070968520168,156.82889,0.7875906753999191
Ash1,8,7463,978,3.551488320788744,12.613069292698851,128.24725,0.6183973721731115
Ash1,8,7463,979,2.570528325172695,6.60761587051514,41.44135,0.3076003853329491
Ash1,8,7463,980,2.458068877670951,6.042102607374527,61.22517,0.5082488346166902
Ash1,8,7463,981,2.9263944401181727,8.563784419154556,66.75647,0.4512348358492059
Ash1,8,7463,982,2.7412934519459062,7.514689789681501,52.672226,0.286629538646472
Ash1,8,7463,983,2.0582235484785314,4.236284175511557,4.3611007,0.19435529639505322
Ash1,8,7463,984,2.402914163369899,5.773996476523663,13.634831,0.19628098171564473
Ash1,8,7463,985,2.866643660507646,8.21764587632868,50.10735,0.6888774492951892
Ash1,8,7463,986,3.126512502895575,9.77508043076235,53.970978,0.4516130822865697
Ash1,8,7463,987,3.260153010896941,10.628597654460387,53.02036,0.5746681888925359
Ash1,8,7463,988,2.410846825934302,5.8121824181175015,34.35672,0.4176617679050111
Ash1,8,7463,989,1.9756441020988886,3.903169618158124,37.206314,0.23968856418573298
Ash1,8,7463,990,3.0382068844697594,9.230701072839441,116.94076,0.6356665438146805
Ash1,8,7463,991,3.573967297768316,12.77324224551736,103.71847,0.7526640786181633
Ash1,8,7463,992,3.4117208442617697,11.639839119170244,67.4684,0.6614707726781818
Ash1,8,7463,993,3.144816978709071,9.88987382957685,77.917206,0.3435054833279057
Ash1,8,7463,994,2.810738112042318,7.900248734487213,70.19452,0.3589521074227899
Ash1,8,7463,995,2.0429480924809904,4.1736369085717175,13.665229,0.2628941716518255
Ash1,8,7463,996,3.1951184240224895,10.208781743527954,42.29252,0.6176423587499263
Ash1,8,7463,997,2.231602171374989,4.980048251285566,45.261898,0.21183177696100963
Ash1,8,7463,998,2.3211218549524815,5.387606665538049,40.91018,0.2022129696744712
Ash1,8,7463,999,2.9782922436409396,8.870224688531783,38.59359,0.4797129380111149
Ash1,8,7463,1000,3.125982300969912,9.771765345977142,98.07476,0.4203832828139011
Ash1,8,7463,1001,2.7599644947768387,7.617404012428773,55.803944,0.4564299143840097
Ash1,8,7463,1002,2.53009000636096,6.401355440287604,30.838848,0.3179513163684059
Ash1,8,7463,1003,2.9787317373946314,8.872842763362042,24.223495,0.6738866149492959
Ash1,8,7463,1004,3.173310236245861,10.069897855462761,126.90053,0.5032227417371038
Ash1,8,7463,1005,3.011804138310235,9.07096416754266,29.708193,0.3120607654522186
Ash1,8,7463,1006,2.682721248784705,7.196993298680965,23.132816,0.52354309670765
Ash1,8,7463,1007,1.8978717004552652,3.60191699138896,2.6890836,0.17877153065069648
Ash1,8,7463,1008,2.10691134524207,4.4390754167097475,29.914658,0.1659421325818488
Ash1,8,7463,1009,2.3207567048016675,5.385911682881897,44.828743,0.38792794367148553
Ash1,8,7463,1010,2.1665046447366394,4.6937423756654315,5.785368,0.4387267769877651
Ash1,8,7463,1011,2.3366534569749904,5.459949377993173,5.463631,0.35817054264074943
Ash1,8,7463,1012,2.494860622498454,6.2243295256933715,43.83333,0.3086470425781074
Ash1,8,7463,1013,2.293308269065389,5.25926281696369,39.45239,0.2347409208963217
Ash1,8,7463,1014,2.180155117115277,4.753076334683926,18.554134,0.31613520694102837
Ash1,8,7463,1015,2.5115289382700947,6.307777607768108,36.3799,0.5153024544476085
Ash1,8,7463,1016,2.4682626419397526,6.092320469595406,18.056936,0.39226137054508015
Ash1,8,7463,1017,2.1507144948646415,4.625572838420872,4.105628,0.19002067072838377
Ash1,8,7463,1018,2.2252437245458827,4.951709633630832,27.08503,0.08420372551499553
Ash1,8,7463,1019,3.1622383978562496,9.99975168487646,76.56821,0.21470601045525933
Ash1,8,7463,1020,3.5309377123424803,12.467521128442344,92.92333,0.6636024634708212
Ash1,8,7463,1021,3.050265491309697,9.304119567474787,79.04331,0.7484972779524385
Ash1,8,7463,1022,3.6033236602281944,12.98394140036031,97.98752,0.7991499902625885
Ash1,8,7463,1023,4.18372242778576,17.503533352757575,150.2756,0.8389457012479898
Ash1,8,7463,1024,4.035665073100321,16.286592582241816,155.46942,0.8145195741784363
Ash1,8,7463,1025,3.4663327232645904,12.015462548374913,98.32828,0.7030694216655942
Ash1,8,7463,1026,2.6106457969056365,6.815471476901065,25.55505,0.38215933680636544
Ash1,8,7463,1027,2.500235926604857,6.2511796886856486,41.480827,0.4459503402309598
Ash1,8,7463,1028,3.100279311527459,9.611731809485178,75.392426,0.3962135275035754
Ash1,8,7463,1029,3.2652799626245086,10.66205323431711,50.808598,0.6189006480852585
Ash1,8,7463,1030,2.6183919778183493,6.855976549503488,64.546295,0.6014121270696672
Ash1,8,7463,1031,2.743595867351317,7.527318283347223,58.947315,0.48527183546393415
Ash1,8,7463,1032,2.2749100397762274,5.175215689074677,28.22076,0.17869703010913277
Ash1,8,7463,1033,2.406455183490076,5.791026550146254,18.610598,0.16970982146115338
Ash1,8,7463,1034,2.841417310375864,8.073652331703608,60.117718,0.46082358012534574
Ash1,8,7463,1035,2.8408120185400234,8.070212924681442,42.138596,0.23567976078912312
Ash1,8,7463,1036,2.9282962199204685,8.574918751600505,42.251522,0.5530860090928467
Ash1,8,7463,1037,3.465855330326047,12.012153170749471,108.39086,0.4671304310542998
Ash1,8,7463,1038,2.952720357926306,8.71855751211245,37.957542,0.35624915245835415
Ash1,8,7463,1039,3.5721552825005283,12.760293362296432,125.269295,0.5717428211468178
Ash1,8,7463,1040,3.496537840558723,12.225776870459061,76.421364,0.8248371087071099
Ash1,8,7463,1041,3.5751414197854148,12.781636171465271,103.73112,0.7129862947163698
Ash1,8,7463,1042,2.8029985699113333,7.856800982924978,42.41645,0.5341612281206356
Ash1,8,7463,1043,3.0091009428577045,9.054688484307126,96.461075,0.7664423748633398
Ash1,8,7463,1044,2.678637127568312,7.1750968611874155,17.159943,0.554056253712532
Ash1,8,7463,1045,2.4874778721031694,6.187546164202912,22.7493,0.21102907629158735
Ash1,8,7463,1046,2.365631948578916,5.5962145161372785,30.418972,0.23647234383557403
Ash1,8,7463,1047,2.6027032720617567,6.7740643224009744,6.047057,0.6512537981631157
Ash1,8,7463,1048,2.337137634819676,5.462212324090511,13.608825,0.3345420760520627
Ash1,8,7463,1049,3.2391134169693263,10.491855727990702,78.03834,0.5977683649210819
Ash1,8,7463,1050,3.267022139344476,10.673433658966953,90.47629,0.6332819006726824
Ash1,8,7463,1051,3.0842071372432245,9.512333665422048,85.84105,0.39624758359611634
Ash1,8,7463,1052,2.2243067756427477,4.947540632170238,20.156107,0.23790131571729847
Ash1,8,7463,1053,2.816251285650021,7.931271303925395,47.99749,0.27151642918177316
Ash1,8,7463,1054,2.5991061803604474,6.755352936787875,43.706078,0.40675913585501955
Ash1,8,7463,1055,2.214681440681467,4.904813883698938,27.52954,0.07618116994200647
Ash1,8,7463,1056,1.8476611962647684,3.4138518961825546,36.476658,0.2798234289441785
Ash1,8,7463,1057,3.0640539140507355,9.388426388209629,59.293343,0.6724480734421465
Ash1,8,7463,1058,3.483036465222796,12.131543018071712,122.23537,0.6844866589551234
Ash1,8,7463,1059,3.2648403286107435,10.659182371323109,39.03577,0.5569468212849202
Ash1,8,7463,1060,3.114376596935826,9.699341587541575,24.95866,0.323606697083852
Ash1,8,7463,1061,3.3836766496777386,11.449267669574361,68.39836,0.7688160832639592
Ash1,8,7463,1062,3.434311491247397,11.79449541891392,105.958725,0.6008193542790021
Ash1,8,7463,1063,2.8468675725365573,8.104654975560187,53.32114,0.6940425135214885
Ash1,8,7463,1064,3.197788186584917,10.22584928626205,87.16029,0.8352508664146219
Ash1,8,7463,1065,3.4129843128629016,11.64846191984825,85.75089,0.6312267756050227
Ash1,8,7463,1066,3.520223384201219,12.391972674677083,122.31485,0.7270813749177886
Ash1,8,7463,1067,4.13059566841574,17.061820575934874,114.044106,0.8561914936501993
Ash1,8,7463,1068,3.6543055947751863,13.353949380005224,119.35943,0.703762227292091
Ash1,8,7463,1069,3.2521492985221845,10.576475059878334,79.887115,0.590525828682337
Ash1,8,7463,1070,3.205138935184329,10.272915593834531,107.424934,0.6969304520126882
Ash1,8,7463,1071,3.2576301832764907,10.612154410994023,100.55016,0.634752735485306
Ash1,8,7463,1072,2.356561563545565,5.55338240278032,29.732407,0.30179507907202285
Ash1,8,7463,1073,2.3253826264097643,5.407404359208374,12.900864,0.49887727768515233
Ash1,8,7463,1074,2.457184755449168,6.037756922411788,23.457308,0.22320091766400463
Ash1,8,7463,1075,3.37768415251634,11.40875023416003,62.290062,0.4729504071674988
Ash1,8,7463,1076,4.118499477003154,16.962037942075252,164.23463,0.7572110075360675
Ash1,8,7463,1077,4.073117985253818,16.590290121798123,97.2446,0.7034403503580796
Ash1,8,7463,1078,3.399088413998585,11.553802046179412,167.28198,0.7890088154636774
Ash1,8,7463,1079,2.7881211116067237,7.773619332987111,28.353245,0.4986311167443051
Ash1,8,7463,1080,3.15589669503943,9.959683949760798,81.3955,0.7815021403445033
Ash1,8,7463,1081,3.6410968991163624,13.25758662875479,97.19262,0.739082541941882
Ash1,8,7463,1082,3.527666337998895,12.444429792250535,105.44724,0.494252405849541
Ash1,8,7463,1083,2.8952636467943655,8.38255158444901,56.771122,0.6833414783165502
Ash1,8,7463,1084,4.067919289068167,16.547967342372853,74.00793,0.4700930076399594
Ash1,8,7463,1085,3.0370298545781678,9.22355033759909,83.34563,0.8375816137998242
Ash1,8,7463,1086,2.445914651523053,5.982498482535137,88.08932,0.5934136283353137
Ash1,8,7463,1087,2.7058010684563176,7.321359422059351,81.85952,0.5467251590974975
Ash1,8,7463,1088,2.979102996917511,8.87505466624289,70.90194,0.5160962345759237
Ash1,8,7463,1089,2.4307244517316087,5.90842136024593,40.801254,0.17915859458356206
Ash1,8,7463,1090,2.266769590189073,5.13824437500594,38.79659,0.3049426970214224
Ash1,8,7463,1091,2.728569695918586,7.445092585485245,25.553232,0.4134921548888224
Ash1,8,7463,1092,2.6885535668066365,7.228320281588688,66.213005,0.3740627004324254
Ash1,8,7463,1093,3.44927190171906,11.897476651988619,40.205242,0.4554710514218052
Ash1,8,7463,1094,3.2594866499828266,10.624253221416266,97.12062,0.5597140412448237
Ash1,8,7463,1095,3.60218807046578,12.975758895005978,146.52577,0.6884215601236263
Ash1,8,7463,1096,3.6920351266913083,13.631123376722503,127.08508,0.7101546261181598
Ash1,8,7463,1097,4.200643265570096,17.6454038445794,147.74666,0.80279020395546
Ash1,8,7463,1098,3.1069277442785195,9.653000008167608,41.611023,0.6324829484293053
Ash1,8,7463,1099,2.750196754737255,7.563582189767328,43.262775,0.25110541103990064
Ash1,8,7463,1100,2.6499502539215074,7.02223634825866,30.346838,0.27029104197032594
Ash1,8,7463,1101,2.663963627074704,7.096702206377015,55.043716,0.4856907563535887
Ash1,8,7463,1102,2.9460975219274292,8.67949060870694,60.172413,0.19586187528034665
Ash1,8,7463,1103,2.0135092765202467,4.054219606633087,17.867283,0.06678426530026178
Ash1,8,7463,1104,3.103155642810206,9.62957494350483,73.498184,0.6187729072305448
Ash1,8,7463,1105,4.0759133800433665,16.613069881616543,185.53616,0.765778531219424
Ash1,8,7463,1106,4.504824349423681,20.293442419160503,239.02695,0.854577890296164
Ash1,8,7463,1107,3.4002934587300695,11.561995605482501,129.91751,0.7210128690289737
Ash1,8,7463,1108,3.0048863122198934,9.029341749366475,66.349945,0.6904003803772378
Ash1,8,7463,1109,2.413543244343629,5.825190992316773,20.405191,0.45222724468296516
Ash1,8,7463,1110,2.2700463690050556,5.153110517433036,34.180195,0.08156587772564708
Ash1,8,7463,1111,2.044615854471481,4.180453992356143,11.189337,0.43943091912668897
Ash1,8,7463,1112,1.9580132345372976,3.8338158266232116,4.7148886,0.2011082146240862
Ash1,8,7463,1113,2.69522037252308,7.264212856463449,56.534782,0.18472129407344817
Ash1,8,7463,1114,3.03096283144127,9.186735685578485,43.856003,0.4155129596271214
Ash1,8,7463,1115,2.433607309568768,5.922444537186538,14.193531,0.2383958928868683
Ash1,8,7463,1116,2.5000906278020976,6.2504531472238885,42.345543,0.17459046839284237
Ash1,8,7463,1117,2.444334345479866,5.974770392492485,20.69804,0.20386873408798112
Ash1,8,7463,1118,2.932939804146688,8.602135894748013,56.406933,0.637633015512269
Ash1,8,7463,1119,2.840596782921383,8.068990083143309,68.71198,0.34594859189053223
Ash1,8,7463,1120,3.1879931731984725,10.163300472360065,89.46775,0.537027529599507
Ash1,8,7463,1121,3.31942907334866,11.018609372992346,78.01742,0.766760707731797
Ash1,8,7463,1122,3.4949671997610436,12.214795727405551,105.63383,0.6311327335068514
Ash1,8,7463,1123,3.045964100253241,9.277897300031535,58.782253,0.6237253741370612
Ash1,8,7463,1124,3.314778565440959,10.987756937906823,152.08453,0.5708718875498073
Ash1,8,7463,1125,2.8551760410460734,8.152030225363527,27.761711,0.38797686065405834
Ash1,8,7463,1126,3.0300619250369727,9.181275269558766,98.28256,0.4067585015412174
Ash1,8,7463,1127,3.0874023501719305,9.53205327184716,82.17078,0.3125422715797353
Ash1,8,7463,1128,3.534414865068611,12.492088438417966,108.57644,0.790927570717542
Ash1,8,7463,1129,2.872406716470927,8.250720344827291,69.92189,0.4473631969225381
Ash1,8,7463,1130,3.384861770412267,11.457289204798471,58.067726,0.6963703185996495
Ash1,8,7463,1131,2.435555497831686,5.931930583018152,24.990814,0.5109555084423927
Ash1,8,7463,1132,2.210266735155207,4.885279040533659,35.61042,0.3772286955175307
Ash1,8,7463,1133,1.9320054287214286,3.7326449766090697,1.0864829,0.2734147480612795
Ash1,8,7463,1134,2.4280897634414367,5.895619899329092,37.799557,0.4474408392736038
Ash1,8,7463,1135,2.6254051755083765,6.892752335586169,17.272789,0.36271248631043285
Ash1,8,7463,1136,2.402997276470499,5.774395910724636,19.89187,0.4207986414649645
Ash1,8,7463,1137,2.6919371236793794,7.2465254778432096,13.937697,0.4900456161864733
Ash1,8,7463,1138,2.274998270336542,5.175617130034258,48.390236,0.13269838498182351
Ash1,8,7463,1139,2.08984237874014,4.367441167978247,7.1630826,0.22738856212676378
Ash1,8,7463,1140,3.2509282924544793,10.568534762680994,40.30847,0.2445234923660548
Ash1,8,7463,1141,2.6331384911764095,6.9334183137147765,21.605213,0.2488084588340595
Ash1,8,7463,1142,2.486345962874059,6.18191624710013,21.159819,0.5053932485781488
Ash1,8,7463,1143,2.3072452581886034,5.323380681433794,43.847233,0.09411189775929578
Ash1,8,7463,1144,2.668970621957303,7.12340418087115,33.572323,0.1921088698471347
Ash1,8,7463,1145,2.5347480055745146,6.424947451763979,26.42877,0.505249861664123
Ash1,8,7463,1146,2.4337099735594845,5.922944235402907,39.407204,0.4720927220695348
Ash1,8,7463,1147,2.6299463162322616,6.916617626263645,66.4646,0.5320203126310067
Ash1,8,7463,1148,3.0910822227895594,9.554789308045644,116.57675,0.546074635826352
Ash1,8,7463,1149,3.268819954698195,10.685183896233108,88.97278,0.5782204020439254
Ash1,8,7463,1150,3.387349451289723,11.47413630515279,53.143883,0.7190379261774719
Ash1,8,7463,1151,3.1134484501467545,9.693561251721228,32.765583,0.3776577811944396
Ash1,8,7463,1152,2.0873587040904438,4.357066359542136,37.052994,0.48121591694993215
Ash1,8,7463,1153,2.751594537116473,7.5712724966892155,54.400208,0.47947879235533497
Ash1,8,7463,1154,3.1160641395664928,9.709855721892268,61.03128,0.6136421734921895
Ash1,8,7463,1155,3.649293498029261,13.317343034758643,99.712204,0.8166786502178435
Ash1,8,7463,1156,3.0001751399521037,9.001050870386626,78.93557,0.44941235731531626
Ash1,8,7463,1157,2.8428522203881372,8.081808746965761,44.10859,0.35548602999628975
Ash1,8,7463,1158,2.433024502178455,5.919608228200717,71.89399,0.34905499630405196
Ash1,8,7463,1159,3.0044861104118197,9.026936787657545,119.40662,0.6924825434819728
Ash1,8,7463,1160,2.8314743682588346,8.017247098106767,63.51544,0.6456367838892632
Ash1,8,7463,1161,2.1833386878519128,4.766967825870913,30.68524,0.39572171506105647
Ash1,8,7463,1162,2.58574384972007,6.68607125636517,25.569958,0.34743102725327263
Ash1,8,7463,1163,2.5880904729514786,6.69821229618221,68.89304,0.2992801860685128
Ash1,8,7463,1164,2.7078864865830625,7.332649224219161,101.62943,0.5279312995108089
Ash1,8,7463,1165,2.69482436901668,7.262078379846147,66.3535,0.5248537874440651
Ash1,8,7463,1166,2.699152193474326,7.285422563537265,72.64215,0.43581276736979224
Ash1,8,7463,1167,2.134315515330318,4.55530271897972,5.426719,0.2951015922855774
Ash1,8,7463,1168,1.929251607362706,3.7220117645115858,30.1697,0.24209450478177036
Ash1,8,7463,1169,1.9296007727346225,3.723359142138052,7.7096853,0.21449330884684648
Ash1,8,7463,1170,2.660634930569867,7.078978233768522,42.721397,0.17275652537268196
Ash1,8,7463,1171,2.17338888289077,4.723619236273189,4.7148004,0.4057222208395401
Ash1,8,7463,1172,3.1312136895466174,9.804499169604142,59.850323,0.4856531805614812
Ash1,8,7463,1173,2.2870977219492183,5.230815989745303,39.995792,0.43940300184366604
Ash1,8,7463,1174,3.25942221128237,10.623833151400856,78.08255,0.4743591540349239
Ash1,8,7463,1175,3.3668576256622167,11.335730271479816,76.79714,0.7952094216423303
Ash1,8,7463,1176,3.187057124007175,10.157333111684887,119.175964,0.7221006674229524
Ash1,8,7463,1177,2.7528985242791055,7.578450284978077,43.11698,0.4917284632945065
Ash1,8,7463,1178,2.3658705125463837,5.597343282136489,14.659756,0.5442086686309299
Ash1,8,7463,1179,3.0211181192715073,9.127154690590606,100.94476,0.5148997096763069
Ash1,8,7463,1180,3.347706250839331,11.207137141908728,92.95143,0.8033994074636724
Ash1,8,7463,1181,3.1427533324196077,9.876898508434548,32.451656,0.5723270478507885
Ash1,8,7463,1182,1.7280984459028044,2.9863242387316866,14.470963,0.07642970632055564
Ash1,8,7463,1183,1.9451725583686823,3.7836962818305646,10.786614,0.18356083451782998
Ash1,8,7463,1184,2.4110288502412343,5.81306011669557,30.994143,0.3376027224219373
Ash1,8,7463,1185,2.481344168962589,6.157068884844642,31.007187,0.42219319283528844
Ash1,8,7463,1186,2.4301456627726865,5.9056079422928995,9.803461,0.1757286490181581
Ash1,8,7463,1187,3.00674492461211,9.040515041680683,25.53307,0.5399271453708367
Ash1,8,7463,1188,3.6680744523600124,13.454770188056203,113.25879,0.6260883951033769
Ash1,8,7463,1189,3.3371014755149178,11.13624625788384,72.51664,0.4828110677032623
Ash1,8,7463,1190,2.6873889538998044,7.222059389542686,36.204514,0.20811150275567478
Ash1,8,7463,1191,2.6861715574153417,7.215517635867161,38.595867,0.16472514767244872
Ash1,8,7463,1192,2.247204486987687,5.049928006337594,38.572212,0.3081709840509913
Ash1,8,7463,1193,2.3877376523011056,5.701291096216398,27.15712,0.270895217055668
Ash1,8,7463,1194,3.097612751163574,9.595204756171167,60.347977,0.691358279462813
Ash1,8,7463,1195,3.266461020424585,10.669767597953218,58.608093,0.6823380794840386
Ash1,8,7463,1196,3.47648945856397,12.085978955506404,100.852745,0.7941603065482667
Ash1,8,7463,1197,3.4353023199846238,11.801302029691737,130.86035,0.570349470532702
Ash1,8,7463,1198,3.5401106339324566,12.532383300481658,54.676685,0.8267913135572269
Ash1,8,7463,1199,3.1595832720835584,9.982966453230246,44.461426,0.5017328594173134
Ash1,8,7463,1200,2.1759116312539217,4.734591427026103,1.1908338,0.23982150215652778
Ash1,8,7463,1201,2.973364330225551,8.840895440257642,54.676517,0.4181799588089634
Ash1,8,7463,1202,3.209629576985887,10.301722021462602,145.18173,0.7617776729373125
Ash1,8,7463,1203,3.3507539696774815,11.2275521653094,94.56385,0.4330994175341958
Ash1,8,7463,1204,2.2324788696657523,4.983961903504076,13.632852,0.2553529812947136
Ash1,8,7463,1205,2.894730212712625,8.379463004391274,12.632551,0.321624755742996
Ash1,8,7463,1206,2.6384410339546815,6.96137108965585,50.490612,0.3876687670449597
Ash1,8,7463,1207,3.1531880919773125,9.942595143387523,93.24583,0.5237445600232539
Ash1,8,7463,1208,3.2593780688738505,10.623545395855828,91.7749,0.7640367730175552
Ash1,8,7463,1209,3.2674481015450825,10.676217096290564,92.86815,0.4580931602225629
Ash1,8,7463,1210,2.1953456896581307,4.819542697100535,14.285415,0.24084359220967522
Ash1,8,7463,1211,2.7051510748727443,7.317842337885166,23.821096,0.4229264596628821
Ash1,8,7463,1212,3.4802266285283836,12.111977385918038,54.888035,0.6299706291345869
Ash1,8,7463,1213,2.8222897207542537,7.965319267875123,20.454327,0.47197084480602314
Ash1,8,7463,1214,2.4808391662274216,6.154562968687968,61.29145,0.4886245703405978
Ash1,8,7463,1215,2.7403723972143292,7.509640875414211,56.209793,0.5258799755233262
Ash1,8,7463,1216,3.302483422758765,10.906396757596447,117.79765,0.6829157497101761
Ash1,8,7463,1217,3.861748506983653,14.91310153119047,102.08766,0.7352790681932921
Ash1,8,7463,1218,3.1907126633017917,10.180647299754416,60.4534,0.44238029546425395
Ash1,8,7463,1219,2.8427144559251243,8.081025477925676,18.092743,0.1167356546447047
Ash1,8,7463,1220,2.5644197008740552,6.576248402230978,30.220154,0.2140957504770704
Ash1,8,7463,1221,2.4122700068468843,5.819046585933066,57.321873,0.4259741722179131
Ash1,8,7463,1222,2.0897779137823327,4.367171728932436,2.5268962,0.3006685068021843
Ash1,8,7463,1223,2.521274350659077,6.35682435129135,8.701987,0.2828534092322581
Ash1,8,7463,1224,2.504767794725739,6.273861705495244,20.118618,0.3332679222031489
Ash1,8,7463,1225,2.5952371066740945,6.735255639858126,39.004116,0.3659268684844325
Ash1,8,7463,1226,2.7892196364002695,7.779746180080851,6.970709,0.34149887214798863
Ash1,8,7463,1227,2.1357315389192384,4.561349206334338,12.370168,0.11367090122893467
Ash1,8,7463,1228,2.7072541956312803,7.32922527976317,17.261433,0.2288356488641642
Ash1,8,7463,1229,2.669847781274413,7.128087175175905,22.652832,0.1941095840885697
Ash1,8,7463,1230,3.2789193863053834,10.751312341889273,53.490322,0.6126422573226302
Ash1,8,7463,1231,1.8930968442170835,3.5838156615846803,7.7821155,0.3924110028419474
Ash1,8,7463,1232,2.477665579825851,6.138826725453769,52.671352,0.1675775481324766
Ash1,8,7463,1233,3.0946108750611683,9.576616468046847,26.96624,0.5416246176717898
Ash1,8,7463,1234,3.0438191151230707,9.264834805588592,81.94968,0.601903669813191
Ash1,8,7463,1235,3.0447072130041275,9.270242012919361,78.96134,0.6870823749767393
Ash1,8,7463,1236,2.4633025171989424,6.067859291238647,18.2931,0.36260345271838557
Ash1,8,7463,1237,2.1978957285846645,4.830745633730712,42.31547,0.3650237238317341
Ash1,8,7463,1238,2.8331942483311066,8.026989648776466,31.069916,0.5090517230537186
Ash1,8,7463,1239,2.1090099731022933,4.447923066644936,39.376694,0.12878509846232708
Ash1,8,7463,1240,2.819336556607016,7.9486586194207085,36.738472,0.2505995667837241
Ash1,8,7463,1241,2.9093863672534686,8.464529033960336,21.12524,0.38252021371690403
Ash1,8,7463,1242,2.3236131086345764,5.399177878618438,23.29696,0.04674131407283261
Ash1,8,7463,1243,1.803520444956613,3.252685995376498,13.180016,0.10753903784432928
Ash1,8,7463,1244,2.3527885849898262,5.535614125658426,58.203953,0.3103997822076431
Ash1,8,7463,1245,2.085036532212854,4.347377340662204,43.54341,0.3245103091971481
Ash1,8,7463,1246,2.3627856243270595,5.582755906526611,36.651714,0.45957750418579535
Ash1,8,7463,1247,2.5917764273724364,6.717305049483432,49.808952,0.46384775740597783
Ash1,8,7463,1248,3.341424060421919,11.165114751566504,86.70931,0.448625905193637
Ash1,8,7463,1249,2.903983779356228,8.433121790764082,68.51167,0.580006271182087
Ash1,8,7463,1250,3.4627016503703647,11.99030271947765,26.138603,0.3494772932876845
Ash1,8,7463,1251,2.4986362542047424,6.243183130826307,43.03447,0.1610050448542354
Ash1,8,7463,1252,2.513085426919454,6.315598362994932,24.097622,0.4418448081487252
Ash1,8,7463,1253,2.7557118714339968,7.59394791836226,94.62473,0.727029859214584
Ash1,8,7463,1254,2.9386570684454916,8.63570536592465,59.87359,0.46147114307286047
Ash1,8,7463,1255,3.5047208862707757,12.283068490662611,115.79591,0.8646229926268255
Ash1,8,7463,1256,3.4667930444586714,12.018654013107025,93.94822,0.796341699399366
Ash1,8,7463,1257,2.7676492621637854,7.659882438355744,60.37931,0.5526882266193003
Ash1,8,7463,1258,3.187837690053799,10.162309138127544,30.185713,0.6946314825550758
Ash1,8,7463,1259,2.7741742718456317,7.696042890570247,48.832462,0.3842059835290965
Ash1,8,7463,1260,2.000856521669899,4.003426820308967,11.338987,0.44738865695354435
Ash1,8,7463,1261,3.1252730378349525,9.767331561018114,48.94302,0.36037891393731525
Ash1,8,7463,1262,2.620958512473113,6.869423524105276,22.476934,0.3596946567998985
Ash1,8,7463,1263,2.537417780636735,6.438488993491454,28.075588,0.5159791686560022
Ash1,8,7463,1264,2.2793006250756065,5.19521133947005,9.331317,0.13606843106073624
Ash1,8,7463,1265,2.0590845347390454,4.239829121201511,20.31136,0.4493798843996878
Ash1,8,7463,1266,2.256242946536889,5.090632233797464,41.38715,0.5754623916978536
Ash1,8,7463,1267,2.855861620555615,8.15594559576254,37.06453,0.43960067209293635
Ash1,8,7463,1268,2.945596562172825,8.676539107084364,64.26301,0.591510363646464
Ash1,8,7463,1269,3.0212350547104516,9.12786125581127,78.19356,0.657867866000328
Ash1,8,7463,1270,3.766206892400687,14.184314356366443,108.5152,0.8376812830845488
Ash1,8,7463,1271,3.264114696011645,10.654444748719193,102.74632,0.7691834522568335
Ash1,8,7463,1272,3.0191980171652393,9.115556666854513,56.062714,0.5294591115286725
Ash1,8,7463,1273,2.480714905806017,6.153946443888156,34.275223,0.32569168966209106
Ash1,8,7463,1274,1.8312651612942557,3.3535320909700768,37.62416,0.2565138320993432
Ash1,8,7463,1275,2.1983861982840427,4.832901876805765,16.237553,0.5546822969744567
Ash1,8,7463,1276,2.909181928184552,8.463339491275587,66.10588,0.7509621005333338
Ash1,8,7463,1277,2.942623285160265,8.659031798367387,55.980984,0.5825424430296426
Ash1,8,7463,1278,2.2168313829671673,4.914341380508123,69.53924,0.3962616759118419
Ash1,8,7463,1279,2.3022739052438497,5.3004651347667675,32.42045,0.22430257503732126
Ash1,8,7463,1280,2.801350052167232,7.847562114777353,14.441132,0.35336594636435215
Ash1,8,7463,1281,2.2605743136261265,5.110196227426231,10.284926,0.2901805163170508
Ash1,8,7463,1282,2.198485056625169,4.8333365442041725,8.937356,0.3189170901665862
Ash1,8,7463,1283,2.4022806513631427,5.770952327913728,23.449804,0.4578227867189675
Ash1,8,7463,1284,2.449119488832681,5.998186270580054,22.616236,0.5248121852670996
Ash1,8,7463,1285,3.5356517370751632,12.500833205882616,96.09506,0.7907525991242408
Ash1,8,7463,1286,4.510841630081731,20.347692211678407,183.65842,0.841671525138777
Ash1,8,7463,1287,3.1845018008861645,10.141051719847226,81.15984,0.5381094909486942
Ash1,8,7463,1288,1.9728266056275578,3.892044815871951,9.600384,0.21709607961505248
Ash1,8,7463,1289,2.394939243485471,5.73573397998676,8.614721,0.4346982127337136
Ash1,8,7463,1290,2.0298261956478565,4.12019438453825,10.349126,0.12036572430636543
Ash1,8,7463,1291,2.9439263109985503,8.66670212458953,18.729874,0.263855871529063
Ash1,8,7463,1292,4.485623911744201,20.12082187761135,160.9254,0.838115008175445
Ash1,8,7463,1293,4.464618125495384,19.93281500650191,156.36168,0.7886831506072074
Ash1,8,7463,1294,2.899428121352614,8.406683430890348,33.60224,0.41175399885271613
Ash1,8,7463,1295,2.6074261198438347,6.798670970443876,17.669823,0.31726730283407545
Ash1,8,7463,1296,3.170376829338195,10.05128924000451,53.123116,0.3919313426315018
Ash1,8,7463,1297,3.162524792364913,10.001563062322738,42.404964,0.5724056182803114
Ash1,8,7463,1298,2.568582014094981,6.597613563132229,32.896122,0.5805265210332342
Ash1,8,7463,1299,3.1007932752632095,9.614918935917544,48.08418,0.6744775261477176
Ash1,8,7463,1300,2.5866513827737663,6.690765376005438,56.445824,0.5971332204008952
Ash1,8,7463,1301,2.649776408949334,7.021315017424429,68.00099,0.44254811098877567
Ash1,8,7463,1302,2.8663783811612893,8.216125023988813,59.422565,0.6239111131889398
Ash1,8,7463,1303,3.2253367401039266,10.402797087064224,76.70408,0.5084235673362806
Ash1,8,7463,1304,2.9817818694867055,8.891023117199632,101.78815,0.6941691097712126
Ash1,8,7463,1305,2.6053309073126925,6.7877491365987765,55.189594,0.4532209322282147
Ash1,8,7463,1306,2.1826351514719615,4.763896204441031,19.083462,0.2423353496063369
Ash1,8,7463,1307,3.019997830681549,9.120386897321266,73.838875,0.40796930253601993
Ash1,8,7463,1308,3.702837132467847,13.711002829582707,92.05842,0.39483006560945944
Ash1,8,7463,1309,2.5984442142410695,6.751912334522889,5.2643194,0.710106901714792
Ash1,8,7463,1310,2.1437782010849697,4.59578497544711,29.930883,0.3731580558066874
Ash1,8,7463,1311,2.2627337678485846,5.1199641041622534,57.70175,0.27566008655753405
Ash1,8,7463,1312,2.885424635836439,8.325675329091846,47.3678,0.3150412859611499
Ash1,8,7463,1313,3.245214008945603,10.531413963856796,97.96655,0.6238464629157463
Ash1,8,7463,1314,2.8612133060613236,8.18654158278237,34.84401,0.5917359504935278
Ash1,8,7463,1315,2.6629241497746423,7.0911650274530045,43.278667,0.5720672656619208
Ash1,8,7463,1316,2.5702975036250377,6.6064292571411025,35.959503,0.4617420902130355
Ash1,8,7463,1317,2.984082166332939,8.904746375426285,41.71832,0.36825340113074606
Ash1,8,7463,1318,2.2584527429274828,5.100608792036671,38.207253,0.3496576983158265
Ash1,8,7463,1319,2.194586739560971,4.816210957456853,16.394258,0.24459511833877923
Ash1,8,7463,1320,2.9768643646691975,8.861721445637341,77.04383,0.621390793687259
Ash1,8,7463,1321,3.4076278378503475,11.611927481292634,53.0904,0.3899932828302045
Ash1,8,7463,1322,2.3442901068002326,5.495696104841446,55.566338,0.3032384732638088
Ash1,8,7463,1323,2.691570642129471,7.244552521573253,49.930717,0.48003925741732684
Ash1,8,7463,1324,3.728593799680155,13.902411723013294,103.564835,0.7854856201762627
Ash1,8,7463,1325,4.388647086496463,19.260223249813894,126.79965,0.769603156047548
Ash1,8,7463,1326,4.196277096498277,17.60874147059601,120.06328,0.747132239071314
Ash1,8,7463,1327,3.094690980002266,9.577112261707386,104.01851,0.8049474265319507
Ash1,8,7463,1328,2.895771197539908,8.385490828501712,48.662487,0.3868914910128636
Ash1,8,7463,1329,2.867503986031933,8.222579109909026,31.417952,0.3503221752021151
Ash1,8,7463,1330,2.496791919924238,6.233969891398962,24.852825,0.17922607794760131
Ash1,8,7463,1331,2.1611263333724606,4.670467028795896,23.128332,0.1784371646711541
Ash1,8,7463,1332,2.038409152082985,4.1551118712956745,12.285465,0.38589237341661553
Ash1,8,7463,1333,2.3632463827365293,5.584933465517291,33.824776,0.2501112988125825
Ash1,8,7463,1334,2.267885946136275,5.143306664682425,8.0849285,0.1289426115595464
Ash1,8,7463,1335,2.2777190023641505,5.1880038537307405,23.718298,0.27664767569368537
Ash1,8,7463,1336,2.7028220507419083,7.305247037976695,7.6699963,0.21066332760523665
Ash1,8,7463,1337,2.6447310133252446,6.994602132844377,36.469383,0.45822820640660855
Ash1,8,7463,1338,3.0421048268221864,9.254401777374845,67.20704,0.4053168578099868
Ash1,8,7463,1339,2.7824778871147156,7.742183192282373,57.125156,0.2239241693616429
Ash1,8,7463,1340,1.6823202523469574,2.8302014314567305,10.205911,0.035840983240057606
Ash1,8,7463,1341,2.601771648457013,6.769215710714723,38.636696,0.24321064017950866
Ash1,8,7463,1342,2.0263037619638937,4.105906935749028,11.38154,0.32649203183694825
Ash1,8,7463,1343,2.0069198548060005,4.027727303614538,15.180885,0.27985974708009115
Ash1,8,7463,1344,1.9394942480468291,3.7616379382067353,36.63021,0.2808404696213427
Ash1,8,7463,1345,2.6387698380212923,6.963106258050917,34.79264,0.5764468875378024
Ash1,8,7463,1346,3.6220634698144334,13.119343779364174,86.407295,0.8083226426641259
Ash1,8,7463,1347,3.9352767859507245,15.486403382042669,123.01836,0.8332726331871405
Ash1,8,7463,1348,2.6460004644382584,7.001318457807479,71.57283,0.4683589742247076
Ash1,8,7463,1349,1.9313440025305364,3.730089656110674,13.213092,0.16104225130465347
Ash1,8,7463,1350,1.9356869906390743,3.7468841257293555,1.5657042,0.32997391607603194
Ash1,8,7463,1351,2.0550216484344297,4.2231139755341625,23.01165,0.0756701150283926
Ash1,8,7463,1352,2.8643334108907004,8.204405888744756,49.68783,0.25924889452162486
Ash1,8,7463,1353,2.0091693708383276,4.03676156071488,25.544731,0.23234104621886312
Ash1,8,7463,1354,2.0160719783837604,4.06454622202421,8.608133,0.2610294884383798
Ash1,8,7463,1355,2.5225350956895847,6.363183308985662,16.281265,0.2553891630395604
Ash1,8,7463,1356,2.7254233405245016,7.427932385075733,35.81144,0.42362903145541264
Ash1,8,7463,1357,2.66205847750582,7.086555337660603,60.101578,0.28203934780953455
Ash1,8,7463,1358,2.8206335804986384,7.95597379543657,47.569386,0.1665906261655618
Ash1,8,7463,1359,2.981357262351093,8.888491125773601,61.787407,0.5118003222108425
Ash1,8,7463,1360,2.784803984246177,7.755133230673384,48.54682,0.5346350991327251
Ash1,8,7463,1361,2.5360383388313688,6.43149045602257,39.093113,0.48960107373709094
Ash1,8,7463,1362,3.5131692727324775,12.34235833887165,110.71877,0.5512701128353473
Ash1,8,7463,1363,4.012465333380819,16.09987805158284,132.76839,0.7845900869002869
Ash1,8,7463,1364,4.180626449930075,17.47763751385494,75.37925,0.7924823961669007
Ash1,8,7463,1365,2.7909245150009534,7.789259648433307,58.61773,0.2026387907006012
Ash1,8,7463,1366,2.7845870696500734,7.753925148462387,50.2054,0.3177180539683847
Ash1,8,7463,1367,3.3536028615154683,11.246652152764739,77.53619,0.537650045078828
Ash1,8,7463,1368,3.8419960969018505,14.760934008609052,71.14955,0.9013062639168095
Ash1,8,7463,1369,2.8158765971112296,7.929161010158715,50.4712,0.47956190919636155
Ash1,8,7463,1370,2.8872145480581914,8.336007846518864,62.2482,0.3540445743604346
Ash1,8,7463,1371,2.8072046439023577,7.880397912746961,14.582947,0.42476941703915394
Ash1,8,7463,1372,2.4999539386729013,6.249769695486151,11.991869,0.2971439393970322
Ash1,8,7463,1373,2.834372972020516,8.033670144520416,59.15995,0.23295850275215035
Ash1,8,7463,1374,3.2037920397822686,10.264283434172228,105.88375,0.6348191256924087
Ash1,8,7463,1375,3.4202992827454266,11.69844718354888,147.04892,0.7186133839931284
Ash1,8,7463,1376,3.4066895153198096,11.60553345378992,115.026794,0.5803877809978277
Ash1,8,7463,1377,2.6876010983031313,7.223199663600197,60.187782,0.4757783546717167
Ash1,8,7463,1378,2.443100435953616,5.968739740156748,29.381958,0.39600978874029535
Ash1,8,7463,1379,3.2083138407978944,10.293277701055333,95.38498,0.47541342943189496
Ash1,8,7463,1380,2.5943465690611234,6.730634120399223,77.427124,0.7453151963239485
Ash1,8,7463,1381,2.750732920881795,7.566531602022892,65.249374,0.7295117434175842
Ash1,8,7463,1382,2.444862425769866,5.977352280941314,42.563232,0.17928116416043652
Ash1,8,7463,1383,1.8855781553049784,3.5554049797633254,13.678003,0.15458321901638564
Ash1,8,7463,1384,2.6185409613749266,6.856756766398324,29.982504,0.25713566669284693
Ash1,8,7463,1385,2.8422685046526506,8.078490252540414,2.857041,0.5693860034424991
Ash1,8,7463,1386,2.4300100446169544,5.904948816939293,21.775723,0.306533211214286
Ash1,8,7463,1387,2.9862978062181793,8.917974587423512,42.310776,0.6203704925519453
Ash1,8,7463,1388,3.0084241791925694,9.050616041950486,89.69379,0.6672704017866241
Ash1,8,7463,1389,2.616855230517438,6.8479312974864746,70.72,0.36410227906676296
Ash1,8,7463,1390,3.0641271741763325,9.388875339525837,96.51096,0.6457606865718415
Ash1,8,7463,1391,3.4918456784865968,12.192986242365519,90.00928,0.7263989483355646
Ash1,8,7463,1392,4.052023778862543,16.418896704467475,106.090416,0.6065442616183421
Ash1,8,7463,1393,2.992547714370565,8.955341822784494,103.14366,0.6640164613663846
Ash1,8,7463,1394,2.8400211568883735,8.065720171573574,55.71343,0.6766178808593518
Ash1,8,7463,1395,2.8146468210119693,7.922236727032788,27.71753,0.36740782355199403
Ash1,8,7463,1396,2.0505455114331683,4.204736894458715,12.330244,0.1462419049858793
Ash1,8,7463,1397,2.5687059507998304,6.598250261674462,41.37879,0.46483680254452886
Ash1,8,7463,1398,2.964277580383943,8.786941573566885,66.50293,0.34047842788016175
Ash1,8,7463,1399,2.7806028881342506,7.731752421500535,32.737503,0.39159349549145905
Ash1,8,7463,1400,3.6043694260142516,12.991478959186303,117.05364,0.6674779925904331
Ash1,8,7463,1401,3.330008538317244,11.088956865265748,78.87288,0.7335171572323889
Ash1,8,7463,1402,2.719530939574375,7.395848531302284,61.729527,0.554027072881447
Ash1,8,7463,1403,2.968230397475918,8.810391692500048,69.39821,0.43288225990899426
Ash1,8,7463,1404,2.7643887226213844,7.6418450097562864,33.363083,0.5316600920133416
Ash1,8,7463,1405,2.7312445236436327,7.459696647933335,39.171356,0.2481024996219116
Ash1,8,7463,1406,2.666734477715396,7.111472774636006,57.220154,0.5456379357123636
Ash1,8,7463,1407,3.5331616988349124,12.483231590114004,120.73349,0.7685905117805176
Ash1,8,7463,1408,4.104788774214228,16.849290880915145,157.74939,0.8296856665212476
Ash1,8,7463,1409,3.2377130662321276,10.48278589925025,80.38134,0.7912136131026091
Ash1,8,7463,1410,3.445063899643283,11.868465272625386,102.722534,0.6307850398430896
Ash1,8,7463,1411,2.244574998882335,5.038116925607633,32.97575,0.4412691208544681
Ash1,8,7463,1412,2.458223499117674,6.042862771614342,32.606636,0.5484551107996202
Ash1,8,7463,1413,3.0199372356645173,9.120020907353044,35.944984,0.6971054421093785
Ash1,8,7463,1414,2.635726243143282,6.947052828794199,34.44856,0.3762449102693531
Ash1,8,7463,1415,2.6662467181450387,7.108871562019187,39.273117,0.2400231301734746
Ash1,8,7463,1416,2.9436163977350662,8.664877497014768,45.709373,0.275504670342265
Ash1,8,7463,1417,2.549726896820206,6.501107248368397,40.719894,0.3211387334157662
Ash1,8,7463,1418,1.9533837287050377,3.815707991569597,11.429999,0.17792829396817209
Ash1,8,7463,1419,2.9613853534226977,8.769803211466474,80.05472,0.4513981589174617
Ash1,8,7463,1420,3.669011781023108,13.461647449286364,77.74362,0.5016521825908182
Ash1,8,7463,1421,2.5886532246501384,6.701125517491559,12.709348,0.294593760831254
Ash1,8,7463,1422,2.2202764757837437,4.9296276289186824,28.83582,0.2468883380038396
Ash1,8,7463,1423,2.2483165186295535,5.054927167942516,31.531796,0.13652022431970345
Ash1,8,7463,1424,2.3418249154969226,5.484143934842169,33.4401,0.3614384121456966
Ash1,8,7463,1425,2.3069752037128817,5.322134590546092,19.708094,0.29342336909117145
Ash1,8,7463,1426,2.583049525855323,6.672144853021411,38.249695,0.5521780023278751
Ash1,8,7463,1427,3.3816092658588772,11.435281226942614,89.38931,0.500317772574161
Ash1,8,7463,1428,3.455821030194761,11.942698992736378,110.66406,0.6055431732561445
Ash1,8,7463,1429,3.0726860755231002,9.44139971871355,43.055855,0.4617682667988414
Ash1,8,7463,1430,3.186739442040851,10.155308271458834,89.14407,0.6310184706725469
Ash1,8,7463,1431,3.0141058537426297,9.084834097565585,60.733196,0.65993392372729
Ash1,8,7463,1432,3.822309104013552,14.610046886624882,91.74546,0.7703386441525302
Ash1,8,7463,1433,3.715121644946812,13.802128836752305,155.33157,0.5956902632192196
Ash1,8,7463,1434,3.4983000118990044,12.238102973252573,121.34423,0.6644391905990199
Ash1,8,7463,1435,2.0765789843564297,4.312180278270782,26.644835,0.16774371681785585
Ash1,8,7463,1436,2.122164459281542,4.503581992237719,30.795216,0.23455391459533154
Ash1,8,7463,1437,2.8166247383421115,7.933374916640766,29.074951,0.33085345202295025
Ash1,8,7463,1438,3.335029637046331,11.122422679977383,34.304237,0.40214638082350973
Ash1,8,7463,1439,2.91162839041247,8.477579883855906,25.659492,0.732420813164519
Ash1,8,7463,1440,2.785106965079166,7.756820806932482,39.654835,0.4514270016489099
Ash1,8,7463,1441,2.879114124507143,8.289298141936536,24.309237,0.3851144413804787
Ash1,8,7463,1442,2.5606639845129484,6.55700004158173,51.5127,0.3556285440216513
Ash1,8,7463,1443,2.0962767177470525,4.3943760773683564,37.58133,0.2958411112603282
Ash1,8,7463,1444,2.3094445692937233,5.333534218640271,52.650978,0.47331330496807067
Ash1,8,7463,1445,3.0669345408454936,9.406087477831159,28.000866,0.4120957961068532
Ash1,8,7463,1446,1.9525588967812353,3.812486245399554,6.9872327,0.10926875399626644
Ash1,8,7463,1447,2.098366375783527,4.403141447018894,3.6350214,0.22735160198710502
Ash1,8,7463,1448,3.2146737284192857,10.33412718018915,47.801178,0.4756997828275727
Ash1,8,7463,1449,3.5378642692459707,12.516483587607322,70.41644,0.4231281356968659
Ash1,8,7463,1450,2.833627809635537,8.02944656353989,46.369507,0.602980509113078
Ash1,8,7463,1451,2.625673858115599,6.894163209191658,45.68115,0.4586672565609857
Ash1,8,7463,1452,3.1345541950667872,9.825430001810794,69.63539,0.7469900598278071
Ash1,8,7463,1453,3.0946661490023875,9.576958573781265,102.31765,0.6321354115825488
Ash1,8,7463,1454,1.9983111416726806,3.993247418933174,16.9618,0.26226312366887794
Ash1,8,7463,1455,2.288308481346362,5.236355705801694,28.020002,0.132803387405101
Ash1,8,7463,1456,2.5317252320493306,6.409632650595237,20.284002,0.5279383860361234
Ash1,8,7463,1457,3.3808004831672553,11.429811906983945,117.58191,0.5830608307485576
Ash1,8,7463,1458,2.969624348473396,8.818668771046045,48.24038,0.4277472402091601
Ash1,8,7463,1459,3.8569353161126547,14.875950032677023,149.32875,0.7604942381640896
Ash1,8,7463,1460,2.9226682343993597,8.541989608367068,29.673767,0.6070574369931172
Ash1,8,7463,1461,2.3772968622934165,5.651540371470123,23.030441,0.11557310312054486
Ash1,8,7463,1462,1.9773298807628017,3.9098334573574354,15.842616,0.19384108299248975
Ash1,8,7463,1463,2.753873405575781,7.5838187339375525,10.7366295,0.44520006252695676
Ash1,8,7463,1464,2.5907643080149585,6.712059699684226,37.496708,0.6706754217047814
Ash1,8,7463,1465,2.945434252283979,8.675582934527684,56.282887,0.5098912542489246
Ash1,8,7463,1466,3.0847373171174106,9.515604315616722,70.488716,0.5730309324494874
Ash1,8,7463,1467,3.664377380056801,13.42766158347195,110.17142,0.5347266005230963
Ash1,8,7463,1468,2.895004870870071,8.381053202361437,55.770844,0.30241382758911056
Ash1,8,7463,1469,2.891162842349064,8.358822580979917,23.264793,0.270846744088175
Ash1,8,7463,1470,3.5937181794855304,12.914810353564798,88.22892,0.5076816393716193
Ash1,8,7463,1471,3.099876498263898,9.609234304488847,49.448112,0.5198032980775094
Ash1,8,7463,1472,2.9864453534206947,8.918855848968057,59.068752,0.47559626754566753
Ash1,8,7463,1473,3.537917723734648,12.516861819915754,49.19895,0.7059484492645542
Ash1,8,7463,1474,3.3179593556219977,11.008854285559543,60.59015,0.6046230280729636
Ash1,8,7463,1475,2.295051183041968,5.267259932782338,60.799232,0.4608417272951259
Ash1,8,7463,1476,2.1029514930757554,4.422404982229549,17.568274,0.32223318992182326
Ash1,8,7463,1477,3.337460581076756,11.1386431302412,84.69336,0.7445997600417427
Ash1,8,7463,1478,3.8307387293683326,14.674559212682505,122.331604,0.8494387834785593
Ash1,8,7463,1479,3.619118452907536,13.098018376175839,122.67009,0.7321959406613836
Ash1,8,7463,1480,3.3430577205920646,11.176034923210208,63.022648,0.623886046552018
Ash1,8,7463,1481,2.1209411895222714,4.498391529412146,20.793251,0.1857844959052814
Ash1,8,7463,1482,2.264562306540485,5.128242440203962,9.094665,0.19671917820892126
Ash1,8,7463,1483,2.0985341835232005,4.403845719415386,15.910425,0.3190088776989224
Ash1,8,7463,1484,3.3584161213412234,11.278958844084626,81.97966,0.6768059975359684
Ash1,8,7463,1485,2.4859787188740508,6.180090190694667,44.186512,0.2240696144206356
Ash1,8,7463,1486,2.6558960178036224,7.05378365738514,22.425623,0.2738279350490207
Ash1,8,7463,1487,3.7545599895130826,14.096720714852479,112.87946,0.6197544748817968
Ash1,8,7463,1488,3.391038567926179,11.49914256916283,74.76517,0.5282265564556781
Ash1,8,7463,1489,2.4305047142908633,5.907353166190109,15.917473,0.1635273465139761
Ash1,8,7463,1490,2.3469176796981412,5.508022595279706,24.159538,0.2596496560351812
Ash1,8,7463,1491,3.323415215226874,11.045088692801489,122.131424,0.6388280675311462
Ash1,8,7463,1492,3.5123354864812995,12.336500569595827,115.3359,0.5956088759241621
Ash1,8,7463,1493,2.903964967944214,8.433012535047238,24.154541,0.3539199881047498
Ash1,8,7463,1494,2.5518381777032912,6.511878085184054,28.50538,0.1005057243242415
Ash1,8,7463,1495,2.3405148263495414,5.478009652362024,15.165159,0.1732074903345128
Ash1,8,7463,1496,1.9321786076452836,3.7333141718420664,10.255104,0.02487547241019567
Ash1,8,7463,1497,2.538451943725433,6.443738270603432,18.949694,0.5492957996728991
Ash1,8,7463,1498,3.070533237973724,9.428174365501402,32.894592,0.7072290925378506
Ash1,8,7463,1499,3.143239467369031,9.879954349226349,119.58255,0.6808596007175298
Ash1,8,7463,1500,3.0261894361405792,9.15782250340884,98.34393,0.6614091146568613
Ash1,8,7463,1501,3.7577085701393727,14.12037369809889,142.03969,0.8200150794979819
Ash1,8,7463,1502,2.9376718278499916,8.62991576814351,38.197887,0.7774638644948291
Ash1,8,7463,1503,2.7621238434822395,7.629328126733101,61.800728,0.444484632772279
Ash1,8,7463,1504,2.197526358253043,4.8291220952168805,2.5004592,0.45679145788701586
Ash1,8,7463,1505,2.041611420348519,4.168177191697497,13.538969,0.16119356092272227
Ash1,8,7463,1506,2.384539664087517,5.686029409606607,8.0270815,0.4045424850673128
Ash1,8,7463,1507,3.1024339369498692,9.625096333138266,65.37065,0.34637370768329667
Ash1,8,7463,1508,2.8322411969572205,8.02159019774167,50.017014,0.5022082034153721
Ash1,8,7463,1509,2.512305750492663,6.311680183958506,61.277958,0.49838342936914026
Ash1,8,7463,1510,2.5949988626879903,6.7340190973519665,31.589472,0.5435036135775702
Ash1,8,7463,1511,3.0417457060778585,9.252216940443091,64.26728,0.5296422604688839
Ash1,8,7463,1512,3.4948769493744343,12.214164891268757,76.07504,0.5915631206733056
Ash1,8,7463,1513,2.888349088987028,8.342560459852198,37.337975,0.4525030443147219
Ash1,8,7463,1514,2.0619418778528265,4.251604307643242,8.649378,0.1810760641236293
Ash1,8,7463,1515,2.021635468708045,4.087009968338398,54.723885,0.37147231655729657
Ash1,8,7463,1516,3.6812032488334014,13.551257359221584,92.72093,0.648686156036846
Ash1,8,7463,1517,4.001384280194219,16.011076157785403,101.37909,0.7947361577450669
Ash1,8,7463,1518,2.5996201475653153,6.75802491162751,72.19867,0.3338488972872908
Ash1,8,7463,1519,2.4347624803035566,5.928068335493928,24.83546,0.37328708213984113
Ash1,8,7463,1520,3.1065425755508476,9.650606773710091,41.933716,0.600041410670684
Ash1,8,7463,1521,2.8857717617331318,8.327678660816341,81.88432,0.5739220856088347
Ash1,8,7463,1522,3.159696584430886,9.98368250566421,33.298813,0.44673237794080706
Ash1,8,7463,1523,2.936145252812085,8.62094894561094,23.18633,0.653394908534087
Ash1,8,7463,1524,2.591002674441138,6.713294858961131,17.242489,0.23787303469624063
Ash1,8,7463,1525,2.336081349599951,5.457276071948727,22.52444,0.24946649452222633
Ash1,8,7463,1526,2.698451528929082,7.281640653979701,40.451843,0.1731815063231868
Ash1,8,7463,1527,2.8855457780283533,8.326374437097256,43.243378,0.43260652029734853
Ash1,8,7463,1528,2.9417147763917253,8.653685825641416,54.059177,0.4236603849871665
Ash1,8,7463,1529,2.4466293751094508,5.985995299148462,34.423058,0.2550182424678976
Ash1,8,7463,1530,2.337876477668242,5.465666424834464,12.095251,0.19083898663626375
Ash1,8,7463,1531,2.053674038832004,4.217577057772554,13.984444,0.23477111215135682
Ash1,8,7463,1532,2.115572763797465,4.475648118921642,15.976073,0.1185114249703963
Ash1,8,7463,1533,2.2912079078082823,5.249633676803205,34.81317,0.3208586211192379
Ash1,8,7463,1534,2.615622850414771,6.841482895611892,48.95167,0.3803419929346391
Ash1,8,7463,1535,4.097657324152822,16.790795546183265,151.11357,0.8817534116250832
Ash1,8,7463,1536,4.0574587902743255,16.462971834774397,139.00269,0.8400974291473335
Ash1,8,7463,1537,3.146440856110971,9.90009006100434,68.05095,0.5490950213272915
Ash1,8,7463,1538,2.4989769998217515,6.24488604563812,66.50978,0.6239911157006228
Ash1,8,7463,1539,2.759461072077543,7.614625408311343,35.73959,0.3141164154009252
Ash1,8,7463,1540,3.379422406068352,11.42049579863681,54.945038,0.5308467523372966
Ash1,8,7463,1541,3.3009266299791284,10.896116616505367,88.20154,0.5041612407076839
Ash1,8,7463,1542,2.5972382974134245,6.745646773550983,47.93218,0.18951078931670706
Ash1,8,7463,1543,2.674003200055536,7.150293113907247,36.208107,0.33669614753307364
Ash1,8,7463,1544,2.771694444550564,7.682290093952457,62.464806,0.3866740114767278
Ash1,8,7463,1545,3.780793871002867,14.294402295012842,101.242615,0.6870445056015562
Ash1,8,7463,1546,3.7039651947876213,13.719358164198104,75.58902,0.5646465613289159
Ash1,8,7463,1547,3.1550079087258815,9.95407490412286,61.414345,0.2764499211833429
Ash1,8,7463,1548,2.5659301116929396,6.5839973380925425,29.983027,0.12368658690192319
Ash1,8,7463,1549,2.657811773008755,7.06396342074394,28.110596,0.49814366503812735
Ash1,8,7463,1550,2.2570929464252627,5.094468568802673,23.431864,0.3682693473625061
Ash1,8,7463,1551,2.338065021232558,5.466548043511205,10.2574835,0.30304081337589356
Ash1,8,7463,1552,2.554996188143436,6.528005521427487,87.30818,0.4148727356820735
Ash1,8,7463,1553,2.382710592160867,5.67730976599559,9.285302,0.40499569375972366
Ash1,8,7463,1554,2.2043677792144605,4.859237306038891,29.405968,0.1875174222512111
Ash1,8,7463,1555,2.509218140111766,6.296175674665948,5.311457,0.4290213835892252
Ash1,8,7463,1556,2.414829950515621,5.831403689907276,30.893764,0.17288315409483984
Ash1,8,7463,1557,2.500514858140324,6.252574555780525,32.91729,0.4926680861000614
Ash1,8,7463,1558,1.997977887990015,3.991915640897042,7.12643,0.15922099396765996
Ash1,8,7463,1559,3.0707307508697625,9.429387344337174,31.927647,0.49850049902718513
Ash1,8,7463,1560,3.357531186881972,11.273015670885062,118.445435,0.7775252725859536
Ash1,8,7463,1561,3.7021181813877457,13.70567902896171,114.052216,0.8639166119383865
Ash1,8,7463,1562,3.531629536184122,12.472407180848075,96.01423,0.7350176090183348
Ash1,8,7463,1563,2.7488538058014798,7.556197245669282,45.047653,0.32526408411881785
Ash1,8,7463,1564,2.4913176956005225,6.2066638604123,18.998114,0.5516130732415346
Ash1,8,7463,1565,2.5597306184242683,6.5522208388986884,35.577503,0.30179684620224684
Ash1,8,7463,1566,2.6627185945857565,7.0900703139527455,49.397465,0.3794878655695071
Ash1,8,7463,1567,3.2743928230578674,10.72164835969287,84.30934,0.7538360308682295
Ash1,8,7463,1568,3.751069018116804,14.070518778675762,125.35446,0.6926510178733052
Ash1,8,7463,1569,2.5779356098165582,6.645752008360271,47.9178,0.27481289151760635
Ash1,8,7463,1570,2.549697783835025,6.500958788893236,40.558968,0.2910536908567323
Ash1,8,7463,1571,2.695758492825963,7.267113851643305,47.98861,0.412985435669911
Ash1,8,7463,1572,2.422130782065705,5.866717525430223,59.574787,0.4630521690201046
Ash1,8,7463,1573,2.6301391286675466,6.917631836148082,59.789448,0.41581635488666363
Ash1,8,7463,1574,3.1671016189285752,10.030532664620003,69.16457,0.33699223717143884
Ash1,8,7463,1575,2.66863458501615,7.121610548344321,45.216526,0.3412307594514364
Ash1,8,7463,1576,2.653339477894534,7.040210384953638,39.057426,0.3052114139086095
Ash1,8,7463,1577,2.74882318262452,7.556028889333995,41.764423,0.3778171359653614
Ash1,8,7463,1578,2.162688498027253,4.677221539499374,33.57764,0.13485135775536247
Ash1,8,7463,1579,2.1040883853469543,4.427187933351953,31.189194,0.35269399333354656
Ash1,8,7463,1580,2.8538769067291567,8.14461339876198,28.330898,0.23040544699107895
Ash1,8,7463,1581,2.8927323380932606,8.367900379850505,48.420574,0.20638357099148524
Ash1,8,7463,1582,2.7850823271097807,7.756683568779232,56.943886,0.2271838152650439
Ash1,8,7463,1583,2.631940486416189,6.927110724036684,34.922398,0.17475550979907417
Ash1,8,7463,1584,2.4554638397244988,6.029302668194578,49.408302,0.45132343772460903
Ash1,8,7463,1585,2.486475001246676,6.182557931824659,7.9008117,0.3213618287417854
Ash1,8,7463,1586,2.2390262110731873,5.013238373872753,12.783318,0.4131058861225363
Ash1,8,7463,1587,2.297429851529726,5.278183922699899,10.701374,0.38062880766771345
Ash1,8,7463,1588,2.8830330654730503,8.311879656610936,26.51449,0.6367462939507224
Ash1,8,7463,1589,2.812546465180616,7.91041761879998,70.85104,0.6239403798807692
Ash1,8,7463,1590,2.3566789330446376,5.553935593456413,37.457188,0.39647102156533554
Ash1,8,7463,1591,3.297127312354722,10.871048513875472,77.00871,0.6250715252034281
Ash1,8,7463,1592,2.241322625818166,5.023527113004438,53.81859,0.399229335984021
Ash1,8,7463,1593,2.472819223449804,6.114834911862888,25.158293,0.23898823465307856
Ash1,8,7463,1594,2.4026149896364464,5.77255878842574,41.82722,0.501944798717147
Ash1,8,7463,1595,2.5444278054699727,6.474112857248743,42.800697,0.49875139145976394
Ash1,8,7463,1596,1.7873196552160602,3.194511549921657,31.326466,0.15890129973248954
Ash1,8,7463,1597,2.835436071582955,8.039697716033782,66.50602,0.3765608720624809
Ash1,8,7463,1598,2.1428291341616776,4.5917166982120845,30.671059,0.23188515084218908
Ash1,8,7463,1599,3.1181500588116347,9.722859789267002,82.50599,0.7310476574534939
Ash1,8,7463,1600,3.3076174864677634,10.940333436787327,97.67631,0.7922623128704784
Ash1,8,7463,1601,3.219872845616304,10.367581141937235,48.76091,0.5864116504267185
Ash1,8,7463,1602,3.3289545775821185,11.08193857960494,62.58121,0.6101534614071291
Ash1,8,7463,1603,4.536660817943842,20.581291377066893,201.70511,0.6977650454242277
Ash1,8,7463,1604,4.21731751983085,17.78576706307223,122.95189,0.7371524112369807
Ash1,8,7463,1605,2.4815722569734544,6.1582008665803265,24.405823,0.5289981977901261
Ash1,8,7463,1606,1.9912039831496455,3.964893302511014,19.23307,0.15963193936543027
Ash1,8,7463,1607,2.651839628287628,7.032253414156664,40.75292,0.5694945579290949
Ash1,8,7463,1608,2.4906838171826466,6.203505877175521,62.101135,0.5580791993074534
Ash1,8,7463,1609,3.3227056888721065,11.040373094863057,84.96954,0.6557251308017541
Ash1,8,7463,1610,3.957157692787398,15.659097005586487,126.14844,0.6814426073551785
Ash1,8,7463,1611,3.9115966446687658,15.300588310583947,129.45667,0.6356476415160952
Ash1,8,7463,1612,3.50696749646497,12.29882102126178,139.77655,0.6318596915748792
Ash1,8,7463,1613,2.660487454777985,7.078193497031044,72.401215,0.6123061330635358
Ash1,8,7463,1614,2.4966040176486564,6.233031620939413,53.99027,0.14413697540809023
Ash1,8,7463,1615,2.561762836845232,6.562628832241332,17.996183,0.3902121451821099
Ash1,8,7463,1616,3.1010236264433066,9.6163475317596,43.962196,0.3983587147151508
Ash1,8,7463,1617,3.754190147991791,14.093943667278628,110.28889,0.7982793609613039
Ash1,8,7463,1618,3.9729778835218825,15.784553262954018,169.51285,0.7498465001447645
Ash1,8,7463,1619,3.2118504925857367,10.315983586723238,53.48897,0.6030909011530576
Ash1,8,7463,1620,2.8568998661010396,8.16187684492814,37.41471,0.47897683634586724
Ash1,8,7463,1621,2.415121244715059,5.832810626674016,6.690889,0.26128777814648946
Ash1,8,7463,1622,2.882211777788927,8.307144732025206,31.543268,0.40059382207957794
Ash1,8,7463,1623,3.2275982637511897,10.417390552169692,45.150154,0.4884204176993798
Ash1,8,7463,1624,3.5149851716040694,12.35512075659649,78.13965,0.45213114704815427
Ash1,8,7463,1625,3.085891816298225,9.52272830189636,115.56585,0.41856902656871553
Ash1,8,7463,1626,1.9675861819550224,3.871395383420343,26.300186,0.11498798881020997
Ash1,8,7463,1627,2.3724747488301112,5.6286364338365,24.256287,0.3440442416487035
Ash1,8,7463,1628,2.7206744398224805,7.402069407503367,49.063652,0.3935224502205061
Ash1,8,7463,1629,2.5138221563955314,6.31930183398508,29.080444,0.5160821335056067
Ash1,8,7463,1630,2.656599496738985,7.05752088607383,19.783806,0.5677416741593412
Ash1,8,7463,1631,3.2325942031683916,10.449665282357891,36.20762,0.39093386256788254
Ash1,8,7463,1632,2.8720817112945087,8.248853356352393,52.44342,0.2543647326688792
Ash1,8,7463,1633,2.87289087049588,8.253501953778576,85.18325,0.5313045831589647
Ash1,8,7463,1634,3.0045253586274097,9.027172630635166,88.36482,0.5489693882114643
Ash1,8,7463,1635,3.355229157621397,11.257562700152791,60.51164,0.5966381239130584
Ash1,8,7463,1636,3.2262316890758846,10.408570911597435,115.25769,0.5906184305640174
Ash1,8,7463,1637,3.8345578358330017,14.703833796348274,129.06058,0.8019388561114457
Ash1,8,7463,1638,3.3229139544549224,11.04175714871125,77.51757,0.38656463135868413
Ash1,8,7463,1639,3.098281497334472,9.599348236725135,51.761177,0.438537762138562
Ash1,8,7463,1640,3.5459971223046796,12.574095591393066,136.1263,0.6276639795680224
Ash1,8,7463,1641,3.179988400962189,10.112326230254059,82.90129,0.6663195335021287
Ash1,8,7463,1642,2.0042912749815005,4.017183514966969,15.667771,0.1252657230083793
Ash1,8,7463,1643,2.0441043027870713,4.178362400672619,9.299776,0.1012127476492663
Ash1,8,7463,1644,2.4973229454401835,6.236621893822033,44.93684,0.24813461107462598
Ash1,8,7463,1645,3.008154036160881,9.048990705271,11.531229,0.2834298197995591
Ash1,8,7463,1646,2.7679216390956487,7.661390200173941,45.60141,0.6198347559293751
Ash1,8,7463,1647,2.81621249768598,7.931052832122706,32.1866,0.5119674024118865
Ash1,8,7463,1648,2.6597021661730187,7.07401561274545,42.50098,0.40653789801792006
Ash1,8,7463,1649,1.8469696231294075,3.411296788762786,14.391785,0.22690800843058317
Ash1,8,7463,1650,2.60985471318366,6.811341623926964,22.776485,0.28687274198642626
Ash1,8,7463,1651,2.115392027858639,4.474883431527886,31.596119,0.5099233140634085
Ash1,8,7463,1652,2.9289668044887818,8.578846541797224,26.42082,0.5193630117545773
Ash1,8,7463,1653,2.9155991998506696,8.500718694169864,52.265373,0.5557683870293374
Ash1,8,7463,1654,3.316880426945747,11.0016957666558,131.29422,0.6243372720359619
Ash1,8,7463,1655,3.259646392491753,10.625294604084496,49.763527,0.7230514921468068
Ash1,8,7463,1656,2.594899051099357,6.733501085396342,41.93877,0.5355423624467688
Ash1,8,7463,1657,2.329187911050524,5.425116324983906,25.565807,0.4246784435654589
Ash1,8,7463,1658,2.5449423334158654,6.476731480412191,44.681778,0.12503977961655022
Ash1,8,7463,1659,2.917002422607672,8.508903133499023,44.820766,0.6169663268227878
Ash1,8,7463,1660,3.5464445234644235,12.5772687580108,148.70703,0.7587225436874963
Ash1,8,7463,1661,3.285338602995422,10.79344973633191,84.20889,0.702549826587203
Ash1,8,7463,1662,2.8960011826417884,8.386822849862636,56.552418,0.544198290198785
Ash1,8,7463,1663,2.482282591435923,6.161726863745841,33.08773,0.3165689983265695
Ash1,8,7463,1664,3.01812365706298,9.109070409323222,31.906605,0.7559405972600732
Ash1,8,7463,1665,3.6920080025143234,13.630923090629802,111.49045,0.76814300475184
Ash1,8,7463,1666,2.8299021019271624,8.008345906491773,49.043713,0.7035545880897278
Ash1,8,7463,1667,2.4495050370927265,6.00007492674264,33.12123,0.3107169486994744
Ash1,8,7463,1668,3.316235492929282,10.99741784456392,93.06937,0.7219359176429927
Ash1,8,7463,1669,2.9426191853828785,8.659007670183396,72.231804,0.4335987077931377
Ash1,8,7463,1670,2.3039956155307326,5.308395796384838,14.069386,0.32648061496885894
Ash1,8,7463,1671,3.2262051401081835,10.408399606060463,86.65793,0.5605667027903549
Ash1,8,7463,1672,2.684703169115772,7.207631106260269,11.600569,0.309011175995788
Ash1,8,7463,1673,2.6560417288175655,7.054557665220202,51.101166,0.3668712135837755
Ash1,8,7463,1674,2.588511608195901,6.700392345764931,1.4462031,0.26665893849719735
Ash1,8,7463,1675,2.388246286036559,5.703720322767419,8.975999,0.32991136512488684
Ash1,8,7463,1676,3.283858664229878,10.78372772663764,125.49801,0.6493740106906187
Ash1,8,7463,1677,4.016771319211411,16.13445183083938,120.03344,0.7611588845616717
Ash1,8,7463,1678,3.8349179748058466,14.706595873488975,105.89674,0.6033481391407153
Ash1,8,7463,1679,2.934976226844717,8.614085452143648,64.57681,0.5959303158727058
Ash1,8,7463,1680,3.0828358557589244,9.50387691355286,48.84258,0.456369122124955
Ash1,8,7463,1681,2.431872644787654,5.914004560466499,30.723295,0.4355525779003764
Ash1,8,7463,1682,2.7376561195470344,7.4947610288933255,16.897793,0.28224560761873496
Ash1,8,7463,1683,1.822422163537843,3.321222542153953,14.940292,0.14558523078089533
Ash1,8,7463,1684,2.743493126792594,7.526754536758205,47.711067,0.48328800214652234
Ash1,8,7463,1685,2.3057718429501786,5.316583791741863,30.256855,0.34245785008904656
Ash1,8,7463,1686,2.6065792801813688,6.794255543870822,61.976418,0.49066264043960717
Ash1,8,7463,1687,2.7444838397385323,7.53219154658596,77.84447,0.19269544718447978
Ash1,8,7463,1688,2.4366375103746987,5.93720235696501,18.59031,0.1877249381226248
Ash1,8,7463,1689,2.811627202354276,7.905247525018534,79.08268,0.31540999136281944
Ash1,8,7463,1690,3.1290570640521223,9.790998110094488,57.047047,0.5848877785305096
Ash1,8,7463,1691,2.7030433753489866,7.306443489018041,54.015778,0.570656983580202
Ash1,8,7463,1692,2.389610623364022,5.710238931294191,28.006191,0.11498336030123354
Ash1,8,7463,1693,2.4834250967661093,6.16740021124776,2.7539854,0.6620111955491594
Ash1,8,7463,1694,2.6943533511780666,7.259539981004476,27.186918,0.22116363841722528
Ash1,8,7463,1695,2.455885201227572,6.031372121608589,12.469435,0.5620209978175432
Ash1,8,7463,1696,2.719427079185135,7.395283639005394,71.33777,0.36415782608230024
Ash1,8,7463,1697,3.051437669325919,9.3112718497812,53.822906,0.6781241162313322
Ash1,8,7463,1698,3.7403088859180715,13.989910562077688,118.019325,0.45897497522073694
Ash1,8,7463,1699,3.355527914567982,11.25956758544495,84.511765,0.6523614183188252
Ash1,8,7463,1700,3.7132037714995287,13.787882248678326,89.3443,0.6690777575428266
Ash1,8,7463,1701,3.088191092931871,9.536924226463745,81.13798,0.389497257495372
Ash1,8,7463,1702,2.364460774390559,5.590674753631602,16.334251,0.22650282563993274
Ash1,8,7463,1703,2.785963414590586,7.7615921474372405,60.627052,0.5606878694025708
Ash1,8,7463,1704,2.9882405127856937,8.929581362253705,67.123505,0.637764510935777
Ash1,8,7463,1705,3.7665959583293764,14.187245113303195,165.18956,0.715757927725657
Ash1,8,7463,1706,3.795039812889836,14.402327181418924,156.67601,0.7778346530924307
Ash1,8,7463,1707,2.986949331272905,8.921866307591657,40.667946,0.38197858920039784
Ash1,8,7463,1708,2.2457606703365753,5.043440988430585,25.410225,0.22257726441746462
Ash1,8,7463,1709,1.8600674889879487,3.459851063589932,15.869113,0.28935737115262355
Ash1,8,7463,1710,1.9721954787963702,3.889555006584844,2.1009805,0.33217486086208814
Ash1,8,7463,1711,2.082280983518597,4.335894094323177,29.212692,0.20596525546686395
Ash1,8,7463,1712,2.533252154209269,6.417366476805902,25.660892,0.4255518973891318
Ash1,8,7463,1713,2.2333902562244656,4.988032036598383,43.044373,0.46575605472207937
Ash1,8,7463,1714,3.234376474454035,10.46119117850171,99.96672,0.5284467427079784
Ash1,8,7463,1715,2.900917060224142,8.415319790299476,42.10501,0.38668482130179127
Ash1,8,7463,1716,2.7968836572239497,7.822558192046416,56.303566,0.5055246006491143
Ash1,8,7463,1717,2.7708058847386376,7.677365250902264,46.022972,0.6173774592602975
Ash1,8,7463,1718,3.199939822905455,10.239614870216194,97.05133,0.7966328846727088
Ash1,8,7463,1719,3.1703587757951874,10.05117476726156,106.17969,0.6655804006276579
Ash1,8,7463,1720,2.4241783978654587,5.876640904677543,15.978292,0.2658457680647619
Ash1,8,7463,1721,2.926577715952596,8.564857127510315,32.593113,0.3005052911446144
Ash1,8,7463,1722,2.6669581488345466,7.112665767634993,50.41713,0.4173097421436137
Ash1,8,7463,1723,2.2960133565470238,5.271677333442329,26.543285,0.26797333163763726
Ash1,8,7463,1724,2.3754279163520535,5.642657785784658,25.364353,0.45679593006919345
Ash1,8,7463,1725,2.4421176103215414,5.963938422642596,26.079151,0.20653462219102858
Ash1,8,7463,1726,2.911567635073423,8.477226093607044,98.613235,0.6003888374340484
Ash1,8,7463,1727,2.7762603733997118,7.707621660909507,49.769276,0.3656751163177333
Ash1,8,7463,1728,2.493017459886698,6.215136055299924,42.195297,0.24110323522475277
Ash1,8,7463,1729,2.680944581723366,7.187463850271876,27.039055,0.40117176530621956
Ash1,8,7463,1730,2.259763748798167,5.106532200382346,9.316644,0.2887538647774092
Ash1,8,7463,1731,2.4100435283379604,5.808309808483685,7.0611553,0.2560637363724618
Ash1,8,7463,1732,3.189872977521286,10.17528961272051,80.73948,0.2270615916997628
Ash1,8,7463,1733,3.55885268210802,12.665432412947451,91.67273,0.7748492675810045
Ash1,8,7463,1734,3.4816773170170574,12.122076939831095,55.9075,0.7647814231680327
Ash1,8,7463,1735,2.6992505825822675,7.285953707570711,50.78459,0.6486898623995058
Ash1,8,7463,1736,2.331571879755838,5.436227430468169,15.205778,0.23713869441508134
Ash1,8,7463,1737,2.5082636973085095,6.291386775235753,12.440566,0.39806658005067974
Ash1,8,7463,1738,2.635322280220009,6.9449235206239885,38.753414,0.4768187983307639
Ash1,8,7463,1739,3.037245665365366,9.224861231780705,47.317146,0.49586098003450985
Ash1,8,7463,1740,2.958598038761814,8.753302354965253,73.586006,0.5233795990900911
Ash1,8,7463,1741,3.371918201289019,11.369832356184173,55.16463,0.5078125282409499
Ash1,8,7463,1742,2.6325207080611177,6.930165278370609,46.163567,0.5493992730355253
Ash1,8,7463,1743,2.9507930160837303,8.70717942376852,59.664368,0.45771198524143103
Ash1,8,7463,1744,3.050843216078209,9.30764432909043,48.652084,0.48872235804287734
Ash1,8,7463,1745,2.3185212441340393,5.375540759500856,48.811394,0.5984975201170716
Ash1,8,7463,1746,3.1032815275938197,9.63035623950503,66.9919,0.583536323570693
Ash1,8,7463,1747,2.70053003521494,7.2928624710980055,66.49229,0.6474176834399794
Ash1,8,7463,1748,3.2736461056603323,10.716758825105057,80.04932,0.2812153558544379
Ash1,8,7463,1749,2.461149690146376,6.0572577973075985,14.391975,0.17915717014468507
Ash1,8,7463,1750,2.785310993219478,7.757957328949277,35.608315,0.2209468288554336
Ash1,8,7463,1751,2.8291717915363366,8.004213026024928,12.312645,0.24885589811834025
Ash1,8,7463,1752,2.3256473439363465,5.408635568358181,30.10574,0.2120439361925409
Ash1,8,7463,1753,3.0600685103944256,9.36401928830756,36.489376,0.2836122186690787
Ash1,8,7463,1754,2.7037698196773836,7.310371237798272,67.52637,0.277457818805226
Ash1,8,7463,1755,2.8599299931647306,8.179199565803216,41.417545,0.486595880726367
Ash1,8,7463,1756,3.2110928888678223,10.311117540937499,52.071266,0.5807736063868645
Ash1,8,7463,1757,2.867275558298934,8.221269127218465,71.793304,0.30456251366155723
Ash1,8,7463,1758,2.8186342675715914,7.944699134328841,34.668144,0.6184670243806176
Ash1,8,7463,1759,3.0482249037319167,9.291675063731452,71.56279,0.6376019108832376
Ash1,8,7463,1760,2.71038870969344,7.346206957633669,42.758705,0.5540119714646508
Ash1,8,7463,1761,3.087710038483949,9.533953281754549,106.03986,0.5922334557454897
Ash1,8,7463,1762,2.728234740860232,7.443264801236697,46.09945,0.5306106439075038
Ash1,8,7463,1763,2.3604630438436276,5.571785781351524,36.019405,0.4451984379324774
Ash1,8,7463,1764,2.3698085818801977,5.615992714753033,31.372553,0.4119299026621511
Ash1,8,7463,1765,2.5239823865923174,6.370487087828249,30.21732,0.5410052178128274
Ash1,8,7463,1766,2.058198467302509,4.2361809308063965,12.196591,0.4345209036218186
Ash1,8,7463,1767,1.797984763690045,3.2327492104615465,11.328987,0.2040915912967937
Ash1,8,7463,1768,2.494189532116984,6.220981422121936,20.77174,0.25626316511984937
Ash1,8,7463,1769,2.949374724742412,8.698811266949377,90.08792,0.5804095614922908
Ash1,8,7463,1770,2.8722389727027253,8.249756716312408,35.219135,0.4402018824589247
Ash1,8,7463,1771,3.2648719807376065,10.659389050605503,79.38767,0.43750102840373106
Ash1,8,7463,1772,3.7012897573428876,13.699545867811374,87.586555,0.8113961003312331
Ash1,8,7463,1773,3.7233445802097864,13.863294862977588,128.30983,0.5913049835948965
Ash1,8,7463,1774,4.135305044304374,17.100747809449196,107.263306,0.8213059294531283
Ash1,8,7463,1775,4.850440683000831,23.526774819309576,187.25269,0.903619788127487
Ash1,8,7463,1776,3.9595775692999133,15.678254527303011,106.91435,0.7368366964585654
Ash1,8,7463,1777,2.6895871285437263,7.233878922028087,38.872635,0.2119131218620144
Ash1,8,7463,1778,3.031905667435441,9.192451976227145,31.058046,0.30828426380534424
Ash1,8,7463,1779,4.404121464613582,19.39628587507009,182.91444,0.7553840758518375
Ash1,8,7463,1780,3.497120724380025,12.229853360888274,95.76694,0.5472998058024889
Ash1,8,7463,1781,2.7833036642787916,7.746779287587749,35.23624,0.49118699345767947
Ash1,8,7463,1782,2.8522820234941317,8.13551274154778,22.567749,0.5326783196007824
Ash1,8,7463,1783,2.5870434237018425,6.692793676118952,59.306328,0.3892160698838602
Ash1,8,7463,1784,3.5935196076139775,12.913383170306112,126.49886,0.7172650047368317
Ash1,8,7463,1785,3.533963721577013,12.488899585422452,103.38725,0.7932682498852146
Ash1,8,7463,1786,3.070305884109915,9.426778221999966,56.1211,0.5242064445428926
Ash1,8,7463,1787,3.1075320876975874,9.656755676070127,51.963802,0.39111717391584316
Ash1,8,7463,1788,3.3524033435728775,11.238608177998609,69.08654,0.6750805309474789
Ash1,8,7463,1789,2.810070623358289,7.89649690826124,55.01754,0.4093435386529104
Ash1,8,7463,1790,2.6724845358790175,7.142173594512486,45.366856,0.4648675333175868
Ash1,8,7463,1791,2.352313451389415,5.533378573587581,40.719078,0.27252321203864727
Ash1,8,7463,1792,3.150017425961995,9.922609783864232,42.154137,0.5438673633587576
Ash1,8,7463,1793,2.564924472917338,6.578837551770285,42.33696,0.2929329846323576
Ash1,8,7463,1794,2.5440366362182694,6.472122406420766,68.54915,0.5988403442178101
Ash1,8,7463,1795,3.2519576988934285,10.575228875392241,98.525375,0.6675730990938202
Ash1,8,7463,1796,4.216459539038449,17.778531044348327,164.1825,0.7603185888890742
Ash1,8,7463,1797,3.126296097185927,9.773727287279959,80.934685,0.6770519745874651
Ash1,8,7463,1798,2.3584140921110013,5.562117029867757,26.62601,0.29033382012757897
Ash1,8,7463,1799,2.9130735240208745,8.485997356351398,82.937035,0.6255797529330197
Ash1,8,7463,1800,3.0811931223250935,9.493751057063458,45.36551,0.3772204689654572
Ash1,8,7463,1801,2.6825089265389144,7.19585414096096,33.749973,0.3434056067041347
Ash1,8,7463,1802,2.692469143344734,7.249390087863526,69.75079,0.7527264310119586
Ash1,8,7463,1803,3.4627938180092146,11.990941026042833,104.17304,0.682697382730683
Ash1,8,7463,1804,3.636232213670923,13.222184711738139,105.85756,0.6542598455887416
Ash1,8,7463,1805,3.4915690187777466,12.191054212888597,139.7731,0.715111322414564
Ash1,8,7463,1806,2.6110672067534724,6.817671958183382,30.237648,0.5013415874297924
Ash1,8,7463,1807,2.869152081234765,8.232033665253784,36.672832,0.3320445857084327
Ash1,8,7463,1808,2.314394453307944,5.356421685502577,36.345234,0.15577441390327382
Ash1,8,7463,1809,2.4171394614266912,5.842563175986114,35.413204,0.40025147081368073
Ash1,8,7463,1810,2.149644872241272,4.620973076753194,14.259209,0.2524487158030533
Ash1,8,7463,1811,2.143327403888185,4.593852360258067,18.082214,0.11703106188102066
Ash1,8,7463,1812,2.6260016969511297,6.895884912390211,20.807547,0.31807816237212433
Ash1,8,7463,1813,2.8051000507690764,7.8685862948246745,64.604294,0.5196032125513295
Ash1,8,7463,1814,3.4118930138890087,11.641013938224624,71.87537,0.5799738113242985
Ash1,8,7463,1815,2.2569555776012082,5.093848479265203,18.736855,0.30399154286536045
Ash1,8,7463,1816,2.4461679525532993,5.9837376520988,32.695312,0.1926599273231142
Ash1,8,7463,1817,2.687509416682774,7.222706864758583,8.815799,0.5144217590691532
Ash1,8,7463,1818,3.4143086206547784,11.657503357077537,45.968742,0.8162738404273433
Ash1,8,7463,1819,3.3294597625439613,11.085302310399292,116.62858,0.6040200469727962
Ash1,8,7463,1820,2.596463295039252,6.741621642486088,42.330666,0.34919070375254724
Ash1,8,7463,1821,2.2975009554543244,5.2785106403135345,28.368595,0.4398003427082343
Ash1,8,7463,1822,2.4521179624051928,6.012882501550193,37.22529,0.36333299790769524
Ash1,8,7463,1823,2.7908493266655126,7.788839964149344,95.33967,0.5332834702486456
Ash1,8,7463,1824,4.094115987137485,16.76178571613475,109.89636,0.8540772944639579
Ash1,8,7463,1825,3.4437768015609405,11.859598658969297,84.92162,0.8419473095556552
Ash1,8,7463,1826,3.093793869224398,9.57156050525047,82.99775,0.36466949597021087
Ash1,8,7463,1827,2.480221965970944,6.151501000484774,20.828205,0.19760516643926979
Ash1,8,7463,1828,2.2036302688093485,4.855986361612762,40.579746,0.015482567269873737
Ash1,8,7463,1829,2.4864022875265483,6.182196335417253,11.371087,0.4998884524598567
Ash1,8,7463,1830,2.4020428282473762,5.7698097487346525,40.567394,0.35414029245516426
Ash1,8,7463,1831,3.2438037710581327,10.522262905130964,79.12221,0.4556313119004265
Ash1,8,7463,1832,2.860609309732354,8.183085622927418,55.552338,0.4506919410891758
Ash1,8,7463,1833,2.780457632667225,7.730944647057431,48.42965,0.7423601036785433
Ash1,8,7463,1834,3.3001426222397963,10.890941327123759,63.71446,0.32816033504564035
Ash1,8,7463,1835,2.423117306378306,5.871497480470056,5.6386414,0.17540330861134873
Ash1,8,7463,1836,2.4295583432115566,5.902753743068883,24.623936,0.42507086201326116
Ash1,8,7463,1837,4.0883120665806265,16.714295553748755,156.14473,0.7836384335060144
Ash1,8,7463,1838,4.292230746115293,18.42324477789745,158.56494,0.7430547874464233
Ash1,8,7463,1839,2.8610412452253495,8.18555700688062,59.354576,0.5914277131195335
Ash1,8,7463,1840,3.017481113635316,9.105192271145826,36.017593,0.6523231295790354
Ash1,8,7463,1841,2.666681080862056,7.1111879870276224,15.325396,0.5485458173973347
Ash1,8,7463,1842,2.9155422668867517,8.50038671000314,20.877779,0.5475891657863553
Ash1,8,7463,1843,2.6110312709751704,6.817484298010215,31.311789,0.5419455627165963
Ash1,8,7463,1844,2.6993944330152666,7.286730304993814,53.36902,0.49506366076847097
Ash1,8,7463,1845,2.856142468935783,8.157549802858586,18.22224,0.5735665762006507
Ash1,8,7463,1846,2.2758873525785597,5.179663241627045,6.619855,0.3170027820990814
Ash1,8,7463,1847,2.41934458514961,5.8532282216927385,33.597973,0.4804196424091277
Ash1,8,7463,1848,2.0916684671055163,4.375076976283542,19.579288,0.24278797653718326
Ash1,8,7463,1849,2.3279486715301325,5.419345017278908,39.750546,0.3730297896311594
Ash1,8,7463,1850,2.4098557532363483,5.8074047514063265,8.55295,0.25409880180111993
Ash1,8,7463,1851,2.139879058475769,4.579082384903144,35.333588,0.2567803651702924
Ash1,8,7463,1852,2.8102693324308814,7.897613720801509,75.36928,0.5008621973963793
Ash1,8,7463,1853,3.5881491722376806,12.874814482229956,108.44516,0.7383568275226745
Ash1,8,7463,1854,2.839682075296959,8.063794288762848,79.1882,0.40966504382542746
Ash1,8,7463,1855,3.1307038627057397,9.80130667596064,84.528656,0.5248949115372261
Ash1,8,7463,1856,3.5770501383873183,12.795287692536728,96.472755,0.6302363143976537
Ash1,8,7463,1857,3.092693407453378,9.564752512505587,53.06391,0.6268342594566729
Ash1,8,7463,1858,3.4346863556803497,11.79707036189676,72.60026,0.7486082632948392
Ash1,8,7463,1859,3.0211297902761136,9.127225209693792,83.7982,0.7243087632558363
Ash1,8,7463,1860,2.7859401178604486,7.761462340304292,25.374207,0.626134427287574
Ash1,8,7463,1861,2.8690464718429487,8.23142765759447,88.67927,0.3932929753728858
Ash1,8,7463,1862,2.5687584500335245,6.598519974618634,57.708076,0.6527210726192019
Ash1,8,7463,1863,3.895184172283502,15.172459736007907,128.14154,0.612862455219039
Ash1,8,7463,1864,3.6498843451874308,13.32165573324428,79.309265,0.7480636438667333
Ash1,8,7463,1865,2.4554519069283782,6.029244067238209,67.31947,0.20158069295827763
Ash1,8,7463,1866,2.3112503261356836,5.341878070062303,24.701393,0.11680404013117146
Ash1,8,7463,1867,2.3117973980686894,5.34440720971716,12.047865,0.2674801231926423
Ash1,8,7463,1868,2.8872509542747333,8.336218072960358,44.543285,0.6046838487800549
Ash1,8,7463,1869,2.240951386487089,5.021863116598406,18.987915,0.253353861644864
Ash1,8,7463,1870,2.5067582891158433,6.28383712005099,24.493624,0.18286590191280977
Ash1,8,7463,1871,2.9771748930126796,8.86357034358506,56.913536,0.5934789312857203
Ash1,8,7463,1872,2.9091802566847047,8.463329765884085,52.83807,0.40082102630379435
Ash1,8,7463,1873,2.2597557572337506,5.106496082351083,25.068766,0.2827946129685131
Ash1,8,7463,1874,1.911908657561341,3.65539471485801,2.7947373,0.2674971653972794
Ash1,8,7463,1875,3.18875104682309,10.168133238615352,97.07671,0.5748850462031261
Ash1,8,7463,1876,3.8142549009822297,14.548540449666957,126.688515,0.773429799701161
Ash1,8,7463,1877,3.3595497070270666,11.286574233985649,108.99017,0.7798090748305031
Ash1,8,7463,1878,2.947464896755992,8.68754931760881,90.98053,0.7961509555097559
Ash1,8,7463,1879,2.770640471076167,7.676448619965169,41.87201,0.3812355699540807
Ash1,8,7463,1880,2.1800830599984238,4.752762148492091,7.3263245,0.3897832452829394
Ash1,8,7463,1881,2.5465410383099507,6.484871259796721,14.674328,0.23158573361127652
Ash1,8,7463,1882,2.387845595788199,5.7018065893251,10.234261,0.19345078952742217
Ash1,8,7463,1883,2.7189608312458344,7.39274800184904,39.146915,0.36026785493221314
Ash1,8,7463,1884,2.702666165010379,7.304404399491908,64.03788,0.3420215638513958
Ash1,8,7463,1885,2.321630225836476,5.389966905517527,24.849976,0.15814470698158178
Ash1,8,7463,1886,1.7974883630940852,3.2309644154586543,7.7818623,0.15383587854504777
Ash1,8,7463,1887,2.7542325599463857,7.585796994268824,8.76576,0.6136761454120166
Ash1,8,7463,1888,3.1786366739956833,10.10373110527034,40.785557,0.6178674453403376
Ash1,8,7463,1889,3.038948883909746,9.235210319016293,18.739998,0.652710576117899
Ash1,8,7463,1890,2.573925984566874,6.62509497402855,22.028902,0.3028614623285133
Ash1,8,7463,1891,2.184705718428579,4.772939076134533,23.091722,0.45767438252399173
Ash1,8,7463,1892,2.6197926474389996,6.8633135155754434,63.162262,0.38878972770954656
Ash1,8,7463,1893,3.020611725005004,9.124095193237705,50.69233,0.6433339554277929
Ash1,8,7463,1894,2.3970038767485518,5.745627585147585,25.621326,0.18631956957939919
Ash1,8,7463,1895,2.529823287136869,6.400005864139994,48.233837,0.6386631306952062
Ash1,8,7463,1896,2.6036579069414993,6.779034496378989,63.265144,0.6755839922367725
Ash1,8,7463,1897,2.457171943441187,6.0376939596345425,53.349316,0.4135460242657194
Ash1,8,7463,1898,2.531811729764338,6.41007063497229,8.758097,0.36193493362450857
Ash1,8,7463,1899,2.080068402654286,4.326684559720754,19.65615,0.22079089931535184
Ash1,8,7463,1900,2.4076605137298213,5.796829149373746,13.928682,0.24946496805781293
Ash1,8,7463,1901,2.377100895845696,5.650608669030412,18.593298,0.3070776416004239
Ash1,8,7463,1902,2.511972179572498,6.310004230946207,43.087082,0.37891568441787654
Ash1,8,7463,1903,2.553445344355006,6.520083126608254,27.823996,0.28684550957716043
Ash1,8,7463,1904,2.374740195318318,5.639390995260486,21.552149,0.5387239132628472
Ash1,8,7463,1905,2.744584044341515,7.532741576454027,34.484974,0.47330944337516867
Ash1,8,7463,1906,3.514225961691131,12.349784109823958,123.029205,0.6219979556757056
Ash1,8,7463,1907,3.341531707739408,11.165834153827843,105.95746,0.6859247228878704
Ash1,8,7463,1908,2.910311047995941,8.469910396087233,53.891026,0.3233147460503677
Ash1,8,7463,1909,2.890198805168921,8.353249133399858,65.568924,0.28161274000759845
Ash1,8,7463,1910,3.2414591022642627,10.507057111651838,75.358444,0.4721273833270312
Ash1,8,7463,1911,3.40041086659586,11.562794061663208,68.9259,0.42760464735259096
Ash1,8,7463,1912,2.490648709573485,6.203330994500065,42.474636,0.34230772370211654
Ash1,8,7463,1913,2.9998078503592978,8.998847139077274,64.00985,0.3693517895500089
Ash1,8,7463,1914,2.3292199767940738,5.4252657002965865,37.95201,0.4506672634883556
Ash1,8,7463,1915,2.1467522906044585,4.60854539721549,18.16932,0.3310639614179763
Ash1,8,7463,1916,2.2689670795879406,5.148211608253828,34.42188,0.33108671435404036
Ash1,8,7463,1917,3.3840653717039477,11.45189843996578,61.090084,0.5909265140606188
Ash1,8,7463,1918,2.727665326449497,7.440158133114841,25.289757,0.30165354393200694
Ash1,8,7463,1919,2.272807155354055,5.165652365428593,25.012722,0.10966720061222551
Ash1,8,7463,1920,3.0835767740591167,9.508445721516829,17.417828,0.743437602659679
Ash1,8,7463,1921,3.8803823148655128,15.05736690952104,154.80815,0.6618928291654718
Ash1,8,7463,1922,4.1401392133079415,17.1407527055701,159.17386,0.8266126380614391
Ash1,8,7463,1923,3.1079842175119334,9.659565896303265,61.025196,0.6260419371923862
Ash1,8,7463,1924,2.1285390513766935,4.530678493235593,11.795256,0.2521766570964161
Ash1,8,7463,1925,2.7020481685624116,7.301064305231482,34.126854,0.30868272110165706
Ash1,8,7463,1926,3.4297976820344767,11.76351213968907,60.484753,0.6144503277526999
Ash1,8,7463,1927,2.4706921644055626,6.104319771255045,66.486206,0.18804976638392695
Ash1,8,7463,1928,1.88431549437303,3.550644882334277,19.653759,0.17987231026817377
Ash1,8,7463,1929,2.383127307870561,5.679295765518389,9.058544,0.10860039813650385
Ash1,8,7463,1930,2.6334177083792096,6.934888826805205,49.355453,0.4459771401254234
Ash1,8,7463,1931,2.4461518229931807,5.983658741132861,25.25359,0.387759656601089
Ash1,8,7463,1932,3.0006485756660735,9.003891874646838,72.28382,0.5519068464379262
Ash1,8,7463,1933,3.896962636093993,15.186317787112642,166.56165,0.6075082174166826
Ash1,8,7463,1934,3.5543720844014395,12.633560914372238,78.46466,0.45962310609926194
Ash1,8,7463,1935,3.1428324673307992,9.8773959177086,80.67783,0.6198541594569356
Ash1,8,7463,1936,3.2369632605370753,10.477931150066814,101.44816,0.6470145150917211
Ash1,8,7463,1937,1.9480328040881991,3.7948318058037316,26.88981,0.11024446606155477
Ash1,8,7463,1938,2.533742065957428,6.419848856802216,4.174424,0.4133819748309052
Ash1,8,7463,1939,3.1706624837538353,10.05310058588404,50.02204,0.3593891728557549
Ash1,8,7463,1940,3.6364451797750394,13.223733545509118,101.27701,0.6423024325770598
Ash1,8,7463,1941,2.787776966899839,7.771700417177268,59.612404,0.28011104926456687
Ash1,8,7463,1942,2.3017335323970824,5.297977254161151,8.028132,0.35420695685513703
Ash1,8,7463,1943,2.0745370417481164,4.303703937585026,1.2886387,0.2226141019548265
Ash1,8,7463,1944,2.7318388149792447,7.462943311027205,38.564213,0.5538880011026753
Ash1,8,7463,1945,2.981942618927333,8.891981782575204,21.8409,0.41409146675910435
Ash1,8,7463,1946,2.7112646183165072,7.350955830534955,59.462616,0.44770412797386583
Ash1,8,7463,1947,3.046378864641632,9.28042418693524,60.211433,0.3647369200193178
Ash1,8,7463,1948,3.0274154884140296,9.165244539489157,71.9271,0.3586306386653579
Ash1,8,7463,1949,2.678448015944058,7.17408377411466,66.67615,0.4186959889422711
Ash1,8,7463,1950,2.134726076715278,4.557055422608202,55.60927,0.14573785689961183
Ash1,8,7463,1951,2.699622642310834,7.287962410877331,31.307598,0.5362768603360071
Ash1,8,7463,1952,2.5229061105448882,6.365055242624738,8.772801,0.5385051599815117
Ash1,8,7463,1953,2.4497989691932656,6.0015149894603885,21.627796,0.3867304807777585
Ash1,8,7463,1954,2.7432440722250666,7.525388039797965,19.16241,0.5909531654882784
Ash1,8,7463,1955,3.2102437048153485,10.305664644306574,63.84752,0.6414802901960569
Ash1,8,7463,1956,3.181143607113191,10.119674649077128,75.44646,0.8021158795354348
Ash1,8,7463,1957,3.222525367329031,10.384669743079106,98.22982,0.6643475825249974
Ash1,8,7463,1958,2.7961437236306823,7.818419723199262,49.76658,0.48957873796460205
Ash1,8,7463,1959,3.5664863048568987,12.719824562731816,104.69954,0.5601041815727147
Ash1,8,7463,1960,2.6124565585859427,6.82492927049871,41.827972,0.4802632634247608
Ash1,8,7463,1961,2.2919384880800076,5.252982033142471,30.337688,0.19442319730687355
Ash1,8,7463,1962,2.3493135732482573,5.5192742654484945,46.954514,0.2652664492345414
Ash1,8,7463,1963,2.274601648312718,5.173812658506934,7.4033637,0.29498730886934627
Ash1,8,7463,1964,2.657788914021298,7.063841911494508,25.02193,0.34025755910580024
Ash1,8,7463,1965,2.8044538703766997,7.864961511070851,32.43407,0.463873133407494
Ash1,8,7463,1966,2.5465971492045587,6.485157040336786,63.208202,0.41816038286508406
Ash1,8,7463,1967,2.2562948684326893,5.090866533315689,25.643875,0.29439579164516205
Ash1,8,7463,1968,2.961244617784716,8.768969686358949,82.838745,0.5373372952309758
Ash1,8,7463,1969,3.1887007990224134,10.167812785686179,65.113464,0.351765866651286
Ash1,8,7463,1970,2.504235438948304,6.271195133684605,70.431915,0.3930630807772895
Ash1,8,7463,1971,2.7336333302289244,7.472751184138478,55.23091,0.28813084018603363
Ash1,8,7463,1972,2.6143436932298187,6.834792946330528,42.85051,0.4365962297992185
Ash1,8,7463,1973,2.9479060610349768,8.690150144686752,55.94209,0.4992617898189772
Ash1,8,7463,1974,2.815135255354118,7.924986505937694,19.983206,0.21602015852067452
Ash1,8,7463,1975,1.8173801110980146,3.302870468214632,4.158048,0.05614140809949354
Ash1,8,7463,1976,1.9923534571947428,3.9694722983958437,16.389296,0.2865826090846519
Ash1,8,7463,1977,2.327102827564805,5.415407570060114,15.489779,0.4841294760429599
Ash1,8,7463,1978,3.253229937389352,10.58350502552633,113.76844,0.6223371600545377
Ash1,8,7463,1979,2.5673257097575792,6.5911612999822555,39.620785,0.3585165712574419
Ash1,8,7463,1980,2.395112283373265,5.736562849965495,29.52285,0.21689485776075124
Ash1,8,7463,1981,2.436617967243794,5.937107118295279,57.46148,0.3832541870238557
Ash1,8,7463,1982,2.4281514150224015,5.895919294275289,31.653275,0.32927854647142046
Ash1,8,7463,1983,2.9637346650139555,8.783723164605384,57.8506,0.49606735026597504
Ash1,8,7463,1984,2.921386378018988,8.534498369674901,83.61534,0.7688626289898778
Ash1,8,7463,1985,3.1162881076626565,9.711251569959698,38.21163,0.4553248681357419
Ash1,8,7463,1986,3.230227338940147,10.434368661236341,71.00275,0.5133142310600539
Ash1,8,7463,1987,2.7230421602002575,7.414958606228084,94.13805,0.6149351853638685
Ash1,8,7463,1988,3.353235140406261,11.244185906855398,49.838562,0.4882808314123892
Ash1,8,7463,1989,3.572593984639151,12.763427779079848,56.878685,0.7224013901927371
Ash1,8,7463,1990,3.48404258942111,12.138552764900155,80.97091,0.7321702684868356
Ash1,8,7463,1991,3.4269258016254516,11.743820449846242,97.51233,0.42944833914438996
Ash1,8,7463,1992,2.4205714663352795,5.8591662236365245,20.333216,0.22670290601836535
Ash1,8,7463,1993,3.01937144791828,9.116603940504127,94.669785,0.7314667354074277
Ash1,8,7463,1994,4.07551068755441,16.609787364370224,114.50553,0.5977076455864598
Ash1,8,7463,1995,3.859337007354844,14.894482136338645,100.46443,0.7930228198805573
Ash1,8,7463,1996,3.637463655981133,13.231141848583627,71.745476,0.7888428855496445
Ash1,8,7463,1997,3.6439490536590267,13.278364705662518,49.45185,0.48899282142688333
Ash1,8,7463,1998,3.3841105733142443,11.452204372417262,108.86163,0.4625149848063148
Ash1,8,7463,1999,4.104835318075346,16.84967298851872,132.38675,0.6648499204563231
Ash1,8,7463,2000,3.124950262490394,9.765314143038783,46.617886,0.6829913011067288
Ash1,8,7463,2001,2.902527121013256,8.424663688217498,59.7966,0.5007978515028498
Ash1,8,7463,2002,2.7806773528172717,7.73216654047087,73.9318,0.5466807832755656
Ash1,8,7463,2003,3.268965501874007,10.686135452442379,35.699352,0.4490475489956159
Ash1,8,7463,2004,3.113893181268823,9.696330744352469,23.524448,0.31894065997045584
Ash1,8,7463,2005,2.1587562247751935,4.660228438005644,22.859264,0.21836378117360206
Ash1,8,7463,2006,2.6357214053927116,6.947027326845329,46.711494,0.2516426947831797
Ash1,8,7463,2007,2.988820528085572,8.933048149105716,81.497375,0.7329012561432889
Ash1,8,7463,2008,3.611732908937299,13.044614605500682,148.82431,0.7129355706657637
Ash1,8,7463,2009,3.927528109625379,15.42547705189751,114.92729,0.7082687219490953
Ash1,8,7463,2010,3.4730128352809033,12.061818154025895,125.99958,0.7215546346145327
Ash1,8,7463,2011,3.8130697256636985,14.539500732773035,154.85582,0.7707352594892476
Ash1,8,7463,2012,3.240406068998521,10.500231492002445,63.983353,0.7397376334771557
Ash1,8,7463,2013,2.813713287800158,7.916982465943173,50.89577,0.31358645440342914
Ash1,8,7463,2014,2.6465097050284063,7.0040136188095445,37.87851,0.339333341336389
Ash1,8,7463,2015,2.824932963159026,7.980246246342435,54.929314,0.4326384632967295
Ash1,8,7463,2016,3.786083956432806,14.334431725157891,97.44388,0.7930347329357823
Ash1,8,7463,2017,4.910844808893459,24.11639673703583,211.07495,0.8559106104384325
Ash1,8,7463,2018,3.7671490331106527,14.191411837666523,113.81227,0.6868295730496552
Ash1,8,7463,2019,3.0150791017125536,9.090701989583776,81.51699,0.671269768912192
Ash1,8,7463,2020,3.038787402157245,9.234228875509578,63.137985,0.5248446376469268
Ash1,8,7463,2021,3.56676345372135,12.721801534802252,70.346176,0.6955317518798465
Ash1,8,7463,2022,3.6119471741959766,13.046162389182298,105.83788,0.6469537588688798
Ash1,8,7463,2023,2.796331346165164,7.819468997545881,31.19823,0.4444580789100089
Ash1,8,7463,2024,2.6954000940454055,7.265181666979981,31.556067,0.542172807130311
Ash1,8,7463,2025,2.7791033724295704,7.723415554649411,35.249207,0.41651448330165997
Ash1,8,7463,2026,2.5916881251646267,6.716847338119338,58.669685,0.5298511928866221
Ash1,8,7463,2027,2.5626155321110597,6.566998365416849,23.666454,0.2799973060611885
Ash1,8,7463,2028,3.045215736269314,9.27333888042226,83.6403,0.6656613348791025
Ash1,8,7463,2029,3.4608127802699804,11.977225100080028,89.924515,0.761053407554519
Ash1,8,7463,2030,2.7910597576946605,7.790014571022578,48.71343,0.6293362216164953
Ash1,8,7463,2031,2.8098127165207933,7.895047501921959,35.816917,0.6150041128344923
Ash1,8,7463,2032,2.713454860986732,7.362837282612524,21.177727,0.2477377878598771
Ash1,8,7463,2033,2.225822707085471,4.954286723377295,33.297012,0.11149555037967121
Ash1,8,7463,2034,2.5358273529520092,6.430420363979591,53.33013,0.2305267212205952
Ash1,8,7463,2035,2.73022579988688,7.454132918367954,53.73963,0.5519954311597599
Ash1,8,7463,2036,2.887973819368155,8.34039278135589,64.26527,0.7411041163441352
Ash1,8,7463,2037,2.702980929817277,7.306105906955874,15.075637,0.5060568633937418
Ash1,8,7463,2038,2.119453738437302,4.492084149375857,14.131764,0.3011153753414386
Ash1,8,7463,2039,2.829860092982938,8.008108145857403,15.868267,0.43250040147442737
Ash1,8,7463,2040,2.4723326714022145,6.112428838082808,65.038345,0.5623573156868078
Ash1,8,7463,2041,3.15201534324471,9.935200724050064,48.120872,0.45596546615545364
Ash1,8,7463,2042,2.6671561305416107,7.1137218246856975,23.087774,0.3976748510049752
Ash1,8,7463,2043,2.4794825131396583,6.147833532965357,34.72148,0.28560037251603015
Ash1,8,7463,2044,2.988049772494257,8.92844144290298,52.326122,0.6376776275147514
Ash1,8,7463,2045,2.5926272910180743,6.721716270131717,19.206999,0.4141676992613214
Ash1,8,7463,2046,2.321494485515373,5.389336646278285,28.055573,0.30737327211248544
Ash1,8,7463,2047,2.6578043301287297,7.063923857251024,47.407623,0.4307050788093694
Ash1,8,7463,2048,2.419064968945816,5.851875323980823,44.6538,0.4618100871974079
Ash1,8,7463,2049,2.432310841522969,5.916136029790171,23.220497,0.38437347059013605
Ash1,8,7463,2050,3.015884786654506,9.095561046374092,25.035608,0.3937062002590278
Ash1,8,7463,2051,3.0096420497864638,9.057945267842866,93.16094,0.6067666869022497
Ash1,8,7463,2052,3.5626851925853598,12.692725781466981,125.34326,0.7617252516320461
Ash1,8,7463,2053,3.2410778541408805,10.504585656602455,78.03439,0.8062523664845991
Ash1,8,7463,2054,3.1950948858054495,10.20863132930014,41.55249,0.4848138623036787
Ash1,8,7463,2055,2.5588621642569844,6.547775575665939,48.676025,0.3824046676307689
Ash1,8,7463,2056,2.4650322840933834,6.076384161622645,24.11188,0.32003735446892506
Ash1,8,7463,2057,2.7519295598817153,7.57311630255077,28.980131,0.32319762824579523
Ash1,8,7463,2058,2.101237180584924,4.415197689072483,1.4679098,0.1724079391152899
Ash1,8,7463,2059,2.2246150769234565,4.948912240475156,27.517033,0.281952567278398
Ash1,8,7463,2060,2.6557487459751967,7.053001401748831,41.2296,0.5108900979033099
Ash1,8,7463,2061,3.7846669827981074,14.323704170682129,138.42879,0.6984475573461338
Ash1,8,7463,2062,3.303661496713818,10.914179284869382,35.146774,0.5994787334229368
Ash1,8,7463,2063,2.2941735411650788,5.263232236981919,22.340263,0.3007295212453021
Ash1,8,7463,2064,2.098594877508218,4.4041004599037334,8.73972,0.1928041481050163
Ash1,8,7463,2065,2.893974647353596,8.375089259525371,57.114536,0.5102894661714136
Ash1,8,7463,2066,2.778650525007252,7.720898740123076,60.40754,0.6078855155973888
Ash1,8,7463,2067,2.4243919306045174,5.8776762331803,26.230373,0.5371442192428183
Ash1,8,7463,2068,2.863444669603732,8.199315375882026,15.4197445,0.22921550978979238
Ash1,8,7463,2069,2.6560355238762643,7.05452470409266,27.470154,0.541221402933813
Ash1,8,7463,2070,2.7634753839164237,7.636796197512024,68.951096,0.3105196561918754
Ash1,8,7463,2071,2.697978963136664,7.27909048552799,68.79691,0.47149625787015903
Ash1,8,7463,2072,2.7734422086143384,7.69198168452358,17.615263,0.21397456974521903
Ash1,8,7463,2073,2.1030134439033166,4.422665545238087,23.072369,0.3769049236458966
Ash1,8,7463,2074,2.9171581035603187,8.509811401167635,78.86496,0.6008110593437539
Ash1,8,7463,2075,3.369583610151702,11.354093705802978,77.12247,0.40997716419308994
Ash1,8,7463,2076,2.916768530244074,8.507538659022174,92.25513,0.38195220605306246
Ash1,8,7463,2077,3.5757603899779578,12.786062366535319,87.73279,0.7169148428740011
Ash1,8,7463,2078,3.189827031733459,10.17499649237749,98.620705,0.6731067848711514
Ash1,8,7463,2079,3.087577449594711,9.533134507245776,68.27303,0.5679477985103423
Ash1,8,7463,2080,2.859540285183555,8.176970642587648,37.016365,0.4982790642696832
Ash1,8,7463,2081,2.0829996707663008,4.338887628412517,21.724108,0.3152107261530522
Ash1,8,7463,2082,2.417441644443096,5.844024104287741,22.61141,0.31873047305580765
Ash1,8,7463,2083,3.1428400329056148,9.877443472434168,100.94202,0.5184423692586702
Ash1,8,7463,2084,3.0865311484786546,9.52667453052896,56.476418,0.7084590036128074
Ash1,8,7463,2085,3.131756805208957,9.807900686972612,65.63947,0.5339776578545895
Ash1,8,7463,2086,2.5950320070957944,6.734191117851627,69.437904,0.6203693842788351
Ash1,8,7463,2087,2.788280453805067,7.774507889071391,13.475014,0.49992888673865443
Ash1,8,7463,2088,2.643632093234101,6.988790644377315,15.281151,0.3847687091005722
Ash1,8,7463,2089,3.484490134741939,12.141671499113897,53.938713,0.36825626110062337
Ash1,8,7463,2090,3.2040824889340094,10.266144595893559,80.128235,0.6853753018122274
Ash1,8,7463,2091,3.128519846201221,9.787636428074912,59.083702,0.6854583315346366
Ash1,8,7463,2092,2.739827343988693,7.5066538748681335,66.912125,0.4891249831607151
Ash1,8,7463,2093,2.8072989524953385,7.880927408681422,77.900314,0.32409386234003484
Ash1,8,7463,2094,2.5920472491494575,6.71870894182327,55.634884,0.4229501970316031
Ash1,8,7463,2095,2.626520163543575,6.898608169500967,35.4289,0.506479361152005
Ash1,8,7463,2096,2.6846107555424314,7.207134908774104,31.09624,0.4995561518195172
Ash1,8,7463,2097,2.21997675988557,4.928296814432033,45.289444,0.3291268826870786
Ash1,8,7463,2098,3.6055302153904143,12.99984813409325,88.21711,0.677483079012607
Ash1,8,7463,2099,3.713122951184277,13.787282050611429,104.01952,0.7433782149065278
Ash1,8,7463,2100,2.3697348026757057,5.615643035012465,42.572975,0.5382013322172496
Ash1,8,7463,2101,1.9850312015943699,3.9403488713031884,22.213745,0.3666668318276276
Ash1,8,7463,2102,2.5366566485788153,6.434626952779108,20.604,0.26075437820403446
Ash1,8,7463,2103,2.9440008092379952,8.66714076479397,45.246216,0.5469737058466477
Ash1,8,7463,2104,2.9837658636892876,8.902858729317481,70.50888,0.7543019422776409
Ash1,8,7463,2105,3.243048400700232,10.517362929284335,93.499596,0.6464635675071324
Ash1,8,7463,2106,2.8187094058294933,7.945122714511652,42.599884,0.31597672804802496
Ash1,8,7463,2107,2.2058118434310736,4.865605888620791,8.055128,0.3953083451187036
Ash1,8,7463,2108,2.0228630682853095,4.091974993032658,25.286247,0.15601471090216898
Ash1,8,7463,2109,3.686542471768083,13.590595396149926,93.2794,0.37848322708892973
Ash1,8,7463,2110,3.5070915998000123,12.299691489387808,142.7638,0.737329719680423
Ash1,8,7463,2111,2.258967426297675,5.102933833073941,15.533542,0.16740501833193763
Ash1,8,7463,2112,2.745245870112601,7.53637488737029,52.121986,0.5361030187301493
Ash1,8,7463,2113,2.900351244205685,8.412037339765467,101.62793,0.6166102727101231
Ash1,8,7463,2114,4.0709047296392775,16.57226531779943,122.78115,0.7210254841084143
Ash1,8,7463,2115,3.784295053323204,14.320889050606471,106.89754,0.6570875864977823
Ash1,8,7463,2116,2.645546542760845,6.998916509913858,83.97371,0.6185677495048395
Ash1,8,7463,2117,3.078860943842013,9.479384711515735,62.44175,0.6015269967394026
Ash1,8,7463,2118,2.729554914817367,7.450470033003644,50.899757,0.2360759784094396
Ash1,8,7463,2119,2.4632460047994806,6.067580880160606,38.975067,0.45091622694224687
Ash1,8,7463,2120,3.2595257458042144,10.62450808756052,108.8032,0.6517062480067974
Ash1,8,7463,2121,3.5295327785518906,12.457601634872232,84.50784,0.4411180339676244
Ash1,8,7463,2122,2.7961943926373483,7.818703081416551,25.657122,0.42792928495362975
Ash1,8,7463,2123,2.8796650841001203,8.292470996585354,16.91016,0.39774676609694193
Ash1,8,7463,2124,2.489653636188092,6.198375228184589,5.40717,0.21471094370011068
Ash1,8,7463,2125,2.0840962729783854,4.343457275042395,11.703483,0.23238632135650342
Ash1,8,7463,2126,2.3062314781262843,5.318703630700545,27.849085,0.2020517167651675
Ash1,8,7463,2127,2.57848845355782,6.6486027051309975,12.840153,0.30883538852363673
Ash1,8,7463,2128,2.759945611511911,7.617299778503855,76.51974,0.5868071868040714
Ash1,8,7463,2129,3.0213454775064745,9.128528494448828,40.651154,0.5717075734964545
Ash1,8,7463,2130,2.999764008339398,8.998584105728451,41.35029,0.5930983350502856
Ash1,8,7463,2131,3.3391372350209276,11.149837474303208,49.92099,0.5609651169628584
Ash1,8,7463,2132,2.9490162692466635,8.696696956281514,39.975704,0.6407039596231239
Ash1,8,7463,2133,3.3346503121155826,11.119892704092551,91.79162,0.604785437597104
Ash1,8,7463,2134,3.9500615063485207,15.602985903936345,117.73574,0.8086891000172953
Ash1,8,7463,2135,3.681312268594158,13.55206001890187,126.76989,0.7288621498969811
Ash1,8,7463,2136,3.249642844983944,10.56017861995534,102.851364,0.572150305420914
Ash1,8,7463,2137,2.683136611976762,7.199222078530138,30.559248,0.5196516129474749
Ash1,8,7463,2138,2.60987713797537,6.811458675326506,30.664188,0.1145027105929973
Ash1,8,7463,2139,2.7924323449752424,7.797678401263933,90.998634,0.5381350042891997
Ash1,8,7463,2140,3.272640231720044,10.710174086272625,62.50893,0.7669017944144262
Ash1,8,7463,2141,3.773753793650276,14.241217695089848,110.53824,0.5229166097138025
Ash1,8,7463,2142,3.780896963467616,14.29518184835864,149.60695,0.7617497032703082
Ash1,8,7463,2143,3.6103918145315723,13.034929054436581,112.89172,0.6012635739435911
Ash1,8,7463,2144,3.4493864123526103,11.898266621722813,100.057205,0.5174382262654798
Ash1,8,7463,2145,3.1231521284966264,9.754079217733006,77.714066,0.6112470636688042
Ash1,8,7463,2146,2.654768941243748,7.04779813139245,48.562515,0.3736906123564858
Ash1,8,7463,2147,2.6386956145724834,6.962714546364054,68.30879,0.5310673949772402
Ash1,8,7463,2148,2.573598816561205,6.6234108686052355,66.11096,0.5441927217653012
Ash1,8,7463,2149,2.1406535014633037,4.582397413327103,26.436466,0.3495078710024464
Ash1,8,7463,2150,2.457761370173839,6.040590952718787,14.195457,0.17956983202273677
Ash1,8,7463,2151,2.220526757879505,4.930739082458865,3.4004343,0.25224659688537676
Ash1,8,7463,2152,3.8767256897200357,15.029002073335285,137.30777,0.49439595726311725
Ash1,8,7463,2153,4.013590099468467,16.1089054865513,137.90607,0.8439022992975447
Ash1,8,7463,2154,3.808878540410929,14.507555735602887,112.71492,0.7889132969358048
Ash1,8,7463,2155,3.6132532337401755,13.055598931133835,96.12778,0.6808699824288176
Ash1,8,7463,2156,3.775600106547286,14.255156164559878,83.55731,0.7851912586994159
Ash1,8,7463,2157,3.6298335872228766,13.175691870931301,123.74979,0.7588701703686711
Ash1,8,7463,2158,3.1333829571069507,9.818088755888297,89.55832,0.6007898016893781
Ash1,8,7463,2159,2.023885118963622,4.096110974762393,22.046175,0.19230889042226795
Ash1,8,7463,2160,3.3520215632065318,11.236048560201557,89.48177,0.42223855213767303
Ash1,8,7463,2161,3.4331723797514844,11.786672589088477,54.84853,0.6714339055110289
Ash1,8,7463,2162,2.934162681141171,8.609310639401546,22.687553,0.5153444246239782
Ash1,8,7463,2163,2.3368888282794904,5.461049395737487,13.453464,0.22988151127785805
Ash1,8,7463,2164,2.7514333080524103,7.570385248660229,39.398224,0.3474233979987005
Ash1,8,7463,2165,2.594646997534774,6.732193041816216,38.177647,0.7444157759871671
Ash1,8,7463,2166,2.555969106271017,6.532978072211862,24.596745,0.36371152346527763
Ash1,8,7463,2167,2.320306778706231,5.383823547310089,34.019703,0.3072045501848393
Ash1,8,7463,2168,2.4607429085382617,6.055255661921345,25.855455,0.261330417166919
Ash1,8,7463,2169,2.8797989616534294,8.293242059540168,74.350266,0.30439571573759555
Ash1,8,7463,2170,2.3710303974091445,5.621785145438165,10.37284,0.24322274114972778
Ash1,8,7463,2171,2.240881823394579,5.021551346420215,20.076183,0.18119544454493763
Ash1,8,7463,2172,2.4304509639305936,5.907091888071151,28.920538,0.18218938138888666
Ash1,8,7463,2173,2.348643066488899,5.516124253766377,10.222163,0.23719784011193604
Ash1,8,7463,2174,2.8242889492529466,7.976608068872315,27.6107,0.4870264072081225
Ash1,8,7463,2175,1.8504760380548357,3.4242615674151224,2.4058392,0.16094567508450616
Ash1,8,7463,2176,2.388567861305255,5.705256428060359,5.940604,0.22910870555236407
Ash1,8,7463,2177,2.5347393014724697,6.424903326429143,19.603012,0.33676263460202716
Ash1,8,7463,2178,2.696661815358867,7.27198494641458,69.39292,0.4273233343950251
Ash1,8,7463,2179,3.2451908345992986,10.53126355296729,50.29982,0.7456561670124577
Ash1,8,7463,2180,3.7162805428747347,13.810741073349336,85.979385,0.7042586986974255
Ash1,8,7463,2181,3.3244593472631396,11.052029951605261,116.82668,0.3941756656254449
Ash1,8,7463,2182,2.7810879481066006,7.73445017510378,16.962515,0.33637760062972044
Ash1,8,7463,2183,2.7526203430462557,7.576918752952089,36.761436,0.6546517224360425
Ash1,8,7463,2184,2.200616918506727,4.842714822018043,25.318478,0.1855606566636062
Ash1,8,7463,2185,3.0451327452491057,9.272833436188355,61.304344,0.39791939133057974
Ash1,8,7463,2186,2.8679030819026177,8.22486808718653,73.82366,0.5203120309884806
Ash1,8,7463,2187,2.703935400108987,7.311266647962547,43.51541,0.39917711069130346
Ash1,8,7463,2188,2.8589124402714745,8.173380341138998,47.77218,0.5040444619078676
Ash1,8,7463,2189,2.605313440125808,6.787658121300171,27.049591,0.5962111760850898
Ash1,8,7463,2190,2.857364740519807,8.16453326036582,90.77472,0.4949103259317935
Ash1,8,7463,2191,3.1842955447957406,10.139738116606,90.72965,0.5336371858751187
Ash1,8,7463,2192,2.422635652844828,5.8691635064348855,19.230162,0.35259412276827695
Ash1,8,7463,2193,2.147604032235712,4.6122030792750905,9.93377,0.21321765338143459
Ash1,8,7463,2194,2.347630832093634,5.51137052379665,14.153072,0.2969704954075352
Ash1,8,7463,2195,3.002758596241278,9.016559187300892,46.636986,0.5044379618133589
Ash1,8,7463,2196,2.8850483479480555,8.323503969997807,77.08807,0.2535064562797337
Ash1,8,7463,2197,2.8480906709770646,8.111620470106585,28.403185,0.21231436420993988
Ash1,8,7463,2198,2.420762540616933,5.860091278054148,43.215134,0.16454738662650828
Ash1,8,7463,2199,2.485824830914291,6.179325089990065,47.730484,0.5394915003894514
Ash1,8,7463,2200,3.1028507046969573,9.627682495638403,46.73187,0.5102257970763768
Ash1,8,7463,2201,2.696180009836932,7.269386645444282,51.03206,0.3277684401746343
Ash1,8,7463,2202,3.1475854902254796,9.90729441827797,79.03952,0.5431468498647427
Ash1,8,7463,2203,3.370610682041595,11.361016369892907,91.82619,0.47539551168888816
Ash1,8,7463,2204,3.552095781027892,12.617384437596154,93.91487,0.6617459548488535
Ash1,8,7463,2205,2.867700975992412,8.223708887707831,49.69284,0.6319353430043926
Ash1,8,7463,2206,3.03305010506667,9.199392939844936,55.8489,0.35097572355995516
Ash1,8,7463,2207,2.638323046484542,6.960748497611475,44.020298,0.505305023422125
Ash1,8,7463,2208,2.903307223270339,8.42919283269372,59.05377,0.4982291540002417
Ash1,8,7463,2209,1.97221481711292,3.889631284839746,15.267157,0.14270755552626146
Ash1,8,7463,2210,2.926016487688471,8.56157248622478,20.248615,0.23020215368274338
Ash1,8,7463,2211,2.3191459114703123,5.378437758689468,37.15672,0.19674601561660804
Ash1,8,7463,2212,3.79507649244488,14.402605583507732,103.60803,0.8432320707157044
Ash1,8,7463,2213,3.9198471892748823,15.365201987266191,169.73708,0.796430872730473
Ash1,8,7463,2214,3.1883199624348895,10.165384182860818,61.236084,0.40828541722296385
Ash1,8,7463,2215,3.1997464782541876,10.238377525100077,96.96846,0.5854475623005894
Ash1,8,7463,2216,2.6755091584402124,7.158349256897453,42.849342,0.4700948933217574
Ash1,8,7463,2217,2.7215687574609597,7.406936501587591,51.814022,0.24641847489791152
Ash1,8,7463,2218,3.1029948296389938,9.628576912766327,78.16096,0.4838227409634428
Ash1,8,7463,2219,2.320038296974463,5.382577699428168,38.76978,0.5311766626069264
Ash1,8,7463,2220,2.5654577610015785,6.581573523483234,36.29382,0.4925174844367656
Ash1,8,7463,2221,2.6050607243500585,6.786341377551249,29.044415,0.13744750269855882
Ash1,8,7463,2222,2.520260346635961,6.351712214825614,37.48914,0.5015849500796593
Ash1,8,7463,2223,3.1170824569870295,9.716203043656297,61.246284,0.7933518082323138
Ash1,8,7463,2224,3.2165098065936344,10.34593533591302,97.82855,0.6335202616634442
Ash1,8,7463,2225,2.9536844561441606,8.724251866467624,54.2912,0.4472179144239662
Ash1,8,7463,2226,2.689669708973475,7.2343231433694575,63.025845,0.515806269753504
Ash1,8,7463,2227,3.3242743290104277,11.050799814517728,58.3964,0.5720036056768272
Ash1,8,7463,2228,2.5202498705802685,6.35165941015986,66.67653,0.6667904680984164
Ash1,8,7463,2229,2.817715873079208,7.939522741402522,23.221334,0.32409128145376714
Ash1,8,7463,2230,3.2307650908598133,10.437843072318419,61.426334,0.40333740569933385
Ash1,8,7463,2231,3.6014256216674356,12.970266508402679,125.7734,0.6828321475838608
Ash1,8,7463,2232,3.0465833442817183,9.28167007365478,78.78587,0.7788219080392469
Ash1,8,7463,2233,2.840528274206027,8.068600876563872,31.552528,0.4898679686751849
Ash1,8,7463,2234,2.370615568843875,5.619818175244969,50.05873,0.3806418318987745
Ash1,8,7463,2235,3.062876777221152,9.381214152440629,33.18393,0.15445650684789028
Ash1,8,7463,2236,2.555941087570956,6.532834843133401,55.525055,0.3039023226573083
Ash1,8,7463,2237,2.761283086091644,7.624684281535794,61.93492,0.5480192005058068
Ash1,8,7463,2238,3.3742972041727546,11.38588162208807,104.45209,0.491656265745659
Ash1,8,7463,2239,3.047080464110679,9.28469935476495,102.81119,0.6886803082496311
Ash1,8,7463,2240,2.3386120546676237,5.469106342236724,26.987818,0.26523055454966776
Ash1,8,7463,2241,2.2390541696910753,5.013363574810992,10.727614,0.27679202998172026
Ash1,8,7463,2242,2.349375336567157,5.519564472070041,10.929497,0.36085372667780946
Ash1,8,7463,2243,2.052270241666186,4.211813144828587,14.398846,0.3351456178577815
Ash1,8,7463,2244,2.017976599963397,4.072229557999832,6.8694468,0.40676934578414825
Ash1,8,7463,2245,3.4139300047376455,11.654918077247975,84.911575,0.7177645400494752
Ash1,8,7463,2246,3.269242329682436,10.687945410187446,113.29906,0.6728437335390465
Ash1,8,7463,2247,3.719652374856111,13.835813789772706,97.04127,0.7900789688996372
Ash1,8,7463,2248,2.5863608907482556,6.68926265719211,23.51128,0.4911213230570839
Ash1,8,7463,2249,2.8344077110742667,8.033867072597264,43.949306,0.3895192118595303
Ash1,8,7463,2250,2.8477251985013012,8.109538806179277,65.73892,0.5156465470959151
Ash1,8,7463,2251,2.733910550726377,7.474266899373002,29.007769,0.39858465345908584
Ash1,8,7463,2252,2.9331715205405504,8.603495168910163,40.032387,0.4499324562172561
Ash1,8,7463,2253,2.960883720516025,8.766832406416817,27.004795,0.295629658426371
Ash1,8,7463,2254,1.9522113704547257,3.811129234932718,1.0672404,0.290624359594826
Ash1,8,7463,2255,1.691789896194011,2.862153052864142,1.0228987,0.1698164826745546
Ash1,8,7463,2256,1.9977092932535372,3.9908424203515462,6.1887455,0.17534454547625775
Ash1,8,7463,2257,2.2392459777380123,5.014222548815865,1.622473,0.20425183739095276
Ash1,8,7463,2258,2.5018421451006327,6.259214119001738,8.838995,0.4397686832195652
Ash1,8,7463,2259,2.732124904365321,7.464506493053215,31.524332,0.2304555285204561
Ash1,8,7463,2260,3.230938103433046,10.438961028215529,84.432304,0.362194434871306
Ash1,8,7463,2261,2.8980210334951892,8.398525910580522,77.89964,0.5328201998301035
Ash1,8,7463,2262,2.85557720445232,8.154321170587728,8.727296,0.3385034844243972
Ash1,8,7463,2263,2.5820208135708804,6.666831481713231,39.120583,0.3146655891717508
Ash1,8,7463,2264,2.3084218225580355,5.328811310862161,12.374028,0.3456389241792125
Ash1,8,7463,2265,2.3808173510261215,5.66829125894704,52.458897,0.40580355964264125
Ash1,8,7463,2266,2.6388463515759213,6.963510067225548,38.852165,0.39359904424633485
Ash1,8,7463,2267,2.772384206523342,7.686114188580063,27.636478,0.40266993526500006
Ash1,8,7463,2268,2.586520835260183,6.690090031235035,66.37191,0.39776355520439044
Ash1,8,7463,2269,2.56918400014222,6.600706426586776,31.110292,0.3459052159204516
Ash1,8,7463,2270,2.516925845886445,6.334915713691195,39.84061,0.2615939014203545
Ash1,8,7463,2271,2.4090809291117594,5.80367092300998,22.120737,0.27395753346759244
Ash1,8,7463,2272,3.255076765924024,10.595524752058402,37.374557,0.4028337783264147
Ash1,8,7463,2273,3.1066676700532376,9.651384012154015,80.36498,0.4266637086240167
Ash1,8,7463,2274,2.858253964941878,8.169615728105965,33.145687,0.3063660150704219
Ash1,8,7463,2275,1.9405805027696765,3.76585268772981,15.88139,0.15811034895516476
Ash1,8,7463,2276,2.3116692616814847,5.343814775403022,34.364883,0.1400728811254168
Ash1,8,7463,2277,3.206808666509166,10.283621823598297,59.533733,0.43789792387408466
Ash1,8,7463,2278,3.4481162132090706,11.889505419795258,133.57649,0.7498677511107918
Ash1,8,7463,2279,2.6441095562272925,6.991315345332491,50.720287,0.4072826929585417
Ash1,8,7463,2280,2.246552254633386,5.046997032798348,18.440916,0.4159300970406846
Ash1,8,7463,2281,2.2774585629149744,5.186817505794741,21.680147,0.14369916035550662
Ash1,8,7463,2282,3.570590613716356,12.749117330759344,46.220882,0.3641376515817512
Ash1,8,7463,2283,3.4252659404346186,11.732446762701453,40.073193,0.6982138803053282
Ash1,8,7463,2284,3.053174865639813,9.321876760174693,70.424545,0.7342510649080783
Ash1,8,7463,2285,2.304129828630138,5.30901426718315,3.3189101,0.3251900935999256
Ash1,8,7463,2286,1.9845880628976793,3.938589779395962,15.941518,0.13445174957793948
Ash1,8,7463,2287,2.309587717728225,5.334195425881072,9.940413,0.24797663144684118
Ash1,8,7463,2288,2.582893003956282,6.671336269886304,48.506855,0.5612445103868332
Ash1,8,7463,2289,2.806352687505199,7.875615406667652,20.878096,0.3851377820997981
Ash1,8,7463,2290,2.7819649941822586,7.739329228855491,36.269825,0.5920751100305519
Ash1,8,7463,2291,2.916410973602292,8.50545296694787,42.71711,0.6283365959941725
Ash1,8,7463,2292,3.101871878851614,9.621609152810445,115.600525,0.5903677590241063
Ash1,8,7463,2293,2.4379307865119118,5.94350651982259,39.26441,0.23196417535476338
Ash1,8,7463,2294,2.92506658426925,8.55601452240858,29.223728,0.6643835092049801
Ash1,8,7463,2295,3.2003367886223124,10.242155560609374,74.44816,0.7140232145664791
Ash1,8,7463,2296,3.4710990922221967,12.04852890802576,84.097305,0.7570167136452061
Ash1,8,7463,2297,3.6031508886304593,12.98269632623847,99.01911,0.820086385837441
Ash1,8,7463,2298,2.571703901884606,6.613660958968508,23.648424,0.3730353697945751
Ash1,8,7463,2299,1.9320290317461468,3.7327361795099536,17.943743,0.11390823426963372
Ash1,8,7463,2300,3.0914099413706513,9.556815425605292,54.334354,0.16154708426465392
Ash1,8,7463,2301,3.097297582976999,9.593252317515162,41.958916,0.47794917815609256
Ash1,8,7463,2302,2.4808749287338765,6.154740412020315,71.224174,0.5178342475249699
Ash1,8,7463,2303,2.494514499629542,6.222602588862022,21.325247,0.19895073318778111
Ash1,8,7463,2304,2.3415230686856807,5.482730281187207,22.019953,0.48561872491752145
Ash1,8,7463,2305,2.1928324681597537,4.808514233415596,33.052094,0.41835879528356457
Ash1,8,7463,2306,2.53587643862354,6.4306693119660086,45.498283,0.48782599128080917
Ash1,8,7463,2307,4.766328271232279,22.717885189148088,168.021,0.8676242822024116
Ash1,8,7463,2308,4.244600573060723,18.01663402482741,127.83283,0.8313627533647707
Ash1,8,7463,2309,3.1913804544563615,10.18490920508609,105.0545,0.5944676461629466
Ash1,8,7463,2310,2.5454779575794464,6.47945803252283,30.968378,0.2819083549008616
Ash1,8,7463,2311,2.295832978691871,5.2708490660491885,36.944225,0.1993591345791943
Ash1,8,7463,2312,2.8442900702325167,8.089986003623293,106.514084,0.714537586768298
Ash1,8,7463,2313,3.6549036423706447,13.358320635014206,127.29895,0.7742351069897719
Ash1,8,7463,2314,3.726151674785442,13.884206303506355,106.51722,0.7322708788413977
Ash1,8,7463,2315,3.0984105907163517,9.600148188663253,33.74632,0.4690154208525288
Ash1,8,7463,2316,2.4225731971131337,5.86886089537095,43.822903,0.20548652396158276
Ash1,8,7463,2317,2.998463680859373,8.990784445432741,67.10756,0.32499760113948306
Ash1,8,7463,2318,2.4414088246831813,5.960477049240913,17.252584,0.5009453819109426
Ash1,8,7463,2319,2.2270876459558155,4.959919382769016,10.255531,0.35992957339800813
Ash1,8,7463,2320,2.0618563901334324,4.2512517735340705,31.744995,0.10392877048818085
Ash1,8,7463,2321,2.5427834586829063,6.4657477177514044,26.54176,0.33067182996065303
Ash1,8,7463,2322,3.7975436372017732,14.421337676451675,138.48969,0.5350090676562774
Ash1,8,7463,2323,3.699672088142624,13.687573559781603,109.262436,0.7759718368604833
Ash1,8,7463,2324,3.6889864219102866,13.608620821038464,106.58981,0.687308905687456
Ash1,8,7463,2325,3.4808837764157023,12.116551864914042,112.12274,0.6668333337127653
Ash1,8,7463,2326,2.9677414298384504,8.80748919437957,112.711624,0.6748425103880533
Ash1,8,7463,2327,3.1354787186279194,9.831226794968579,59.8676,0.6417558673761126
Ash1,8,7463,2328,3.0375286426121235,9.22658025468905,80.959915,0.38932129886906686
Ash1,8,7463,2329,3.0374487313133525,9.226094795357092,53.701897,0.3903378856876648
Ash1,8,7463,2330,2.9826040990053295,8.895927211403398,49.797977,0.33260139857731
Ash1,8,7463,2331,2.245311452706964,5.041423519657055,44.411148,0.5524171911687219
Ash1,8,7463,2332,2.2065690807649525,4.8689471081878875,16.992193,0.15480540324829298
Ash1,8,7463,2333,2.1841949246961363,4.770707469068362,28.161907,0.14464140896875072
Ash1,8,7463,2334,2.7203693790194006,7.400409558306398,36.0763,0.5628682581784167
Ash1,8,7463,2335,3.91482561292615,15.325859579622605,126.98047,0.8074346579635904
Ash1,8,7463,2336,2.4751098504391877,6.1261687717411,30.74397,0.3491410750786028
Ash1,8,7463,2337,2.549020819599995,6.497507138754232,57.916435,0.5674702834917176
Ash1,8,7463,2338,3.1987238837357133,10.231834484381285,58.40896,0.40668590639907354
Ash1,8,7463,2339,2.5118497437876983,6.309389135366323,15.709124,0.5362682306115658
Ash1,8,7463,2340,2.974272416840751,8.84629640957972,35.794197,0.26876502046898654
Ash1,8,7463,2341,2.9735408404988872,8.841945130114826,39.793198,0.42714555488998085
Ash1,8,7463,2342,2.352761111878948,5.5354848495698645,42.555267,0.4188398465404055
Ash1,8,7463,2343,2.198533014148772,4.833547414302081,19.19857,0.22102983793607184
Ash1,8,7463,2344,2.5133153828367636,6.316754213603908,22.314384,0.34979997595759543
Ash1,8,7463,2345,3.424406616184241,11.726560672966404,88.31949,0.7883166639673651
Ash1,8,7463,2346,3.5622280409552105,12.689468615767595,126.29076,0.5815782615876453
Ash1,8,7463,2347,2.8366266513085336,8.046450758913867,43.789658,0.4981175425710809
Ash1,8,7463,2348,3.313137179800041,10.976877972173371,122.762505,0.5844738337172293
Ash1,8,7463,2349,3.284830923316198,10.790114194774345,54.648796,0.5058596295913869
Ash1,8,7463,2350,2.799674015787183,7.8381745946739345,53.64009,0.4740030104092461
Ash1,8,7463,2351,2.7505485473442284,7.565517311297445,46.925266,0.37767686398443256
Ash1,8,7463,2352,3.5939202760989883,12.916262950955431,76.85944,0.7320590483517764
Ash1,8,7463,2353,3.9974483343716956,15.979593185971037,88.70178,0.6545675799917016
Ash1,8,7463,2354,2.7543985109864,7.586711157324097,38.419903,0.6389128228407448
Ash1,8,7463,2355,2.609536646274647,6.809681508250331,67.87427,0.5358172334487998
Ash1,8,7463,2356,2.238472267028255,5.010758090254617,34.523518,0.42631060948192767
Ash1,8,7463,2357,2.1807762827168276,4.755785195260225,38.228207,0.34637476170128795
Ash1,8,7463,2358,2.600152527820125,6.760793167929385,71.7623,0.49930119181327226
Ash1,8,7463,2359,3.3246537473209266,11.05332253957508,117.76337,0.7310668994900578
Ash1,8,7463,2360,4.205282653721768,17.68440219769319,177.34396,0.8619979731942267
Ash1,8,7463,2361,3.7302060653407367,13.914437289904818,137.38968,0.8534469238053772
Ash1,8,7463,2362,3.046639476441405,9.282012099411158,79.77042,0.6290168764895004
Ash1,8,7463,2363,2.380153525627557,5.66513080555729,15.4389925,0.5508109243275566
Ash1,8,7463,2364,2.5835674009421656,6.674820515211059,45.18637,0.40182289960262785
Ash1,8,7463,2365,2.6532697081692413,7.039840144288492,56.43964,0.41966801487142347
Ash1,8,7463,2366,2.719896386388806,7.397836352690889,93.58614,0.6079795715161824
Ash1,8,7463,2367,2.771227142023078,7.679699872685396,40.371002,0.5706526177242061
Ash1,8,7463,2368,2.778164844079192,7.718199900877561,82.713905,0.5216229604034429
Ash1,8,7463,2369,3.0992255932867034,9.60519927808332,86.11014,0.31390724749022225
Ash1,8,7463,2370,2.333876887515446,5.446981326078787,15.47178,0.3505935529223479
Ash1,8,7463,2371,1.9207858799817588,3.6894183967372984,9.007486,0.12535683643455037
Ash1,8,7463,2372,2.575506711802052,6.633234822537415,40.97191,0.19118861076079113
Ash1,8,7463,2373,3.212799004902097,10.322077445899902,38.410305,0.7034455817612185
Ash1,8,7463,2374,3.260758819194362,10.632548076953812,61.355408,0.4996924303685141
Ash1,8,7463,2375,3.647072784491918,13.301139895381635,107.9008,0.6569438818092442
Ash1,8,7463,2376,3.4324543286174696,11.781742718044805,112.7544,0.6134046223170031
Ash1,8,7463,2377,3.347649897005319,11.206759832919724,150.87645,0.6928836688291649
Ash1,8,7463,2378,2.3841412760400194,5.684129624117732,27.074013,0.34859037973245105
Ash1,8,7463,2379,2.7659793288277683,7.6506416475025105,50.37913,0.3371848691466608
Ash1,8,7463,2380,2.5636376027930208,6.572237758454345,40.198833,0.4481750306453116
Ash1,8,7463,2381,3.1309792428192083,9.803031018964742,76.61017,0.520346498966413
Ash1,8,7463,2382,2.863477824114819,8.199505249197339,48.089092,0.22601029677670775
Ash1,8,7463,2383,3.151738423628573,9.933455090976723,68.35622,0.4158247533803444
Ash1,8,7463,2384,3.6566065505451646,13.370771465489806,118.75868,0.7132840926296882
Ash1,8,7463,2385,3.3028740207728347,10.908976797096113,71.034775,0.7104837912705428
Ash1,8,7463,2386,3.390183322276624,11.493342958642568,170.39986,0.7892131195813454
Ash1,8,7463,2387,3.590249022729863,12.889888045212734,63.10659,0.7342708025544604
Ash1,8,7463,2388,3.631661710484335,13.188966779398008,91.562454,0.8172775084058838
Ash1,8,7463,2389,2.8448640855354173,8.093251665169266,47.20738,0.585012500379446
Ash1,8,7463,2390,2.649978733376007,7.022387287345107,79.539604,0.5326728313878192
Ash1,8,7463,2391,2.762303651707378,7.630321464235917,53.673573,0.43571914698484177
Ash1,8,7463,2392,2.4150077701117643,5.832262529700197,28.453941,0.20645973185912753
Ash1,8,7463,2393,3.008479615922539,9.050949599421426,36.2433,0.3514260711009802
Ash1,8,7463,2394,3.469367069318994,12.036507861675068,114.914764,0.732502319355941
Ash1,8,7463,2395,3.217589467974052,10.352881984417545,71.57529,0.39152916695056594
Ash1,8,7463,2396,2.6004619490307204,6.762402348356652,10.054571,0.14974733995894518
Ash1,8,7463,2397,2.1408215145570346,4.5831167571902744,30.53631,0.170862422438607
Ash1,8,7463,2398,2.2020248041448567,4.848913238069195,4.463465,0.19294058380631934
Ash1,8,7463,2399,2.328333832059585,5.421138433513271,27.490587,0.1623510241117196
Ash1,8,7463,2400,2.5351522738451595,6.426997051582283,15.29464,0.5364466458956421
Ash1,8,7463,2401,3.1351247563762787,9.829007238043426,49.15725,0.6130332313665301
Ash1,8,7463,2402,3.296427721942907,10.866435725993702,63.041286,0.6452290229999347
Ash1,8,7463,2403,3.809602383658956,14.513070321579999,76.446846,0.36370884106892426
Ash1,8,7463,2404,2.5538237272567774,6.522015629899698,23.657364,0.5815597597283846
Ash1,8,7463,2405,2.888176730729431,8.341564827926943,111.40639,0.648736164089265
Ash1,8,7463,2406,2.0271860201265115,4.1094831601963655,20.872923,0.26140264680464337
Ash1,8,7463,2407,2.04798424440921,4.194239465348364,32.30911,0.1935273973195955
Ash1,8,7463,2408,3.3333818494597596,11.111434554307765,89.19604,0.422409393145842
Ash1,8,7463,2409,3.238925130479244,10.490636000849989,120.18975,0.6397680815739171
Ash1,8,7463,2410,3.123706970889033,9.75754523998074,120.37991,0.7390282024093457
Ash1,8,7463,2411,3.1166417243547064,9.713455637988679,79.7765,0.3867284352605799
Ash1,8,7463,2412,2.4164978086594937,5.839461659256135,33.993267,0.18303097786120584
Ash1,8,7463,2413,2.4156923701296575,5.835569627102644,35.003742,0.29854554197102434
Ash1,8,7463,2414,2.3584053241077094,5.56207567277959,45.498447,0.433172792022287
Ash1,8,7463,2415,2.6007810983618342,6.76406232159619,37.632698,0.18116495975430824
Ash1,8,7463,2416,2.963860269452315,8.784467696837952,32.607643,0.22067176577571557
Ash1,8,7463,2417,2.82084054419794,7.957141375790932,52.794422,0.705650579254286
Ash1,8,7463,2418,2.605110333038747,6.78659984730525,48.296204,0.39843345094121896
Ash1,8,7463,2419,3.1786275468985976,10.103673081902595,50.829334,0.45758297794073866
Ash1,8,7463,2420,3.1129296539161206,9.69033103023034,87.93912,0.6053946304157006
Ash1,8,7463,2421,3.1197864713295616,9.733067626690957,63.518017,0.6658044212716029
Ash1,8,7463,2422,3.2897833425601,10.82267444098591,49.90903,0.6712961364331507
Ash1,8,7463,2423,3.5452524115614863,12.568814661682532,120.653694,0.5486958825358534
Ash1,8,7463,2424,2.4739884999157424,6.120619097715346,44.379616,0.3152279529654554
Ash1,8,7463,2425,2.0964332623335156,4.395032423418347,53.21192,0.22652207725723827
Ash1,8,7463,2426,3.495782794643096,12.220497347322693,137.28604,0.68714825796005
Ash1,8,7463,2427,3.008336371376367,9.050087723345925,77.77891,0.34672869346042323
Ash1,8,7463,2428,3.5079345895532232,12.30560508458394,102.94601,0.5546526759491484
Ash1,8,7463,2429,3.4893389406895827,12.175486243012697,99.77498,0.7982871663800455
Ash1,8,7463,2430,3.4814874025345857,12.120754534007018,87.50408,0.787028795111584
Ash1,8,7463,2431,3.2306752431449675,10.437262526669794,89.64743,0.6783834937911507
Ash1,8,7463,2432,2.8814512907609697,8.302761541028056,89.42613,0.3503683418879133
Ash1,8,7463,2433,2.528812792522166,6.394894139623755,45.076225,0.2763661058328587
Ash1,8,7463,2434,2.555710767893762,6.531657529128123,47.770325,0.6113164070198515
Ash1,8,7463,2435,3.4192287842553895,11.691125479080592,78.93686,0.8289080364502066
Ash1,8,7463,2436,2.239764663094875,5.0165457460485,12.813458,0.5197379080739075
Ash1,8,7463,2437,3.174174211631958,10.075381925789365,69.293335,0.43010145326264565
Ash1,8,7463,2438,3.130481725238156,9.79991583205006,72.289536,0.5800683434697314
Ash1,8,7463,2439,2.9306078568591443,8.588462410684551,54.304047,0.20538663924388315
Ash1,8,7463,2440,2.6684838173943675,7.120805883695613,49.03543,0.5946189490238334
Ash1,8,7463,2441,3.265498336015398,10.663479382519334,77.41384,0.514946260224403
Ash1,8,7463,2442,2.4916109410908214,6.20812508176349,53.86055,0.34371918867123324
Ash1,8,7463,2443,2.503663736394266,6.268332104935696,45.26707,0.5141252046775742
Ash1,8,7463,2444,2.603930912800492,6.780456198638004,68.00973,0.19068172069576872
Ash1,8,7463,2445,3.841958804998059,14.760647459302112,149.51558,0.5497694333170338
Ash1,8,7463,2446,3.7808125448578638,14.294543499354594,96.691635,0.7978751204522383
Ash1,8,7463,2447,3.3612643490189567,11.298098023985828,81.27528,0.6598399215320991
Ash1,8,7463,2448,2.971975931326578,8.83264093638448,62.63132,0.6330070889245608
Ash1,8,7463,2449,3.3869248251642046,11.471259771313576,90.544334,0.5694908693979438
Ash1,8,7463,2450,3.2266112491357632,10.41102015304945,97.45564,0.4587260201409942
Ash1,8,7463,2451,3.46397648685782,11.999133101503848,140.10942,0.411089800605442
Ash1,8,7463,2452,3.447085032079931,11.8823952183895,102.58753,0.736512777147721
Ash1,8,7463,2453,2.4877670566154695,6.188984927981196,32.863815,0.41932730347243874
Ash1,8,7463,2454,2.5415447264996627,6.459449596798244,25.93002,0.5301117052364568
Ash1,8,7463,2455,3.4327886287352247,11.784037769573866,81.89078,0.5223254263841846
Ash1,8,7463,2456,3.269914905622756,10.692343490013876,107.74845,0.5646784730553926
Ash1,8,7463,2457,2.494680317257749,6.223429885313225,38.89857,0.3356027425065981
Ash1,8,7463,2458,1.920652846626793,3.6889073572556037,33.35295,0.10981277205375196
Ash1,8,7463,2459,2.270949695639337,5.157212520124396,23.505772,0.2624007131197495
Ash1,8,7463,2460,2.3185402659678473,5.375628964914255,33.107315,0.40560854132881574
Ash1,8,7463,2461,2.8450230660800853,8.094156246527726,28.771988,0.6434112279705604
Ash1,8,7463,2462,3.263071560776561,10.64763601074878,63.236023,0.6627216468521724
Ash1,8,7463,2463,4.058455317699464,16.47105956576306,125.52463,0.7749840750431103
Ash1,8,7463,2464,3.124090287391972,9.759940123776854,79.76764,0.6402213458118139
Ash1,8,7463,2465,2.8335298818781864,8.02889159149661,65.46065,0.5734564375707908
Ash1,8,7463,2466,2.4872295874151726,6.186311020513451,34.38609,0.5714973945559748
Ash1,8,7463,2467,2.483204907773982,6.16630661399279,42.741196,0.3763014029523996
Ash1,8,7463,2468,3.2352018846063664,10.466531234160586,75.50578,0.5630582860697795
Ash1,8,7463,2469,2.8366946151804426,8.046836339793721,31.833155,0.37583691406203723
Ash1,8,7463,2470,2.5340328659262705,6.421322565594508,8.325843,0.18479934904275425
Ash1,8,7463,2471,2.279817148027773,5.19756622844149,8.214998,0.14749285338884513
Ash1,8,7463,2472,2.276564119208045,5.182744188865502,12.09811,0.40059736253175005
Ash1,8,7463,2473,2.3243100408529727,5.402417166009946,3.4769983,0.3885189034514465
Ash1,8,7463,2474,2.3587764693060347,5.563826432151844,37.207523,0.23894007987187454
Ash1,8,7463,2475,2.8750586910045044,8.265962476720535,17.54947,0.3324074256991703
Ash1,8,7463,2476,2.651188901242056,7.028802590069062,65.61123,0.28666407092950713
Ash1,8,7463,2477,2.30769632465969,5.325462326847845,21.87204,0.24058442812772168
Ash1,8,7463,2478,1.955408663979799,3.8236230431672635,14.870712,0.3501902185396968
Ash1,8,7463,2479,2.4601934536856698,6.0525518295578244,7.047516,0.49173517210286666
Ash1,8,7463,2480,2.241642266407128,5.0249600505428855,2.9500818,0.18084962991443704
Ash1,8,7463,2481,3.0567491071129607,9.343715103835882,16.952808,0.3231385043112945
Ash1,8,7463,2482,3.6604893120793984,13.399182003847509,116.65244,0.6648708259363068
Ash1,8,7463,2483,2.8427480102298968,8.081216249666038,125.95305,0.7280048182410294
Ash1,8,7463,2484,2.6074707002351136,6.798903452584592,38.115562,0.24774234315132387
Ash1,8,7463,2485,2.4866869805083223,6.183612139029597,11.886139,0.40228985713074034
Ash1,8,7463,2486,2.8915413025818117,8.361011104536525,107.148895,0.5317440372380263
Ash1,8,7463,2487,2.8115447006875955,7.904783603964502,53.95854,0.6901097036470317
Ash1,8,7463,2488,2.5234142742446544,6.367619599461675,40.517292,0.415998989747267
Ash1,8,7463,2489,2.463742963550815,6.070029390446154,25.075817,0.4082216773127346
Ash1,8,7463,2490,2.9425405924733212,8.658545138353242,14.687668,0.314136628503203
Ash1,8,7463,2491,2.2147729677086683,4.905219298493062,6.273242,0.5190943989317471
Ash1,8,7463,2492,1.9355073325194394,3.746188634236514,16.177887,0.4344210926328363
Ash1,8,7463,2493,2.6202154140696927,6.865528816128413,48.358646,0.5817762062876604
Ash1,8,7463,2494,3.0167977093272484,9.101068419002129,111.699265,0.7403344039029645
Ash1,8,7463,2495,2.8917433400960006,8.362179544989576,56.835182,0.41101493090202834
Ash1,8,7463,2496,2.4426091239615846,5.966339332460381,60.685127,0.40776562418653284
Ash1,8,7463,2497,2.25273448647113,5.074812666536346,28.466106,0.2665195757663092
Ash1,8,7463,2498,1.96243126383065,3.851136465259962,19.221985,0.2735623060953951
Ash1,8,7463,2499,3.3707652963805135,11.36205868328321,74.72133,0.5199412600842471
Ash1,8,7463,2500,2.618672697990569,6.857446699201205,55.76339,0.4240804128561094
Ash1,8,7463,2501,1.914465538050078,3.6651782963813746,18.946476,0.18536198591631506
Ash1,8,7463,2502,2.2713191495662612,5.158890679186403,14.2003565,0.18022944504938349
Ash1,8,7463,2503,2.75955113394771,7.615122460872091,52.300365,0.5188061259272085
Ash1,8,7463,2504,2.6586017174444945,7.068163091998816,48.20744,0.691683759418539
Ash1,8,7463,2505,2.2517495017133307,5.070375818466234,63.57534,0.4148417100066958
Ash1,8,7463,2506,2.502887450305352,6.2644455888960255,25.341225,0.18598695061515616
Ash1,8,7463,2507,2.4990184119999483,6.245093023514744,7.1035,0.32510712304658246
Ash1,8,7463,2508,2.879058413517889,8.288977348448144,44.122852,0.48350275507970175
Ash1,8,7463,2509,3.428575596753307,11.755130622652295,99.51399,0.7826055496364878
Ash1,8,7463,2510,3.652144261338175,13.338157705625362,136.49141,0.8119781783113105
Ash1,8,7463,2511,3.359596666907938,11.28688976429893,75.40671,0.6785282452673824
Ash1,8,7463,2512,2.908980112629268,8.462165295672586,74.18466,0.47062077080254294
Ash1,8,7463,2513,2.703361362829596,7.30816265803989,19.373722,0.24332448173556287
Ash1,8,7463,2514,2.1556142057681416,4.646672604109416,13.611505,0.30703049279519706
Ash1,8,7463,2515,2.082892120712792,4.338439586527431,6.078086,0.07788053650127068
Ash1,8,7463,2516,1.9246656682181975,3.7043379344178007,9.244383,0.1347632874799116
Ash1,8,7463,2517,3.2221297745518416,10.382120284053501,72.40127,0.424686731426995
Ash1,8,7463,2518,2.657832271473531,7.064072383286151,53.75168,0.6281452804157155
Ash1,8,7463,2519,2.8798096979788355,8.293303896572953,79.70772,0.5130134348905792
Ash1,8,7463,2520,3.0979086198838135,9.597037817150433,80.068985,0.6088999048742545
Ash1,8,7463,2521,2.790064523815079,7.784460047051465,52.338196,0.6455028064410406
Ash1,8,7463,2522,2.9362393367693134,8.621501442791496,72.39985,0.46722895821363236
Ash1,8,7463,2523,3.300131262162232,10.89086634750049,112.4226,0.44588436390688607
Ash1,8,7463,2524,2.638637615003233,6.9624084633099494,56.512867,0.5554335609297034
Ash1,8,7463,2525,2.693238116256961,7.253531550859344,27.225391,0.5349869400733308
Ash1,8,7463,2526,2.704486024982874,7.314244659327668,79.766205,0.4702486574631133
Ash1,8,7463,2527,2.3357527304920604,5.455740818001117,4.2145877,0.1528261722365493
Ash1,8,7463,2528,2.654512181038892,7.046434919283853,48.766384,0.18918885836241556
Ash1,8,7463,2529,3.2939215125800403,10.849918931037582,46.181343,0.36578577558970277
Ash1,8,7463,2530,3.476258524166088,12.084373326837389,53.291428,0.5591731476924326
Ash1,8,7463,2531,2.7004678609219415,7.292526667872325,24.52668,0.6195690793061857
Ash1,8,7463,2532,2.426393374910821,5.887384809811124,36.91996,0.32825940878388676
Ash1,8,7463,2533,3.2135741388314836,10.327058745766513,70.569565,0.5420820242856399
Ash1,8,7463,2534,2.5850628586465163,6.682549983153699,24.20071,0.40134627934996603
Ash1,8,7463,2535,2.205776854766335,4.865451533022866,37.51115,0.38977536050155315
Ash1,8,7463,2536,2.587876145131575,6.69710294254106,19.280956,0.5436007835692289
Ash1,8,7463,2537,2.178036375406705,4.7438424525947775,12.452784,0.18265391687413693
Ash1,8,7463,2538,2.721589033126637,7.407046865235182,43.72496,0.24815289684520314
Ash1,8,7463,2539,2.741272325625324,7.514573963239273,58.506134,0.34698819812329074
Ash1,8,7463,2540,2.6896661742854033,7.234304129095078,57.995308,0.537948271752948
Ash1,8,7463,2541,3.304014064507671,10.916508938464503,70.58212,0.8488695299075113
Ash1,8,7463,2542,2.7922281112816383,7.796537825431425,39.785378,0.5530585622062142
Ash1,8,7463,2543,3.17563617049735,10.084665087371077,93.36473,0.6817902347127722
Ash1,8,7463,2544,3.626436005278533,13.151038100380523,117.671425,0.8229529891273035
Ash1,8,7463,2545,3.235092405330733,10.465822871028585,112.19878,0.5386950515730508
Ash1,8,7463,2546,3.1368039119285815,9.839538781890452,84.134735,0.721716902678684
Ash1,8,7463,2547,2.5267156048562325,6.384291747823996,38.345764,0.5078223930318749
Ash1,8,7463,2548,2.4778158307126805,6.139571290930371,44.02593,0.6604175412659463
Ash1,8,7463,2549,3.311536010779214,10.966270750687508,46.555878,0.6576818124128854
Ash1,8,7463,2550,3.3881999044609086,11.47989859258891,52.18117,0.6881165573403651
Ash1,8,7463,2551,3.384264282248267,11.453244732101378,97.28853,0.6549010375053326
Ash1,8,7463,2552,3.571051200522758,12.75240667675503,122.952866,0.5872652119872371
Ash1,8,7463,2553,3.3633410937200314,11.312063312705856,130.3634,0.7170159830439462
Ash1,8,7463,2554,2.625195116775079,6.891649401139721,33.666965,0.3790103324606788
Ash1,8,7463,2555,2.653428596230317,7.04068331529279,41.390163,0.30982874701722435
Ash1,8,7463,2556,3.1302243191522074,9.798304288211899,56.95843,0.6479719226041886
Ash1,8,7463,2557,3.1481483486809476,9.910838025302578,75.34781,0.5880450816493608
Ash1,8,7463,2558,3.5854984978425355,12.855799478031079,69.82739,0.6534798173049903
Ash1,8,7463,2559,3.249226711564816,10.557474223146308,89.54823,0.5572502735722139
Ash1,8,7463,2560,2.638005591252178,6.959073499477754,61.969833,0.3121715230604816
Ash1,8,7463,2561,2.315924455955838,5.363506085694343,19.03975,0.22339057109422378
Ash1,8,7463,2562,3.1788498933792786,10.105086644637453,58.205715,0.4781773094202101
Ash1,8,7463,2563,3.644966230705488,13.285778822983376,77.84698,0.38627732239460133
Ash1,8,7463,2564,3.6165025795347154,13.07909090778125,118.83828,0.47577481361024543
Ash1,8,7463,2565,3.870198399645987,14.978435652622359,143.86319,0.7601378467024545
Ash1,8,7463,2566,3.3107473118347746,10.961047762821185,86.97534,0.6636067162760657
Ash1,8,7463,2567,3.01487829440399,9.089491130068314,46.36145,0.7481590035960515
Ash1,8,7463,2568,3.4416896983532994,11.845227979751225,85.07813,0.7732832668323384
Ash1,8,7463,2569,3.0373219667942912,9.225324729971142,82.001686,0.7176480859562075
Ash1,8,7463,2570,3.008626176218451,9.051831468226856,100.49692,0.5842405254822038
Ash1,8,7463,2571,2.3493540232812062,5.519464326707589,41.36874,0.15584530019360368
Ash1,8,7463,2572,2.518701077923137,6.343855119931173,31.363575,0.3315709354974956
Ash1,8,7463,2573,2.8850963925401123,8.323781194247973,27.980303,0.3726409670519162
Ash1,8,7463,2574,2.0977755691602744,4.400662338565714,37.48477,0.16237985494056953
Ash1,8,7463,2575,2.2836520811389907,5.215066827690442,0.8023942,0.4460596797984523
Ash1,8,7463,2576,2.9036182366394705,8.430998864145309,42.2958,0.28338563786755944
Ash1,8,7463,2577,2.528881283109938,6.395240544063767,64.781876,0.43177789450273774
Ash1,8,7463,2578,3.0870294170582024,9.529750621782707,82.36842,0.4276040384960478
Ash1,8,7463,2579,3.5757350834412946,12.785881386952923,136.17256,0.6764447509121537
Ash1,8,7463,2580,3.617287508491976,13.084768919092085,80.52333,0.7775916143580299
Ash1,8,7463,2581,3.5349473278002446,12.495852610322089,62.454304,0.4793527514525756
Ash1,8,7463,2582,2.779130690961565,7.723567397444506,52.46322,0.5699518138054276
Ash1,8,7463,2583,2.799517473811678,7.837298086176919,22.727879,0.1853423946570699
Ash1,8,7463,2584,2.5071894718565835,6.285999047788491,24.660328,0.20745967319275022
Ash1,8,7463,2585,2.97997418466367,8.880246141261903,86.912994,0.6852988144505603
Ash1,8,7463,2586,2.7413392189811274,7.514940713524058,67.70644,0.44191727025868177
Ash1,8,7463,2587,2.2803593856388416,5.200038927671155,10.242917,0.4642523220731397
Ash1,8,7463,2588,2.587376492909968,6.694517116063083,54.515755,0.19256264169664622
Ash1,8,7463,2589,3.434821298245048,11.797997350877798,112.83187,0.4380371026419677
Ash1,8,7463,2590,2.538771982002081,6.445363176598776,48.91243,0.5365771665174158
Ash1,8,7463,2591,2.876070160186433,8.271779566314812,15.333441,0.33365209304557586
Ash1,8,7463,2592,1.8422492416729412,3.393882268444527,4.1277556,0.1481822779509176
Ash1,8,7463,2593,2.2788583027260585,5.193195163903492,24.644135,0.2845470653379667
Ash1,8,7463,2594,2.563885659333779,6.573509674137407,34.26107,0.38670619589023336
Ash1,8,7463,2595,2.809138013656288,7.891256379768795,103.17143,0.4862304861416344
Ash1,8,7463,2596,3.7780382961014527,14.273573366809165,109.273636,0.7703162144965208
Ash1,8,7463,2597,3.301858474820843,10.902269387746221,109.768036,0.7703348222902301
Ash1,8,7463,2598,2.7370786134485026,7.491599336197178,26.650911,0.3565897142811547
Ash1,8,7463,2599,2.2822519397957333,5.208673916701387,24.338743,0.26803178840896136
Ash1,8,7463,2600,2.132537472488391,4.5477160715671765,3.6137204,0.22486883569689337
Ash1,8,7463,2601,1.87660452490142,3.5216445428804843,8.5738735,0.23485983529250676
Ash1,8,7463,2602,2.5508579026227927,6.5068760393731555,40.80439,0.14966968991070018
Ash1,8,7463,2603,3.4873848734452455,12.161853255534712,61.40894,0.5010746341806966
Ash1,8,7463,2604,3.385598771456203,11.462279041285752,83.51986,0.6136593988523089
Ash1,8,7463,2605,3.4587540547141886,11.962979611001842,23.167377,0.5598501782301515
Ash1,8,7463,2606,4.0450791184873625,16.362665074822498,184.63506,0.807185781163575
Ash1,8,7463,2607,3.6643189417200435,13.427233306648303,79.43105,0.8370367841786996
Ash1,8,7463,2608,2.7808578122685588,7.733170172055072,92.81519,0.7675011902894233
Ash1,8,7463,2609,2.150680642173222,4.625427224618623,20.757006,0.26576140490764344
Ash1,8,7463,2610,2.225134905664108,4.951225348404818,13.912084,0.1522722426910315
Ash1,8,7463,2611,2.35086793871608,5.5265800652831905,20.36483,0.21386395741716113
Ash1,8,7463,2612,2.122027510456836,4.503000755135638,13.943335,0.12851395897699983
Ash1,8,7463,2613,2.977111707441544,8.863194118585504,29.711647,0.3675803025901997
Ash1,8,7463,2614,2.2377718424384105,5.007622818810199,11.001009,0.45434362753025487
Ash1,8,7463,2615,2.2304123406192793,4.974739209186771,47.17451,0.22044794884352908
Ash1,8,7463,2616,1.960671673698067,3.8442334120419788,21.695223,0.14359000212616113
Ash1,8,7463,2617,2.401704612203684,5.768185044280448,11.541186,0.19356992197772682
Ash1,8,7463,2618,2.0624861495201348,4.2538491169623915,6.563218,0.1759570101975622
Ash1,8,7463,2619,2.2465862293711365,5.047149686000021,21.671589,0.5680957926541608
Ash1,8,7463,2620,3.0195140830453004,9.1174652977089,66.00569,0.3859461843278517
Ash1,8,7463,2621,2.5696590359342975,6.603147560958783,28.440767,0.23977000536889287
Ash1,8,7463,2622,2.7991528038578695,7.835256419345373,71.54402,0.3421202573755615
Ash1,8,7463,2623,2.1355461282728796,4.560557265981289,5.8625283,0.3993039763625141
Ash1,8,7463,2624,2.804866446281046,7.867275781473263,54.23786,0.18120652825751563
Ash1,8,7463,2625,2.9677824402464412,8.807732612635121,19.649895,0.415215698908047
Ash1,8,7463,2626,2.4901762588242784,6.200977800012081,34.784195,0.389627996843286
Ash1,8,7463,2627,3.0579976796475488,9.351349808729791,117.18263,0.6724192791749182
Ash1,8,7463,2628,3.4150266032436694,11.662406700861993,107.43735,0.6743167021235204
Ash1,8,7463,2629,3.7351285619175565,13.951185374052315,149.25919,0.6948865018583701
Ash1,8,7463,2630,3.8009448174857074,14.447181505571457,142.11743,0.7067087283086404
Ash1,8,7463,2631,2.793356785748312,7.802842132486141,25.339159,0.2957686016186249
Ash1,8,7463,2632,1.8126828999163382,3.285819295649105,1.1661917,0.40618999685343193
Ash1,8,7463,2633,2.7544888228031903,7.587208674947704,28.436384,0.33608070871658235
Ash1,8,7463,2634,3.6617370605136346,13.408318300339035,36.688995,0.5217948619615587
Ash1,8,7463,2635,3.249889678603741,10.561782923095123,109.622536,0.7266759184855599
Ash1,8,7463,2636,3.235520782541872,10.468594734260368,145.7136,0.7893644039964955
Ash1,8,7463,2637,3.0369686439791814,9.22317854451275,75.32327,0.5137808436099613
Ash1,8,7463,2638,3.237484594900093,10.481306502215418,87.98434,0.41952455902230057
Ash1,8,7463,2639,3.7981371421422363,14.425845750520397,139.3096,0.8208432243352255
Ash1,8,7463,2640,2.9775044452881287,8.865532721710567,35.024166,0.4053827457957471
Ash1,8,7463,2641,2.4838053937784683,6.169289234163013,32.31184,0.4776063823537662
Ash1,8,7463,2642,2.913025890911217,8.48571984111909,18.178482,0.20543190001301637
Ash1,8,7463,2643,2.2989912651149726,5.285360837074941,4.1853623,0.20930217772890158
Ash1,8,7463,2644,2.791882235915736,7.79460641922185,43.996777,0.42711085470615173
Ash1,8,7463,2645,2.749067293613349,7.557370984814623,64.85178,0.4875179877331386
Ash1,8,7463,2646,2.8759452400369963,8.271061023691455,76.93685,0.42534714633765824
Ash1,8,7463,2647,2.8567040407973296,8.160757976707792,76.559654,0.4594017903105825
Ash1,8,7463,2648,2.8433186024496093,8.084460675036,86.45111,0.5940201228170865
Ash1,8,7463,2649,2.901248617113424,8.417243538302557,41.94915,0.6423388778490671
Ash1,8,7463,2650,2.5213913687300105,6.357414434306197,29.461502,0.3744331479424515
Ash1,8,7463,2651,2.489132998074459,6.195783082103146,40.54658,0.23215783507578963
Ash1,8,7463,2652,2.6810338243808065,7.1879423674739735,92.957504,0.6451746278874908
Ash1,8,7463,2653,2.6264237667173274,6.898101802377632,31.96372,0.5427793478721881
Ash1,8,7463,2654,2.2506892689959077,5.0656021855733355,37.233776,0.45314231455260423
Ash1,8,7463,2655,2.3033515404557625,5.305428318919933,24.930088,0.24670614837719396
Ash1,8,7463,2656,2.4537055470229734,6.020670911491309,32.36743,0.2787499851328141
Ash1,8,7463,2657,3.364896467854598,11.322528239380352,67.72994,0.33375653957790435
Ash1,8,7463,2658,2.8688591089896924,8.230352587233131,91.50777,0.3491151120196374
Ash1,8,7463,2659,2.444223460175398,5.974228323271795,18.862307,0.19703437861342626
Ash1,8,7463,2660,2.585243065483925,6.683481707632721,39.69326,0.4773953142212093
Ash1,8,7463,2661,1.8655887961361475,3.4804215562687206,6.522094,0.27459877391124643
Ash1,8,7463,2662,2.5521719185915592,6.51358150204732,45.814995,0.1763970349019881
Ash1,8,7463,2663,2.9726649966034135,8.83673718203117,66.34596,0.5558135675828265
Ash1,8,7463,2664,2.918444248512876,8.517316831677888,49.960056,0.6414004882186429
Ash1,8,7463,2665,2.305499050336744,5.315325871103626,14.691773,0.2194739762221261
Ash1,8,7463,2666,1.9249288326598897,3.7053510108053653,7.081448,0.11478369171875705
Ash1,8,7463,2667,2.279141239853128,5.194484791199255,10.182545,0.21140754536031786
Ash1,8,7463,2668,2.7321302250768937,7.4645355667787205,27.175703,0.49323085045314274
Ash1,8,7463,2669,3.498371190563386,12.238600986963881,118.20998,0.7998867718878941
Ash1,8,7463,2670,2.9232504826082844,8.545393384069568,78.658165,0.42012076842122814
Ash1,8,7463,2671,2.6460086491878196,7.0013617715767476,24.004498,0.27890448724283173
Ash1,8,7463,2672,2.659019201726068,7.070383115147938,71.52504,0.518530976463994
Ash1,8,7463,2673,4.007348653470278,16.058843230470046,199.83224,0.8908247274031136
Ash1,8,7463,2674,2.828925072610533,8.002817066444509,43.875645,0.666868362436977
Ash1,8,7463,2675,2.806508178154662,7.876488154049002,65.78291,0.4831418881683798
Ash1,8,7463,2676,2.259466699835155,5.105189767663965,78.2172,0.4297448282814119
Ash1,8,7463,2677,3.40127199682766,11.568651196404021,61.146366,0.4053772215067195
Ash1,8,7463,2678,2.9544787345780525,8.72894459307393,45.555218,0.7544625010082853
Ash1,8,7463,2679,2.848381818370901,8.113278983225921,80.45462,0.3339627215280663
Ash1,8,7463,2680,2.740758414461857,7.511756686443473,51.454056,0.18538815791591193
Ash1,8,7463,2681,2.4952609522551845,6.226327219849449,52.860126,0.14477513006248446
Ash1,8,7463,2682,1.8881255891539543,3.565018240417967,3.5946834,0.14070215807553998
Ash1,8,7463,2683,2.1586878719628775,4.659933328559619,19.69285,0.22026792874082674
Ash1,8,7463,2684,2.725124407042301,7.426303033857651,44.268272,0.6018096197347441
Ash1,8,7463,2685,3.168627086180457,10.040197611276454,88.75496,0.6407841885943955
Ash1,8,7463,2686,3.613406282659794,13.056704963565274,135.01726,0.6309446013392667
Ash1,8,7463,2687,3.1140092850460683,9.697053827353125,59.163246,0.32433629026849753
Ash1,8,7463,2688,2.4171920837505327,5.842817569746242,42.06062,0.1440326303217906
Ash1,8,7463,2689,3.2141566426148556,10.3308029232652,98.078026,0.6770941328882552
Ash1,8,7463,2690,4.430980624622684,19.63358929578163,130.19061,0.8163529731184986
Ash1,8,7463,2691,3.538867196615414,12.523581035280637,94.40372,0.6375445293166081
Ash1,8,7463,2692,2.215799325068364,4.909766648973418,38.42372,0.34350700625190933
Ash1,8,7463,2693,1.834088391333728,3.363880227225142,18.97709,0.1834032355795756
Ash1,8,7463,2694,2.700836803345943,7.294519438307933,54.49987,0.6103842155746038
Ash1,8,7463,2695,3.3175038763587694,11.005831969655462,81.17211,0.6886751213661456
Ash1,8,7463,2696,3.739392418095837,13.98305565651263,68.701454,0.35883706626204637
Ash1,8,7463,2697,2.5989299570872486,6.754436921845527,70.48235,0.19258672902066876
Ash1,8,7463,2698,2.750546678561564,7.565507030946052,15.894841,0.3931287637536568
Ash1,8,7463,2699,2.182891493304635,4.765015271541741,46.08367,0.3587539103496288
Ash1,8,7463,2700,2.773029790324448,7.689694218026851,33.45428,0.23030453590201885
Ash1,8,7463,2701,2.5952502683203016,6.735323955216597,8.8427725,0.26719764274771535
Ash1,8,7463,2702,1.92023135771985,3.6872884671706188,15.97934,0.05760115792682868
Ash1,8,7463,2703,2.5369705911486427,6.436219780353094,30.060263,0.3588188914273142
Ash1,8,7463,2704,2.4567898175314116,6.035816207526027,29.243088,0.3380671088140113
Ash1,8,7463,2705,2.411421062685011,5.814951541560909,49.71308,0.31911609855776607
Ash1,8,7463,2706,3.414314272767156,11.657541953221513,116.8269,0.7183872714994337
Ash1,8,7463,2707,3.848675640879693,14.812304188700718,140.09065,0.7122540704260579
Ash1,8,7463,2708,2.961279297895217,8.76917508014279,38.801132,0.36744330772320044
Ash1,8,7463,2709,2.254196351048084,5.081401189078496,17.83739,0.2763925675076035
Ash1,8,7463,2710,2.5750883281087913,6.631079897562129,20.15128,0.4374065980432851
Ash1,8,7463,2711,2.674285982911953,7.151805518399351,50.905087,0.30770126631112094
Ash1,8,7463,2712,3.5932905933028985,12.911737287919097,133.28197,0.6514381515017902
Ash1,8,7463,2713,3.8302900411255103,14.671121799145265,118.113846,0.499088528517389
Ash1,8,7463,2714,2.6691821210805595,7.124533195496114,54.68382,0.47837393867624567
Ash1,8,7463,2715,2.648993985792281,7.017169136763675,48.59536,0.5116165524005182
Ash1,8,7463,2716,2.969153741597999,8.8158739412454,80.569534,0.6329297013205384
Ash1,8,7463,2717,2.1098789916675456,4.4515893594800575,48.667152,0.19533537662345235
Ash1,8,7463,2718,2.2121459036630027,4.893589499093002,11.737686,0.18551504263756202
Ash1,8,7463,2719,1.9787532220077553,3.9154643136060723,29.27324,0.3907228038608181
Ash1,8,7463,2720,3.198826495718154,10.232490949708485,41.35008,0.3207157195856144
Ash1,8,7463,2721,2.7317007754556686,7.462189126625099,32.52631,0.3621529861069427
Ash1,8,7463,2722,3.333963913757463,11.115315378236978,67.6149,0.7195914772166562
Ash1,8,7463,2723,2.785195398376319,7.757313407136625,54.335487,0.7026314129290836
Ash1,8,7463,2724,2.673644130019814,7.148372933989406,83.70229,0.5118929277304707
Ash1,8,7463,2725,2.413430693151834,5.824647710647342,31.41846,0.2016635729398234
Ash1,8,7463,2726,3.052878281831953,9.320065803681219,4.8745656,0.3955656960673718
Ash1,8,7463,2727,2.5322965729966667,6.412525933610661,62.587082,0.6293375542303867
Ash1,8,7463,2728,2.7480851044518633,7.551971741310209,39.069008,0.4514976254265721
Ash1,8,7463,2729,2.2615202131066447,5.114473674289924,7.576345,0.32721337188303573
Ash1,8,7463,2730,2.6225355725219197,6.877692829142874,23.971514,0.2794622556201102
Ash1,8,7463,2731,2.6686349947443513,7.121612735174184,35.337387,0.301483043473918
Ash1,8,7463,2732,2.3504133606265047,5.52444296581158,17.156076,0.24695815338323893
Ash1,8,7463,2733,3.3390856662456057,11.149493086526858,44.94506,0.7654442703500228
Ash1,8,7463,2734,3.1498817698942143,9.921755164311909,60.14405,0.6317948485590577
Ash1,8,7463,2735,3.1138147155139286,9.695842082551087,79.68257,0.7450795492262126
Ash1,8,7463,2736,2.8066464363119135,7.877264218462367,35.055763,0.47203568811769736
Ash1,8,7463,2737,2.2924783521175773,5.255456994927721,60.66899,0.2813693623799026
Ash1,8,7463,2738,2.5231003270840935,6.366035260531859,27.657757,0.43049110842430566
Ash1,8,7463,2739,2.8324092567717285,8.022542197846173,40.518326,0.7356190783101009
Ash1,8,7463,2740,2.5927996581247648,6.722610067171897,18.860962,0.4189915942432928
Ash1,8,7463,2741,1.7065246233529565,2.9122262901099516,5.6530766,0.2174723940770636
Ash1,8,7463,2742,2.6028009825797795,6.774572954918265,31.313887,0.20913094605898574
Ash1,8,7463,2743,2.8463485631188785,8.101700142768907,77.95932,0.5753385772488511
Ash1,8,7463,2744,2.8493042638133965,8.118534787785205,39.67889,0.20059143061228704
Ash1,8,7463,2745,2.4042106069042957,5.780228642351122,25.914143,0.3474680226913859
Ash1,8,7463,2746,2.438414333041919,5.945864459584266,21.932806,0.5621035983945472
Ash1,8,7463,2747,2.687105841359939,7.220537802670706,37.346004,0.46027296985968014
Ash1,8,7463,2748,2.8309714219680067,8.014399191999559,35.953934,0.5523570101206164
Ash1,8,7463,2749,2.42687179478014,5.889706708299379,14.152674,0.3988604705978035
Ash1,8,7463,2750,2.5801377183696776,6.657110645753885,83.91824,0.3285909519650304
Ash1,8,7463,2751,4.472898004083437,20.006816554933597,143.18497,0.7975185061600798
Ash1,8,7463,2752,4.202369654634168,17.659910714190104,187.77856,0.7418234824716317
Ash1,8,7463,2753,2.5305221448803636,6.403542325729916,24.725857,0.49504264054373226
Ash1,8,7463,2754,2.2550217427790256,5.085123060406153,28.963081,0.3032061648498693
Ash1,8,7463,2755,2.4727698518493413,6.114590740215013,25.226055,0.058645246885908234
Ash1,8,7463,2756,2.0814589220001802,4.332471243974152,17.600847,0.18972394020693095
Ash1,8,7463,2757,3.0374973272260846,9.226390012905608,82.41526,0.5123460552556565
Ash1,8,7463,2758,3.3074570321827137,10.939272019734883,47.074734,0.6044801655222336
Ash1,8,7463,2759,3.5709078594824852,12.751382940913787,96.58929,0.777752030838469
Ash1,8,7463,2760,2.763406432262827,7.6364151098715665,72.98192,0.5399046482232757
Ash1,8,7463,2761,3.6942793188144667,13.647699685420282,160.98505,0.5362517868878143
Ash1,8,7463,2762,3.5888192549522726,12.879623644716185,79.00481,0.6689005528114101
Ash1,8,7463,2763,3.157906470516886,9.972373276532416,119.82895,0.6019126509280411
Ash1,8,7463,2764,2.560559183956356,6.556463334543239,45.95822,0.49230305446616496
Ash1,8,7463,2765,2.489512535465774,6.197672664241226,22.063328,0.4812563204599046
Ash1,8,7463,2766,2.569550569545708,6.6025901294526745,13.593571,0.1545516036362503
Ash1,8,7463,2767,2.0396576176785697,4.160203197354219,16.398066,0.23771893282789036
Ash1,8,7463,2768,2.3356893684403324,5.455444825845199,31.352362,0.2983928111644591
Ash1,8,7463,2769,1.971844140204149,3.888169313257439,4.6451845,0.1677703100860679
Ash1,8,7463,2770,2.6902094560217757,7.237226917268976,24.529667,0.3076024960525269
Ash1,8,7463,2771,3.587206033742234,12.868047128516693,120.018936,0.6163261373468996
Ash1,8,7463,2772,3.600864180837093,12.96622284883559,133.84595,0.8530618997130289
Ash1,8,7463,2773,3.37355643053366,11.380882989995008,135.08311,0.7248547606772164
Ash1,8,7463,2774,4.068805258462586,16.555176231292787,145.36685,0.7845305503946576
Ash1,8,7463,2775,3.2862801057837006,10.799636933669733,69.14553,0.7552995276528527
Ash1,8,7463,2776,3.066033774825604,9.400563108371344,67.3008,0.6754748071560202
Ash1,8,7463,2777,2.484169148391293,6.171096357819122,17.701862,0.12376824583204331
Ash1,8,7463,2778,2.140281820600292,4.5808062715921,9.749965,0.16733170318675544
Ash1,8,7463,2779,2.0424008357359433,4.171401173814879,2.803606,0.23878244339549357
Ash1,8,7463,2780,2.55039840697745,6.504532034313115,47.13983,0.5070658581190525
Ash1,8,7463,2781,2.8786517747394322,8.286636040210484,75.89865,0.3766320211133938
Ash1,8,7463,2782,3.2892606888127833,10.819235878969145,49.94452,0.5755588518084385
Ash1,8,7463,2783,2.771957193888581,7.683746684750657,61.303173,0.5671307965215663
Ash1,8,7463,2784,2.982265689986085,8.89390864566818,73.72803,0.49389889586708313
Ash1,8,7463,2785,2.91722149396631,8.51018124485903,92.164894,0.5097104541684516
Ash1,8,7463,2786,2.7961989259335445,7.818728433391907,25.255615,0.25560333739015184
Ash1,8,7463,2787,2.0549300133491077,4.222737359762965,18.528162,0.07872914498929648
Ash1,8,7463,2788,2.1543778151363213,4.641343770351549,5.4430585,0.1775945277095077
Ash1,8,7463,2789,2.8576220378310517,8.166003711097696,56.958286,0.32760318016085244
Ash1,8,7463,2790,2.99199012616451,8.95200491506592,80.4451,0.5767189305451021
Ash1,8,7463,2791,3.8704847781847866,14.980652418160135,80.22917,0.7744865776552434
Ash1,8,7463,2792,3.153411801995174,9.94400599296245,62.2782,0.7465008766000067
Ash1,8,7463,2793,3.2682068956913493,10.681176313044483,94.59448,0.5724685135965302
Ash1,8,7463,2794,4.089618015642818,16.7249755138703,141.80469,0.710291668193223
Ash1,8,7463,2795,3.50197209409689,12.26380854783336,102.07964,0.6967879469921423
Ash1,8,7463,2796,2.7791252412615273,7.7235371066169405,62.526794,0.6327802695750908
Ash1,8,7463,2797,2.573983569311826,6.625391415087246,68.88953,0.5235862138581295
Ash1,8,7463,2798,2.9636339834719543,8.783126387989844,82.40266,0.2837288695118267
Ash1,8,7463,2799,2.9032865998368247,8.429073080792072,53.66893,0.35217407408100115
Ash1,8,7463,2800,3.1920839837118784,10.189400159069896,65.83284,0.6205668673644945
Ash1,8,7463,2801,3.406644486523955,11.60522665756406,81.19823,0.5341002222468969
Ash1,8,7463,2802,3.4235846922319206,11.720932144884733,136.69534,0.633787137782674
Ash1,8,7463,2803,2.80140258975559,7.847856469889327,44.393105,0.411239789693333
Ash1,8,7463,2804,2.118591907927374,4.488431672335351,16.809902,0.10980699727247338
Ash1,8,7463,2805,2.0283842948371604,4.114342847542045,14.099472,0.28951889662556807
Ash1,8,7463,2806,2.6738657995720914,7.1495583141212995,59.93589,0.31813112511331576
Ash1,8,7463,2807,2.726151812508656,7.431903704844232,22.582312,0.42817612485438916
Ash1,8,7463,2808,2.1944702283960025,4.815699583316404,25.06083,0.37646575110990604
Ash1,8,7463,2809,2.6510402670304836,7.0280144974170575,16.825327,0.386465975824407
Ash1,8,7463,2810,3.0164287872637137,9.098842628633237,54.06404,0.3503607437337171
Ash1,8,7463,2811,2.9975941565054094,8.985570727115377,66.63203,0.33976960443806686
Ash1,8,7463,2812,2.3336896318106644,5.446107297620593,47.133766,0.5269975857257014
Ash1,8,7463,2813,2.5617686489288967,6.562658610634983,17.802633,0.4950809473691196
Ash1,8,7463,2814,3.0672523016038324,9.408036681694012,87.668884,0.5550846658933939
Ash1,8,7463,2815,3.4374199993078323,11.81585625164146,127.48719,0.6828503414281815
Ash1,8,7463,2816,2.6523046200581812,7.034719797581973,21.282827,0.4975908791548751
Ash1,8,7463,2817,2.0339564958987824,4.136979027208852,3.4394608,0.24717082277633168
Ash1,8,7463,2818,2.8271044790812585,7.992519735641311,36.351463,0.538079830826216
Ash1,8,7463,2819,3.087849830685988,9.534816576867485,20.812294,0.673332174395189
Ash1,8,7463,2820,2.2465278390297723,5.046887331535779,38.42509,0.29457174828395805
Ash1,8,7463,2821,3.1264372080662644,9.77460961598118,58.601856,0.43938885223622814
Ash1,8,7463,2822,3.000191422990401,9.00114857458517,87.63721,0.5642955162716047
Ash1,8,7463,2823,2.6178376767881755,6.853074102011712,30.601583,0.6648371113139773
Ash1,8,7463,2824,2.9040491345166677,8.433501375687005,38.427,0.30487442691967753
Ash1,8,7463,2825,3.1218939987143663,9.746222139208779,96.4658,0.3936105917725092
Ash1,8,7463,2826,3.3225078253214892,11.039058249322531,94.2105,0.43221610382981585
Ash1,8,7463,2827,2.427087598656306,5.890754211551234,27.607079,0.3611725797003621
Ash1,8,7463,2828,2.3827158185852806,5.677334672136524,34.255493,0.12785721849996454
Ash1,8,7463,2829,2.386682285672079,5.696252332740898,28.400858,0.3716417072398666
Ash1,8,7463,2830,2.796602518671475,7.820985647439639,37.48874,0.2985137602971436
Ash1,8,7463,2831,2.6665185952806185,7.110321418977323,49.17382,0.4719484519253666
Ash1,8,7463,2832,2.79666339308688,7.821326134232218,46.675022,0.34736079993737995
Ash1,8,7463,2833,2.8910945734017974,8.358427832353323,21.029,0.35643751570433474
Ash1,8,7463,2834,2.550000418947561,6.502502136632735,17.347563,0.4253471415209222
Ash1,8,7463,2835,2.847625104312603,8.108968734711365,43.86935,0.5943640145924326
Ash1,8,7463,2836,2.1193769199325905,4.491758528742955,31.278812,0.2154433933682092
Ash1,8,7463,2837,3.375049669876429,11.390960274132993,79.48951,0.4592040374859481
Ash1,8,7463,2838,2.0638786757475183,4.2595951882053305,9.304704,0.2259332527972973
Ash1,8,7463,2839,2.2905495773800224,5.2466173664358005,31.853334,0.44465793755100147
Ash1,8,7463,2840,2.5869045483316846,6.6920751421791556,34.34491,0.46035106310578155
Ash1,8,7463,2841,1.807934450490047,3.268626977268748,15.837468,0.20787212500820296
Ash1,8,7463,2842,2.8748287881280397,8.264640561049735,26.374502,0.34446771165228807
Ash1,8,7463,2843,2.8654234320634746,8.21065144501842,55.11977,0.2544352236136207
Ash1,8,7463,2844,3.2198018239558026,10.367123785549111,36.82444,0.6527679719642787
Ash1,8,7463,2845,2.1627734921110107,4.677589178178055,2.4506369,0.3312850232552531
Ash1,8,7463,2846,2.235390694641979,4.996971557691949,8.13333,0.2906274646988676
Ash1,8,7463,2847,2.269108572241756,5.148853712621021,9.389843,0.46698516303246485
Ash1,8,7463,2848,2.527726630372787,6.389401917895762,7.5260825,0.22031962390636362
Ash1,8,7463,2849,3.1820505678573663,10.125445816401385,72.58426,0.5337918685640732
Ash1,8,7463,2850,3.2026737580081677,10.257119200234161,89.64242,0.39826417354025523
Ash1,8,7463,2851,3.0221979192646176,9.133680263207383,101.26348,0.4455891514380744
Ash1,8,7463,2852,2.4915278015584463,6.207710785938667,35.426807,0.4450440940100917
Ash1,8,7463,2853,2.9186113603703845,8.518292272883063,38.315445,0.6426642014721425
Ash1,8,7463,2854,2.80564904279977,7.8716665513632655,67.39463,0.5417281560040843
Ash1,8,7463,2855,2.6307528084885345,6.92086033937031,22.957642,0.36329653235272014
Ash1,8,7463,2856,2.706915469137061,7.327391357053515,35.791893,0.29989047849511946
Ash1,8,7463,2857,2.3235614746641606,5.398937926543489,20.811222,0.24605165293742687
Ash1,8,7463,2858,2.172480435669915,4.719671243368543,8.060361,0.32150515163930876
Ash1,8,7463,2859,2.12347323172333,4.5091385658455225,28.368305,0.11817284666893602
Ash1,8,7463,2860,2.1102354727117527,4.453093750290993,38.760963,0.3211899347229259
Ash1,8,7463,2861,3.456769805878758,11.949257490835063,133.25314,0.47005754378001835
Ash1,8,7463,2862,3.7439402714968812,14.017088756536143,106.51622,0.7470256546650964
Ash1,8,7463,2863,2.8098106699401324,7.895036000909418,14.4489,0.23030322633334582
Ash1,8,7463,2864,2.390922010332517,5.716508059492483,17.350292,0.20853878630827494
Ash1,8,7463,2865,2.6935151584016803,7.255023908539625,35.996273,0.6186718568228606
Ash1,8,7463,2866,3.222776291453859,10.386287024757092,68.73178,0.4760982710753122
Ash1,8,7463,2867,2.9834780788109114,8.901141446745244,84.39828,0.6651752602087032
Ash1,8,7463,2868,2.8879625454476745,8.340327663908608,75.082886,0.5944046195058179
Ash1,8,7463,2869,2.438251367797817,5.945069732567925,52.22512,0.2978394518569964
Ash1,8,7463,2870,2.699312791693414,7.286289547399693,62.21588,0.35561901019246267
Ash1,8,7463,2871,2.3718402843420483,5.6256263344277695,16.50335,0.18494481586834613
Ash1,8,7463,2872,2.23289399839162,4.985815608053318,12.100892,0.1472213312705103
Ash1,8,7463,2873,2.926949006912265,8.567030489064697,47.58649,0.6126947088321875
Ash1,8,7463,2874,2.5017132348539155,6.2585691094432425,14.242191,0.30287444780005424
Ash1,8,7463,2875,2.1691283761672855,4.705117912294124,15.999119,0.13863604872696597
Ash1,8,7463,2876,2.5241622050924186,6.37139483761702,19.96987,0.49261377982723914
Ash1,8,7463,2877,2.2904473828340848,5.246149213531508,15.713578,0.3654556667466277
Ash1,8,7463,2878,2.641734357575201,6.978760415993261,31.950272,0.28336475604097944
Ash1,8,7463,2879,2.3430342973950364,5.489809718769451,31.306171,0.2217809725406652
Ash1,8,7463,2880,2.1369794876958492,4.566681330832815,39.954735,0.26354503982169203
Ash1,8,7463,2881,2.2427178187697563,5.029783214627375,9.336449,0.3046836464649362
Ash1,8,7463,2882,2.466911957211474,6.085654604632947,1.6459584,0.4325172809292248
Ash1,8,7463,2883,2.424564458746264,5.878512814615563,12.194323,0.2106471782805456
Ash1,8,7463,2884,2.420447168264414,5.858564494359223,56.265106,0.3223478392621595
Ash1,8,7463,2885,2.151298987791503,4.628087334872745,12.607844,0.26002660384241805
Ash1,8,7463,2886,2.4029116456223143,5.773984376667337,37.46245,0.24882470537464946
Ash1,8,7463,2887,2.9830141799810845,8.898373597968222,75.83427,0.3922056864549923
Ash1,8,7463,2888,2.37665050231389,5.648467610148867,16.771297,0.2472750224578484
Ash1,8,7463,2889,2.725509967360676,7.428404582182394,71.91822,0.2630060513800938
Ash1,8,7463,2890,2.840479587551136,8.068324287294672,49.490734,0.5115525442655949
Ash1,8,7463,2891,3.050134255867053,9.303318978813659,104.549706,0.5513030665421476
Ash1,8,7463,2892,2.3666347701257493,5.600960135168159,42.383392,0.43587434245367285
Ash1,8,7463,2893,3.048949067425601,9.296090415755444,54.64733,0.42176743532965033
Ash1,8,7463,2894,3.6760011171919547,13.512984213596498,97.85129,0.7752451500799507
Ash1,8,7463,2895,3.968041785924914,15.745355614846181,117.15651,0.7782090291289869
Ash1,8,7463,2896,3.474833631898318,12.074468769371656,55.952713,0.440634102798251
Ash1,8,7463,2897,2.0776242227999404,4.316522411165057,20.326767,0.5523760362058747
Ash1,8,7463,2898,2.7727415539708513,7.688095725116691,47.55071,0.1825636967000823
Ash1,8,7463,2899,3.3754338439199083,11.393553634679927,138.6681,0.4200674869806166
Ash1,8,7463,2900,3.765816397821518,14.181373142101437,109.68754,0.4966054145716298
Ash1,8,7463,2901,3.0913228238920905,9.556276801516168,98.69283,0.47723130446198686
Ash1,8,7463,2902,2.0601008472576483,4.2440155008716784,27.43527,0.24378037053492735
Ash1,8,7463,2903,2.325577140245226,5.408309035231165,15.27083,0.18084452953627966
Ash1,8,7463,2904,2.5445373425315463,6.474670287537505,14.608471,0.28473362230822347
Ash1,8,7463,2905,2.404972687601828,5.78389362811076,5.8396907,0.1674557062238179
Ash1,8,7463,2906,2.1347814793043094,4.557291964380696,18.81852,0.1884159298755055
Ash1,8,7463,2907,2.7807789001937135,7.732731291762557,15.010098,0.26790665854600937
Ash1,8,7463,2908,2.138136599477588,4.5716281180255836,28.728657,0.16952435434318888
Ash1,8,7463,2909,2.321007341785561,5.387075080622477,33.309204,0.4776288768683237
Ash1,8,7463,2910,2.0541266490267382,4.219436290241817,8.440405,0.145664562984891
Ash1,8,7463,2911,2.48042145430859,6.152490590994342,45.22775,0.3453198098571828
Ash1,8,7463,2912,2.4464424146530064,5.985080488213234,22.582829,0.1786721994546701
Ash1,8,7463,2913,2.1422324170815243,4.589159728794951,13.1190605,0.2635267211851441
Ash1,8,7463,2914,2.8302953743040216,8.01057190580674,68.84338,0.3894551253386497
Ash1,8,7463,2915,3.0173346406995485,9.104308333965475,95.37439,0.6901201024286404
Ash1,8,7463,2916,3.054555646645053,9.330310198451178,102.22778,0.6404586460916175
Ash1,8,7463,2917,3.348892631643414,11.215081858275553,81.521095,0.6284560504468203
Ash1,8,7463,2918,3.152007436833674,9.935150881854785,67.92444,0.5434486962577844
Ash1,8,7463,2919,3.074764812144431,9.454178650001577,21.279814,0.42405916843716757
Ash1,8,7463,2920,3.0704944635423157,9.427936250644011,29.28706,0.22919170156564522
Ash1,8,7463,2921,1.6989168422109595,2.8863184367480583,4.599633,0.17707356828474857
Ash1,8,7463,2922,2.1631101115243676,4.679045354578961,47.132034,0.3031097139252012
Ash1,8,7463,2923,2.6943940700307523,7.259759404616882,86.392944,0.588935215447993
Ash1,8,7463,2924,2.9691305450848526,8.815736193755875,26.144688,0.5519092890816386
Ash1,8,7463,2925,2.182545950861194,4.763506827620594,33.829315,0.31634614780857884
Ash1,8,7463,2926,2.2831667027556732,5.212850192572212,2.0274317,0.38067238072079534
Ash1,8,7463,2927,2.7061671540494974,7.323340665656358,7.3752728,0.404827186059737
Ash1,8,7463,2928,2.6537953525332036,7.0426297731268335,16.942621,0.27894382647953697
Ash1,8,7463,2929,2.8551323903800405,8.151780966597244,46.535107,0.40323516859579644
Ash1,8,7463,2930,2.212276435709192,4.894167027994169,14.3816595,0.08919516901192785
Ash1,8,7463,2931,2.510380104165846,6.302008267391722,14.701153,0.2354031543981111
Ash1,8,7463,2932,2.570843901670345,6.609238366755601,32.109753,0.6439969732577491
Ash1,8,7463,2933,3.3694339812605922,11.353085354073606,84.1261,0.4314498534768495
Ash1,8,7463,2934,3.147703466129115,9.908037110681244,33.152767,0.5850977760793658
Ash1,8,7463,2935,3.2880075768176353,10.810993825210176,90.525406,0.5517033025458271
Ash1,8,7463,2936,3.0283940031236614,9.171170238155355,36.282032,0.6089160060932491
Ash1,8,7463,2937,3.0148644784073357,9.08940782316234,61.073776,0.6244069268882412
Ash1,8,7463,2938,3.2346247482096464,10.462797261730318,64.399414,0.5034584915201695
Ash1,8,7463,2939,3.6130646223896368,13.054235965563574,49.445396,0.5984246400057048
Ash1,8,7463,2940,2.358047579134467,5.5603883854619225,31.72965,0.5382303094521099
Ash1,8,7463,2941,2.023143318156571,4.0931088858015805,17.13891,0.3606292687449578
Ash1,8,7463,2942,2.3419847852719076,5.484892734445102,61.491756,0.4723028603767319
Ash1,8,7463,2943,2.686299343659139,7.2162041637435195,0.7879708,0.23182910018860392
Ash1,8,7463,2944,2.1142208746507394,4.469929906808938,11.736895,0.22747778093991428
Ash1,8,7463,2945,1.9237764870625544,3.700915972174744,9.99531,0.17387143099765823
Ash1,8,7463,2946,2.0325594397191837,4.131297875991562,13.477186,0.22860661036999652
Ash1,8,7463,2947,2.68380242298675,7.20279544562955,30.17975,0.33097406497993914
Ash1,8,7463,2948,2.378008837233765,5.654926029961882,3.4607472,0.4946387690665436
Ash1,8,7463,2949,3.252958205667726,10.581737087820992,60.129852,0.7449016373835002
Ash1,8,7463,2950,3.253180428853453,10.583182902675134,32.489964,0.2145745098137465
Ash1,8,7463,2951,2.409682930836476,5.806571827164669,56.314262,0.3319766967311084
Ash1,8,7463,2952,2.1850658812353734,4.77451290533892,49.588104,0.23801005906532208
Ash1,8,7463,2953,3.4084163252391955,11.617301846157066,75.3498,0.5695461087668154
Ash1,8,7463,2954,3.7935533127770644,14.391046736881844,151.12138,0.8724361030572376
Ash1,8,7463,2955,3.6990148766308515,13.682711057536357,88.60017,0.5367650450920078
Ash1,8,7463,2956,3.520350060473873,12.392864548278402,82.91105,0.731263451418113
Ash1,8,7463,2957,3.2820708776345624,10.771989245816904,97.450836,0.6139546283234609
Ash1,8,7463,2958,2.2838284213310662,5.21587225807955,3.9045522,0.5382915936787446
Ash1,8,7463,2959,2.17180946910925,4.716756370112603,31.28886,0.29082663260252967
Ash1,8,7463,2960,2.9647800608094004,8.789920808972992,38.359863,0.3904472722797234
Ash1,8,7463,2961,2.2358519188510964,4.99903380303013,13.792279,0.2672568002252763
Ash1,8,7463,2962,2.2343991737825846,4.992539667800294,14.687055,0.1855877064298602
Ash1,8,7463,2963,2.553010411824824,6.517862162885956,10.225298,0.2636208651869536
Ash1,8,7463,2964,2.8013354582817898,7.847480349826846,22.774254,0.33170341619533733
Ash1,8,7463,2965,2.8034458030160936,7.859308370448546,60.199207,0.4436668604201818
Ash1,8,7463,2966,2.7204971753999883,7.401104881359315,66.09258,0.36089436627110927
Ash1,8,7463,2967,2.572020640021132,6.615290172694713,52.1974,0.5470761171517716
Ash1,8,7463,2968,3.320796818679394,11.027691510951186,68.56159,0.6799505542339317
Ash1,8,7463,2969,3.446621054781728,11.87919669526471,80.255035,0.6473722209484487
Ash1,8,7463,2970,3.050063274554664,9.302885978787122,46.625996,0.4182073958726907
Ash1,8,7463,2971,2.762576242294917,7.6318274944923035,36.889397,0.4756814500749427
Ash1,8,7463,2972,3.0813232916988755,9.494553227965996,88.23819,0.694999515963276
Ash1,8,7463,2973,3.7092630834427935,13.758632622191538,162.81316,0.6547026806541656
Ash1,8,7463,2974,3.0043801449827994,9.026300055566868,84.77632,0.4330655511470384
Ash1,8,7463,2975,2.618835591857935,6.858299857181901,40.34458,0.5742870746006783
Ash1,8,7463,2976,2.5618982311356833,6.563322546696142,21.973621,0.5077992071858111
Ash1,8,7463,2977,2.3505128026918873,5.524910435618472,8.272337,0.2518808877614523
Ash1,8,7463,2978,2.368937858713644,5.611866578446786,10.507503,0.22426764269657234
Ash1,8,7463,2979,2.3918554689771496,5.720972584475899,36.07836,0.3876128674339492
Ash1,8,7463,2980,2.428131499842066,5.89582258052528,19.992203,0.32176115141393835
Ash1,8,7463,2981,3.1449861691419416,9.890938004094108,53.549934,0.29935117653968807
Ash1,8,7463,2982,2.0564567782324765,4.229014480738297,17.68251,0.2288853579048546
Ash1,8,7463,2983,2.408635110728063,5.801523096631989,17.772188,0.2431260512013997
Ash1,8,7463,2984,2.5022939161510274,6.261474842806444,35.6838,0.5961118321007232
Ash1,8,7463,2985,2.7353109155235558,7.481925804582313,30.295506,0.4145312210585053
Ash1,8,7463,2986,3.4961006011415883,12.222719413302572,84.72327,0.48098744427823037
Ash1,8,7463,2987,3.522236186113478,12.406147750767222,55.646317,0.8633132060063988
Ash1,8,7463,2988,2.7377514841015214,7.495283188700082,23.379848,0.5683875987896678
Ash1,8,7463,2989,2.751740483477353,7.5720756884081775,32.33098,0.6054288792085203
Ash1,8,7463,2990,3.2175331108336405,10.352519319310803,67.696434,0.2792757879636406
Ash1,8,7463,2991,2.7590593616764676,7.612408561254558,63.45169,0.3441627576502432
Ash1,8,7463,2992,3.1820966105491735,10.125738838868541,75.056046,0.4544247657689342
Ash1,8,7463,2993,3.159707367918185,9.983750650876464,43.222977,0.6729800781343617
Ash1,8,7463,2994,3.837459547447836,14.726095778298546,124.68523,0.6196695106622614
Ash1,8,7463,2995,3.4678467913620175,12.025961368359841,91.73437,0.6935748583474427
Ash1,8,7463,2996,3.07800053746694,9.474087308646773,74.93054,0.5901801997692901
Ash1,8,7463,2997,2.6055832455790355,6.78906404964218,39.400986,0.5663712422719889
Ash1,8,7463,2998,2.6712342900968373,7.135492632589157,49.762142,0.3734979527899046
Ash1,8,7463,2999,2.4219861201449393,5.866016766174737,59.56614,0.45327950937645967
Ash1,8,7463,3000,2.9752027610216136,8.851831469190634,39.325676,0.3843105900160205
Ash1,8,7463,3001,3.0562802099920523,9.340848721989062,85.41481,0.6796324428757577
Ash1,8,7463,3002,3.3244102434973852,11.051703467070347,96.67029,0.6018583165540734
Ash1,8,7463,3003,2.413012975557211,5.822631620207464,66.503586,0.315442108020907
Ash1,8,7463,3004,2.6778376070486356,7.170814249723962,53.9183,0.5468922673646425
Ash1,8,7463,3005,2.8997970719934645,8.408823058741872,25.976654,0.35383949963730427
Ash1,8,7463,3006,3.028924797316022,9.174385427795906,68.18356,0.36047770768376347
Ash1,8,7463,3007,4.045664773024293,16.367403455689704,128.09947,0.7949695143782909
Ash1,8,7463,3008,4.988971550429807,24.889837130998,261.91068,0.8329055408173529
Ash1,8,7463,3009,3.0606822108911,9.367775596065234,110.95586,0.7321675351493137
Ash1,8,7463,3010,2.481908283617083,6.159868728287094,15.236155,0.3481454699956145
Ash1,8,7463,3011,3.0381084759838557,9.230103111844947,22.242872,0.25177295749555123
Ash1,8,7463,3012,3.5947088871475534,12.921931983337599,105.88359,0.7202876914747065
Ash1,8,7463,3013,2.6209784113170347,6.86952783258997,57.906265,0.34668167384900167
Ash1,8,7463,3014,2.265477497264381,5.132388290611287,0.72644496,0.6073399141582112
Ash1,8,7463,3015,2.955980797866853,8.73782247735756,25.270872,0.5649106141714454
Ash1,8,7463,3016,2.745257309284327,7.536437694179023,51.615078,0.580325574229278
Ash1,8,7463,3017,2.0129545918609506,4.051986188894087,18.13853,0.054114187317314294
Ash1,8,7463,3018,1.9352366803024752,3.7451410087881447,34.898186,0.04209711327813138
Ash1,8,7463,3019,2.2432517338255327,5.03217834131126,45.24044,0.4506292082527919
Ash1,8,7463,3020,2.791219445044378,7.790905990393845,39.871628,0.37278761839934543
Ash1,8,7463,3021,3.1537693480780553,9.946261100876681,77.9415,0.6068585990756192
Ash1,8,7463,3022,3.1790821937578038,10.10656359466793,99.34349,0.2798704457635354
Ash1,8,7463,3023,2.9982371862862762,8.989426225229845,41.66835,0.4664989045398525
Ash1,8,7463,3024,2.8203334635905652,7.954280845848754,49.89494,0.39770407999428936
Ash1,8,7463,3025,2.618919064933736,6.858737068673395,82.271034,0.5819906067472966
Ash1,8,7463,3026,2.721714992730449,7.407732501653708,55.864597,0.6052316074328725
Ash1,8,7463,3027,2.9026874916564123,8.425594674218594,67.56239,0.6350351186414247
Ash1,8,7463,3028,2.9710528159339495,8.827154835069052,42.16211,0.601758827739848
Ash1,8,7463,3029,3.8250020571503596,14.630640737204482,126.45869,0.6168176970031557
Ash1,8,7463,3030,3.34018270820994,11.156820524224692,94.681366,0.5795688598340141
Ash1,8,7463,3031,2.554947345061311,6.52775593603584,56.835808,0.22631732110755798
Ash1,8,7463,3032,1.9691832521488035,3.8776826805433386,4.7361665,0.2624405920300489
Ash1,8,7463,3033,2.3157265957111695,5.362589666084042,9.539287,0.28718198465589234
Ash1,8,7463,3034,1.7823830239720462,3.176889244143737,11.046967,0.19388063888520374
Ash1,8,7463,3035,2.7048909550579046,7.316435078754061,19.961182,0.3728157294204497
Ash1,8,7463,3036,2.566779960235209,6.58835936426506,44.028183,0.5579039488960289
Ash1,8,7463,3037,2.6679330850867093,7.117866946500288,20.248215,0.45091413076569237
Ash1,8,7463,3038,3.308065494321505,10.943297314720581,79.653046,0.6492669259267064
Ash1,8,7463,3039,3.981542924370134,15.852684058601882,163.1393,0.6341070499706232
Ash1,8,7463,3040,3.770454531184178,14.216327371727301,109.52175,0.6682705563340563
Ash1,8,7463,3041,3.1884168348001976,10.166001912437308,103.357864,0.6818183614798428
Ash1,8,7463,3042,2.9188978491564743,8.51996465381029,80.88583,0.728426136418894
Ash1,8,7463,3043,2.616450152745515,6.8458114018020275,16.879185,0.46779267262981694
Ash1,8,7463,3044,2.4864458036945125,6.182412734710049,33.589535,0.43917796353124566
Ash1,8,7463,3045,2.8642372955553212,8.203855285250059,75.50725,0.5042298369750665
Ash1,8,7463,3046,3.806645600412909,14.490550727142958,95.85802,0.5518004891380597
Ash1,8,7463,3047,3.21590392159654,10.342038032940005,73.26631,0.5786016468133747
Ash1,8,7463,3048,2.1974903819948257,4.828963978959766,49.16217,0.3605028290798096
Ash1,8,7463,3049,1.9402791188811082,3.7646830591660496,11.133342,0.30703406697845315
Ash1,8,7463,3050,2.203882779982778,4.857099307904618,35.04225,0.18233644307265573
Ash1,8,7463,3051,2.102066245671711,4.418682501192363,44.750538,0.15714435575924815
Ash1,8,7463,3052,2.323158292407374,5.397064451581146,17.331213,0.23379949504364023
Ash1,8,7463,3053,3.2307718218795447,10.437886565050874,87.73482,0.6641095437584804
Ash1,8,7463,3054,3.270132509760062,10.693766631389641,79.393234,0.6690962979256481
Ash1,8,7463,3055,2.5545566645027433,6.5257597521553805,34.343887,0.24021203687664436
Ash1,8,7463,3056,2.833198590050603,8.027014250664724,67.67041,0.4439603972323949
Ash1,8,7463,3057,3.5329050660468426,12.481418205699443,150.40123,0.8007796974462699
Ash1,8,7463,3058,2.74848045433722,7.554144807873734,52.796936,0.6083559686900485
Ash1,8,7463,3059,1.8411532088475533,3.389845138449642,13.416847,0.16770528467373677
Ash1,8,7463,3060,2.6637767550586515,7.0957066007908,26.294325,0.3955826369024117
Ash1,8,7463,3061,2.3630937351570744,5.584212001138611,23.662432,0.38662187505806517
Ash1,8,7463,3062,2.373328514620212,5.632688238309382,35.66836,0.1973529662975484
Ash1,8,7463,3063,3.143424164790911,9.881115479791443,50.268387,0.5584875739773418
Ash1,8,7463,3064,2.920707608155825,8.530532932339318,95.08324,0.33907741257413043
Ash1,8,7463,3065,2.9445790567378554,8.6705458213792,81.659874,0.41098281938841685
Ash1,8,7463,3066,2.4544853592256635,6.024498378653131,58.988518,0.31464425568350474
Ash1,8,7463,3067,2.361182427431139,5.575182455609604,14.754404,0.2481569014263298
Ash1,8,7463,3068,2.5602123453663195,6.554687253366109,11.292185,0.3300506888062532
Ash1,8,7463,3069,3.519194851779779,12.384732404793297,87.383965,0.5347854161837543
Ash1,8,7463,3070,2.459211451111816,6.047720961279484,59.294464,0.3540215990863911
Ash1,8,7463,3071,1.9225489077577003,3.696194302720326,14.469374,0.2006385878409612
Ash1,8,7463,3072,1.9580171975964378,3.8338313460834086,21.75872,0.18570187414186745
Ash1,8,7463,3073,2.2934928215518333,5.2601093225097895,14.727491,0.32983297930934996
Ash1,8,7463,3074,2.0575143281373633,4.233365210490545,10.877264,0.16772086421178486
Ash1,8,7463,3075,2.944571689305087,8.670502433457019,75.95993,0.40322071200421716
Ash1,8,7463,3076,3.3156741299327988,10.99369493590562,100.57772,0.7048292662346438
Ash1,8,7463,3077,3.4792920450633655,12.105473134841217,125.57448,0.6329802622293668
Ash1,8,7463,3078,3.5842787856542335,12.847054413290984,62.18356,0.6364320876333625
Ash1,8,7463,3079,2.952498442703035,8.717247054163844,47.390877,0.6128550668459998
Ash1,8,7463,3080,2.6091665639175794,6.807750158265468,45.78446,0.6081947572287983
Ash1,8,7463,3081,2.879059217847593,8.288981979873196,67.54739,0.4857069836828073
Ash1,8,7463,3082,3.387431754594141,11.47469389203274,70.60742,0.4579362536365105
Ash1,8,7463,3083,2.8329616098018566,8.025671482611125,50.44121,0.396238030507187
Ash1,8,7463,3084,2.734999111537331,7.480220140109993,64.13194,0.492958164614414
Ash1,8,7463,3085,2.99975863068441,8.998551842365606,74.808945,0.7057483866638736
Ash1,8,7463,3086,4.037727443029069,16.303242904190064,87.05195,0.7029385195503393
Ash1,8,7463,3087,2.816826947574303,7.934514052580766,47.86365,0.556995898349694
Ash1,8,7463,3088,2.005334237297693,4.02136540327832,20.15033,0.1324218957148513
Ash1,8,7463,3089,3.321946051749968,11.0353255707372,93.34903,0.31918906203863895
Ash1,8,7463,3090,3.515499061761363,12.358733653245022,59.816025,0.654659828076522
Ash1,8,7463,3091,3.0526415942316127,9.318620702832924,28.425732,0.5083947641778568
Ash1,8,7463,3092,2.137367365197195,4.568339253809998,18.465664,0.38582019803164186
Ash1,8,7463,3093,2.3881552447573027,5.703285473061815,42.124065,0.4617056422522304
Ash1,8,7463,3094,3.257924809075329,10.614074061588523,72.842384,0.6739755272093718
Ash1,8,7463,3095,3.235711910724138,10.46983156920205,48.040672,0.6327015504035188
Ash1,8,7463,3096,2.9700604974471045,8.821259358495741,40.78253,0.6209914096549227
Ash1,8,7463,3097,2.3934425717555947,5.728567344292034,24.590588,0.49983933448692486
Ash1,8,7463,3098,2.6973679374312036,7.275793789881867,14.314594,0.3184399932754958
Ash1,8,7463,3099,2.880503231600378,8.29729886726022,27.333939,0.43719311043838227
Ash1,8,7463,3100,2.339560454958788,5.47354312240697,28.780481,0.5077638282092253
Ash1,8,7463,3101,2.7091813663010145,7.3396636755126305,38.820564,0.1553485961622378
Ash1,8,7463,3102,2.3226295529255565,5.39460804012317,20.502407,0.32749885936948187
Ash1,8,7463,3103,3.0457487895966553,9.276585689329492,41.4929,0.6649594705576003
Ash1,8,7463,3104,3.128089862451374,9.784946187571059,83.44906,0.6247903098384062
Ash1,8,7463,3105,3.0113031887402664,9.067946894517295,42.537388,0.49383776258380574
Ash1,8,7463,3106,2.5004564413020276,6.2522824148488,25.33163,0.317450713961839
Ash1,8,7463,3107,1.9327477773661978,3.735513970913979,7.551354,0.14022563752054334
Ash1,8,7463,3108,2.222226627240708,4.93829118281761,4.0657773,0.3821810056340157
Ash1,8,7463,3109,2.754823974560004,7.589055130810576,43.158043,0.5033987524982435
Ash1,8,7463,3110,2.6660050221621576,7.107582778193845,36.686287,0.5287541025291839
Ash1,8,7463,3111,3.6047763259433063,12.994412360081323,79.99042,0.4635359716769937
Ash1,8,7463,3112,3.14180037045627,9.870909567799158,34.05007,0.6477945928192639
Ash1,8,7463,3113,2.438832010422248,5.947901575060224,52.415913,0.3769631491352987
Ash1,8,7463,3114,2.869577142347336,8.234472975882303,34.28512,0.6294950130770874
Ash1,8,7463,3115,2.637813420787916,6.9580596428888475,39.121708,0.3812593015627332
Ash1,8,7463,3116,2.3505357404162135,5.525018266973997,23.399231,0.5624687460391057
Ash1,8,7463,3117,2.4590748321943177,6.047049030331509,58.68872,0.352790745223638
Ash1,8,7463,3118,3.1658778523416102,10.022782575947128,100.322395,0.5655266174705157
Ash1,8,7463,3119,2.537355234777278,6.438171587451654,50.134033,0.3626233789829779
Ash1,8,7463,3120,3.1550319543956262,9.954226633257486,119.734116,0.3609880481785961
Ash1,8,7463,3121,3.8169695515728077,14.569256557633917,182.36006,0.6434975888271396
Ash1,8,7463,3122,3.907124553405552,15.265622275824533,134.81354,0.7072942104240179
Ash1,8,7463,3123,2.74669689066302,7.5443438091779,28.799896,0.20548312440860764
Ash1,8,7463,3124,2.2554365420793054,5.0869939953466545,11.997654,0.11073918924161846
Ash1,8,7463,3125,2.2170507276106557,4.915313928798938,3.2536497,0.20309492500917659
Ash1,8,7463,3126,2.0145507461878815,4.0584147089661515,18.869349,0.0929883206654189
Ash1,8,7463,3127,2.3693819345675644,5.613970751855134,11.36693,0.15505304905705808
Ash1,8,7463,3128,1.8016824827111186,3.246059768508101,6.8126183,0.06639758793028394
Ash1,8,7463,3129,2.342139719825458,5.485618467184074,29.315735,0.33528144040231533
Ash1,8,7463,3130,2.5081830320079574,6.29098212205263,56.899,0.38509912207618124
Ash1,8,7463,3131,2.343857656446768,5.493668713684133,57.180275,0.5060954531429614
Ash1,8,7463,3132,2.459159567259259,6.047465777242748,31.426105,0.19509732079822528
Ash1,8,7463,3133,2.7831463255614466,7.745903469486181,35.67504,0.3208620355602081
Ash1,8,7463,3134,2.2963206873706015,5.273088699246192,51.949173,0.26402818622342233
Ash1,8,7463,3135,2.8295797700099428,8.006521674849518,65.198975,0.6114083400258494
Ash1,8,7463,3136,2.6335863083807993,6.9357768436908085,39.12355,0.2566750166174301
Ash1,8,7463,3137,2.3499440089697052,5.5222368452926105,7.0855775,0.46699901540771405
Ash1,8,7463,3138,2.5157021090128704,6.328757101291803,6.9729567,0.252301040035914
Ash1,8,7463,3139,2.3421185135058824,5.485519131307005,23.762367,0.17544630413570367
Ash1,8,7463,3140,2.5629727069246706,6.568829096440774,35.59394,0.3253061515241664
Ash1,8,7463,3141,3.3419896923559356,11.16889510381332,116.26142,0.726356561073094
Ash1,8,7463,3142,4.295781331963875,18.453737252049322,136.40881,0.6946140107407351
Ash1,8,7463,3143,3.0159422425864935,9.095907610617648,59.614162,0.6408417415278165
Ash1,8,7463,3144,2.5746417008136984,6.628779887568853,69.83884,0.3259644791691164
Ash1,8,7463,3145,2.5076520667738733,6.288318887995279,44.760254,0.3039892141560598
Ash1,8,7463,3146,3.100079800172281,9.61049476743621,101.4868,0.4060730183791149
Ash1,8,7463,3147,3.586498163954824,12.862969080051323,83.64597,0.6868348044913909
Ash1,8,7463,3148,3.4324279086852765,11.781561348321583,94.62895,0.6196887785738441
Ash1,8,7463,3149,3.4413457687101277,11.8428606998191,93.05435,0.5986815435607862
Ash1,8,7463,3150,2.50529841385506,6.276520142464677,38.46918,0.37494956297129134
Ash1,8,7463,3151,3.103754861074965,9.633294237646476,62.374805,0.6905888063411548
Ash1,8,7463,3152,3.314928372367792,10.988750113928974,106.22769,0.719857249527617
Ash1,8,7463,3153,3.1002885046252677,9.611788811911579,108.55891,0.7324268341372442
Ash1,8,7463,3154,2.3558609670159747,5.550080895909442,39.074627,0.6217298263335572
Ash1,8,7463,3155,2.1893393872409983,4.79320695252479,8.552934,0.2569145160134595
Ash1,8,7463,3156,2.5700397639009096,6.605104388031842,24.247604,0.5221009292521676
Ash1,8,7463,3157,2.1929955306861437,4.809229397609402,12.56934,0.2260810489439764
Ash1,8,7463,3158,2.7590190038453444,7.612185863579759,22.187918,0.4208091917402747
Ash1,8,7463,3159,3.758165716565255,14.123809553166437,79.35749,0.7315912888928819
Ash1,8,7463,3160,3.29827450108187,10.878614684486859,110.27025,0.82438665091434
Ash1,8,7463,3161,2.442707896659544,5.9668218684028895,54.110214,0.4627376618163801
Ash1,8,7463,3162,2.4920227762756553,6.210177517476625,32.727665,0.26625614653644536
Ash1,8,7463,3163,3.0088722315553453,9.053312105824846,52.616814,0.5799981518869424
Ash1,8,7463,3164,3.219394192864625,10.364498969050471,111.42956,0.6876151697877643
Ash1,8,7463,3165,3.325030864567338,11.055830250325421,58.98434,0.7695036234822471
Ash1,8,7463,3166,2.8960735972084612,8.387242280447955,71.705,0.2691459739203525
Ash1,8,7463,3167,2.7234457633585407,7.417156825955584,63.286465,0.5794196135186604
Ash1,8,7463,3168,2.951042953615133,8.708654514081527,75.33236,0.5582818930531707
Ash1,8,7463,3169,2.4910836347297587,6.205497675218425,25.222223,0.4615230757262879
Ash1,8,7463,3170,2.2151998073965036,4.907110186689507,37.200188,0.13119677376871502
Ash1,8,7463,3171,1.8084422965134994,3.2704635398190196,7.818346,0.10546655150927811
Ash1,8,7463,3172,2.921704743092867,8.536358605811357,30.77049,0.4226068381938296
Ash1,8,7463,3173,2.7654461195801305,7.647692240300799,12.8390255,0.3213902538836412
Ash1,8,7463,3174,2.447473569104553,5.990126871465377,9.320835,0.43901885260337886
Ash1,8,7463,3175,2.9981774772495293,8.989068185086353,21.336775,0.40085794171935507
Ash1,8,7463,3176,3.401585225940584,11.570782049337254,45.58821,0.5750576413824103
Ash1,8,7463,3177,2.7850972831564964,7.756766876645696,86.64635,0.5267208079875014
Ash1,8,7463,3178,2.843247508709979,8.084056395785499,40.350273,0.3171508544679198
Ash1,8,7463,3179,2.237674771125585,5.0071883813319396,18.946514,0.1633442007714067
Ash1,8,7463,3180,2.3753644814327206,5.6423564196521365,14.124718,0.42374512976088696
Ash1,8,7463,3181,2.498244248695544,6.241224326140362,43.625248,0.6280495659311375
Ash1,8,7463,3182,2.836544525528255,8.045984845304313,61.259106,0.44479241860862306
Ash1,8,7463,3183,2.7218575194761754,7.408508356328999,50.853592,0.2908580493541171
Ash1,8,7463,3184,1.9253049612107098,3.7067991936625724,15.524303,0.4006112298275339
Ash1,8,7463,3185,2.4567806078796415,6.035770955253461,59.212902,0.5561065041671814
Ash1,8,7463,3186,3.162992118757654,10.004519143323032,35.29623,0.5366708177534754
Ash1,8,7463,3187,2.422838366424133,5.87014574981676,37.06658,0.3425480804899059
Ash1,8,7463,3188,2.180931636835302,4.756462804549108,26.315668,0.32252744818670764
Ash1,8,7463,3189,1.923058759508547,3.6981549925225505,3.637771,0.18969767810673516
Ash1,8,7463,3190,2.521659402406441,6.35876614174481,24.338322,0.17112414905108403
Ash1,8,7463,3191,2.3688307045037886,5.611358906599916,68.82914,0.39525810447522014
Ash1,8,7463,3192,2.4234372133822197,5.873047927205779,9.135956,0.34371735805090065
Ash1,8,7463,3193,3.0264327282148433,9.15929505840994,55.419724,0.6870341837761971
Ash1,8,7463,3194,3.0576111161271995,9.348985737464618,87.89877,0.5327689694790528
Ash1,8,7463,3195,3.2123182326618633,10.31898842789184,45.790787,0.3611659534952265
Ash1,8,7463,3196,2.7529888003358147,7.578947334774429,41.231194,0.3804384020015649
Ash1,8,7463,3197,2.9187719524943145,8.51922971066747,108.21521,0.47528516880734195
Ash1,8,7463,3198,3.7785707160452304,14.277596656154564,109.42418,0.7480057321933979
Ash1,8,7463,3199,3.3567994715762364,11.268102692374502,111.78415,0.7421846544536653
Ash1,8,7463,3200,3.0840070533619497,9.511099505186255,76.915764,0.30026277990264644
Ash1,8,7463,3201,3.8053772853920362,14.480896284177659,140.56232,0.7525689381423006
Ash1,8,7463,3202,3.0604531659968917,9.366373581260401,55.09152,0.5217908919487837
Ash1,8,7463,3203,2.5920219438440917,6.718577757369303,54.422638,0.35033071896070167
Ash1,8,7463,3204,2.9331668563439357,8.603467807154566,38.43681,0.7521514949267631
Ash1,8,7463,3205,3.4800940417134765,12.111054539169638,95.53447,0.7256692194234967
Ash1,8,7463,3206,3.409536026932092,11.624935918947877,96.44426,0.6628480356785988
Ash1,8,7463,3207,2.4021540361401867,5.770344013344589,45.127167,0.5392685867793108
Ash1,8,7463,3208,3.2627496855233336,10.645535510382615,21.582888,0.37426032502314444
Ash1,8,7463,3209,2.635769346937396,6.9472800502547845,76.75304,0.5389907410795914
Ash1,8,7463,3210,3.383588830889312,11.4486733765189,35.4477,0.3484146538613187
Ash1,8,7463,3211,2.729910870792512,7.452413362471133,24.823566,0.31610592969367707
Ash1,8,7463,3212,2.6136394998005543,6.831111434917693,71.22707,0.3724638766182412
Ash1,8,7463,3213,2.2823714323696733,5.209219355297196,54.65908,0.21691776996812048
Ash1,8,7463,3214,2.5330487891080127,6.416336168001567,17.904514,0.29932320543434887
Ash1,8,7463,3215,2.264599245322168,5.128409741913732,1.1406875,0.36324853727128004
Ash1,8,7463,3216,1.9921461168469572,3.9686461508684103,10.027157,0.2686590593957134
Ash1,8,7463,3217,2.282135953688515,5.208144511117791,19.131853,0.344263448961159
Ash1,8,7463,3218,1.9873988247794132,3.949754088734593,9.657155,0.048167833917111
Ash1,8,7463,3219,2.3905458671096604,5.714709542755079,29.282658,0.16326006593510006
Ash1,8,7463,3220,2.2146453667036203,4.904654100261812,2.3947937,0.3495031472650176
Ash1,8,7463,3221,2.146994134186323,4.609583812230476,33.95329,0.2170135349387969
Ash1,8,7463,3222,2.0148800316789255,4.059741542058466,35.053223,0.2677350772103446
Ash1,8,7463,3223,2.1165699194903733,4.4798682240914856,33.530605,0.20162880049589993
Ash1,8,7463,3224,2.193121014624471,4.80977978478747,30.026455,0.3519073135342309
Ash1,8,7463,3225,2.21992392253293,4.92806222183399,31.800394,0.21779394291999019
Ash1,8,7463,3226,3.0110769102343515,9.066584159346451,31.082655,0.43594439881899016
Ash1,8,7463,3227,2.3371398575217888,5.462222713616967,38.352318,0.32203199821033923
Ash1,8,7463,3228,1.9929648548014705,3.971908912473847,2.9618647,0.19257866908773236
Ash1,8,7463,3229,2.8988669000965386,8.403429304475313,43.702854,0.5731719746333692
Ash1,8,7463,3230,3.722586195381188,13.857647982042586,121.11985,0.6349711201620706
Ash1,8,7463,3231,2.58837575702355,6.699689059547235,81.0732,0.3769993770845056
Ash1,8,7463,3232,3.18902554408267,10.16988392081177,77.48687,0.7160094267127782
Ash1,8,7463,3233,3.7139373384825722,13.79333055417501,134.90294,0.6745625287182981
Ash1,8,7463,3234,3.820535967154108,14.59649507631818,131.0126,0.6463558220375429
Ash1,8,7463,3235,3.0895699613342438,9.54544254597888,84.72672,0.5841133066480373
Ash1,8,7463,3236,2.0256683707550773,4.103332348277529,43.682755,0.37401131407242616
Ash1,8,7463,3237,3.073360599651944,9.445545375492957,78.505165,0.44712763184490856
Ash1,8,7463,3238,2.936573353288344,8.623463059243154,57.995308,0.5374054115126422
Ash1,8,7463,3239,2.165387089825526,4.6889012487830595,27.92263,0.15038701723593814
Ash1,8,7463,3240,1.9878556721312686,3.9515701732244572,32.36812,0.13816054782268763
Ash1,8,7463,3241,2.1997934051207384,4.839091025212695,31.914446,0.39252488683414277
Ash1,8,7463,3242,3.7121460782511333,13.78002850627527,148.02074,0.5944985845989184
Ash1,8,7463,3243,3.668147980743935,13.455309608635808,134.54459,0.7698619988091815
Ash1,8,7463,3244,2.565238471612634,6.5804484162415235,59.976974,0.5429749878654269
Ash1,8,7463,3245,2.1266679805111828,4.522716699331513,24.775331,0.41600698681974735
Ash1,8,7463,3246,3.0070392449886367,9.042285020901828,120.608734,0.6738956021176459
Ash1,8,7463,3247,2.5737258941309844,6.624064978120336,75.472626,0.5270565717825993
Ash1,8,7463,3248,3.0320181958204637,9.193134339786381,64.33985,0.3675201960703349
Ash1,8,7463,3249,2.8458667513489777,8.098957566433583,35.27131,0.19107785335671512
Ash1,8,7463,3250,2.8367051675933364,8.046896207850738,37.333637,0.57873716372119
Ash1,8,7463,3251,2.962750827882298,8.777892468117242,60.46862,0.39513244884676624
Ash1,8,7463,3252,2.367760597097658,5.606290245168257,52.955803,0.3118118280157662
Ash1,8,7463,3253,2.490404386837346,6.202114009978698,24.679821,0.2876233276382944
Ash1,8,7463,3254,3.0707925127131586,9.429766656135191,139.25905,0.7247975347969682
Ash1,8,7463,3255,2.748502214566638,7.554264423477712,70.659294,0.4880509866765861
Ash1,8,7463,3256,2.955179218749677,8.733084214929953,58.961105,0.486705112524348
Ash1,8,7463,3257,3.06409851732745,9.388699723888278,84.7775,0.6684298435158821
Ash1,8,7463,3258,3.8692000244155076,14.970708828936964,82.48982,0.8179329331698504
Ash1,8,7463,3259,2.93962083445104,8.641370650338626,94.2,0.6893584974646698
Ash1,8,7463,3260,2.3484434671677814,5.515186718483031,51.41254,0.2882275473174159
Ash1,8,7463,3261,2.3227913776539815,5.395359784103681,31.629238,0.43288586768428283
Ash1,8,7463,3262,2.591832936797954,6.717597972270707,54.437866,0.38641042661933384
Ash1,8,7463,3263,3.478998673639067,12.103431771182384,161.42505,0.7382208294141765
Ash1,8,7463,3264,3.8749835812585562,15.015497755023386,122.72958,0.7552187704881559
Ash1,8,7463,3265,3.6156356803540386,13.07282137304921,94.802185,0.6391106913050867
Ash1,8,7463,3266,2.821369956287576,7.960128430242159,54.79192,0.4556309038764643
Ash1,8,7463,3267,3.303416097327024,10.912557912079306,113.589966,0.7479889654441251
Ash1,8,7463,3268,2.9672288367724446,8.804446969773956,61.056824,0.65103702259024
Ash1,8,7463,3269,2.6608110464976806,7.079915425164083,37.11063,0.2831183104739857
Ash1,8,7463,3270,2.3951601562606637,5.73679217413861,31.181751,0.287203828737572
Ash1,8,7463,3271,2.8929185571589695,8.368977778354735,50.904453,0.5937212567071848
Ash1,8,7463,3272,2.6121268883651285,6.823206880920088,59.15878,0.426709617451449
Ash1,8,7463,3273,3.069222946931364,9.420129497970043,53.005043,0.5456914954686722
Ash1,8,7463,3274,2.8019862495586008,7.8511269427154735,71.11334,0.4830946219534968
Ash1,8,7463,3275,2.596043253666936,6.739440574909611,43.255714,0.5087165100781138
Ash1,8,7463,3276,3.190478423612028,10.179152571533889,61.197235,0.6866784839830924
Ash1,8,7463,3277,3.107934239786352,9.659255238836367,64.97362,0.59847374973487
Ash1,8,7463,3278,2.9143012236321537,8.49315162206387,43.319214,0.54140122294872
Ash1,8,7463,3279,3.3025891701973906,10.907095227105088,35.704082,0.5440443251281272
Ash1,8,7463,3280,2.4141656294358524,5.828195686349407,16.847645,0.3171120154833209
Ash1,8,7463,3281,2.3886189022555904,5.705500260212701,19.26052,0.2577023083243029
Ash1,8,7463,3282,3.030521007631774,9.184057577697503,94.87234,0.36429418809509195
Ash1,8,7463,3283,2.5364773669328153,6.433717432962429,32.657745,0.375461845730863
Ash1,8,7463,3284,2.581274005644784,6.662975492217469,55.238644,0.32753217842505494
Ash1,8,7463,3285,2.7942546678439397,7.807859148767646,68.371284,0.7571472521710021
Ash1,8,7463,3286,3.0786470251397895,9.478067505402073,38.63267,0.26368696475457126
Ash1,8,7463,3287,2.358331642484331,5.561728135942842,10.655592,0.18669610232214373
Ash1,8,7463,3288,2.785278391896532,7.757775720365732,28.794683,0.3763295278693686
Ash1,8,7463,3289,2.2054934346413373,4.8642012902460445,39.035755,0.22511207847577053
Ash1,8,7463,3290,2.8853327718141246,8.325145204104578,63.607777,0.5924072822254318
Ash1,8,7463,3291,3.333946306938768,11.11519797755065,52.780163,0.30534930023296086
Ash1,8,7463,3292,2.876383982137396,8.273584812696582,55.28302,0.6052128844368111
Ash1,8,7463,3293,2.911934065476781,8.479360001684134,38.81486,0.5273359249205121
Ash1,8,7463,3294,2.51433080770809,6.321859410590017,31.942514,0.2641656789560561
Ash1,8,7463,3295,2.5454374657150507,6.479251891865861,28.711914,0.2821049769377787
Ash1,8,7463,3296,2.6899058259240953,7.23559335234039,33.169098,0.20757628272830148
Ash1,8,7463,3297,2.4587316008038558,6.045361084791493,45.866615,0.2563469755986082
Ash1,8,7463,3298,2.35707410960302,5.555798358160867,46.017025,0.2251272273085248
Ash1,8,7463,3299,1.9851656295460978,3.9408825767311537,26.267342,0.2374526665424015
Ash1,8,7463,3300,2.000448545849771,4.001794384592465,5.8536334,0.18284840931166088
Ash1,8,7463,3301,2.278837905642286,5.19310220019212,2.6078167,0.210447280621761
Ash1,8,7463,3302,2.1745666893089,4.728740286251871,25.257034,0.1781073789064005
Ash1,8,7463,3303,2.8144414419074613,7.9210806299261485,46.24027,0.4932773189657902
Ash1,8,7463,3304,3.1109790506150037,9.67819065336543,34.37046,0.32802424970779476
Ash1,8,7463,3305,2.5063182126464394,6.281630983043242,36.44688,0.37039613852701425
Ash1,8,7463,3306,2.9226695046027484,8.541997033134876,72.59292,0.39699991362267306
Ash1,8,7463,3307,2.803619934777966,7.860284738684404,57.88084,0.7072909559690889
Ash1,8,7463,3308,3.2119577635411107,10.316672674772015,43.817825,0.24785365354193295
Ash1,8,7463,3309,2.197429601446417,4.828696853312958,31.688053,0.353972166158116
Ash1,8,7463,3310,2.004482722651703,4.017950985409183,7.2153153,0.07091711614903762
Ash1,8,7463,3311,2.2058815575086994,4.8659134457570055,17.42802,0.08905432738362358
Ash1,8,7463,3312,2.4295261790457023,5.902597454668409,45.80837,0.5230092469804967
Ash1,8,7463,3313,3.2981018424334407,10.877475763062852,57.5555,0.4539462961959102
Ash1,8,7463,3314,2.812690494830365,7.9112278197090795,48.643723,0.47349827206569295
Ash1,8,7463,3315,3.389849859247307,11.491082068238986,144.00827,0.6080272343785009
Ash1,8,7463,3316,3.0112288836394496,9.067499389664487,36.089996,0.40740335078627654
Ash1,8,7463,3317,3.1644891811302345,10.0139917774903,95.82913,0.6611446585116242
Ash1,8,7463,3318,2.574626993157696,6.628704153896239,66.320015,0.4544329179423402
Ash1,8,7463,3319,1.8647335320434666,3.4772311455273024,28.718403,0.32129707251483197
Ash1,8,7463,3320,2.7540039957170404,7.584538008425423,44.98488,0.5463541185640601
Ash1,8,7463,3321,2.24111387071022,5.022591381489745,12.71373,0.2921060800895097
Ash1,8,7463,3322,2.22686731971373,4.958938059609013,42.77463,0.3082779872051154
Ash1,8,7463,3323,2.8145942634216246,7.921940867685918,41.35892,0.5929320816907114
Ash1,8,7463,3324,3.2134939720947306,10.326543508689166,28.396873,0.5982637728654666
Ash1,8,7463,3325,2.5984347005598205,6.751862893073404,66.435356,0.6065808693484853
Ash1,8,7463,3326,3.1099612080966312,9.671858715865861,69.65452,0.4213753694083462
Ash1,8,7463,3327,3.272356755313357,10.708318734044962,34.343464,0.7395094293892368
Ash1,8,7463,3328,2.356630850175092,5.553708963996978,32.093052,0.4179920143348439
Ash1,8,7463,3329,2.5409952121558983,6.456656668199199,41.19215,0.36504579864579334
Ash1,8,7463,3330,2.840601768211985,8.069018405569055,9.833063,0.3048556915987381
Ash1,8,7463,3331,2.058152592613495,4.235992094481652,11.957885,0.22290705487384477
Ash1,8,7463,3332,2.657070709383874,7.060024754665723,61.44804,0.5036139458442588
Ash1,8,7463,3333,2.6969914106412043,7.2737626690724335,18.347878,0.5882091449295364
Ash1,8,7463,3334,2.7597722779631693,7.61634302621402,61.84172,0.5264679670692047
Ash1,8,7463,3335,3.3520338705419492,11.236131069260443,80.79346,0.521308609295487
Ash1,8,7463,3336,2.316139616201513,5.364502721738093,32.81436,0.457845025064652
Ash1,8,7463,3337,2.625487646011806,6.893185379360614,49.95471,0.19044683342444824
Ash1,8,7463,3338,3.0207935052697756,9.12519340148006,56.54618,0.6875786882495364
Ash1,8,7463,3339,3.3727271335208484,11.37528831718776,114.15149,0.5772400169833225
Ash1,8,7463,3340,3.455812881596411,11.94264267260769,114.67447,0.7433784812684687
Ash1,8,7463,3341,3.837335974979776,14.725147384873987,144.137,0.7987300601186524
Ash1,8,7463,3342,2.9263527542486814,8.563540442298844,86.838806,0.605092967328911
Ash1,8,7463,3343,2.6015148273130584,6.767879396729694,34.395226,0.562747173159563
Ash1,8,7463,3344,3.6767502494338125,13.518492396711602,146.06334,0.7513769517568855
Ash1,8,7463,3345,3.4924594068928565,12.197272708794404,93.050735,0.7193383258124688
Ash1,8,7463,3346,2.6676541276320855,7.116378544672505,24.900291,0.4006045701997623
Ash1,8,7463,3347,3.0795268698709837,9.483485742257377,75.055664,0.5527617355664096
Ash1,8,7463,3348,3.5743024102144014,12.775637719664477,81.35386,0.7270681661057943
Ash1,8,7463,3349,2.790670357959712,7.787841046794989,59.54393,0.389319054809099
Ash1,8,7463,3350,1.9694798977526433,3.878851067651761,16.217556,0.23480373301916696
Ash1,8,7463,3351,2.1456671578524125,4.603887552286449,4.1228123,0.17366024110571887
Ash1,8,7463,3352,2.4272755354586137,5.891666525035899,35.815964,0.20133439445900686
Ash1,8,7463,3353,2.255835723516135,5.088794811491564,13.276668,0.2858080370411348
Ash1,8,7463,3354,2.7302439625029877,7.454232094784015,48.268337,0.42263392351611695
Ash1,8,7463,3355,3.1221134960103862,9.747592681970199,77.147446,0.7333277840800638
Ash1,8,7463,3356,3.2373684010391686,10.480554164046902,110.91043,0.49947453690589727
Ash1,8,7463,3357,2.5987182499557573,6.753336542653115,25.111912,0.39607924550018003
Ash1,8,7463,3358,2.288314758859589,5.236384435614619,5.8342037,0.31810253330518995
Ash1,8,7463,3359,2.4310819678739346,5.910159534521803,14.936982,0.3070659462006492
Ash1,8,7463,3360,3.1904092644089945,10.178711274426739,61.81388,0.2810354171148827
Ash1,8,7463,3361,2.67172065825969,7.138091275771591,80.18024,0.4700018691938664
Ash1,8,7463,3362,3.5930640177270443,12.91010903548481,107.93236,0.6796581120362158
Ash1,8,7463,3363,3.446210036252652,11.876363613968504,101.29509,0.5003436341676195
Ash1,8,7463,3364,2.54944796082346,6.499684904946899,57.24386,0.5938930047766782
Ash1,8,7463,3365,3.9119674190261913,15.303489087522443,116.51411,0.6662562470627422
Ash1,8,7463,3366,4.0134404185536985,16.107703993280495,166.609,0.8347665088650217
Ash1,8,7463,3367,3.911466424030245,15.299569586315956,143.37888,0.790612436416084
Ash1,8,7463,3368,3.832184610069715,14.685638885655177,100.2542,0.7689811841913388
Ash1,8,7463,3369,2.8436672798855915,8.086443598691918,17.774908,0.48354021119991764
Ash1,8,7463,3370,2.5536044458187654,6.520895665705363,23.216003,0.12032806943472124
Ash1,8,7463,3371,3.199460614256629,10.236548222179405,89.29979,0.36398187289319656
Ash1,8,7463,3372,2.362399816006557,5.580932890667815,8.982504,0.6313090512673055
Ash1,8,7463,3373,2.8345500975274627,8.03467425539295,64.62449,0.45009728442090546
Ash1,8,7463,3374,2.6318407961102253,6.926585976070104,44.092495,0.4118965903573394
Ash1,8,7463,3375,2.815581152022256,7.927497223622974,45.89566,0.536513276280222
Ash1,8,7463,3376,2.6722637833882645,7.140993728008564,48.918934,0.24005091460519679
Ash1,8,7463,3377,2.4417264819301185,5.9620282125588355,23.246956,0.3121173920367481
Ash1,8,7463,3378,2.8699828641082354,8.236801640274908,98.46873,0.6580935038703437
Ash1,8,7463,3379,3.318254119425098,11.010810401081628,102.28818,0.6894927315778684
Ash1,8,7463,3380,3.7536559915822822,14.089933303141564,150.1933,0.733574030896101
Ash1,8,7463,3381,3.9707760590600736,15.767062511204642,82.80295,0.6992793541454609
Ash1,8,7463,3382,3.425924944419485,11.736961724795654,108.00789,0.6415081225915923
Ash1,8,7463,3383,2.694352137649414,7.259533441655964,45.096153,0.2602213034008055
Ash1,8,7463,3384,2.162126151657331,4.67478949568054,16.512955,0.14087016800725227
Ash1,8,7463,3385,2.3746091428421265,5.638768581269418,44.794296,0.2982845107633921
Ash1,8,7463,3386,2.7422027956454675,7.519676172445819,62.00031,0.3263122877717314
Ash1,8,7463,3387,2.5662608355739285,6.585694676200596,40.44368,0.3680621231952773
Ash1,8,7463,3388,2.036336793035483,4.146667534670035,33.488213,0.37368321826053524
Ash1,8,7463,3389,2.130837258475721,4.540467422108325,7.8002462,0.17371132982389004
Ash1,8,7463,3390,2.3402557727953925,5.47679708210216,8.539355,0.5923594039155212
Ash1,8,7463,3391,2.9221793335503343,8.539132057428674,25.530052,0.5216218547693461
Ash1,8,7463,3392,2.684751607033146,7.207891191467058,46.855854,0.5286609158956006
Ash1,8,7463,3393,2.7709098268526686,7.67794126854869,49.36107,0.5783002400075812
Ash1,8,7463,3394,3.0959393192700913,9.584840268602557,106.14199,0.43766284895233637
Ash1,8,7463,3395,2.9765205199391986,8.859674405619115,60.960453,0.43533288102513124
Ash1,8,7463,3396,2.892074433253051,8.364094527475956,28.444683,0.5764481062899823
Ash1,8,7463,3397,2.8997327235786465,8.408449868192836,82.067955,0.4415610249658537
Ash1,8,7463,3398,3.1243147633238353,9.761342740323272,45.92547,0.7193167018426967
Ash1,8,7463,3399,2.2487991980668083,5.057097833225919,19.95256,0.21062289611049176
Ash1,8,7463,3400,2.162252208016125,4.675334611070606,25.871853,0.1494404544465508
Ash1,8,7463,3401,3.8480979679818494,14.807857971186039,111.132095,0.7896364592610645
Ash1,8,7463,3402,3.1805547172019626,10.11592830911565,48.88836,0.6017515748327322
Ash1,8,7463,3403,2.608284159217173,6.803146255223235,68.6956,0.6174382471357845
Ash1,8,7463,3404,2.9569834666186794,8.743751221856224,89.607086,0.45900824744284463
Ash1,8,7463,3405,2.8635121064625713,8.199701583857712,61.20618,0.6653512425172998
Ash1,8,7463,3406,2.3354784938859225,5.454459795403658,35.1837,0.22972257148698982
Ash1,8,7463,3407,2.371948504606327,5.6261397085041915,37.937515,0.13769052580069652
Ash1,8,7463,3408,2.707190078289562,7.328878119989446,18.435099,0.2463285145247356
Ash1,8,7463,3409,2.806140977695562,7.874427186702204,64.30236,0.26789737486197224
Ash1,8,7463,3410,2.504903565510541,6.274541872507421,3.2108996,0.43139860057406654
Ash1,8,7463,3411,2.6794209445685118,7.1792965981924155,31.518528,0.5723820368174294
Ash1,8,7463,3412,3.1894914350077928,10.172855613988066,48.928223,0.6438755433782007
Ash1,8,7463,3413,2.5551564933954993,6.528824705741184,23.736042,0.5561086754204815
Ash1,8,7463,3414,2.5356081670364166,6.429308776741776,52.643814,0.6182595454128871
Ash1,8,7463,3415,2.142220913889918,4.589110443907356,11.472864,0.4397053647367605
Ash1,8,7463,3416,2.481053169448754,6.155624829631709,48.711086,0.3382514402604738
Ash1,8,7463,3417,3.1536051817409634,9.945225642303456,68.27467,0.4107529478213625
Ash1,8,7463,3418,4.228294676609523,17.87847587224443,152.5721,0.8736784673901875
Ash1,8,7463,3419,4.203053687767035,17.665660302252068,195.43231,0.6998921608756963
Ash1,8,7463,3420,3.3282039710935796,11.07694167320307,100.36073,0.6600773841962345
Ash1,8,7463,3421,1.970363657528817,3.8823329429103386,22.030558,0.2149444527555952
Ash1,8,7463,3422,2.180851257464758,4.756112207185617,21.725372,0.19869689093037574
Ash1,8,7463,3423,2.4963463818870566,6.231745258360598,51.880676,0.3694583017857341
Ash1,8,7463,3424,2.7995284429147684,7.837359502688785,31.605322,0.21624885236015656
Ash1,8,7463,3425,2.2270340482620727,4.959680652118556,18.788267,0.21215059680153614
Ash1,8,7463,3426,1.9859937905538974,3.9441713361186372,12.668903,0.2379612748388166
Ash1,8,7463,3427,2.017071169033122,4.068576100944645,27.876392,0.27759150657318565
Ash1,8,7463,3428,2.950653218261582,8.706354414437433,55.497948,0.5729036930109426
Ash1,8,7463,3429,2.8309355312983646,8.014195982367552,36.654778,0.6335134299076594
Ash1,8,7463,3430,3.4125387298045147,11.645420582415811,101.216835,0.5494280565156103
Ash1,8,7463,3431,3.133065801810732,9.81610131847592,88.184,0.5045111142208745
Ash1,8,7463,3432,2.7910869627416366,7.790166433586337,57.34641,0.6027623034596472
Ash1,8,7463,3433,3.293024964629429,10.844013417672654,16.476349,0.5545048955887169
Ash1,8,7463,3434,2.546315347557957,6.483721849209197,71.59377,0.41700634238948014
Ash1,8,7463,3435,3.1086333959902395,9.663601590665806,52.831608,0.6404112897535517
Ash1,8,7463,3436,3.173468288151509,10.070900975903267,70.15808,0.37183198778437754
Ash1,8,7463,3437,2.660916240033757,7.0804752364753885,51.629612,0.6179426356601465
Ash1,8,7463,3438,2.7483292334853653,7.5533135756302565,68.76178,0.5506012383885208
Ash1,8,7463,3439,2.939745404326573,8.642103042259205,76.836914,0.31675671673417954
Ash1,8,7463,3440,2.5001644662762756,6.250822358430535,10.330242,0.43328716306657533
Ash1,8,7463,3441,2.4428713727071165,5.967620543591952,20.472324,0.29904482700078366
Ash1,8,7463,3442,3.0422965766976313,9.255568460586128,79.05667,0.46447347339609685
Ash1,8,7463,3443,2.699197046179871,7.285664694106142,49.023582,0.5086599540965331
Ash1,8,7463,3444,3.0809068514526174,9.491987027327681,81.972694,0.40307364806210777
Ash1,8,7463,3445,3.1087353985936965,9.66423577846951,77.387985,0.5414840096810872
Ash1,8,7463,3446,3.7128428770441984,13.785202229617841,72.36039,0.7663311209458555
Ash1,8,7463,3447,3.1607874801524027,9.990577494688175,72.92099,0.6303744277732699
Ash1,8,7463,3448,2.547034888321598,6.487386722327415,41.778984,0.26121840045520484
Ash1,8,7463,3449,2.383903554895687,5.682996159044297,4.1963644,0.5626143545435757
Ash1,8,7463,3450,1.9731586854313736,3.8933551978932677,22.870274,0.1497433931448982
Ash1,8,7463,3451,2.8289028355319044,8.002691252880446,42.776707,0.44605965200314424
Ash1,8,7463,3452,3.996955090333837,15.975649994145568,135.51418,0.8381548112990436
Ash1,8,7463,3453,4.553109329881672,20.73080456985553,182.97897,0.8502861666193704
Ash1,8,7463,3454,2.7108990627119356,7.348973728212452,63.996613,0.6073552178837586
Ash1,8,7463,3455,2.253466703653164,5.078112184473457,49.22541,0.3229133542229503
Ash1,8,7463,3456,2.300982978402499,5.294522666898034,49.69023,0.15064276053158834
Ash1,8,7463,3457,2.880753041101347,8.298738083814658,14.9086,0.4726142982673397
Ash1,8,7463,3458,3.275352833785679,10.727936185787875,72.06366,0.3150875745635761
Ash1,8,7463,3459,2.0507200386336852,4.205452676853743,21.392784,0.12661486254954324
Ash1,8,7463,3460,2.5355943377751156,6.429238645757228,11.34694,0.244849148384988
Ash1,8,7463,3461,2.9895088286176947,8.937163036383144,38.06294,0.5906428340770111
Ash1,8,7463,3462,2.704486939341688,7.314249605069772,36.026997,0.20992036602314573
Ash1,8,7463,3463,2.045162376906656,4.182689147914483,13.594317,0.06472696735820213
Ash1,8,7463,3464,2.2080048344693575,4.8752853490400545,30.902155,0.4336989110270565
Ash1,8,7463,3465,2.069673119017114,4.283546819582028,15.891163,0.19160488165242984
Ash1,8,7463,3466,2.1283299144965273,4.529788224940797,22.348656,0.14321432859329347
Ash1,8,7463,3467,2.3414791782069866,5.4825247419768655,33.18404,0.32767464533332863
Ash1,8,7463,3468,2.6740471199713194,7.150527999826908,33.432766,0.2287450141307592
Ash1,8,7463,3469,2.432552451521094,5.917311429401284,61.15351,0.2120619755726967
Ash1,8,7463,3470,3.0100386883959773,9.060332905640573,34.08452,0.6103915387019634
Ash1,8,7463,3471,3.0970466440597226,9.591697915481594,75.126396,0.5228448224462592
Ash1,8,7463,3472,2.6974847704906457,7.276424087028973,62.9947,0.4671443756443556
Ash1,8,7463,3473,2.5706739917476833,6.608364771847968,42.48873,0.32948915732907236
Ash1,8,7463,3474,2.2121835173292923,4.893755914343399,11.158555,0.16220686257687067
Ash1,8,7463,3475,2.4035756859845847,5.777176078256266,6.9540215,0.3447577019181724
Ash1,8,7463,3476,1.801524875130316,3.245491875713301,15.826167,0.15876803577265416
Ash1,8,7463,3477,2.07391903174461,4.301140150232502,37.99498,0.30119864766158666
Ash1,8,7463,3478,2.7192240018628735,7.394179172307141,24.601028,0.49723766535756786
Ash1,8,7463,3479,3.044199946106747,9.267153311876324,56.46793,0.36814912392986215
Ash1,8,7463,3480,3.1720196910167835,10.06170892019821,40.782013,0.6824293602953833
Ash1,8,7463,3481,2.544982944345302,6.476938187008484,38.045845,0.3454715692317627
Ash1,8,7463,3482,2.2660684591345563,5.1350662614844635,27.515394,0.3450062704543122
Ash1,8,7463,3483,3.434367754048546,11.794881870048457,102.45203,0.6268068306252879
Ash1,8,7463,3484,3.257821846233541,10.613403181796519,114.75384,0.7402251958213741
Ash1,8,7463,3485,3.5751226749262996,12.781502140772181,82.026344,0.464821518028518
Ash1,8,7463,3486,2.110339505194911,4.453532827186302,34.46324,0.3631565862644675
Ash1,8,7463,3487,2.7995050729711495,7.8372286535912,30.615608,0.21774161902686873
Ash1,8,7463,3488,2.6202049205437943,6.86547382564191,54.644997,0.47958903000754055
Ash1,8,7463,3489,3.518424144589728,12.379308461231965,93.18569,0.4587273986041717
Ash1,8,7463,3490,2.665453138144813,7.104640431646034,57.36221,0.5475358193548555
Ash1,8,7463,3491,2.4659994315484206,6.081153196397137,38.674713,0.24491873737368014
Ash1,8,7463,3492,2.5601754489881308,6.554498329601577,13.29166,0.29996731085769274
Ash1,8,7463,3493,2.0811132807511408,4.331032487318774,11.392042,0.2468894808725473
Ash1,8,7463,3494,2.5848039590730862,6.681211506839899,33.000732,0.40604488321653576
Ash1,8,7463,3495,2.295783736349553,5.270622964087115,36.224224,0.3429742001121179
Ash1,8,7463,3496,2.656836221613505,7.058778708477525,45.377983,0.6667084822217004
Ash1,8,7463,3497,2.354423373872821,5.543309423438675,9.420418,0.5463133453986283
Ash1,8,7463,3498,2.347888702692272,5.512581360229999,15.912633,0.23060260816537742
Ash1,8,7463,3499,2.229422039634381,4.970322630807526,26.833761,0.15879129592933905
Ash1,8,7463,3500,3.0175964663873334,9.10588843395332,96.80673,0.5598621650658238
Ash1,8,7463,3501,3.6393387975041893,13.24478688301924,118.18507,0.7792788371680532
Ash1,8,7463,3502,4.0229167752037,16.18385938021534,142.16226,0.5452489344539353
Ash1,8,7463,3503,3.6936172808190317,13.642808617164977,128.92447,0.5560626381179075
Ash1,8,7463,3504,3.366014931338176,11.330056517991546,36.1398,0.6135886979406402
Ash1,8,7463,3505,3.2099891961661116,10.30403063950316,88.18862,0.4913825778701746
Ash1,8,7463,3506,2.6408899614655996,6.974299788569776,46.986794,0.381214774091061
Ash1,8,7463,3507,2.980728325724036,8.884741351773615,74.75395,0.23514213535834033
Ash1,8,7463,3508,3.3322463823403434,11.103865952620303,116.3488,0.5748499645471623
Ash1,8,7463,3509,2.2499150382013275,5.062117679124481,17.124722,0.527447016080455
Ash1,8,7463,3510,2.3964895704043903,5.7431622610570185,1.5579851,0.29865886090998145
Ash1,8,7463,3511,2.3701973699739383,5.617835572631376,15.285524,0.5577775047610828
Ash1,8,7463,3512,3.329174526462538,11.083403027647067,102.3302,0.7980601960158784
Ash1,8,7463,3513,3.9955120306303398,15.964116386911785,116.04578,0.6734063921181193
Ash1,8,7463,3514,3.4932498612144918,12.202794592875065,119.91555,0.7839265483228467
Ash1,8,7463,3515,2.7969601159546476,7.822985890241037,101.18706,0.7449498884202316
Ash1,8,7463,3516,3.8393555862688946,14.740651317814166,107.87441,0.7483466382219588
Ash1,8,7463,3517,2.843433959451799,8.085116681763733,82.87544,0.5569280380755702
Ash1,8,7463,3518,2.7677727989370626,7.660566266535903,33.141983,0.6752865243894886
Ash1,8,7463,3519,3.5988867792226467,12.951986049663557,98.634766,0.8000891300973288
Ash1,8,7463,3520,3.460236763831906,11.973238461773901,75.93335,0.6761162373110063
Ash1,8,7463,3521,2.7365127073667734,7.488501797579829,9.7606,0.42404696204533426
Ash1,8,7463,3522,2.7102216275505975,7.345301270443011,44.24417,0.5448538735079199
Ash1,8,7463,3523,2.685994557441765,7.214566762606785,51.03932,0.5178545685993697
Ash1,8,7463,3524,2.5234461135491992,6.367780287986558,30.313269,0.31103691768397723
Ash1,8,7463,3525,2.795466912019391,7.814635256195229,40.949413,0.5062176952281875
Ash1,8,7463,3526,3.4624252583338895,11.988388669548502,96.14077,0.5877875494041358
Ash1,8,7463,3527,3.370144492042164,11.357873897242138,155.25899,0.7310159649919006
Ash1,8,7463,3528,3.562218515484095,12.689400752057711,125.67134,0.7869051186860521
Ash1,8,7463,3529,3.5870832044863654,12.867165915908172,106.44227,0.7515748518304007
Ash1,8,7463,3530,2.5077125813285255,6.288622390553376,64.177536,0.4345408954439915
Ash1,8,7463,3531,2.405572859877173,5.7867807841776395,45.23078,0.26993670277007664
Ash1,8,7463,3532,2.619279018435974,6.860622576418919,72.6469,0.5703481274656181
Ash1,8,7463,3533,3.3767996139542094,11.402775632801296,88.15502,0.6662433865048377
Ash1,8,7463,3534,2.429904818470926,5.904437426828223,35.04234,0.2726428802844966
Ash1,8,7463,3535,2.9496262586544697,8.700295065743965,61.01506,0.6072947306762299
Ash1,8,7463,3536,3.3931567946904013,11.513513033353632,77.64289,0.4371995059376563
Ash1,8,7463,3537,3.600334990142516,12.96241204124451,77.218925,0.4837724837711984
Ash1,8,7463,3538,3.2830662954888035,10.778524300574574,82.009254,0.5130545965938322
Ash1,8,7463,3539,2.838655956012008,8.057967636602449,49.044838,0.5278897000623437
Ash1,8,7463,3540,2.867963535688503,8.2252148420389,65.011986,0.5246537958523715
Ash1,8,7463,3541,3.004047154893972,9.024299308826565,39.01631,0.4642359948724787
Ash1,8,7463,3542,2.7340875825620246,7.4752349091198536,27.751326,0.21809124079725523
Ash1,8,7463,3543,2.63403747644944,6.9381534273401355,34.40983,0.1745575663857712
Ash1,8,7463,3544,2.4938421134665982,6.21924848689955,35.925056,0.2881566262816924
Ash1,8,7463,3545,2.845832077998411,8.098760216164756,67.63148,0.641668894988709
Ash1,8,7463,3546,3.0657352636525794,9.398732706802944,68.06511,0.591824230626598
Ash1,8,7463,3547,3.3800072445801495,11.424448973414297,136.17168,0.8013383595620862
Ash1,8,7463,3548,3.6281564835142635,13.163519468866586,92.668,0.7539039989806691
Ash1,8,7463,3549,3.4281777203509654,11.752402482310746,67.71335,0.8225147825714656
Ash1,8,7463,3550,3.678025989279161,13.527875177812952,71.241776,0.5240069152971074
Ash1,8,7463,3551,2.879522416165779,8.291649345201206,52.737103,0.5721687587195645
Ash1,8,7463,3552,3.0687049250712075,9.416949917156288,67.05229,0.4215810131145408
Ash1,8,7463,3553,2.999057860943938,8.994348053289626,46.523506,0.656316238889386
Ash1,8,7463,3554,2.9954861397786314,8.972937213605887,76.83189,0.42070756876059157
Ash1,8,7463,3555,3.296036173482648,10.863854456906138,50.375725,0.7042402720472509
Ash1,8,7463,3556,3.211596063535328,10.314349275315614,20.682133,0.3563476839860986
Ash1,8,7463,3557,2.226811191756495,4.95868808373198,33.549007,0.2900334163441959
Ash1,8,7463,3558,2.8949729114602953,8.3808681580889,92.22367,0.36923438445801493
Ash1,8,7463,3559,3.422991724382618,11.716872345191891,69.75182,0.7354469369886025
Ash1,8,7463,3560,3.5891825983666608,12.882231724418055,75.78924,0.5925491168967008
Ash1,8,7463,3561,2.637221366247493,6.954936534592295,54.957123,0.2779279254425616
Ash1,8,7463,3562,2.5310945395820386,6.406439568302012,2.1921344,0.47333340045795225
Ash1,8,7463,3563,1.8029728875126154,3.2507112331055783,10.139286,0.14092524190225825
Ash1,8,7463,3564,2.980314900855355,8.882276908260463,60.402214,0.6248807872704405
Ash1,8,7463,3565,3.086156343591573,9.524360977090506,99.43618,0.509248677202177
Ash1,8,7463,3566,3.262132572368311,10.641508919706292,87.390915,0.5623317344514641
Ash1,8,7463,3567,2.745774895699993,7.539279777856307,64.244644,0.6894848563831736
Ash1,8,7463,3568,3.899450594938366,15.205714942365175,112.1109,0.7597858943109164
Ash1,8,7463,3569,4.309499036244178,18.571781943389496,126.17928,0.7223136090144725
Ash1,8,7463,3570,3.0589905196017697,9.357422999013504,80.34727,0.6505279865200105
Ash1,8,7463,3571,2.8682099531013656,8.226628335069737,43.930855,0.5000651560529018
Ash1,8,7463,3572,2.424223103591716,5.87685765598785,69.176956,0.689990839781629
Ash1,8,7463,3573,3.1270198440203383,9.77825310489698,85.99461,0.7140397610866088
Ash1,8,7463,3574,3.4772338590153917,12.091155310283074,88.60488,0.6223603420246309
Ash1,8,7463,3575,2.331366851610283,5.435271396787241,35.59915,0.4882946290212063
Ash1,8,7463,3576,3.101140876389489,9.617074735213766,51.71795,0.5580980293350915
Ash1,8,7463,3577,2.731292160220193,7.459956864480288,30.935312,0.7382938408135304
Ash1,8,7463,3578,3.021565598938654,9.129858668689504,46.489853,0.36510329398453906
Ash1,8,7463,3579,2.8248838942314793,7.979969015888409,93.68588,0.4763848020278789
Ash1,8,7463,3580,2.148017541010108,4.613979356487111,18.929296,0.32813650237534375
Ash1,8,7463,3581,2.418014217419482,5.846792755642752,31.832516,0.16969514873748087
Ash1,8,7463,3582,2.5729169709507875,6.619901739406573,31.298151,0.6002298556660197
Ash1,8,7463,3583,3.6828495506216345,13.563380812513975,90.65869,0.5291373968856162
Ash1,8,7463,3584,3.175482893427221,10.083691606448914,83.63286,0.7259368805369149
Ash1,8,7463,3585,3.3538401376930205,11.248243669200741,91.76988,0.6895740120545236
Ash1,8,7463,3586,3.5507570213528066,12.607875424686256,73.32642,0.714097479771751
Ash1,8,7463,3587,3.85315346972168,14.846791661228227,84.7775,0.8400277036410406
Ash1,8,7463,3588,3.217006731347645,10.34913230953606,40.23742,0.5139726395998694
Ash1,8,7463,3589,2.837118032326332,8.049238729351236,20.724411,0.6628266614992904
Ash1,8,7463,3590,2.8033211932835482,7.8586097127126955,46.0102,0.6962333690930476
Ash1,8,7463,3591,3.0781622762367236,9.475082998846847,129.305,0.6352567453512317
Ash1,8,7463,3592,2.312091435676203,5.345766806927245,17.287743,0.40590077647569434
Ash1,8,7463,3593,2.0098788183284286,4.0396128643652816,25.82813,0.09512220285866385
Ash1,8,7463,3594,2.42147343253999,5.863533584497001,41.66194,0.19022179128941422
Ash1,8,7463,3595,2.9590437488241044,8.75593990745501,30.596874,0.45323129900192916
Ash1,8,7463,3596,3.3387735145783664,11.147408581649978,40.95265,0.6004155691832308
Ash1,8,7463,3597,3.745323660399513,14.027449321148405,114.57756,0.7093162068891106
Ash1,8,7463,3598,2.6850542700068085,7.209516432881794,33.145493,0.6400312060295597
Ash1,8,7463,3599,2.3997917150265136,5.7590002755098935,21.345964,0.1364011910953023
Ash1,8,7463,3600,2.6947799367748586,7.261838907644312,29.020622,0.46677563017457413
Ash1,8,7463,3601,3.3992202328871377,11.554698191669285,81.40204,0.7188526895085211
Ash1,8,7463,3602,3.2799484910872634,10.758062104185617,83.465164,0.6042064699733628
Ash1,8,7463,3603,3.2916076945658097,10.834681214924844,79.17578,0.7936325403763367
Ash1,8,7463,3604,2.7182167376850592,7.388702233031208,22.521759,0.32848119414295396
Ash1,8,7463,3605,2.8306966064637096,8.012843277845162,32.499146,0.38382483933350797
Ash1,8,7463,3606,2.955614455808787,8.735656811385875,81.64265,0.5230275519131264
Ash1,8,7463,3607,3.8493808829940073,14.817733182359724,126.67191,0.7589039008306657
Ash1,8,7463,3608,3.626840547862956,13.153972359622868,102.55553,0.686122238560872
Ash1,8,7463,3609,2.51629869110514,6.33175910285744,19.218395,0.5703347012420524
Ash1,8,7463,3610,2.1143582515216313,4.470510815777609,5.696881,0.12546463615434822
Ash1,8,7463,3611,1.887712960572574,3.563460221513672,3.5841146,0.27991450760494063
Ash1,8,7463,3612,3.1209042171045556,9.740043132340997,81.86268,0.5833469406922555
Ash1,8,7463,3613,3.704771201524023,13.725329655641753,124.7223,0.7596280398894516
Ash1,8,7463,3614,3.0266019293744755,9.160319238893296,80.62013,0.5706808967547987
Ash1,8,7463,3615,2.5839550011051675,6.676823447736407,61.31886,0.6052970589125674
Ash1,8,7463,3616,2.6646976299039404,7.100613458815681,33.69795,0.37174847213242285
Ash1,8,7463,3617,2.9539270269686875,8.725684880656068,43.872917,0.23790720382476158
Ash1,8,7463,3618,3.334194430202799,11.11685249839537,107.12131,0.745445390369616
Ash1,8,7463,3619,3.303033668826176,10.91003141739931,103.02748,0.6956981386817935
Ash1,8,7463,3620,3.170655166800136,10.0530541867564,98.08417,0.6771534843161162
Ash1,8,7463,3621,2.8882219416774824,8.341825984387249,27.222471,0.6514730659187831
Ash1,8,7463,3622,2.713583934288008,7.363537768425983,53.232193,0.37810259798110574
Ash1,8,7463,3623,2.51115952828787,6.305922176510958,60.223938,0.3303027586104067
Ash1,8,7463,3624,2.4361927070567293,5.935034905916396,62.030067,0.4666580131727244
Ash1,8,7463,3625,2.8041201769251094,7.863089966638506,70.645744,0.5505553888095212
Ash1,8,7463,3626,3.105938212752671,9.646852181437255,93.80278,0.8015579743156303
Ash1,8,7463,3627,2.843287507994362,8.084283853116789,49.141853,0.5721533691524356
Ash1,8,7463,3628,2.8176285186645047,7.93903046919153,53.668083,0.38063654439570116
Ash1,8,7463,3629,3.2251406713828867,10.401532350208058,42.689407,0.3260460729167324
Ash1,8,7463,3630,2.9582819854781173,8.751432305604352,75.02193,0.5570101075113736
Ash1,8,7463,3631,3.6716638939106216,13.481115749846907,116.97957,0.620509581548136
Ash1,8,7463,3632,3.387296757325763,11.473779322189632,100.715805,0.45252232802126624
Ash1,8,7463,3633,3.2240188868220834,10.394297782585506,68.92694,0.6002185392338442
Ash1,8,7463,3634,2.7430811359014218,7.524494118138237,48.401108,0.3246754416822349
Ash1,8,7463,3635,2.4330978918390476,5.9199653512716175,63.84708,0.5233151283124202
Ash1,8,7463,3636,2.9606438345880073,8.76541191528398,68.141655,0.7350924857179186
Ash1,8,7463,3637,2.6680227301820323,7.118345288767987,32.944965,0.3804953093223066
Ash1,8,7463,3638,2.4580869183830734,6.042191298325994,19.504408,0.3184664650691702
Ash1,8,7463,3639,2.8142931077795845,7.920245696495675,25.756956,0.31875183804087714
Ash1,8,7463,3640,2.982135446081039,8.893131818772957,36.844288,0.47843274219481
Ash1,8,7463,3641,2.267737737791042,5.142634447401631,38.474884,0.1638615348654708
Ash1,8,7463,3642,1.7251357789919297,2.976093455958091,4.442314,0.13679162729419952
Ash1,8,7463,3643,2.1157568597528322,4.476427089591167,40.50688,0.23236767806697076
Ash1,8,7463,3644,3.2405408512535434,10.50110500864304,84.42,0.5209608816665584
Ash1,8,7463,3645,3.269867250101607,10.692031833287048,83.394196,0.3612405524210455
Ash1,8,7463,3646,3.093909651979343,9.572276934610938,108.62075,0.6566719594580427
Ash1,8,7463,3647,2.3278728419998305,5.418991968520368,50.067966,0.26759439454123096
Ash1,8,7463,3648,2.632656630133689,6.930880932186872,38.85014,0.3685867081527239
Ash1,8,7463,3649,2.805544282449051,7.871078720782561,52.786358,0.651570303610416
Ash1,8,7463,3650,2.9205151798962103,8.529408916004195,33.95404,0.5372629203182446
Ash1,8,7463,3651,2.526344545829768,6.382416764243817,57.01013,0.6051491886796402
Ash1,8,7463,3652,3.0406925302799053,9.245811063700016,72.084045,0.5644115513897772
Ash1,8,7463,3653,3.0226889421750203,9.136648441147143,71.64964,0.7057769989993596
Ash1,8,7463,3654,2.613497044339901,6.830366800773397,65.44897,0.5232642307552627
Ash1,8,7463,3655,2.751311101641475,7.569712778015626,35.66928,0.44179911266841565
Ash1,8,7463,3656,2.748352294688355,7.553440335718747,37.46908,0.5114967175536855
Ash1,8,7463,3657,2.4428583769618797,5.967557049892828,11.962462,0.37044392936420123
Ash1,8,7463,3658,2.7322519260368123,7.465200587331871,34.1288,0.21162889375650595
Ash1,8,7463,3659,2.9200831461199552,8.526885580253818,35.707756,0.2533673173902337
Ash1,8,7463,3660,2.621672227585515,6.873165268893196,77.10016,0.4823902738927488
Ash1,8,7463,3661,2.468496517147591,6.093475055169788,33.72318,0.2729572903533496
Ash1,8,7463,3662,3.4652259134308583,12.007790631112723,113.93193,0.5543848422023452
Ash1,8,7463,3663,3.819613318045531,14.589445899390796,46.110676,0.4307049313174151
Ash1,8,7463,3664,3.750909215628803,14.069319943889079,129.28441,0.7975173604359573
Ash1,8,7463,3665,4.365611728769262,19.058565766367753,176.09837,0.9147447429761609
Ash1,8,7463,3666,4.543350437481278,20.642033197761318,192.23325,0.8655845022490987
Ash1,8,7463,3667,2.8495533542319937,8.119954318614806,24.77849,0.6875241698400065
Ash1,8,7463,3668,2.2452623858110456,5.041203181137909,30.12648,0.38676258798147556
Ash1,8,7463,3669,2.9386797526038513,8.635838688363835,99.58821,0.38332809541770985
Ash1,8,7463,3670,3.6652973092421246,13.434404365137558,67.43908,0.7486125328887158
Ash1,8,7463,3671,2.483705715461838,6.168794081017801,77.82619,0.5884074765424899
Ash1,8,7463,3672,3.1206028990613213,9.738162453629924,18.932318,0.5410315211572215
Ash1,8,7463,3673,3.033303025819561,9.200927246446106,111.81566,0.6530603284133977
Ash1,8,7463,3674,3.1917568824160067,10.187311996449946,48.37996,0.48803352941054207
Ash1,8,7463,3675,3.0265682118286077,9.160115140851415,54.284073,0.29048401170960825
Ash1,8,7463,3676,2.5467973989854804,6.486176991479209,23.788677,0.2763537352587293
Ash1,8,7463,3677,2.7785973146179512,7.72060303680209,56.674603,0.4959742844226358
Ash1,8,7463,3678,2.8855897899557914,8.32662843589711,52.669518,0.4627104090547831
Ash1,8,7463,3679,2.823985851724007,7.9748960907373645,42.052753,0.44116945608504243
Ash1,8,7463,3680,2.66185468901998,7.085470385457656,27.73476,0.48355853548743044
Ash1,8,7463,3681,2.1473526095545585,4.6111232297607705,2.9584813,0.27978150809137886
Ash1,8,7463,3682,2.4226038952006546,5.869009633041384,38.652493,0.30811965467909197
Ash1,8,7463,3683,2.00205852723782,4.00823834648567,17.943197,0.2002694185430647
Ash1,8,7463,3684,2.084596167754753,4.345541182617802,1.6932184,0.358135448335354
Ash1,8,7463,3685,2.7603788166095744,7.6196912111868755,8.060917,0.31663635025479187
Ash1,8,7463,3686,1.910233298632438,3.6489912552041637,5.08387,0.14322228366875886
Ash1,8,7463,3687,2.6559094571186685,7.053855044412381,33.813175,0.39476897269568323
Ash1,8,7463,3688,2.7451865065296692,7.536048955632572,47.196774,0.08628819123191397
Ash1,8,7463,3689,2.922461396991732,8.540780616906865,39.78351,0.6309502058411034
Ash1,8,7463,3690,2.9132243719901414,8.48687624155735,69.34433,0.29737104830857275
Ash1,8,7463,3691,2.6560162958509634,7.054422563825872,46.74015,0.48465447413261253
Ash1,8,7463,3692,2.8095840504983767,7.893762536814868,43.856186,0.328248120008807
Ash1,8,7463,3693,2.434529072725284,5.926931805944632,18.69931,0.23979570814422035
Ash1,8,7463,3694,2.3407188712248854,5.478964834108302,12.05005,0.4121553152237439
Ash1,8,7463,3695,2.6931264751577584,7.252930211195653,28.688322,0.35716978524280585
Ash1,8,7463,3696,3.2993952711294723,10.886009155151523,102.413605,0.729314376859978
Ash1,8,7463,3697,2.654350346031944,7.045575759479902,23.403229,0.22858795424190523
Ash1,8,7463,3698,2.726638011395833,7.434554845188623,43.87386,0.5795644729429275
Ash1,8,7463,3699,2.5870414083936932,6.692783248743624,19.448397,0.47293007855334407
Ash1,8,7463,3700,2.878353005138646,8.284916022190673,113.45381,0.4687425169678324
Ash1,8,7463,3701,3.0380852111259187,9.229961750062017,30.498459,0.5346203090338107
Ash1,8,7463,3702,2.9173735224922672,8.511068269738939,43.366768,0.5218876469081183
Ash1,8,7463,3703,2.741656558175532,7.5166806829869035,57.54513,0.5165311337745419
Ash1,8,7463,3704,3.0018073599489483,9.010847426243679,123.21895,0.5002609427973682
Ash1,8,7463,3705,2.2822690712258393,5.208752113474055,34.719498,0.24374839445969718
Ash1,8,7463,3706,2.1817125416168057,4.759869614248063,32.027294,0.3686405336527226
Ash1,8,7463,3707,2.5576930511977047,6.541793744145024,9.444759,0.5111608777791228
Ash1,8,7463,3708,2.403534203771572,5.776976668699843,26.503653,0.2550993345903196
Ash1,8,7463,3709,3.31681040259344,11.00123124675206,75.76139,0.5171160866783129
Ash1,8,7463,3710,3.126258363499915,9.773491355353169,32.39818,0.6195767755739796
Ash1,8,7463,3711,2.4450182329810244,5.97811415960965,35.930252,0.571258778652911
Ash1,8,7463,3712,3.7498450312877885,14.061337758673716,105.89337,0.7326673264747943
Ash1,8,7463,3713,3.1240649386388144,9.75978174083234,97.62707,0.39809459388975177
Ash1,8,7463,3714,2.757452951078293,7.603546777410386,20.650167,0.23054617865302332
Ash1,8,7463,3715,2.53398384105287,6.421074106717057,22.874928,0.6227785358396074
Ash1,8,7463,3716,2.732759114738758,7.467972379187762,85.743286,0.5575018020239697
Ash1,8,7463,3717,2.879848353423337,8.293526538715103,31.905006,0.33433297604678464
Ash1,8,7463,3718,2.887589339096492,8.338172191263714,35.745403,0.558211323146584
Ash1,8,7463,3719,2.6038464388599865,6.780016277163832,38.435654,0.6150686164981902
Ash1,8,7463,3720,2.853712403005016,8.143674479064657,45.04561,0.4953396954897018
Ash1,8,7463,3721,3.538455181837006,12.520665073869157,83.9665,0.7022367904469886
Ash1,8,7463,3722,3.2708310801449767,10.698335954842356,70.97648,0.6735413174265094
Ash1,8,7463,3723,3.3701710665585027,11.358053017868075,97.04385,0.6589828548598523
Ash1,8,7463,3724,3.8358341952058503,14.713623973110513,98.76265,0.7483463019961822
Ash1,8,7463,3725,4.229082262667314,17.885136784407287,189.29373,0.8585198516044703
Ash1,8,7463,3726,3.5717844217097934,12.757643955168763,37.757336,0.5828670180871074
Ash1,8,7463,3727,2.154769387469958,4.643031113177657,2.5072403,0.2703486072833273
Ash1,8,7463,3728,2.9187813647017764,8.519284654930365,30.598804,0.2735578712365183
Ash1,8,7463,3729,2.5011149059430955,6.25557577273074,45.40131,0.5008388315441009
Ash1,8,7463,3730,2.313939324066194,5.354315195459914,21.763248,0.23387473372285078
Ash1,8,7463,3731,2.509851742242335,6.299355768036885,29.64436,0.30474204014539646
Ash1,8,7463,3732,3.78455699250195,14.322871629495404,175.26953,0.7425893262376422
Ash1,8,7463,3733,3.5851936249988436,12.853613328732347,117.985374,0.79957094577583
Ash1,8,7463,3734,2.6915714840423544,7.244557053709961,97.27692,0.49121570717036306
Ash1,8,7463,3735,2.634391177634811,6.940016876800125,66.98427,0.39259069187436063
Ash1,8,7463,3736,2.612104038208218,6.823087506423679,62.60959,0.6465275300483567
Ash1,8,7463,3737,3.613060930454319,13.054209287175428,76.88379,0.7202108198523505
Ash1,8,7463,3738,3.7841642041210672,14.319898723751232,134.14763,0.8279305026250715
Ash1,8,7463,3739,2.9844789668909883,8.907114703814702,71.78167,0.49274201230805315
Ash1,8,7463,3740,2.2085065582138474,4.877501217673575,10.222245,0.2758204386506609
Ash1,8,7463,3741,2.4832399537117853,6.166480667710511,24.10161,0.2734372743882852
Ash1,8,7463,3742,2.756014717380489,7.595617122417857,16.39579,0.2904708569865137
Ash1,8,7463,3743,2.972803068303595,8.837558082915267,45.914265,0.5823179528924916
Ash1,8,7463,3744,2.441110666631358,5.95902128674139,7.2843523,0.6331808606191501
Ash1,8,7463,3745,2.6443686095248045,6.992685343040146,42.460194,0.5212104991812028
Ash1,8,7463,3746,2.29364920592954,5.260826679861209,43.805252,0.471181427095998
Ash1,8,7463,3747,2.4284959083353126,5.897592376801355,52.35633,0.3212462390579106
Ash1,8,7463,3748,3.2707672006836828,10.697918081068176,61.32094,0.41921006089029916
Ash1,8,7463,3749,2.610613863167103,6.815304742560266,31.716795,0.50195480276754
