sequence_name,task_id,seed,frame,rg,rg_sq,ree_sq,asphericity
Fhua,16,1148,0,4.872667855456473,23.742892029598778,256.24283,0.6350279949145439
Fhua,16,1148,1,5.322878467763211,28.33303518257723,252.9408,0.7694219598025704
Fhua,16,1148,2,4.211717140878844,17.738561274772664,107.428085,0.7866125938720755
Fhua,16,1148,3,4.81239905821513,23.159184695509875,233.25945,0.8212716007757808
Fhua,16,1148,4,3.8680844631893248,14.962077414366645,57.640278,0.620557716253255
Fhua,16,1148,5,4.111412579671117,16.903713400277915,135.37685,0.6349846456158527
Fhua,16,1148,6,2.905840061582906,8.443906463500145,65.76957,0.3028270961015014
Fhua,16,1148,7,3.3481611781883487,11.21018327512759,24.643309,0.572037652510866
Fhua,16,1148,8,3.527506669024758,12.443303300014145,107.28588,0.3800915997782177
Fhua,16,1148,9,3.3042641494527203,10.91816156935851,22.886957,0.3576021948278396
Fhua,16,1148,10,3.1594602078432135,9.982188804944679,17.96801,0.3239588177980134
Fhua,16,1148,11,3.537130230623116,12.511290268387933,67.31472,0.33176177421555736
Fhua,16,1148,12,3.053290930282073,9.322585504942767,102.94639,0.3063886552123751
Fhua,16,1148,13,2.7486471841080657,7.555061342705198,8.106222,0.5691674957049938
Fhua,16,1148,14,3.5471693512654623,12.582410406557042,128.84586,0.3201691093885232
Fhua,16,1148,15,2.79670073605567,7.821535007054326,26.438446,0.17888425246752282
Fhua,16,1148,16,2.3803057296722003,5.665855366710307,5.916656,0.16732537665336447
Fhua,16,1148,17,3.558709622388451,12.664414176480149,59.263935,0.45134423006928037
Fhua,16,1148,18,5.242835692626974,27.487326099883365,189.93753,0.49134124207870283
Fhua,16,1148,19,3.585072192504439,12.852742625468585,40.440796,0.3166565697646252
Fhua,16,1148,20,3.444402648037271,11.863909601806167,101.38486,0.39681066256710407
Fhua,16,1148,21,3.599146898277689,12.953858395381909,64.74266,0.48126426919002696
Fhua,16,1148,22,4.017771440161357,16.142487345376264,68.14936,0.551032123355916
Fhua,16,1148,23,3.1764801558568325,10.090026180552247,88.49004,0.21948320831002116
Fhua,16,1148,24,2.7293226785352735,7.44920228356696,14.128257,0.25008241270799547
Fhua,16,1148,25,5.608432632288251,31.454516590915727,343.9741,0.7705416791775627
Fhua,16,1148,26,4.9581395628159255,24.58314792436049,136.51637,0.6976990340013192
Fhua,16,1148,27,3.214672043256898,10.334116345697478,66.94705,0.5722228338988762
Fhua,16,1148,28,3.7285584472036,13.902148094213315,117.18938,0.5829817298652922
Fhua,16,1148,29,3.5654850835190492,12.712683880796842,43.3961,0.6695025585625086
Fhua,16,1148,30,3.9387530226742054,15.513775373625194,87.19891,0.39431571645609426
Fhua,16,1148,31,2.7747525100142063,7.699251491830139,44.193253,0.04012024843508924
Fhua,16,1148,32,3.1969458159926525,10.220462550392925,74.904274,0.45083048018546146
Fhua,16,1148,33,3.418793275063189,11.688147457617283,108.8719,0.34539501951966795
Fhua,16,1148,34,4.2096247980370345,17.72094094024834,85.42228,0.44555290544263204
Fhua,16,1148,35,2.2555681166134702,5.087587528683237,32.311363,0.056223266412282674
Fhua,16,1148,36,3.5013132725976575,12.259194632868518,42.636635,0.397976126083213
Fhua,16,1148,37,2.6624196947159455,7.0884786308113465,76.90377,0.22897546286327564
Fhua,16,1148,38,2.525012519216622,6.375688222200671,7.3142653,0.24092886855376022
Fhua,16,1148,39,3.1386954889644585,9.85140937244584,29.812366,0.6813275952469361
Fhua,16,1148,40,2.474193341091158,6.121632689099827,26.184319,0.154874062459531
Fhua,16,1148,41,3.5701012236327987,12.745622746984408,126.689316,0.4962777673156599
Fhua,16,1148,42,2.670162690828799,7.1297687954940905,36.514297,0.16407816662556113
Fhua,16,1148,43,3.11116770081312,9.6793644625828,56.89328,0.23278667639837278
Fhua,16,1148,44,4.173929743886171,17.421689506897668,85.907486,0.7903559445698312
Fhua,16,1148,45,4.480029357915111,20.07066304778128,90.74631,0.6636470683119515
Fhua,16,1148,46,5.322160375560053,28.325391063181527,149.79732,0.7321523023688743
Fhua,16,1148,47,3.0346919870252544,9.209355456115288,20.958246,0.39141644847520823
Fhua,16,1148,48,3.4795035466649975,12.106944931254295,71.832504,0.3952671591629967
Fhua,16,1148,49,2.9308276946399796,8.5897509756687,19.046818,0.34470056213599987
Fhua,16,1148,50,2.5711810033977853,6.610971752233641,29.328205,0.0927889710148714
Fhua,16,1148,51,4.139806014313031,17.137993836142346,63.538544,0.6443140305528756
Fhua,16,1148,52,4.462707321386705,19.915756636358495,211.23466,0.6497678897918349
Fhua,16,1148,53,3.352709119852398,11.24065844234144,28.079624,0.6062603548988132
Fhua,16,1148,54,3.4262662576984977,11.739300468643268,49.43626,0.35168335896350467
Fhua,16,1148,55,4.121867823578874,16.989794355054855,70.06048,0.7366704699393581
Fhua,16,1148,56,4.479587712784456,20.066706076529474,103.553,0.650026238027842
Fhua,16,1148,57,4.488164200022688,20.14361788636529,137.55328,0.6802547392686732
Fhua,16,1148,58,4.86794161329041,23.696855550404443,184.44916,0.6094710367917007
Fhua,16,1148,59,3.5747791100775936,12.77904568584715,96.62525,0.7599055893581654
Fhua,16,1148,60,3.051525286235263,9.311806572533204,70.65616,0.26645562210250917
Fhua,16,1148,61,2.517173817721071,6.336164028620472,24.720316,0.36569046321186666
Fhua,16,1148,62,2.2006517421245446,4.842868090115792,21.66486,0.08538369025577972
Fhua,16,1148,63,3.0149188994582814,9.089735970310734,55.850662,0.18865564784871136
Fhua,16,1148,64,2.5001317655149653,6.25065884493698,52.795532,0.16573302985539945
Fhua,16,1148,65,4.729340122698991,22.366657996170513,111.43072,0.5584904636451415
Fhua,16,1148,66,3.0157905741026734,9.094992786846534,63.043198,0.2507952541055892
Fhua,16,1148,67,2.3584940230755884,5.562494056883273,4.738861,0.07758035397757884
Fhua,16,1148,68,2.583267408938042,6.673270506081463,17.74945,0.34829934912618365
Fhua,16,1148,69,4.101555447670562,16.822757090316063,122.72812,0.6244799597843235
Fhua,16,1148,70,3.265999844727428,10.666754985759583,93.88899,0.2992816732108159
Fhua,16,1148,71,2.6606538708671588,7.079079020560395,36.605953,0.24927789551937996
Fhua,16,1148,72,3.059202315539268,9.358718807400818,33.752815,0.342783516474798
Fhua,16,1148,73,2.764560441422963,7.642794434280731,42.83391,0.27542442346782303
Fhua,16,1148,74,3.1531600941237863,9.942418579174722,57.202305,0.22250705826995115
Fhua,16,1148,75,2.7051002288560686,7.317567248157157,3.6804454,0.4531937490141036
Fhua,16,1148,76,2.947496310343176,8.687734499486638,46.2806,0.42750477048167157
Fhua,16,1148,77,4.666125395286008,21.772726204533004,239.17058,0.3766686999798066
Fhua,16,1148,78,2.4548034881746297,6.02606016555433,18.709764,0.1812927680787282
Fhua,16,1148,79,2.9710570419715316,8.827179946648627,26.958529,0.20709954828166233
Fhua,16,1148,80,2.477576866782491,6.138387130815744,55.7555,0.23633413288372615
Fhua,16,1148,81,3.9408459596900367,15.530266878005289,92.8205,0.6901045299699081
Fhua,16,1148,82,3.573916705039854,12.772880614562926,105.85246,0.34475343524627217
Fhua,16,1148,83,3.5631312621796845,12.695904391522193,64.48359,0.6691395923821453
Fhua,16,1148,84,3.2736730287964706,10.71693509946946,64.62893,0.3641211789358305
Fhua,16,1148,85,4.429485726073468,19.6203437974886,207.86777,0.541402693548005
Fhua,16,1148,86,3.4928254310099898,12.199829491510117,79.83754,0.7635691214246692
Fhua,16,1148,87,3.754596402257032,14.09699414384145,171.07404,0.3725828185765802
Fhua,16,1148,88,4.169216953653093,17.382370006628378,187.07501,0.5472866723461811
Fhua,16,1148,89,4.41810318911429,19.519635789661855,149.927,0.4533206504156555
Fhua,16,1148,90,3.949451996593673,15.598171073397754,62.962997,0.1957859739976381
Fhua,16,1148,91,4.734850313336676,22.41880748970442,228.23892,0.3995238218364729
Fhua,16,1148,92,2.6219253680102748,6.874492635415812,14.448835,0.41164319274140004
Fhua,16,1148,93,2.2053681726288894,4.863648776844486,13.708174,0.04941264554055297
Fhua,16,1148,94,2.663290978903918,7.093118838310989,13.019573,0.47775531393962284
Fhua,16,1148,95,3.165062543145296,10.017620902021369,21.976034,0.2969603363498758
Fhua,16,1148,96,3.0065983746546907,9.039633786476227,125.9289,0.24292073762936844
Fhua,16,1148,97,2.2671521741730256,5.139978980857475,4.204419,0.2084029222710749
Fhua,16,1148,98,3.6294653394057406,13.173018649947627,110.75019,0.3575379245442931
Fhua,16,1148,99,2.410039686982231,5.808291292829411,15.906774,0.10961696167456006
Fhua,16,1148,100,3.510807474299399,12.325769121596524,26.770502,0.3529130660390559
Fhua,16,1148,101,2.484936513619136,6.174909476717628,54.330143,0.3523348926423425
Fhua,16,1148,102,2.4232255024955016,5.872021835944577,29.986794,0.041235213727564925
Fhua,16,1148,103,3.238398392760361,10.487224150232887,118.58647,0.455503114180577
Fhua,16,1148,104,2.561562872526224,6.561604349904799,23.369106,0.1919266704483719
Fhua,16,1148,105,2.846041370620984,8.099951483286175,19.082092,0.2217991305644591
Fhua,16,1148,106,3.24184159377573,10.509536919134366,110.77596,0.4103972136628887
Fhua,16,1148,107,2.9880488348205203,8.92843583927227,7.0426283,0.5748264998802514
Fhua,16,1148,108,3.1505389362523326,9.92589558884198,45.88949,0.4397220683681031
Fhua,16,1148,109,2.736347703666728,7.487598755362173,50.565464,0.3490091425860347
Fhua,16,1148,110,2.4688399443600377,6.095170670867675,15.409111,0.18805162617095872
Fhua,16,1148,111,2.8865154921077045,8.331971686177786,38.27546,0.32249105353709717
Fhua,16,1148,112,3.093415556076112,9.569219802573683,52.071392,0.5572428160460146
Fhua,16,1148,113,3.876896088798241,15.030323283339104,61.35964,0.3482618125812092
Fhua,16,1148,114,4.137413966371316,17.118194329124417,145.25009,0.46052739593117703
Fhua,16,1148,115,3.8825370041126526,15.074093588304054,99.19661,0.33595936510711855
Fhua,16,1148,116,3.73057540065456,13.917192819968932,79.50706,0.5337998374290954
Fhua,16,1148,117,2.858982945850331,8.173783484663035,41.841026,0.1683736472395843
Fhua,16,1148,118,2.852119814429273,8.134587435860071,5.0780263,0.509671728836522
Fhua,16,1148,119,2.7303886235887442,7.455022035822835,41.571854,0.22951082619106178
Fhua,16,1148,120,3.0011853187934165,9.00711331774114,30.74151,0.4732562165562276
Fhua,16,1148,121,2.9618219411416016,8.772389211027805,105.33723,0.4714419428681186
Fhua,16,1148,122,2.9333421189955153,8.604495987073099,6.130778,0.2273373991100004
Fhua,16,1148,123,3.1597316438759835,9.983904061311225,41.406345,0.512533455546845
Fhua,16,1148,124,3.3551810915727573,11.25724015724736,43.854694,0.1972067842118399
Fhua,16,1148,125,2.8563565895298413,8.158772966550547,47.201534,0.39578396750899236
Fhua,16,1148,126,3.485502743463638,12.148729374692545,77.340195,0.4626406812616317
Fhua,16,1148,127,2.6712764191179708,7.135717707335728,64.04666,0.1422267680161568
Fhua,16,1148,128,4.272322587729732,18.252740293625678,97.61288,0.42628974256401686
Fhua,16,1148,129,3.8338402600966264,14.698331139937768,66.53576,0.27191285509925917
Fhua,16,1148,130,3.287802974462106,10.809648398881869,89.871956,0.33282223547196765
Fhua,16,1148,131,2.8430942001490833,8.083184630921357,71.564415,0.25453333253140686
Fhua,16,1148,132,3.019389220384364,9.116711264173295,34.269234,0.25226705147544504
Fhua,16,1148,133,3.161421176360815,9.9945838543426,79.09422,0.4854659348111422
Fhua,16,1148,134,3.813640113986739,14.543850919008786,76.14285,0.6714162493166429
Fhua,16,1148,135,4.377292235530991,19.160687315239905,132.96199,0.584529536335559
Fhua,16,1148,136,2.57330208333086,6.621883612074945,34.83746,0.09451418475535606
Fhua,16,1148,137,2.97458018580378,8.84812728177645,48.333626,0.23590691539326328
Fhua,16,1148,138,3.0234129888916894,9.141026101398982,45.20396,0.33327983086660473
Fhua,16,1148,139,4.12166596818593,16.988130353302065,98.323364,0.5091766264567597
Fhua,16,1148,140,4.040940317980867,16.32919865348332,80.266495,0.5272790729915515
Fhua,16,1148,141,2.252341913235469,5.073044094117213,16.281141,0.1892424024126353
Fhua,16,1148,142,3.2392412899634953,10.492684134604367,52.131264,0.28682153290800866
Fhua,16,1148,143,4.436158508852662,19.67950231566587,143.55154,0.6839162428408804
Fhua,16,1148,144,3.777210989163764,14.267322856659499,93.58976,0.5803891481524801
Fhua,16,1148,145,3.6062477752728315,13.005023016660248,54.878487,0.6190773492167259
Fhua,16,1148,146,4.592098424311609,21.08736793856515,185.19922,0.6757465472245943
Fhua,16,1148,147,3.9021158775452234,15.226508321790527,124.13161,0.6135285083085871
Fhua,16,1148,148,3.0097616280973307,9.058665057967096,46.848125,0.3295536706386455
Fhua,16,1148,149,3.324467878076684,11.052086672363686,38.87052,0.6185697816063711
Fhua,16,1148,150,3.8276487460188315,14.650894922899534,98.86422,0.6928309950270618
Fhua,16,1148,151,3.6374960608826186,13.231377592936568,53.11653,0.6620431295313944
Fhua,16,1148,152,2.981578375614418,8.889809609931511,29.173046,0.10094235965207599
Fhua,16,1148,153,3.4263748413903734,11.740044553712906,57.60123,0.21195228573057778
Fhua,16,1148,154,2.184271643889937,4.771042614301648,61.87897,0.2043435123368016
Fhua,16,1148,155,3.2137210496423534,10.328002984914349,77.02384,0.36705873272470513
Fhua,16,1148,156,3.0670482233060143,9.406784804084577,83.10028,0.5577146944319629
Fhua,16,1148,157,4.006464860398855,16.05176067761081,153.83311,0.7945005920465298
Fhua,16,1148,158,4.9678897335526715,24.679928404738032,157.47209,0.7872579253385847
Fhua,16,1148,159,3.980980159672118,15.848203031703044,94.30879,0.40787884079293213
Fhua,16,1148,160,3.474120981547585,12.069516594429155,74.98814,0.49052033170574544
Fhua,16,1148,161,3.245594745439243,10.533885251622822,82.20023,0.4444342830337352
Fhua,16,1148,162,3.0948674304922856,9.578204412321927,55.58742,0.20733360919392968
Fhua,16,1148,163,3.0383930602773463,9.231832388741541,84.016106,0.2342358117081318
Fhua,16,1148,164,2.612037859204328,6.82274177791673,7.00195,0.19252572081720215
Fhua,16,1148,165,3.9178527817062654,15.349570419123523,102.16443,0.5098001125453878
Fhua,16,1148,166,3.0882746383029365,9.537440241585136,39.00707,0.21744840511536423
Fhua,16,1148,167,2.780582811229042,7.731640770102405,62.239414,0.3849234034313521
Fhua,16,1148,168,3.6637288065043365,13.422908767609691,36.44775,0.6574044632741962
Fhua,16,1148,169,4.626318561150852,21.40282342924889,66.72087,0.7673366220066087
Fhua,16,1148,170,4.4472935522375625,19.77841993977379,85.521355,0.6469719574336885
Fhua,16,1148,171,2.9334254700513935,8.604984988346239,23.6674,0.23694239299520808
Fhua,16,1148,172,2.3794047851184765,5.661567131444705,28.113024,0.40657270564906456
Fhua,16,1148,173,2.538280447806151,6.4428676317149955,47.649513,0.39193977709913513
Fhua,16,1148,174,2.9712474083105973,8.828311161392442,64.74849,0.31769932865100303
Fhua,16,1148,175,3.2296709696376715,10.43077457212034,27.247543,0.5009545190042071
Fhua,16,1148,176,4.416260674186206,19.503358342363597,125.33296,0.5627405792260585
Fhua,16,1148,177,3.0234363753774054,9.14116751595526,58.245327,0.4374106257362367
Fhua,16,1148,178,2.8108684347270536,7.900981357344916,37.302475,0.4643285955798979
Fhua,16,1148,179,2.381801409081407,5.672977952302173,10.006834,0.18443254452795993
Fhua,16,1148,180,2.543183631482778,6.467782983441933,18.902328,0.15631934258158894
Fhua,16,1148,181,2.419436131802733,5.853671195872573,5.5915804,0.13619824515426915
Fhua,16,1148,182,2.538578505896005,6.44438083059719,61.064693,0.28642259824709654
Fhua,16,1148,183,4.126212202478492,17.025627139882413,211.55519,0.5170199678797948
Fhua,16,1148,184,3.0927548356531878,9.565132473456174,52.769207,0.3176873498947026
Fhua,16,1148,185,3.9271162448523023,15.422242000582845,125.1779,0.6867092023524466
Fhua,16,1148,186,4.448876666931486,19.79250359756741,157.37706,0.594872506703067
Fhua,16,1148,187,3.258413286816047,10.617257147699355,99.47843,0.15846909086910665
Fhua,16,1148,188,2.923740208519961,8.548256806916346,28.545444,0.40320308118612297
Fhua,16,1148,189,2.9872928087390864,8.92391832514426,70.27783,0.3911804981276773
Fhua,16,1148,190,3.5910737333515392,12.89581055836736,112.732765,0.4840630842461241
Fhua,16,1148,191,3.2176485649462836,10.353262287500879,70.26978,0.4842617359598827
Fhua,16,1148,192,3.1241138384553113,9.760087275627978,87.96875,0.2815941505128159
Fhua,16,1148,193,3.8397843118847517,14.743943561796257,78.10887,0.4575575377415616
Fhua,16,1148,194,2.3242814724420464,5.40228436313737,28.037062,0.0898768506696325
Fhua,16,1148,195,3.051351596570814,9.310746565895258,77.78783,0.36288276051815077
Fhua,16,1148,196,2.943389127120367,8.663539553650395,11.922981,0.49619116149415093
Fhua,16,1148,197,3.2985226275471886,10.88025152444081,55.197266,0.4958337015836066
Fhua,16,1148,198,2.678292825496112,7.173252459103948,38.99425,0.31872824910615377
Fhua,16,1148,199,3.550772875989132,12.607988016860133,37.46787,0.6057558363585692
Fhua,16,1148,200,3.08257272097738,9.502254580113892,30.029156,0.588909448156083
Fhua,16,1148,201,3.7295791521218464,13.909760651941914,34.862717,0.22147857419825662
Fhua,16,1148,202,3.7122683041101037,13.780935961700502,53.342148,0.5552379417471438
Fhua,16,1148,203,3.9682399657593996,15.746928425850157,69.56171,0.3601965509222007
Fhua,16,1148,204,5.0707036549924664,25.712035556753964,101.42873,0.774048898678289
Fhua,16,1148,205,4.8363986943141,23.39075233036313,171.25879,0.8075734338583787
Fhua,16,1148,206,3.299023444820575,10.883555689475815,86.46021,0.2778310654563162
Fhua,16,1148,207,5.305442492087851,28.14772003685135,133.51756,0.7832120041999859
Fhua,16,1148,208,5.12768924908167,26.29319703514774,137.77441,0.7720545737596074
Fhua,16,1148,209,3.305320423060293,10.925143099099474,60.56694,0.4309345546343822
Fhua,16,1148,210,3.873116656594743,15.00103263559164,104.0616,0.6568999358972203
Fhua,16,1148,211,4.088883848028523,16.718971122668542,148.63557,0.3074367450430736
Fhua,16,1148,212,4.5239414269552745,20.466046034522122,150.3193,0.5667473182819784
Fhua,16,1148,213,4.464699394120352,19.933540679858634,176.63692,0.5620778349615669
Fhua,16,1148,214,3.4546508834351517,11.934612726419273,92.73755,0.5936830322144442
Fhua,16,1148,215,3.097292574029157,9.593221289136164,72.6657,0.12053522608280043
Fhua,16,1148,216,3.8530887542324512,14.846292947992582,45.578026,0.36763731719802634
Fhua,16,1148,217,4.014898759121196,16.119412045992917,131.49557,0.6728107736039627
Fhua,16,1148,218,2.3838236773931407,5.682615324900159,26.040064,0.07315421396034959
Fhua,16,1148,219,3.12465462764855,9.7634665420855,43.653446,0.495828093124783
Fhua,16,1148,220,3.120032253609888,9.734601263565997,132.58582,0.3940168615882421
Fhua,16,1148,221,2.357674875049155,5.558630816438049,19.910435,0.29793185741089157
Fhua,16,1148,222,3.4650211390667023,12.006371494179106,83.45018,0.5860554769966978
Fhua,16,1148,223,4.252942030945473,18.087515918582607,72.995575,0.7559519414400162
Fhua,16,1148,224,3.6553574284051695,13.361637929396847,182.57294,0.6717056139472156
Fhua,16,1148,225,4.698224832845003,22.073316579961453,137.00468,0.4702080694651013
Fhua,16,1148,226,4.11025586553384,16.89420328015533,119.225716,0.5984450137677656
Fhua,16,1148,227,2.8624665227251764,8.193714593722364,52.023045,0.40343645624551006
Fhua,16,1148,228,3.3816807478318065,11.435764680256288,69.700775,0.2501436881212469
Fhua,16,1148,229,2.878062141903158,8.283241692656194,4.119553,0.2640290784351752
Fhua,16,1148,230,3.4209005899932357,11.702560846616066,83.18145,0.19824723830086052
Fhua,16,1148,231,3.101344593705522,9.61833828890647,82.31962,0.14042632140661665
Fhua,16,1148,232,3.277718694994995,10.743439843519694,53.56494,0.25666333785478856
Fhua,16,1148,233,3.534693928713685,12.494061169685388,60.65383,0.30697451639273055
Fhua,16,1148,234,2.3217840054217738,5.390680967832375,7.3185825,0.07095298113953964
Fhua,16,1148,235,3.875392210864265,15.018664788027412,75.15586,0.12130196447739952
Fhua,16,1148,236,4.433694257836494,19.6576447719723,106.73044,0.5862501956285382
Fhua,16,1148,237,3.617252397873595,13.084514909922278,10.9772415,0.3436807120681189
Fhua,16,1148,238,2.4541002162832966,6.022607871561725,5.592381,0.152928369717099
Fhua,16,1148,239,3.250567286144756,10.566187681754482,93.4663,0.5423048935738198
Fhua,16,1148,240,4.216404499076537,17.778066899832865,105.41456,0.4072674233528679
Fhua,16,1148,241,2.8564568929398697,8.159345981223696,16.151304,0.10567767474894346
Fhua,16,1148,242,2.9013096764542983,8.417597838687348,65.897446,0.4046822118553095
Fhua,16,1148,243,3.3489690187616636,11.215593488625458,53.396893,0.18473869230249984
Fhua,16,1148,244,3.148448543404513,9.912728230466,55.149117,0.3604267732832461
Fhua,16,1148,245,3.711814351580275,13.777565780597293,85.73526,0.27655457936452155
Fhua,16,1148,246,4.615072289664701,21.298892238830984,129.8695,0.6971386774496874
Fhua,16,1148,247,3.722528262586916,13.85721666575836,73.00942,0.7264285666665413
Fhua,16,1148,248,5.324040622353606,28.34540854847137,211.59752,0.8290164169872527
Fhua,16,1148,249,3.751319709767084,14.072399564886995,89.19229,0.6445162444767952
Fhua,16,1148,250,5.615276857205488,31.53133418306754,272.3677,0.768358201131931
Fhua,16,1148,251,4.393596531426329,19.30369048096146,146.66862,0.5380815603731963
Fhua,16,1148,252,4.502583815882748,20.273261019049244,90.16727,0.5056909955753575
Fhua,16,1148,253,4.180403330047428,17.475772001871622,64.04203,0.6846231763890943
Fhua,16,1148,254,2.4201067406443517,5.856916636112226,4.3759704,0.13067277170599784
Fhua,16,1148,255,3.544468984805671,12.563260384249345,28.007805,0.42720787324062737
Fhua,16,1148,256,3.2147665465388693,10.334723948745447,76.36296,0.19133355009438147
Fhua,16,1148,257,2.2351760753271845,4.996012087715036,42.46307,0.048621162219486994
Fhua,16,1148,258,2.637409510779941,6.955928927552487,21.480223,0.2525394969188719
Fhua,16,1148,259,3.9338098662953414,15.474860064162572,62.34404,0.596419731014396
Fhua,16,1148,260,3.908481032490999,15.276223981341905,82.00904,0.6840847780854987
Fhua,16,1148,261,3.227019111830152,10.413652348117065,26.020777,0.4781475358085828
Fhua,16,1148,262,3.0941743833200235,9.573915114393849,20.961529,0.4685923320393947
Fhua,16,1148,263,3.986853111031086,15.89499772893825,92.05483,0.6238410257454067
Fhua,16,1148,264,2.1491817443778136,4.618982170366863,23.927689,0.18298689959273773
Fhua,16,1148,265,3.0101207998959296,9.060827229966112,60.58573,0.18306797483819442
Fhua,16,1148,266,4.580497072875287,20.980953434619074,126.97191,0.7887892846515521
Fhua,16,1148,267,4.255618872717987,18.110291989833513,133.47409,0.6123542125000321
Fhua,16,1148,268,4.2074530701176425,17.70266133724238,166.43414,0.40275845478730943
Fhua,16,1148,269,3.612491923425804,13.05009789681667,86.971054,0.461865420592102
Fhua,16,1148,270,3.3649513726118245,11.322897740042205,71.36171,0.2527402378540153
Fhua,16,1148,271,4.072938770757354,16.588830230338427,78.94407,0.4579813457326962
Fhua,16,1148,272,4.420532914926264,19.54111125194649,143.28027,0.612075174384229
Fhua,16,1148,273,2.8936271383610372,8.373078015859486,51.390038,0.28399152244046566
Fhua,16,1148,274,3.609372960382767,13.027573167142265,29.867634,0.6441586420075148
Fhua,16,1148,275,4.393166200032129,19.299909261104737,102.66466,0.402316750091427
Fhua,16,1148,276,4.281261678451773,18.32920155937969,178.84921,0.6984727170169585
Fhua,16,1148,277,3.6767074352464184,13.518177564396298,167.39005,0.49092825477405816
Fhua,16,1148,278,2.99188811382132,8.951394485625293,47.897305,0.09551335715397964
Fhua,16,1148,279,3.4767070695073348,12.087492047162279,62.993557,0.35897329552154167
Fhua,16,1148,280,3.7732204344010234,14.237192446581448,148.12029,0.3963625457471916
Fhua,16,1148,281,3.2616952042171556,10.638655605213193,44.43975,0.6471668201185228
Fhua,16,1148,282,3.5958741025134486,12.930310561126898,31.229282,0.6810682708515746
Fhua,16,1148,283,4.794118092547262,22.983568285289,133.03067,0.5202916604415371
Fhua,16,1148,284,4.323350760068869,18.691361794588076,117.39819,0.5529465651235304
Fhua,16,1148,285,2.4185294636258283,5.849284766426237,48.742516,0.09428554432200818
Fhua,16,1148,286,2.7731694872047057,7.69046900476321,21.307686,0.24790807983767998
Fhua,16,1148,287,3.7074156828530516,13.74493104546476,69.76223,0.391592959576893
Fhua,16,1148,288,3.765947250438024,14.182358693081715,121.29785,0.5978883796899938
Fhua,16,1148,289,3.704461147408107,13.723032392656185,44.22019,0.2520787557538501
Fhua,16,1148,290,2.704550614427437,7.314594025999826,43.411804,0.30057504433849164
Fhua,16,1148,291,2.9449758360269143,8.672882674782425,31.344866,0.35003076291554336
Fhua,16,1148,292,2.625307440373767,6.892239156481861,8.026591,0.2681568688003446
Fhua,16,1148,293,3.2931067043471556,10.844551766216185,86.353424,0.5277498488318583
Fhua,16,1148,294,2.6263967461853364,6.8979598683729195,27.56598,0.18467738794121383
Fhua,16,1148,295,3.2542974019809447,10.590451580539925,12.112594,0.49530058931001586
Fhua,16,1148,296,2.803058878890165,7.857139078524992,70.01757,0.17733432603050917
Fhua,16,1148,297,2.577473924493693,6.643371831444918,57.436573,0.11517209797988293
Fhua,16,1148,298,3.470309584443617,12.043048611881229,63.61743,0.5347904798340032
Fhua,16,1148,299,2.7101430198018512,7.344875187780697,19.969133,0.08417930984145126
Fhua,16,1148,300,3.5370170238417242,12.510489426946172,35.593197,0.527021812333806
Fhua,16,1148,301,2.554662548628281,6.526300737363944,5.3303866,0.23275119383992549
Fhua,16,1148,302,4.780960301789505,22.857581407287192,102.80594,0.5607647933475752
Fhua,16,1148,303,4.010086716913512,16.080795477166184,160.75403,0.6389959158575179
Fhua,16,1148,304,3.003269321173288,9.019626615500664,62.101433,0.3690955231485483
Fhua,16,1148,305,3.68802499591001,13.60152837045703,48.97967,0.6578017695202519
Fhua,16,1148,306,3.5724994771514327,12.76275251424726,85.03741,0.6430812459459623
Fhua,16,1148,307,3.349183485699676,11.217030020883431,79.45677,0.31588547323753413
Fhua,16,1148,308,2.7160828828489367,7.37710622650499,24.68245,0.32428434297390424
Fhua,16,1148,309,2.5008694452449696,6.254347982159883,35.375957,0.35874640768586624
Fhua,16,1148,310,3.934238013023286,15.478228743117416,118.909874,0.43181914751162753
Fhua,16,1148,311,3.45689439370295,11.950118849214888,93.92819,0.48967224135763443
Fhua,16,1148,312,3.694350316613337,13.648224261861062,42.50956,0.46430695861104504
Fhua,16,1148,313,5.291643420539055,28.00149009013426,190.07507,0.6849401381620683
Fhua,16,1148,314,3.4900966183197073,12.180774405206659,76.34965,0.36222176091210734
Fhua,16,1148,315,3.9111853953665356,15.297371196928484,83.624306,0.6275704193332502
Fhua,16,1148,316,3.578421160704618,12.805098003378589,66.16179,0.5276482338114914
Fhua,16,1148,317,2.9322619838535453,8.598160341952731,31.930824,0.12306937153268775
Fhua,16,1148,318,3.3146367464895437,10.986816761178789,63.467262,0.46517283381633523
Fhua,16,1148,319,2.649498341978166,7.019841464145053,93.12046,0.4500624350076554
Fhua,16,1148,320,2.853039064915531,8.13983190593409,31.497051,0.3382423002901263
Fhua,16,1148,321,2.4272158463948936,5.891376764990479,40.555767,0.21114178985675192
Fhua,16,1148,322,2.617751710314259,6.852624016853227,18.897818,0.187001451744023
Fhua,16,1148,323,3.5158373410222166,12.361112208526169,81.19612,0.5493650619711058
Fhua,16,1148,324,3.883446810468626,15.08115912973895,193.77335,0.44620998924708055
Fhua,16,1148,325,4.001171612687669,16.009374274177645,92.15154,0.5662438526459659
Fhua,16,1148,326,3.2105992981267253,10.30794785313182,82.12371,0.2653942139518177
Fhua,16,1148,327,2.6746542224441217,7.153775209638168,19.765644,0.21263507426409325
Fhua,16,1148,328,2.186793845900897,4.782067324470035,4.566539,0.08679740749165454
Fhua,16,1148,329,3.554281377539534,12.63291611072433,90.22491,0.2828777281756757
Fhua,16,1148,330,2.808485160913023,7.887588899068646,42.006622,0.2570418138307491
Fhua,16,1148,331,3.1240648644510842,9.759781277297774,50.283913,0.2429826761788701
Fhua,16,1148,332,2.396001335709028,5.7408224007194475,21.13759,0.16663602927808224
Fhua,16,1148,333,2.9457846799866387,8.67764738084398,48.491898,0.19881109283734985
Fhua,16,1148,334,4.0595063887509095,16.47959212030945,128.01826,0.33162238474616923
Fhua,16,1148,335,2.972331254203522,8.83475308471508,47.77704,0.36670765292002155
Fhua,16,1148,336,2.8247460065213144,7.979190001358114,30.2842,0.4001713042211831
Fhua,16,1148,337,2.830858090989295,8.013757531319554,19.743513,0.20288952726056758
Fhua,16,1148,338,3.8708948408090604,14.983826868602202,115.60368,0.6668514562354018
Fhua,16,1148,339,5.774083296884708,33.34003791936297,313.9746,0.8825252622061777
Fhua,16,1148,340,4.284887232725406,18.36025859717319,62.847412,0.7563917906859104
Fhua,16,1148,341,3.9922281165178757,15.93788533431586,176.65178,0.5519464795939719
Fhua,16,1148,342,4.242097658229691,17.995392541957838,172.41153,0.6900374624461797
Fhua,16,1148,343,3.5890640585509725,12.881380816382377,103.6133,0.6162198961186001
Fhua,16,1148,344,5.001256172274501,25.01256330071379,185.5321,0.620251725530217
Fhua,16,1148,345,2.293965898057867,5.262279541452438,10.32563,0.08648068812252728
Fhua,16,1148,346,3.0901196135412583,9.548839225992376,21.74773,0.28538114744809406
Fhua,16,1148,347,2.6465734053438448,7.004350789873312,30.940681,0.2759290442101935
Fhua,16,1148,348,3.011149259766885,9.067019864594657,17.637093,0.21182859806242108
Fhua,16,1148,349,2.56990773001948,6.6044257408138805,43.187405,0.29412262563729474
Fhua,16,1148,350,2.8604759025745294,8.18232238920957,29.776405,0.13248300642170138
Fhua,16,1148,351,2.8299258575419417,8.008480359184492,33.861736,0.2151557435889265
Fhua,16,1148,352,2.475118983140282,6.126213980701383,52.684814,0.15166989206000925
Fhua,16,1148,353,3.273609275600903,10.716517689300266,75.86759,0.6846050182512315
Fhua,16,1148,354,2.6731845684903566,7.145915737214973,15.324468,0.17491529876845974
Fhua,16,1148,355,2.292307644839121,5.2546743385878765,2.4378142,0.2002515489925814
Fhua,16,1148,356,3.304310466336731,10.918467657942465,71.6206,0.15393061323504909
Fhua,16,1148,357,2.879725411715089,8.29281844687764,23.383883,0.42142612010762825
Fhua,16,1148,358,3.220792435010583,10.373503909421398,61.74659,0.2459590128482004
Fhua,16,1148,359,3.398375393790954,11.548955317123825,90.10979,0.09717336928569807
Fhua,16,1148,360,3.3637052042085114,11.314512700819423,81.47283,0.3072214898014433
Fhua,16,1148,361,4.633490636731492,21.469235480678403,123.28113,0.24353945879395286
Fhua,16,1148,362,3.4357651510798823,11.804482173374968,66.091606,0.35025046367358725
Fhua,16,1148,363,4.713070224122102,22.213030937506353,122.44411,0.48560918994398206
Fhua,16,1148,364,2.839436035955713,8.062397002283895,47.622875,0.08940941689017101
Fhua,16,1148,365,2.7591814011505877,7.613082004455322,53.314526,0.19406468990738357
Fhua,16,1148,366,3.609289761414184,13.026972581849263,42.19181,0.24226366630199936
Fhua,16,1148,367,3.293286269694388,10.84573445415758,8.568888,0.5113566741875097
Fhua,16,1148,368,3.0404911169407844,9.244586232195818,53.66134,0.2925153065576256
Fhua,16,1148,369,3.820506989371193,14.596273655834134,122.824425,0.4304140896285217
Fhua,16,1148,370,3.7345485169257784,13.946852625272534,99.28975,0.43310596225073883
Fhua,16,1148,371,3.124663029853369,9.763519050132434,52.150555,0.3083629173540724
Fhua,16,1148,372,2.66470799691516,7.100668708823605,89.98929,0.12815474082193018
Fhua,16,1148,373,3.45158293456744,11.91342475419718,156.12018,0.711748732710113
Fhua,16,1148,374,3.5863657354539478,12.86201918843814,107.22781,0.3875237043280465
Fhua,16,1148,375,4.116794802636633,16.94799944701599,103.260796,0.6356049899145793
Fhua,16,1148,376,2.3638100218199063,5.587597819256225,35.61538,0.29473882684821656
Fhua,16,1148,377,3.098369917953597,9.59989614847978,81.06925,0.2636363158554938
Fhua,16,1148,378,2.540925210582287,6.456300925772638,15.093816,0.19552836629284218
Fhua,16,1148,379,2.6037203789279513,6.779359811644716,38.815147,0.19075011323490032
Fhua,16,1148,380,3.950618981480601,15.607390336834827,91.99435,0.518767879361802
Fhua,16,1148,381,3.301138997289799,10.897518679427499,50.359486,0.4750575725131127
Fhua,16,1148,382,3.820977759859424,14.599871041340341,45.439095,0.2010887083940037
Fhua,16,1148,383,3.3005289619543565,10.893491428699503,62.414295,0.4391062799071271
Fhua,16,1148,384,3.5076474641113893,12.30359073248706,71.72905,0.5095291561619318
Fhua,16,1148,385,3.7395399800773768,13.984159262597107,84.21921,0.7501616603266995
Fhua,16,1148,386,2.8025599781416415,7.854342431081275,85.78006,0.49549577547614165
Fhua,16,1148,387,3.119432160791261,9.730857005778837,38.55752,0.11180397240387557
Fhua,16,1148,388,2.783575218442518,7.74829099672731,33.59877,0.13687259061604992
Fhua,16,1148,389,2.6964164935351818,7.270661906608564,35.719025,0.41083810986933617
Fhua,16,1148,390,4.38275684368472,19.208557550865244,130.9083,0.43554822745158445
Fhua,16,1148,391,3.9989717441523034,15.991775010528515,95.60029,0.6500366906801164
Fhua,16,1148,392,3.888830693572278,15.123004163269842,87.249405,0.6106106009736906
Fhua,16,1148,393,3.1358199191700087,9.8333665654634,81.50735,0.30054995902525045
Fhua,16,1148,394,3.123012549763141,9.753207385978074,88.62148,0.47897625478412376
Fhua,16,1148,395,3.3304515492994664,11.091907522231216,6.3556576,0.3574936541772116
Fhua,16,1148,396,4.099533696655338,16.806176530012582,126.35495,0.5720494306128432
Fhua,16,1148,397,2.714439686511451,7.368182811708384,32.762547,0.5065968789733666
Fhua,16,1148,398,3.1641386979755928,10.011773700026678,64.6944,0.24559298939661056
Fhua,16,1148,399,3.5718635344111913,12.758209108456409,52.243275,0.42745502746099556
Fhua,16,1148,400,4.0306300289398775,16.245978430191883,67.955345,0.6677041317998729
Fhua,16,1148,401,2.4892279415219765,6.19625574485374,25.037981,0.20200577950514698
Fhua,16,1148,402,2.615196391817102,6.839252167773191,32.460583,0.09829674957690636
Fhua,16,1148,403,3.586396345217898,12.862238744992295,64.48692,0.6125150707840687
Fhua,16,1148,404,4.075660037101263,16.611004738024267,113.74336,0.6625787536575429
Fhua,16,1148,405,2.997364669247545,8.984194960453443,46.188107,0.19819775795367123
Fhua,16,1148,406,2.3578857800916,5.559625351958172,10.318078,0.1473586640358479
Fhua,16,1148,407,2.3811909015352373,5.670070109554196,44.91799,0.141119202755983
Fhua,16,1148,408,4.306739535995038,18.54800543090276,169.82423,0.6326545232840807
Fhua,16,1148,409,3.6809074963087607,13.54907999638203,88.26123,0.6585789514665182
Fhua,16,1148,410,4.724028218045747,22.316442604892483,172.3741,0.6720966396844017
Fhua,16,1148,411,3.9623110064259484,15.699908511644209,77.08794,0.3233040672502058
Fhua,16,1148,412,3.991094491713419,15.928835241785194,126.51878,0.6629075327592167
Fhua,16,1148,413,3.3512205750790947,11.230679342833458,107.836296,0.49969866411401087
Fhua,16,1148,414,2.2406393565439866,5.020464726093853,14.1724205,0.08967022693735116
Fhua,16,1148,415,2.54594150167458,6.4818181299490165,42.138306,0.298233825626254
Fhua,16,1148,416,3.9818664609531753,15.855260512863765,81.82717,0.3498727376892874
Fhua,16,1148,417,5.094956883125594,25.958585640908872,248.21123,0.8044158977204557
Fhua,16,1148,418,3.9605558141492296,15.686002356991267,107.80946,0.4187719086736223
Fhua,16,1148,419,3.104216677340552,9.63616117987922,68.87772,0.20004302520975886
Fhua,16,1148,420,3.7613130345568995,14.147475743927632,97.6833,0.707544067440173
Fhua,16,1148,421,3.0470429420583884,9.284470690747835,34.364685,0.2922394305788649
Fhua,16,1148,422,2.5959025046866495,6.738709813838418,69.150345,0.3780429233682019
Fhua,16,1148,423,2.7782393033669157,7.7186136267726875,71.354065,0.27246654629171435
Fhua,16,1148,424,2.6030771679059903,6.7760107420734705,11.423715,0.29799287005762387
Fhua,16,1148,425,3.991974171356897,15.935857784780586,57.732845,0.529396684544102
Fhua,16,1148,426,3.3729736386196776,11.376951166823272,29.282701,0.4058057714085348
Fhua,16,1148,427,2.2580461053412866,5.098772213846955,34.068398,0.25040171772654146
Fhua,16,1148,428,3.509293871204259,12.315143474471776,64.22863,0.5561586124941094
Fhua,16,1148,429,2.7329827386473013,7.469194649744103,59.932854,0.1376742527046402
Fhua,16,1148,430,2.3839864775267077,5.683391525030197,11.611144,0.1369563778639066
Fhua,16,1148,431,2.2324841958704447,4.983985684811309,13.445046,0.1871179348146112
Fhua,16,1148,432,3.530590184757881,12.465067052708683,20.563683,0.2210514625185106
Fhua,16,1148,433,2.669425567402658,7.125832859903004,45.939598,0.10341556549148151
Fhua,16,1148,434,2.6964545201979684,7.270866979496058,36.699043,0.37805021433782765
Fhua,16,1148,435,2.9014165572181656,8.418218038499713,59.79454,0.1704144428847068
Fhua,16,1148,436,3.2637546383887033,10.652094339603778,24.826004,0.3850154806206977
Fhua,16,1148,437,3.3988227735660512,11.551996246111223,69.978485,0.4152723822145027
Fhua,16,1148,438,2.665849423460743,7.106753148565975,30.29183,0.2453963054777588
Fhua,16,1148,439,3.572031039014955,12.75940574368626,90.32349,0.24190925946504693
Fhua,16,1148,440,2.931124168298899,8.591488889985909,13.322028,0.4775098998442938
Fhua,16,1148,441,4.026952405784975,16.216345678457397,112.90814,0.2528309453264913
Fhua,16,1148,442,2.135876949854227,4.561970344918596,35.98898,0.21771595215051898
Fhua,16,1148,443,3.2512138520176186,10.570391511551241,52.531315,0.4396483591592866
Fhua,16,1148,444,2.8356181312257185,8.040730186136036,55.32891,0.12348256467282241
Fhua,16,1148,445,3.0547349425067543,9.331405568971746,26.292095,0.260137078803534
Fhua,16,1148,446,3.3188506068618384,11.014769350667192,51.668728,0.39341162671642016
Fhua,16,1148,447,3.5471631609402863,12.582366490331886,100.50745,0.3118343266565742
Fhua,16,1148,448,3.4558037370491914,11.942579469003158,79.39578,0.24038552511453237
Fhua,16,1148,449,3.108085765238453,9.6601971240779,99.07131,0.1558909386683141
Fhua,16,1148,450,3.250572147564497,10.566219286522067,72.05615,0.30674215876682676
Fhua,16,1148,451,3.590927331782616,12.894759102143416,112.23499,0.5080010528286986
Fhua,16,1148,452,3.6027851484456366,12.980060825860456,34.82149,0.3352971771785631
Fhua,16,1148,453,3.2420885203476626,10.511137973770097,54.370182,0.42261012125105246
Fhua,16,1148,454,2.5717587452476267,6.613943043757647,34.116665,0.19965812340058947
Fhua,16,1148,455,3.503843866642034,12.276921841805006,74.59367,0.39043409340082313
Fhua,16,1148,456,3.4239364665837018,11.72334092720169,73.804756,0.3714928548164471
Fhua,16,1148,457,3.6343580830361395,13.208558675730123,107.94194,0.3604229717326435
Fhua,16,1148,458,3.4478850240679404,11.887911139191981,64.93762,0.3712736843237662
Fhua,16,1148,459,3.6217597780183897,13.11714388967181,126.64081,0.48558253450214467
Fhua,16,1148,460,4.692181193144534,22.016564349299262,144.7734,0.6955198986060173
Fhua,16,1148,461,4.249084171295382,18.054716294752964,153.0929,0.5524510750655955
Fhua,16,1148,462,2.783443689232063,7.747558771125797,42.744606,0.1823422806056991
Fhua,16,1148,463,3.337001479862324,11.13557887660334,80.98691,0.1309455320658319
Fhua,16,1148,464,3.6422737281354087,13.266157910665404,58.231667,0.4721548118722362
Fhua,16,1148,465,3.4716578537756577,12.052408253682206,83.4457,0.5333327009093377
Fhua,16,1148,466,4.359295902214642,19.003460763065366,139.79755,0.3804351233862171
Fhua,16,1148,467,3.685769733587048,13.584898529026342,51.166046,0.3668751756915738
Fhua,16,1148,468,2.7835795993071493,7.748315385678949,21.980679,0.36209118004595897
Fhua,16,1148,469,2.708271464528275,7.334734325578125,37.927567,0.08546435057315852
Fhua,16,1148,470,2.5768513930939143,6.640163102090043,44.171432,0.21824918401499177
Fhua,16,1148,471,3.4606418038807902,11.976041694767293,73.00526,0.43738107947759264
Fhua,16,1148,472,3.474615850985863,12.072955311922213,116.824844,0.517183192044507
Fhua,16,1148,473,4.12174186324146,16.988755987197173,157.52531,0.6297101812949126
Fhua,16,1148,474,2.9555882780025016,8.735502069065793,51.600327,0.3385198182775866
Fhua,16,1148,475,3.0701396082705497,9.425757214271643,47.50363,0.49240605590458086
Fhua,16,1148,476,3.0472297919537183,9.285609404970302,59.368324,0.3465283716043921
Fhua,16,1148,477,3.585949766019215,12.859035724413264,91.32822,0.4792109028613706
Fhua,16,1148,478,4.3565152581181446,18.979225194216202,140.74704,0.679534790969393
Fhua,16,1148,479,2.8569694834676462,8.16227462946539,55.405483,0.1350475126074991
Fhua,16,1148,480,4.2069674082790725,17.698574774322335,245.57533,0.6628765774937435
Fhua,16,1148,481,2.6065742058329193,6.794229090513513,36.491787,0.17789023501469123
Fhua,16,1148,482,3.052045442504418,9.314981383111991,68.48929,0.226423099541106
Fhua,16,1148,483,3.3356923709505755,11.126843593617876,68.49513,0.24441078114200487
Fhua,16,1148,484,2.8521163333942092,8.134567579214028,36.729614,0.15663521386583118
Fhua,16,1148,485,2.6367526392999046,6.952464480855013,33.507942,0.2577457293996103
Fhua,16,1148,486,2.7299055726275006,7.452384435462681,46.589268,0.2863866563918688
Fhua,16,1148,487,2.864697662415513,8.206492697048906,32.18267,0.19244896719282462
Fhua,16,1148,488,3.181163195500972,10.119799276409957,88.16401,0.599969240669082
Fhua,16,1148,489,4.454610391051426,19.84355373606333,101.256294,0.38711648477228505
Fhua,16,1148,490,5.220582929451444,27.254486123279822,251.04395,0.810654867633589
Fhua,16,1148,491,3.8110246482208034,14.523908869346496,77.19396,0.2363377137599631
Fhua,16,1148,492,2.6408712749760657,6.974201090993711,70.53882,0.22738110071297718
Fhua,16,1148,493,3.227391996091488,10.416059096435399,55.565548,0.12461361824490898
Fhua,16,1148,494,3.8395879147192287,14.742435354857951,72.10272,0.3541191028475092
Fhua,16,1148,495,4.61924594994803,21.337433146111273,178.38658,0.4625127012840964
Fhua,16,1148,496,3.5421266144624366,12.546660952883123,61.655388,0.5040174350606642
Fhua,16,1148,497,2.3890643380066168,5.707628411134993,13.953988,0.2349372300064479
Fhua,16,1148,498,2.8171994938633986,7.936612988224188,26.17803,0.12265292628097772
Fhua,16,1148,499,2.592508666503092,6.72110118589364,59.863567,0.10868851241169762
Fhua,16,1148,500,2.7562424016671816,7.596872176748073,78.8972,0.38236904829292817
Fhua,16,1148,501,4.398788934241111,19.34934408800205,48.095512,0.33677060551828364
Fhua,16,1148,502,3.1043924336767916,9.637252382269713,21.94767,0.4351904909259776
Fhua,16,1148,503,2.499163585810669,6.245818628642044,11.390313,0.20900558050170825
Fhua,16,1148,504,2.7157986565628724,7.375562342988704,46.614483,0.3232665811936695
Fhua,16,1148,505,2.8417593048492487,8.075595946697286,29.629408,0.29675354414996186
Fhua,16,1148,506,4.413614276384673,19.4799909807066,71.02126,0.3844382038245177
Fhua,16,1148,507,3.7837125617509466,14.31648074995191,156.23685,0.4459937019446161
Fhua,16,1148,508,2.2030360406079037,4.853367796217348,23.56924,0.1747297555185498
Fhua,16,1148,509,2.819299525508925,7.948449814534848,50.334442,0.47977185323757754
Fhua,16,1148,510,3.2412532753628076,10.505722795050126,120.05796,0.6175453546681714
Fhua,16,1148,511,3.515576029106983,12.359274816431617,106.01047,0.4478095643523704
Fhua,16,1148,512,3.500142392276701,12.250996766212474,19.377531,0.1772339211145369
Fhua,16,1148,513,2.66607862841814,7.107975252907949,32.08512,0.3820899814580867
Fhua,16,1148,514,3.332523094747329,11.105710177024319,75.23187,0.42698644361438504
Fhua,16,1148,515,4.396160164055549,19.326224188028917,57.25035,0.49697950266222635
Fhua,16,1148,516,2.9473743174830473,8.68701536735866,34.64737,0.46580194576946665
Fhua,16,1148,517,2.7515400248779143,7.570972508505154,23.573744,0.37249818750617314
Fhua,16,1148,518,3.1837724855286753,10.136407239609438,46.261982,0.348800684139638
Fhua,16,1148,519,2.30139438176763,5.296416100431612,8.974517,0.21085530336773556
Fhua,16,1148,520,2.8969246020607753,8.39217215002498,49.74858,0.34429940687888516
Fhua,16,1148,521,3.4219105213556955,11.709471616164805,62.105278,0.28862336002648115
Fhua,16,1148,522,2.70627545607282,7.323926844142154,27.857407,0.13410819956933429
Fhua,16,1148,523,2.641618643781647,6.978149059174788,3.3329654,0.48628175265034834
Fhua,16,1148,524,2.929683718012739,8.583046687588949,30.394749,0.21733606796927235
Fhua,16,1148,525,2.833226041769255,8.027169803759483,96.26756,0.321611470034642
Fhua,16,1148,526,2.612067161716638,6.8228948573184125,65.5531,0.41846643343726264
Fhua,16,1148,527,4.319583051936333,18.658797742575604,70.42751,0.6264264158908869
Fhua,16,1148,528,3.394730337407477,11.524194063714686,64.88239,0.5964113728647691
Fhua,16,1148,529,3.658236644110307,13.382695344311445,7.8856964,0.2048868173187754
Fhua,16,1148,530,3.7746896170523305,14.248281705082674,55.54516,0.19477361705500307
Fhua,16,1148,531,4.736799897188195,22.437273266002094,102.47702,0.5890960346806606
Fhua,16,1148,532,2.8808985884094396,8.299576676699505,33.35212,0.21274982017032565
Fhua,16,1148,533,3.457627964290193,11.955191139441549,10.781818,0.1896308958886609
Fhua,16,1148,534,3.0783504157588584,9.476241282202736,38.662437,0.08989635713734895
Fhua,16,1148,535,3.4911578930958904,12.188183434525738,60.60418,0.31474854560574644
Fhua,16,1148,536,3.6710130447284643,13.476336774566551,84.460266,0.46225611936810745
Fhua,16,1148,537,3.484435844688289,12.14129315574859,47.03946,0.5618464254578815
Fhua,16,1148,538,2.641036851876696,6.9750756529707685,15.266256,0.19926258852554174
Fhua,16,1148,539,3.032774190416768,9.197719290058082,30.90088,0.21844311762292926
Fhua,16,1148,540,2.9075118002709592,8.453624868714877,24.098003,0.34797725265511953
Fhua,16,1148,541,3.149434297712203,9.918936395605957,50.863544,0.2871457075589434
Fhua,16,1148,542,3.618520648471332,13.093691683413386,101.50935,0.5717245124757516
Fhua,16,1148,543,3.211386558382177,10.313003627357723,66.29094,0.6190043043597033
Fhua,16,1148,544,2.423418605441973,5.8729577372023165,66.69888,0.3448624737583118
Fhua,16,1148,545,2.4437741691228436,5.9720321896720465,23.994247,0.4529238551071102
Fhua,16,1148,546,3.2325406204917333,10.44931886312908,15.374716,0.34702130960757627
Fhua,16,1148,547,4.351263482964779,18.933493898182775,109.060616,0.5543033664456739
Fhua,16,1148,548,3.681852923609607,13.55604095109261,54.89179,0.4702583214708907
Fhua,16,1148,549,2.3213845443398418,5.388826202699895,10.043022,0.2221972335023686
Fhua,16,1148,550,2.642264188145727,6.981560039957397,10.318113,0.25546982661133055
Fhua,16,1148,551,2.6852375032021727,7.2105004486034385,4.3977013,0.11912701747769425
Fhua,16,1148,552,2.403053346430779,5.774665385792164,49.241394,0.3311906114822156
Fhua,16,1148,553,4.435578165712423,19.674353664144782,180.20024,0.6358083979311554
Fhua,16,1148,554,3.517848280585968,12.375256525221653,102.22537,0.3071496837897016
Fhua,16,1148,555,3.1923960796960977,10.191392729659013,75.76249,0.49028835356453604
Fhua,16,1148,556,2.7128936057245716,7.3597917159812685,77.86796,0.1253792408802208
Fhua,16,1148,557,3.115429082770053,9.705898369769452,49.374447,0.25948894243112874
Fhua,16,1148,558,3.5987240335485136,12.950814669639682,67.68108,0.2459695883558733
Fhua,16,1148,559,3.7480778829448567,14.048087816620399,55.612823,0.6964235802498162
Fhua,16,1148,560,3.251031318278809,10.569204632429651,72.51693,0.5782849450860971
Fhua,16,1148,561,2.6330164968337453,6.932775872598646,73.95399,0.2812018703810945
Fhua,16,1148,562,3.9124956903382127,15.30762252691509,100.266,0.3728996962725978
Fhua,16,1148,563,3.164166478832093,10.011949505764687,41.8087,0.4384642554736514
Fhua,16,1148,564,3.077985568666466,9.473995160919028,91.6303,0.28775210116839595
Fhua,16,1148,565,4.238835518256956,17.96772655083672,90.40044,0.6855276089960739
Fhua,16,1148,566,3.159615690965552,9.983171314595724,74.446304,0.5132375547326782
Fhua,16,1148,567,2.95684610199628,8.742938870890592,20.738337,0.2837094145476531
Fhua,16,1148,568,2.7949981854310892,7.8120148565630805,1.4181455,0.24480977612349697
Fhua,16,1148,569,3.054014779465624,9.327006273194465,18.728706,0.17235079931981667
Fhua,16,1148,570,2.95412928850421,8.726879853198389,32.759937,0.29678802539638577
Fhua,16,1148,571,4.2924202199771555,18.424871344868723,95.701836,0.6292131718892029
Fhua,16,1148,572,4.494058206649928,20.196559164757563,186.83621,0.6782267020038506
Fhua,16,1148,573,3.9864202594290945,15.891546484786728,84.28975,0.5215517089456079
Fhua,16,1148,574,3.6468552995000816,13.29955357549183,84.73673,0.5304446550942052
Fhua,16,1148,575,3.6232024946819217,13.127596317469301,85.68109,0.20385601347801116
Fhua,16,1148,576,2.388390650894549,5.704409901280489,34.60231,0.1278488037405441
Fhua,16,1148,577,3.8915518736115313,15.144175985009415,153.19942,0.5666851745992335
Fhua,16,1148,578,4.722984590520539,22.306583442294468,171.66652,0.4651300999284383
Fhua,16,1148,579,4.037877879540521,16.30445777008265,144.11507,0.6212197882961351
Fhua,16,1148,580,3.804554684057691,14.474636343985312,65.65509,0.5876546921824959
Fhua,16,1148,581,2.63752943580525,6.956561524739157,9.965197,0.41758010735957957
Fhua,16,1148,582,2.8776405115942683,8.280814913968522,23.707623,0.26935016150461877
Fhua,16,1148,583,3.296796590061964,10.86886775624419,56.13239,0.2794462067820595
Fhua,16,1148,584,3.099357826786585,9.606018938463261,11.363173,0.18528536321356232
Fhua,16,1148,585,2.8670806942352294,8.220151707256365,73.946144,0.12674570242207997
Fhua,16,1148,586,4.015048587515054,16.120615160106627,141.34503,0.6956064087072983
Fhua,16,1148,587,2.9547359338430397,8.730464438743297,105.19882,0.41848118299418985
Fhua,16,1148,588,2.2912036222502383,5.249614038612613,58.70906,0.09629766545288335
Fhua,16,1148,589,2.767419886220142,7.658612826646703,41.46467,0.27407811139103505
Fhua,16,1148,590,3.7843121193816893,14.321018216899132,80.39509,0.6760467419616983
Fhua,16,1148,591,4.2334655349605,17.922230435698392,73.32833,0.5881311072733979
Fhua,16,1148,592,4.420103629037177,19.537316091427616,148.25827,0.7276546132204762
Fhua,16,1148,593,3.298433381478547,10.879662772052004,82.44011,0.3464597423079672
Fhua,16,1148,594,3.193215684012406,10.196626404622819,72.94942,0.3238456564982769
Fhua,16,1148,595,3.796315997282087,14.412015151219888,145.28122,0.6071897110192573
Fhua,16,1148,596,4.08637899537665,16.69849329385549,80.35057,0.7208461000880397
Fhua,16,1148,597,2.8954229956584516,8.383474323787762,21.814318,0.1814464332980088
Fhua,16,1148,598,2.83817929564542,8.055261714230332,5.020169,0.21310833515171243
Fhua,16,1148,599,2.616308161501971,6.845068395941823,6.9986863,0.1651599747570956
Fhua,16,1148,600,3.44796092744596,11.888434557194008,9.638848,0.2558410258763823
Fhua,16,1148,601,3.923655652062771,15.395073675964131,52.504665,0.32099179042254466
Fhua,16,1148,602,4.619801960935326,21.342570158261886,103.12781,0.7661846287753088
Fhua,16,1148,603,2.6101908923657486,6.813096494589102,27.730978,0.20608420875068287
Fhua,16,1148,604,2.8918015238479438,8.362516053329285,26.669018,0.4361260841879943
Fhua,16,1148,605,3.7662529621350647,14.18466137479115,41.334602,0.5136219008222868
Fhua,16,1148,606,4.249803631329794,18.060830904863902,92.98715,0.4670682756459821
Fhua,16,1148,607,3.291598534426831,10.834620911840855,75.43241,0.4067466216430009
Fhua,16,1148,608,2.572966895482493,6.620158645248818,61.2213,0.031048950122847932
Fhua,16,1148,609,3.3568290764348307,11.268301448398319,83.00573,0.2514808110036273
Fhua,16,1148,610,2.7331666572492583,7.470199976299084,38.42709,0.1098262491305337
Fhua,16,1148,611,2.6557785826019256,7.053159879807093,4.8722706,0.09016082162785789
Fhua,16,1148,612,2.562114769398811,6.564432091571521,17.814798,0.11922254218841352
Fhua,16,1148,613,2.602615277475667,6.773606282549743,58.79383,0.3189421975516009
Fhua,16,1148,614,2.8584732885882347,8.170869541572436,35.925312,0.15592668335352117
Fhua,16,1148,615,2.8153584311737965,7.92624309598138,16.685707,0.13442542572613755
Fhua,16,1148,616,3.693482346568363,13.641811844412135,59.68987,0.42170915054531144
Fhua,16,1148,617,3.8018316829556227,14.45392414552518,102.0228,0.6588767412994798
Fhua,16,1148,618,3.5482895501288856,12.590358731553852,93.003746,0.6400252945139406
Fhua,16,1148,619,3.0409528474257517,9.247394220266779,22.822102,0.5341756655104688
Fhua,16,1148,620,3.2601439424496377,10.628538525491066,38.53657,0.379173953491137
Fhua,16,1148,621,2.936291663893285,8.621808735449195,14.008776,0.23852449313054852
Fhua,16,1148,622,3.45686135179147,11.949890405509553,74.650795,0.4945527202961042
Fhua,16,1148,623,3.9750690599881726,15.801174031675254,65.1577,0.4456507892218862
Fhua,16,1148,624,3.6299977103896754,13.176883377434283,124.71421,0.4447928777283827
Fhua,16,1148,625,2.8678229529287558,8.224408489345008,48.84845,0.2990119740568815
Fhua,16,1148,626,2.539308840830256,6.448089389118699,27.997297,0.20665904580992542
Fhua,16,1148,627,2.8180883739523956,7.941622083405657,30.879795,0.12048251059723132
Fhua,16,1148,628,3.6848118291395835,13.577838216167,28.132761,0.30668702669915593
Fhua,16,1148,629,2.344710657118325,5.497668065604247,11.203993,0.15781701636968584
Fhua,16,1148,630,2.521592537369083,6.35842892451545,72.95821,0.20572024695161537
Fhua,16,1148,631,3.617605359464048,13.087068536823006,47.36967,0.40808750139577427
Fhua,16,1148,632,3.776430863022461,14.26143006318857,70.878914,0.6343844168888786
Fhua,16,1148,633,4.115930246178544,16.940881791407378,111.076805,0.4320185930987055
Fhua,16,1148,634,3.959431960272884,15.677101448030372,86.70881,0.5224566381502497
Fhua,16,1148,635,4.0940369628001845,16.761138652774157,102.6645,0.7159948056730194
Fhua,16,1148,636,4.171405147106975,17.400620901310557,85.38647,0.4303904694604275
Fhua,16,1148,637,2.6158255109338664,6.842543103652421,39.925266,0.28449234621189756
Fhua,16,1148,638,3.4205586427903554,11.700221428767799,143.91653,0.4181285988783116
Fhua,16,1148,639,3.3850815048230958,11.458776794295396,66.00929,0.18520083449794808
Fhua,16,1148,640,2.3004172817511024,5.291919670179131,32.814312,0.3476696736342378
Fhua,16,1148,641,4.203044615053157,17.66558403612734,95.466415,0.3935595945543754
Fhua,16,1148,642,2.858204100685905,8.169330681177723,66.19574,0.32191846633842425
Fhua,16,1148,643,2.474664864817275,6.123966193161101,34.734856,0.2055212453263791
Fhua,16,1148,644,3.7094398947133618,13.759944332491077,117.014854,0.2929469548232685
Fhua,16,1148,645,3.925461860952986,15.409250821796482,81.78621,0.22543828699079968
Fhua,16,1148,646,3.4395548857737084,11.830537812249784,74.03247,0.3239566024131364
Fhua,16,1148,647,3.1729846936167974,10.06783186592648,80.26663,0.1071640325011761
Fhua,16,1148,648,2.061599032077523,4.25019056906298,11.087328,0.036341821523043334
Fhua,16,1148,649,3.0871575946636547,9.530542014289484,65.54528,0.4343043686118596
Fhua,16,1148,650,3.2889879099510013,10.817441471803859,21.67829,0.5310425568974458
Fhua,16,1148,651,4.355420042130613,18.96968374339303,185.57022,0.7182352040243571
Fhua,16,1148,652,4.430611344985731,19.63031689031627,119.38915,0.5681123810092567
Fhua,16,1148,653,2.9477732121259224,8.689366910127182,51.48631,0.37456892008867043
Fhua,16,1148,654,2.7590783479726637,7.61251333025156,43.458485,0.2170545917782471
Fhua,16,1148,655,2.56635724695647,6.586189519005995,8.373718,0.39719486288721384
Fhua,16,1148,656,3.4667941435638436,12.018661633848561,28.23806,0.20209513613618973
Fhua,16,1148,657,3.058355364367581,9.353537534755958,38.0755,0.32954514067179724
Fhua,16,1148,658,2.6009772265056665,6.765082532801108,9.191422,0.20916706475892288
Fhua,16,1148,659,2.951593955704071,8.711906879348804,76.97193,0.22540729022561376
Fhua,16,1148,660,2.6565559502359672,7.057289516734122,10.672356,0.1481790615216376
Fhua,16,1148,661,3.021749253699491,9.130968552233432,66.310875,0.3367288375148156
Fhua,16,1148,662,2.9077600782177853,8.4550686724771,49.139305,0.3994687514221795
Fhua,16,1148,663,2.3964512933451476,5.74297880137563,4.3470945,0.2253418858151557
Fhua,16,1148,664,4.6176237748638025,21.322449326187428,111.234695,0.3600799264517731
Fhua,16,1148,665,2.945410820609305,8.675444902162381,49.648808,0.20916501830194043
Fhua,16,1148,666,3.7402998381819192,13.989842879503689,62.07318,0.48975074076212655
Fhua,16,1148,667,2.7660508653737104,7.651037389834654,18.535044,0.3836348212115714
Fhua,16,1148,668,4.433010356648985,19.65158082215716,89.39386,0.5957987840396848
Fhua,16,1148,669,4.965864416131108,24.659809399397147,186.13667,0.7375936883828947
Fhua,16,1148,670,5.701761790785803,32.510087518864935,277.24557,0.7985032234603098
Fhua,16,1148,671,2.8504886321175524,8.125285441831396,53.177322,0.18134382796261175
Fhua,16,1148,672,2.6779584166359602,7.171461281231379,21.724627,0.1890914092959984
Fhua,16,1148,673,3.407090240505564,11.608263906948265,58.38263,0.22823347887498718
Fhua,16,1148,674,4.883728114581488,23.85080029715366,267.47235,0.6712736883404241
Fhua,16,1148,675,3.609511316804113,13.02857194613696,46.769936,0.4343668017821432
Fhua,16,1148,676,2.674859309616639,7.154872326242801,21.017784,0.12874775664780747
Fhua,16,1148,677,2.7897093151263563,7.782478062902766,8.175013,0.17776367926242526
Fhua,16,1148,678,4.1887934555760715,17.545990613476924,118.583916,0.6950655031556932
Fhua,16,1148,679,4.576561101479274,20.94491151557319,110.51277,0.6357721480407913
Fhua,16,1148,680,3.5992231191782778,12.95440706162741,53.231895,0.48122979281222233
Fhua,16,1148,681,2.5990614480328587,6.755120410650661,53.797398,0.41750725798476507
Fhua,16,1148,682,4.411248543658661,19.459113713930655,130.51237,0.6858577412857364
Fhua,16,1148,683,2.9719466507491057,8.832466894898827,84.85184,0.43608302112550207
Fhua,16,1148,684,3.8527969840414995,14.844044600239274,89.11497,0.49275265491607856
Fhua,16,1148,685,2.2624529137531733,5.1186931869502255,2.821305,0.3177143801205982
Fhua,16,1148,686,2.552520889839449,6.515362893066772,1.5275126,0.169939880081946
Fhua,16,1148,687,2.9048306640715613,8.438041186930427,56.47033,0.36054897683941867
Fhua,16,1148,688,3.8695068923846194,14.973083590212076,137.53265,0.30628535228292625
Fhua,16,1148,689,3.011477643306719,9.068997596136189,13.882351,0.3039866522599084
Fhua,16,1148,690,2.4968724476602726,6.234372019885002,29.296238,0.1352004389941422
Fhua,16,1148,691,4.015051443104635,16.12063809077662,125.87873,0.6334857097250416
Fhua,16,1148,692,4.49523167186688,20.207107783755102,94.103806,0.48370740668775025
Fhua,16,1148,693,2.616604277677997,6.846617945962794,28.752016,0.19321230570483033
Fhua,16,1148,694,3.2694866722676514,10.689543100135802,66.53024,0.5701643236104498
Fhua,16,1148,695,3.3268260017706974,11.067771246057603,62.549713,0.08054006595295826
Fhua,16,1148,696,2.969747601933239,8.81940081918822,38.410324,0.29770707261108154
Fhua,16,1148,697,3.486573536086391,12.156195022537961,80.106155,0.5918957441498993
Fhua,16,1148,698,3.817482857473672,14.573175367105351,14.544916,0.6206994330656193
Fhua,16,1148,699,3.7525423869291923,14.08157436570024,48.45609,0.48554413269831775
Fhua,16,1148,700,3.206214601018144,10.279812067781931,75.35658,0.43551403589638027
Fhua,16,1148,701,3.0432753618340813,9.261524927946356,71.83191,0.4070199541900147
Fhua,16,1148,702,2.662721845329131,7.090087625592972,24.79363,0.30169119537141076
Fhua,16,1148,703,2.7813489827434967,7.735902163808288,68.83703,0.25869103965707074
Fhua,16,1148,704,3.0864469400355996,9.526154713655115,23.825356,0.08034424992202469
Fhua,16,1148,705,4.82096557161243,23.241709042672362,228.72273,0.8422758595153489
Fhua,16,1148,706,4.918327870526645,24.189949041999164,159.39168,0.6689110001198924
Fhua,16,1148,707,5.171107386087165,26.740351598445237,174.78972,0.633246335667055
Fhua,16,1148,708,4.598957484003472,21.150409939671547,161.27617,0.68028710251632
Fhua,16,1148,709,4.311460131264037,18.58868846347931,113.09509,0.583248759643671
Fhua,16,1148,710,2.7384610552952746,7.499168951368911,44.379246,0.46788961337271806
Fhua,16,1148,711,3.879720027590338,15.05222749248557,78.484085,0.4897901730514602
Fhua,16,1148,712,4.867499584789394,23.692552207924926,242.75998,0.7257418789607586
Fhua,16,1148,713,3.7114684400435163,13.774997981439052,117.52467,0.5435544328813691
Fhua,16,1148,714,3.2469516519281565,10.542695029958983,50.099495,0.3407805640261261
Fhua,16,1148,715,3.441418395250768,11.843360571170376,46.47535,0.41511269390775807
Fhua,16,1148,716,2.3635830030341496,5.586524612231927,59.979507,0.1235469455412421
Fhua,16,1148,717,3.2355083516111134,10.468514293345264,25.409079,0.345573011760446
Fhua,16,1148,718,3.6668394676531766,13.445711681539027,24.18385,0.7319177984525845
Fhua,16,1148,719,4.979558807530883,24.796005917658388,110.25131,0.8342347247575408
Fhua,16,1148,720,3.433812727905346,11.791069850324757,77.003716,0.6226512300820277
Fhua,16,1148,721,2.991064386170857,8.946466162219645,19.882198,0.31330341535822326
Fhua,16,1148,722,2.7410408641122452,7.5133050187332024,35.702244,0.271400506993512
Fhua,16,1148,723,2.7322208612221686,7.4650308344976075,10.589976,0.3570538679228993
Fhua,16,1148,724,2.770500230353277,7.675671526387563,30.38341,0.3455303039016489
Fhua,16,1148,725,3.390878516410746,11.498057113055946,44.07271,0.4183111801366359
Fhua,16,1148,726,2.6704016253415177,7.131044840626619,40.2766,0.2581057376364812
Fhua,16,1148,727,2.933520862152436,8.605544648683567,60.811745,0.14409744184194892
Fhua,16,1148,728,2.5892093921291326,6.704005276289713,94.42918,0.21120455506892294
Fhua,16,1148,729,2.5516425504238414,6.510879705133486,45.797432,0.14055265502766373
Fhua,16,1148,730,3.1357160570614426,9.832715190512964,31.590803,0.38135263933342056
Fhua,16,1148,731,2.7291980965041915,7.448522249962104,54.456802,0.26883666696583264
Fhua,16,1148,732,4.046858868094598,16.377066698275886,147.41064,0.6991447958232461
Fhua,16,1148,733,5.0899956648079385,25.908055867763597,144.37442,0.7202680563326623
Fhua,16,1148,734,3.587947690147292,12.873368627233287,78.2612,0.48258472362944843
Fhua,16,1148,735,2.973069738926742,8.839143672521926,45.505634,0.3288039234995695
Fhua,16,1148,736,3.4799406851566976,12.109987172208866,18.283813,0.6580097982410855
Fhua,16,1148,737,2.528299846282449,6.392300112711856,46.051105,0.35436896434514625
Fhua,16,1148,738,2.479178246682013,6.146324778821302,66.85503,0.13469010777679669
Fhua,16,1148,739,3.8418222546976186,14.75959823668989,95.11189,0.13451070353155292
Fhua,16,1148,740,3.5229931813400786,12.411480955768683,135.09766,0.7122681949627714
Fhua,16,1148,741,3.5148560800661577,12.354213263578037,61.885,0.5660883390543909
Fhua,16,1148,742,3.738194314669794,13.97409673422957,62.025604,0.5822380423157411
Fhua,16,1148,743,3.686520416014993,13.590432777695353,55.16193,0.1833608251361422
Fhua,16,1148,744,3.6479694905150044,13.307681403728301,113.373405,0.5506135876448516
Fhua,16,1148,745,3.2243828861152375,10.396644996272828,12.739836,0.27341813464272635
Fhua,16,1148,746,4.596919719700223,21.131670909368776,117.64955,0.8305773788018604
Fhua,16,1148,747,3.3262224150455713,11.063755554351596,89.310684,0.32938842320650225
Fhua,16,1148,748,2.8122333606654353,7.908656474839609,53.563286,0.07855601695179826
Fhua,16,1148,749,3.508164600521509,12.307218864352238,101.01402,0.6102225200711362
Fhua,16,1148,750,3.6282805911126603,13.164420047844837,44.983643,0.6000334602401395
Fhua,16,1148,751,2.781282564990671,7.735532706321088,49.10717,0.19695931786631407
Fhua,16,1148,752,2.8612339486927096,8.186659709151675,16.223093,0.439793250267107
Fhua,16,1148,753,3.9278094524126623,15.427687094462257,90.40573,0.45898719398143367
Fhua,16,1148,754,3.2590003093085858,10.621083016073458,56.109467,0.5046721750698837
Fhua,16,1148,755,3.841127651525605,14.754261635314608,57.645863,0.6313668869206814
Fhua,16,1148,756,3.30458374383222,10.92027372000017,89.92131,0.2641523237760274
Fhua,16,1148,757,2.7985982022289857,7.832151897519308,67.91899,0.14573857360423315
Fhua,16,1148,758,3.1557203290685294,9.958570795296387,35.15927,0.21149209332769506
Fhua,16,1148,759,3.7718993876635114,14.227224990656369,72.36169,0.5455088899011311
Fhua,16,1148,760,4.184421897137205,17.509386613241325,115.896965,0.4344390588827031
Fhua,16,1148,761,2.3631801398184087,5.584620373232152,47.734386,0.2049068797262834
Fhua,16,1148,762,3.1884360935575717,10.166124722700667,62.668327,0.3392125795866997
Fhua,16,1148,763,3.836571940517904,14.719284254769319,86.03018,0.5838499519334834
Fhua,16,1148,764,4.274730012258525,18.273316677703768,65.74817,0.42476485948844234
Fhua,16,1148,765,3.5389201580230063,12.523955884861582,73.92548,0.16894761606096836
Fhua,16,1148,766,3.3218158029810785,11.034460228934826,35.473907,0.29877573049570916
Fhua,16,1148,767,3.1562769932212036,9.96208445793748,83.68674,0.28855112232422764
Fhua,16,1148,768,3.4709961658670845,12.047814383463999,111.57234,0.29555558345571725
Fhua,16,1148,769,3.426666683970525,11.742044563033554,43.28566,0.14385426524174566
Fhua,16,1148,770,4.335275614591974,18.79461465447582,165.14246,0.5797664360409293
Fhua,16,1148,771,2.602082645339297,6.770834093175955,25.341246,0.3249420839132049
Fhua,16,1148,772,3.52428670253093,12.420596761636334,32.494835,0.48671104046408875
Fhua,16,1148,773,2.8884068335292725,8.342894035978597,50.741333,0.13049617369035904
Fhua,16,1148,774,3.7808297490105716,14.29467359100334,88.852615,0.4463539435446625
Fhua,16,1148,775,2.9879430434134093,8.92780363068259,19.861485,0.35398719616592206
Fhua,16,1148,776,2.6884841526471144,7.227947039034673,9.169836,0.5148174817610689
Fhua,16,1148,777,3.745625233651998,14.029708390970585,142.98454,0.43762245855793247
Fhua,16,1148,778,3.8768316854086255,15.029823916988287,52.501984,0.3839619959466246
Fhua,16,1148,779,3.8070942787133992,14.4939668470123,106.47941,0.6453309241521228
Fhua,16,1148,780,3.8430672504051815,14.76916589113684,18.51212,0.5130340723920317
Fhua,16,1148,781,3.073319933691833,9.445295414827571,55.983295,0.1645749546838461
Fhua,16,1148,782,3.2628140284359395,10.64595538415836,73.63313,0.3707926997607758
Fhua,16,1148,783,3.7378302573391338,13.971375032679934,124.47348,0.528208362542565
Fhua,16,1148,784,5.260133895328419,27.66900859678293,276.35583,0.6854387185819459
Fhua,16,1148,785,3.41310542577877,11.649288647480478,107.784164,0.34190931933064955
Fhua,16,1148,786,2.355326212642246,5.547561567959665,26.508347,0.04016872043063129
Fhua,16,1148,787,2.7186716977329306,7.3911758000540555,32.454773,0.08855714567133528
Fhua,16,1148,788,3.656552447028829,13.37037579787252,188.63245,0.3307820944047264
Fhua,16,1148,789,3.4147943790191437,11.660820650980742,101.147095,0.29129329905339196
Fhua,16,1148,790,3.527959958805116,12.446501470932196,75.963875,0.4468600534082505
Fhua,16,1148,791,3.3349789884719896,11.122084853549651,68.18119,0.5017209268041143
Fhua,16,1148,792,3.0193565650560945,9.116514066947337,91.83355,0.43494624543484317
Fhua,16,1148,793,2.55428487852685,6.5243712406709236,31.556892,0.22074274507617841
Fhua,16,1148,794,2.561749597227829,6.562560998896943,32.071323,0.10392387248025609
Fhua,16,1148,795,3.3336708294214845,11.113361198935728,109.77631,0.5300358656472386
Fhua,16,1148,796,3.109567364866599,9.669409196643404,55.576675,0.40174919906735174
Fhua,16,1148,797,3.8310560202104664,14.67699022999086,90.30539,0.5792457824538055
Fhua,16,1148,798,3.1761624027255,10.088007608487025,104.493065,0.27814369231596453
Fhua,16,1148,799,2.5680858154391437,6.59506475545973,31.612988,0.16161811880641186
Fhua,16,1148,800,3.264973931557219,10.660054773748197,69.81584,0.29851551807593657
Fhua,16,1148,801,3.823396720487141,14.61836248223183,130.44223,0.6266018054521698
Fhua,16,1148,802,3.97266109235831,15.78203615473752,124.79381,0.4374883561476236
Fhua,16,1148,803,5.0303166697606985,25.304085798072364,302.31995,0.6896036861147532
Fhua,16,1148,804,4.472690954375658,20.00496437335383,160.20265,0.6702572921751786
Fhua,16,1148,805,3.7074447646917474,13.745146683240243,115.49065,0.3061795027012475
Fhua,16,1148,806,2.054188058747436,4.219688580700561,29.707964,0.0751593805007511
Fhua,16,1148,807,3.3761955129504693,11.398696141666882,82.68239,0.3838671305890841
Fhua,16,1148,808,2.818834955659431,7.945830507247506,73.529045,0.16940476788398115
Fhua,16,1148,809,3.210247154615947,10.305686793719785,63.866104,0.6742857636106611
Fhua,16,1148,810,4.296823852689342,18.462695221040082,175.34328,0.5453894635385768
Fhua,16,1148,811,3.1473102384217184,9.905561736874171,21.456081,0.4859840215567748
Fhua,16,1148,812,4.449838210325548,19.801060098073275,44.55917,0.5570910350727016
Fhua,16,1148,813,4.76502703717572,22.70548266501562,181.51834,0.6471812329782121
Fhua,16,1148,814,3.990912694479293,15.92738413495597,156.79018,0.7275247608115619
Fhua,16,1148,815,4.971137708785947,24.712210119713596,238.37212,0.7689738209812724
Fhua,16,1148,816,3.2769063873199213,10.738115471258096,54.258003,0.31615987804207346
Fhua,16,1148,817,3.7383102650176365,13.97496363753623,42.99276,0.34758274594025895
Fhua,16,1148,818,2.869307658700309,8.232926440276254,81.6488,0.5939883824163205
Fhua,16,1148,819,5.299618746504107,28.085958858297754,244.43175,0.7260665587486049
Fhua,16,1148,820,4.5835782662665325,21.00918972299091,100.52721,0.5814873325796492
Fhua,16,1148,821,3.1800341527402654,10.112617212594497,22.151423,0.2409848395097748
Fhua,16,1148,822,3.197451183373187,10.223694070054592,63.903934,0.2938903732975867
Fhua,16,1148,823,3.3353628856003414,11.124645578640235,44.53188,0.3630176738292612
Fhua,16,1148,824,2.344056026138011,5.494598653673925,16.109947,0.24471138380964888
Fhua,16,1148,825,3.268324911035554,10.681947724095565,65.422165,0.20162496583855752
Fhua,16,1148,826,3.882750812955393,15.075753875505761,79.71991,0.6090982589529395
Fhua,16,1148,827,5.109148594552043,26.103399361213118,186.97464,0.6810785941886042
Fhua,16,1148,828,2.880745177719949,8.29869277895674,5.3756623,0.2064715517307147
Fhua,16,1148,829,2.31294238216193,5.349702463200905,6.547265,0.1027141273963892
Fhua,16,1148,830,2.6384690525900516,6.961518941475445,73.61375,0.4226888015304222
Fhua,16,1148,831,3.1075054282573635,9.656589986648981,77.602104,0.21751703401307015
Fhua,16,1148,832,3.7956801409967214,14.407187732756888,115.2289,0.6118097220544054
Fhua,16,1148,833,4.060791090030433,16.490024276870553,128.22916,0.74379548264536
Fhua,16,1148,834,3.562325803310389,12.690165128931007,88.57134,0.44603414097114485
Fhua,16,1148,835,4.333569431494664,18.779824017584986,180.23004,0.4301511271650179
Fhua,16,1148,836,3.5147680333461935,12.353594328232269,54.599625,0.3468601984255676
Fhua,16,1148,837,2.833261696633208,8.027371841608883,62.808083,0.5702841671854145
Fhua,16,1148,838,3.6800455196486554,13.542735026686145,115.2489,0.620449304958374
Fhua,16,1148,839,3.9225263097463072,15.386212650651988,74.69008,0.48320551686351965
Fhua,16,1148,840,4.853564880439701,23.55709204863765,176.12949,0.5544008854516788
Fhua,16,1148,841,4.013410889921318,16.107466971339033,68.70981,0.500562783018783
Fhua,16,1148,842,3.222194887657863,10.38253989404847,44.29866,0.4254067744151284
Fhua,16,1148,843,3.7815421690264888,14.30006117612556,80.31153,0.6942994510653101
Fhua,16,1148,844,3.8407523965708514,14.75137897176474,121.873604,0.7006752547280732
Fhua,16,1148,845,3.985028648953042,15.88045333297651,201.59828,0.6036712779107117
Fhua,16,1148,846,3.5801911175695134,12.817768438323641,150.87662,0.4896370135841988
Fhua,16,1148,847,2.922875265186047,8.543199815836404,30.452496,0.1918861760192252
Fhua,16,1148,848,3.8619035073722165,14.914298700253823,74.31844,0.5911680560155107
Fhua,16,1148,849,2.9561443816896906,8.738789605395523,40.05159,0.5082693428774742
Fhua,16,1148,850,3.0364546605305986,9.220056905457994,14.355756,0.26488449325705105
Fhua,16,1148,851,3.308751398831828,10.947835819271576,21.194954,0.3760057314112153
Fhua,16,1148,852,3.9151246010663097,15.32820064187463,56.873825,0.6050872253463748
Fhua,16,1148,853,3.941040411275952,15.531799523310122,133.08105,0.7427015789030252
Fhua,16,1148,854,3.8433561125696545,14.771386208026525,44.17272,0.5869687471439127
Fhua,16,1148,855,4.34116194683935,18.845687048686006,159.76154,0.4341326719106241
Fhua,16,1148,856,3.551490001726509,12.613081232363358,94.77332,0.39232549553475615
Fhua,16,1148,857,2.4121164460125093,5.818305749124022,15.166762,0.1297831143576067
Fhua,16,1148,858,3.7737749728464753,14.241377545682411,62.277336,0.23119426332848897
Fhua,16,1148,859,3.015229106598209,9.091606565277035,26.455364,0.22040882522318095
Fhua,16,1148,860,3.876325263336946,15.025897547184242,99.01739,0.26407430499947115
Fhua,16,1148,861,3.1153210575935604,9.70522529188586,66.55235,0.33209238581197603
Fhua,16,1148,862,3.1764742758653663,10.089988825234407,59.446358,0.18926025969636145
Fhua,16,1148,863,4.566504196281934,20.852960574660514,117.17554,0.3141346507474493
Fhua,16,1148,864,4.541313509912068,20.623528395309872,126.31702,0.4007423811312042
Fhua,16,1148,865,3.395904178739322,11.532165191179189,67.63834,0.46035849300343334
Fhua,16,1148,866,2.2052393447174747,4.863080567489956,29.788483,0.15694563967922087
Fhua,16,1148,867,3.8193486609855944,14.587424194172455,110.19832,0.3825778009045703
Fhua,16,1148,868,3.6286107645748813,13.166816080788701,104.16714,0.6058053593220526
Fhua,16,1148,869,3.940074477582964,15.524186888900669,105.87921,0.5974999054768707
Fhua,16,1148,870,4.236938304653595,17.951646197440883,85.21144,0.592330159464182
Fhua,16,1148,871,3.587621578552192,12.871028590893323,151.24153,0.44302723640941977
Fhua,16,1148,872,4.497104785254735,20.223951449561042,146.1709,0.6612819969516988
Fhua,16,1148,873,2.7062117100416985,7.3235818195668125,84.458885,0.2926819718399114
Fhua,16,1148,874,3.2333527885187365,10.45457025502189,68.67793,0.42304376223687257
Fhua,16,1148,875,3.959522641171987,15.677819545953586,75.168304,0.3587284518900065
Fhua,16,1148,876,2.559504474816092,6.5510631566035995,28.59984,0.11427106053155772
Fhua,16,1148,877,2.534280102282934,6.422575636827199,6.4189873,0.22472487822335807
Fhua,16,1148,878,2.3969606714441,5.74542046044975,28.656528,0.325678779886833
Fhua,16,1148,879,3.1565026520159027,9.963508992183426,61.97929,0.42529903125158286
Fhua,16,1148,880,3.3416268401434777,11.166469938767285,108.88164,0.29580424537135774
Fhua,16,1148,881,2.5008520934850536,6.254261193488577,33.309082,0.04653320185426887
Fhua,16,1148,882,2.6123086693142046,6.824156583774151,31.549667,0.24077425393420837
Fhua,16,1148,883,2.6306254614556877,6.92019031845895,15.640282,0.2348908499557639
Fhua,16,1148,884,2.537322364397998,6.438004780874247,37.374397,0.3379300418536463
Fhua,16,1148,885,3.8609474662195105,14.906915336906856,108.09674,0.48227542703091064
Fhua,16,1148,886,4.735688771321452,22.42674813882007,124.124954,0.6808848276870033
Fhua,16,1148,887,3.1469714851501895,9.903429528348392,52.0192,0.5150859812827892
Fhua,16,1148,888,3.6988647406219046,13.68160036941595,100.18243,0.374871709772002
Fhua,16,1148,889,5.151541931326001,26.538384270210027,210.48933,0.7057054840971538
Fhua,16,1148,890,4.386924287828734,19.245104707141643,84.79462,0.7495441426456942
Fhua,16,1148,891,2.906932264499315,8.450255190387118,21.851685,0.2305675497329509
Fhua,16,1148,892,2.530101498034938,6.401413590358636,7.8723135,0.17525653137699304
Fhua,16,1148,893,3.466320486236124,12.015377713300241,27.250977,0.29970966386137576
Fhua,16,1148,894,2.7825905301231493,7.742810058331029,45.549995,0.23176899140000395
Fhua,16,1148,895,4.341705875713893,18.85040991120854,137.22026,0.634923628734605
Fhua,16,1148,896,4.209556638707677,17.720367094487877,156.29297,0.8096029195979845
Fhua,16,1148,897,3.4989623863114745,12.242737780822486,72.2374,0.6565635908315579
Fhua,16,1148,898,4.339699048400466,18.832987830687905,150.3595,0.6650074155671242
Fhua,16,1148,899,3.7530361668998213,14.085280470058105,89.12878,0.5774959469176011
Fhua,16,1148,900,3.1106760649603693,9.676305581117328,38.701935,0.24850040828452807
Fhua,16,1148,901,3.2596711961482714,10.6254563069987,141.80936,0.49836737236683737
Fhua,16,1148,902,3.316087311958734,10.9964350605337,49.63182,0.2319200232998896
Fhua,16,1148,903,3.0359230193640463,9.216828579504508,18.32145,0.2703038221183366
Fhua,16,1148,904,3.129957335365589,9.79663292120886,71.3235,0.4372632481348907
Fhua,16,1148,905,2.6423280056945453,6.981897289677715,44.434757,0.5617570527176692
Fhua,16,1148,906,2.9494058167550254,8.69899467190838,44.55857,0.29829663002229323
Fhua,16,1148,907,3.629778381241463,13.175291096927896,139.39294,0.600236355633444
Fhua,16,1148,908,5.566154126092947,30.982071755421536,351.77002,0.7941911066418101
Fhua,16,1148,909,5.97691150707501,35.72347116340565,320.83685,0.7637233605171247
Fhua,16,1148,910,6.236795633533159,38.89761977445828,294.5873,0.8408203282563227
Fhua,16,1148,911,3.709547522950877,13.760742825030988,67.14863,0.686840150722867
Fhua,16,1148,912,3.3776220000782016,11.408330375412266,155.93553,0.20588061339835134
Fhua,16,1148,913,3.023497710422469,9.141538404929916,57.897034,0.3094745252525644
Fhua,16,1148,914,3.641308121325661,13.25912483443222,78.81528,0.5611689112291127
Fhua,16,1148,915,3.196439463594374,10.21722524442349,98.12218,0.6043694497253329
Fhua,16,1148,916,4.042505517187801,16.341850856493814,132.94904,0.34148656564217394
Fhua,16,1148,917,4.110722857506162,16.89804241122363,126.2626,0.692167117488423
Fhua,16,1148,918,3.7244212034798085,13.871313300929978,85.35275,0.2721781304927177
Fhua,16,1148,919,4.28070605671127,18.324444343964547,113.264946,0.6856716229665434
Fhua,16,1148,920,3.449693976771754,11.90038853337532,92.531044,0.6627966039028665
Fhua,16,1148,921,3.8751512899575484,15.016797520059654,90.627304,0.6353386623113004
Fhua,16,1148,922,3.823624107548698,14.62010131582758,42.839706,0.6320781255464389
Fhua,16,1148,923,2.8753427896962584,8.267596158258263,56.706635,0.06817332759494227
Fhua,16,1148,924,2.655675077217653,7.05261011575499,22.24348,0.27881185324995345
Fhua,16,1148,925,3.424641582735459,11.72816997020083,66.49368,0.37146693143322107
Fhua,16,1148,926,3.1773920339224166,10.095820137233629,15.713717,0.35255859620903834
Fhua,16,1148,927,3.671258754112458,13.47814083964736,60.990894,0.5790747398998657
Fhua,16,1148,928,2.8280963105425725,7.998128741704511,9.729071,0.738841495158026
Fhua,16,1148,929,2.5746765567711276,6.628959371986827,19.127256,0.23476703818088238
Fhua,16,1148,930,2.110541743995427,4.454386453147258,15.875797,0.12992411732155376
Fhua,16,1148,931,3.8029656918256336,14.46254805320282,22.104883,0.4460134146089107
Fhua,16,1148,932,3.3238053318090643,11.047681883762367,36.814556,0.4990134848112601
Fhua,16,1148,933,5.225544026344714,27.306310371266928,148.28632,0.8820363334578192
Fhua,16,1148,934,5.165775446818206,26.685235966949833,245.03253,0.6489346412750095
Fhua,16,1148,935,3.340657207815108,11.159990580127037,24.740578,0.4369728350277431
Fhua,16,1148,936,2.943095175380659,8.661809211348913,52.55875,0.35926035457401956
Fhua,16,1148,937,4.117182031853235,16.95118788341513,152.18793,0.6897988240839392
Fhua,16,1148,938,3.2455168289421747,10.533379486946874,18.42635,0.536806505482796
Fhua,16,1148,939,4.013299821858532,16.106575460129726,125.64998,0.6980866562214666
Fhua,16,1148,940,2.9076395190875113,8.454367572959452,42.538097,0.2846825279561007
Fhua,16,1148,941,3.4175759237615737,11.679825194674773,78.61586,0.2423227357356021
Fhua,16,1148,942,3.3991436472177545,11.55417753442082,131.69788,0.39805540034667686
Fhua,16,1148,943,2.7484653730467477,7.554061906836996,81.8792,0.265633391508197
Fhua,16,1148,944,3.9312672792625447,15.454862421000337,81.720146,0.6229135213996195
Fhua,16,1148,945,3.54670816151612,12.579138782965053,58.497185,0.2577108931704422
Fhua,16,1148,946,3.3546603415502547,11.253746007170067,54.620052,0.5796663379477888
Fhua,16,1148,947,4.098266138077891,16.79578533851587,63.869556,0.7040677854379649
Fhua,16,1148,948,2.7613222592528537,7.624900619445285,6.724479,0.3426474041024255
Fhua,16,1148,949,2.8487758321933443,8.115523742088882,31.634237,0.4659280186064931
Fhua,16,1148,950,4.363061030166828,19.036301552960424,169.5255,0.3457587392775289
Fhua,16,1148,951,3.9573091064549595,15.660295364031347,132.1745,0.7182178247548542
Fhua,16,1148,952,3.7151300512505046,13.80219129770458,30.3664,0.5662083457454304
Fhua,16,1148,953,2.9474843990822386,8.687664282833186,110.89899,0.2793689517289263
Fhua,16,1148,954,3.6484078930115436,13.31088015378893,89.822815,0.502925666597623
Fhua,16,1148,955,2.4508219246098744,6.006528106148448,14.732735,0.18767901780224344
Fhua,16,1148,956,2.1564855365634137,4.650429869407193,19.352253,0.12284448597186766
Fhua,16,1148,957,2.613088680067724,6.8282324498980795,20.129456,0.33204921912196667
Fhua,16,1148,958,3.9881936815236725,15.905688841345338,136.19315,0.614213454566899
Fhua,16,1148,959,3.498761710034049,12.241333503600384,96.624306,0.5504173061504909
Fhua,16,1148,960,2.4241650981332747,5.876576423007511,39.412445,0.1385291849424456
Fhua,16,1148,961,2.9553041213321203,8.733822449562613,73.14374,0.2400360876968373
Fhua,16,1148,962,2.9190217838153236,8.520688174388397,71.78673,0.04634967547579915
Fhua,16,1148,963,3.3965419756690896,11.536497392482081,76.420746,0.48077049303753394
Fhua,16,1148,964,3.785849782873864,14.332658578486086,127.16781,0.4188154860565371
Fhua,16,1148,965,2.6456227618079473,6.999319797796311,34.160038,0.2378809059343267
Fhua,16,1148,966,2.7358249291979786,7.484738043221124,28.02692,0.4607714471099791
Fhua,16,1148,967,4.038050085725927,16.305848494831164,158.43016,0.6033023504792606
Fhua,16,1148,968,3.8383606357782836,14.733012370292274,109.39633,0.46497447485694404
Fhua,16,1148,969,4.846638109235589,23.489900961894726,148.17279,0.5722088227273523
Fhua,16,1148,970,3.521958687289814,12.404192994976189,154.0066,0.39630032526656483
Fhua,16,1148,971,2.840047992134489,8.065872597627141,66.46437,0.15141279382524309
Fhua,16,1148,972,3.7635062893241966,14.163979589782782,35.44594,0.568629205940028
Fhua,16,1148,973,4.500456545005997,20.25410911348731,139.66347,0.7264913351706217
Fhua,16,1148,974,3.760984312305564,14.145002997408554,40.140823,0.5912647079434328
Fhua,16,1148,975,2.9873788112552746,8.924432161936975,81.92317,0.3976195242699025
Fhua,16,1148,976,2.3390177991688095,5.471004264828503,4.7980223,0.39112957790392366
Fhua,16,1148,977,2.8193249722418257,7.9485932991063715,16.58321,0.3861090599434844
Fhua,16,1148,978,2.438452025003289,5.9460482782426425,34.27223,0.10438939919330009
Fhua,16,1148,979,3.1899665209399077,10.175886404717458,52.455933,0.2844916960152006
Fhua,16,1148,980,3.1476210922371353,9.907518540296095,47.677307,0.3911508584716568
Fhua,16,1148,981,2.872353859173937,8.25041669231141,27.396332,0.518735707769183
Fhua,16,1148,982,2.937716444836032,8.630177910260057,48.032585,0.14935125383634054
Fhua,16,1148,983,3.597492153878275,12.941949797215749,112.01182,0.2753458214165578
Fhua,16,1148,984,2.7923559782496232,7.797251909266411,4.045823,0.1596228539732253
Fhua,16,1148,985,2.7621884728361135,7.6296851594687025,63.907555,0.23902893912442397
Fhua,16,1148,986,3.987592558470248,15.900894412367302,168.2573,0.35243888066153783
Fhua,16,1148,987,2.864687606585481,8.206435083324449,57.566055,0.38048779654224685
Fhua,16,1148,988,3.328893014644566,11.08152870294939,42.812393,0.2714949753787434
Fhua,16,1148,989,2.7754794426781713,7.703286136729134,25.277935,0.12633153169236871
Fhua,16,1148,990,3.1948803791800273,10.207260637269512,79.051,0.14660996995653364
Fhua,16,1148,991,2.724978861837456,7.425509797460957,26.212776,0.22953251135359992
Fhua,16,1148,992,2.9646086099432822,8.788904210149836,24.767262,0.22007712778061972
Fhua,16,1148,993,3.461120705173548,11.97935653578104,80.811615,0.31084851847632644
Fhua,16,1148,994,3.3743492730717066,11.386233016679554,121.77208,0.3871605417536948
Fhua,16,1148,995,2.324542880791064,5.40349960463642,15.491494,0.11766472874352446
Fhua,16,1148,996,2.576133201724088,6.6364622730252005,29.154325,0.1938582856599149
Fhua,16,1148,997,3.6959832478527566,13.660292168408212,103.85601,0.5588051735662828
Fhua,16,1148,998,2.4575251071611506,6.039429652327423,25.265966,0.027399233704732358
Fhua,16,1148,999,2.387101339165945,5.69825280344785,25.927128,0.1004100928567898
Fhua,16,1148,1000,2.8582220425248845,8.169433244375123,85.6498,0.19504497767666337
Fhua,16,1148,1001,2.8962838937215216,8.388460393030696,45.197357,0.30153328518161404
Fhua,16,1148,1002,3.3993395445169,11.555509338916366,83.220184,0.2747407203987382
Fhua,16,1148,1003,3.4161622340716393,11.670164409497334,69.6065,0.2428872070087989
Fhua,16,1148,1004,2.5101060123483827,6.300632193227502,20.43757,0.20019448390148836
Fhua,16,1148,1005,3.818143745139647,14.578221658549005,54.33557,0.4168846142526337
Fhua,16,1148,1006,4.8704776153566405,23.721552201690105,208.29187,0.7047160872201635
Fhua,16,1148,1007,2.6161758843191905,6.844376257693297,75.97798,0.2948094676450572
Fhua,16,1148,1008,2.783477066898238,7.7477445819484165,62.061752,0.22660599657338862
Fhua,16,1148,1009,2.543387605531366,6.468820511970573,27.277449,0.23574341617112238
Fhua,16,1148,1010,3.668763062872863,13.459822411500273,147.5364,0.6672716309338866
Fhua,16,1148,1011,4.773599196057136,22.787249284597333,271.64194,0.6396919412575099
Fhua,16,1148,1012,4.62678108000629,21.40710316230417,210.42601,0.6415985396094585
Fhua,16,1148,1013,3.809997210554149,14.516078744430388,50.735474,0.27424533799902523
Fhua,16,1148,1014,3.149336380671005,9.918319638617946,49.198566,0.6127623736348684
Fhua,16,1148,1015,3.4677730759220493,12.025450106089876,39.63408,0.19311356056518153
Fhua,16,1148,1016,2.7144210258665002,7.368081505666143,12.115566,0.2543800692833278
Fhua,16,1148,1017,2.66837543679623,7.12022747169747,22.396646,0.2679923265604621
Fhua,16,1148,1018,3.46712175914927,12.020933292766328,35.776646,0.44598605669756636
Fhua,16,1148,1019,3.30408480517604,10.91697639979519,63.27751,0.5026997409124907
Fhua,16,1148,1020,2.490371640146618,6.201950906046557,3.5806055,0.16432534499159848
Fhua,16,1148,1021,2.1743452919950697,4.727777448821126,13.855923,0.040050801134962837
Fhua,16,1148,1022,3.0209569404845222,9.126180836261602,42.942463,0.21367938250323276
Fhua,16,1148,1023,3.989842978336617,15.918846991782003,113.118256,0.774573911008893
Fhua,16,1148,1024,2.5757907310287633,6.6346978900536895,22.54797,0.381244249836757
Fhua,16,1148,1025,2.4342465821009496,5.925556422470155,47.811195,0.2120189773209131
Fhua,16,1148,1026,3.189587707600535,10.173469744476431,66.19563,0.4181782913723193
Fhua,16,1148,1027,2.159098418020679,4.6617059786993975,9.33985,0.15725318130094845
Fhua,16,1148,1028,3.501321386282502,12.259251450039221,85.414795,0.2892658543087222
Fhua,16,1148,1029,3.523046180154694,12.411854387502583,76.90339,0.558508373991287
Fhua,16,1148,1030,4.2817987839293075,18.333800826058496,50.769608,0.617503372383369
Fhua,16,1148,1031,4.941884720224517,24.42222458798855,155.64963,0.4050319998016082
Fhua,16,1148,1032,4.3892307174038425,19.265346290601446,185.83362,0.45130352427556053
Fhua,16,1148,1033,3.608251728702685,13.019480537685917,12.320383,0.5150962066165996
Fhua,16,1148,1034,2.3371443436736463,5.4622436831657195,13.181307,0.1294379544933098
Fhua,16,1148,1035,2.938655168389932,8.635694198704858,71.68727,0.39894052343795317
Fhua,16,1148,1036,3.3211389171920174,11.029963707287363,47.980698,0.5039584741085834
Fhua,16,1148,1037,3.089585006611274,9.545535513077187,103.992905,0.3092929574381667
Fhua,16,1148,1038,3.047171432721434,9.285253740393596,95.53301,0.3189891308859102
Fhua,16,1148,1039,2.6607917711519136,7.079812849429737,13.722546,0.2629330524281196
Fhua,16,1148,1040,3.5236191688774117,12.415892047280341,34.31419,0.148293795997531
Fhua,16,1148,1041,3.111860867858153,9.683678060906896,88.6539,0.4574090969262786
Fhua,16,1148,1042,4.242015267464004,17.994693529397697,97.03711,0.3859465722657426
Fhua,16,1148,1043,2.617403349521332,6.850800294085487,33.300713,0.33176972734597393
Fhua,16,1148,1044,3.751569616578244,14.074274588033033,29.168198,0.6210053389800613
Fhua,16,1148,1045,3.226331021330399,10.409211859198853,71.33937,0.4387808294705466
Fhua,16,1148,1046,3.041162884161345,9.24867168800055,31.226564,0.29742932864551563
Fhua,16,1148,1047,3.418168701457153,11.683877271621277,109.008514,0.38805778705467653
Fhua,16,1148,1048,4.56519687470151,20.84102250478443,154.20366,0.7291012288222599
Fhua,16,1148,1049,4.80649986919542,23.102440992575602,54.359,0.7121311021954548
Fhua,16,1148,1050,4.8232080971259315,23.26333634818116,95.990456,0.4511389575156147
Fhua,16,1148,1051,3.7696785591575144,14.210476439371869,84.4051,0.6041219606723506
Fhua,16,1148,1052,3.171038447363603,10.055484834658165,115.93529,0.6138983082168052
Fhua,16,1148,1053,2.9149794452000743,8.497105165938931,63.39463,0.4735549473044971
Fhua,16,1148,1054,3.475179514509157,12.076872658064097,41.793125,0.5267808545478431
Fhua,16,1148,1055,4.698034482539096,22.071527999126392,87.27745,0.6436879077921367
Fhua,16,1148,1056,3.7109596616992317,13.771221610758875,64.51215,0.30316536549031414
Fhua,16,1148,1057,2.6387993825602933,6.963262181400584,20.89019,0.0846220029655373
Fhua,16,1148,1058,2.3851360995591224,5.688874213420101,19.911402,0.10611830310920278
Fhua,16,1148,1059,3.0253501950717174,9.15274380282048,19.808619,0.22016093038171025
Fhua,16,1148,1060,2.8719683099009385,8.248201973075252,19.667953,0.2094597738044509
Fhua,16,1148,1061,2.674105274060128,7.150839016756192,10.682866,0.21909183488289002
Fhua,16,1148,1062,2.7304499065613177,7.4553566922407075,20.31618,0.23738811337586352
Fhua,16,1148,1063,2.8475134850514032,8.108333047549587,22.011858,0.17867433589496645
Fhua,16,1148,1064,3.1815260465911264,10.122107985137756,10.137474,0.6166800755411637
Fhua,16,1148,1065,2.714337576494697,7.367628479171106,32.24235,0.30553406428815266
Fhua,16,1148,1066,2.6795276636934404,7.1798685004984275,35.59246,0.2939567247614441
Fhua,16,1148,1067,3.691738443789316,13.62893273735196,97.52959,0.48731693878984705
Fhua,16,1148,1068,4.785605188311588,22.90201701839479,124.20249,0.7987389864146202
Fhua,16,1148,1069,3.660683275112938,13.400602040691588,49.792988,0.31476786386117755
Fhua,16,1148,1070,3.0691140824380336,9.419461251019458,61.92935,0.4834165182115265
Fhua,16,1148,1071,4.106814816814644,16.865927939608294,99.29286,0.5991606004760583
Fhua,16,1148,1072,3.093785633606163,9.571509546707885,45.562325,0.1916181413942547
Fhua,16,1148,1073,2.6173826836967446,6.850692112915572,64.80468,0.3792065822497783
Fhua,16,1148,1074,2.5945051905114447,6.731457183590828,54.391125,0.09180941101439509
Fhua,16,1148,1075,3.4167178871677755,11.673961120492233,68.54303,0.5704323959081438
Fhua,16,1148,1076,2.9224580909779316,8.540761293522378,12.275527,0.39132174600899955
Fhua,16,1148,1077,3.8506615824032844,14.827594622196566,131.23369,0.4912812142137551
Fhua,16,1148,1078,2.6967947599486672,7.27270197728659,24.24909,0.3913017543592847
Fhua,16,1148,1079,3.3075483530625065,10.939876107846498,108.10681,0.46402210783555964
Fhua,16,1148,1080,2.791285022064502,7.7912720744016255,32.384743,0.2076587305685996
Fhua,16,1148,1081,3.0450571748436297,9.272373198066672,39.24152,0.2709718050944808
Fhua,16,1148,1082,3.520917716687071,12.396861567680892,79.42463,0.3780350068403039
Fhua,16,1148,1083,3.2142054896782213,10.331116929877616,94.2579,0.1870338928119337
Fhua,16,1148,1084,2.4787019418965537,6.143963316761746,46.763283,0.21602580007419386
Fhua,16,1148,1085,2.2692180393860824,5.149350510275214,7.1201124,0.25961435691637436
Fhua,16,1148,1086,4.552724879874317,20.72730383182661,96.07025,0.7245739792612316
Fhua,16,1148,1087,5.507051892327343,30.327620544786168,225.33423,0.6987499303436591
Fhua,16,1148,1088,4.225466790038165,17.85456959371543,131.22334,0.5610669317144534
Fhua,16,1148,1089,3.2339727635449194,10.45857983535036,91.09904,0.2515305135101218
Fhua,16,1148,1090,2.5184433151750096,6.342556731749693,2.9280539,0.27289283831319144
Fhua,16,1148,1091,3.2290783233668687,10.42694681843779,67.57394,0.12769209032209272
Fhua,16,1148,1092,2.9787238226684947,8.872795611732808,39.625275,0.3316086650211971
Fhua,16,1148,1093,4.392069317773948,19.29027289213131,171.14449,0.6127955117978434
Fhua,16,1148,1094,3.975778009301682,15.806810779246847,73.371315,0.7419717774600586
Fhua,16,1148,1095,2.446245142657631,5.984115297976054,55.687054,0.29914089858622134
Fhua,16,1148,1096,3.3397041850321663,11.153624043521365,32.455833,0.19308571843057704
Fhua,16,1148,1097,3.1575545743972353,9.970150890296907,48.347816,0.4325085903430089
Fhua,16,1148,1098,2.6772230626575193,7.1675233272253065,17.424427,0.20039595492206674
Fhua,16,1148,1099,2.3495900256495905,5.520573288632043,15.175558,0.08988240657735992
Fhua,16,1148,1100,4.143893629673477,17.171854414048422,98.99202,0.6393015328273675
Fhua,16,1148,1101,3.3033764583334513,10.912296025471656,72.767975,0.5946166377356478
Fhua,16,1148,1102,2.9042478408510766,8.434655521088139,109.782486,0.14860289374101543
Fhua,16,1148,1103,3.042931758000504,9.25943368384804,40.292286,0.40173342470934686
Fhua,16,1148,1104,4.206294920629749,17.69291695931562,108.863815,0.6874084781447821
Fhua,16,1148,1105,4.716772943493799,22.247947000475158,207.8039,0.735864064628408
Fhua,16,1148,1106,4.125615069563057,17.02069970220579,60.470165,0.5118081852524126
Fhua,16,1148,1107,2.7386743553760375,7.500337224794357,22.911232,0.4704846660368967
Fhua,16,1148,1108,3.163238463600088,10.00607757759904,119.82237,0.3631700653750613
Fhua,16,1148,1109,2.8220454996586426,7.9639408021436005,14.207008,0.11511016373605981
Fhua,16,1148,1110,3.2125803645079283,10.320672598421893,88.16274,0.39343858555006406
Fhua,16,1148,1111,4.492722563590816,20.184556033398035,76.493805,0.5098072223732917
Fhua,16,1148,1112,4.327275641255809,18.725314475405874,129.62918,0.7913001615117827
Fhua,16,1148,1113,5.4434345680932115,29.63097989711212,199.85455,0.6400167050994873
Fhua,16,1148,1114,3.0726723870965302,9.441315598425488,19.469795,0.14660368332655155
Fhua,16,1148,1115,3.6506804312089733,13.327467610812134,49.584717,0.40742743784251356
Fhua,16,1148,1116,3.0333644438107825,9.201299848975495,57.197243,0.20347575104972943
Fhua,16,1148,1117,3.087066657975875,9.52998055078634,63.34422,0.33318835812080444
Fhua,16,1148,1118,3.3785052377191356,11.414297641295633,85.30521,0.518182556096344
Fhua,16,1148,1119,4.1427510715153355,17.16238644054146,167.92372,0.7020285698753789
Fhua,16,1148,1120,3.427167831882626,11.745479347891063,39.80694,0.5928703281146882
Fhua,16,1148,1121,2.491847766501827,6.209305291420142,20.101242,0.21675593865086512
Fhua,16,1148,1122,3.1278477105376807,9.78343130031581,93.20305,0.4656860017332538
Fhua,16,1148,1123,2.879216456875386,8.289887405542052,5.571889,0.2636362829953238
Fhua,16,1148,1124,2.5406687771585794,6.454997835228473,36.707565,0.1326879781886917
Fhua,16,1148,1125,3.306616696371235,10.93371397672102,111.21318,0.4310527975677884
Fhua,16,1148,1126,4.197116767858896,17.615789163042308,113.28559,0.6910833193489664
Fhua,16,1148,1127,2.5247337926037776,6.374280723515454,2.2629428,0.23565815863337686
Fhua,16,1148,1128,3.943822204668758,15.553733582038342,66.04656,0.4494356594503962
Fhua,16,1148,1129,4.57880118918485,20.965420330080605,234.61124,0.7864574801790135
Fhua,16,1148,1130,2.814880741924287,7.923553591256225,62.84443,0.47151451689789364
Fhua,16,1148,1131,3.3605219256689924,11.29310761290203,110.7806,0.5959486341358747
Fhua,16,1148,1132,3.544971395320212,12.566822193638535,54.28838,0.23142644523278136
Fhua,16,1148,1133,3.736886982405333,13.964324319270432,97.31554,0.6600427488107883
Fhua,16,1148,1134,3.157296786093267,9.968522995474876,90.66536,0.5314193351528643
Fhua,16,1148,1135,3.2253531651899894,10.402903040201082,78.258026,0.3602676100626917
Fhua,16,1148,1136,3.5318074269320303,12.473663700932248,32.7089,0.4111138669881339
Fhua,16,1148,1137,3.423253849254368,11.718666916434845,138.17288,0.44742930728767916
Fhua,16,1148,1138,2.613626888695245,6.8310455133107855,17.422434,0.2368885828738082
Fhua,16,1148,1139,2.7966534757964343,7.821270663684277,24.562225,0.15764245225557566
Fhua,16,1148,1140,3.3000044799533415,10.890029567712126,53.229557,0.43405567743798057
Fhua,16,1148,1141,4.238103748741643,17.961523385097966,116.63229,0.6729827430903758
Fhua,16,1148,1142,2.869141719462791,8.231974206361901,73.6996,0.4421001266843736
Fhua,16,1148,1143,3.4136233025471445,11.652824051692873,115.0593,0.4563130782946964
Fhua,16,1148,1144,3.537195961821512,12.511755272326406,5.048453,0.6310830209427368
Fhua,16,1148,1145,2.740384153693102,7.509705309812261,8.452421,0.22317754753180516
Fhua,16,1148,1146,3.109399914058318,9.668367825545873,74.15444,0.31303893651534737
Fhua,16,1148,1147,3.2727051732942334,10.71059915130684,62.89631,0.32596718895549165
Fhua,16,1148,1148,2.6788352709644982,7.1761584089634365,40.84742,0.3335562918855649
Fhua,16,1148,1149,2.6115389642425764,6.820135761757188,0.54782486,0.3061075199169023
Fhua,16,1148,1150,2.769041899871007,7.6675930432412365,30.994404,0.16147047931555703
Fhua,16,1148,1151,2.987747533702533,8.926635325145568,74.62655,0.2733021724068835
Fhua,16,1148,1152,3.2039494101852535,10.265291823026432,82.19985,0.46601701277043156
Fhua,16,1148,1153,5.925812877951637,35.115258264497484,335.10144,0.875421731648345
Fhua,16,1148,1154,4.218635309648021,17.796883875809055,58.137497,0.4019831260751149
Fhua,16,1148,1155,3.1249395121848758,9.76524695481425,75.89879,0.5213955998110307
Fhua,16,1148,1156,3.7097026580506594,13.761893811148127,54.85374,0.2296624548322165
Fhua,16,1148,1157,2.466407022161674,6.083163598968417,20.453648,0.4785388132107463
Fhua,16,1148,1158,2.494723094570742,6.22364331858462,41.68531,0.3181144966305621
Fhua,16,1148,1159,3.2831775048186174,10.779254528147005,71.12793,0.5328661747053758
Fhua,16,1148,1160,3.3968208184814777,11.538391672869173,61.96722,0.3967590088615047
Fhua,16,1148,1161,3.0755677412189226,9.459116930826466,85.88053,0.582331023211448
Fhua,16,1148,1162,2.678245325043203,7.172998021115769,17.743896,0.23820899584565697
Fhua,16,1148,1163,2.9241029380933443,8.550377992566132,44.600933,0.27373421623894545
Fhua,16,1148,1164,2.658073291971468,7.065353625492036,25.70039,0.24888501574547167
Fhua,16,1148,1165,3.275619419588202,10.729682581983349,47.480125,0.3187878446960315
Fhua,16,1148,1166,2.740920966319648,7.512647743610631,8.006775,0.27511364618841544
Fhua,16,1148,1167,3.224695337178742,10.398660017622321,43.652855,0.24550184208326145
Fhua,16,1148,1168,3.3071787960890187,10.937431589300811,76.22243,0.36637907543662873
Fhua,16,1148,1169,3.3725043669759223,11.373785705271667,116.532104,0.46360940828720976
Fhua,16,1148,1170,4.586782371629941,21.03857252469519,280.13004,0.7407694563178083
Fhua,16,1148,1171,3.6943256443338233,13.64804196638252,109.55211,0.5246942414157382
Fhua,16,1148,1172,5.716784189629337,32.681621470795946,305.44272,0.7856634502271558
Fhua,16,1148,1173,4.139692325326843,17.137052548369965,141.96455,0.7030819508781503
Fhua,16,1148,1174,4.570746106414798,20.891719969306035,207.05524,0.7834806422251316
Fhua,16,1148,1175,3.461934725308385,11.984992042296046,35.423977,0.5867898572616603
Fhua,16,1148,1176,3.4058782704995485,11.600006793460997,76.68048,0.5947170876702423
Fhua,16,1148,1177,4.619278097518014,21.33773014220964,136.73013,0.6065027859620379
Fhua,16,1148,1178,5.151599903658713,26.538981567376467,119.60467,0.5735105532696768
Fhua,16,1148,1179,4.266861454615991,18.206106672887692,153.34688,0.5972252380944133
Fhua,16,1148,1180,4.891620810007897,23.9279541489023,149.81029,0.7609420502116606
Fhua,16,1148,1181,3.713032175223427,13.786607934244408,141.66515,0.6316138361234959
Fhua,16,1148,1182,3.4236900691187238,11.721653689382167,45.42138,0.2206568144965036
Fhua,16,1148,1183,3.5370046901196637,12.5104021779285,63.805935,0.3135360262601514
Fhua,16,1148,1184,3.4861574581116606,12.153293822747555,77.1086,0.5046932855254096
Fhua,16,1148,1185,3.731638056471851,13.925122584509012,56.815628,0.5333776436947293
Fhua,16,1148,1186,4.197942619338767,17.622722235260827,137.38771,0.5168522644447182
Fhua,16,1148,1187,4.419924705989744,19.535734406618523,186.21513,0.5390138209372564
Fhua,16,1148,1188,3.5930217102990043,12.909805010679982,39.674435,0.5518311275674502
Fhua,16,1148,1189,3.115477829448657,9.706202105786117,27.364582,0.2948468186735541
Fhua,16,1148,1190,2.447138365159132,5.98848617823371,11.1696005,0.10163654481921319
Fhua,16,1148,1191,3.2614500549639764,10.637056461024528,54.953506,0.5695814172261289
Fhua,16,1148,1192,4.151680636588782,17.23645210822624,189.38875,0.6794125736178451
Fhua,16,1148,1193,2.7849446782227587,7.755916860761265,13.845934,0.4120338225997968
Fhua,16,1148,1194,4.786264073796519,22.908323784115254,148.03444,0.7035283133337286
Fhua,16,1148,1195,3.990635099426079,15.925168496771397,100.829956,0.7926477256443475
Fhua,16,1148,1196,4.216194619099379,17.776297066122552,90.37871,0.709189881837169
Fhua,16,1148,1197,4.290721316228103,18.410289413534226,125.21286,0.5269367535431874
Fhua,16,1148,1198,4.699552084852138,22.085789798238075,194.39209,0.6580107441401752
Fhua,16,1148,1199,4.960688660105507,24.608431982499383,223.67752,0.7377038821476642
Fhua,16,1148,1200,3.0758433326584806,9.460812207059629,53.116005,0.3277911066726319
Fhua,16,1148,1201,3.6947995655113752,13.651543829303048,83.69849,0.3719794446854218
Fhua,16,1148,1202,2.8159181639544606,7.929395106088664,75.88435,0.5501777580759275
Fhua,16,1148,1203,2.559657377953749,6.551845892513062,35.542057,0.22562531395293678
Fhua,16,1148,1204,2.8013881126991724,7.847775357972233,35.78767,0.30004269739546074
Fhua,16,1148,1205,2.9027254155756577,8.425814838228876,13.584727,0.14817144894455037
Fhua,16,1148,1206,2.876387769963209,8.273606603193922,55.22922,0.14125591682819627
Fhua,16,1148,1207,2.509029953103485,6.295231305570474,29.955816,0.11747127621296695
Fhua,16,1148,1208,2.15111015557819,4.627274901431624,13.474979,0.09787107448515314
Fhua,16,1148,1209,3.1050903439050344,9.641586043812287,27.857458,0.31717513892587823
Fhua,16,1148,1210,3.2069815455723965,10.284730633641914,55.879227,0.318156429107068
Fhua,16,1148,1211,3.4140654872865834,11.655843151481374,34.459187,0.2480519918691254
Fhua,16,1148,1212,4.141676557311128,17.153484705380556,142.50656,0.5896976832910469
Fhua,16,1148,1213,3.8582941895469385,14.886434053091667,172.94968,0.6025489355158742
Fhua,16,1148,1214,3.45319730287601,11.92457161259015,65.62855,0.21254238241112122
Fhua,16,1148,1215,3.3275925781618017,11.072872366237505,86.33712,0.4468257399915102
Fhua,16,1148,1216,2.5494042919511033,6.4994622438187095,23.792015,0.30384862116121103
Fhua,16,1148,1217,2.9544974544744065,8.729055208495748,2.9182456,0.35283029962122586
Fhua,16,1148,1218,3.7786508099014373,14.278201943168785,139.92381,0.6462903360035954
Fhua,16,1148,1219,2.478304391464398,6.141992656751721,34.344997,0.09017159821675041
Fhua,16,1148,1220,3.855195900356838,14.862535430128172,128.91945,0.27147235935634206
Fhua,16,1148,1221,3.8550534006972854,14.861436722227705,29.68594,0.5542326933884196
Fhua,16,1148,1222,3.0473728941918616,9.286481556255278,47.83519,0.556223373826676
Fhua,16,1148,1223,3.0324556614744114,9.195787338808211,45.679436,0.302459825698091
Fhua,16,1148,1224,3.259319284479078,10.62316219817721,36.962852,0.3051984849033041
Fhua,16,1148,1225,3.3812986105408616,11.43318029364556,44.609695,0.38265883639501774
Fhua,16,1148,1226,3.0657725213642606,9.398961152752173,64.70983,0.12372625354764566
Fhua,16,1148,1227,3.3298896371472497,11.088164995580645,58.506046,0.21863484021656016
Fhua,16,1148,1228,2.8309778833216166,8.014435775856143,36.30511,0.09484253304923951
Fhua,16,1148,1229,3.4778428754476534,12.095391066302007,116.199905,0.5163490717092267
Fhua,16,1148,1230,3.1518627698179498,9.934238919764482,49.55822,0.5791791574101031
Fhua,16,1148,1231,2.8666676616683446,8.217783482455054,14.719326,0.09576698269940323
Fhua,16,1148,1232,2.6212191302508194,6.870789728792864,61.842907,0.24380479023399326
Fhua,16,1148,1233,2.581349777019636,6.6633666713193245,51.23248,0.12808443688376767
Fhua,16,1148,1234,3.740257693841983,13.989527616344152,75.10962,0.37338225106495115
Fhua,16,1148,1235,2.6443089847938785,6.99237000706163,17.917315,0.24010156764090063
Fhua,16,1148,1236,2.5839966064198645,6.677038461989377,21.578732,0.19785473507635215
Fhua,16,1148,1237,3.495738924342462,12.220190627162992,57.88136,0.5333652587758626
Fhua,16,1148,1238,4.540600551189603,20.617053365463327,159.2958,0.7230635129794026
Fhua,16,1148,1239,3.326474888422212,11.065435183303563,84.29218,0.3226506813700396
Fhua,16,1148,1240,2.7921121261196027,7.795890124824127,5.224066,0.26895164184183873
Fhua,16,1148,1241,3.842364225122864,14.763762838504023,45.769566,0.30193479816378743
Fhua,16,1148,1242,3.5509406350545296,12.609179393681464,90.7219,0.4610258750567826
Fhua,16,1148,1243,4.827372886463273,23.303528984960753,201.7774,0.7619163987421675
Fhua,16,1148,1244,3.723606649499213,13.865246480194752,71.89688,0.5076514507145408
Fhua,16,1148,1245,3.3186689671805447,11.013563713727184,8.639473,0.5259386771152276
Fhua,16,1148,1246,3.764925119775691,14.174661157518003,89.69919,0.6486216584877156
Fhua,16,1148,1247,3.130092661936694,9.797480072309941,114.88176,0.5407589573641649
Fhua,16,1148,1248,2.9381284073953267,8.632598538343398,61.20732,0.23938464252075273
Fhua,16,1148,1249,2.9525154051004794,8.717347217355648,35.790813,0.27025874110486237
Fhua,16,1148,1250,3.3558344990567432,11.261625185059422,24.645273,0.34968148687853967
Fhua,16,1148,1251,4.308860996999658,18.56628309146489,156.31331,0.4816954928083978
Fhua,16,1148,1252,3.37856121134508,11.414675858805534,126.509575,0.347534469919905
Fhua,16,1148,1253,2.856979509347652,8.162331916832347,30.997585,0.32446087469684015
Fhua,16,1148,1254,2.4471769587061725,5.98867506722239,26.722069,0.16818168159092922
Fhua,16,1148,1255,3.2990387344694483,10.883656571529778,30.388315,0.4889044328991583
Fhua,16,1148,1256,4.152968480138103,17.24714719702059,149.20415,0.6238061947748216
Fhua,16,1148,1257,4.496222200355313,20.216014074967976,100.38488,0.369391531551471
Fhua,16,1148,1258,4.091112232352305,16.737199297702663,162.61159,0.6209272325494868
Fhua,16,1148,1259,3.9348736939675417,15.483230987477768,37.403343,0.5214483722521501
Fhua,16,1148,1260,3.610039802959171,13.032387378949489,130.23012,0.4602011948954551
Fhua,16,1148,1261,4.168493265603347,17.37633610538046,91.73031,0.5884324212227832
Fhua,16,1148,1262,5.9884135363596105,35.86109668245502,363.54474,0.757003855852728
Fhua,16,1148,1263,4.196156816695671,17.607732030301552,125.55777,0.652477135294858
Fhua,16,1148,1264,3.4140908972696677,11.65601665481961,34.19078,0.20656292487891464
Fhua,16,1148,1265,3.0906705483594417,9.552244438496453,68.253944,0.38438957773897964
Fhua,16,1148,1266,2.962282903047837,8.77511999768952,24.574675,0.29407005115156
Fhua,16,1148,1267,2.1609894362344018,4.6698753435166775,18.381706,0.12144767138103763
Fhua,16,1148,1268,3.3694467962436088,11.353171712716318,60.84545,0.16021741650543134
Fhua,16,1148,1269,3.4539577764237683,11.929824321318224,49.929306,0.3941759737309721
Fhua,16,1148,1270,3.0034145458091563,9.020498933978022,18.897488,0.2591261148330747
Fhua,16,1148,1271,2.929873803173076,8.584160502519865,11.8298435,0.30245659308717543
Fhua,16,1148,1272,3.3466845136562986,11.200297233946895,34.90542,0.3411159123172292
Fhua,16,1148,1273,2.896238041107377,8.388194790757499,35.321495,0.25890606541340766
Fhua,16,1148,1274,3.5503057748058207,12.604671094619558,70.648575,0.3095898113379799
Fhua,16,1148,1275,4.536185105850593,20.576975314540764,142.38065,0.6233257632171494
Fhua,16,1148,1276,2.6606894118292344,7.0792681462202,49.695015,0.09813097266109796
Fhua,16,1148,1277,2.854453393665281,8.147904176607241,50.397923,0.115848554749783
Fhua,16,1148,1278,2.2311293300815,4.977938087549923,36.430515,0.09398637872695145
Fhua,16,1148,1279,2.4559377483543847,6.031630223792006,49.816345,0.17790671726203197
Fhua,16,1148,1280,3.2383923106978334,10.487184757986851,53.189075,0.3449536587634541
Fhua,16,1148,1281,3.223967568382908,10.393966881984797,112.4501,0.1719187342615926
Fhua,16,1148,1282,3.6246254315911575,13.137909519337388,179.0391,0.6496687071909197
Fhua,16,1148,1283,3.3118388043597737,10.968276266063178,33.426384,0.6988299386672838
Fhua,16,1148,1284,3.0949205430514724,9.578533167802018,58.18447,0.4991753574557643
Fhua,16,1148,1285,3.414711358214742,11.660253659920766,22.059727,0.34447869869942815
Fhua,16,1148,1286,2.4243886653300177,5.877660400580666,12.557743,0.18693764510797958
Fhua,16,1148,1287,3.3808754096847444,11.430318535810995,60.432724,0.1549836299558041
Fhua,16,1148,1288,2.9795690079900266,8.877831473374673,83.00429,0.12390466359314121
Fhua,16,1148,1289,2.98109631120707,8.886935216692398,109.14754,0.5413089083064533
Fhua,16,1148,1290,2.869098701954516,8.231727361557088,38.954556,0.23091322146554835
Fhua,16,1148,1291,4.218082914274528,17.79222347169469,199.0815,0.7226973829029648
Fhua,16,1148,1292,3.152694997017859,9.939485744221434,11.673442,0.24077863984022624
Fhua,16,1148,1293,3.4947364380698844,12.213182771573383,155.02216,0.5248684156538107
Fhua,16,1148,1294,3.3836626975649255,11.449173250892349,72.98761,0.5816060563116046
Fhua,16,1148,1295,3.5428571106442077,12.551836506442225,34.552666,0.3684034143344606
Fhua,16,1148,1296,3.786435028658554,14.337090226252506,88.533356,0.5057287374042528
Fhua,16,1148,1297,3.5079268943588917,12.305551096166417,88.04823,0.4671723108861615
Fhua,16,1148,1298,3.25407123801473,10.588979622074715,60.357788,0.4212032265700081
Fhua,16,1148,1299,4.170017459782702,17.38904561489257,59.692863,0.6203910237629935
Fhua,16,1148,1300,2.591523710406687,6.715995141600044,42.893993,0.07948784525319316
Fhua,16,1148,1301,4.408572511487663,19.435511589044644,157.74438,0.8059237776837601
Fhua,16,1148,1302,3.0388370253189896,9.234530466449563,96.22117,0.4086699812536318
Fhua,16,1148,1303,4.718156024275617,22.260996269408295,260.7679,0.7910596991575736
Fhua,16,1148,1304,4.518462520619481,20.416503550242957,54.791416,0.39107579611379273
Fhua,16,1148,1305,2.9674684214579146,8.805868832349928,50.757072,0.21512419242932304
Fhua,16,1148,1306,2.5527693355065235,6.516631280302418,55.388233,0.3813546474586863
Fhua,16,1148,1307,3.9634879256142646,15.70923653649007,154.50229,0.7398848616572273
Fhua,16,1148,1308,4.020221511188436,16.162180999022237,142.35439,0.7149562435428046
Fhua,16,1148,1309,3.6759275584886537,13.512443415256353,74.74099,0.5462017936039459
Fhua,16,1148,1310,2.588881606483289,6.702307972387495,20.549877,0.22454558540194292
Fhua,16,1148,1311,2.9734333704961093,8.841306008779855,68.65839,0.22973865840330276
Fhua,16,1148,1312,3.2546223443673683,10.592566604455342,41.03405,0.5253597514646995
Fhua,16,1148,1313,2.0488476327178855,4.197776622093683,8.434664,0.145473414435176
Fhua,16,1148,1314,3.6455212839115356,13.289825431452012,115.13353,0.3690500868623689
Fhua,16,1148,1315,2.4317558494664926,5.913436511414502,7.2771335,0.2174119195106538
Fhua,16,1148,1316,3.5732055765421094,12.76779809223163,110.78756,0.5477315605768361
Fhua,16,1148,1317,3.4102927968528576,11.630096960266489,55.108665,0.4509099858161797
Fhua,16,1148,1318,4.2153380553001485,17.769074920461637,84.08159,0.6823376845572784
Fhua,16,1148,1319,3.251650297517414,10.57322965734509,30.357822,0.4035560096757231
Fhua,16,1148,1320,3.397386290441906,11.542233606482617,32.923943,0.45213204954885383
Fhua,16,1148,1321,3.754443209624173,14.095843814293058,126.61509,0.4461386708001451
Fhua,16,1148,1322,4.238959717795614,17.96877948909388,125.617134,0.7560190015431212
Fhua,16,1148,1323,3.3219469608112995,11.03533161044343,111.80319,0.6293269814236314
Fhua,16,1148,1324,3.738960804185496,13.97982789523545,89.03596,0.4716241803581568
Fhua,16,1148,1325,3.40268058393212,11.578235156268631,87.38242,0.4079688096361225
Fhua,16,1148,1326,3.8004972355696736,14.44377923757273,101.348564,0.4733256029854817
Fhua,16,1148,1327,4.638168689614852,21.512608793323555,122.890625,0.36683652329405786
Fhua,16,1148,1328,3.6656782582058116,13.437197092682792,99.08353,0.6758850216961021
Fhua,16,1148,1329,4.144480383046232,17.17671764545503,70.140915,0.6531722963856573
Fhua,16,1148,1330,5.497397915361568,30.221383839821712,172.98337,0.8590962065711466
Fhua,16,1148,1331,3.959055455734119,15.674120101578092,144.77155,0.5840154731770695
Fhua,16,1148,1332,4.233050894069232,17.918719871780326,164.27733,0.6635420055645332
Fhua,16,1148,1333,4.725492541473149,22.330279759518366,58.773014,0.4507669463495012
Fhua,16,1148,1334,3.494977003641786,12.214864255984917,34.29564,0.33677226198029186
Fhua,16,1148,1335,3.612346402018569,13.0490465281765,22.383484,0.5368495903668267
Fhua,16,1148,1336,3.2647287337076527,10.658453704696369,38.815857,0.19325345642490582
Fhua,16,1148,1337,3.04789725475398,9.28967767553685,59.900723,0.2551820869137089
Fhua,16,1148,1338,4.551416246266539,20.715389846778983,197.0264,0.8158743930808692
Fhua,16,1148,1339,3.624860903677629,13.139616571010597,90.32499,0.32853597923072175
Fhua,16,1148,1340,4.095020737458997,16.76919484021923,116.23437,0.7111997475251757
Fhua,16,1148,1341,4.29490390770387,18.446199576409963,128.77383,0.6836645370779635
Fhua,16,1148,1342,3.6045995959757056,12.993138247308217,47.184875,0.5098467507382701
Fhua,16,1148,1343,3.486674613359716,12.156899859447128,91.75202,0.46932763776361264
Fhua,16,1148,1344,2.4129946809059564,5.822543330080438,23.496075,0.24377405212918257
Fhua,16,1148,1345,2.8400480291235155,8.06587280772837,39.336,0.1358362348098636
Fhua,16,1148,1346,4.327211690459983,18.724761014053538,130.38795,0.4256581697614016
Fhua,16,1148,1347,3.7784381835446275,14.276595106868022,136.97826,0.3474447071488941
Fhua,16,1148,1348,3.242499265005429,10.513801483560751,95.89618,0.26127011777261777
Fhua,16,1148,1349,4.815733476111205,23.191288912938116,174.6894,0.6558960134974772
Fhua,16,1148,1350,2.611039776967328,6.817528716905595,31.877151,0.19126170984335195
Fhua,16,1148,1351,3.35869155908753,11.280808989085823,171.61768,0.5308642392531733
Fhua,16,1148,1352,3.833022188101784,14.692059094480586,97.83318,0.7103801173382415
Fhua,16,1148,1353,4.591921723773558,21.085745117263524,171.87643,0.6911809746693505
Fhua,16,1148,1354,3.974607967070683,15.797508491901747,8.3575945,0.47059903957982074
Fhua,16,1148,1355,3.4576540417443824,11.955371472391263,40.166122,0.5334760355490972
Fhua,16,1148,1356,3.4548236206790013,11.93580625000157,83.23619,0.5265036010410316
Fhua,16,1148,1357,2.613253303070356,6.829092826008127,60.85086,0.14409309954589325
Fhua,16,1148,1358,2.8024807354227756,7.8538982724157815,36.73388,0.1710274918934059
Fhua,16,1148,1359,3.1093641883066727,9.668145655524013,27.167149,0.2099651188666974
Fhua,16,1148,1360,3.571669120712673,12.756820307852442,17.939766,0.40453938520590293
Fhua,16,1148,1361,3.3114287775644344,10.965560548881884,31.46096,0.372143627883473
Fhua,16,1148,1362,4.212408054454279,17.744381617231287,112.84854,0.7177103311463817
Fhua,16,1148,1363,3.688422255178789,13.604458732498186,130.69202,0.47815316583531986
Fhua,16,1148,1364,4.306974029017762,18.550025286633492,98.52277,0.4847590803912043
Fhua,16,1148,1365,3.4360396210538386,11.806368277451806,44.228683,0.23265317958725584
Fhua,16,1148,1366,2.4287694820513064,5.898921196943773,30.076103,0.11270714689713929
Fhua,16,1148,1367,2.6715656091236304,7.137262803852114,59.30812,0.04150986735350111
Fhua,16,1148,1368,2.9104508644516662,8.470724234387449,33.10004,0.39288868937131227
Fhua,16,1148,1369,3.203138750167188,10.260097852822614,6.352934,0.3757109927723458
Fhua,16,1148,1370,2.6333128463404507,6.934336546701647,51.45057,0.3026441984498991
Fhua,16,1148,1371,3.142625068555293,9.87609232151216,67.08835,0.28270882689789056
Fhua,16,1148,1372,3.8977734117127203,15.192637569054616,79.68167,0.327047555427979
Fhua,16,1148,1373,4.697509960969728,22.066599833409818,133.4961,0.4734028949169742
Fhua,16,1148,1374,3.0068544573581764,9.041173727734735,13.159516,0.3580921258780318
Fhua,16,1148,1375,3.467096483241953,12.020758024108718,92.69328,0.40213239040951165
Fhua,16,1148,1376,2.6527150779798663,7.036897284941727,2.395079,0.20084534304705748
Fhua,16,1148,1377,3.0306043348527134,9.184562634428056,63.94503,0.29934095682745365
Fhua,16,1148,1378,3.669135591885748,13.462555991642777,81.55902,0.43000953713255996
Fhua,16,1148,1379,2.7269979532757946,7.436517837170372,20.97687,0.11709005728343173
Fhua,16,1148,1380,3.5184574360887884,12.379542729568495,68.23244,0.3865765369423847
Fhua,16,1148,1381,3.2931544131114947,10.844865988595712,110.105316,0.43298868857913475
Fhua,16,1148,1382,3.397243276427979,11.54126187923511,88.01279,0.4312828361612343
Fhua,16,1148,1383,2.506772482025201,6.283908276638787,8.556094,0.273440320447692
Fhua,16,1148,1384,3.696666382456878,13.665342343186822,50.599052,0.438905663043492
Fhua,16,1148,1385,2.8560181717784365,8.156839797528646,17.891956,0.18696606035387328
Fhua,16,1148,1386,3.156885868501689,9.965928386745667,83.249794,0.4562367875499768
Fhua,16,1148,1387,2.695122180180912,7.263683566103112,111.43063,0.2047116602694929
Fhua,16,1148,1388,2.963079509244215,8.779840178102933,56.149498,0.41092988981545153
Fhua,16,1148,1389,2.4793863850338083,6.147356846291016,71.97974,0.3065180638449574
Fhua,16,1148,1390,3.299315817414192,10.885484863039476,125.37166,0.20344027439908172
Fhua,16,1148,1391,4.036041341272397,16.289629708459888,46.55484,0.634578106027416
Fhua,16,1148,1392,3.2672839555154543,10.67514444596871,66.7291,0.3844537040393504
Fhua,16,1148,1393,2.6382728891570078,6.960483837660866,59.682472,0.19132394742517128
Fhua,16,1148,1394,2.5157865571684535,6.3291820012294995,18.349245,0.29149940108060807
Fhua,16,1148,1395,3.1960040961561664,10.214442182646994,32.51255,0.32287376670101453
Fhua,16,1148,1396,3.382546421224801,11.441620291740707,75.69948,0.4758284078022831
Fhua,16,1148,1397,5.231903172663434,27.372810808125706,260.51553,0.8408747660380217
Fhua,16,1148,1398,4.473150650605366,20.009076743011217,135.34206,0.7097983676543166
Fhua,16,1148,1399,4.876840340698196,23.783571708661306,57.058044,0.7295342834522128
Fhua,16,1148,1400,2.789746110009774,7.782683358314664,22.672482,0.3350477218301203
Fhua,16,1148,1401,3.570928921478531,12.751533362251829,57.383183,0.3178383170562481
Fhua,16,1148,1402,3.5207480434404403,12.395666785389686,45.799686,0.29636547307167377
Fhua,16,1148,1403,3.767740141137493,14.195865771138775,66.74546,0.4393429748081479
Fhua,16,1148,1404,3.976751164692611,15.814549825884034,74.47765,0.5967092668734243
Fhua,16,1148,1405,2.584922978957425,6.681826807142127,75.067955,0.13550229042721762
Fhua,16,1148,1406,3.524375750117069,12.421224428013252,82.90493,0.5449042798378549
Fhua,16,1148,1407,4.121113096280833,16.983573152337403,122.926575,0.20788128435707137
Fhua,16,1148,1408,4.145227938099858,17.182914658803593,54.15402,0.4716313671011316
Fhua,16,1148,1409,2.5514713571217795,6.510006086212855,7.4012594,0.27361018037742635
Fhua,16,1148,1410,2.7759253089837572,7.705761321056569,53.87347,0.3748087820747471
Fhua,16,1148,1411,3.0610511324439913,9.370034035436642,27.6438,0.4972679422994549
Fhua,16,1148,1412,3.336103841027589,11.129588838119034,46.54578,0.48075883900611516
Fhua,16,1148,1413,5.704710989224489,32.54372747057865,183.13011,0.7942648272642296
Fhua,16,1148,1414,4.433897895650623,19.65945054905502,143.78226,0.7866828389034686
Fhua,16,1148,1415,3.561440256351588,12.683856699561666,27.771591,0.18734560372881734
Fhua,16,1148,1416,3.1848482540777594,10.14325840150215,44.06039,0.18016646426252095
Fhua,16,1148,1417,3.1184361551993405,9.724644054054446,72.778656,0.1691661520351408
Fhua,16,1148,1418,3.484313575071824,12.140441089429798,13.499473,0.5390386868101822
Fhua,16,1148,1419,2.7766582373738258,7.70983096717592,46.24167,0.16757846860476333
Fhua,16,1148,1420,2.980400446076551,8.882786818973305,51.581234,0.45372701375478774
Fhua,16,1148,1421,2.477962407265739,6.140297691822218,49.619896,0.1931835302482065
Fhua,16,1148,1422,3.7733176353897475,14.237925977543277,70.901825,0.23375848744797695
Fhua,16,1148,1423,2.8323992238634665,8.022485363342366,27.682919,0.23292283220074944
Fhua,16,1148,1424,3.390702400336915,11.496862767650516,79.37914,0.39104587730934853
Fhua,16,1148,1425,4.017575618922013,16.140913853756597,112.24585,0.6966513163488841
Fhua,16,1148,1426,4.580762719018604,20.98338708795071,155.66418,0.5423617392779635
Fhua,16,1148,1427,5.044995760701243,25.4519822254935,249.69073,0.6270104649477469
Fhua,16,1148,1428,4.024952733176883,16.200244504308056,104.96159,0.5526762540698826
Fhua,16,1148,1429,4.461099574904163,19.901409417210107,216.60083,0.5223822807405272
Fhua,16,1148,1430,4.134375261321399,17.09305880142638,52.99448,0.6395796842078127
Fhua,16,1148,1431,3.7944240555351683,14.397653913223957,69.05475,0.28710839229252516
Fhua,16,1148,1432,3.2654820420322075,10.663372966834835,40.93254,0.2899005800167366
Fhua,16,1148,1433,2.9194872802520346,8.523405979553422,59.992283,0.26077792659987975
Fhua,16,1148,1434,3.607774567989995,13.016037333435397,58.257904,0.5576698941960375
Fhua,16,1148,1435,3.259632371176459,10.625203195221465,123.930405,0.5429904269691527
Fhua,16,1148,1436,4.606792658824236,21.22253860139688,110.90401,0.8061289999505203
Fhua,16,1148,1437,3.155147372771663,9.954954943907927,48.146133,0.21366603447455834
Fhua,16,1148,1438,3.525700138728854,12.43056146823266,73.870346,0.49738209292284796
Fhua,16,1148,1439,4.325899267535731,18.713404472866173,45.80777,0.5144988222530353
Fhua,16,1148,1440,2.377100108302317,5.650604924890886,41.08727,0.22385886632826602
Fhua,16,1148,1441,2.9630669840788575,8.779765952138177,95.93247,0.32108252678055105
Fhua,16,1148,1442,2.4776596389400223,6.138797286432401,45.890713,0.08394434625502628
Fhua,16,1148,1443,2.5361533101563856,6.432073612617191,45.598587,0.11737959220677924
Fhua,16,1148,1444,4.947541003265273,24.47816197899114,169.56274,0.46247069262099694
Fhua,16,1148,1445,3.540588890085371,12.535769688595954,100.11672,0.4689226011788572
Fhua,16,1148,1446,2.745366668429084,7.537038144121407,32.092823,0.38255544006340136
Fhua,16,1148,1447,3.9420236898059904,15.539550770991639,153.55293,0.5210038907099387
Fhua,16,1148,1448,3.222263816082917,10.382984100437248,70.68833,0.17178144231747167
Fhua,16,1148,1449,3.1724805075781095,10.064632570963061,27.29113,0.5477030262179561
Fhua,16,1148,1450,4.272094365155594,18.25079026479418,131.93518,0.5201656624596477
Fhua,16,1148,1451,3.787729579206897,14.346895365198856,158.9041,0.6033613431645505
Fhua,16,1148,1452,3.8574859170450626,14.880197600200988,25.440357,0.6860824967383757
Fhua,16,1148,1453,4.410732381644791,19.45456014248993,209.95686,0.5477734304480693
Fhua,16,1148,1454,4.094616826325075,16.765886954424438,48.30229,0.347457759856389
Fhua,16,1148,1455,3.7158905149226578,13.807842318892174,43.472874,0.3168495497947769
Fhua,16,1148,1456,3.33950062960749,11.152264455148822,77.19008,0.5268155535047117
Fhua,16,1148,1457,4.525312845063869,20.47845634570005,71.153885,0.41333964304120163
Fhua,16,1148,1458,3.5844855039352335,12.848536327921826,91.5974,0.29269033489473406
Fhua,16,1148,1459,2.8982816163195584,8.400036327495913,47.620567,0.3348046949846367
Fhua,16,1148,1460,3.506563444090538,12.295987187432097,117.51108,0.5883214686389574
Fhua,16,1148,1461,3.487712102184869,12.164135707726798,71.89141,0.5211502258079079
Fhua,16,1148,1462,3.9098694503159903,15.287079118514269,155.06398,0.4351245316729426
Fhua,16,1148,1463,4.004918196740635,16.039369762584265,104.36244,0.6389873331404802
Fhua,16,1148,1464,3.3356887954105994,11.126819739827814,72.095505,0.2473873664723188
Fhua,16,1148,1465,4.040528956713127,16.325874250037263,67.14161,0.21198124650774364
Fhua,16,1148,1466,3.416806557831624,11.674567053641189,62.69077,0.39998807521186275
Fhua,16,1148,1467,2.7522251456115994,7.5747432521367895,14.25101,0.26787355774696736
Fhua,16,1148,1468,3.1534150386773545,9.9440264061565,57.67246,0.44073128150411695
Fhua,16,1148,1469,3.6075103270247193,13.014130759589996,72.96721,0.2730700804366689
Fhua,16,1148,1470,5.037244492979841,25.373832082055742,129.78958,0.6109787461772151
Fhua,16,1148,1471,3.793839230640516,14.393216107947024,71.680305,0.7038634783195235
Fhua,16,1148,1472,3.607710218727392,13.015573022310049,158.03458,0.35351340531450776
Fhua,16,1148,1473,5.722347767107402,32.74526396771906,284.54718,0.844978186552553
Fhua,16,1148,1474,3.2283417529196674,10.422190473644429,89.09866,0.5204811716491596
Fhua,16,1148,1475,2.9038847442144,8.432546607681129,125.22202,0.3749545589606591
Fhua,16,1148,1476,3.012652375203372,9.07607433381852,52.811737,0.3345717434526323
Fhua,16,1148,1477,3.7754156907104095,14.253763637662358,55.21321,0.37793231299226226
Fhua,16,1148,1478,2.7063244914433695,7.3241922529862125,16.441925,0.12971152850066311
Fhua,16,1148,1479,3.154621585474388,9.951637347540942,53.923748,0.49741302096155227
Fhua,16,1148,1480,2.635490542146251,6.945810397742339,73.373955,0.4858032905328102
Fhua,16,1148,1481,4.0512757162572735,16.41283492913589,53.65945,0.4621555583562186
Fhua,16,1148,1482,3.161520645842109,9.995212794085903,18.405094,0.3382269571414534
Fhua,16,1148,1483,2.9133982883287652,8.48788958643698,13.89077,0.5011366378942148
Fhua,16,1148,1484,2.845470128712369,8.096700253394387,30.44705,0.21605973182339588
Fhua,16,1148,1485,3.0460216688288444,9.278248006974858,22.033699,0.1482066730605439
Fhua,16,1148,1486,3.0903442114516566,9.550227345252763,69.38217,0.23359785327325822
Fhua,16,1148,1487,3.4654945168538434,12.009652246344052,19.964067,0.40815223222598856
Fhua,16,1148,1488,4.162940024817447,17.330069650227085,206.6197,0.5797882372462781
Fhua,16,1148,1489,3.6864278876504915,13.589750570847265,118.7834,0.4188868406060652
Fhua,16,1148,1490,2.875149466535068,8.266484454916888,42.705956,0.1785119709189863
Fhua,16,1148,1491,3.6671420633308323,13.44793091265031,88.80858,0.2229881731362886
Fhua,16,1148,1492,4.430041062131698,19.625263812172943,120.67299,0.5277116891036606
Fhua,16,1148,1493,3.651221227696722,13.331416453583158,71.06742,0.5675993272934925
Fhua,16,1148,1494,3.666085475918941,13.440182716743802,150.19487,0.5384292417940268
Fhua,16,1148,1495,3.5659013197019664,12.715652221852226,160.07532,0.5676750290806207
Fhua,16,1148,1496,4.220699342583642,17.814302940485984,75.94951,0.41591243160574143
Fhua,16,1148,1497,3.5419004355850183,12.54505869559734,70.63686,0.2784012009863322
Fhua,16,1148,1498,2.490952656233587,6.204845135597165,68.105064,0.2828452778022353
Fhua,16,1148,1499,2.426972371983645,5.89019489437192,12.826979,0.22010114042506185
Fhua,16,1148,1500,2.3359747249689424,5.456777915693725,7.9319634,0.02271322089230895
Fhua,16,1148,1501,2.1853091235880093,4.7755759656369925,57.2792,0.23986960820602668
Fhua,16,1148,1502,3.123183819844082,9.75427717253587,41.01002,0.2657787169257507
Fhua,16,1148,1503,4.717198008604474,22.251957052382014,110.6497,0.36547676974165455
Fhua,16,1148,1504,3.4888905302813695,12.172357132287019,67.51497,0.2086811723784323
Fhua,16,1148,1505,4.54219109661888,20.631499958203825,98.8814,0.5970330385758658
Fhua,16,1148,1506,3.5115244983810765,12.330804302730474,74.1192,0.3696349572012734
Fhua,16,1148,1507,3.7606046644696147,14.142147442430627,90.090675,0.6046137688998112
Fhua,16,1148,1508,5.121515510911697,26.2299211285091,213.37027,0.4996532704276008
Fhua,16,1148,1509,4.0395481269533065,16.317949069971974,89.84397,0.6265830692817461
Fhua,16,1148,1510,4.910106516000943,24.109145998474922,116.94819,0.6492305231257003
Fhua,16,1148,1511,2.2762109317287655,5.181136205721534,13.350771,0.33036071805824835
Fhua,16,1148,1512,3.9907355089791183,15.925969902626823,141.47963,0.7159138910721825
Fhua,16,1148,1513,2.227263693276526,4.960703559387793,11.743643,0.19582221147325307
Fhua,16,1148,1514,2.784647023364133,7.754259044730725,69.434845,0.13834322143999733
Fhua,16,1148,1515,3.0988766637220007,9.6030365769608,18.314522,0.19773741102540415
Fhua,16,1148,1516,2.2904523546200553,5.246171988784556,36.255444,0.11623124855143883
Fhua,16,1148,1517,4.4829930157312115,20.09722637909482,231.52585,0.6885909029769814
Fhua,16,1148,1518,2.9443384279975557,8.669128778583117,38.16469,0.4766538436085792
Fhua,16,1148,1519,4.1657951277619025,17.353849046484807,166.92944,0.3743221831289324
Fhua,16,1148,1520,4.568653105711967,20.872591200331595,212.70432,0.627422552017116
Fhua,16,1148,1521,3.4096401409520563,11.625645890791558,99.448975,0.3937649516038253
Fhua,16,1148,1522,5.2254998881748245,27.3058490813151,170.82678,0.788758009404537
Fhua,16,1148,1523,4.517600153686944,20.408711148592293,155.13278,0.6670468153658637
Fhua,16,1148,1524,4.2726020192248955,18.25512801468465,100.47659,0.25705619285658354
Fhua,16,1148,1525,2.940136517014416,8.64440273868166,56.31241,0.3177834912830223
Fhua,16,1148,1526,3.4266507578161742,11.741935416042162,18.154734,0.5047299979418391
Fhua,16,1148,1527,2.5891876157820364,6.703892509719066,3.1015332,0.195614084531414
Fhua,16,1148,1528,2.5586133696615936,6.5465023754110545,49.086193,0.41772603869223185
Fhua,16,1148,1529,4.129660909740264,17.05409922943679,66.675186,0.635139506653178
Fhua,16,1148,1530,3.5798251529246756,12.81514812551218,71.597466,0.4362440239452387
Fhua,16,1148,1531,3.1567724068656906,9.965212028748605,18.866053,0.4525810703899471
Fhua,16,1148,1532,2.6343965849292292,6.940045366686784,11.933031,0.21856863414710442
Fhua,16,1148,1533,3.6459191370688284,13.292726354044712,67.50107,0.41482096294289317
Fhua,16,1148,1534,4.042805775798283,16.344278540827954,138.75235,0.6552442202672062
Fhua,16,1148,1535,4.157740327966148,17.28680463479605,156.52985,0.6891673397586462
Fhua,16,1148,1536,2.4718981507229683,6.11028046754763,12.456328,0.20598150646506475
Fhua,16,1148,1537,4.129479449032385,17.052600519980807,49.300434,0.38342865827798545
Fhua,16,1148,1538,4.0860893874153685,16.6961264819485,179.09323,0.6552044100748389
Fhua,16,1148,1539,2.3831064028398865,5.679196127256463,29.570532,0.21020108638660942
Fhua,16,1148,1540,3.8287782226292064,14.659542678079669,57.278347,0.40134591777699524
Fhua,16,1148,1541,3.7176568203668854,13.82097223402042,48.603676,0.40994382400416507
Fhua,16,1148,1542,3.508237654585003,12.307731441048078,21.51216,0.34866541912173177
Fhua,16,1148,1543,4.565583253373488,20.844550443484447,113.25497,0.6858818561281033
Fhua,16,1148,1544,2.985468983274341,8.913025050093127,33.57099,0.203812519935807
Fhua,16,1148,1545,4.58658636173798,21.036774453680838,91.93454,0.6354568410338408
Fhua,16,1148,1546,3.1977338047359747,10.225501485951217,53.466057,0.5720298919327088
Fhua,16,1148,1547,3.2371043385578404,10.478844498709993,33.60718,0.2717368719582961
Fhua,16,1148,1548,3.405798394805541,11.59946270606,61.958416,0.5750078332625184
Fhua,16,1148,1549,2.9339331428056705,8.607963686453559,35.015156,0.23698883957541572
Fhua,16,1148,1550,2.6102987902342036,6.813659774298146,53.32275,0.34846347144024903
Fhua,16,1148,1551,2.986250136421871,8.917689877279644,79.35766,0.31461525093589765
Fhua,16,1148,1552,3.5067694371080878,12.29743188503537,33.430847,0.17600948821079992
Fhua,16,1148,1553,2.345075080822479,5.499377134694557,0.5163512,0.14612966521777276
Fhua,16,1148,1554,2.750635507327129,7.565995694168771,56.3909,0.20499216481550225
Fhua,16,1148,1555,3.5714792654737844,12.755464143709162,90.26811,0.5222937461055677
Fhua,16,1148,1556,3.8348815744263263,14.706316689874539,107.175285,0.5578631274410566
Fhua,16,1148,1557,2.7239021155534924,7.419642735116792,43.04975,0.18678317471467404
Fhua,16,1148,1558,3.351141362265427,11.230148429886183,62.583504,0.5888701596906457
Fhua,16,1148,1559,3.5523151865340026,12.618943184480107,125.58172,0.4791501866027287
Fhua,16,1148,1560,4.342146033745379,18.854232178370737,166.68382,0.759338518842614
Fhua,16,1148,1561,3.9361143329146575,15.4929960417762,45.352055,0.38555110305833795
Fhua,16,1148,1562,2.0815620529243386,4.332900580174586,18.795153,0.09526606180793479
Fhua,16,1148,1563,2.4119324845787657,5.817418310166298,13.825907,0.18783948745070983
Fhua,16,1148,1564,2.4292231811110003,5.901125263647047,9.041289,0.16041356883001856
Fhua,16,1148,1565,2.1869517504505405,4.782757958798683,12.544548,0.22150633599810887
Fhua,16,1148,1566,2.860737571870526,8.183819455111674,26.270327,0.38565158308379077
Fhua,16,1148,1567,3.4022340952420094,11.575196838827212,74.60918,0.332731306192169
Fhua,16,1148,1568,2.910639461002415,8.471822071944434,50.433613,0.4297063831724067
Fhua,16,1148,1569,3.0636844261177245,9.38616226283629,107.62955,0.5591574921366693
Fhua,16,1148,1570,3.7563512588016827,14.110174779500989,84.59413,0.6036309563980539
Fhua,16,1148,1571,3.536132256251336,12.504231333701165,43.531475,0.47530388678878377
Fhua,16,1148,1572,3.7585887823468407,14.126989634783504,98.95175,0.6723797784169717
Fhua,16,1148,1573,3.949053757917472,15.595025582922105,114.278656,0.6480405422951112
Fhua,16,1148,1574,4.2190075653574635,17.800024836543507,159.63617,0.6458095761530578
Fhua,16,1148,1575,3.5390766548637114,12.525063569001317,18.56507,0.5319932104431875
Fhua,16,1148,1576,3.3207215908389975,11.027191883864283,88.39809,0.27832676545580054
Fhua,16,1148,1577,3.263073570178425,10.64764912439697,46.536987,0.604624670369711
Fhua,16,1148,1578,3.3649748674615116,11.323055858647619,99.901505,0.21294768516945756
Fhua,16,1148,1579,4.253215837910751,18.08984496385485,148.51614,0.3945966579428788
Fhua,16,1148,1580,4.254192956102056,18.098157707748342,90.84691,0.719015312166375
Fhua,16,1148,1581,4.118249861135218,16.959981918740247,156.06226,0.6958422366443402
Fhua,16,1148,1582,6.248315495307411,39.0414465288987,315.1133,0.8081569648377602
Fhua,16,1148,1583,3.3911051510678676,11.49959414559903,134.22353,0.45222163455752046
Fhua,16,1148,1584,3.433463533511132,11.788671835950748,20.641037,0.6365785636428704
Fhua,16,1148,1585,3.4876768666222167,12.163889925971759,64.67477,0.3468030917662945
Fhua,16,1148,1586,3.366091546609152,11.330572300153593,37.47427,0.410322710199547
Fhua,16,1148,1587,4.0263486144812575,16.21148316533514,109.66939,0.43688494899290575
Fhua,16,1148,1588,4.358575861136673,18.997183537283295,84.60788,0.33164146274822737
Fhua,16,1148,1589,3.114059741163699,9.697368071536525,29.400438,0.2030518680838977
Fhua,16,1148,1590,2.523296033484536,6.367022872598792,23.564425,0.38526972141706584
Fhua,16,1148,1591,4.2399047700017185,17.976792458683327,82.68918,0.4953267680864375
Fhua,16,1148,1592,3.5814296940266037,12.826638653255495,57.185333,0.42942747779136325
Fhua,16,1148,1593,2.6986027257705016,7.282456671535983,13.684874,0.23205418547541296
Fhua,16,1148,1594,4.1184618768748456,16.96172823127147,186.0869,0.6123507057433222
Fhua,16,1148,1595,3.6987061976064934,13.680427536212681,88.79786,0.3351138424093233
Fhua,16,1148,1596,4.655568336730129,21.674316537964135,165.2867,0.6764088919195487
Fhua,16,1148,1597,3.766861261478693,14.189243763228848,41.21347,0.38997317683969723
Fhua,16,1148,1598,4.4337618391074525,19.6582440459255,182.506,0.7078442643992537
Fhua,16,1148,1599,2.5153484213476838,6.3269776807762845,15.791144,0.19763795782550936
Fhua,16,1148,1600,2.9031573122230117,8.428322379513942,34.248787,0.30677107215199734
Fhua,16,1148,1601,3.011989373907471,9.072079988531522,48.471703,0.6340660321569647
Fhua,16,1148,1602,4.269531441861496,18.2288987330439,133.66048,0.6062533396241179
Fhua,16,1148,1603,3.841741218390544,14.758975589080864,74.27005,0.6960519685375944
Fhua,16,1148,1604,3.108281952187878,9.661416694296888,25.337372,0.39846688956666176
Fhua,16,1148,1605,2.645557719426319,6.998975646816185,103.0966,0.39385133219915025
Fhua,16,1148,1606,2.961420066934072,8.770008812839801,74.202255,0.2287842975697315
Fhua,16,1148,1607,2.4714522404333903,6.108076176743225,66.74692,0.39557778376419317
Fhua,16,1148,1608,2.5894019815588187,6.705002622100737,17.407097,0.29561335138956324
Fhua,16,1148,1609,2.375075953472272,5.640985784762222,28.5439,0.10109426122543218
Fhua,16,1148,1610,2.497396574727473,6.236989651460516,44.581467,0.2341252455333611
Fhua,16,1148,1611,2.867367818373215,8.221798205842372,116.97549,0.4390711867179883
Fhua,16,1148,1612,3.118612587160643,9.725744468796798,36.454308,0.3463851428837594
Fhua,16,1148,1613,4.438264437219003,19.698191214682915,197.12119,0.7159756796253183
Fhua,16,1148,1614,2.912214126832165,8.480991120520828,109.75926,0.36836447402752703
Fhua,16,1148,1615,2.487611341121705,6.188210184477328,8.223581,0.14482193524942394
Fhua,16,1148,1616,3.0520595461373823,9.315067473168323,30.395267,0.39516942227598084
Fhua,16,1148,1617,3.068349728520605,9.414770056512472,13.973366,0.3833852059766797
Fhua,16,1148,1618,4.188264364282059,17.541558385115,154.84868,0.646175221584818
Fhua,16,1148,1619,3.8337384586274834,14.697550569159432,120.206985,0.5384974214939058
Fhua,16,1148,1620,2.9293018651397826,8.58080941711141,40.60904,0.3074333806189381
Fhua,16,1148,1621,3.689376630589549,13.611499922340291,74.62169,0.45340238853603
Fhua,16,1148,1622,3.005892949579479,9.035392424331617,54.432335,0.41453242559266024
Fhua,16,1148,1623,4.258333750194827,18.133406328048334,127.03613,0.7036735321296516
Fhua,16,1148,1624,3.7781436095044643,14.274369134039421,172.46225,0.6893120535921263
Fhua,16,1148,1625,3.609130009706017,13.025819426960553,74.57542,0.580856980503286
Fhua,16,1148,1626,4.727309057660901,22.347450926642797,204.8089,0.6912765982376897
Fhua,16,1148,1627,2.874871846534759,8.264888133998172,74.61441,0.23383245836481306
Fhua,16,1148,1628,3.5082602429944965,12.3078899325758,91.62566,0.5735433305551675
Fhua,16,1148,1629,3.193759296074864,10.200098441264615,48.26444,0.5478119547556665
Fhua,16,1148,1630,3.711922592131769,13.778369329978231,107.908134,0.30800189487542534
Fhua,16,1148,1631,3.4873680276524217,12.161735760292341,72.1811,0.5517085780244787
Fhua,16,1148,1632,4.17287253572351,17.412865199395554,66.52573,0.24565171303013322
Fhua,16,1148,1633,2.8449190287618586,8.093564280211316,22.003958,0.2741270443288737
Fhua,16,1148,1634,2.8277480081959285,7.996158797856043,12.470613,0.15485220809998623
Fhua,16,1148,1635,2.4465303418998006,5.985510713836353,23.326439,0.41070285501924175
Fhua,16,1148,1636,2.9220145067240697,8.538168777505907,49.686325,0.19908232332363923
Fhua,16,1148,1637,2.238708797343816,5.011817079304597,20.321142,0.23637513403770688
Fhua,16,1148,1638,4.226344203203606,17.861985323952727,100.19894,0.5444778946156671
Fhua,16,1148,1639,3.660005158284349,13.395637758668043,63.113956,0.5089434215699811
Fhua,16,1148,1640,3.7539629329532826,14.09223770198721,130.79138,0.7146247720969534
Fhua,16,1148,1641,4.0396404867731555,16.318695262376856,90.57771,0.6232089076018401
Fhua,16,1148,1642,2.7567335769040238,7.599580014030053,9.271257,0.2367199726916327
Fhua,16,1148,1643,3.4812644311303234,12.119202039453135,57.71798,0.6963488524998609
Fhua,16,1148,1644,3.5122841122565984,12.336139685210117,106.17243,0.49227845958868427
Fhua,16,1148,1645,3.6360821794424814,13.221093615659184,79.06841,0.3637512786989383
Fhua,16,1148,1646,3.1011173983908518,9.616929118602444,49.325844,0.23893529121436186
Fhua,16,1148,1647,2.478588260326723,6.143399764229452,28.452717,0.19201754298128426
Fhua,16,1148,1648,2.626387468749011,6.897911136001835,32.246,0.23428430859085006
Fhua,16,1148,1649,2.8820035899517196,8.3059446924946,3.9951768,0.2589442594157013
Fhua,16,1148,1650,2.8429460591655196,8.08234229532476,14.60395,0.36366655651597357
Fhua,16,1148,1651,3.8520993659449156,14.838669525113223,70.61371,0.6966184947284002
Fhua,16,1148,1652,3.6655846541153077,13.436510856485642,163.33191,0.48306626946633857
Fhua,16,1148,1653,3.6248893396105872,13.139822724422478,96.54738,0.6540344448576328
Fhua,16,1148,1654,3.7642404921727395,14.169506482912873,53.48354,0.264764136588827
Fhua,16,1148,1655,2.974267503496366,8.846267182354508,92.51059,0.17585654388130187
Fhua,16,1148,1656,2.752638302576326,7.577017624810278,32.31832,0.33005581511939774
Fhua,16,1148,1657,3.1030973193085267,9.629212973099769,39.72918,0.30581107221354864
Fhua,16,1148,1658,3.5680907730902867,12.731271765012043,71.99339,0.33119673834007346
Fhua,16,1148,1659,3.275850800708539,10.731198468502779,74.95815,0.1430851329343357
Fhua,16,1148,1660,2.55090594258724,6.507121127926894,9.796014,0.29189468146873854
Fhua,16,1148,1661,3.1286400905401583,9.788388816135129,46.815884,0.5180421595776942
Fhua,16,1148,1662,3.5651275478916276,12.710134432735769,67.752594,0.581858442123959
Fhua,16,1148,1663,3.2048304200572404,10.270938021324268,91.86175,0.6271346908281572
Fhua,16,1148,1664,3.334806327364489,11.120933241030231,63.49536,0.4713787127636526
Fhua,16,1148,1665,3.306977175481849,10.936098039157907,28.331745,0.4357850529998266
Fhua,16,1148,1666,3.136338911001661,9.836621764663084,21.175907,0.4356321270288851
Fhua,16,1148,1667,2.6093836505257904,6.808883035631302,13.212751,0.29953996108226527
Fhua,16,1148,1668,3.7707122071322456,14.218270549016133,28.011341,0.6195714269818315
Fhua,16,1148,1669,2.8832664852063217,8.313225624714013,69.96799,0.26920808521309547
Fhua,16,1148,1670,2.842373740625424,8.079088481396962,48.535744,0.18520794297401771
Fhua,16,1148,1671,3.0777970251094566,9.47283452777262,69.373184,0.42827504455202836
Fhua,16,1148,1672,4.792441901527936,22.967499379520707,190.31372,0.45495485797595053
Fhua,16,1148,1673,3.6734846451112846,13.49448943786838,61.319347,0.45099975237942325
Fhua,16,1148,1674,2.9421239808512394,8.656093518699944,22.106667,0.28629606012502606
Fhua,16,1148,1675,2.9027922190208093,8.426202666807754,30.477066,0.15739320110345406
Fhua,16,1148,1676,4.0352497440195805,16.283240496610087,167.24947,0.7506004408672939
Fhua,16,1148,1677,2.784385304922855,7.752801526270339,71.201294,0.458638559846187
Fhua,16,1148,1678,3.4051357068532697,11.594949182087113,30.701979,0.3073110502327114
Fhua,16,1148,1679,4.226983814829827,17.86739217083331,72.582794,0.7156241174741482
Fhua,16,1148,1680,3.281230029121553,10.76647050400903,42.32776,0.1301936171347416
Fhua,16,1148,1681,4.291778819484065,18.419365435372043,80.319,0.6001426325502622
Fhua,16,1148,1682,4.8245239107464535,23.276030965364257,139.50139,0.6156471961765563
Fhua,16,1148,1683,3.715379462541718,13.804044550676785,105.63682,0.7184240641112706
Fhua,16,1148,1684,2.560029333757519,6.5537501896989685,19.536247,0.30374078267747884
Fhua,16,1148,1685,2.772307916197608,7.685691182211925,60.865036,0.3266118675647301
Fhua,16,1148,1686,4.410503907298799,19.452544716297968,155.3564,0.5650205865009512
Fhua,16,1148,1687,4.4302469322153994,19.62708788040396,87.09862,0.7514095906813669
Fhua,16,1148,1688,3.1231046721181213,9.75378279300604,10.539367,0.4402750207553166
Fhua,16,1148,1689,3.845490577932139,14.787797784964853,56.246574,0.38448333132287354
Fhua,16,1148,1690,3.416572392631004,11.67296691408834,108.998856,0.31212998266898084
Fhua,16,1148,1691,3.513419066805697,12.344113538993813,94.28032,0.3019103554931706
Fhua,16,1148,1692,2.6943967210082103,7.259773690179793,24.98991,0.3131965181418699
Fhua,16,1148,1693,3.5205637900185462,12.39436939958975,159.88162,0.632111642694944
Fhua,16,1148,1694,4.033236946724627,16.26700026842459,94.82643,0.6324520019317453
Fhua,16,1148,1695,3.9305157620814577,15.448954155970783,75.048615,0.3650967776884254
Fhua,16,1148,1696,2.447747197343624,5.991466342103563,11.508236,0.09222525050182723
Fhua,16,1148,1697,2.9926124190087258,8.95572909040526,77.709946,0.5542007105380464
Fhua,16,1148,1698,3.4320331685931524,11.778851670323556,71.55878,0.3280962477758937
Fhua,16,1148,1699,2.902421431080699,8.424050163596533,80.98635,0.3240047347150245
Fhua,16,1148,1700,3.112176012801278,9.68563953465566,41.143204,0.5411253307711027
Fhua,16,1148,1701,3.4222166251382324,11.711566629372514,22.276196,0.7018756502725049
Fhua,16,1148,1702,2.845779485399305,8.098460879519537,7.4241776,0.26752729210254755
Fhua,16,1148,1703,3.8355949444046193,14.711788577542276,71.725044,0.5045169043417207
Fhua,16,1148,1704,2.327383379129689,5.416713393449128,17.291113,0.17106571519360247
Fhua,16,1148,1705,2.8661338057111223,8.21472299224012,23.799711,0.24080311164208038
Fhua,16,1148,1706,2.750771090316309,7.566741591319975,74.76626,0.28532964926306426
Fhua,16,1148,1707,3.5893994219828365,12.883788210530719,61.106163,0.3268563363230727
Fhua,16,1148,1708,3.9280550509112553,15.429616482989422,59.760937,0.28549367500328166
Fhua,16,1148,1709,4.445092656150502,19.75884872176312,124.565796,0.5436479085649025
Fhua,16,1148,1710,4.158373188073052,17.292067571284836,140.71161,0.5162092910357104
Fhua,16,1148,1711,3.176234860994449,10.08846789219643,67.13608,0.3626631217023919
Fhua,16,1148,1712,2.5664794591480247,6.586816814228738,12.563187,0.2137488025239614
Fhua,16,1148,1713,3.4981784984862463,12.237252807271489,146.57979,0.6087915788793099
Fhua,16,1148,1714,3.1366326399673574,9.838464318108592,43.923183,0.5680704555097061
Fhua,16,1148,1715,3.1863871786482836,10.15306325225417,55.575302,0.05872121037670426
Fhua,16,1148,1716,2.672277808324293,7.141068684862486,33.634357,0.2899666972372973
Fhua,16,1148,1717,2.3958421137752497,5.740059434139057,41.931015,0.23300945870044315
Fhua,16,1148,1718,2.9293355602188,8.581006824362388,89.57606,0.4353821622342239
Fhua,16,1148,1719,3.6375996045401395,13.23213088295058,78.49394,0.4720250446315644
Fhua,16,1148,1720,3.2189873843019625,10.36187978029519,93.84651,0.4064093525465481
Fhua,16,1148,1721,3.0546641394998297,9.330973005146236,16.024363,0.36285392083120127
Fhua,16,1148,1722,4.128337220571234,17.043168206753823,115.675224,0.6134934090665995
Fhua,16,1148,1723,3.4253738786902073,11.733186208813196,88.25493,0.4330189920271014
Fhua,16,1148,1724,4.297516140503747,18.46864497789022,98.886215,0.6876540511484007
Fhua,16,1148,1725,4.456444535295075,19.859897896161346,150.69969,0.7201696242205007
Fhua,16,1148,1726,4.385080977817182,19.228935182014094,146.71182,0.6714293937190756
Fhua,16,1148,1727,2.354352283158115,5.542974673211831,26.45346,0.2463445399241308
Fhua,16,1148,1728,3.8439492610741293,14.775945921712346,78.253006,0.6869437180930951
Fhua,16,1148,1729,3.195115851097197,10.208765301932566,98.62046,0.29182978403928833
Fhua,16,1148,1730,4.359714257658784,19.007108408433275,42.86946,0.43946518755594266
Fhua,16,1148,1731,4.208975172661245,17.715472004078755,77.70667,0.5121162315004041
Fhua,16,1148,1732,3.099437115229825,9.60651043126418,65.936325,0.37515381216520405
Fhua,16,1148,1733,2.750687561272545,7.566282059739499,41.334896,0.4643633207738899
Fhua,16,1148,1734,3.9784647289171837,15.828181599238075,134.81142,0.5709581274368185
Fhua,16,1148,1735,3.4467000935382788,11.879741534796779,80.880165,0.35545141707379124
Fhua,16,1148,1736,3.137565562461504,9.844317658744373,63.85522,0.45746717089117106
Fhua,16,1148,1737,3.006067272517935,9.036440446903418,69.18216,0.4831117770215423
Fhua,16,1148,1738,3.702967861421249,13.71197098271866,67.485214,0.33179920521683925
Fhua,16,1148,1739,4.208193497460718,17.708892512070666,103.89514,0.41402629051502204
Fhua,16,1148,1740,3.450443534263149,11.90556058313837,122.0582,0.3105943820513513
Fhua,16,1148,1741,2.998195332082581,8.989175249321779,65.2801,0.4549967822055894
Fhua,16,1148,1742,3.4028634416130923,11.579479602266897,84.40686,0.3337093770659684
Fhua,16,1148,1743,2.731717451297779,7.462280233724832,36.290993,0.46075990549025214
Fhua,16,1148,1744,3.2193919117861762,10.364484281674251,99.38427,0.38072268027681166
Fhua,16,1148,1745,2.9789246091616985,8.87399182706918,27.498446,0.4349048313970135
Fhua,16,1148,1746,2.2803377053838303,5.199940050595191,19.423212,0.14030216650492472
Fhua,16,1148,1747,3.4753266740083215,12.077895491073743,96.88527,0.3668561601245202
Fhua,16,1148,1748,4.957439945760569,24.576210815822556,214.08841,0.764292199929967
Fhua,16,1148,1749,3.5383808702803745,12.5201391831661,86.926025,0.43327616314671685
Fhua,16,1148,1750,3.592096075982866,12.903154219091505,53.955475,0.4685751980971404
Fhua,16,1148,1751,2.4666414002418513,6.0843197973870815,20.323029,0.054492881548897296
Fhua,16,1148,1752,4.214456405064319,17.76164279018766,105.615814,0.6757463296431697
Fhua,16,1148,1753,5.667504571944167,32.120608073008036,206.11133,0.8459704597768015
Fhua,16,1148,1754,5.297276431067423,28.061137587142415,255.81314,0.8104173858880466
Fhua,16,1148,1755,4.136063747163214,17.10702332059781,121.855835,0.4418619695410969
Fhua,16,1148,1756,3.8067968279541224,14.49170208932157,84.61867,0.3353512479143886
Fhua,16,1148,1757,4.165123863169005,17.348256795539893,126.26571,0.5780274658698515
Fhua,16,1148,1758,3.852148413843343,14.839047402275781,67.03674,0.21419087045464696
Fhua,16,1148,1759,3.20851095830298,10.294542569550307,49.956192,0.17152891076045687
Fhua,16,1148,1760,3.6069865797840444,13.010352186742198,98.39428,0.46792543654034024
Fhua,16,1148,1761,3.7510931422135245,14.070699761561334,84.51026,0.46044011569427645
Fhua,16,1148,1762,2.691062391103301,7.241816792810616,16.65464,0.2991671702962919
Fhua,16,1148,1763,3.094048549548289,9.57313642696187,47.795567,0.15058791992461432
Fhua,16,1148,1764,2.819098006426728,7.947313569839151,81.10099,0.4265093544740244
Fhua,16,1148,1765,2.7387240491282703,7.500609417273547,84.21601,0.22607129754675115
Fhua,16,1148,1766,2.9130246479818998,8.48571259975007,61.493923,0.37025220639061235
Fhua,16,1148,1767,3.6278941433639056,13.161615915454124,32.92328,0.4147058647877485
Fhua,16,1148,1768,3.0478288363561563,9.289260615724121,103.54549,0.23754038297412627
Fhua,16,1148,1769,3.9144463313649784,15.32289008113674,130.16074,0.43555152533520497
Fhua,16,1148,1770,4.1805593076123655,17.47707612446439,155.56471,0.4452479434767861
Fhua,16,1148,1771,2.4534806231066244,6.01956716795967,19.45977,0.16154397826974048
Fhua,16,1148,1772,3.3201971776762607,11.023709298649408,12.445278,0.5906859340303797
Fhua,16,1148,1773,2.888305459680646,8.342308428421024,63.28283,0.4030618644824141
Fhua,16,1148,1774,4.284411579638776,18.356182583742832,80.6026,0.3657121196505658
Fhua,16,1148,1775,2.239439628310829,5.0150898488489455,15.379809,0.14570081674580687
Fhua,16,1148,1776,2.879251267136681,8.290087859308182,83.91879,0.33817020114807655
Fhua,16,1148,1777,2.8878609419263443,8.339740819903714,70.56913,0.13256736558417181
Fhua,16,1148,1778,2.183270994208115,4.7666722341504935,12.004176,0.21724952589298885
Fhua,16,1148,1779,3.3968246678732155,11.538417824271985,27.531971,0.07746032274182572
Fhua,16,1148,1780,3.0247941634113067,9.149379731007107,39.127335,0.40428120437111836
Fhua,16,1148,1781,2.7507420145669816,7.566581630704016,20.421795,0.46136735137074325
Fhua,16,1148,1782,3.758633723408275,14.127327466741956,70.443405,0.6350060276211232
Fhua,16,1148,1783,2.384074458884746,5.683811025506595,14.712099,0.04077126690627431
Fhua,16,1148,1784,2.4642780171977523,6.072666146044088,25.326065,0.21404606835398304
Fhua,16,1148,1785,2.073030885720312,4.2974570531503415,10.282137,0.25809467692886123
Fhua,16,1148,1786,3.141918019192856,9.871648839328762,108.27605,0.4508283647709529
Fhua,16,1148,1787,3.893670324712002,15.160668597542866,66.29204,0.6801966143633655
Fhua,16,1148,1788,2.9972271105945545,8.98337035248298,69.04003,0.15820250863469765
Fhua,16,1148,1789,3.490613634657572,12.18438354645735,113.27345,0.38096706215128495
Fhua,16,1148,1790,2.885594754001929,8.326657084323454,22.488243,0.2341725495849738
Fhua,16,1148,1791,4.528603104319847,20.508246076455357,137.56177,0.6475015773002477
Fhua,16,1148,1792,4.272251837010655,18.25213575884092,121.55177,0.47861729595709124
Fhua,16,1148,1793,3.9177911960308736,15.34908785569702,47.974323,0.6012028480445901
Fhua,16,1148,1794,3.305097565340946,10.923669916422654,123.23452,0.5368481445113908
Fhua,16,1148,1795,3.062336546906613,9.377905126519918,62.57036,0.11746781643410363
Fhua,16,1148,1796,3.5146780946622282,12.352962109098511,46.228703,0.34278777948072936
Fhua,16,1148,1797,3.707749465498316,13.747406098903053,160.8784,0.5193154520153316
Fhua,16,1148,1798,2.79514274794642,7.812822981397463,11.526353,0.42505403141274267
Fhua,16,1148,1799,3.792173017513053,14.380576194754047,81.38355,0.6598381851414803
Fhua,16,1148,1800,2.92239305127023,8.540381146112523,22.988708,0.2601145641418274
Fhua,16,1148,1801,2.7342440595845683,7.4760905773735,6.17834,0.334465490228349
Fhua,16,1148,1802,3.2684547407272704,10.68279639218257,74.56215,0.21612784548589287
Fhua,16,1148,1803,3.548541161685664,12.592144376177444,85.84085,0.3909171131577732
Fhua,16,1148,1804,4.195428900529585,17.60162365939888,60.916885,0.598976066115617
Fhua,16,1148,1805,3.4778322784197813,12.09531735681853,63.157104,0.6351963971378256
Fhua,16,1148,1806,3.4477223715542062,11.886789551315363,75.20982,0.49818888451057297
Fhua,16,1148,1807,3.5442783162755824,12.561908783221279,65.79095,0.5051292513073302
Fhua,16,1148,1808,4.310769846205815,18.5827366669573,148.2899,0.6939542861196679
Fhua,16,1148,1809,3.6894630095996566,13.612137299204155,119.822174,0.35535062371459714
Fhua,16,1148,1810,2.1578239983418124,4.656204407819846,21.848984,0.07711177169051292
Fhua,16,1148,1811,3.3187134388609554,11.013858889276303,7.0702095,0.2525992980587813
Fhua,16,1148,1812,3.6986726637089276,13.680179473267694,27.285463,0.46898763471131333
Fhua,16,1148,1813,2.488058347270288,6.1904343394213575,19.813679,0.08062742659155543
Fhua,16,1148,1814,3.500149987881213,12.25104993766485,103.66247,0.5758664648446974
Fhua,16,1148,1815,4.4960509622608225,20.214474255246472,132.44214,0.6449784445958416
Fhua,16,1148,1816,4.076115898338429,16.614720816687296,76.90111,0.43335660064995196
Fhua,16,1148,1817,3.8515507111209955,14.834442880336647,150.99281,0.6044484285240707
Fhua,16,1148,1818,5.364554674050899,28.778446850881352,254.21732,0.7057028185324898
Fhua,16,1148,1819,3.1466372270502156,9.901325838658272,75.359344,0.4818556393295234
Fhua,16,1148,1820,2.934846861222898,8.613326098829894,27.996975,0.15884060765103947
Fhua,16,1148,1821,3.209337559111128,10.299847568321377,50.865784,0.23032071563159523
Fhua,16,1148,1822,2.5717013195916913,6.613647677189646,62.288597,0.15577947175288764
Fhua,16,1148,1823,4.353792715296805,18.95551100777153,65.89756,0.5253318913479037
Fhua,16,1148,1824,3.685534942508912,13.583167812454171,95.328575,0.6256602989652933
Fhua,16,1148,1825,3.759376016954468,14.13290803685244,69.68724,0.4599171664724883
Fhua,16,1148,1826,5.1501783323915955,26.524336855435873,222.34334,0.7406265543409916
Fhua,16,1148,1827,5.1626746523916465,26.65320956644721,172.85599,0.7727733747704435
Fhua,16,1148,1828,3.5773981121208567,12.797777252605869,88.28565,0.5264056738995886
Fhua,16,1148,1829,2.4379826192203384,5.943759251620461,22.486012,0.07951247289033682
Fhua,16,1148,1830,2.4695930662008525,6.098889912627328,34.53579,0.22483113407393207
Fhua,16,1148,1831,3.0233360088308734,9.140560622293394,68.481636,0.1306516600337705
Fhua,16,1148,1832,2.4709790194359837,6.105737314492816,12.703017,0.16002457879268922
Fhua,16,1148,1833,2.646584347625629,7.004408709096976,78.05812,0.16488730395644355
Fhua,16,1148,1834,2.286514773249393,5.228149808287722,2.3856459,0.25799401089754026
Fhua,16,1148,1835,2.5464647596930985,6.484482772358831,59.536022,0.10870819385888679
Fhua,16,1148,1836,2.9102484001755333,8.469545750724254,31.535025,0.2939181943917183
Fhua,16,1148,1837,2.6143993322805947,6.83508386862922,22.826294,0.1498693393291163
Fhua,16,1148,1838,2.673741595125113,7.148894117502184,10.725135,0.2503542835833505
Fhua,16,1148,1839,3.7459096303420676,14.031838958689445,84.64277,0.6271505386521395
Fhua,16,1148,1840,4.328319224007718,18.734347304914767,119.12146,0.4165470638389649
Fhua,16,1148,1841,3.0877314342435365,9.53408541001565,112.58677,0.3451202486751643
Fhua,16,1148,1842,4.025468393277849,16.20439578527895,92.44491,0.33116988443661666
Fhua,16,1148,1843,3.8991828681721086,15.20362703944687,65.63221,0.6199831309511434
Fhua,16,1148,1844,3.868748864240224,14.967217774560021,96.01687,0.5486757298870151
Fhua,16,1148,1845,3.497778108374459,12.234451695423608,65.5875,0.6034701920737857
Fhua,16,1148,1846,3.3395224594366635,11.152410257081899,56.430386,0.3969392967365495
Fhua,16,1148,1847,2.732747480217953,7.467908790637574,30.743647,0.40323442853981206
Fhua,16,1148,1848,3.081791246873817,9.497437289308078,48.442833,0.20574933528197362
Fhua,16,1148,1849,3.211238820898062,10.312054764842777,19.852806,0.2727494808091062
Fhua,16,1148,1850,3.1748340603476923,10.07957131074381,96.74523,0.3982261767660527
Fhua,16,1148,1851,3.835979463206377,14.714738442141083,140.86328,0.7424737449817085
Fhua,16,1148,1852,4.208935784599685,17.715140438883765,169.74893,0.5840188677479454
Fhua,16,1148,1853,3.2885827731590918,10.814776655918747,94.664246,0.48123791643510094
Fhua,16,1148,1854,3.6147414454516635,13.066355717465983,38.183525,0.4474008722207198
Fhua,16,1148,1855,3.8609017958568486,14.906562677250642,86.71024,0.4535238031886839
Fhua,16,1148,1856,3.7535566168641394,14.089187276004566,90.701035,0.5006799788169838
Fhua,16,1148,1857,2.804760781129094,7.866683039359886,3.3689282,0.29117370362424827
Fhua,16,1148,1858,2.362636003350249,5.582048884326839,46.632256,0.2282549602707394
Fhua,16,1148,1859,3.261276524338724,10.63592456820287,64.0847,0.09887436795343774
Fhua,16,1148,1860,3.000824324793078,9.004946628269831,20.503942,0.3127887058331292
Fhua,16,1148,1861,4.155896742012456,17.271477730269744,104.10657,0.5453604887114956
Fhua,16,1148,1862,4.319230634776584,18.65575327639253,112.12848,0.6377654653145718
Fhua,16,1148,1863,3.144727952778654,9.889313896987423,18.741734,0.45297012622564725
Fhua,16,1148,1864,3.9035578354143996,15.237763774425162,67.645134,0.31996396043151454
Fhua,16,1148,1865,2.605739501820146,6.789878351345903,43.60904,0.2011381556874077
Fhua,16,1148,1866,2.5980577254673443,6.7499039448605505,13.515143,0.2039339846781542
Fhua,16,1148,1867,3.032685487774749,9.197181267759568,50.382946,0.3051305459171375
Fhua,16,1148,1868,2.725807365437583,7.430025793473774,41.553467,0.3390900530155139
Fhua,16,1148,1869,3.3251216621436086,11.056434068056674,86.935135,0.59181791356628
Fhua,16,1148,1870,2.625773044437764,6.8946840808959635,29.64785,0.1649245400544124
Fhua,16,1148,1871,2.6778166522213316,7.1707020229138605,70.9808,0.1972497790348952
Fhua,16,1148,1872,4.319726485731264,18.66003691152818,138.6661,0.5085285041490379
Fhua,16,1148,1873,3.6292088303903465,13.17115673458327,157.63522,0.6418285232149498
Fhua,16,1148,1874,3.4133563328628407,11.65100145509486,56.72139,0.25035715068852415
Fhua,16,1148,1875,2.652621689104924,7.036401825509859,16.572218,0.20556362008301626
Fhua,16,1148,1876,2.4441079716905714,5.9736637772813985,22.963228,0.07242579133333439
Fhua,16,1148,1877,2.894053053195165,8.375543074708254,54.88751,0.10470045876513834
Fhua,16,1148,1878,2.2193725275995844,4.925614416263768,12.295111,0.1895783482310131
Fhua,16,1148,1879,3.050674566503307,9.30661531071014,85.10947,0.24629734803935865
Fhua,16,1148,1880,3.025239230741788,9.152072403219165,68.3971,0.2550060326822418
Fhua,16,1148,1881,2.494867478914655,6.224363737345969,58.77455,0.22511563844727267
Fhua,16,1148,1882,3.5848070176219458,12.85084135359155,143.01114,0.5021726620385251
Fhua,16,1148,1883,2.50737326173224,6.286920673649774,14.732235,0.1914076210358532
Fhua,16,1148,1884,3.6160235484110617,13.075626302663329,70.55221,0.5285261281737911
Fhua,16,1148,1885,3.8876248961648048,15.113627333280405,60.984276,0.4525011146650099
Fhua,16,1148,1886,2.4246023854062857,5.878696727317851,39.160355,0.15537659335793
Fhua,16,1148,1887,2.937860875822816,8.631026525690405,8.783141,0.11653272060678493
Fhua,16,1148,1888,4.4256806781439515,19.586649464896713,98.34156,0.5808267717823727
Fhua,16,1148,1889,4.028159934731484,16.226072459775946,100.15886,0.6327463444224684
Fhua,16,1148,1890,3.4584559604037413,11.960917630052165,93.78012,0.39097888160556304
Fhua,16,1148,1891,3.7808968712503552,14.295181151030736,79.65666,0.24011054604013693
Fhua,16,1148,1892,3.7608384830009283,14.143906095220727,86.56152,0.6809637459590032
Fhua,16,1148,1893,3.88099265814722,15.062104012592625,29.30753,0.28032999396733677
Fhua,16,1148,1894,3.2555027115337216,10.598297904803415,45.93534,0.38235923051181164
Fhua,16,1148,1895,3.296689751899513,10.868163320279272,17.236977,0.3780031775875252
Fhua,16,1148,1896,2.6490116713961553,7.017262835193052,77.510826,0.1062418833722938
Fhua,16,1148,1897,2.22178193742764,4.936314977479719,36.653683,0.05704337632272154
Fhua,16,1148,1898,2.3131354801848216,5.350595749689865,38.367493,0.26044253235138193
Fhua,16,1148,1899,4.437185656160829,19.688616547239405,138.49178,0.789326324536054
Fhua,16,1148,1900,4.628562147896579,21.423587556941,220.02014,0.7514291798960342
Fhua,16,1148,1901,3.7716128541484384,14.225063521577729,64.745605,0.44659606851530115
Fhua,16,1148,1902,3.494438584066358,12.211101017811696,123.87796,0.3786042305823652
Fhua,16,1148,1903,3.3808834863395565,11.430373148203513,108.8377,0.2792613471813658
Fhua,16,1148,1904,3.133000975623445,9.815695113257455,39.881046,0.25653466186695173
Fhua,16,1148,1905,2.650608678589955,7.025726367016389,40.642487,0.4184893102592657
Fhua,16,1148,1906,4.622796823965352,21.370250475664154,164.1053,0.49138942424308707
Fhua,16,1148,1907,3.286100082379924,10.798453751417345,37.240482,0.3844918389011027
Fhua,16,1148,1908,3.6734776659085595,13.494438161928997,88.00666,0.18914098269350033
Fhua,16,1148,1909,3.2372421032949514,10.479736435345522,110.45723,0.5055734011313058
Fhua,16,1148,1910,3.0870228112798443,9.52970983736211,42.852417,0.1666310727418053
Fhua,16,1148,1911,2.9387627797568743,8.63632667568435,47.59003,0.16342244643790566
Fhua,16,1148,1912,2.997405540599885,8.984439974818892,28.948097,0.3426862025008671
Fhua,16,1148,1913,3.3578712847236507,11.275299564771665,155.86218,0.6384160173746657
Fhua,16,1148,1914,3.627141936396233,13.156158626764213,50.40107,0.4560410388277347
Fhua,16,1148,1915,2.970823108868739,8.825789944188518,63.59565,0.18520103201217147
Fhua,16,1148,1916,3.7087094147807615,13.754525523283466,78.145355,0.7008206526195837
Fhua,16,1148,1917,3.7073595574134273,13.744514887944685,72.089386,0.3834583917560531
Fhua,16,1148,1918,2.990446215518975,8.942768567911758,11.266915,0.09099228701977154
Fhua,16,1148,1919,3.322203518889283,11.037036220920339,5.1810274,0.3576847834800424
Fhua,16,1148,1920,3.039097988456518,9.236116583440454,43.222256,0.11694198373167547
Fhua,16,1148,1921,3.082735562845098,9.503258550429885,34.762234,0.2572792130820799
Fhua,16,1148,1922,3.213028114482254,10.323549664453383,32.329517,0.30238173637067667
Fhua,16,1148,1923,3.332915503465125,11.108325753238189,22.100266,0.5566761992082376
Fhua,16,1148,1924,4.422068868245237,19.55469307550371,170.64037,0.7015670982350322
Fhua,16,1148,1925,4.066616598828908,16.537370561870794,222.25644,0.586842985650167
Fhua,16,1148,1926,4.138465320727622,17.126895210865175,132.1338,0.6826900773706397
Fhua,16,1148,1927,3.2533979611033566,10.584598293311478,56.363525,0.38284713592025876
Fhua,16,1148,1928,2.5433062150558965,6.46840650354195,20.097073,0.31868590529350743
Fhua,16,1148,1929,3.3860306487256335,11.465203554109335,158.67393,0.425138515891678
Fhua,16,1148,1930,3.42529079871136,11.732617055736705,82.37649,0.46276656188711573
Fhua,16,1148,1931,2.728321277952623,7.443736995729035,24.641705,0.2690202974746132
Fhua,16,1148,1932,4.489368308766102,20.154427811753408,275.5336,0.652750325269028
Fhua,16,1148,1933,3.6225705141094675,13.123017129695334,45.875095,0.6911612807630858
Fhua,16,1148,1934,4.471756675804677,19.996607767603695,150.3007,0.7893347958439298
Fhua,16,1148,1935,4.5319443584917325,20.53851966846504,98.620605,0.7130103007352817
Fhua,16,1148,1936,4.266177244174531,18.20026827871259,190.42773,0.4865984003465096
Fhua,16,1148,1937,4.183388190083619,17.500736748931097,181.78653,0.683637816028262
Fhua,16,1148,1938,4.920412075762473,24.210454995309174,165.22046,0.7451020026537468
Fhua,16,1148,1939,3.188957698878805,10.169451205238405,4.9832034,0.4963627298148704
Fhua,16,1148,1940,2.7262718640158026,7.432558276524197,49.264153,0.5779529688742402
Fhua,16,1148,1941,2.2246906480520656,4.949248479530319,14.539115,0.1835326345151928
Fhua,16,1148,1942,3.84359673748852,14.773235880432395,120.60918,0.382090266428344
Fhua,16,1148,1943,2.9661715133690967,8.798173446722322,21.120281,0.3441858341768469
Fhua,16,1148,1944,3.245510731440964,10.533339907898458,79.01422,0.5007286676042961
Fhua,16,1148,1945,2.230276700737389,4.974134161852051,16.883974,0.052913993713214515
Fhua,16,1148,1946,3.2017066394381617,10.250925405022405,21.354334,0.23873821993639183
Fhua,16,1148,1947,2.7165974221648432,7.379901554112671,58.071117,0.2357521488065896
Fhua,16,1148,1948,3.136130866368308,9.835316810988033,25.989664,0.2555142676570316
Fhua,16,1148,1949,2.7794173074122828,7.725160568742945,27.258892,0.1995135406143164
Fhua,16,1148,1950,3.422928615162787,11.716440304500235,68.06297,0.402829692854473
Fhua,16,1148,1951,3.8634188926681436,14.926005540225148,51.714508,0.6911114077758025
Fhua,16,1148,1952,3.0874283564793004,9.532213856392474,38.555954,0.43862359207577295
Fhua,16,1148,1953,3.0176451256392425,9.106182104294282,10.161858,0.41908535221069665
Fhua,16,1148,1954,2.8847457063532604,8.32175779032357,28.550966,0.38115767374520515
Fhua,16,1148,1955,2.741633427607516,7.516553851374935,45.869297,0.3262194705138158
Fhua,16,1148,1956,3.451079724190178,11.90995126271655,63.773567,0.44580062609558624
Fhua,16,1148,1957,3.1116069379928186,9.682097736565046,12.579727,0.5764229821193794
Fhua,16,1148,1958,2.635429898456517,6.945490749678524,19.701963,0.3272670515331856
Fhua,16,1148,1959,3.5340302620797517,12.489369893295478,67.6917,0.5409837445568197
Fhua,16,1148,1960,4.664171408135931,21.754494924472716,179.57956,0.6199795969215274
Fhua,16,1148,1961,3.212711057486111,10.321512338893527,66.60461,0.28082381677714496
Fhua,16,1148,1962,3.416385781028571,11.6716918048142,131.66585,0.5431785845676014
Fhua,16,1148,1963,5.736070576453659,32.90250565805742,194.50476,0.7387934576032813
Fhua,16,1148,1964,4.671881215890991,21.826474095395085,113.35777,0.76363824123864
Fhua,16,1148,1965,4.911564187078827,24.123462763795303,233.03479,0.8649717397078719
Fhua,16,1148,1966,4.272118954386798,18.25100036043095,167.44484,0.677858162620099
Fhua,16,1148,1967,3.1114808115451797,9.681312840613854,67.19217,0.4765314159281219
Fhua,16,1148,1968,4.340122895761058,18.83666675030936,123.10854,0.6580879930902687
Fhua,16,1148,1969,3.1807522563325508,10.11718491616461,128.6709,0.4356887320090146
Fhua,16,1148,1970,2.8508720221968655,8.127471286944845,46.405766,0.4384372067150071
Fhua,16,1148,1971,3.41715072520892,11.67691907879585,76.06299,0.11402312548628181
Fhua,16,1148,1972,4.313080851531954,18.602666431851603,142.99129,0.6128642526582255
Fhua,16,1148,1973,3.2719722166819225,10.705802186738413,16.773125,0.5302654127054619
Fhua,16,1148,1974,3.187821623697492,10.162206704513315,78.641846,0.2928052130083109
Fhua,16,1148,1975,3.8233781691104416,14.618220624030316,123.73366,0.7033321371932488
Fhua,16,1148,1976,3.8116315232213256,14.528534868814523,147.5291,0.6654771781284982
Fhua,16,1148,1977,3.6809424554836783,13.549337360582212,58.30134,0.5880840272242314
Fhua,16,1148,1978,4.993935736002219,24.939394135320025,181.48553,0.7607200998796093
Fhua,16,1148,1979,3.0211531160727536,9.127366150756114,62.570717,0.3652037170059356
Fhua,16,1148,1980,4.219843534229013,17.80707945337441,141.19348,0.7251759767774915
Fhua,16,1148,1981,3.4953359764846543,12.21737358850793,30.557287,0.48759491603130056
Fhua,16,1148,1982,3.519314372812233,12.385573654682762,50.916817,0.3636926016137587
Fhua,16,1148,1983,3.4825071406142882,12.127855984429509,59.885414,0.5899325260588004
Fhua,16,1148,1984,2.9700729155853938,8.82133312389392,12.502684,0.4881146296060489
Fhua,16,1148,1985,2.8428726957588504,8.081925164291194,25.806696,0.440206282774636
Fhua,16,1148,1986,2.914469208211895,8.49413076561527,71.09166,0.35986348410064295
Fhua,16,1148,1987,2.830451741295226,8.01145705980118,92.93608,0.19783767987462308
Fhua,16,1148,1988,4.2880150359099485,18.387072948189797,76.331024,0.4772253628049278
Fhua,16,1148,1989,3.4085583777828927,11.618270214753947,62.192383,0.27572515870661674
Fhua,16,1148,1990,2.521195123933874,6.356424852947941,2.217333,0.24221008556960494
Fhua,16,1148,1991,2.7380732273662223,7.49704499841968,58.16176,0.4453764787959371
Fhua,16,1148,1992,4.025503598689641,16.204679223063245,94.859825,0.414051835744019
Fhua,16,1148,1993,4.180173250388639,17.473848403264704,226.22699,0.5803346101685577
Fhua,16,1148,1994,4.993732525259572,24.937364533835346,128.35857,0.6658076886726972
Fhua,16,1148,1995,3.5809818354465324,12.823430905798018,113.59474,0.5245866991616424
Fhua,16,1148,1996,2.9809750755176907,8.886212400857703,52.2584,0.29444612092649264
Fhua,16,1148,1997,3.991231349446911,15.929927684807812,148.3083,0.4543034368819621
Fhua,16,1148,1998,3.755078458272778,14.100614227784266,63.89281,0.198049073441119
Fhua,16,1148,1999,4.706697530832759,22.15300164674719,198.28409,0.713693701396438
Fhua,16,1148,2000,4.28707478155807,18.379010182671184,118.8329,0.5737191653250155
Fhua,16,1148,2001,3.7000734760699645,13.69054372831647,99.756966,0.6469178221566466
Fhua,16,1148,2002,4.368827575745935,19.086654386598106,134.76868,0.4695397245508468
Fhua,16,1148,2003,4.232595465917345,17.914864378104063,37.02306,0.7440327386400291
Fhua,16,1148,2004,4.120921292370349,16.981992297911308,129.84714,0.5776086198101371
Fhua,16,1148,2005,2.5455748751198457,6.479951444841419,28.91506,0.2618909838074421
Fhua,16,1148,2006,3.866398478898084,14.949037197625417,95.90907,0.405345619809771
Fhua,16,1148,2007,2.5025480164383915,6.262746574579729,48.643658,0.3413289238778899
Fhua,16,1148,2008,2.8758693946956773,8.27062477534728,63.23404,0.36464536433448497
Fhua,16,1148,2009,2.638445302068297,6.961393612006268,8.09224,0.2208050912522702
Fhua,16,1148,2010,3.266159503078049,10.667797899547047,36.25701,0.5016104393736472
Fhua,16,1148,2011,2.478064965057477,6.140805971045314,19.790907,0.11867001224304674
Fhua,16,1148,2012,2.58075601135089,6.660301590123756,2.8581076,0.2170853185278743
Fhua,16,1148,2013,2.8936905931664354,8.373445248979916,45.213097,0.18621033345127536
Fhua,16,1148,2014,3.92690941297544,15.420617537715115,64.70997,0.6110257195411177
Fhua,16,1148,2015,2.810295883381671,7.8977629521519646,40.620617,0.3467292968917908
Fhua,16,1148,2016,3.306886555893734,10.935498693550723,85.741516,0.3325321395722814
Fhua,16,1148,2017,4.650514917849211,21.62728900113806,104.23987,0.6006967845931849
Fhua,16,1148,2018,4.6701753212947095,21.810537531630143,190.02731,0.647130258408583
Fhua,16,1148,2019,3.112130876873415,9.68535859478889,65.424355,0.22204375200772436
Fhua,16,1148,2020,3.036773859571165,9.22199547417475,37.162777,0.6353960289331104
Fhua,16,1148,2021,3.154685809947754,9.952042559485719,65.45447,0.5318431465816442
Fhua,16,1148,2022,2.604951620252624,6.78577294385677,21.933573,0.17359656446765573
Fhua,16,1148,2023,2.204089071294892,4.858008634201581,41.851852,0.0892151649521912
Fhua,16,1148,2024,2.993619232008675,8.96175610625221,61.025482,0.031119394042444723
Fhua,16,1148,2025,2.8993377070838258,8.406159139718095,84.26851,0.13631607014821723
Fhua,16,1148,2026,2.9198586933219803,8.525574788967942,36.282284,0.4282869394784091
Fhua,16,1148,2027,2.690841812254673,7.240629658578013,43.926353,0.11910555814159957
Fhua,16,1148,2028,3.4107915713653267,11.633499143296754,96.13353,0.4069473060347748
Fhua,16,1148,2029,3.8297511441004484,14.666993825738693,50.851723,0.5607286141572447
Fhua,16,1148,2030,4.4531288208306,19.830356294912136,146.1821,0.7650421912989094
Fhua,16,1148,2031,3.5009234218448024,12.256464805621519,61.970238,0.46515313536259206
Fhua,16,1148,2032,3.0268444528036147,9.161787341468012,56.916653,0.3408759328263432
Fhua,16,1148,2033,2.4441535307185487,5.973886481723946,17.354528,0.2067372433054446
Fhua,16,1148,2034,3.111423479851542,9.68095607097148,22.925293,0.4368354087306596
Fhua,16,1148,2035,3.102521476070461,9.625639509478434,20.851055,0.6609762685572544
Fhua,16,1148,2036,3.365971116515061,11.329761557213649,58.530968,0.6393262375286942
Fhua,16,1148,2037,3.372890627203406,11.376391183076587,52.190887,0.31729012383567873
Fhua,16,1148,2038,3.487729924538985,12.164260026524715,66.0421,0.346522063907028
Fhua,16,1148,2039,2.19623461544228,4.823446486066899,28.128073,0.03409003925629017
Fhua,16,1148,2040,2.9911895861179376,8.947215140100399,101.65666,0.28154866590666044
Fhua,16,1148,2041,2.295815689622147,5.270769680715213,30.594067,0.12271440279932178
Fhua,16,1148,2042,2.767502017552337,7.659067417156257,36.666733,0.24108941654606536
Fhua,16,1148,2043,2.643548071039456,6.988346403896429,31.28245,0.3452905240968954
Fhua,16,1148,2044,2.65710005591762,7.060180707157417,86.27325,0.49368886066783746
Fhua,16,1148,2045,2.9006536745475437,8.413791739666168,20.521168,0.33068088208397006
Fhua,16,1148,2046,3.260294836879323,10.62952242338197,20.674875,0.2932334767931565
Fhua,16,1148,2047,3.8023682328639503,14.45800417829292,123.81143,0.7542667196307227
Fhua,16,1148,2048,3.2842252387149635,10.786135418612359,97.98047,0.43227409342360223
Fhua,16,1148,2049,4.285360276056021,18.364312695598947,62.448605,0.24523440740899322
Fhua,16,1148,2050,4.117260752255793,16.951836102065933,119.995316,0.6121327507536847
Fhua,16,1148,2051,3.944330783281818,15.557745327944561,156.00093,0.43910750285210237
Fhua,16,1148,2052,4.506829758078705,20.311514468303752,185.90894,0.7262694708088564
Fhua,16,1148,2053,4.40688270548498,19.420615179902622,201.4556,0.6918872765697287
Fhua,16,1148,2054,3.6430781745746206,13.27201858606195,59.11269,0.29417658209767195
Fhua,16,1148,2055,2.7671597209705676,7.657172921361908,84.019714,0.18655762769091094
Fhua,16,1148,2056,5.438834175061379,29.58091718381558,196.04033,0.841920785557193
Fhua,16,1148,2057,3.9088487468027173,15.279098525381169,177.65565,0.4779301901598808
Fhua,16,1148,2058,3.4232583044510823,11.7186974189933,60.26693,0.4226179828078248
Fhua,16,1148,2059,2.523273439687367,6.366908851431717,7.654639,0.1778072030530915
Fhua,16,1148,2060,3.060692580970319,9.367839075206755,20.044632,0.24858160211429686
Fhua,16,1148,2061,3.612204914215295,13.048024342281128,138.04214,0.18421317274126328
Fhua,16,1148,2062,2.0650003911423522,4.264226615418068,13.95914,0.06189887378411998
Fhua,16,1148,2063,3.169609376501695,10.046423599607467,27.53515,0.19539356770958408
Fhua,16,1148,2064,2.1690094627799206,4.704602049628841,8.374324,0.08845639007781096
Fhua,16,1148,2065,2.6062003647699683,6.792280341327115,30.292355,0.13393210812131343
Fhua,16,1148,2066,2.738330792598083,7.498455529690847,31.395014,0.2520709409406965
Fhua,16,1148,2067,3.090752986381719,9.552754022827513,66.99168,0.2589388790504423
Fhua,16,1148,2068,2.2331667161316386,4.987033582038168,49.966877,0.12145857041232294
Fhua,16,1148,2069,2.0021721772908503,4.008693427517584,7.960008,0.2992137263528904
Fhua,16,1148,2070,2.8348437723922157,8.03633921387093,27.590954,0.32429618271007854
Fhua,16,1148,2071,3.140043348543713,9.859872230733616,6.495097,0.48839442524765087
Fhua,16,1148,2072,4.14670650256048,17.19517481837737,112.23153,0.5288985681073515
Fhua,16,1148,2073,3.2893486208728135,10.81981434963788,96.97205,0.2958508259515995
Fhua,16,1148,2074,3.378475993992438,11.414100041983193,56.220512,0.20110910467094342
Fhua,16,1148,2075,3.349936948187429,11.222077556831307,24.530312,0.5676308712476621
Fhua,16,1148,2076,2.531624811781237,6.409124187626386,37.393635,0.1933988511023228
Fhua,16,1148,2077,2.5906626149665373,6.711532784585255,65.39235,0.25837377779744175
Fhua,16,1148,2078,3.139616180239915,9.857189759224275,83.71223,0.24242478121264666
Fhua,16,1148,2079,4.543832651966854,20.64641516908013,149.58958,0.6800148071597132
Fhua,16,1148,2080,3.6738937813664427,13.497495516763017,131.0479,0.5754091339948821
Fhua,16,1148,2081,2.8196609232810674,7.9504877222782415,85.7733,0.25271379480237566
Fhua,16,1148,2082,2.7993772157679935,7.836512796160962,73.09282,0.18695365438689324
Fhua,16,1148,2083,3.322038008476047,11.035936529759502,71.11346,0.27031638182389495
Fhua,16,1148,2084,3.342319539141269,11.171099901725503,52.1504,0.3148988579616952
Fhua,16,1148,2085,3.3720772649023796,11.370905080471509,25.077156,0.21635553701681448
Fhua,16,1148,2086,2.6129870388921064,6.827701265418138,55.508755,0.08301591776228379
Fhua,16,1148,2087,3.464738996280139,12.004416312344304,64.181885,0.24559506237800965
Fhua,16,1148,2088,3.5096829649071943,12.317874514159751,69.78585,0.42748871340334577
Fhua,16,1148,2089,4.340900684041323,18.843418748710427,87.11471,0.6370738209373865
Fhua,16,1148,2090,4.0855484329526215,16.691705998001623,71.386765,0.5499811868312038
Fhua,16,1148,2091,3.0729759407675337,9.443181132536106,27.086325,0.31599046675364134
Fhua,16,1148,2092,3.385466607993657,11.461384153840083,48.170124,0.5511336285562114
Fhua,16,1148,2093,2.8236390469977493,7.972937467730357,39.636223,0.415306333177356
Fhua,16,1148,2094,4.240692555590445,17.98347335104022,163.88316,0.4677243110345999
Fhua,16,1148,2095,4.4549465459123105,19.846548726936028,127.73702,0.7598978756068446
Fhua,16,1148,2096,3.7150932979347147,13.801918212359434,42.62977,0.2359739634990535
Fhua,16,1148,2097,4.4820831933285215,20.089069751917997,142.62679,0.8139523463242004
Fhua,16,1148,2098,3.5486215326344284,12.592714781876717,94.917725,0.5547954635119634
Fhua,16,1148,2099,2.832564698930827,8.023422773629088,67.29783,0.4102015873118422
Fhua,16,1148,2100,3.1711689959498117,10.05631280087334,46.34418,0.19412913376962004
Fhua,16,1148,2101,3.1708428679423433,10.054244493180827,10.739964,0.5063457781811072
Fhua,16,1148,2102,3.128192866615734,9.785590610745562,27.87865,0.6208154133836341
Fhua,16,1148,2103,4.135172266682744,17.099649675142107,100.77832,0.7086355876702769
Fhua,16,1148,2104,4.86911896309402,23.708319476761776,230.63501,0.47272960112229107
Fhua,16,1148,2105,4.472598476248396,20.00413712973948,162.2815,0.6971072755569641
Fhua,16,1148,2106,3.7291491696674854,13.906553529631696,69.6122,0.32124821189757596
Fhua,16,1148,2107,4.811785609405046,23.153280750877492,159.70656,0.7265689622319005
Fhua,16,1148,2108,4.083868991314424,16.677985938219493,91.822586,0.5463171024067092
Fhua,16,1148,2109,4.270313061259215,18.23557364116106,123.16472,0.6985502397750764
Fhua,16,1148,2110,4.544874642589555,20.655885516853537,110.92933,0.6956512234676571
Fhua,16,1148,2111,5.116046041378492,26.173927097504528,245.60666,0.7908825057309847
Fhua,16,1148,2112,3.9306332859617035,15.449878028710096,95.87523,0.632178680226039
Fhua,16,1148,2113,3.7829307141906185,14.310564788366744,80.74512,0.4046313240115873
Fhua,16,1148,2114,2.6299218150037382,6.916488753032554,9.134005,0.30033726504459457
Fhua,16,1148,2115,3.005244664853514,9.031495495630507,55.664734,0.20419564702551463
Fhua,16,1148,2116,2.2129963247332904,4.897352733283051,5.0783405,0.12456918242544615
Fhua,16,1148,2117,2.9273937902006932,8.569634402905578,34.258854,0.3801634925112547
Fhua,16,1148,2118,3.2373922622951263,10.480708659968355,35.812054,0.2825877585997066
Fhua,16,1148,2119,3.8411490218255717,14.754425807871549,23.001652,0.5369483842083095
Fhua,16,1148,2120,3.3617244736548355,11.30119143676988,64.21375,0.5465700430063136
Fhua,16,1148,2121,2.732397080805217,7.465993807192868,57.101105,0.18456903519063533
Fhua,16,1148,2122,3.940268238777011,15.525713793514889,79.07833,0.7477845311689488
Fhua,16,1148,2123,4.099854501366328,16.808806932373738,113.47622,0.5363240079776108
Fhua,16,1148,2124,4.7648892636487234,22.704169694834878,137.67004,0.7117198837397238
Fhua,16,1148,2125,3.1895985396260516,10.173538843984643,39.510666,0.4416284333688245
Fhua,16,1148,2126,3.3478326834625602,11.207983676460127,99.007095,0.6546238135171705
Fhua,16,1148,2127,2.9025259421403122,8.424656844797505,20.742321,0.15639474537496473
Fhua,16,1148,2128,2.4325516264225286,5.91730741521089,3.4997613,0.16050379391174963
Fhua,16,1148,2129,2.529778456399687,6.399779038463981,10.752731,0.08862662052752998
Fhua,16,1148,2130,3.320473682214105,11.025545474276496,43.448116,0.526787332033267
Fhua,16,1148,2131,5.169467524895602,26.723394490950252,192.33382,0.6998131516983035
Fhua,16,1148,2132,3.3605333496545207,11.293184394140233,83.850555,0.5221482226537547
Fhua,16,1148,2133,3.2764416948594373,10.735070179813382,94.13967,0.32056291885373
Fhua,16,1148,2134,4.712395277802738,22.20666925425755,134.2266,0.7458678680805599
Fhua,16,1148,2135,2.6514452422755497,7.030161872785648,14.964235,0.3888384025151994
Fhua,16,1148,2136,4.275781188082315,18.282304768358614,78.29291,0.4617403475973849
Fhua,16,1148,2137,2.697860402838475,7.278450753203779,18.927338,0.2851109461242283
Fhua,16,1148,2138,3.2996652293520223,10.887790625794734,3.0897489,0.44123959533772744
Fhua,16,1148,2139,3.8786568416580725,15.04397889534097,71.4352,0.32746415884937197
Fhua,16,1148,2140,3.587592849541778,12.8708224540833,19.404486,0.4082347629051307
Fhua,16,1148,2141,3.576151504376821,12.788859582256599,130.77963,0.5651343598631537
Fhua,16,1148,2142,3.5827189267608945,12.835874908170736,68.1722,0.38667612701931153
Fhua,16,1148,2143,4.141735112342863,17.153969740813746,62.37606,0.4492870843165453
Fhua,16,1148,2144,3.670314609147592,13.471209330122244,38.818047,0.570388947909292
Fhua,16,1148,2145,4.932475802249488,24.32931753977673,95.89557,0.3469108151283159
Fhua,16,1148,2146,3.9218420047554794,15.380844710264476,52.802296,0.3824211944634004
Fhua,16,1148,2147,4.4013004832376215,19.371445943747712,167.00613,0.709369906522744
Fhua,16,1148,2148,2.2359923817912755,4.99966193142862,24.692087,0.14565452649997784
Fhua,16,1148,2149,3.024121538100978,9.145311077206227,53.993786,0.22914979624533388
Fhua,16,1148,2150,2.5001636240031573,6.250818146788602,88.955444,0.3161548411706494
Fhua,16,1148,2151,3.275983867079539,10.73207029736541,85.263916,0.060857110269629255
Fhua,16,1148,2152,3.465947087825052,12.012789215602956,54.49538,0.2364734328790225
Fhua,16,1148,2153,3.460988832736583,11.978443700327336,60.00615,0.5079965466458003
Fhua,16,1148,2154,2.764826036484834,7.644263012024438,44.57573,0.26043575451219725
Fhua,16,1148,2155,2.2299534346081558,4.9726923205207125,2.5010977,0.12042113198081532
Fhua,16,1148,2156,2.3322082952379697,5.4391955323767975,45.591736,0.18013215389048612
Fhua,16,1148,2157,3.379292046561872,11.419614735956326,107.25436,0.39707389329964593
Fhua,16,1148,2158,4.253145650072818,18.08924792073333,107.772255,0.6264967893269189
Fhua,16,1148,2159,4.20886913185385,17.714579369072183,115.456085,0.521141815103045
Fhua,16,1148,2160,2.9172905990229845,8.510584439147884,58.864525,0.312870942836872
Fhua,16,1148,2161,3.6305861100428034,13.181155502435734,74.27876,0.5230622595316601
Fhua,16,1148,2162,4.1320063734769334,17.073476670453996,142.68983,0.5759821903879405
Fhua,16,1148,2163,3.4182949632639814,11.684740455875906,104.350655,0.5068892840201449
Fhua,16,1148,2164,3.878092034768214,15.039597830132667,79.50316,0.5902207150217494
Fhua,16,1148,2165,3.056336578800257,9.34119328291246,159.89078,0.5221411658573321
Fhua,16,1148,2166,5.254899316752917,27.613966829210277,219.21767,0.6910369088981957
Fhua,16,1148,2167,3.4444843010269466,11.864472100021093,101.61096,0.40866265833148896
Fhua,16,1148,2168,2.898883836883513,8.403527499744479,56.88636,0.1270660901813226
Fhua,16,1148,2169,3.1211331776726703,9.7414723127691,81.08765,0.4895221246617382
Fhua,16,1148,2170,4.323127084340124,18.689427787355143,139.88959,0.6314386577788422
Fhua,16,1148,2171,2.5960082584165796,6.739258877767085,22.092508,0.3767186203172068
Fhua,16,1148,2172,3.2215956363637157,10.378678444237734,20.704361,0.22798438537505517
Fhua,16,1148,2173,2.855160576433483,8.151941917219977,44.687256,0.6119014019852292
Fhua,16,1148,2174,4.63627633173987,21.495058224251302,186.8988,0.7959157433902622
Fhua,16,1148,2175,3.7359972053518833,13.957675118397088,51.988495,0.1922146540225258
Fhua,16,1148,2176,4.354217570045919,18.959210647296587,139.12753,0.6068407467754414
Fhua,16,1148,2177,4.1307202732217005,17.062849975604752,166.70023,0.47214371625903584
Fhua,16,1148,2178,4.07569202538908,16.611265485820145,53.484493,0.6804064269827794
Fhua,16,1148,2179,4.100449438105602,16.813685594460548,112.86709,0.6815760075197634
Fhua,16,1148,2180,4.829527979489761,23.324340504674456,113.86744,0.7950419601740661
Fhua,16,1148,2181,4.034127901631973,16.274187926725592,53.828583,0.32843094757647007
Fhua,16,1148,2182,3.586651023389777,12.864065563582933,78.28249,0.45738620990482204
Fhua,16,1148,2183,3.9022319479405736,15.227414175528082,45.051487,0.4763098831118723
Fhua,16,1148,2184,3.7959186592305345,14.408998467494538,63.726254,0.6629006072921972
Fhua,16,1148,2185,3.792122549148718,14.380193427762169,68.63856,0.5018000136104309
Fhua,16,1148,2186,4.1224124364377435,16.994284296096563,129.02582,0.6373383360546091
Fhua,16,1148,2187,3.872665064784385,14.997534704001444,91.40864,0.3821816534604305
Fhua,16,1148,2188,3.242696152569401,10.515078337888397,9.286604,0.16007705684735332
Fhua,16,1148,2189,3.448446304956899,11.891781918170887,85.27353,0.3238695038033221
Fhua,16,1148,2190,2.7601586585012687,7.618475820099523,44.667034,0.2545985828726802
Fhua,16,1148,2191,5.334777768305382,28.459853837205355,154.2227,0.6885458640396435
Fhua,16,1148,2192,3.8996458569007983,15.207237809243562,44.228287,0.586136895765253
Fhua,16,1148,2193,2.2588663703568783,5.102477279129255,7.4459295,0.14928407484261014
Fhua,16,1148,2194,2.9251654123578743,8.556592689654813,62.495975,0.245801738390729
Fhua,16,1148,2195,4.013619858759797,16.109144370631014,121.95954,0.7939188959447764
Fhua,16,1148,2196,2.6391857403675605,6.96530137215947,20.664032,0.31886078670142903
Fhua,16,1148,2197,2.589721724664105,6.706658611197226,14.79286,0.09350863928903629
Fhua,16,1148,2198,2.6457786671036234,7.000144755300627,12.757555,0.23649846752404163
Fhua,16,1148,2199,2.7991196543904375,7.835070839594845,29.152464,0.16730898437486685
Fhua,16,1148,2200,2.8992696785690693,8.405764669069994,67.40658,0.18788751728058342
Fhua,16,1148,2201,3.7304116005158385,13.91597070926314,164.7706,0.5748367739806556
Fhua,16,1148,2202,4.66038583635497,21.71919614369801,190.37361,0.6152951044270141
Fhua,16,1148,2203,4.209016679656872,17.715821409629765,135.67993,0.6865244777500198
Fhua,16,1148,2204,3.9451648281223157,15.56432552105338,123.33204,0.4395564974474987
Fhua,16,1148,2205,4.490029650050288,20.16036625833071,36.094986,0.6612676472748753
Fhua,16,1148,2206,3.881309151681046,15.06456073092304,129.90082,0.48239282701701813
Fhua,16,1148,2207,3.316015870605342,10.995961254106508,11.111143,0.5928620129193561
Fhua,16,1148,2208,2.9862534320563565,8.917709560468367,16.188385,0.16032309661507577
Fhua,16,1148,2209,3.0820383162571274,9.498960182877068,39.06514,0.22771757832562126
Fhua,16,1148,2210,2.6999429439825144,7.2896919007609675,21.320353,0.27132864559491704
Fhua,16,1148,2211,2.5597903478835815,6.552526625117946,26.4446,0.22667595185222783
Fhua,16,1148,2212,3.1811140003277694,10.119486283081342,70.18881,0.48996887629674685
Fhua,16,1148,2213,3.410691135227148,11.63281401991705,33.718967,0.29845980704543473
Fhua,16,1148,2214,2.9897643652242687,8.938690959564875,52.3532,0.4826481503246561
Fhua,16,1148,2215,3.6378766833396976,13.23414676318664,82.67424,0.5780244280364437
Fhua,16,1148,2216,2.635375666328276,6.945204902675203,32.57779,0.22624118048494885
Fhua,16,1148,2217,3.3821638819241513,11.439032524192243,83.56078,0.43114417022378504
Fhua,16,1148,2218,3.562827277520598,12.693738209444835,74.02784,0.42487100143148787
Fhua,16,1148,2219,4.4907111519447795,20.16648665020121,190.53027,0.49879745056811586
Fhua,16,1148,2220,4.034258720677113,16.27524342535934,167.46536,0.6205758910420844
Fhua,16,1148,2221,3.6109101497651785,13.038672109677183,32.082474,0.5646632204535444
Fhua,16,1148,2222,3.6431696042060704,13.272684765011016,83.923515,0.6682548128973741
Fhua,16,1148,2223,4.18815830128534,17.540669956625305,82.04055,0.5709286872840473
Fhua,16,1148,2224,3.168219837052598,10.03761693589359,68.16309,0.2921597703236265
Fhua,16,1148,2225,2.8271195308057133,7.992604841463116,67.55633,0.32387057852546247
Fhua,16,1148,2226,3.255198990204684,10.596320465829598,44.786827,0.4228099704874445
Fhua,16,1148,2227,3.181049298031578,10.119074636507195,26.17737,0.5982279585238781
Fhua,16,1148,2228,4.390646374507689,19.277775585977516,80.3642,0.4623132365518472
Fhua,16,1148,2229,3.936735785502708,15.497888644857623,138.84572,0.5396727441498599
Fhua,16,1148,2230,3.1481079502715184,9.910583666562738,56.444267,0.3771516678744482
Fhua,16,1148,2231,3.844203620352407,14.777901474730548,117.22624,0.7026358751623478
Fhua,16,1148,2232,3.6158448301038213,13.074333835388535,55.068367,0.7942544893504657
Fhua,16,1148,2233,4.13422513068709,17.091817431204692,163.51624,0.4587905019002172
Fhua,16,1148,2234,4.441604333986828,19.727849059690577,186.2498,0.7014150396322673
Fhua,16,1148,2235,3.3310160908241078,11.095668197329124,55.340763,0.2918024195903467
Fhua,16,1148,2236,4.188657695712945,17.544853291855286,207.70718,0.5333279284766576
Fhua,16,1148,2237,2.6959572752554544,7.268185630002814,12.078171,0.21159294788913965
Fhua,16,1148,2238,2.1345319003496783,4.556226433610409,40.03848,0.17244298031614852
Fhua,16,1148,2239,3.7558401613212165,14.106335317393382,106.81267,0.5036624633210933
Fhua,16,1148,2240,2.570181411021281,6.605832485559342,18.728392,0.26481896481512157
Fhua,16,1148,2241,2.9185715100011613,8.51805965899046,47.904926,0.1951830602238716
Fhua,16,1148,2242,2.296835756082326,5.275454490418269,14.040934,0.14983880195502597
Fhua,16,1148,2243,2.951991375798302,8.71425308278755,60.555138,0.15972137034486608
Fhua,16,1148,2244,2.6001785279066914,6.760928376987009,19.929104,0.18235501883421742
Fhua,16,1148,2245,3.596346967303641,12.93371150923409,93.166794,0.32639917246597583
Fhua,16,1148,2246,3.4285008670091623,11.754618195082582,77.248985,0.4700882426407659
Fhua,16,1148,2247,2.7933987253946833,7.803076439036642,4.206952,0.09978427097882343
Fhua,16,1148,2248,2.9965398069461036,8.979250814612591,19.207642,0.27725526889729546
Fhua,16,1148,2249,2.9575066049819068,8.746845318511603,28.596096,0.2279211891584801
Fhua,16,1148,2250,2.998881201235836,8.99328845912569,35.79915,0.45170855386069714
Fhua,16,1148,2251,3.2803388102717106,10.76062271017482,69.72951,0.08185853117461782
Fhua,16,1148,2252,2.518282881485449,6.341748671182658,55.476753,0.11411105220554515
Fhua,16,1148,2253,3.3050969172873046,10.92366563266204,99.258484,0.3135374378851336
Fhua,16,1148,2254,4.132367960016619,17.076464956971925,133.00092,0.38583250120014567
Fhua,16,1148,2255,2.4505459445234594,6.005175426220375,1.5376241,0.14460531598688187
Fhua,16,1148,2256,3.649529336497992,13.31906437795947,74.98129,0.5915427801343784
Fhua,16,1148,2257,4.3163441989120965,18.630827243482106,125.58002,0.27060703467179126
Fhua,16,1148,2258,3.1947939151264477,10.206708160128976,17.985136,0.29990766462476837
Fhua,16,1148,2259,2.200838492443797,4.843690069822285,9.75005,0.07916908530776763
Fhua,16,1148,2260,2.867293261642744,8.221370648261884,20.031647,0.24102547623254683
Fhua,16,1148,2261,2.871350213997574,8.244652051423913,40.059837,0.3917269056685996
Fhua,16,1148,2262,2.7386676565715478,7.500300533151093,7.9609427,0.1558400205553058
Fhua,16,1148,2263,2.743403158174531,7.526260888281991,27.036453,0.17905952467451328
Fhua,16,1148,2264,2.673752373822229,7.148951756520004,35.181282,0.348755360354823
Fhua,16,1148,2265,2.57957125113254,6.654187839669498,23.63523,0.3748154263645445
Fhua,16,1148,2266,3.1012665913994675,9.617854470930471,75.96756,0.23426592737654978
Fhua,16,1148,2267,2.3486510019514353,5.51616152896748,28.396383,0.08032163091122459
Fhua,16,1148,2268,4.073350836484342,16.59218703708769,76.09097,0.7137222792402809
Fhua,16,1148,2269,4.0238923903085055,16.191709968782696,47.774902,0.4334906371102586
Fhua,16,1148,2270,2.5387288283438703,6.445144063864239,47.087177,0.26198094540230904
Fhua,16,1148,2271,3.479321394279267,12.105677364689425,71.81817,0.16652239418886355
Fhua,16,1148,2272,4.095962882861633,16.77691193778018,63.802895,0.2899017369620126
Fhua,16,1148,2273,2.924384320403983,8.552023653424664,69.80559,0.27946328018429073
Fhua,16,1148,2274,2.992822787223187,8.956988235722365,84.84478,0.39007527466401204
Fhua,16,1148,2275,3.4259611782888957,11.737209995142637,58.539513,0.40625853369659026
Fhua,16,1148,2276,4.22572310738808,17.856735780313574,126.46405,0.46207894141043976
Fhua,16,1148,2277,4.52601523683237,20.48481392403878,70.13016,0.6336728353798854
Fhua,16,1148,2278,3.364310190870845,11.318583060397424,142.27347,0.6666371981642525
Fhua,16,1148,2279,3.2792182891163884,10.753272587675418,38.49378,0.4622192076902479
Fhua,16,1148,2280,2.658985959963187,7.070206335281352,60.480442,0.4526995460997049
Fhua,16,1148,2281,2.864825948416021,8.207227714717753,59.009853,0.30630055453416444
Fhua,16,1148,2282,2.432822735254573,5.918626461171543,44.116764,0.189786764076793
Fhua,16,1148,2283,2.632648367588763,6.930837427367779,4.2954965,0.3056601781563334
Fhua,16,1148,2284,3.7010553608296424,13.697810783925839,48.073647,0.6020462424727104
Fhua,16,1148,2285,2.5018769508291503,6.2593882770901645,21.906498,0.11874395968259988
Fhua,16,1148,2286,2.718119032355714,7.388171074054362,35.923748,0.15690447768820862
Fhua,16,1148,2287,3.1898577357708358,10.175192374457042,43.982292,0.28003442983620075
Fhua,16,1148,2288,2.935978546088206,8.61997002309022,51.027794,0.19212914092872152
Fhua,16,1148,2289,3.4573104887997914,11.952995815965053,96.301926,0.31989700694578815
Fhua,16,1148,2290,5.131144318169855,26.328642013886785,223.76826,0.7930278061184011
Fhua,16,1148,2291,3.37337392768919,11.379651656013191,91.31357,0.5154046768525986
Fhua,16,1148,2292,3.8193749875721834,14.587625295692012,90.78999,0.48236187975805767
Fhua,16,1148,2293,4.252587261598642,18.084498417511043,182.55093,0.563255926718751
Fhua,16,1148,2294,5.034658402457112,25.347785229432006,135.6319,0.570417879560896
Fhua,16,1148,2295,3.444935066108452,11.867577609703647,39.57017,0.42569084760054526
Fhua,16,1148,2296,3.9235292998829587,15.394082167040057,41.76247,0.4832612236912305
Fhua,16,1148,2297,4.10623680121658,16.861180667665373,90.84733,0.5428283569241443
Fhua,16,1148,2298,3.7004666559785906,13.693453472009372,83.41794,0.7632064504905558
Fhua,16,1148,2299,4.687369818203279,21.971435812603037,196.5108,0.33586755291355275
Fhua,16,1148,2300,3.1043600070928314,9.637051053637409,32.870045,0.322446070733874
Fhua,16,1148,2301,2.6687179792693305,7.122055652875379,22.83361,0.20167593613019152
Fhua,16,1148,2302,3.07756051872591,9.471378746420491,92.51694,0.36407509538392124
Fhua,16,1148,2303,3.5477140886059084,12.58627525449285,101.120834,0.367222617318134
Fhua,16,1148,2304,2.781948708696809,7.739238617819846,23.31445,0.13240790008178072
Fhua,16,1148,2305,3.5177654073080253,12.374673460852994,43.857956,0.3511141420201102
Fhua,16,1148,2306,4.9548409251846035,24.550448593884216,169.71167,0.4795636843570108
Fhua,16,1148,2307,4.171866736199717,17.40447206460968,113.56799,0.5440867525491428
Fhua,16,1148,2308,3.702892133502842,13.71141015235723,66.484245,0.5301258015900066
Fhua,16,1148,2309,2.7791054857714856,7.723427301045165,25.96077,0.15770867028829888
Fhua,16,1148,2310,3.762424923092127,14.155841301904797,91.18689,0.5695965150513213
Fhua,16,1148,2311,3.637197572872948,13.229206184112867,128.99435,0.6649044097534913
Fhua,16,1148,2312,4.022981796365188,16.18438253388568,150.54944,0.6280563043133586
Fhua,16,1148,2313,3.6655981751880473,13.43660998194194,78.04363,0.5879857703215416
Fhua,16,1148,2314,4.822120274279252,23.252843939615005,128.81175,0.7307729598181197
Fhua,16,1148,2315,3.269149519123431,10.687338578384963,33.609844,0.3612463753629845
Fhua,16,1148,2316,4.6512954641866555,21.634549495163366,217.23163,0.6096296058163466
Fhua,16,1148,2317,3.2051530087409112,10.273005809440916,63.353325,0.46681412972680464
Fhua,16,1148,2318,3.031245366010313,9.188448468958994,97.02438,0.21734524869138555
Fhua,16,1148,2319,2.5852246394715066,6.683386436530582,19.356201,0.4519768415635036
Fhua,16,1148,2320,3.3424707939917595,11.172111008687901,55.62977,0.19364310168672413
Fhua,16,1148,2321,3.757794207941381,14.121017309237788,81.7169,0.5409387187092943
Fhua,16,1148,2322,4.392681781814654,19.29565323628637,129.2247,0.6386050270809398
Fhua,16,1148,2323,3.9966978756442515,15.97359390917927,148.21657,0.4795151056325741
Fhua,16,1148,2324,3.230996747753197,10.439339983991735,52.608944,0.337967249771557
Fhua,16,1148,2325,3.1933050585392446,10.19719719689233,21.1235,0.5023486035593568
Fhua,16,1148,2326,2.351441194314857,5.5292756903208815,6.16485,0.1658544514356644
Fhua,16,1148,2327,3.6475628725923346,13.304714909514042,72.73,0.5607525702380098
Fhua,16,1148,2328,3.043500273147378,9.262893912648163,55.28659,0.17102278620498695
Fhua,16,1148,2329,2.5795071299256236,6.653857033337127,37.73163,0.14452644727930256
Fhua,16,1148,2330,2.7139845524526924,7.365712150951842,50.45113,0.05577599811153034
Fhua,16,1148,2331,4.227297485602958,17.870044031785085,141.32327,0.5221997196748058
Fhua,16,1148,2332,4.891310985827836,23.924923160080073,167.88754,0.8036144464043473
Fhua,16,1148,2333,4.906252247602665,24.07131111710619,216.41681,0.7089703942472857
Fhua,16,1148,2334,3.155882660237129,9.959595365185377,48.65972,0.37930707146163767
Fhua,16,1148,2335,2.5058704287596485,6.279386605732065,42.9107,0.2609706395026946
Fhua,16,1148,2336,3.5039436265499835,12.277620938040249,86.84756,0.32623409884905297
Fhua,16,1148,2337,4.105744927916302,16.857141413110433,145.37529,0.5600505007164713
Fhua,16,1148,2338,2.795230582787925,7.813314010952923,34.396935,0.2028122871479065
Fhua,16,1148,2339,3.4185938308357486,11.68678378022824,88.87388,0.18339161764531808
Fhua,16,1148,2340,4.369832461431689,19.095435740982133,103.877846,0.6921549383786277
Fhua,16,1148,2341,2.6592193477882984,7.071447539651624,64.99652,0.27449785317692027
Fhua,16,1148,2342,2.7959758053054036,7.8174807038531995,30.942505,0.29028774097186827
Fhua,16,1148,2343,3.5909595464916175,12.894990464539283,56.997726,0.3482946606603585
Fhua,16,1148,2344,2.253793524509925,5.079585251122871,35.230286,0.1595570598696484
Fhua,16,1148,2345,2.893356041200496,8.371509181151406,56.567265,0.26791889788600287
Fhua,16,1148,2346,4.682161892408921,21.92263998672629,114.72063,0.3691201416743831
Fhua,16,1148,2347,5.626053303247101,31.652475770977613,290.14316,0.7533214408467277
Fhua,16,1148,2348,4.4174754562092655,19.51408940621125,87.69525,0.7382882527454966
Fhua,16,1148,2349,4.210261752866693,17.726304027652112,72.23495,0.4813503209192996
Fhua,16,1148,2350,3.9099462305729484,15.287679525971605,70.61465,0.396691176031838
Fhua,16,1148,2351,2.8769382330275666,8.276773596655778,31.592577,0.42134589367433295
Fhua,16,1148,2352,2.5553397922497294,6.529761453854888,26.657309,0.17951829694870813
Fhua,16,1148,2353,3.0549583647352265,9.332770610265728,50.03852,0.29728089815700215
Fhua,16,1148,2354,4.592473937426567,21.090816865942276,121.45132,0.7712070029644704
Fhua,16,1148,2355,3.812776560274506,14.53726509857869,137.38074,0.648990940408066
Fhua,16,1148,2356,2.774748374920393,7.69922854412336,44.285072,0.19266504885174543
Fhua,16,1148,2357,3.495353178428748,12.217493841951951,68.54754,0.25645128763153835
Fhua,16,1148,2358,2.7695599020769044,7.670462051192232,2.8987234,0.44671529914684194
Fhua,16,1148,2359,2.83218953599641,8.021297567807562,12.415525,0.29392183209574874
Fhua,16,1148,2360,3.0954003483764123,9.581503316728819,68.25453,0.5445056057379284
Fhua,16,1148,2361,2.55954064788543,6.551248328177768,13.103685,0.21752515427043745
Fhua,16,1148,2362,2.4138282788873706,5.826566959956366,14.696987,0.18831399818091116
Fhua,16,1148,2363,2.570726432265374,6.608634389547857,6.424467,0.09038061257978024
Fhua,16,1148,2364,3.605648423404784,13.000700553201405,18.723969,0.6130726080771579
Fhua,16,1148,2365,3.901739541068931,15.223571446340793,174.42767,0.7315054894160317
Fhua,16,1148,2366,3.415931121572493,11.668585427327507,20.412766,0.6199573886288728
Fhua,16,1148,2367,3.8925837008480304,15.152207868107748,152.38046,0.45719974250403095
Fhua,16,1148,2368,3.8984088462706024,15.197591532680892,130.09158,0.6221541945902118
Fhua,16,1148,2369,3.240154451309566,10.498600868341198,23.983877,0.33474612744931154
Fhua,16,1148,2370,3.3954802558795256,11.529286168067689,143.32971,0.4792395247523511
Fhua,16,1148,2371,3.2673002546569196,10.675250954081173,34.102657,0.31038613882897237
Fhua,16,1148,2372,2.4384480129630197,5.9460287119233,6.224179,0.10255455651973969
Fhua,16,1148,2373,3.56640887982193,12.719272298072713,19.401724,0.479740841535359
Fhua,16,1148,2374,4.1048618008353035,16.849890403956845,55.39656,0.6275000235712156
Fhua,16,1148,2375,5.200436057488539,27.044535188026934,222.54178,0.6063334402782699
Fhua,16,1148,2376,3.1741455417108972,10.075199919963163,61.380116,0.417613257744509
Fhua,16,1148,2377,2.9074370871912354,8.453190415975053,38.694824,0.23356137439102254
Fhua,16,1148,2378,3.371980261063935,11.370250881004798,39.54844,0.23744975855554598
Fhua,16,1148,2379,2.936666533974177,8.624010331763905,63.94212,0.24455370094774442
Fhua,16,1148,2380,3.4860847558996455,12.15278692531589,121.56672,0.46044466017538577
Fhua,16,1148,2381,3.4311127271516004,11.772534546421689,103.19005,0.5945542780411852
Fhua,16,1148,2382,3.390523391537001,11.495648868559563,43.369156,0.38261888794032384
Fhua,16,1148,2383,4.022214985778598,16.178213391821927,106.45979,0.5727514274500237
Fhua,16,1148,2384,3.2227513622614077,10.386126342957759,76.92997,0.4905173462340899
Fhua,16,1148,2385,3.3819078826930733,11.437300927021544,56.058926,0.36245402609554006
Fhua,16,1148,2386,3.7882761413699186,14.351036123272564,83.67525,0.2218768090713763
Fhua,16,1148,2387,2.839201621471783,8.061065847368003,28.156841,0.11696040237389933
Fhua,16,1148,2388,2.6868890693423912,7.219372870951621,60.894844,0.17358192574151626
Fhua,16,1148,2389,2.330622904960899,5.431803125128377,13.7887125,0.280289144623874
Fhua,16,1148,2390,3.5913114481493023,12.89751791760824,67.71783,0.581438424123833
Fhua,16,1148,2391,4.881255630953944,23.826656534719575,118.12154,0.813722997791402
Fhua,16,1148,2392,2.8094182501869005,7.892830904483228,47.284805,0.144444220646018
Fhua,16,1148,2393,2.636203569162053,6.949569258062746,48.74611,0.35738271250609066
Fhua,16,1148,2394,2.4100484586492477,5.808333573037617,6.2664385,0.25956617708071783
Fhua,16,1148,2395,2.9522995199577946,8.71607245554302,23.703552,0.22824897209116604
Fhua,16,1148,2396,2.5093547617615815,6.296861320375523,14.674293,0.1984162317912158
Fhua,16,1148,2397,3.2445260996752525,10.526949611473906,83.437996,0.343565790120704
Fhua,16,1148,2398,3.304286607157652,10.918309982241423,133.2642,0.43862438724546193
Fhua,16,1148,2399,4.492450544155022,20.182111891678755,107.66566,0.6977414623443016
Fhua,16,1148,2400,4.870772572106484,23.724425449184807,193.02153,0.6718242227037843
Fhua,16,1148,2401,4.454128080108251,19.839256954008803,219.20929,0.6726121489694953
Fhua,16,1148,2402,3.899861759156071,15.208921740527884,129.51556,0.7452019988796748
Fhua,16,1148,2403,3.4583176039597068,11.959960649857607,53.42842,0.502887377722567
Fhua,16,1148,2404,2.7225498025127566,7.412277427162252,19.374367,0.3119040083426627
Fhua,16,1148,2405,2.9929271809241436,8.95761311031454,12.452147,0.337158551176431
Fhua,16,1148,2406,3.843469837962948,14.772260395330926,100.19611,0.6392324472941018
Fhua,16,1148,2407,3.1887738350102945,10.168278570846262,18.323727,0.5506329041184054
Fhua,16,1148,2408,2.5379997997893184,6.441442983730618,39.390083,0.2783674281913848
Fhua,16,1148,2409,2.623185421293438,6.881101754486433,7.9401846,0.187747260539207
Fhua,16,1148,2410,2.1205205350590894,4.496607339607286,8.298717,0.11875105201692185
Fhua,16,1148,2411,3.055740943282416,9.33755271245251,3.8304203,0.43316015476969016
Fhua,16,1148,2412,2.166956311674817,4.695699656707327,19.391283,0.10666981811732437
Fhua,16,1148,2413,3.1718305956935318,10.060509327777586,38.031578,0.33093799537918916
Fhua,16,1148,2414,4.005492022433151,16.04396634177561,57.273453,0.4947184720179617
Fhua,16,1148,2415,3.113323047413775,9.692780397557797,4.0900507,0.2811838709376252
Fhua,16,1148,2416,3.0855182747229724,9.520423023649434,56.642525,0.31942673263970445
Fhua,16,1148,2417,3.233110180436406,10.45300143884153,46.93583,0.30724215240379193
Fhua,16,1148,2418,3.1713986890705237,10.057769645038237,30.043377,0.49682086428889166
Fhua,16,1148,2419,2.585268871579571,6.683615138358307,62.08943,0.23410783674498503
Fhua,16,1148,2420,4.4039945239882,19.39516776731806,174.68082,0.5339013481711214
Fhua,16,1148,2421,4.420045099224607,19.53679867917947,56.306667,0.6528907859696638
Fhua,16,1148,2422,4.0676005899937735,16.545374559717697,182.08812,0.6403182497556714
Fhua,16,1148,2423,4.407969227010061,19.430192706267672,128.72615,0.7632527560551952
Fhua,16,1148,2424,2.876973670753101,8.276977502206572,37.910152,0.2694978002551063
Fhua,16,1148,2425,3.6798710803050763,13.54145116766565,82.567215,0.3397698431464946
Fhua,16,1148,2426,5.422172980271819,29.39995982798978,256.09714,0.7119612244756259
Fhua,16,1148,2427,4.608038281327884,21.23401680218324,207.22737,0.7804172595024454
Fhua,16,1148,2428,2.6943228210118546,7.259375463825278,41.468006,0.05648413742164764
Fhua,16,1148,2429,2.8595980524547877,8.177301021603217,8.473413,0.43265692199150246
Fhua,16,1148,2430,2.0509563570974483,4.206421978718434,25.413746,0.2017412540829886
Fhua,16,1148,2431,2.9173833637118123,8.51112569086245,11.846606,0.3468041860646861
Fhua,16,1148,2432,2.5073862718880147,6.2869859164524815,54.24503,0.19951054785653005
Fhua,16,1148,2433,3.85082665006716,14.828865888867462,172.73387,0.615328943709281
Fhua,16,1148,2434,5.018688694605143,25.187236213357473,125.6257,0.5862247771823363
Fhua,16,1148,2435,3.9802406545826634,15.84231566839263,193.63702,0.7398154043169733
Fhua,16,1148,2436,3.851725650479952,14.83579048656521,97.408295,0.6964229551306418
Fhua,16,1148,2437,3.619326126004091,13.09952160637578,86.12811,0.5027011299670501
Fhua,16,1148,2438,4.371646330320825,19.11129163740754,223.00798,0.5640269244282327
Fhua,16,1148,2439,2.7574995146381207,7.60380357322947,37.83975,0.30082277405128
Fhua,16,1148,2440,4.048566182166867,16.3908881313852,107.85176,0.41262617768360543
Fhua,16,1148,2441,3.998925012434926,15.991401255077667,122.77617,0.4795322533149858
Fhua,16,1148,2442,4.76673146140741,22.721728825171223,223.28656,0.6251118575483825
Fhua,16,1148,2443,3.969417541418983,15.756275618124723,78.91196,0.546052651990733
Fhua,16,1148,2444,3.650794976019953,13.32830395693253,69.71537,0.29260948668359593
Fhua,16,1148,2445,3.4071240569386294,11.60849433936995,13.685961,0.4570701534695576
Fhua,16,1148,2446,2.5855803913859754,6.685225960319654,65.88122,0.2172885861686913
Fhua,16,1148,2447,2.9659471208555157,8.796842323711122,83.59208,0.4323747268033534
Fhua,16,1148,2448,1.8590266795570742,3.4559801953050013,5.628833,0.09579214333065436
Fhua,16,1148,2449,3.6111128687623673,13.040136150941178,19.28288,0.30089660043897093
Fhua,16,1148,2450,3.8121482551369628,14.532474319143788,117.434875,0.23792887785210298
Fhua,16,1148,2451,3.462980164627093,11.992231620600686,106.08465,0.5430989755958275
Fhua,16,1148,2452,5.073681646715276,25.742245452215435,140.78905,0.7588530215980183
Fhua,16,1148,2453,5.495586458398632,30.20147052173441,209.31725,0.6837643897618833
Fhua,16,1148,2454,4.027892413495622,16.223917294695593,70.925705,0.579410982616403
Fhua,16,1148,2455,4.078765567926165,16.636328558100058,109.892685,0.6646381388062149
Fhua,16,1148,2456,4.0342175278904975,16.27491106233892,46.393776,0.5801432593552036
Fhua,16,1148,2457,3.243355696416819,10.51935617347943,51.48815,0.21705361597276251
Fhua,16,1148,2458,2.4270960149852887,5.890795065957466,9.888224,0.1541049988977901
Fhua,16,1148,2459,3.066868047465204,9.405679620563035,36.404903,0.582818708372302
Fhua,16,1148,2460,2.360387037794658,5.571426968189039,28.668934,0.24827523075730115
Fhua,16,1148,2461,2.7939714243136318,7.806276319881143,16.898232,0.3844058527790749
Fhua,16,1148,2462,4.6746860909941494,21.852690049334164,60.42826,0.3781651136965508
Fhua,16,1148,2463,4.315151821215533,18.62053524013973,69.182304,0.33590085545712034
Fhua,16,1148,2464,4.069301080191594,16.559211281248476,104.39487,0.6244659223969314
Fhua,16,1148,2465,3.274638627320915,10.723258139542208,120.6279,0.44284892746822246
Fhua,16,1148,2466,2.819699184317416,7.950703490040301,22.836372,0.2833685766440236
Fhua,16,1148,2467,2.890839642431941,8.356953838256034,30.586102,0.12295984306157379
Fhua,16,1148,2468,3.1487564027142314,9.914666883633867,40.99508,0.1837637368997128
Fhua,16,1148,2469,2.6750994036897993,7.156156819621519,38.145195,0.16798578326240698
Fhua,16,1148,2470,5.003114723885751,25.031156940362408,112.96165,0.8014251141766076
Fhua,16,1148,2471,4.330556812549748,18.753722306721034,135.50252,0.46930499427407074
Fhua,16,1148,2472,2.9222131611475475,8.539329759183941,27.122288,0.3191699756629005
Fhua,16,1148,2473,3.7362712134464875,13.959722580428885,94.45713,0.2109147347148879
Fhua,16,1148,2474,2.8595073439168397,8.176782249914337,17.880682,0.2720555924081847
Fhua,16,1148,2475,2.38104800577611,5.66938960581039,37.388153,0.17040351842088844
Fhua,16,1148,2476,2.5231151583554503,6.366110102323051,5.993325,0.3830002842826767
Fhua,16,1148,2477,2.728580690017472,7.445152581936223,27.83081,0.425761976269918
Fhua,16,1148,2478,3.4085131093626413,11.61796161669698,39.122684,0.5488891563824293
Fhua,16,1148,2479,2.9196880599342045,8.52457836732236,80.6646,0.22778750211556828
Fhua,16,1148,2480,2.327432043802073,5.416939918516696,17.381435,0.3951751367308931
Fhua,16,1148,2481,2.6126648728085686,6.826017737607813,99.70284,0.2845605570870042
Fhua,16,1148,2482,3.8914828892798843,15.143639077558113,104.61873,0.43643011253602776
Fhua,16,1148,2483,4.251596973514289,18.07607682519586,140.97908,0.35058031259324623
Fhua,16,1148,2484,3.157947429011303,9.972631964399094,77.3794,0.18817722888958338
Fhua,16,1148,2485,4.090378966144232,16.73120008667515,120.06738,0.6411539207773962
Fhua,16,1148,2486,3.442785279223794,11.85277047884006,59.048534,0.4578268675134226
Fhua,16,1148,2487,3.157717797292503,9.971181687337813,40.429794,0.32987735757427816
Fhua,16,1148,2488,3.6062115626470743,13.00476183456945,58.152958,0.4284782468464109
Fhua,16,1148,2489,3.903610884528338,15.238177937808114,85.65752,0.44683268515531555
Fhua,16,1148,2490,4.702082169599905,22.10957672966935,180.28485,0.648801118991605
Fhua,16,1148,2491,2.9480982628208916,8.691283367247559,64.822266,0.4583340948425574
Fhua,16,1148,2492,2.8638608000045163,8.201698681802508,72.84675,0.14412819220359585
Fhua,16,1148,2493,3.345251654703639,11.190708633297437,58.25342,0.5534886722553461
Fhua,16,1148,2494,3.276397092017412,10.734777904580154,49.38371,0.5376407901747287
Fhua,16,1148,2495,3.3916096640905145,11.503016113552171,62.08346,0.2461440682157408
Fhua,16,1148,2496,2.6870643135191874,7.220314624988342,55.296448,0.21306430082369937
Fhua,16,1148,2497,3.61217907033204,13.047837636144843,101.61094,0.5918972409507426
Fhua,16,1148,2498,3.394724009273633,11.524151099138848,84.49921,0.43627206130279766
Fhua,16,1148,2499,4.28429514320314,18.35518487407401,90.34132,0.4669305133836178
Fhua,16,1148,2500,4.438276122246611,19.698294937304414,138.0821,0.6798933285715353
Fhua,16,1148,2501,4.768658572631806,22.740104582334812,222.56906,0.7466294315148707
Fhua,16,1148,2502,3.9589670562613217,15.673420152562436,110.21817,0.7173464435446615
Fhua,16,1148,2503,3.8975955014082415,15.191250692597762,123.98268,0.6259534725990832
Fhua,16,1148,2504,3.622593245409899,13.123181821689425,30.15374,0.24562162323176348
Fhua,16,1148,2505,2.9440416664109774,8.667381333563922,57.629814,0.30032160628079485
Fhua,16,1148,2506,3.3365396150571374,11.132496602845631,71.84202,0.44236375271909534
Fhua,16,1148,2507,3.968153121091892,15.746239192431323,75.121025,0.5081230217700402
Fhua,16,1148,2508,4.0159045397797195,16.127489272623357,118.604225,0.6982717675199739
Fhua,16,1148,2509,4.871255595266115,23.729131074411434,215.722,0.6180056896552676
Fhua,16,1148,2510,3.94248394224961,15.543179634896033,106.26067,0.6726198265584187
Fhua,16,1148,2511,3.438579650145184,11.823830010392582,8.954802,0.45063739052384977
Fhua,16,1148,2512,2.759196014132438,7.61316264440433,7.328746,0.4046883939774548
Fhua,16,1148,2513,3.6438999032923203,13.27800650521378,29.545698,0.6212115008496166
Fhua,16,1148,2514,2.6773060278266345,7.167967566636832,43.482964,0.2808094878733353
Fhua,16,1148,2515,3.2463465672199803,10.538766034500949,75.8717,0.21940618054989863
Fhua,16,1148,2516,4.272776208530136,18.256616528181155,188.044,0.6714837174420166
Fhua,16,1148,2517,6.107627430854746,37.30311283412934,276.712,0.8131462981890133
Fhua,16,1148,2518,3.811141075208498,14.524796295141385,119.55216,0.31077756252201605
Fhua,16,1148,2519,4.603145407564912,21.18894764318594,169.71811,0.713122733567895
Fhua,16,1148,2520,4.603076419415531,21.18831252297931,193.656,0.7008284935872681
Fhua,16,1148,2521,4.062442360499226,16.503437932378525,142.80902,0.7060274523929535
Fhua,16,1148,2522,3.534060095044623,12.489580755386807,103.958786,0.489920089590931
Fhua,16,1148,2523,3.754881566428931,14.099135577907786,117.71576,0.5241750406292062
Fhua,16,1148,2524,3.5513935851590737,12.612396396709018,94.99436,0.1676401635840667
Fhua,16,1148,2525,2.455060568071703,6.027322392900555,3.52049,0.19102718728684515
Fhua,16,1148,2526,3.1369181702737245,9.840255606993452,39.2463,0.26625269457017464
Fhua,16,1148,2527,4.424226044602422,19.573776093738395,80.38136,0.3117033637091873
Fhua,16,1148,2528,4.608062145741283,21.23423673901376,145.5159,0.7195934648400463
Fhua,16,1148,2529,3.6402170744394584,13.251180349040569,82.37018,0.40081450103702876
Fhua,16,1148,2530,3.548269666943698,12.590217629352741,119.541626,0.5460733968878495
Fhua,16,1148,2531,3.501440144723077,12.260083087078364,53.41584,0.14153884622126747
Fhua,16,1148,2532,3.939697553693347,15.521216814577345,180.85336,0.7035029150700732
Fhua,16,1148,2533,3.2672176867650173,10.674711412710153,91.12142,0.41735181880903516
Fhua,16,1148,2534,2.69341516741612,7.254485264067204,36.64015,0.43690341866398225
Fhua,16,1148,2535,2.7571525396997236,7.601890127172637,19.308779,0.2782979924681943
Fhua,16,1148,2536,3.0451874949441353,9.273166879364135,50.771877,0.29312630793249517
Fhua,16,1148,2537,2.9741778033399933,8.845733605880305,28.351797,0.41350690287396774
Fhua,16,1148,2538,2.9731097192867053,8.839381402917068,117.35712,0.46196933390328443
Fhua,16,1148,2539,2.4097326519881137,5.806811454057668,27.153429,0.45756427876847205
Fhua,16,1148,2540,2.8855562848853156,8.326435073241145,41.35896,0.41607275257954957
Fhua,16,1148,2541,5.109142529371335,26.10333738543091,171.6114,0.7559464860509822
Fhua,16,1148,2542,4.338114126818678,18.819234177303787,137.50517,0.645341657418371
Fhua,16,1148,2543,2.350460988472687,5.524666858332002,6.835157,0.10720832519799023
Fhua,16,1148,2544,2.422545579795771,5.868727086188028,8.020655,0.10176753813800786
Fhua,16,1148,2545,2.5713890120225,6.612041451150047,59.80315,0.3164324500458043
Fhua,16,1148,2546,3.4803866369326246,12.113091142539185,79.852295,0.2510443642966279
Fhua,16,1148,2547,3.3788049841604986,11.416323120987823,119.68804,0.5024186615994309
Fhua,16,1148,2548,2.6931293842847963,7.252945880498205,18.669758,0.21733349511645958
Fhua,16,1148,2549,2.7784151396240007,7.719590688091855,33.369778,0.09659248709310513
Fhua,16,1148,2550,2.559189002970248,6.549448352923854,38.087364,0.22269950746968142
Fhua,16,1148,2551,3.320444546251812,11.0253519847334,88.64781,0.3501661912054132
Fhua,16,1148,2552,3.384514756788708,11.454940138920525,106.47136,0.33943973985117293
Fhua,16,1148,2553,4.253573817905983,18.092890224375285,185.52425,0.7064740626995234
Fhua,16,1148,2554,2.8845755044994554,8.320775841158284,69.2426,0.19592995457378076
Fhua,16,1148,2555,2.9504283327215375,8.705027346525991,9.2563715,0.20580005768041953
Fhua,16,1148,2556,4.045782469616923,16.36835579145961,111.412125,0.7091762950351772
Fhua,16,1148,2557,3.80588855511254,14.484787693936617,132.05484,0.47420498205145933
Fhua,16,1148,2558,3.0761557204650587,9.462734016549904,113.32092,0.5908821859411331
Fhua,16,1148,2559,3.100372764925403,9.61231128149119,20.950695,0.0721296943749143
Fhua,16,1148,2560,4.151569943189201,17.235532993191985,111.39016,0.45504432771474734
Fhua,16,1148,2561,4.349054492734266,18.914274980772102,154.36655,0.5637994747879499
Fhua,16,1148,2562,4.3304365861889185,18.75268102700353,62.33551,0.6934666563884554
Fhua,16,1148,2563,2.491278752627932,6.206469823295383,22.97535,0.26693530645814756
Fhua,16,1148,2564,3.2742548167562053,10.72074460505121,17.772432,0.4565845551265405
Fhua,16,1148,2565,2.5902464373976883,6.709376606451418,5.6959114,0.14528611964720745
Fhua,16,1148,2566,3.0998351768111823,9.608978123396016,29.253336,0.21506083009990185
Fhua,16,1148,2567,2.979308942437959,8.876281774490788,42.600285,0.30034661238116384
Fhua,16,1148,2568,2.4140442789245924,5.827609780608554,32.28886,0.425899121181056
Fhua,16,1148,2569,2.637892469545837,6.958476680886633,18.301153,0.10094782954122829
Fhua,16,1148,2570,2.5184405953436806,6.342543032275034,30.400185,0.018404749159876443
Fhua,16,1148,2571,3.1235724429800595,9.756704806544416,54.029625,0.4243847731221443
Fhua,16,1148,2572,3.217476969254761,10.352158047684803,33.062584,0.5523962276277692
Fhua,16,1148,2573,3.217794123449102,10.354199020903575,45.019897,0.6285718404501861
Fhua,16,1148,2574,2.9708863892893493,8.826165938064703,83.030174,0.238457464563484
Fhua,16,1148,2575,2.770672705084899,7.676627238702475,9.122538,0.15146648017275383
Fhua,16,1148,2576,2.7302600765528435,7.454320085618341,16.092022,0.2679004301570117
Fhua,16,1148,2577,4.40253912657191,19.38235076099655,163.48239,0.6595617807953106
Fhua,16,1148,2578,4.81212415855916,23.1565389173887,184.0496,0.6162579841374297
Fhua,16,1148,2579,4.195713161778052,17.60400893591758,115.09208,0.739941452645529
Fhua,16,1148,2580,3.3654711982121333,11.326396385995412,132.92766,0.6359014512703673
Fhua,16,1148,2581,3.6369108790897493,13.227120742441375,27.818663,0.2175525997975295
Fhua,16,1148,2582,2.5736410604735718,6.6236283081555305,67.58637,0.183588189053627
Fhua,16,1148,2583,2.790729690410573,7.788172204939092,78.7519,0.3686647074889245
Fhua,16,1148,2584,2.838752829038872,8.0585176243762,11.433949,0.3722121223704502
Fhua,16,1148,2585,3.2717199586528274,10.704151487847259,65.81909,0.47625182459942955
Fhua,16,1148,2586,4.5837566799915965,21.010825301367582,212.53899,0.7819666037192645
Fhua,16,1148,2587,2.7573340708513427,7.602891178277633,71.206116,0.4470234224704518
Fhua,16,1148,2588,3.3264658407063634,11.065374989386296,15.935836,0.2778893922221789
Fhua,16,1148,2589,2.9518740709270475,8.713560530611419,48.177795,0.16282408587898412
Fhua,16,1148,2590,2.8929430586436444,8.369119540554445,24.38927,0.5808248545076162
Fhua,16,1148,2591,3.0066830994545986,9.040143260545914,26.937363,0.2695203657525848
Fhua,16,1148,2592,4.162050586118963,17.322665081413202,157.09982,0.6053110739978074
Fhua,16,1148,2593,3.8636529554519154,14.927814160172321,36.66076,0.7323114493577478
Fhua,16,1148,2594,3.22154771193579,10.378369660278725,32.432354,0.19584565437442775
Fhua,16,1148,2595,2.089526041581023,4.366119078445257,9.791204,0.1129734203764537
Fhua,16,1148,2596,2.9562113570307575,8.739185587437634,16.585274,0.43433366174678867
Fhua,16,1148,2597,3.341924300019905,11.16845802706353,42.952732,0.3436578010689715
Fhua,16,1148,2598,3.364266207838,11.318287117200677,72.84671,0.23354846287596376
Fhua,16,1148,2599,2.0623383548672414,4.25323948995652,11.921756,0.05608009040907212
Fhua,16,1148,2600,3.5872369443894794,12.86826889519277,112.846985,0.6111958886398727
Fhua,16,1148,2601,2.564755847738439,6.577972558508519,46.08757,0.315305634822447
Fhua,16,1148,2602,2.89386082281834,8.37443046184284,92.817474,0.31205337084936513
Fhua,16,1148,2603,3.1026819086633046,9.626635026346566,101.280945,0.33967882711792474
Fhua,16,1148,2604,2.57126540614143,6.611405788819653,29.031054,0.22572160981498707
Fhua,16,1148,2605,3.6802439858505234,13.544195795388948,47.61932,0.14983312284374156
Fhua,16,1148,2606,4.6210504163113075,21.35410695009091,86.30225,0.35142517903949716
Fhua,16,1148,2607,4.267185923649327,18.20887570699096,144.58272,0.638004295801532
Fhua,16,1148,2608,3.3161646997071053,10.996948315583515,34.709885,0.354235562319393
Fhua,16,1148,2609,3.8056115896279703,14.482679571110726,58.978695,0.419322312048669
Fhua,16,1148,2610,4.577419718867282,20.952771282675023,56.25395,0.6047268239607011
Fhua,16,1148,2611,3.8528501024243775,14.844453911751536,70.150314,0.5403248190036247
Fhua,16,1148,2612,3.517727918020677,12.374409705222087,102.47774,0.5504801397913226
Fhua,16,1148,2613,3.0465240561904907,9.28130882494736,13.653355,0.26244858608997845
Fhua,16,1148,2614,2.4232819405204995,5.872295363252798,11.502575,0.13759579646359224
Fhua,16,1148,2615,2.6832097185953185,7.19961439396437,14.841923,0.34207315851789705
Fhua,16,1148,2616,3.037851312911472,9.22854059935796,91.1685,0.30090146778951865
Fhua,16,1148,2617,3.070973694679273,9.430879433412064,1.3468997,0.25559567357200585
Fhua,16,1148,2618,2.3226864439672132,5.394872316989058,26.239868,0.21318633316949628
Fhua,16,1148,2619,3.323462063522859,11.045400087675624,44.030178,0.20508834389205488
Fhua,16,1148,2620,3.1367300907757225,9.83907566237787,24.679462,0.5834687397072615
Fhua,16,1148,2621,3.093090659062834,9.56720982518176,74.85192,0.2571042782364066
Fhua,16,1148,2622,3.109617527439266,9.669721166957496,28.046917,0.33463960717158764
Fhua,16,1148,2623,4.657673985092694,21.693926951409257,138.21631,0.5644685994781296
Fhua,16,1148,2624,4.611080074616454,21.262059454524877,67.08013,0.2958715914842059
Fhua,16,1148,2625,2.010629923322995,4.042632688561833,30.103273,0.10819153470533469
Fhua,16,1148,2626,2.5799417277922,6.656099318803403,43.536564,0.3249169031550953
Fhua,16,1148,2627,5.1778403956997705,26.81003116334035,198.97726,0.7703139879487022
Fhua,16,1148,2628,4.211128353808258,17.733602012247843,153.39331,0.6528464974655634
Fhua,16,1148,2629,2.5892295787935367,6.704109811699354,4.7941475,0.2147548840116258
Fhua,16,1148,2630,3.276993935163661,10.738689251099418,10.138172,0.4960030893704971
Fhua,16,1148,2631,3.3944787085158237,11.522485702567252,109.92891,0.26642210516401127
Fhua,16,1148,2632,4.148251595492673,17.207991299507505,149.9722,0.38578503815562154
Fhua,16,1148,2633,3.6163811321787485,13.078212493178448,51.072113,0.2633559313997684
Fhua,16,1148,2634,2.30037502535926,5.291725257296615,6.504414,0.13438952416672473
Fhua,16,1148,2635,3.6397925340690045,13.248089691064466,105.509674,0.40561130843909693
Fhua,16,1148,2636,2.6576495426374636,7.063101091481119,20.897537,0.2573015292095076
Fhua,16,1148,2637,3.53659674895455,12.507516564715893,36.342815,0.30030209422530924
Fhua,16,1148,2638,2.6867402890813805,7.2185733809730985,61.1289,0.411274589935856
Fhua,16,1148,2639,2.8246125687479955,7.9784361635291505,24.36657,0.3123180349637449
Fhua,16,1148,2640,2.911357021691143,8.47599970775032,20.636995,0.505301439098863
Fhua,16,1148,2641,3.062025460471569,9.375999920576122,69.34618,0.5937554837306802
Fhua,16,1148,2642,4.680145069225845,21.90375786899899,201.66508,0.6254674729137425
Fhua,16,1148,2643,3.386883545344962,11.47098014972846,112.71534,0.6463551171547395
Fhua,16,1148,2644,4.432371374027655,19.645915997299806,88.62498,0.5124815922856365
Fhua,16,1148,2645,3.0961788897740066,9.5863237174822,48.659763,0.486457327888577
Fhua,16,1148,2646,4.470855164991494,19.98854590633111,186.34212,0.5587185919563905
Fhua,16,1148,2647,3.707060129299543,13.742294802242343,44.36858,0.6833502444468763
Fhua,16,1148,2648,4.201460885036474,17.65227356849148,71.99547,0.36982248492580827
Fhua,16,1148,2649,3.590995805764103,12.89525087701538,46.75422,0.6609232132899108
Fhua,16,1148,2650,2.73967822397188,7.505836770905714,9.7058325,0.21741464244297626
Fhua,16,1148,2651,2.3994628371069404,5.757421906657287,27.236948,0.18469834414364522
Fhua,16,1148,2652,3.2567502239253883,10.606422021038068,53.90004,0.34104651226608756
Fhua,16,1148,2653,4.135362629471881,17.101224077232587,151.53525,0.5599765800707391
Fhua,16,1148,2654,3.868687548311959,14.966743346463993,100.79689,0.6566397219565299
Fhua,16,1148,2655,2.290630551175255,5.2469883219774545,2.931621,0.20589503698860645
Fhua,16,1148,2656,3.2262075169049433,10.408414942133955,48.90354,0.43501794069806604
Fhua,16,1148,2657,2.6891080484696754,7.231302096344387,27.801634,0.2560199704132527
Fhua,16,1148,2658,2.5858290619008946,6.686511937371259,49.10051,0.16245046009013905
Fhua,16,1148,2659,5.257956338292634,27.646104855391687,177.63132,0.680512273502002
Fhua,16,1148,2660,2.8298262393460045,8.00791654489115,48.71977,0.3940672100323577
Fhua,16,1148,2661,3.538062083600222,12.517883307409543,146.97964,0.5846100844078399
Fhua,16,1148,2662,3.9636680127765644,15.710664115508123,137.19484,0.3797692809227622
Fhua,16,1148,2663,3.4900212219809092,12.18024812987712,21.928616,0.4034656869566194
Fhua,16,1148,2664,3.157618945558807,9.970557405351915,104.0101,0.18144612804100954
Fhua,16,1148,2665,2.656370828110272,7.056305976435252,32.437943,0.18277748442610164
Fhua,16,1148,2666,3.064725155587475,9.392540279290673,60.95483,0.243553578869751
Fhua,16,1148,2667,3.4837751693559227,12.136689430620887,88.98631,0.5615828747249307
Fhua,16,1148,2668,3.0249228662941126,9.15015834702899,73.973694,0.2510039372019267
Fhua,16,1148,2669,3.1266500139679594,9.775940309845842,74.3475,0.34315878495498225
Fhua,16,1148,2670,3.147221470243054,9.90500298275885,98.180435,0.3884026799155944
Fhua,16,1148,2671,2.883647703150914,8.315424075887538,32.19129,0.15633859948647316
Fhua,16,1148,2672,3.0655362859014113,9.397512720178218,80.688576,0.0884726987921221
Fhua,16,1148,2673,3.518937512268502,12.382921215250436,79.65012,0.4561781012577112
Fhua,16,1148,2674,2.9858979070808203,8.915586311509625,44.103985,0.28635376559882775
Fhua,16,1148,2675,3.6754332678289416,13.508809706263737,72.24184,0.5268705877536554
Fhua,16,1148,2676,2.403443385995476,5.776540109685399,62.828007,0.15596816362829627
Fhua,16,1148,2677,2.922249953914343,8.53954479315238,31.949585,0.46867062732129483
Fhua,16,1148,2678,4.579892495464862,20.975415270015365,149.3154,0.4565947070596232
Fhua,16,1148,2679,4.884537088989455,23.858702573713593,188.15425,0.7698542525711345
Fhua,16,1148,2680,4.714890697517314,22.230194289535298,181.78304,0.8423858318557877
Fhua,16,1148,2681,4.520343074875141,20.43350151457165,156.19345,0.7824274158698631
Fhua,16,1148,2682,4.952730462062522,24.529539029842052,203.47551,0.7054010716302603
Fhua,16,1148,2683,5.366090425088141,28.794926450222622,113.99898,0.876195512301382
Fhua,16,1148,2684,3.6757948334853046,13.511467657877258,84.2636,0.6083542613145059
Fhua,16,1148,2685,3.688154829867452,13.602486049074617,129.56288,0.4503974410067243
Fhua,16,1148,2686,4.440933752881765,19.721892597484516,94.95846,0.6202741323463173
Fhua,16,1148,2687,3.0262314976022036,9.158077077079676,81.93737,0.2954940160332483
Fhua,16,1148,2688,4.2262395753806965,17.861100948514007,152.09196,0.4977324084330256
Fhua,16,1148,2689,2.498234493393098,6.241175583979069,59.47814,0.22656720906671574
Fhua,16,1148,2690,5.020277688078029,25.203188065414086,190.73792,0.6906935301099696
Fhua,16,1148,2691,4.193732404919455,17.587391484071517,239.5596,0.5373139310449488
Fhua,16,1148,2692,3.6224933446846106,13.122458032284294,53.68651,0.47483206853977933
Fhua,16,1148,2693,3.9083769841363782,15.275410650126972,49.486767,0.42268751967091905
Fhua,16,1148,2694,3.660295480402009,13.397763003851376,100.16901,0.3671540192713624
Fhua,16,1148,2695,3.7680380753190112,14.198110937053803,92.25914,0.5216893855872766
Fhua,16,1148,2696,2.226027514095441,4.955198493509931,19.499031,0.036387793935609425
Fhua,16,1148,2697,2.72873639074945,7.4460022902003375,42.33352,0.3764915253719077
Fhua,16,1148,2698,3.5548131167693,12.63669629515506,70.8712,0.6558436559813096
Fhua,16,1148,2699,2.6709700247554924,7.134080873142355,39.817993,0.16203358827091455
Fhua,16,1148,2700,2.3644274711054334,5.5905172661180345,30.190825,0.15414315380430277
Fhua,16,1148,2701,2.6211018090057427,6.870174693173176,48.712463,0.29411856322319235
Fhua,16,1148,2702,3.435731124528058,11.804248360050837,72.18335,0.4233852852747738
Fhua,16,1148,2703,4.680161553285257,21.903912164849466,123.16742,0.7185887096150996
Fhua,16,1148,2704,3.474430897028355,12.071670058225253,34.82773,0.6258650135809656
Fhua,16,1148,2705,3.4902119270935947,12.181579296026383,118.22174,0.5389741247437102
Fhua,16,1148,2706,2.3629079371828197,5.5833339196015705,11.88192,0.1667076243535082
Fhua,16,1148,2707,2.6859750024375297,7.214461713719289,14.5640135,0.20588883317195744
Fhua,16,1148,2708,3.3189208200571545,11.015235409808856,94.03493,0.521086493822513
Fhua,16,1148,2709,3.2425252714761403,10.51397013616142,90.53035,0.4961016377781343
Fhua,16,1148,2710,3.2607095079102066,10.632226494976019,58.428898,0.3908751883031849
Fhua,16,1148,2711,3.033984934387817,9.205064582092245,85.755684,0.25269556068881205
Fhua,16,1148,2712,3.8556166437742165,14.865779703748759,161.55933,0.5591206925371847
Fhua,16,1148,2713,3.214983259281362,10.336117357459413,53.511074,0.5773336065154631
Fhua,16,1148,2714,2.9092029806981374,8.463461982902928,9.659239,0.3007897814242234
Fhua,16,1148,2715,3.618233959629086,13.091616986613177,65.50736,0.48912787339351715
Fhua,16,1148,2716,4.749963553520393,22.562153759772084,96.38354,0.6559515427730378
Fhua,16,1148,2717,3.826931618666759,14.645405613951377,76.89995,0.48156527072877925
Fhua,16,1148,2718,3.8060376173996637,14.48592234506131,158.53792,0.5493377038759388
Fhua,16,1148,2719,3.6981284064758655,13.676153710783723,142.86742,0.6561842427581981
Fhua,16,1148,2720,2.183937569913482,4.769583309279604,34.83515,0.16290279936582083
Fhua,16,1148,2721,3.102925971466398,9.62814958440069,38.401096,0.030101111204449332
Fhua,16,1148,2722,3.307440009335685,10.939159415354437,38.85808,0.2678326186533002
Fhua,16,1148,2723,4.5903062546731865,21.070911511691786,187.32057,0.7322799338963674
Fhua,16,1148,2724,3.703824727128972,13.718317609292004,59.51042,0.3400611110991776
Fhua,16,1148,2725,3.1085194966468954,9.662893461033864,15.703428,0.5339498754584691
Fhua,16,1148,2726,3.386887141554633,11.471004509628113,44.084282,0.3800712878746162
Fhua,16,1148,2727,3.3907541159738304,11.497213474993472,53.602547,0.21598697464081712
Fhua,16,1148,2728,3.0926122283825497,9.564250395141283,24.727217,0.3910371637580812
Fhua,16,1148,2729,2.21897164287205,4.923835151870286,45.916096,0.21578720519318434
Fhua,16,1148,2730,2.386731042140967,5.6964850675193075,33.894264,0.15710402868800674
Fhua,16,1148,2731,3.1530782504124004,9.941902453223722,44.634544,0.18321626355243584
Fhua,16,1148,2732,3.154962543374928,9.953788650098796,82.656456,0.3735105594598353
Fhua,16,1148,2733,3.4291045351638556,11.75875791308132,63.757565,0.19768597302331548
Fhua,16,1148,2734,2.335606695881046,5.4550586378443775,48.516716,0.35679149199256555
Fhua,16,1148,2735,2.514144786179072,6.320924005871412,23.241365,0.16445515406165573
Fhua,16,1148,2736,3.1631042408284173,10.00522843834672,38.52702,0.23591819843895037
Fhua,16,1148,2737,2.721066186834429,7.404201193133658,40.816,0.22120883181207573
Fhua,16,1148,2738,3.752071106637194,14.078037589261658,87.85794,0.6836971642197898
Fhua,16,1148,2739,3.6774873356141593,13.523913103602528,150.35643,0.5312118038879654
Fhua,16,1148,2740,3.9322536745515992,15.462618961024553,128.72897,0.32477758072525265
Fhua,16,1148,2741,2.569941058584813,6.6045970446000295,10.230305,0.26026774933911156
Fhua,16,1148,2742,3.138472086593934,9.85000703832928,50.2079,0.2363355471150059
Fhua,16,1148,2743,2.7920376129311326,7.7954740320221765,77.24341,0.23316983659200188
Fhua,16,1148,2744,4.6721938134660626,21.82939503059055,110.342804,0.7219744960317123
Fhua,16,1148,2745,4.1294497320931995,17.052355089884593,112.82764,0.44358168796210556
Fhua,16,1148,2746,2.447937354194955,5.992397290062997,23.154814,0.15636735424798323
Fhua,16,1148,2747,2.797401590587306,7.825455659020389,26.805267,0.3296377684724335
Fhua,16,1148,2748,3.790261202641314,14.366079984247982,132.56189,0.6186555548329635
Fhua,16,1148,2749,3.3986854038766188,11.551062474523976,46.154564,0.11536912069355887
Fhua,16,1148,2750,3.732044357348066,13.928155085213536,102.39975,0.4292609080072557
Fhua,16,1148,2751,4.438936137256957,19.704154030645704,147.93463,0.8096715229422482
Fhua,16,1148,2752,3.7201593383808285,13.839585502942084,77.957596,0.633178682862445
Fhua,16,1148,2753,2.758880216501447,7.61142004900307,29.774143,0.23469155844838135
Fhua,16,1148,2754,3.125737977788766,9.770237905791003,71.68918,0.22702562189252354
Fhua,16,1148,2755,4.153375707830321,17.250529770395016,165.00978,0.4847438718594977
Fhua,16,1148,2756,3.5840298294469837,12.845269818365773,69.55835,0.4640025926290155
Fhua,16,1148,2757,3.797323449600256,14.419665380883984,186.92738,0.24648125788748348
Fhua,16,1148,2758,3.1693783931342767,10.044959398866407,55.031567,0.16536824997669608
Fhua,16,1148,2759,3.1145748548702095,9.700576526589787,32.889458,0.2455527991378788
Fhua,16,1148,2760,4.518306661367423,20.41509508615723,179.99745,0.6657563707537199
Fhua,16,1148,2761,3.7820761744110043,14.304100189047375,134.98183,0.6906816935862501
Fhua,16,1148,2762,3.8722635570258217,14.99442505507027,106.62424,0.3761266798352998
Fhua,16,1148,2763,3.0229472133270288,9.138209854561648,48.72782,0.15372369630730853
Fhua,16,1148,2764,3.8183079186929816,14.579475361953527,49.43947,0.27785917448622627
Fhua,16,1148,2765,2.5370565009617017,6.436655689072032,15.672571,0.16179720294207184
Fhua,16,1148,2766,2.7796544786802153,7.72647902084698,104.2527,0.20906084608975817
Fhua,16,1148,2767,4.814955857694273,23.183799911544394,126.96637,0.6026966232335169
Fhua,16,1148,2768,3.286625773566969,10.801908975474678,32.291843,0.24329753852156935
Fhua,16,1148,2769,2.6744569607600295,7.152720034957771,77.206505,0.24422631622350055
Fhua,16,1148,2770,3.968248225823882,15.746993981754377,144.28247,0.28491158645071657
Fhua,16,1148,2771,2.889076840850926,8.346764992341164,18.152134,0.15849454439741142
Fhua,16,1148,2772,3.6288377041832307,13.168463083301818,99.092514,0.3038575979280847
Fhua,16,1148,2773,2.9006384938638656,8.413703672084834,54.23207,0.18102805125439547
Fhua,16,1148,2774,3.0814212071800107,9.495156656058715,18.323763,0.2462333486457836
Fhua,16,1148,2775,2.701652514203515,7.298926307502173,26.624657,0.3577868153015721
Fhua,16,1148,2776,4.879294431763002,23.807514151833438,137.36673,0.7320077188964809
Fhua,16,1148,2777,2.9458228373603683,8.677872189113891,56.249874,0.4345555627179496
Fhua,16,1148,2778,3.8156707316530585,14.559343132393787,45.304947,0.29107622800129523
Fhua,16,1148,2779,2.469977668923011,6.100789684978349,28.358864,0.2758395743209415
Fhua,16,1148,2780,2.621620905120567,6.872896170165181,69.38582,0.16470647571976596
Fhua,16,1148,2781,4.087743283157721,16.70964514900107,53.409534,0.3918169545531589
Fhua,16,1148,2782,3.051707103109006,9.312916243165963,106.562096,0.4020331528924581
Fhua,16,1148,2783,3.0623243266066686,9.377830281326986,23.960827,0.585253644718785
Fhua,16,1148,2784,2.884356197784031,8.319510675695152,33.258408,0.3014214058121004
Fhua,16,1148,2785,2.690804903714021,7.240431029851423,42.1482,0.3906931545593465
Fhua,16,1148,2786,2.9148289082680554,8.496227564475143,51.444115,0.4315707715483633
Fhua,16,1148,2787,2.320932128697976,5.386725946022517,13.052163,0.10298296966794676
Fhua,16,1148,2788,3.62355483446443,13.130149638370543,98.2227,0.37241279183066744
Fhua,16,1148,2789,4.872328929021552,23.739589192580304,235.46527,0.7970121542164654
Fhua,16,1148,2790,2.7776024940083364,7.715075614721331,54.39151,0.3995057747165738
Fhua,16,1148,2791,2.4966448070925176,6.233235292782031,57.357674,0.2878888675134048
Fhua,16,1148,2792,2.880733549804224,8.298625784967646,31.959898,0.23468671576880062
Fhua,16,1148,2793,3.0315268196355176,9.190154858169437,67.93277,0.22217470829229577
Fhua,16,1148,2794,3.518323868087731,12.378602840755814,68.15254,0.41332979357497235
Fhua,16,1148,2795,3.776464444410491,14.261683699896638,104.8202,0.6424193773009014
Fhua,16,1148,2796,3.7721740628750635,14.229297160627365,115.94566,0.6003234868358213
Fhua,16,1148,2797,4.350014257979902,18.92262404462844,113.563644,0.4594971238190391
Fhua,16,1148,2798,3.705733106531591,13.732457856844277,92.36525,0.38172636915381664
Fhua,16,1148,2799,5.711787986809388,32.624522006260044,275.11246,0.7141688273406066
Fhua,16,1148,2800,3.5490888311402413,12.596031531324405,40.93819,0.19256561861041083
Fhua,16,1148,2801,3.7416788979240274,14.000160975169965,100.52748,0.4850073089841169
Fhua,16,1148,2802,2.748925924707295,7.556593739527856,16.839037,0.3913263179440371
Fhua,16,1148,2803,2.437207662134761,5.939981188368387,18.91399,0.06533829476261915
Fhua,16,1148,2804,2.9707948090278022,8.825621797346539,13.307202,0.2714871279747767
Fhua,16,1148,2805,3.4320644816859542,11.779066606450277,28.778044,0.15645228233081465
Fhua,16,1148,2806,3.272568845849684,10.709706850825933,21.375668,0.20112493331925496
Fhua,16,1148,2807,2.7850303183204264,7.756393873963974,29.0379,0.24965267300858235
Fhua,16,1148,2808,4.06924474910919,16.558752828152716,65.650665,0.38328868185633336
Fhua,16,1148,2809,4.625896113353491,21.398914851538933,104.27478,0.49370733380063686
Fhua,16,1148,2810,3.7488118511072392,14.053590295002087,64.40433,0.42936682913637636
Fhua,16,1148,2811,4.867814175769886,23.69561484982626,162.46149,0.7557858186164395
Fhua,16,1148,2812,3.421614448722787,11.707445435708541,47.400307,0.3506984863074521
Fhua,16,1148,2813,3.1236388186779918,9.75711946955204,10.338171,0.19551214920629262
Fhua,16,1148,2814,3.5494829026068198,12.598828875898139,71.37453,0.6612945386884128
Fhua,16,1148,2815,3.274769211169073,10.724113386420909,106.641624,0.45752733873344664
Fhua,16,1148,2816,3.9729123516836107,15.784032554160202,151.84239,0.6036865904392782
Fhua,16,1148,2817,4.37032972014234,19.099781862759432,163.78743,0.5516600857255809
Fhua,16,1148,2818,3.6134899633904447,13.057309715523479,69.64912,0.4824949594456981
Fhua,16,1148,2819,3.9283292607681317,15.431770781007092,151.04309,0.6063970983878741
Fhua,16,1148,2820,3.411317553424469,11.637087450301904,104.571266,0.3664385266768809
Fhua,16,1148,2821,2.7513122591026584,7.569719147088573,30.680748,0.06557605315472774
Fhua,16,1148,2822,3.393486615098404,11.515751406852026,49.182755,0.199791024911805
Fhua,16,1148,2823,4.468164361462205,19.964492761040955,170.47743,0.7352916632893103
Fhua,16,1148,2824,5.198593164746222,27.02537089254614,165.98077,0.7061423654396175
Fhua,16,1148,2825,4.798265627589306,23.02335303290499,140.08827,0.6407525148879412
Fhua,16,1148,2826,2.4931029150775137,6.215562145167997,6.1856275,0.2746499097468296
Fhua,16,1148,2827,4.883638872761233,23.84992863954462,116.24034,0.6196553013250827
Fhua,16,1148,2828,4.08007584816853,16.647018926808155,116.32615,0.5464374904379424
Fhua,16,1148,2829,3.8080013894585236,14.500874582118048,151.06827,0.5107065762356425
Fhua,16,1148,2830,2.762343309792542,7.630540561155614,53.180126,0.24135892757196817
Fhua,16,1148,2831,2.3160199043337992,5.363948197270342,46.55969,0.33250432555994525
Fhua,16,1148,2832,3.829017738253516,14.66137683986007,94.58751,0.4489841287892774
Fhua,16,1148,2833,4.783810256468707,22.88484056989519,164.8556,0.7462834757763771
Fhua,16,1148,2834,4.916276540710998,24.16977502474529,232.0787,0.783536472446351
Fhua,16,1148,2835,3.8762588479272098,15.02538265613398,166.3771,0.7265651881879333
Fhua,16,1148,2836,5.6293551671085655,31.6896395974519,172.06213,0.7963254779689372
Fhua,16,1148,2837,4.268424248481776,18.219445565027215,169.1566,0.71718113214806
Fhua,16,1148,2838,3.5125690458461807,12.33814130183675,77.44728,0.34737590452476963
Fhua,16,1148,2839,2.831775451527836,8.01895220787568,40.075027,0.25541778659926617
Fhua,16,1148,2840,2.8459101183215796,8.09920440156515,53.957577,0.2179579730816075
Fhua,16,1148,2841,3.9805207936021847,15.844545788299369,66.86092,0.7651570228476404
Fhua,16,1148,2842,3.21333549825681,10.325525024357342,17.158768,0.11780306926036074
Fhua,16,1148,2843,4.477152703243959,20.044896328164693,229.29643,0.6921263266238521
Fhua,16,1148,2844,4.274956455119551,18.275252693168323,164.92651,0.7010888052356337
Fhua,16,1148,2845,3.655367427958138,13.361711033377293,89.306305,0.6499926659713986
Fhua,16,1148,2846,3.2363889092984595,10.474213172230074,103.99158,0.45200486290016206
Fhua,16,1148,2847,3.5646812960811727,12.706952742630946,38.212868,0.39435279585058336
Fhua,16,1148,2848,2.9427364210468583,8.659697643755674,38.151993,0.37453413036990096
Fhua,16,1148,2849,3.4206048307404506,11.700537408084907,52.782715,0.650706705485836
Fhua,16,1148,2850,3.891255978137462,15.141873087390534,174.18658,0.7719530690262497
Fhua,16,1148,2851,2.5737587361960395,6.624234032145434,8.110241,0.37174279875849214
Fhua,16,1148,2852,3.3752222854699827,11.392125476333215,87.177475,0.5518733111997536
Fhua,16,1148,2853,4.543171002658712,20.64040275939897,166.6215,0.6055426681222811
Fhua,16,1148,2854,3.9510812700815565,15.611043202789284,83.07396,0.6147378793471012
Fhua,16,1148,2855,2.9408444334205948,8.648565981580898,46.474075,0.34163009785653864
Fhua,16,1148,2856,2.747863727621957,7.550755065580437,59.768536,0.3405817998159014
Fhua,16,1148,2857,2.808829644857714,7.889523973831512,62.86056,0.34801519392780017
Fhua,16,1148,2858,2.848354555977303,8.113123676556658,89.751465,0.45613053801563974
Fhua,16,1148,2859,2.87899594249099,8.288617636879584,9.992794,0.2646622731880626
Fhua,16,1148,2860,2.903669839742796,8.431298538231955,10.259119,0.21768689133957392
Fhua,16,1148,2861,3.2674228541355754,10.676052107727468,124.214874,0.5019874214660021
Fhua,16,1148,2862,4.186393250902465,17.525888451201705,215.87526,0.6856266001850463
Fhua,16,1148,2863,5.010761009703698,25.107725896366823,178.01678,0.7249191081704704
Fhua,16,1148,2864,4.474514180177109,20.02127714860603,121.08228,0.4165384418016981
Fhua,16,1148,2865,5.771612838480765,33.311514757316,386.70026,0.7773349111855494
Fhua,16,1148,2866,5.536155752783536,30.649020519078235,186.75687,0.8138062147497068
Fhua,16,1148,2867,3.4916819143052917,12.191842590686667,96.130585,0.47288330511365234
Fhua,16,1148,2868,3.9305699615576706,15.44938022269947,40.363174,0.29650123147152196
Fhua,16,1148,2869,3.4967597096398033,12.227328466960241,64.422615,0.4720603059354828
Fhua,16,1148,2870,3.58499349691874,12.852178372949654,108.52152,0.6005961560876758
Fhua,16,1148,2871,5.052368503312281,25.526427493261995,104.63455,0.7930961054822703
Fhua,16,1148,2872,4.457502305636015,19.869326804750386,125.53849,0.7377850302761744
Fhua,16,1148,2873,4.96803857267304,24.681407259567184,235.73643,0.6173026221007867
Fhua,16,1148,2874,3.9410308322099046,15.531724020429092,68.05408,0.6735867800813964
Fhua,16,1148,2875,3.8130572172479753,14.539405342006878,146.94977,0.40166064124657747
Fhua,16,1148,2876,3.308785047868338,10.94805849299708,121.25907,0.5602684091807246
Fhua,16,1148,2877,3.844323424492057,14.778822592098336,65.419525,0.6144965078008326
Fhua,16,1148,2878,3.11307085215513,9.691210130537868,94.97148,0.4427772810786532
Fhua,16,1148,2879,2.6460931152347156,7.001808774492561,35.772522,0.26563397064688266
Fhua,16,1148,2880,3.1001686026509025,9.61104536486245,36.078148,0.24370943225031522
Fhua,16,1148,2881,3.836732533830207,14.720516536151163,84.510475,0.44978037170965135
Fhua,16,1148,2882,4.11467716616435,16.930568181754293,51.531715,0.580062017805953
Fhua,16,1148,2883,3.676923306384233,13.519765001031562,48.463608,0.5355535319087722
Fhua,16,1148,2884,2.3345099221899384,5.449936576803273,31.212456,0.20391350567383504
Fhua,16,1148,2885,2.760515432424025,7.620445452651199,64.62166,0.12787584642056002
Fhua,16,1148,2886,2.337542447818821,5.464104695354807,1.6923345,0.30354016789297267
Fhua,16,1148,2887,2.234455209542892,4.99279008345337,56.229584,0.15087458302934043
Fhua,16,1148,2888,4.386621819742745,19.24245098944315,176.42847,0.7179745850586084
Fhua,16,1148,2889,4.049283559294521,16.396697343572907,40.472984,0.6139696311417466
Fhua,16,1148,2890,3.8429235300815057,14.768061258054102,108.283325,0.6887626370239271
Fhua,16,1148,2891,3.4068712553319522,11.606771750407113,98.173416,0.47338120458980826
Fhua,16,1148,2892,2.472315192939709,6.112342413240507,42.79018,0.24734447627961564
Fhua,16,1148,2893,2.333639114240597,5.4458715155136375,23.065882,0.22778995099792537
Fhua,16,1148,2894,2.62094543853984,6.869354991802796,14.54524,0.21320882436513144
Fhua,16,1148,2895,2.9993301096488323,8.99598110664608,68.42677,0.37684076605155203
Fhua,16,1148,2896,3.2855775844081103,10.795020063165035,50.593998,0.19444734539872371
Fhua,16,1148,2897,4.775694401256833,22.807257014195862,145.20444,0.5891140606869063
Fhua,16,1148,2898,3.005332065203302,9.032020822139144,54.626724,0.329406387688266
Fhua,16,1148,2899,3.109446244018918,9.668655944443357,90.23181,0.5773544784778449
Fhua,16,1148,2900,2.3649676966102535,5.593072206010008,24.978533,0.3237494861780482
Fhua,16,1148,2901,2.7228582656013853,7.413957134553783,10.655705,0.40716829592169357
Fhua,16,1148,2902,2.373215451221599,5.632151577916937,6.7481604,0.15598786866067174
Fhua,16,1148,2903,3.196262287819961,10.216092612540093,31.517056,0.38155128447534714
Fhua,16,1148,2904,3.0426579909118696,9.25776764965985,55.68889,0.4208431758489802
Fhua,16,1148,2905,4.031729761321082,16.25484486832215,57.59888,0.28384622171142626
Fhua,16,1148,2906,3.1665848966314485,10.027259907574397,54.974518,0.548223246794955
Fhua,16,1148,2907,3.083390330055358,9.50729592747889,9.872991,0.3189682431729687
Fhua,16,1148,2908,2.56988804647445,6.60432457141226,55.003174,0.14250044806817957
Fhua,16,1148,2909,3.0017977030231737,9.010789449875201,11.843731,0.41168935940963935
Fhua,16,1148,2910,2.982328517201968,8.89428338451609,20.634083,0.2866412638361038
Fhua,16,1148,2911,3.81189260918153,14.530525263932779,91.62575,0.42747890615673095
Fhua,16,1148,2912,3.618510267299035,13.09361655454853,59.334625,0.6399015694741239
Fhua,16,1148,2913,6.088200719579391,37.06618800188701,262.0594,0.8412780086028604
Fhua,16,1148,2914,3.5872168391879384,12.868124651353504,30.870853,0.5486808830143393
Fhua,16,1148,2915,3.392191097551254,11.506960442305981,50.332092,0.33670218379129285
Fhua,16,1148,2916,3.642010393754177,13.264239708213454,94.96508,0.4120950004561302
Fhua,16,1148,2917,3.3206546264804873,11.026747148366265,94.807045,0.32973723083581785
Fhua,16,1148,2918,3.628732004551813,13.167695960858616,69.05206,0.3881666990305572
Fhua,16,1148,2919,3.165582262787914,10.020911062477449,57.569504,0.16541522678551213
Fhua,16,1148,2920,3.454959814696904,11.936747321170461,52.38599,0.3619205766428484
Fhua,16,1148,2921,3.1569148810588974,9.966111566251113,41.92096,0.4718371267908908
Fhua,16,1148,2922,3.042282027449374,9.255479934541475,51.185238,0.3747472146713744
Fhua,16,1148,2923,3.7321262672473803,13.928766474677861,39.956078,0.7197125778639847
Fhua,16,1148,2924,3.406821295309735,11.606431338175899,34.613792,0.14839451899554443
Fhua,16,1148,2925,3.102273041074848,9.624098021379782,84.50628,0.5033663112475668
Fhua,16,1148,2926,3.3056736311304684,10.927478155551297,39.675507,0.2828597290747656
Fhua,16,1148,2927,2.9486987526852655,8.694824334087643,46.789253,0.10897174146609337
Fhua,16,1148,2928,2.7849713984432736,7.756065690147084,32.49573,0.31720574341280827
Fhua,16,1148,2929,4.267282660919543,18.209701308184574,170.18355,0.6322379356786378
Fhua,16,1148,2930,4.949339404478767,24.495960540726244,158.34305,0.633270017340537
Fhua,16,1148,2931,3.897924069619255,15.19381205251713,123.44158,0.7040375641325073
Fhua,16,1148,2932,3.517806359512798,12.374961583028684,71.98354,0.5027444761780692
Fhua,16,1148,2933,3.099231326664573,9.605234816179047,59.556454,0.10370306508730778
Fhua,16,1148,2934,2.936344803370714,8.622120804282197,102.19027,0.5612712099811035
Fhua,16,1148,2935,4.6227185503673525,21.369526795910435,143.07536,0.6843099460748991
Fhua,16,1148,2936,3.847542317016975,14.803581881236356,66.03238,0.3293493167536818
Fhua,16,1148,2937,3.6847216840748502,13.5771738890914,105.673996,0.6092140317350404
Fhua,16,1148,2938,4.446922778535672,19.775122198259425,177.51218,0.5724997964398563
Fhua,16,1148,2939,3.9641770473259097,15.714699662545561,125.87197,0.5494359331012573
Fhua,16,1148,2940,4.413106461688457,19.475508642196406,140.8073,0.4677345223370243
Fhua,16,1148,2941,3.659397042550417,13.391186715026736,145.81873,0.4180947535871619
Fhua,16,1148,2942,3.1044685181275957,9.637724780045353,37.862534,0.4397669952969777
Fhua,16,1148,2943,3.4206804088783667,11.70105445968427,89.68302,0.3749002928774509
Fhua,16,1148,2944,2.701840335540198,7.299941198751968,37.83684,0.2972134059385777
Fhua,16,1148,2945,3.638298265785705,13.237214270819265,131.2759,0.5769479833916655
Fhua,16,1148,2946,4.231524026222698,17.905795584499963,105.266365,0.5116161075502583
Fhua,16,1148,2947,4.087761323366301,16.70979263680941,63.753036,0.3487555406961155
Fhua,16,1148,2948,4.074458861409432,16.601215013317848,99.73161,0.4685533768796168
Fhua,16,1148,2949,3.7025039069475834,13.70853518096212,67.946945,0.47495983751276605
Fhua,16,1148,2950,3.2797770689229266,10.756937621832659,90.127655,0.4179620737572275
Fhua,16,1148,2951,2.643463486566297,6.987899204809246,32.387135,0.13541765241881185
Fhua,16,1148,2952,2.953218925413938,8.721502021423055,56.585693,0.12221616922133574
Fhua,16,1148,2953,2.8214420412814394,7.960535192310378,20.281105,0.2665333028234559
Fhua,16,1148,2954,2.22028943753737,4.929685186440012,42.92182,0.07722412020059127
Fhua,16,1148,2955,2.735942034851443,7.4853788180670575,78.217545,0.22732272417752655
Fhua,16,1148,2956,3.333216259109318,11.110330629990719,50.702515,0.5431630408193027
Fhua,16,1148,2957,2.8511450359839605,8.129028016215978,47.280605,0.255461787551176
Fhua,16,1148,2958,5.8637583195500484,34.383661630092405,219.1853,0.5687410419620884
Fhua,16,1148,2959,4.658315695118282,21.69990511538532,202.51591,0.7116517415623391
Fhua,16,1148,2960,3.4216187452480455,11.707474837832809,71.15543,0.6743133422938189
Fhua,16,1148,2961,3.268178638132044,10.680991610742621,79.90563,0.4686732885255595
Fhua,16,1148,2962,4.8721120208779825,23.73747554398373,138.10406,0.7122176058836394
Fhua,16,1148,2963,5.179850734584636,26.83085363257699,127.20975,0.9112382768867071
Fhua,16,1148,2964,4.124024564415308,17.007578607900868,181.01682,0.5705574507143918
Fhua,16,1148,2965,3.8115393959373716,14.527832566782623,115.932526,0.6705796217987292
Fhua,16,1148,2966,4.098689776335226,16.799257882634897,139.27684,0.6404092368096093
Fhua,16,1148,2967,5.564830131171794,30.96733438879748,176.98714,0.8272455868779937
Fhua,16,1148,2968,3.6381253124053163,13.235955788764278,46.59513,0.2698532043165156
Fhua,16,1148,2969,3.4438809216766475,11.860315802688396,31.879675,0.2673334415906393
Fhua,16,1148,2970,3.2677015867098116,10.67787365978582,71.789,0.41822365176053156
Fhua,16,1148,2971,4.129813451084829,17.05535914076119,112.07271,0.2943342149593768
Fhua,16,1148,2972,2.82034286637122,7.954333883891027,38.86223,0.17319854127876572
Fhua,16,1148,2973,2.7145231932208542,7.368636166533944,64.86264,0.49903285815450843
Fhua,16,1148,2974,4.049888105902704,16.40159367033219,108.49735,0.3373339638912303
Fhua,16,1148,2975,2.6428705065055618,6.984764514156965,52.65761,0.17319483311091088
Fhua,16,1148,2976,2.3780064361525786,5.65491461038309,7.326541,0.058410472438769546
Fhua,16,1148,2977,3.6460987466288795,13.294036070168685,11.921971,0.497109933018624
Fhua,16,1148,2978,3.1148229896205306,9.70212225666858,61.961357,0.14859231715386798
Fhua,16,1148,2979,2.725215542379194,7.426799752425125,11.460218,0.11208253977334245
Fhua,16,1148,2980,4.2990802930341205,18.48209136595434,136.66681,0.34238073550024173
Fhua,16,1148,2981,3.147614096284537,9.907474499129124,24.644865,0.5006460965889403
Fhua,16,1148,2982,2.3502046684278564,5.52346198350009,29.637619,0.11588250550979268
Fhua,16,1148,2983,3.2812972580879722,10.766911695935645,127.99036,0.4245542450142675
Fhua,16,1148,2984,3.0061733310562357,9.037078096353742,66.32299,0.3071133616947677
Fhua,16,1148,2985,4.250876755079215,18.069953186872795,54.798172,0.4326422693055123
Fhua,16,1148,2986,3.1792754080318177,10.10779212011588,102.88364,0.35673706413306305
Fhua,16,1148,2987,3.6576863466314444,13.378669410334084,55.051353,0.3346708632142269
Fhua,16,1148,2988,3.3035253569634406,10.913279784100427,115.31764,0.3683355705711756
Fhua,16,1148,2989,3.0825376644504,9.502038452755327,37.858925,0.26547773382161327
Fhua,16,1148,2990,2.5312179229224965,6.407064173324077,15.920959,0.21886964545195514
Fhua,16,1148,2991,3.614587687896155,13.065244153490474,128.5068,0.654408412778299
Fhua,16,1148,2992,4.676950412389603,21.873865159951272,200.26474,0.7594230151407572
Fhua,16,1148,2993,5.0939805736891,25.94863808512193,224.35623,0.8695253398467008
Fhua,16,1148,2994,3.009079044125383,9.054556693794533,78.277565,0.45346320896151704
Fhua,16,1148,2995,3.862100807292208,14.915822645687118,138.00212,0.569548390408799
Fhua,16,1148,2996,2.8033614217795697,7.85883526112197,45.472935,0.43089295967233116
Fhua,16,1148,2997,2.9021648884142546,8.422561039544522,16.05591,0.44944188060800516
Fhua,16,1148,2998,3.3556921469473626,11.260669785084197,42.09,0.32509874750998335
Fhua,16,1148,2999,4.248635903380696,18.0509070394955,150.47356,0.462865920248829
Fhua,16,1148,3000,4.509225920553376,20.333118402590436,106.80391,0.5600358378089817
Fhua,16,1148,3001,2.4441419471245034,5.973829857693557,15.198378,0.14915451540074565
Fhua,16,1148,3002,3.2753854430982825,10.728149800860132,49.365513,0.5001424450690081
Fhua,16,1148,3003,3.818029071805073,14.57734599314871,83.351364,0.6217983653691176
Fhua,16,1148,3004,3.356635453350494,11.267001566689475,89.26713,0.4915477525409606
Fhua,16,1148,3005,3.0399417376713926,9.241245768436565,47.585545,0.4261772916743513
Fhua,16,1148,3006,3.1410187307033994,9.86599866662959,136.79843,0.33475385119386036
Fhua,16,1148,3007,2.6356915205201985,6.946869791342075,10.44644,0.4714665524344662
Fhua,16,1148,3008,2.3419814622416113,5.484877169483356,25.460949,0.20010969573271348
Fhua,16,1148,3009,2.5785560154036626,6.648951124574413,29.189827,0.25025920240509375
Fhua,16,1148,3010,2.832150554759179,8.021076764822723,17.961052,0.4108894443036149
Fhua,16,1148,3011,4.302737387619972,18.513549026822744,149.95705,0.3719824464370893
Fhua,16,1148,3012,3.5915548261548187,12.899266069275969,117.34951,0.4770910700123213
Fhua,16,1148,3013,4.1716072806602025,17.402307304057206,103.41362,0.34746762182682867
Fhua,16,1148,3014,5.7772368759189385,33.376465920477614,241.90344,0.7334696531977138
Fhua,16,1148,3015,3.6475251680395577,13.304439851482003,41.562862,0.37845326876576585
Fhua,16,1148,3016,3.866754585496506,14.95179102445826,27.861843,0.47015029444987444
Fhua,16,1148,3017,3.1746981357259894,10.078708252982072,65.39542,0.43415447083085057
Fhua,16,1148,3018,2.967105514679679,8.803715135242562,45.3549,0.16604021529753113
Fhua,16,1148,3019,2.561857271045327,6.56311267720781,42.354885,0.16654396839323232
Fhua,16,1148,3020,2.767490920157904,7.659005993156442,32.17601,0.19693969034188663
Fhua,16,1148,3021,3.312042744641014,10.969627142329186,84.4809,0.36403464751077313
Fhua,16,1148,3022,3.1605119994173902,9.988836098461311,43.70697,0.6136304161807675
Fhua,16,1148,3023,3.7319369497963337,13.927353397255162,47.74727,0.4289842746908846
Fhua,16,1148,3024,2.649292893704108,7.018752836631086,85.28578,0.50970898829084
Fhua,16,1148,3025,2.6537093823469284,7.042173485956119,9.680989,0.2693047879688176
Fhua,16,1148,3026,3.1455958304036447,9.894773128252794,64.6836,0.38336978186731374
Fhua,16,1148,3027,2.411599565325935,5.81581246348024,27.535015,0.30990700033570123
Fhua,16,1148,3028,3.497606953662798,12.233254402310358,32.593002,0.20105026258598557
Fhua,16,1148,3029,2.9104167702685304,8.470525776660303,52.594997,0.24712536859985598
Fhua,16,1148,3030,3.178390563417197,10.102166573619488,50.863083,0.20412344585602482
Fhua,16,1148,3031,3.329812735602179,11.08765285417847,68.269745,0.5173433567025388
Fhua,16,1148,3032,3.4003846763628127,11.562615947243025,88.18153,0.16277005388569923
Fhua,16,1148,3033,3.866428803735367,14.949271694354502,92.329666,0.6241101978918779
Fhua,16,1148,3034,4.909676373058415,24.104922088168035,178.0311,0.6705413052472908
Fhua,16,1148,3035,4.090493108681801,16.732133872173296,103.7789,0.6269806068268973
Fhua,16,1148,3036,3.60111807140591,12.968051364206222,114.07817,0.39876427578711965
Fhua,16,1148,3037,3.924695719209119,15.403236488378383,153.83412,0.5993490364762903
Fhua,16,1148,3038,3.869459353807563,14.97271569076884,184.27594,0.45661405026910806
Fhua,16,1148,3039,3.282645492943137,10.775761432339891,78.2332,0.34657864538153715
Fhua,16,1148,3040,3.63922804883382,13.243980791418812,51.779175,0.19633027084480487
Fhua,16,1148,3041,3.240066377776124,10.498030132395291,93.12777,0.5407722703315424
Fhua,16,1148,3042,3.1280853575610714,9.784918004187976,51.579506,0.40207334479192025
Fhua,16,1148,3043,4.782319399525409,22.870578839077076,125.71682,0.47524864017359536
Fhua,16,1148,3044,2.3654087170212432,5.595158398560085,24.943382,0.09072191496911068
Fhua,16,1148,3045,3.188743691004484,10.1680863269209,67.34329,0.34861659683485746
Fhua,16,1148,3046,3.116571164401103,9.713015822776448,44.883846,0.3782583557312887
Fhua,16,1148,3047,2.9705070196943457,8.823911954053386,95.389656,0.13803769523778098
Fhua,16,1148,3048,3.2019614221649646,10.252556949032682,32.069542,0.2556373216289306
Fhua,16,1148,3049,3.5481552394420164,12.589405603179829,44.650646,0.5070398886637512
Fhua,16,1148,3050,3.9926120588318255,15.94095105232931,141.60297,0.6400345820145653
Fhua,16,1148,3051,2.6474153307334496,7.008807933402501,9.609859,0.2209932641237276
Fhua,16,1148,3052,2.8002962147015635,7.841658890071904,39.210938,0.2579186980863757
Fhua,16,1148,3053,2.564718479962373,6.577780881460505,28.28639,0.21029458616106128
Fhua,16,1148,3054,3.361019822114644,11.296454244647558,56.066643,0.43368066276200845
Fhua,16,1148,3055,4.048382150019746,16.389398032598503,153.26215,0.7706476344376237
Fhua,16,1148,3056,2.659313492407989,7.071948250903176,29.439922,0.2450000540705562
Fhua,16,1148,3057,2.960346266574391,8.763650018020934,61.6932,0.5332223019482881
Fhua,16,1148,3058,4.420226286855564,19.538400427008927,148.72894,0.6136374810741365
Fhua,16,1148,3059,3.2044529256778023,10.268518552885027,20.30671,0.24661840387487766
Fhua,16,1148,3060,2.2805209504610913,5.2007758054919595,30.751596,0.14258445151271862
Fhua,16,1148,3061,2.993645984796157,8.961916282286154,34.22443,0.18166485757568596
Fhua,16,1148,3062,3.4022479876298712,11.575291369331508,101.5726,0.520164545774508
Fhua,16,1148,3063,4.1853567937857346,17.51721149128841,54.305595,0.5021210508706284
Fhua,16,1148,3064,2.4491761653387205,5.998463888863278,8.803569,0.1502247360285825
Fhua,16,1148,3065,2.1221622831957863,4.503572756218753,0.8792175,0.1537753563519775
Fhua,16,1148,3066,3.0722972969398534,9.43901068078393,36.4339,0.3684189066974269
Fhua,16,1148,3067,3.3126953776846624,10.97395066533333,81.18526,0.34218249107139204
Fhua,16,1148,3068,3.010407844148759,9.062555388112381,25.01929,0.545297732117079
Fhua,16,1148,3069,2.7593568172290786,7.6140500447885895,19.823448,0.3651333333527841
Fhua,16,1148,3070,2.525780833979658,6.379568821298977,24.580896,0.2924334544502502
Fhua,16,1148,3071,3.3063555238863302,10.931986850333654,17.810017,0.27107065406145936
Fhua,16,1148,3072,2.325542047173943,5.408145813173974,19.79498,0.06618271114363432
Fhua,16,1148,3073,4.718389975279457,22.26320395881768,228.2472,0.7596699167221258
Fhua,16,1148,3074,4.940193584622979,24.40551265355004,290.29352,0.6910964626953376
Fhua,16,1148,3075,4.224095663451472,17.84298417398954,58.474434,0.668858212416101
Fhua,16,1148,3076,3.7362416738435935,13.959501845365576,180.66412,0.6706554056084407
Fhua,16,1148,3077,2.709925595002295,7.343696730448541,12.323713,0.0710559508133149
Fhua,16,1148,3078,2.634785914854445,6.942096817115374,26.657171,0.09534777602455655
Fhua,16,1148,3079,2.7447805994952157,7.5338205393653155,52.257767,0.2122414564344211
Fhua,16,1148,3080,3.7288103275069124,13.904026458522205,83.63501,0.2706813641686238
Fhua,16,1148,3081,3.7673979797661885,14.193287537946357,99.84497,0.3735631475681681
Fhua,16,1148,3082,6.03311781271732,36.39851054212702,387.12665,0.7569387418065703
Fhua,16,1148,3083,5.418000754685063,29.35473217776791,205.26772,0.6617788355441462
Fhua,16,1148,3084,4.040375072871593,16.324630729482134,138.86108,0.5150020260973814
Fhua,16,1148,3085,3.178408772519407,10.102282325228323,55.26774,0.43421001681164273
Fhua,16,1148,3086,2.707986049574776,7.333188444691602,51.982605,0.11706131295676145
Fhua,16,1148,3087,2.914078931591075,8.49185601954298,57.762238,0.477925216802794
Fhua,16,1148,3088,2.8332545070290673,8.027331101600526,41.172066,0.2030215529353424
Fhua,16,1148,3089,2.995440323738057,8.972662733075955,83.00718,0.14839367655619268
Fhua,16,1148,3090,2.980443988806908,8.883046370415231,39.073067,0.19903856073414944
Fhua,16,1148,3091,3.0416351737608096,9.251544530258952,13.333105,0.5347264552722989
Fhua,16,1148,3092,3.8218329334594676,14.606406971275401,62.920498,0.6389834085295543
Fhua,16,1148,3093,3.329378306291385,11.08475990640369,53.744568,0.4443064259654349
Fhua,16,1148,3094,4.184466947874703,17.509763637855833,79.9032,0.6140117679048216
Fhua,16,1148,3095,2.7435281534746916,7.5269467289082534,22.017979,0.1116094507313177
Fhua,16,1148,3096,2.3373258296131993,5.463092033777031,3.7070923,0.13681292169842307
Fhua,16,1148,3097,3.648789931117536,13.313667961424713,21.534683,0.4654782309511263
Fhua,16,1148,3098,3.11183585024616,9.683522358877237,34.400177,0.4296771029494589
Fhua,16,1148,3099,2.287461016206944,5.232477900666506,30.999474,0.17931153166409053
Fhua,16,1148,3100,2.635527628271243,6.946005879381044,49.038086,0.2847753777016755
Fhua,16,1148,3101,3.4369124270812437,11.812367031425486,50.705788,0.3650516246991663
Fhua,16,1148,3102,4.188023642768791,17.539542032390383,99.66203,0.6643292779577026
Fhua,16,1148,3103,3.4622452385503157,11.987142091864332,101.92834,0.3788118728949693
Fhua,16,1148,3104,3.309742461638699,10.954395162374198,63.73484,0.5014280551922022
Fhua,16,1148,3105,3.142552974693579,9.875639198755463,61.99656,0.3944549448298873
Fhua,16,1148,3106,2.7417462266841817,7.517172371536949,54.13697,0.4722627594298401
Fhua,16,1148,3107,2.3801354530293946,5.66504477476744,24.482605,0.1486253203701839
Fhua,16,1148,3108,2.743638356682136,7.527551432257451,39.67876,0.32633080040591267
Fhua,16,1148,3109,2.971278052040467,8.828493262537389,59.306812,0.4741229485165799
Fhua,16,1148,3110,3.352144450011429,11.236872413742425,86.87201,0.6524380262252352
Fhua,16,1148,3111,3.4362229139284395,11.80762791420686,55.949078,0.423851626137179
Fhua,16,1148,3112,4.064593447801276,16.520919895909074,101.18375,0.6027191542384058
Fhua,16,1148,3113,3.0272821609451612,9.164437281976804,19.234386,0.5248483050297665
Fhua,16,1148,3114,3.5172659611448815,12.371159841428428,64.548676,0.2120684250996184
Fhua,16,1148,3115,3.683546796215089,13.568516999906448,55.641502,0.6118791411664379
Fhua,16,1148,3116,4.105657543364918,16.85642386338926,159.7151,0.611342168691271
Fhua,16,1148,3117,3.7760045284678854,14.258210199009978,160.08778,0.718465714724675
Fhua,16,1148,3118,3.057654896040924,9.34925346328304,69.39849,0.23749417661993005
Fhua,16,1148,3119,2.9690761417993983,8.8154131358024,16.371784,0.46000944355301604
Fhua,16,1148,3120,2.963100678246494,8.779965629424835,9.592461,0.2886006091447283
Fhua,16,1148,3121,3.7391675182883732,13.981373729822835,57.91404,0.7275998987943164
Fhua,16,1148,3122,2.5411334292690158,6.457359105348509,56.56118,0.23020297473507664
Fhua,16,1148,3123,3.978396176012771,15.82763613331304,72.992386,0.5522441958635302
Fhua,16,1148,3124,3.3342407386185524,11.117161303063591,57.808422,0.34101766428442215
Fhua,16,1148,3125,2.883915738086164,8.316969984381064,11.644326,0.30024218540183434
Fhua,16,1148,3126,3.2407069793714824,10.502181726147038,80.344696,0.48749362877740593
Fhua,16,1148,3127,2.82220197997126,7.964824015753697,67.54491,0.2962487247177339
Fhua,16,1148,3128,2.6657958576733494,7.106467554788387,36.50159,0.16045410046733807
Fhua,16,1148,3129,3.489842371546603,12.178999778242023,102.3107,0.5060060363437645
Fhua,16,1148,3130,3.227307055452634,10.41551083017435,46.513023,0.20692007981927293
Fhua,16,1148,3131,3.399655487195002,11.557657431615086,37.28586,0.3387684185182983
Fhua,16,1148,3132,3.8125026379898186,14.535176364679327,102.101585,0.4782111989230264
Fhua,16,1148,3133,3.5606075889276476,12.677926402329152,60.511177,0.4032086485265044
Fhua,16,1148,3134,4.963980702312056,24.64110441292649,261.9114,0.7403660132590815
Fhua,16,1148,3135,4.535752763527331,20.57305313184581,177.90526,0.6980319131144563
Fhua,16,1148,3136,3.546871310414668,12.580296092642666,61.26412,0.5389500610792056
Fhua,16,1148,3137,2.9351006693937243,8.614815939475484,38.362514,0.4184476903250437
Fhua,16,1148,3138,3.2697037437177823,10.69096257168208,114.38884,0.6133652176644391
Fhua,16,1148,3139,4.475846579035277,20.033202599061788,146.80394,0.5089114365614732
Fhua,16,1148,3140,4.993191437954074,24.931960736057874,203.15005,0.8032218621693499
Fhua,16,1148,3141,3.7970588196067188,14.417655679553167,98.552765,0.6020628022926208
Fhua,16,1148,3142,4.7029925149357386,22.11813859554158,121.75984,0.6876085688019304
Fhua,16,1148,3143,3.9270046296773398,15.421365361507261,103.53816,0.6407670847836399
Fhua,16,1148,3144,3.8226472723871407,14.612632169088846,90.735756,0.7265623890610512
Fhua,16,1148,3145,3.4783037918019097,12.098597268063546,64.182465,0.3721051865161701
Fhua,16,1148,3146,3.7550069096391594,14.10007689143783,8.428914,0.6802449060273453
Fhua,16,1148,3147,2.895391032592123,8.38328923161488,36.463203,0.15850491685904775
Fhua,16,1148,3148,3.7643952956560582,14.170671941957464,110.10147,0.4372482602844865
Fhua,16,1148,3149,2.4872349215817797,6.186337555135921,34.78282,0.09565353205883957
Fhua,16,1148,3150,2.151684289135473,4.629745280112425,6.3829956,0.11336739061913578
Fhua,16,1148,3151,2.9132839931410883,8.487223624692085,88.38136,0.26537578377915283
Fhua,16,1148,3152,2.2767275852227855,5.183488497314376,2.2223668,0.20116065719693954
Fhua,16,1148,3153,3.2414866429947,10.50723565671305,53.02404,0.30138024421882337
Fhua,16,1148,3154,3.40524183482422,11.59567195363702,147.8714,0.5034597148038973
Fhua,16,1148,3155,2.8148993690759174,7.923658458023998,19.153698,0.21133495713503678
Fhua,16,1148,3156,3.093660156855573,9.570733166115648,43.961063,0.2829070358469285
Fhua,16,1148,3157,2.474565047488956,6.123472174254019,11.270575,0.19760157387009303
Fhua,16,1148,3158,3.6292756700145112,13.171641888959279,75.33872,0.550327329770191
Fhua,16,1148,3159,5.619028479278861,31.573481050946913,325.22833,0.8337993737796462
Fhua,16,1148,3160,3.7660913780587424,14.183444267888392,65.0271,0.562758641064536
Fhua,16,1148,3161,3.119434952107627,9.730874420430714,40.478897,0.4696240451359451
Fhua,16,1148,3162,3.291244496384118,10.832290334978747,6.666308,0.6126819783501428
Fhua,16,1148,3163,2.526348717980744,6.382437844842945,47.053154,0.1626982334178143
Fhua,16,1148,3164,3.3421129735604076,11.169719128040796,103.972824,0.6198555989201358
Fhua,16,1148,3165,2.946863106526718,8.684002168608298,50.34919,0.15285548853190675
Fhua,16,1148,3166,2.6545048563421676,7.046396032344151,98.035706,0.2962253219558537
Fhua,16,1148,3167,2.2063217486835778,4.86785565871416,27.533697,0.11481996569553649
Fhua,16,1148,3168,2.3156729869823427,5.362341382639724,61.24269,0.1789353286726869
Fhua,16,1148,3169,3.1273904104126333,9.7805707791409,12.434188,0.26257213955446834
Fhua,16,1148,3170,2.9099177139187753,8.467621101778272,26.948486,0.3385087833381496
Fhua,16,1148,3171,3.368436438806161,11.346364042277138,15.853627,0.44582650506651156
Fhua,16,1148,3172,2.607848335101104,6.8008729388896,8.14671,0.11240876008615695
Fhua,16,1148,3173,3.5113058737150724,12.329268938785967,117.8735,0.4697506331795648
Fhua,16,1148,3174,3.744292010598829,14.019722660634221,70.836044,0.22434215916072603
Fhua,16,1148,3175,3.065069919684787,9.394653612556507,52.90934,0.25244276436100394
Fhua,16,1148,3176,2.631832980588237,6.926544837711966,58.934593,0.34042307970305224
Fhua,16,1148,3177,2.6103190627655883,6.813765609437418,16.788223,0.40711129159838894
Fhua,16,1148,3178,3.0701692346404936,9.425939129332994,7.9978666,0.1685435903764952
Fhua,16,1148,3179,3.1515820597370974,9.932469479256726,46.140297,0.2627333423704081
Fhua,16,1148,3180,3.070914567794776,9.430516282694175,20.493137,0.2229912447825353
Fhua,16,1148,3181,2.372702410210069,5.62971672741667,22.032652,0.36670248067173117
Fhua,16,1148,3182,2.6192620997453524,6.860533947162432,14.94228,0.20654983213988584
Fhua,16,1148,3183,3.461467277033194,11.981755709971596,85.50763,0.16309903361764266
Fhua,16,1148,3184,2.7718835057239692,7.683338169304602,19.407053,0.06515370836898152
Fhua,16,1148,3185,3.3752419238064735,11.392258044220824,62.739487,0.4979728163612553
Fhua,16,1148,3186,3.2708252109275247,10.698297560439087,80.997475,0.47038484667841307
Fhua,16,1148,3187,5.060752300246721,25.61121384445247,171.62308,0.8420384895112929
Fhua,16,1148,3188,4.348662860656506,18.910868675653234,194.89882,0.6765905544337689
Fhua,16,1148,3189,4.260208158580477,18.149373554435666,110.7334,0.7085902255103091
Fhua,16,1148,3190,4.605792893571869,21.213328178477134,97.69451,0.5831806355636768
Fhua,16,1148,3191,3.1687358471548026,10.040886869043867,35.81496,0.37629514663499786
Fhua,16,1148,3192,3.2069823111903566,10.28473554428784,82.00688,0.22265175422835987
Fhua,16,1148,3193,2.7003718195327417,7.2920079637265705,4.475562,0.2553432714941691
Fhua,16,1148,3194,3.1959505474758663,10.214099901911291,113.36165,0.26618899118224354
Fhua,16,1148,3195,2.2991333468873507,5.286014146769432,9.877667,0.25967959912275307
Fhua,16,1148,3196,3.917854298868058,15.349582307158919,138.44858,0.7679519967090471
Fhua,16,1148,3197,2.8526424794249228,8.13756911541957,23.476221,0.2598111787046693
Fhua,16,1148,3198,2.7709574444217235,7.678205158796169,28.835815,0.28815795195200117
Fhua,16,1148,3199,2.038344377504334,4.154847801303532,7.3619967,0.08994482923069078
Fhua,16,1148,3200,2.854559228600237,8.148508389586782,29.774706,0.24105051675990355
Fhua,16,1148,3201,2.4549844822049733,6.026948807867219,34.382957,0.07636223259233249
Fhua,16,1148,3202,4.1356917428621465,17.10394619197814,145.23944,0.6066591642881515
Fhua,16,1148,3203,3.306326656221688,10.931795957642088,45.432697,0.13813736762901327
Fhua,16,1148,3204,2.6649158816749576,7.10177665640342,33.79586,0.17156368706120648
Fhua,16,1148,3205,4.247422444797893,18.04059742457291,176.58157,0.6651543241345679
Fhua,16,1148,3206,3.7089482341710918,13.756297003760862,63.59592,0.4763173998033128
Fhua,16,1148,3207,3.001711315186403,9.010270819718086,66.4518,0.17239859959558318
Fhua,16,1148,3208,3.5400867215858587,12.532213996348508,32.379898,0.45307455155129706
Fhua,16,1148,3209,3.1094113672923442,9.668439051046846,36.183117,0.5454570438635542
Fhua,16,1148,3210,4.339516404530276,18.831402625187376,163.44122,0.6002646241464771
Fhua,16,1148,3211,3.5133645969252667,12.343730790927838,123.602806,0.6547992143025688
Fhua,16,1148,3212,4.5420847792902155,20.630534142259847,95.659584,0.3960068264227393
Fhua,16,1148,3213,3.088237764864798,9.537212492337124,30.570637,0.3648693101764373
Fhua,16,1148,3214,2.659609921863727,7.073524936475979,10.543829,0.25160275948052363
Fhua,16,1148,3215,3.6478697062644274,13.306953393881718,111.5664,0.6065564078737182
Fhua,16,1148,3216,2.5793215271995757,6.652899540675149,40.59426,0.456110055315879
Fhua,16,1148,3217,4.101432854502628,16.82175145999357,117.53465,0.7056286555711982
Fhua,16,1148,3218,4.657640499727677,21.693615024703472,93.46423,0.712660488340519
Fhua,16,1148,3219,3.9662808101698914,15.731383465121928,30.809006,0.5727084403293443
Fhua,16,1148,3220,5.589197302350503,31.239126484602135,248.50386,0.7662969499571417
Fhua,16,1148,3221,4.226327958153394,17.861848009869043,80.00745,0.442601588263667
Fhua,16,1148,3222,4.350076289486356,18.923163724351387,116.63854,0.7307839350639358
Fhua,16,1148,3223,5.222115604388221,27.270491385594955,247.63464,0.6647374709106785
Fhua,16,1148,3224,4.162484093305578,17.326273827021957,124.54408,0.6809523621030955
Fhua,16,1148,3225,2.5821544398121157,6.667521551041423,21.295803,0.45681296539054117
Fhua,16,1148,3226,3.194230000877114,10.20310529850341,95.5019,0.35803619561113165
Fhua,16,1148,3227,3.217466078909639,10.352087968934168,98.25719,0.24949626045833284
Fhua,16,1148,3228,4.218959062987406,17.79961557516357,135.4426,0.7827354812312703
Fhua,16,1148,3229,3.8240952031723285,14.623704122925611,110.554016,0.7819272164385891
Fhua,16,1148,3230,4.572960527875897,20.911967989511005,220.20126,0.6900858203571805
Fhua,16,1148,3231,3.701070991884871,13.697926486971664,71.89107,0.6600218011320511
Fhua,16,1148,3232,3.4102785622607943,11.62999987221555,109.690125,0.6508141422198092
Fhua,16,1148,3233,2.6599592183266165,7.075383043160746,38.93529,0.1606314095529301
Fhua,16,1148,3234,3.8572650191075515,14.878493427630781,21.91389,0.5618026225297158
Fhua,16,1148,3235,5.552353451462238,30.828628849964627,189.75197,0.8484384342777676
Fhua,16,1148,3236,4.538228050166211,20.595513835315412,212.7647,0.5431305091220147
Fhua,16,1148,3237,3.365434110636101,11.326146753033004,66.78142,0.2773596839320195
Fhua,16,1148,3238,2.8760365658116314,8.271586327885563,65.10572,0.18702109896179012
Fhua,16,1148,3239,3.3285518391374596,11.079257345825363,87.96817,0.43602785015493
Fhua,16,1148,3240,3.2529808991605,10.581884730303054,47.73971,0.23347796968775006
Fhua,16,1148,3241,4.128465036220888,17.044223555298334,109.276634,0.38889482376938533
Fhua,16,1148,3242,3.6697806016420755,13.467289664188474,52.37877,0.5560782731735668
Fhua,16,1148,3243,2.4845684556092467,6.1730804106085175,42.34537,0.11978885491924601
Fhua,16,1148,3244,2.9650625575586127,8.79159597023602,77.16999,0.22910910531752882
Fhua,16,1148,3245,2.54515284954205,6.477803027532018,27.913616,0.37491153491251494
Fhua,16,1148,3246,3.165433032326855,10.01996628214599,32.441868,0.3499420758890944
Fhua,16,1148,3247,2.667628730028941,7.116243041275818,47.185112,0.22576385751812816
Fhua,16,1148,3248,3.5518058723941626,12.615324955173659,86.345184,0.5295088341392028
Fhua,16,1148,3249,3.5766148938886353,12.792174099186015,74.7973,0.6680139864021434
Fhua,16,1148,3250,4.3605624600657995,19.014504968135103,172.96176,0.5243862014946487
Fhua,16,1148,3251,4.0823792950436175,16.665820708600826,158.95268,0.41750828694891623
Fhua,16,1148,3252,2.8253254144460027,7.982463697514474,5.0969334,0.2891392230253153
Fhua,16,1148,3253,3.2700202844521566,10.69303266072856,12.653778,0.6363971272121806
Fhua,16,1148,3254,3.6713484708692334,13.478799594553859,105.79208,0.6030902497865294
Fhua,16,1148,3255,3.295304736239964,10.85903330468554,108.86585,0.41195918203932863
Fhua,16,1148,3256,4.195758710832377,17.60439115952576,185.39297,0.7077868035844473
Fhua,16,1148,3257,4.41127303397355,19.45932978026221,145.26715,0.8337173749196836
Fhua,16,1148,3258,3.2844459939063655,10.787585486887574,90.522644,0.27874514149803936
Fhua,16,1148,3259,3.745711149154235,14.030352012898346,14.064165,0.4921412643807195
Fhua,16,1148,3260,3.9421660341624962,15.540673040904466,30.320404,0.5886980222147302
Fhua,16,1148,3261,4.25844336698693,18.134339909834985,90.845604,0.5972334889787679
Fhua,16,1148,3262,3.8233669517381403,14.618134847643399,77.941345,0.45531175743885965
Fhua,16,1148,3263,4.083278074927369,16.67315983718256,150.24408,0.5276696413751204
Fhua,16,1148,3264,3.508375583094611,12.308699232054451,129.54907,0.40699519257466443
Fhua,16,1148,3265,2.8068170296112127,7.87822183771551,7.851261,0.22584792915811863
Fhua,16,1148,3266,2.727356084836495,7.438471213494655,17.052505,0.20572460101438822
Fhua,16,1148,3267,3.0090346309980496,9.054289410545568,36.442936,0.16734360311564273
Fhua,16,1148,3268,2.6043839401679425,6.782815707804697,29.877537,0.08647371930193334
Fhua,16,1148,3269,3.7639228533738893,14.167115246150242,46.50163,0.25481580201880494
Fhua,16,1148,3270,2.880818059602997,8.299112692534779,50.98658,0.2614234644175593
Fhua,16,1148,3271,2.6991761772082112,7.2855520356083305,14.635987,0.19861927485548975
Fhua,16,1148,3272,3.011115208382974,9.066814798155242,90.67116,0.2427468003744703
Fhua,16,1148,3273,3.97061183841655,15.765758371373654,61.10746,0.7045133349575631
Fhua,16,1148,3274,3.473175382079169,12.062947234680784,71.539444,0.19271080377387484
Fhua,16,1148,3275,2.8943322017306774,8.377158893975153,11.438401,0.38533721111708974
Fhua,16,1148,3276,2.5016356282600936,6.258180816580271,6.460994,0.2535746331568896
Fhua,16,1148,3277,3.801999019343769,14.455196543090983,116.77373,0.3080142072370817
Fhua,16,1148,3278,3.608602918545895,13.022015023737952,110.67348,0.4931942594317832
Fhua,16,1148,3279,3.701416413809246,13.700483468416497,31.8285,0.38861304824550136
Fhua,16,1148,3280,2.6302028745335746,6.91796716120468,26.268158,0.21830971080427103
Fhua,16,1148,3281,2.6068281140910665,6.7955528164155865,7.3168015,0.327345838160885
Fhua,16,1148,3282,3.036653910958955,9.221266974942319,46.24229,0.46545576907240505
Fhua,16,1148,3283,4.174332419635196,17.425051149617424,140.72618,0.5753620329856742
Fhua,16,1148,3284,2.683714627962882,7.202324204341951,51.180206,0.3307324221038781
Fhua,16,1148,3285,3.3327863017315527,11.10746453300948,33.384403,0.32339288927860244
Fhua,16,1148,3286,2.876518760823786,8.27436018137121,18.1159,0.222902462917772
Fhua,16,1148,3287,3.936655160773044,15.497253854841036,128.44003,0.4752332088107706
Fhua,16,1148,3288,2.5768602439346173,6.640208716770774,34.835114,0.15483275332811236
Fhua,16,1148,3289,3.4619951634706907,11.985410511894456,47.263172,0.6232616153324607
Fhua,16,1148,3290,3.8445799589749026,14.780795060951464,148.24811,0.45961327880428865
Fhua,16,1148,3291,3.9327930561209223,15.466861222272943,104.83275,0.456664595893545
Fhua,16,1148,3292,4.099246113791072,16.803818701431197,168.2318,0.5394798913979137
Fhua,16,1148,3293,3.9306909182870493,15.450331095104287,71.014725,0.5827533787819307
Fhua,16,1148,3294,3.4066181657320906,11.605047327095873,73.973915,0.10034838895117838
Fhua,16,1148,3295,2.5666943196211136,6.587919730375291,35.232246,0.3405412084432337
Fhua,16,1148,3296,2.44823103713868,5.993835211209136,11.23333,0.19828553161314766
Fhua,16,1148,3297,2.726876098387985,7.435853255959682,18.773346,0.26929772214302516
Fhua,16,1148,3298,3.378248041330045,11.412559828750284,48.579212,0.25298338416261307
Fhua,16,1148,3299,2.661875224650316,7.08557971160717,22.857885,0.21839852110865604
Fhua,16,1148,3300,3.278629715204534,10.749412809422163,13.768185,0.2636255601649758
Fhua,16,1148,3301,2.6021465141830515,6.771166481275008,24.16467,0.18550903338350266
Fhua,16,1148,3302,3.972182273795294,15.778232016253556,106.63387,0.5101731395993834
Fhua,16,1148,3303,3.434206889761136,11.793776961682852,105.6976,0.5857360810925263
Fhua,16,1148,3304,3.2955710692093283,10.860788672209512,1.9341903,0.15432608508886367
Fhua,16,1148,3305,2.660508009385129,7.078302868002424,10.843346,0.21672449555687467
Fhua,16,1148,3306,3.0797082022838946,9.484602611214697,45.473488,0.05652018771326902
Fhua,16,1148,3307,3.5559181781171536,12.644554089464014,105.27482,0.5564966088977994
Fhua,16,1148,3308,3.820720403417838,14.597904401093365,83.947876,0.5480315579500631
Fhua,16,1148,3309,4.1298623937560155,17.055763391360166,84.607925,0.40858407032903865
Fhua,16,1148,3310,4.185691102611138,17.52001000647804,117.40519,0.5442451063734892
Fhua,16,1148,3311,2.984307539741159,8.906091491755928,26.425825,0.6021062567022982
Fhua,16,1148,3312,3.8383857291686154,14.733205005885289,125.616,0.4180998910296294
Fhua,16,1148,3313,4.194890666179945,17.597107701203626,141.03452,0.6392388393138836
Fhua,16,1148,3314,4.344665478144479,18.876118116980397,107.643295,0.543353092798137
Fhua,16,1148,3315,3.864356502694193,14.93325117991489,105.61707,0.36113930617250356
Fhua,16,1148,3316,2.67851138899278,7.174423260964032,25.401937,0.23091335630989457
Fhua,16,1148,3317,2.6490320960373364,7.017371045835962,7.6027055,0.23525557456925936
Fhua,16,1148,3318,2.4224788946281266,5.86840399491871,44.64616,0.19089319545215583
Fhua,16,1148,3319,3.0081608429018494,9.049031656767962,26.479652,0.42096535241238997
Fhua,16,1148,3320,2.8338365664767973,8.030629685501005,75.982925,0.16141264540208744
Fhua,16,1148,3321,2.137657147808235,4.569578081575639,12.772665,0.1164287001069842
Fhua,16,1148,3322,2.903672636404442,8.431314779403925,17.063244,0.1918905227994584
Fhua,16,1148,3323,3.272293714435582,10.707906153534621,95.34665,0.44128195667238224
Fhua,16,1148,3324,3.7207313167987905,13.84384153180726,80.28735,0.4844831698150038
Fhua,16,1148,3325,4.718208450051929,22.261490978141428,146.15884,0.6895080595593099
Fhua,16,1148,3326,3.3185371943249775,11.012689110118291,96.121956,0.43428360987222214
Fhua,16,1148,3327,2.716064219459353,7.377004844227347,24.428722,0.4418313468886479
Fhua,16,1148,3328,3.112288433442907,9.686339292942506,121.63398,0.6018014055776028
Fhua,16,1148,3329,4.4946007698934,20.20143608072635,126.09972,0.6576870963578025
Fhua,16,1148,3330,2.9849375616381,8.909852246878003,60.623833,0.23723296347794448
Fhua,16,1148,3331,3.599918196906216,12.959411024416502,66.67354,0.5011544847994904
Fhua,16,1148,3332,4.050434849072989,16.40602246658493,77.6447,0.682885077924854
Fhua,16,1148,3333,3.1341699354325914,9.823021184169537,40.77396,0.24804365853139038
Fhua,16,1148,3334,2.9145063756597382,8.494347413761263,31.09996,0.16972995172342237
Fhua,16,1148,3335,3.370660872296586,11.361354716031183,72.44586,0.3883816198131861
Fhua,16,1148,3336,3.4261465944331086,11.738480486545585,106.047424,0.41509529512158716
Fhua,16,1148,3337,4.224023624253165,17.84237557824884,71.77798,0.5327013915317395
Fhua,16,1148,3338,4.813968188421422,23.174289719133427,224.57904,0.8077705462620837
Fhua,16,1148,3339,5.33826269502946,28.49704860114319,249.79672,0.7155123205519257
Fhua,16,1148,3340,5.110376686685992,26.115949879823685,283.5559,0.7184364987708198
Fhua,16,1148,3341,4.7676873671809545,22.730842831176858,143.21332,0.8159939186070245
Fhua,16,1148,3342,2.6632637667934795,7.092973891514991,2.0797615,0.1605400339723051
Fhua,16,1148,3343,2.73239821560113,7.466000008620239,54.92693,0.3937195798612008
Fhua,16,1148,3344,2.58745431958057,6.694919855916153,7.0655394,0.26240434509242816
Fhua,16,1148,3345,3.460316907552202,11.973793100691633,167.20619,0.6654608701422864
Fhua,16,1148,3346,3.9354053015209223,15.487414887238977,156.2582,0.5394648341233949
Fhua,16,1148,3347,3.769141442293222,14.206427212012233,107.59638,0.6043466213660116
Fhua,16,1148,3348,3.6699924533497668,13.468844607644236,99.2618,0.5328126572286929
Fhua,16,1148,3349,3.6832543917297578,13.566362914196548,23.884716,0.37431526231361006
Fhua,16,1148,3350,2.557014130183728,6.538321261959249,14.084105,0.37237546246228453
Fhua,16,1148,3351,3.56160958482781,12.685062834737323,142.0572,0.23092405730732007
Fhua,16,1148,3352,2.9488782803411575,8.695883112267824,24.62468,0.5141861652321471
Fhua,16,1148,3353,3.7365944710085417,13.9621382407716,70.049225,0.6170049202557439
Fhua,16,1148,3354,2.881359172203606,8.302230679241848,65.147255,0.10101245458394181
Fhua,16,1148,3355,2.865786560234815,8.212732608822494,54.787666,0.23338349184623058
Fhua,16,1148,3356,4.488542047392809,20.14700971121323,178.67249,0.4782060058011132
Fhua,16,1148,3357,4.089241947773107,16.72189970742719,178.17404,0.7234434350018334
Fhua,16,1148,3358,3.8313588394369793,14.679310556531878,51.17166,0.4846635253761015
Fhua,16,1148,3359,4.853867463409458,23.560029352344962,172.27376,0.6374782208605911
Fhua,16,1148,3360,3.0235620067138114,9.14192720844325,68.65526,0.3596786580768979
Fhua,16,1148,3361,3.8987306887328104,15.200100983267012,83.02234,0.7234439045011305
Fhua,16,1148,3362,3.85882031841299,14.89049424979693,130.06885,0.7087204584997958
Fhua,16,1148,3363,2.590967747488344,6.7131138685248235,34.34506,0.39416930236569453
Fhua,16,1148,3364,3.2193618743902817,10.364290878277707,43.909203,0.5426973314627056
Fhua,16,1148,3365,4.958911849391516,24.59080673003558,141.71777,0.5980636988952356
Fhua,16,1148,3366,2.6061474927750075,6.7920047540974595,31.858965,0.24025903565247198
Fhua,16,1148,3367,4.490555178477586,20.16508581095186,202.45297,0.6805746021920147
Fhua,16,1148,3368,3.7145940431032374,13.798208905058054,49.131,0.6536204240217559
Fhua,16,1148,3369,4.7947369988160355,22.9895028878154,83.13213,0.43845244703855013
Fhua,16,1148,3370,4.733718557835573,22.408091384796894,117.881935,0.4886379730393036
Fhua,16,1148,3371,3.8361480790008318,14.716032084021773,204.64082,0.6714283614795008
Fhua,16,1148,3372,3.502085096203595,12.264600021051347,33.119812,0.5064165400745562
Fhua,16,1148,3373,4.260075139272991,18.14824019225179,183.18095,0.7088019280877452
Fhua,16,1148,3374,6.018587135443202,36.22339110692241,336.24658,0.6243743760822953
Fhua,16,1148,3375,3.3684540596607615,11.346482752045064,66.37105,0.4597729864501431
Fhua,16,1148,3376,2.8951023188843528,8.38161743680956,91.81143,0.21240592713207998
Fhua,16,1148,3377,2.9673108457648163,8.804933655393508,13.97293,0.32503120336648467
Fhua,16,1148,3378,2.357840888411059,5.559413655063052,14.972673,0.1765478527597667
Fhua,16,1148,3379,3.6349455898080847,13.212829440865244,132.1265,0.5199051426198631
Fhua,16,1148,3380,2.380503051622278,5.666794778782979,43.06188,0.15702492213086144
Fhua,16,1148,3381,4.078872633445818,16.637201959873224,141.6932,0.559905403296896
Fhua,16,1148,3382,3.1258182627977353,9.770739812039851,53.333687,0.21678494001600734
Fhua,16,1148,3383,2.89873709068155,8.402676720892936,20.167156,0.14606178854082985
Fhua,16,1148,3384,2.745138873450612,7.535787434529697,32.235497,0.2681637075392835
Fhua,16,1148,3385,5.114658786373936,26.159734501032094,147.23465,0.7625050199053236
Fhua,16,1148,3386,4.856128628028179,23.581985251954844,190.522,0.7976153610678283
Fhua,16,1148,3387,5.357588482516497,28.703754347993417,241.23048,0.8715607189666124
Fhua,16,1148,3388,3.933294614077471,15.470806521130841,204.93704,0.5114291994802369
Fhua,16,1148,3389,2.7856007254638615,7.759571401704791,46.75241,0.266135603643058
Fhua,16,1148,3390,3.899195161297363,15.203722905884769,134.05371,0.6414041650210871
Fhua,16,1148,3391,3.778051088814839,14.273670029694994,32.657,0.47862124994883226
Fhua,16,1148,3392,2.986830816467666,8.921158326200901,14.197454,0.29903687264083617
Fhua,16,1148,3393,2.2991948231404766,5.2862968347559685,29.34148,0.2070384182157839
Fhua,16,1148,3394,2.2838031356420405,5.215756762368417,15.923513,0.13341293302629761
Fhua,16,1148,3395,3.6153620161038047,13.070842507486164,176.76361,0.584275248034352
Fhua,16,1148,3396,4.711523761318301,22.198456153466953,99.385025,0.3830036712942059
Fhua,16,1148,3397,4.75991061467818,22.656749059726007,272.65857,0.6828652573065035
Fhua,16,1148,3398,5.111699701340121,26.12947383668068,215.57765,0.8149845996628249
Fhua,16,1148,3399,3.1655107387058514,10.020458236862066,55.29843,0.21472846748287439
Fhua,16,1148,3400,3.2249132524819615,10.400065486033785,74.32711,0.37291447070077677
Fhua,16,1148,3401,3.137586738749402,9.844450543176109,32.734207,0.16607374068733213
Fhua,16,1148,3402,2.7521447963236456,7.574300979931322,36.722916,0.25593182866943565
Fhua,16,1148,3403,2.2772320985629686,5.1857860307255,3.6726646,0.1342797934852524
Fhua,16,1148,3404,3.425788695321031,11.736028184989374,29.060785,0.44345556758870436
Fhua,16,1148,3405,3.129547420797002,9.79406705901717,14.421085,0.37223392923872034
Fhua,16,1148,3406,2.582408265308979,6.668832448736127,30.95097,0.28253117508971703
Fhua,16,1148,3407,3.227060013241475,10.413916329062067,58.405373,0.511253703087738
Fhua,16,1148,3408,3.492866884183002,12.200119070622273,50.852608,0.3475700631019381
Fhua,16,1148,3409,2.612798230701866,6.8267145943587995,11.400789,0.1978673282984131
Fhua,16,1148,3410,3.1792149220566173,10.107407520627463,96.269005,0.6293497459456828
Fhua,16,1148,3411,4.473302976663247,20.010439521024256,86.85928,0.6949819205532305
Fhua,16,1148,3412,3.3995700492651193,11.557076519860445,101.963615,0.40378847433481446
Fhua,16,1148,3413,3.568915216092489,12.737155819656502,39.007133,0.295039528052352
Fhua,16,1148,3414,2.93943456512717,8.640275562664353,73.802734,0.4538084880751966
Fhua,16,1148,3415,3.2674259228149807,10.676072161083328,27.092716,0.4026320556493494
Fhua,16,1148,3416,2.459006169168543,6.046711340008954,39.29107,0.35002951262568965
Fhua,16,1148,3417,2.987876218455815,8.927404296813823,2.0880692,0.2825003812778439
Fhua,16,1148,3418,2.3679391749686,5.607135936350972,17.399021,0.17514168438470168
Fhua,16,1148,3419,3.201213100293975,10.247765313493762,60.959488,0.6367799888754087
Fhua,16,1148,3420,3.8265347195481643,14.642367959907546,81.7364,0.45348469411497316
Fhua,16,1148,3421,4.1131048665399055,16.917631643154245,74.90041,0.49637840932504257
Fhua,16,1148,3422,3.4235995885969723,11.721034143041356,77.29393,0.6304021605005341
Fhua,16,1148,3423,3.5974781121817974,12.941848767627112,70.571976,0.4762709684547342
Fhua,16,1148,3424,3.9057500081308087,15.254883126013812,111.38076,0.564971251891002
Fhua,16,1148,3425,3.5202048012583895,12.391841842802615,82.19458,0.3911319089603069
Fhua,16,1148,3426,3.646586390952222,13.297592306677954,130.11186,0.4169762093782057
Fhua,16,1148,3427,3.787357841012062,14.344079415875546,110.89444,0.555718769431572
Fhua,16,1148,3428,3.862812118904604,14.921317465956275,99.122284,0.5647140367187364
Fhua,16,1148,3429,2.888354744398987,8.342593129492139,36.42228,0.20143958606008522
Fhua,16,1148,3430,4.050051884630998,16.402920268203097,80.16805,0.7205836833819976
Fhua,16,1148,3431,2.5952516701927446,6.73533123163823,21.822014,0.15515683153106719
Fhua,16,1148,3432,2.8143774881253547,7.9207206456667825,56.284904,0.2399499645044225
Fhua,16,1148,3433,3.356957403787676,11.269163010844899,65.58783,0.3718727666273365
Fhua,16,1148,3434,4.759812592819415,22.655815918762283,52.30832,0.47961689873380653
Fhua,16,1148,3435,4.142981343632624,17.164294413687983,90.10682,0.4758355550818901
Fhua,16,1148,3436,2.728908725781124,7.446942833644359,71.35102,0.34898124135180275
Fhua,16,1148,3437,2.7328615363724498,7.468532176983986,86.50519,0.26428043450296285
Fhua,16,1148,3438,3.711051555816657,13.77190364992923,48.421368,0.4284569151626967
Fhua,16,1148,3439,3.0017420096482996,9.010455092487414,87.366936,0.31417010525620837
Fhua,16,1148,3440,2.9102252854324555,8.46941121197042,33.147232,0.432868375730044
Fhua,16,1148,3441,2.351807188875635,5.530997053647118,71.898796,0.19113624686105146
Fhua,16,1148,3442,3.7621265728624897,14.153596350238058,65.01056,0.6482498528659237
Fhua,16,1148,3443,3.403016931165284,11.58052423379759,112.77379,0.4411201503315809
Fhua,16,1148,3444,3.1192461988608966,9.729696849108157,31.181236,0.3797570389830198
Fhua,16,1148,3445,3.0873447256823847,9.53169745519884,40.642906,0.2882093487460041
Fhua,16,1148,3446,3.071744249958647,9.435612737154006,62.821465,0.38627168557990704
Fhua,16,1148,3447,2.9434039758708286,8.663626965172202,2.038504,0.2243996341195199
Fhua,16,1148,3448,4.109570173376082,16.88856700990232,168.00117,0.5568214210972724
Fhua,16,1148,3449,4.091034464198693,16.73656298726149,120.33031,0.6041401710939649
Fhua,16,1148,3450,2.265789683384337,5.1338028893308945,41.829803,0.09276009842104756
Fhua,16,1148,3451,2.9978668539907867,8.98720567425662,24.43167,0.13808150094200777
Fhua,16,1148,3452,3.1702243420008323,10.05032237861461,72.37071,0.21687085399342015
Fhua,16,1148,3453,2.8891190192822975,8.347008707578704,81.484344,0.4165177346542417
Fhua,16,1148,3454,2.6441444846568247,6.991500055741106,24.448023,0.2297906406698173
Fhua,16,1148,3455,3.413450090976348,11.65164152358644,75.10778,0.3066032683383747
Fhua,16,1148,3456,3.471256914672722,12.049624567663182,48.615177,0.6374052453307063
Fhua,16,1148,3457,3.6266926542049167,13.152899608063906,67.514755,0.1897686804609226
Fhua,16,1148,3458,3.8569397479697853,14.875984219469233,125.26751,0.4575814736898494
Fhua,16,1148,3459,4.331876443384629,18.765153520750655,117.9829,0.5268908302376354
Fhua,16,1148,3460,3.5017643560812433,12.262353605521081,121.129944,0.6198937184836011
Fhua,16,1148,3461,3.6406459393307062,13.254302855565161,144.57448,0.3804976801044376
Fhua,16,1148,3462,5.274188620430402,27.81706560387755,213.76277,0.7633179663962795
Fhua,16,1148,3463,3.932017870449404,15.460764533533467,112.033455,0.6920322893180045
Fhua,16,1148,3464,2.91336203546405,8.487678349683236,42.55349,0.4837801573091326
Fhua,16,1148,3465,3.1768063305532066,10.092098461842923,68.11321,0.3668107175273756
Fhua,16,1148,3466,3.4044376894625907,11.590195981433384,48.53666,0.33650764828794
Fhua,16,1148,3467,2.5983095841804547,6.751212695244004,33.823376,0.24944841983213178
Fhua,16,1148,3468,3.983942751665117,15.87179984854503,169.32825,0.638414018831169
Fhua,16,1148,3469,2.7766887512629883,7.710000421390412,79.8477,0.2618826160737147
Fhua,16,1148,3470,3.5816172677978715,12.827982252987889,69.26681,0.6003466768487721
Fhua,16,1148,3471,4.87007595467957,23.717639804348124,151.99225,0.7496855772729406
Fhua,16,1148,3472,5.404992329260734,29.213942079367378,194.35228,0.8612289339555201
Fhua,16,1148,3473,4.839678465329689,23.42248764777593,217.4383,0.6433225933294208
Fhua,16,1148,3474,4.648644370475236,21.60989448315111,184.91232,0.6350301812877852
Fhua,16,1148,3475,4.518503893225918,20.416877433097785,205.51578,0.7780048003007036
Fhua,16,1148,3476,3.147562441195413,9.90714932122403,66.64234,0.4807666992871661
Fhua,16,1148,3477,3.8189293631920944,14.584221481050772,38.401062,0.41534294094481333
Fhua,16,1148,3478,2.6234093271460837,6.882276497757066,12.053006,0.37356022028517666
Fhua,16,1148,3479,3.0147820009517563,9.088910513262674,20.689852,0.5107764669177263
Fhua,16,1148,3480,4.499085238516875,20.24176798344044,169.77515,0.6286657552107615
Fhua,16,1148,3481,4.950392062014339,24.50638156765459,113.220955,0.7630983103552488
Fhua,16,1148,3482,4.101895985629948,16.825550676927083,151.7638,0.504662896698016
Fhua,16,1148,3483,4.89556671080476,23.96657341993973,176.46413,0.4185274289264791
Fhua,16,1148,3484,3.358632320908964,11.280411067054333,33.530655,0.2866151562539358
Fhua,16,1148,3485,3.259150682074298,10.622063168465365,42.557426,0.29296213842288765
Fhua,16,1148,3486,2.872075200164647,8.248815955400797,16.708519,0.4555182984811067
Fhua,16,1148,3487,2.5905326813657577,6.710859573224061,44.568596,0.20335667558592363
Fhua,16,1148,3488,3.8205720046323943,14.596770442580793,127.67517,0.292384858563165
Fhua,16,1148,3489,2.790028732236057,7.784260326702741,9.481668,0.27572519534260903
Fhua,16,1148,3490,3.7055319766277384,13.730967229810677,74.99374,0.469250763868986
Fhua,16,1148,3491,3.5625869881438272,12.692026048091702,139.45184,0.20660266873340766
Fhua,16,1148,3492,3.8219677522130806,14.60743749895671,37.54245,0.5957621199405793
Fhua,16,1148,3493,4.56041755567298,20.797408282090316,156.14569,0.6702474765040451
Fhua,16,1148,3494,3.99049610503886,15.924059164330313,109.34198,0.45921171138004296
Fhua,16,1148,3495,3.6284178723278204,13.165416256227948,120.609505,0.5300151104117166
Fhua,16,1148,3496,4.281874737761357,18.33445126987889,152.363,0.6224002781171429
Fhua,16,1148,3497,4.481901597706516,20.08744193152423,135.24123,0.6549564237259939
Fhua,16,1148,3498,3.440336000688695,11.835911797634685,61.34902,0.4412496447582072
Fhua,16,1148,3499,3.5380203982627307,12.517588338523167,169.15524,0.48257476076403916
Fhua,16,1148,3500,4.146559791888173,17.193958107703686,49.357887,0.5373352939582942
Fhua,16,1148,3501,1.8918983728009637,3.5792794530069343,8.873961,0.0992364321839923
Fhua,16,1148,3502,2.653187147385929,7.039402039053885,9.254414,0.17639047014530349
Fhua,16,1148,3503,4.178412967183612,17.459134924328147,74.10914,0.5655202819429993
Fhua,16,1148,3504,1.8036972326115945,3.2533237069307246,2.1303887,0.06931430774639005
Fhua,16,1148,3505,3.7706949596903123,14.218140479033925,73.72603,0.33165169550529916
Fhua,16,1148,3506,3.1236375764852404,9.757111709230585,84.15211,0.23943401970774414
Fhua,16,1148,3507,3.0851393011480543,9.518084507488304,13.841744,0.3516252575707193
Fhua,16,1148,3508,3.6546529315237706,13.356488049895288,65.783554,0.4909722532598413
Fhua,16,1148,3509,3.318965480758982,11.015531862469697,42.116592,0.5830832587945268
Fhua,16,1148,3510,2.8052130725950586,7.869220382658208,11.852884,0.3901087899245169
Fhua,16,1148,3511,3.19890704137793,10.233006259377303,112.18783,0.22413279041533088
Fhua,16,1148,3512,3.867316921761845,14.956140173345512,111.450134,0.5761307412180404
Fhua,16,1148,3513,4.181289526544886,17.48318210479396,48.4383,0.4296884474893925
Fhua,16,1148,3514,2.9500937844959525,8.70305333732165,20.811758,0.36419122923436187
Fhua,16,1148,3515,2.414557494454099,5.830087894024455,22.233006,0.029305025795651002
Fhua,16,1148,3516,4.333624865844001,18.78030447786144,165.32643,0.6829510854165025
Fhua,16,1148,3517,4.277154089062365,18.294047101582912,83.960655,0.49344027144051317
Fhua,16,1148,3518,3.195606838730332,10.211903067740064,117.94965,0.36484313963783105
Fhua,16,1148,3519,3.164212713574722,10.012242096747908,18.08425,0.42383653442200614
Fhua,16,1148,3520,4.266496139977933,18.202989312446608,82.26563,0.4886772178312514
Fhua,16,1148,3521,2.3023957450003047,5.301026166595509,6.8447475,0.14215697029896932
Fhua,16,1148,3522,3.179421282784015,10.108719693419948,26.436794,0.20371030463080395
Fhua,16,1148,3523,2.331592186554224,5.436322124400708,13.986677,0.09822768292466336
Fhua,16,1148,3524,4.425100518083946,19.581514595146807,148.64046,0.6404003514009476
Fhua,16,1148,3525,2.3200459636446897,5.3826132734240195,9.23607,0.21823869676484633
Fhua,16,1148,3526,3.249287551876365,10.5578695947787,99.056274,0.34641934399716584
Fhua,16,1148,3527,3.7929240497453307,14.386272847136523,91.78537,0.5099078577737204
Fhua,16,1148,3528,3.3629236773632663,11.309255659770473,24.224522,0.3410988998903639
Fhua,16,1148,3529,3.9199876581968285,15.366303240415457,72.98227,0.5266593489016236
Fhua,16,1148,3530,2.674502157590246,7.152961790954882,23.771542,0.3958509747532134
Fhua,16,1148,3531,4.054809170390393,16.44147740828203,145.83932,0.38359467901631905
Fhua,16,1148,3532,3.4956680217696805,12.219694918423153,106.62654,0.5079554418995071
Fhua,16,1148,3533,4.6886171966014505,21.98313121626684,137.0942,0.6765510286704483
Fhua,16,1148,3534,4.363099571550814,19.036637871266894,46.203926,0.5650973817565198
Fhua,16,1148,3535,3.7762257640176515,14.259881020830694,76.113815,0.4858528723908294
Fhua,16,1148,3536,2.4611135613293156,6.057079961759068,10.058828,0.08418293076860978
Fhua,16,1148,3537,3.218177485969134,10.356666331198614,18.678047,0.5172599129114188
Fhua,16,1148,3538,3.526913831918454,12.439121177777714,96.15518,0.26107010853769236
Fhua,16,1148,3539,2.4613954872369446,6.058467744590396,66.25797,0.1324001562810711
Fhua,16,1148,3540,2.8260131758656466,7.986350470166236,28.019567,0.3166031165990162
Fhua,16,1148,3541,2.66731811535668,7.11458592850991,42.218773,0.16807726842513385
Fhua,16,1148,3542,2.7717137186478866,7.682396938140898,43.163906,0.16475284705601295
Fhua,16,1148,3543,3.2442519037456075,10.525170414957,32.56256,0.3303955146175557
Fhua,16,1148,3544,3.6455977684779555,13.29038308953145,38.82168,0.6274585765184453
Fhua,16,1148,3545,2.1337544695477866,4.552908136315155,22.704596,0.07808440036163856
Fhua,16,1148,3546,3.9734724618326243,15.788483404942218,69.02623,0.27934809873470823
Fhua,16,1148,3547,2.537693446400187,6.439888027902457,12.880687,0.35789475398633563
Fhua,16,1148,3548,2.955445550972852,8.734658404765224,33.192078,0.39304969955324354
Fhua,16,1148,3549,2.677176903642465,7.167276173396659,14.651502,0.11011362592080046
Fhua,16,1148,3550,2.87758394186451,8.280489342476487,70.04657,0.2153748137577418
Fhua,16,1148,3551,2.860520640953004,8.182578337318185,50.03343,0.46259613999923366
Fhua,16,1148,3552,3.8058577381186622,14.484553122797694,101.34813,0.5126401084727987
Fhua,16,1148,3553,2.2506612728116213,5.065476164934026,3.4509642,0.12467686097405381
Fhua,16,1148,3554,4.463229603381122,19.920418492497607,168.0447,0.5895317097498112
Fhua,16,1148,3555,5.703924804932412,32.53475818032325,204.79881,0.7617666082359359
Fhua,16,1148,3556,3.834372913334691,14.702415638514767,143.64992,0.49059019833919715
Fhua,16,1148,3557,2.4027043384996785,5.772988138245178,22.870508,0.1634465226675764
Fhua,16,1148,3558,3.208895704673506,10.297011643472073,44.18276,0.40868925034921827
Fhua,16,1148,3559,5.6907632810910735,32.38478672141445,225.6575,0.7366887175038439
Fhua,16,1148,3560,4.231577811779687,17.90625077714617,125.455345,0.674745621296278
Fhua,16,1148,3561,4.343396574725839,18.865093805340155,156.06564,0.8109325566681744
Fhua,16,1148,3562,3.260412001898371,10.630286422122943,78.28002,0.43628023722226805
Fhua,16,1148,3563,3.4649033356367847,12.005555125306914,80.61995,0.4762609538148953
Fhua,16,1148,3564,4.412674522991564,19.471696445858825,153.73181,0.6017343837585613
Fhua,16,1148,3565,3.0111969120505147,9.067306843142553,95.10539,0.3012669453765735
Fhua,16,1148,3566,2.532459008346342,6.413348628954535,29.509195,0.05414540571449594
Fhua,16,1148,3567,3.1686043311563563,10.040053407422821,54.12808,0.18769817624738533
Fhua,16,1148,3568,2.668212887622751,7.119360013676135,20.335276,0.24758622285515067
Fhua,16,1148,3569,2.210107481137189,4.884575078178574,33.51935,0.044675510394381474
Fhua,16,1148,3570,3.2923969548089604,10.839877708035317,95.60731,0.30410115089198153
Fhua,16,1148,3571,4.2293403289578,17.887319618148876,103.03169,0.35659854033552474
Fhua,16,1148,3572,3.291272617269186,10.832475441185958,24.636103,0.523114261682723
Fhua,16,1148,3573,4.299769603978718,18.4880186472993,72.37425,0.6540182774100591
Fhua,16,1148,3574,3.4763641656678046,12.085107812339213,79.09393,0.6440319566718888
Fhua,16,1148,3575,4.479690224082132,20.06762450373702,98.55577,0.6316708137276509
Fhua,16,1148,3576,3.3986474209822055,11.550804292149,75.175285,0.23739578597165095
Fhua,16,1148,3577,3.0727128772227332,9.441564425850407,106.78069,0.2915387197868352
Fhua,16,1148,3578,3.9858895231987272,15.88731529114538,83.58685,0.6066881531187901
Fhua,16,1148,3579,4.101212819915876,16.81994659424233,117.56765,0.664862514729998
Fhua,16,1148,3580,3.9605435392225132,15.685905126077186,61.294643,0.2801238600113334
Fhua,16,1148,3581,2.833678652625225,8.02973470634391,8.822961,0.43397703002549187
Fhua,16,1148,3582,2.341400450959827,5.482156071754879,51.538704,0.22031147011285607
Fhua,16,1148,3583,3.654562901131736,13.35582999832841,46.484978,0.21293522533230547
Fhua,16,1148,3584,2.3677755168795653,5.60636089833429,44.81773,0.1899881367627796
Fhua,16,1148,3585,4.0765288024365285,16.6180870770946,157.11232,0.5009704124683498
Fhua,16,1148,3586,2.783648721206843,7.74870020307649,16.357182,0.17861062359269494
Fhua,16,1148,3587,3.174709559601699,10.078780787826414,54.178833,0.15482173429334173
Fhua,16,1148,3588,3.3729956268290526,11.377099498607913,33.27014,0.2620111739322814
Fhua,16,1148,3589,2.9432821796657493,8.662909989137964,50.150604,0.23767895613099538
Fhua,16,1148,3590,2.606078003347484,6.791642559531609,26.411474,0.11592537441808455
Fhua,16,1148,3591,2.9776444790237826,8.866366643460816,5.386987,0.2913119720687398
Fhua,16,1148,3592,2.826459325576852,7.988872319140353,63.05536,0.2817043944211134
Fhua,16,1148,3593,3.7511602613292445,14.071203306175684,90.90307,0.5308212913519711
Fhua,16,1148,3594,3.3744795527088574,11.387112251650173,64.74762,0.4701001101036819
Fhua,16,1148,3595,2.7691896297571468,7.668411205554523,46.420334,0.06983187643243051
Fhua,16,1148,3596,3.472358983156738,12.057276907909296,70.4041,0.4322739793982236
Fhua,16,1148,3597,3.2055416115648145,10.27549702347355,67.52326,0.47412047334507146
Fhua,16,1148,3598,2.954956193580627,8.73176610598051,27.30516,0.3392516336284207
Fhua,16,1148,3599,2.9752965153590654,8.852389354307798,27.67775,0.2219974122488778
Fhua,16,1148,3600,3.7074326816037253,13.74505708862339,154.121,0.5241796074073128
Fhua,16,1148,3601,3.4393570555954476,11.829176955874184,47.276936,0.4416933696724405
Fhua,16,1148,3602,3.544671236033436,12.564694171562806,81.14401,0.6892953646073012
Fhua,16,1148,3603,2.859429957094405,8.176339679528908,46.815594,0.43018663000237656
Fhua,16,1148,3604,3.448341575891831,11.891059624024157,32.231064,0.607019906513405
Fhua,16,1148,3605,2.969338454388763,8.81697085671185,29.585712,0.1545183926596455
Fhua,16,1148,3606,3.2201016138803094,10.369054403714573,24.543392,0.5219797084890054
Fhua,16,1148,3607,4.238192094834997,17.96227223272185,76.58156,0.6887087326781973
Fhua,16,1148,3608,4.259091246240588,18.139858243803193,64.90917,0.5103499639452511
Fhua,16,1148,3609,3.147235426262582,9.905090828322216,95.859566,0.38434411931032497
Fhua,16,1148,3610,2.5723355929849365,6.616910402937164,27.357944,0.14696987903321213
Fhua,16,1148,3611,2.4625786674702503,6.064293693479555,47.496513,0.35578590985088776
Fhua,16,1148,3612,3.3583416460649107,11.278458611693972,97.243286,0.42950407906702304
Fhua,16,1148,3613,2.797098488649829,7.8237599552071595,10.620174,0.6184843824301023
Fhua,16,1148,3614,3.3039616779949132,10.916162769658966,89.74992,0.37120959510716445
Fhua,16,1148,3615,3.1228038344584617,9.751903788508473,20.091148,0.2480601842492968
Fhua,16,1148,3616,3.087506968337978,9.532699279535573,26.993065,0.35887944996159976
Fhua,16,1148,3617,2.002780603303018,4.011130144966802,10.296457,0.025950063276844244
Fhua,16,1148,3618,2.7908686480839147,7.788947810857741,22.211678,0.2337490026224253
Fhua,16,1148,3619,2.975210131773054,8.851875328205033,61.260025,0.22260365763164477
Fhua,16,1148,3620,3.527133769897537,12.440672630751614,50.454906,0.35934329721658975
Fhua,16,1148,3621,2.731457010281426,7.4608573990155485,63.306572,0.3576716329401579
Fhua,16,1148,3622,2.5711549276704355,6.610837662083962,49.56733,0.27613949559137657
Fhua,16,1148,3623,3.388658854736848,11.48300883378645,69.402084,0.570325905830265
Fhua,16,1148,3624,4.018208039423599,16.145995848088443,105.41502,0.7515548870170985
Fhua,16,1148,3625,4.428089246760049,19.607974377271965,179.39377,0.6980669833970246
Fhua,16,1148,3626,3.0185334411799025,9.111544135521381,62.99143,0.5219889338588778
Fhua,16,1148,3627,3.352851735210273,11.241614758302537,43.086388,0.290888061593238
Fhua,16,1148,3628,3.0910043414025092,9.554307838569162,101.509,0.4633460792348326
Fhua,16,1148,3629,3.4701295237542,12.041798911630556,65.04163,0.1903132213898871
Fhua,16,1148,3630,4.017881105727226,16.143368579759834,45.3928,0.6415400942654972
Fhua,16,1148,3631,3.342880768528088,11.174851832594943,107.08823,0.338144490131863
Fhua,16,1148,3632,3.6642166169817494,13.426483416165176,119.17736,0.49712292109796974
Fhua,16,1148,3633,3.222162534683428,10.382331399917534,27.75244,0.4509708272751708
Fhua,16,1148,3634,3.121480919607175,9.743643131471654,37.879265,0.25810670490691934
Fhua,16,1148,3635,3.0204160565221687,9.12291315449693,58.607506,0.2645104132091374
Fhua,16,1148,3636,4.324526355801595,18.70152820202262,157.87296,0.6359904737682155
Fhua,16,1148,3637,5.101183039253048,26.022068399962965,190.26329,0.7764909679290689
Fhua,16,1148,3638,3.3160093038299356,10.995917703086693,11.718161,0.37725453990100277
Fhua,16,1148,3639,2.8238878459827506,7.974342566689099,22.452068,0.20245883967651304
Fhua,16,1148,3640,2.3760218634325114,5.645479895509304,17.714415,0.09127557692690152
Fhua,16,1148,3641,3.849869807658978,14.82149753592418,32.349007,0.719922352060882
Fhua,16,1148,3642,3.5909749793786547,12.89510130252353,101.5819,0.543529959587538
Fhua,16,1148,3643,4.477565508331956,20.048592881404016,162.77835,0.6172380919305496
Fhua,16,1148,3644,2.779261856912559,7.724296469289046,22.257866,0.1840960669337952
Fhua,16,1148,3645,3.0131843867867727,9.079280148775581,31.688702,0.32739694415020837
Fhua,16,1148,3646,2.530162757935416,6.40172358164335,62.859367,0.14477683978534778
Fhua,16,1148,3647,2.4704787739072174,6.10326537232611,48.766285,0.10368599048443673
Fhua,16,1148,3648,2.791366804896027,7.791728639475457,20.021503,0.2775623513452099
Fhua,16,1148,3649,3.640116134533005,13.250445472887504,98.56749,0.6289952825117316
Fhua,16,1148,3650,3.9998695244933034,15.998956212970285,78.18533,0.5473877928518965
Fhua,16,1148,3651,4.379777183560007,19.18244817763283,107.19324,0.7010328182723735
Fhua,16,1148,3652,3.4111835010111404,11.636172877570623,109.86455,0.6301352271361015
Fhua,16,1148,3653,3.5764321859900052,12.790867180985249,43.097496,0.6382787072560729
Fhua,16,1148,3654,3.8710140802744553,14.98475000968309,24.902222,0.49205126356425183
Fhua,16,1148,3655,3.659488669138241,13.391857319551175,47.047913,0.4030250458399404
Fhua,16,1148,3656,2.7401066196771264,7.508184287198409,46.504524,0.48739542227481986
Fhua,16,1148,3657,2.5448981560546984,6.476506624690605,47.07494,0.36733749870184884
Fhua,16,1148,3658,3.418139770476048,11.683679490510045,100.31993,0.42692007425447615
Fhua,16,1148,3659,3.3601573983881616,11.290657741942697,34.899487,0.435848275725497
Fhua,16,1148,3660,3.316935267338315,11.0020595677127,34.564495,0.311935364700324
Fhua,16,1148,3661,4.117176626973377,16.95114337769587,139.34387,0.642237801465346
Fhua,16,1148,3662,3.963539725426065,15.709647155030527,99.45902,0.6415511769602531
Fhua,16,1148,3663,4.825898763044671,23.289298871156074,212.54298,0.630224931823468
Fhua,16,1148,3664,3.954591835465351,15.638796585129208,44.668022,0.3350480050723866
Fhua,16,1148,3665,4.245043638791532,18.02039549524445,197.4578,0.49343268867309814
Fhua,16,1148,3666,3.0960559843799778,9.585562658415073,131.5485,0.47406082534970956
Fhua,16,1148,3667,3.738904126018881,13.979404063561013,50.848476,0.5950548692659325
Fhua,16,1148,3668,4.495441818790717,20.208997146132383,207.87059,0.329801998818409
Fhua,16,1148,3669,4.745567340748125,22.520409385575235,181.58237,0.5681485396389768
Fhua,16,1148,3670,4.632554457456569,21.460560801300733,155.72794,0.7717811990362844
Fhua,16,1148,3671,4.347408216523163,18.899958201093106,230.40088,0.6443522794116859
Fhua,16,1148,3672,4.387176694431675,19.24731934816444,54.058067,0.7984607312162996
Fhua,16,1148,3673,2.990531300422075,8.94327745880415,29.276733,0.31820871909147797
Fhua,16,1148,3674,3.8474507243831066,14.802877076556092,43.58726,0.1584614795098344
Fhua,16,1148,3675,3.9234755086264976,15.393660066791957,113.443924,0.4670669695209321
Fhua,16,1148,3676,3.4996439222563773,12.247507582585998,67.46662,0.4046771441303909
Fhua,16,1148,3677,2.6574761220435428,7.062179339231586,8.541607,0.2570977435985154
Fhua,16,1148,3678,2.9642357915967232,8.78669382818305,63.55823,0.24286842236900177
Fhua,16,1148,3679,3.3900245370651447,11.492266361903749,68.56964,0.4002147875020664
Fhua,16,1148,3680,2.83571844097925,8.041299076509787,80.05097,0.1447911559247453
Fhua,16,1148,3681,3.2914356028620486,10.833548327787858,59.45482,0.472764867054173
Fhua,16,1148,3682,2.6286488990990815,6.909795034734813,23.34796,0.1800837583900919
Fhua,16,1148,3683,2.4009425977145424,5.764525357520256,0.5574808,0.1511545977036582
Fhua,16,1148,3684,2.738146739902606,7.497447569239268,95.6335,0.49694593200151815
Fhua,16,1148,3685,3.3668508807189403,11.335684852997904,68.19742,0.3157639955850186
Fhua,16,1148,3686,3.444398060325211,11.863877997972075,74.63969,0.4997517541722895
Fhua,16,1148,3687,3.0114867249531265,9.069052294568914,13.64125,0.338857819942577
Fhua,16,1148,3688,3.3773068120155845,11.406201302486867,31.59073,0.5361389677011585
Fhua,16,1148,3689,3.398009170436987,11.546466322373858,137.13007,0.3089584595308955
Fhua,16,1148,3690,4.045798397468643,16.368484672959838,85.94781,0.5659784020268617
Fhua,16,1148,3691,2.7629457908504307,7.633869443178111,47.195057,0.2895342211302314
Fhua,16,1148,3692,3.0454738303507263,9.274910851351125,26.281994,0.2510266824876121
Fhua,16,1148,3693,3.3460939091189426,11.196344448642886,101.589905,0.3922417586943896
Fhua,16,1148,3694,3.2259667512189707,10.406861479970283,51.56836,0.5109114022331952
Fhua,16,1148,3695,3.0226762187171845,9.136571523198418,45.84391,0.33563014163872384
Fhua,16,1148,3696,5.025662222706544,25.257280776739684,164.93439,0.7103671216905072
Fhua,16,1148,3697,2.4988491920729303,6.244247284723538,23.751768,0.16428452636527566
Fhua,16,1148,3698,3.2740817214332174,10.719611118623101,29.140802,0.3261930576438901
Fhua,16,1148,3699,3.21110757430151,10.311211853736525,81.823395,0.35788511003630563
Fhua,16,1148,3700,2.504386613587617,6.271952310316855,26.1851,0.10524803558187444
Fhua,16,1148,3701,3.530851974651822,12.46691566690267,17.32198,0.287893906228072
Fhua,16,1148,3702,2.5377594918647803,6.440223238549788,24.77163,0.06948087915935121
Fhua,16,1148,3703,2.931400884731515,8.593111147004706,2.4333801,0.27031546505373816
Fhua,16,1148,3704,3.6031857329814785,12.982947426361278,25.321404,0.4924866749766611
Fhua,16,1148,3705,4.901974564555574,24.029354631549808,211.3363,0.7196655198678392
Fhua,16,1148,3706,4.913027353130445,24.137837772607945,112.96565,0.6020571848740288
Fhua,16,1148,3707,2.549565049509522,6.500281941680494,49.897865,0.3366430480403664
Fhua,16,1148,3708,2.56949459188566,6.602302457729657,60.14878,0.2676916206300856
Fhua,16,1148,3709,2.4827388622239677,6.163992257997162,52.916378,0.28084254361743244
Fhua,16,1148,3710,3.351349172394025,11.231541275306117,52.313995,0.0870413039330038
Fhua,16,1148,3711,4.302761247603128,18.51375435387522,125.64957,0.7482077674376062
Fhua,16,1148,3712,3.69934579905962,13.685159341020062,126.55983,0.5113331782759288
Fhua,16,1148,3713,3.59317531142921,12.9109088186644,127.54658,0.5701437603753217
Fhua,16,1148,3714,2.6525306808511497,7.035919012856665,29.884064,0.28440776861795003
Fhua,16,1148,3715,3.471338511463122,12.050191061167004,116.74123,0.4062972343263024
Fhua,16,1148,3716,3.680217279316775,13.543999222981762,91.59796,0.591560692574671
Fhua,16,1148,3717,3.159228342366166,9.980723719209669,51.531155,0.6179380633901945
Fhua,16,1148,3718,3.170721305102881,10.053473594633315,116.89125,0.4080051130904213
Fhua,16,1148,3719,3.5754357792510563,12.783741011548607,12.239588,0.242034400525788
Fhua,16,1148,3720,3.600626007352221,12.964507644821197,51.699932,0.5127975303478758
Fhua,16,1148,3721,4.224791010627672,17.848859083480377,164.97517,0.7851607967317311
Fhua,16,1148,3722,5.1727861274698546,26.757716320544578,229.84932,0.6732792372770424
Fhua,16,1148,3723,5.658118844112817,32.014308854104556,228.22919,0.6673540279997223
Fhua,16,1148,3724,4.001237188115708,16.009899035560096,76.20525,0.39982433885756885
Fhua,16,1148,3725,2.175342008879859,4.73211285559746,18.921965,0.059050218563673214
Fhua,16,1148,3726,2.453122021247665,6.01780765113023,16.0036,0.26646253664714237
Fhua,16,1148,3727,2.287152856846295,5.231068190580169,40.36638,0.09473266402717542
Fhua,16,1148,3728,2.56977384625302,6.60373762088604,32.250347,0.17328803119757563
Fhua,16,1148,3729,3.9790799236922667,15.833077039130853,37.175484,0.2593637425089654
Fhua,16,1148,3730,3.2181882858210744,10.356735842995986,37.40625,0.2192418718770156
Fhua,16,1148,3731,4.212326269567046,17.743692601284625,122.37785,0.713641650658908
Fhua,16,1148,3732,3.7483399562243016,14.050052427427602,95.495056,0.5099594621472923
Fhua,16,1148,3733,3.843978898847437,14.776173774784352,36.23893,0.486547548574453
Fhua,16,1148,3734,3.089945905277129,9.547765697538898,87.84675,0.6391803518334007
Fhua,16,1148,3735,2.9305517961779586,8.588133830081864,9.085878,0.3788475210681529
Fhua,16,1148,3736,3.145397878851756,9.893527816285124,61.914677,0.5125778883449404
Fhua,16,1148,3737,4.007213324992626,16.057758631998453,17.910793,0.3987937527487664
Fhua,16,1148,3738,3.7451718096671205,14.026311883925294,134.87292,0.45752730848456874
Fhua,16,1148,3739,3.6593610934274676,13.390923612090674,59.428726,0.43834158499519993
Fhua,16,1148,3740,3.7433133138921235,14.01239456596203,131.35835,0.515937031802091
Fhua,16,1148,3741,3.5944562308668995,12.920115595617876,109.02693,0.3355480771544955
Fhua,16,1148,3742,2.732714730769817,7.467729799766353,69.50343,0.3340834657718564
Fhua,16,1148,3743,4.078405742093326,16.633393397139827,87.26713,0.664400911007059
Fhua,16,1148,3744,4.5225467036418365,20.453428686621645,64.393906,0.7340532317343598
Fhua,16,1148,3745,2.6053039455519076,6.787608648708337,14.855244,0.13983860052127897
Fhua,16,1148,3746,3.200410204372574,10.242625476252103,16.214563,0.15277373682547662
Fhua,16,1148,3747,3.2456016556684295,10.53393010727765,73.990746,0.39061111318357955
Fhua,16,1148,3748,3.6462203899532164,13.294923132110586,130.9711,0.5406594769331948
Fhua,16,1148,3749,3.1400741913381895,9.860065927108186,17.56493,0.4770253633175152
