sequence_name,task_id,seed,frame,rg,rg_sq,ree_sq,asphericity
RpII215_portz,14,5473,0,9.280970551652342,86.13641438063796,752.665,0.8567795337047588
RpII215_portz,14,5473,1,8.343749368214226,69.6181535195753,645.46,0.905467159234341
RpII215_portz,14,5473,2,9.115081032974723,83.08470223769551,470.74182,0.8053018295878436
RpII215_portz,14,5473,3,4.633987625393492,21.473841312300035,242.61852,0.6726274609668488
RpII215_portz,14,5473,4,3.1773793369481123,10.095739450864826,49.346714,0.1591605115871076
RpII215_portz,14,5473,5,3.524192317908913,12.419931493608198,43.032967,0.044596304778937224
RpII215_portz,14,5473,6,5.549637149359555,30.798472489551642,215.45914,0.2719089829012287
RpII215_portz,14,5473,7,3.9167684981396595,15.341075468019207,48.430878,0.17569303776232664
RpII215_portz,14,5473,8,4.355004574280704,18.966064842005856,26.532394,0.290014188161742
RpII215_portz,14,5473,9,4.1304963070165135,17.06099974227706,89.18367,0.34428125567980333
RpII215_portz,14,5473,10,5.269707169465286,27.769813651913832,102.30252,0.5210102493136802
RpII215_portz,14,5473,11,8.501368050159096,72.27325872426587,463.53748,0.7020190074745534
RpII215_portz,14,5473,12,7.056777843104673,49.79811352693302,394.4616,0.616433624265655
RpII215_portz,14,5473,13,7.114080885393536,50.61014684392167,409.5304,0.46117173078865786
RpII215_portz,14,5473,14,4.183742883555516,17.50370451570143,72.76345,0.2932259400864745
RpII215_portz,14,5473,15,4.820748938248864,23.23962032562755,131.39786,0.21523740827411791
RpII215_portz,14,5473,16,4.199989958629267,17.63991565258668,162.8821,0.3694283885284473
RpII215_portz,14,5473,17,3.082105335844375,9.499373301240368,130.83267,0.05965743750617422
RpII215_portz,14,5473,18,6.822578111307031,46.5475720848858,256.71133,0.648145330043127
RpII215_portz,14,5473,19,5.767319332643065,33.26197228467846,177.26096,0.4471581919334159
RpII215_portz,14,5473,20,6.6825855680937485,44.65694987489485,371.34143,0.547592875553662
RpII215_portz,14,5473,21,5.446173803428219,29.660809097147794,259.57053,0.6409737415922246
RpII215_portz,14,5473,22,4.779699891138478,22.84553104934918,193.17435,0.3909384829937747
RpII215_portz,14,5473,23,4.3709182542744625,19.104926385549714,99.662056,0.20527112111111373
RpII215_portz,14,5473,24,3.9466151296767094,15.575770981793111,37.408066,0.06160549891455265
RpII215_portz,14,5473,25,4.966819164794992,24.669292615774808,149.0471,0.30489228806999286
RpII215_portz,14,5473,26,4.764324338768304,22.69878640498004,8.345894,0.5208676926624188
RpII215_portz,14,5473,27,4.646450887012104,21.589505845415584,106.24616,0.2937661633257774
RpII215_portz,14,5473,28,4.326724336596822,18.72054348489921,23.419949,0.1648772501444294
RpII215_portz,14,5473,29,3.948105484896102,15.587536919866682,35.507854,0.2587650550568061
RpII215_portz,14,5473,30,4.0959789841033345,16.77704383821618,42.918594,0.1068380919366563
RpII215_portz,14,5473,31,3.293061442325745,10.844253662932518,11.05221,0.15736882034153601
RpII215_portz,14,5473,32,5.2994359584081066,28.084021477268852,366.63544,0.5775616381795425
RpII215_portz,14,5473,33,4.850105808270999,23.523526351424078,187.31903,0.25411365372777395
RpII215_portz,14,5473,34,4.884214630384765,23.855552555664598,65.31578,0.27186691826227805
RpII215_portz,14,5473,35,4.785165516475719,22.897809020068337,140.13275,0.6281704118548838
RpII215_portz,14,5473,36,8.370677358775323,70.06823944471387,592.3525,0.8964671350993207
RpII215_portz,14,5473,37,6.477236641520932,41.954594510261366,266.69156,0.5951297538345774
RpII215_portz,14,5473,38,6.068172737949771,36.82272037759684,165.07343,0.5974388276747347
RpII215_portz,14,5473,39,5.318193079549663,28.283177631369927,52.930412,0.2042312808726076
RpII215_portz,14,5473,40,4.666653999723489,21.777659553135248,78.142334,0.34705436695020364
RpII215_portz,14,5473,41,4.447416161868429,19.779510516848504,60.023582,0.2588531509848686
RpII215_portz,14,5473,42,4.42749239453105,19.602688903630288,44.64492,0.2234090430613213
RpII215_portz,14,5473,43,4.618433140049312,21.32992466910574,56.265434,0.3718209027995387
RpII215_portz,14,5473,44,6.513901311214,42.43091029223547,130.0349,0.28343137209228747
RpII215_portz,14,5473,45,6.830531013781262,46.656153930227674,194.12471,0.44910934165017113
RpII215_portz,14,5473,46,6.800143532107406,46.241952057262175,198.44418,0.7505278977804852
RpII215_portz,14,5473,47,4.761253691133472,22.66953671133211,111.59584,0.15065752486436718
RpII215_portz,14,5473,48,4.845611180710132,23.479947714623037,88.3496,0.4737855624878907
RpII215_portz,14,5473,49,8.666823850822148,75.11383566117956,808.7091,0.742994045906457
RpII215_portz,14,5473,50,5.961293343506798,35.537018327338465,299.78357,0.5811522112832364
RpII215_portz,14,5473,51,4.773599460404407,22.78725180837324,272.71277,0.2541452097142504
RpII215_portz,14,5473,52,3.2790923299521495,10.752446508351015,71.86897,0.16109505995729306
RpII215_portz,14,5473,53,3.6224853738319265,13.122400283626233,37.159016,0.12441869659175031
RpII215_portz,14,5473,54,4.087226223679794,16.705418203535796,100.86025,0.13117795255014608
RpII215_portz,14,5473,55,4.2407780538080155,17.9841985016597,64.44267,0.2952328418460246
RpII215_portz,14,5473,56,4.089058689306216,16.72040096459067,72.95775,0.3149498868712097
RpII215_portz,14,5473,57,6.1411409066494915,37.71361163532373,418.6338,0.5302687760884616
RpII215_portz,14,5473,58,5.066722551536784,25.671677414251413,192.0471,0.5562908263795079
RpII215_portz,14,5473,59,6.5539079554166175,42.95370948807324,255.23221,0.7225454981782388
RpII215_portz,14,5473,60,4.908811019820391,24.09642562831011,100.487144,0.5003656313255982
RpII215_portz,14,5473,61,4.278315207304323,18.303981013051434,138.6333,0.17645120642619144
RpII215_portz,14,5473,62,5.8019308905173785,33.66240205833978,175.56125,0.5590919791022757
RpII215_portz,14,5473,63,6.353902999742315,40.3720833301344,218.66423,0.5827238646657502
RpII215_portz,14,5473,64,4.897916314124271,23.989584220164684,77.35995,0.7040739433645122
RpII215_portz,14,5473,65,5.278874198560762,27.866512804230517,288.1454,0.5306214453547389
RpII215_portz,14,5473,66,5.955373076678585,35.46646848242816,133.41498,0.41384449860836314
RpII215_portz,14,5473,67,5.434317027252742,29.531801552689092,221.22229,0.6741537024227076
RpII215_portz,14,5473,68,5.641374103069593,31.825101770784244,285.23047,0.49208970029457605
RpII215_portz,14,5473,69,5.031318912447026,25.314169998747133,186.37979,0.5673169208345892
RpII215_portz,14,5473,70,6.365729944255985,40.522517723197325,284.0916,0.7674293539567107
RpII215_portz,14,5473,71,6.636564610562954,44.04398983017663,304.41367,0.4143983459864464
RpII215_portz,14,5473,72,5.691497898240673,32.39314832567801,230.68657,0.5244858537917518
RpII215_portz,14,5473,73,6.303031496444166,39.728206045167184,173.46715,0.27531186881469516
RpII215_portz,14,5473,74,5.344051973562241,28.558891496134475,108.73221,0.39776143186430246
RpII215_portz,14,5473,75,5.002561167252641,25.02561823210411,195.35371,0.3244410678588068
RpII215_portz,14,5473,76,5.3824672795494575,28.970954015420546,104.60398,0.41805500211828284
RpII215_portz,14,5473,77,3.0269299839473955,9.162305127719778,3.0095701,0.06671374528097487
RpII215_portz,14,5473,78,4.897429040429429,23.98481120604152,52.566288,0.2990780440269259
RpII215_portz,14,5473,79,5.080601465930192,25.812511255612012,263.90268,0.25585241711009277
RpII215_portz,14,5473,80,3.716359513252963,13.811328031745798,179.78618,0.25719963717954775
RpII215_portz,14,5473,81,6.261621653025393,39.20790572563645,217.7641,0.426750866102776
RpII215_portz,14,5473,82,5.528457387630241,30.563841086843386,84.56781,0.590084989539544
RpII215_portz,14,5473,83,5.154738980334174,26.5713339553766,217.27013,0.43872668344136395
RpII215_portz,14,5473,84,4.094775852171333,16.76718927952546,180.42218,0.46265671246342377
RpII215_portz,14,5473,85,6.040459836734009,36.48715503919665,181.82596,0.3622575070047971
RpII215_portz,14,5473,86,4.038979696635065,16.313356989830275,108.50499,0.15054228569794684
RpII215_portz,14,5473,87,4.798984056804738,23.030247977466058,140.42065,0.46963246510855994
RpII215_portz,14,5473,88,4.3871325086255615,19.24693164823922,220.54681,0.18039374940189906
RpII215_portz,14,5473,89,5.980409571440322,35.765298642175,293.87814,0.6224900776225399
RpII215_portz,14,5473,90,3.979513632690338,15.836528752768247,21.175133,0.21891833693246843
RpII215_portz,14,5473,91,3.963625306603673,15.710325571149061,31.404598,0.1521086099698129
RpII215_portz,14,5473,92,6.251943712416422,39.08680018322324,170.25667,0.6892793217974302
RpII215_portz,14,5473,93,4.972456158804191,24.725320251229736,236.36237,0.31179964420246087
RpII215_portz,14,5473,94,5.016495737403318,25.165229483385676,61.99101,0.5546949518221838
RpII215_portz,14,5473,95,3.4957411616829,12.220206269484109,11.739597,0.2971916113401186
RpII215_portz,14,5473,96,4.325546329085885,18.71035104506838,95.960464,0.15728980467272433
RpII215_portz,14,5473,97,4.200131628770425,17.64110569899771,159.3851,0.3708704284878561
RpII215_portz,14,5473,98,4.213360338002775,17.752405337854857,53.114098,0.31182151105220596
RpII215_portz,14,5473,99,3.852820791956016,14.844228054928575,42.791916,0.09806463972836023
RpII215_portz,14,5473,100,6.087969007222133,37.063366632897235,256.81476,0.5367888904506342
RpII215_portz,14,5473,101,6.295327407374303,39.63114716603807,308.1595,0.3464152795295725
RpII215_portz,14,5473,102,5.348548892943315,28.606975260205164,316.2744,0.6410020556444072
RpII215_portz,14,5473,103,2.845311341829767,8.095796631945106,29.816114,0.2526771403866903
RpII215_portz,14,5473,104,5.331649151100583,28.426482670431565,151.89493,0.5125744077399012
RpII215_portz,14,5473,105,4.009542138566157,16.076428160937677,12.244815,0.4828644694117066
RpII215_portz,14,5473,106,3.51436629086508,12.350770426368777,23.854988,0.26153548302345747
RpII215_portz,14,5473,107,3.7131803149469573,13.787708051309584,126.425865,0.38779461975519414
RpII215_portz,14,5473,108,3.8591813518727673,14.893280706642516,34.396866,0.269885665941008
RpII215_portz,14,5473,109,3.8432045479471144,14.770221197361389,18.94915,0.04476262009883153
RpII215_portz,14,5473,110,3.7823849942046968,14.306436244384862,132.12677,0.18231399298679377
RpII215_portz,14,5473,111,4.460893048481116,19.899566789987144,93.426956,0.4887160830018933
RpII215_portz,14,5473,112,4.483783446171671,20.104313992163114,19.199959,0.5013573769874305
RpII215_portz,14,5473,113,4.632945020550406,21.464179563442798,108.13663,0.37323775591679453
RpII215_portz,14,5473,114,4.132253039833438,17.075515185212684,88.06292,0.2963574765509208
RpII215_portz,14,5473,115,4.218071312904433,17.792125600747337,107.78279,0.2146893116149061
RpII215_portz,14,5473,116,4.811176950091325,23.147423645090065,91.798836,0.38300204052671083
RpII215_portz,14,5473,117,5.686519387262811,32.33650274171581,170.26775,0.29487916302206213
RpII215_portz,14,5473,118,6.145495623024594,37.767116452614445,350.03925,0.5998544914892808
RpII215_portz,14,5473,119,3.8982569863499212,15.196407531625976,36.457787,0.24876415157378373
RpII215_portz,14,5473,120,5.133131205562065,26.34903597351506,177.31992,0.1600949509789908
RpII215_portz,14,5473,121,6.0820030983020095,36.99076168775524,355.01135,0.542622525894278
RpII215_portz,14,5473,122,4.964489080342677,24.646151828841678,12.105562,0.41023757867652666
RpII215_portz,14,5473,123,6.684868021639818,44.68746046674265,266.17368,0.403357223208548
RpII215_portz,14,5473,124,5.406779331695566,29.233262741650357,131.28148,0.3361045175463491
RpII215_portz,14,5473,125,6.174369510915383,38.122838857321476,204.7003,0.3326812107236737
RpII215_portz,14,5473,126,4.644805147847512,21.574214861470747,99.980644,0.36359450585391573
RpII215_portz,14,5473,127,4.757526337171631,22.634056848881716,364.26746,0.5223105610935259
RpII215_portz,14,5473,128,5.187537650661326,26.910546877028818,96.55086,0.2655368963888994
RpII215_portz,14,5473,129,4.962745051459101,24.628838445781795,106.98081,0.47134588965948626
RpII215_portz,14,5473,130,5.823208542793257,33.90975773286036,302.9074,0.551134771389576
RpII215_portz,14,5473,131,5.212214323853121,27.16717815777965,92.39901,0.5517950259070975
RpII215_portz,14,5473,132,3.9314046759319066,15.455942725939257,64.756134,0.34120386270902947
RpII215_portz,14,5473,133,3.7136536881483697,13.79122371549799,10.496437,0.2391095008527505
RpII215_portz,14,5473,134,4.4264256365383465,19.59324391580391,162.09972,0.11417234574403412
RpII215_portz,14,5473,135,6.37072523537105,40.58614002459354,436.1872,0.6190020867762915
RpII215_portz,14,5473,136,3.881108053300394,15.062999721393172,21.339891,0.21847805093090916
RpII215_portz,14,5473,137,4.081076323975398,16.65518396211254,52.1981,0.16382537524930285
RpII215_portz,14,5473,138,4.8555032378390335,23.575911692665336,160.90381,0.2651975361193233
RpII215_portz,14,5473,139,3.3350017847667717,11.122236904397552,92.2809,0.17456531608953912
RpII215_portz,14,5473,140,5.606581574329629,31.433756949612494,157.91284,0.37839998352801907
RpII215_portz,14,5473,141,4.8071673104590955,23.10885755074653,281.0196,0.47609145240052664
RpII215_portz,14,5473,142,4.7021844400542205,22.11053850828802,70.43708,0.235897381944228
RpII215_portz,14,5473,143,5.68912326732394,32.36612355080662,179.52966,0.2729516085021001
RpII215_portz,14,5473,144,5.073635834979966,25.741780585992856,147.05093,0.164769663164196
RpII215_portz,14,5473,145,4.686744923940832,21.965577982085165,41.817894,0.23174904952857162
RpII215_portz,14,5473,146,5.257104785096602,27.637150721485586,151.27652,0.40801558536147187
RpII215_portz,14,5473,147,5.679850935704027,32.26070665181791,295.76105,0.45846771576604994
RpII215_portz,14,5473,148,6.449573806161957,41.597002281130415,92.635124,0.7055793540672579
RpII215_portz,14,5473,149,4.256524214743048,18.117998390693927,167.63872,0.15353449387569515
RpII215_portz,14,5473,150,5.2971365466642375,28.05965559400592,34.8047,0.3004570326881873
RpII215_portz,14,5473,151,4.882484233746019,23.838652292778452,172.45903,0.2658301293741301
RpII215_portz,14,5473,152,5.994046246089186,35.92859040025586,241.75551,0.5463009730984881
RpII215_portz,14,5473,153,6.010564237225752,36.1268824498172,70.146385,0.27989907511893153
RpII215_portz,14,5473,154,3.4782565158211507,12.098268389852295,48.49891,0.16138432649976253
RpII215_portz,14,5473,155,7.095330836498513,50.34371967936669,422.41394,0.5637011385227404
RpII215_portz,14,5473,156,4.120719971738636,16.980333085485665,158.92511,0.2612187394901624
RpII215_portz,14,5473,157,5.37983917837251,28.9426695851518,266.63272,0.6070591682653617
RpII215_portz,14,5473,158,6.138450378376157,37.68057304778638,307.02255,0.6208814939767776
RpII215_portz,14,5473,159,4.752311387086823,22.584463519835076,304.22537,0.2708393709099738
RpII215_portz,14,5473,160,3.9590592702800493,15.674150305590398,28.296028,0.33797284811348294
RpII215_portz,14,5473,161,4.335178098156157,18.793769142732828,70.57382,0.1683626068285116
RpII215_portz,14,5473,162,3.844981013022709,14.783878990505135,28.781729,0.22022359502826236
RpII215_portz,14,5473,163,4.143249546697326,17.166516806207593,29.049812,0.5043161933446132
RpII215_portz,14,5473,164,4.494547832481675,20.200960218465735,122.37012,0.4690268126244864
RpII215_portz,14,5473,165,5.178470125563284,26.81655284135141,179.94267,0.4201821578528082
RpII215_portz,14,5473,166,8.079964680872218,65.2858292441425,522.3346,0.6736318660395462
RpII215_portz,14,5473,167,5.487846601454219,30.11646032109262,314.68597,0.5511516753655163
RpII215_portz,14,5473,168,6.08604904050358,37.03999292341455,362.52344,0.47717435076943127
RpII215_portz,14,5473,169,6.730778908020307,45.30338470865103,206.58768,0.5999305084854164
RpII215_portz,14,5473,170,7.182529270091665,51.58872671572351,259.23126,0.585902889977808
RpII215_portz,14,5473,171,4.995033501580953,24.95035968191607,268.66855,0.5100514979728107
RpII215_portz,14,5473,172,4.796687739259565,23.008213267963043,176.21487,0.456666170992179
RpII215_portz,14,5473,173,5.172327446230416,26.75297121102846,35.24764,0.4881400742875489
RpII215_portz,14,5473,174,6.381717489217933,40.726318112190036,116.47417,0.23824801770642012
RpII215_portz,14,5473,175,4.6582250666251666,21.699060771335038,107.04523,0.5044293089299869
RpII215_portz,14,5473,176,3.909941419124953,15.287641900988845,84.384796,0.20728447149155263
RpII215_portz,14,5473,177,5.935197229801997,35.2265661566493,148.28886,0.44462001349426306
RpII215_portz,14,5473,178,4.337558066065398,18.814409976488996,8.791296,0.16420142151714595
RpII215_portz,14,5473,179,4.191335343364812,17.56729196053902,32.359547,0.025201227952674515
RpII215_portz,14,5473,180,5.479488736746667,30.02479681613359,209.7701,0.5896503327804444
RpII215_portz,14,5473,181,5.7246864486101146,32.77203493490028,171.12149,0.7157489529866239
RpII215_portz,14,5473,182,7.45817394416604,55.62435858143723,425.7596,0.5965749886340055
RpII215_portz,14,5473,183,7.051766075229851,49.72740477976262,304.96335,0.5232510447637504
RpII215_portz,14,5473,184,6.239194682012304,38.927550280050625,166.72688,0.3209880523877383
RpII215_portz,14,5473,185,6.341269429624429,40.211697979089344,302.8846,0.6932541050055337
RpII215_portz,14,5473,186,4.230517918311689,17.89728185715626,24.971127,0.38192620865682536
RpII215_portz,14,5473,187,4.925309203731135,24.258670752358626,150.24872,0.34674602657120734
RpII215_portz,14,5473,188,5.373708108521454,28.876738835589222,76.70521,0.2565245008084103
RpII215_portz,14,5473,189,4.459240999376567,19.884830290520924,19.787102,0.4603850135557268
RpII215_portz,14,5473,190,4.377406337763882,19.161686245895407,45.299397,0.15436263523569535
RpII215_portz,14,5473,191,4.622713357196933,21.369478782806933,5.749266,0.24969742805179934
RpII215_portz,14,5473,192,4.747391459010825,22.537725665088935,106.36685,0.24873152093342507
RpII215_portz,14,5473,193,3.22469464763745,10.398655570501615,24.76698,0.1148992370273518
RpII215_portz,14,5473,194,5.384281943831454,28.99049205066942,193.39803,0.4248125621779299
RpII215_portz,14,5473,195,5.62026846518507,31.587417620753744,362.32306,0.6560659132123419
RpII215_portz,14,5473,196,5.5290446859011855,30.570335138692137,242.45349,0.3792241308666609
RpII215_portz,14,5473,197,4.397615494655309,19.339022038832457,104.4315,0.43928541702988794
RpII215_portz,14,5473,198,4.007140263091617,16.057173088089954,89.497505,0.08872244042342918
RpII215_portz,14,5473,199,5.56279149653585,30.944649233931543,265.9311,0.6526185209015526
RpII215_portz,14,5473,200,4.154797284472715,17.26234047506185,82.83788,0.2675195128957361
RpII215_portz,14,5473,201,4.747882195766483,22.542385344876358,84.904236,0.22813841906062787
RpII215_portz,14,5473,202,4.755758181540607,22.617235881290423,40.498196,0.2338503198881786
RpII215_portz,14,5473,203,3.6933695838326126,13.64097888277988,27.937014,0.014844768052289372
RpII215_portz,14,5473,204,4.2938561277132266,18.437200445500427,105.35745,0.367292208327746
RpII215_portz,14,5473,205,4.259882478667115,18.146598732055086,12.402162,0.5159289217788385
RpII215_portz,14,5473,206,5.2734178803468685,27.80893614076206,147.68846,0.33449439151182053
RpII215_portz,14,5473,207,5.2964392646536504,28.052268884164906,202.57135,0.6228924261380573
RpII215_portz,14,5473,208,3.5616453724596853,12.685317759163487,44.092308,0.0642965630740298
RpII215_portz,14,5473,209,4.03981619709792,16.320114906334698,13.069359,0.5182195406820418
RpII215_portz,14,5473,210,3.795516674146525,14.4059468237243,55.640064,0.2912870437460226
RpII215_portz,14,5473,211,3.4620193174392324,11.985577754322408,11.1405735,0.14807508637378672
RpII215_portz,14,5473,212,6.388649522235787,40.814842717963536,284.36044,0.39089076025761227
RpII215_portz,14,5473,213,7.589120011065309,57.59474254235191,405.8181,0.678394212563795
RpII215_portz,14,5473,214,5.085931978916271,25.866704094163172,100.6801,0.6091523184165748
RpII215_portz,14,5473,215,4.078167824363048,16.631452803670037,122.613754,0.1768582267377639
RpII215_portz,14,5473,216,3.1211073971084797,9.741311384285273,92.145256,0.23605242408661567
RpII215_portz,14,5473,217,4.260817498619234,18.154565756539874,90.71351,0.1324165605875868
RpII215_portz,14,5473,218,4.601842757225749,21.17695676223108,142.77965,0.60662147604388
RpII215_portz,14,5473,219,3.895943819851739,15.178378247440957,38.9992,0.08954824166907147
RpII215_portz,14,5473,220,3.795567542746062,14.406332971547378,19.999445,0.20207035784131538
RpII215_portz,14,5473,221,3.8387764467702374,14.736204608277928,50.73781,0.10019861500849153
RpII215_portz,14,5473,222,2.885188050124516,8.324310084581306,6.455445,0.14886760145514116
RpII215_portz,14,5473,223,5.817832770772837,33.84717814867834,320.8283,0.6501525652027124
RpII215_portz,14,5473,224,5.3156230265865565,28.255848160777226,145.72571,0.6660873176174497
RpII215_portz,14,5473,225,4.195418913740122,17.60153986176834,132.07285,0.37452906886087367
RpII215_portz,14,5473,226,4.743641845156241,22.50213795511732,51.07605,0.17577671210956128
RpII215_portz,14,5473,227,4.481467776435218,20.08355343122721,67.47196,0.5098942105134115
RpII215_portz,14,5473,228,4.7529162653595955,22.590213025519812,155.31665,0.43256327877527445
RpII215_portz,14,5473,229,5.426683454482436,29.448893315153438,224.6215,0.769845703130748
RpII215_portz,14,5473,230,7.708480204965144,59.42066707033944,483.2088,0.5525409386066249
RpII215_portz,14,5473,231,5.160949681105189,26.635401610899738,202.43138,0.5387909560604864
RpII215_portz,14,5473,232,5.561640030911034,30.931839833432086,129.79028,0.5549502565949558
RpII215_portz,14,5473,233,3.4737315449844868,12.066810846620308,13.561947,0.10987546081717334
RpII215_portz,14,5473,234,4.5826320167348,21.000516200802846,226.16907,0.44478066663006316
RpII215_portz,14,5473,235,5.817830318801526,33.847149618366274,115.444145,0.48251497528612414
RpII215_portz,14,5473,236,3.9341665340600978,15.477666317718445,91.629074,0.15035924861062705
RpII215_portz,14,5473,237,5.8537165174551,34.26599706672666,223.08594,0.38762621766934235
RpII215_portz,14,5473,238,4.2615673564185,18.160956333291768,100.81067,0.3999413866820981
RpII215_portz,14,5473,239,4.547708944613352,20.681656644916288,147.83392,0.34019130561360866
RpII215_portz,14,5473,240,3.199877391966408,10.239215323617742,82.001015,0.19640388469849063
RpII215_portz,14,5473,241,5.743405861775077,32.98671089307232,176.90213,0.5129740509725638
RpII215_portz,14,5473,242,4.653925302241586,21.659020718844438,78.55055,0.1797799619247042
RpII215_portz,14,5473,243,3.985782899664669,15.886465323259293,60.770767,0.3150745849613065
RpII215_portz,14,5473,244,5.055091452496307,25.553949593101215,245.46353,0.45786134540607837
RpII215_portz,14,5473,245,5.698571081860809,32.47371237502026,185.85529,0.23741217104495912
RpII215_portz,14,5473,246,4.9143778912925375,24.151110058424887,113.532646,0.3519889410115323
RpII215_portz,14,5473,247,3.409157088832087,11.622352056334071,6.6556253,0.08121069510251053
RpII215_portz,14,5473,248,4.019870304968232,16.159357268765394,45.441643,0.41596776339992947
RpII215_portz,14,5473,249,4.492081058481265,20.178792235966164,179.18631,0.5232877070800229
RpII215_portz,14,5473,250,4.419907920103345,19.535586022192263,83.94378,0.3131196984403863
RpII215_portz,14,5473,251,3.5988448324457476,12.951684128021464,19.672182,0.1967862372500902
RpII215_portz,14,5473,252,3.1022963651019233,9.624242736924607,68.75392,0.09393680978178502
RpII215_portz,14,5473,253,5.481183602821593,30.04337368784031,132.444,0.5968484774486706
RpII215_portz,14,5473,254,3.0361555915165632,9.218240775897291,66.12655,0.125970652463663
RpII215_portz,14,5473,255,4.675047449873127,21.856068658565228,114.275894,0.3644557729441621
RpII215_portz,14,5473,256,7.4523711744283165,55.53783612145007,578.1974,0.7145355060501728
RpII215_portz,14,5473,257,3.5100668734169114,12.320569455858775,177.12518,0.25528810666342405
RpII215_portz,14,5473,258,3.667602058215684,13.45130485742792,80.50221,0.14527406545933344
RpII215_portz,14,5473,259,3.6689258152425177,13.461016637752971,79.12852,0.2485284266304742
RpII215_portz,14,5473,260,4.53282308801799,20.546485147268942,71.01304,0.4925201751717686
RpII215_portz,14,5473,261,5.4079228853229715,29.24562993359993,141.06877,0.3473868342356134
RpII215_portz,14,5473,262,4.389163492861093,19.264756167064583,46.592896,0.3281659070124803
RpII215_portz,14,5473,263,4.352459343629725,18.943902337949694,97.97243,0.40761804202083357
RpII215_portz,14,5473,264,4.9701328185123685,24.702220233653694,181.98358,0.30135543486759847
RpII215_portz,14,5473,265,5.955486071316855,35.46781434564907,131.65227,0.5186120156695813
RpII215_portz,14,5473,266,3.542514947729273,12.549412154885333,50.964363,0.26795042074371556
RpII215_portz,14,5473,267,3.6680834036182777,13.454835855899852,174.51369,0.14919161778206494
RpII215_portz,14,5473,268,5.909234167925231,34.919048451375005,247.64706,0.3702275723503717
RpII215_portz,14,5473,269,4.066669775828881,16.537803065640126,90.02327,0.4479097581185256
RpII215_portz,14,5473,270,5.479618498243001,30.026218886286884,145.38318,0.7357085715623726
RpII215_portz,14,5473,271,5.034233731416077,25.343509262527437,205.16318,0.48072874446172154
RpII215_portz,14,5473,272,5.289597537990941,27.979842113919823,166.5202,0.4359766054527963
RpII215_portz,14,5473,273,5.693486859984312,32.41579262481404,175.54538,0.42735101437506307
RpII215_portz,14,5473,274,6.6582650616477785,44.3324936311595,271.06674,0.6991088320848056
RpII215_portz,14,5473,275,3.812002128888265,14.531360230648659,92.12953,0.36862867684153316
RpII215_portz,14,5473,276,5.337471331495029,28.488600214531335,188.23167,0.6695419059700731
RpII215_portz,14,5473,277,4.115260803660079,16.935371482140994,63.346992,0.17134571868688286
RpII215_portz,14,5473,278,6.341459250281566,40.21410542298164,319.0631,0.6607268688709007
RpII215_portz,14,5473,279,3.890555831884797,15.136424681012807,78.71245,0.1758139611212275
RpII215_portz,14,5473,280,3.7616658465002226,14.150129940726238,106.01915,0.2246368274891697
RpII215_portz,14,5473,281,4.602033901075396,21.178716026647223,105.98596,0.37228717018693713
RpII215_portz,14,5473,282,6.534362912528793,42.69789867263177,372.75436,0.772598791411388
RpII215_portz,14,5473,283,4.663937167230846,21.752309899877293,98.14376,0.3134793617293436
RpII215_portz,14,5473,284,6.893262382329187,47.51706627163467,276.36325,0.5401720250384334
RpII215_portz,14,5473,285,5.745839290909696,33.01466915696164,171.02167,0.5149170838232514
RpII215_portz,14,5473,286,4.4105783600104695,19.453201469792646,210.55104,0.5171486540531134
RpII215_portz,14,5473,287,6.153147034350626,37.86121842633791,94.05641,0.5078212064492614
RpII215_portz,14,5473,288,3.998056517223617,15.984455914914244,144.23412,0.2684101877303748
RpII215_portz,14,5473,289,3.270391481479235,10.695460442131946,30.918364,0.13108320269006912
RpII215_portz,14,5473,290,5.433606595563862,29.524080635355116,193.42377,0.44161334473676395
RpII215_portz,14,5473,291,5.511318432198739,30.374630861093564,90.927536,0.3954929219340194
RpII215_portz,14,5473,292,5.746366441853188,33.02072728405646,298.4376,0.6598026593897364
RpII215_portz,14,5473,293,5.549644917287078,30.798558707970304,172.6903,0.5448633462891895
RpII215_portz,14,5473,294,4.0237281014069035,16.190387834051606,9.111676,0.32865446348715277
RpII215_portz,14,5473,295,5.5585916468099485,30.89794109598534,175.5217,0.27986382959695355
RpII215_portz,14,5473,296,4.670410061768076,21.812730145064485,111.25161,0.4054381914367351
RpII215_portz,14,5473,297,5.267905519251166,27.7508285597569,146.08089,0.4047833282776493
RpII215_portz,14,5473,298,4.219684152903195,17.805734350262355,27.128782,0.40013921703434785
RpII215_portz,14,5473,299,3.079230247788202,9.481658918893793,15.53744,0.06364622306620371
RpII215_portz,14,5473,300,4.047664722745754,16.383589707760464,53.497723,0.367050133403979
RpII215_portz,14,5473,301,6.667501818737163,44.455580502863384,146.75482,0.6219291111605096
RpII215_portz,14,5473,302,6.080969983773608,36.97819594355559,80.29239,0.3537513245687701
RpII215_portz,14,5473,303,5.290060551645441,27.984740640075263,137.58238,0.26670507475472394
RpII215_portz,14,5473,304,5.63676103832183,31.773075003143013,100.8072,0.3052124315801431
RpII215_portz,14,5473,305,4.326397411684074,18.717714563826657,114.80564,0.4501937205135419
RpII215_portz,14,5473,306,4.480881045093102,20.07829494027465,144.9437,0.09562631926749268
RpII215_portz,14,5473,307,5.3347698035456865,28.459768856822887,172.96407,0.431313559740543
RpII215_portz,14,5473,308,4.845417513051021,23.47807087578155,43.552326,0.3168516762310981
RpII215_portz,14,5473,309,4.243232453882996,18.005021657685905,32.69489,0.17504526311686222
RpII215_portz,14,5473,310,4.023805967657948,16.19101446535971,86.22164,0.19304726799894775
RpII215_portz,14,5473,311,5.0577619710356005,25.58095615565392,62.004383,0.36399799365579344
RpII215_portz,14,5473,312,5.820946466953564,33.88341777113917,148.25035,0.5011525022323065
RpII215_portz,14,5473,313,8.163963170521424,66.65029464963024,493.68176,0.858378187839434
RpII215_portz,14,5473,314,5.51560736441816,30.421924598423843,99.09766,0.4004636240441213
RpII215_portz,14,5473,315,5.641055259896276,31.821504445203423,286.66202,0.5896564176116729
RpII215_portz,14,5473,316,6.6705749144297775,44.49656968901984,308.58917,0.6562462343210285
RpII215_portz,14,5473,317,4.100652881200726,16.815354052099813,163.90793,0.21241127042211355
RpII215_portz,14,5473,318,4.729574135239218,22.368871500723795,110.493614,0.228019366729346
RpII215_portz,14,5473,319,4.894913251766553,23.960175742319816,271.48898,0.23834914933513612
RpII215_portz,14,5473,320,6.158922988512085,37.93233237842263,172.27122,0.6469270648712764
RpII215_portz,14,5473,321,5.25502942485969,27.61533425614117,364.09067,0.2542834395699896
RpII215_portz,14,5473,322,4.557357397604843,20.76950644950358,133.51709,0.48435244313328674
RpII215_portz,14,5473,323,3.598387886873808,12.94839538440015,73.94461,0.15691703344461205
RpII215_portz,14,5473,324,5.984388841205622,35.812909802746354,163.07846,0.5530681296467094
RpII215_portz,14,5473,325,4.0457313561968045,16.367942206514034,35.083366,0.3871103763091048
RpII215_portz,14,5473,326,5.294590331880041,28.032686782437597,63.49288,0.42945018643698
RpII215_portz,14,5473,327,4.818303732602792,23.216050859614008,266.8866,0.3044360841502063
RpII215_portz,14,5473,328,4.598563978821919,21.14679066731847,72.19099,0.6152078292947106
RpII215_portz,14,5473,329,7.425504589921855,55.13811841495052,162.79663,0.5786038313864883
RpII215_portz,14,5473,330,6.130314090220145,37.58075084475166,251.31155,0.4688451412650961
RpII215_portz,14,5473,331,4.289546204765114,18.400206642814798,72.95266,0.22494940402059482
RpII215_portz,14,5473,332,5.443556041892109,29.63230238122009,36.504692,0.4395790148405552
RpII215_portz,14,5473,333,4.477257394942329,20.045833780565783,61.69856,0.2505345646351197
RpII215_portz,14,5473,334,5.623350135473197,31.62206674612644,168.14778,0.5619758293656631
RpII215_portz,14,5473,335,4.210909095024525,17.73175540656026,164.93909,0.16306180977913803
RpII215_portz,14,5473,336,4.831692171121411,23.345249236475937,143.52115,0.3402621895869716
RpII215_portz,14,5473,337,4.40665156880413,19.418578048843898,119.26495,0.14039170263544604
RpII215_portz,14,5473,338,4.094811546721218,16.7674816031614,70.40519,0.4377541629925791
RpII215_portz,14,5473,339,3.84709862759659,14.80016785045557,91.69117,0.21437828876943704
RpII215_portz,14,5473,340,3.649195810275751,13.316630061734092,73.122665,0.06219312963444884
RpII215_portz,14,5473,341,5.693180215594436,32.4123009672359,87.61214,0.4238980668921658
RpII215_portz,14,5473,342,4.048889949232868,16.393509820998926,104.32894,0.4542121958389391
RpII215_portz,14,5473,343,4.275094624586679,18.27643404916992,123.90542,0.32100514945187014
RpII215_portz,14,5473,344,5.933613327050019,35.207767114945625,161.14853,0.4156713363017314
RpII215_portz,14,5473,345,4.986425493979194,24.864439207005653,180.5328,0.3301139817988492
RpII215_portz,14,5473,346,5.457558457933665,29.78494432176327,201.32156,0.5548612504523953
RpII215_portz,14,5473,347,5.362453796657273,28.755910721283993,253.29141,0.6325319443530459
RpII215_portz,14,5473,348,5.229420668141693,27.346840524387524,262.87897,0.355826260021715
RpII215_portz,14,5473,349,3.8132545483553697,14.540910250552912,73.183044,0.2918473839471216
RpII215_portz,14,5473,350,5.527503532122567,30.553295297627457,131.06693,0.29202818876262304
RpII215_portz,14,5473,351,4.061169122580304,16.493094642199672,13.781848,0.5039396264164361
RpII215_portz,14,5473,352,3.653867521612352,13.350747865493592,47.359566,0.3483743555756777
RpII215_portz,14,5473,353,4.83837340972687,23.409857251952012,218.27516,0.4289643272723952
RpII215_portz,14,5473,354,8.033465829164637,64.53657322835586,493.76215,0.7422529876727045
RpII215_portz,14,5473,355,3.4091862173901464,11.622550664842935,8.596549,0.3704642532075288
RpII215_portz,14,5473,356,5.807032891569846,33.72163100377404,101.59948,0.5140714125443435
RpII215_portz,14,5473,357,3.813245413791028,14.54084058579831,34.65038,0.26893715664920853
RpII215_portz,14,5473,358,4.103029576960592,16.834851709413407,51.175262,0.3318780534451967
RpII215_portz,14,5473,359,3.4916877494752496,12.191883339835533,91.305824,0.12923554155879055
RpII215_portz,14,5473,360,4.732786354817306,22.399266680344898,43.725784,0.6632873795732128
RpII215_portz,14,5473,361,5.17712239024257,26.802596243550937,159.21631,0.5306238133697745
RpII215_portz,14,5473,362,5.696282886522073,32.44763872328424,302.49347,0.5934731908933983
RpII215_portz,14,5473,363,4.71413250467392,22.223045271623207,84.72487,0.46069101232334214
RpII215_portz,14,5473,364,5.353439195237469,28.659311217104793,163.95929,0.523074596383874
RpII215_portz,14,5473,365,6.594107884902523,43.482258797733635,308.5331,0.5259243613090615
RpII215_portz,14,5473,366,8.02118887567178,64.33947097920075,526.0761,0.7230232117314728
RpII215_portz,14,5473,367,4.573123299158609,20.913456709307322,98.689255,0.5920636938504553
RpII215_portz,14,5473,368,5.67757855391904,32.23489823592141,150.93427,0.6469658431795803
RpII215_portz,14,5473,369,3.360120579671425,11.290410309931437,7.352972,0.240197690097619
RpII215_portz,14,5473,370,4.326565445709939,18.719168556011244,68.754005,0.3386699853278041
RpII215_portz,14,5473,371,5.646348873010925,31.88125559575173,189.07289,0.405557946735555
RpII215_portz,14,5473,372,3.0310699580415688,9.187385090542119,33.359367,0.07699893101270389
RpII215_portz,14,5473,373,4.885941446332091,23.87242381698573,125.26172,0.09432170369209503
RpII215_portz,14,5473,374,3.4499755055742085,11.902330989062015,37.105408,0.18776637759923348
RpII215_portz,14,5473,375,4.8854613296883205,23.86773240387997,151.27026,0.537971573993334
RpII215_portz,14,5473,376,4.444920466556744,19.75731795401502,90.54439,0.3376809436369713
RpII215_portz,14,5473,377,4.581083699298037,20.98632785997418,88.264786,0.2693990218993274
RpII215_portz,14,5473,378,4.767496256358452,22.72902055439186,129.63852,0.29374848247454316
RpII215_portz,14,5473,379,4.052979337397051,16.426641509367442,38.260536,0.25455803547321726
RpII215_portz,14,5473,380,6.069090347997372,36.83385765215487,142.76817,0.3662073200889512
RpII215_portz,14,5473,381,4.450070104818821,19.803123937802194,118.27759,0.4712090902193896
RpII215_portz,14,5473,382,5.947118639309462,35.36822011002202,187.1141,0.2443109273476106
RpII215_portz,14,5473,383,3.7915370288984067,14.37575304150776,120.039474,0.2031364916934641
RpII215_portz,14,5473,384,4.99028255914925,24.902920020149185,92.90855,0.3025654128958236
RpII215_portz,14,5473,385,7.420366560688773,55.061839894988125,416.57095,0.5867915889949034
RpII215_portz,14,5473,386,5.862380908654911,34.36750991816157,157.03131,0.5299953352521052
RpII215_portz,14,5473,387,3.4361815703094583,11.807343784134376,5.8970785,0.19736158509135587
RpII215_portz,14,5473,388,5.531218522385052,30.594378342375478,35.22385,0.19329584986517434
RpII215_portz,14,5473,389,5.464802295866761,29.86406413291063,248.23082,0.7242914613249678
RpII215_portz,14,5473,390,6.718303434820383,45.135601042319344,282.91116,0.5649928775416312
RpII215_portz,14,5473,391,3.830269596852756,14.670965184574571,42.098083,0.15686597079116327
RpII215_portz,14,5473,392,4.938672445888839,24.39048552778165,14.901243,0.41727053164184835
RpII215_portz,14,5473,393,3.910297767044678,15.290428626954602,23.011332,0.4283515319538854
RpII215_portz,14,5473,394,4.555456103985959,20.752180315342933,154.65553,0.28705076225383264
RpII215_portz,14,5473,395,3.4832938138373906,12.133335793517832,19.48191,0.2021276602740676
RpII215_portz,14,5473,396,4.848623914195081,23.509153861304434,103.63296,0.3414961847421188
RpII215_portz,14,5473,397,4.703403026196945,22.122000026838577,110.67665,0.5033251058710653
RpII215_portz,14,5473,398,6.75515549111627,45.6321257091583,399.56732,0.4394020327773561
RpII215_portz,14,5473,399,5.133364419926141,26.35143026776365,223.03006,0.37364181341310926
RpII215_portz,14,5473,400,4.521232734332713,20.441545438001658,92.74986,0.4866599485208593
RpII215_portz,14,5473,401,4.891609675969242,23.92784522203591,79.623245,0.21560714765800795
RpII215_portz,14,5473,402,4.1119595220435405,16.90821111092454,82.50845,0.15850391591579807
RpII215_portz,14,5473,403,4.343016862107454,18.861795464549687,45.34629,0.2251393606615789
RpII215_portz,14,5473,404,5.768307357296028,33.273369768235476,136.77548,0.31754668920095197
RpII215_portz,14,5473,405,5.417523621144695,29.34956218566073,42.86385,0.5998288894482438
RpII215_portz,14,5473,406,3.8516418238125256,14.835144738941871,62.605404,0.16954815917522145
RpII215_portz,14,5473,407,3.784891668404358,14.325404941556725,113.00397,0.12383879218157251
RpII215_portz,14,5473,408,4.853383860182265,23.555334894277703,91.31488,0.5599098645545163
RpII215_portz,14,5473,409,4.502145025938993,20.26930983458721,41.770275,0.4477159204014943
RpII215_portz,14,5473,410,5.374048493943145,28.880397215252582,162.61589,0.5915074607365443
RpII215_portz,14,5473,411,6.2500624953499235,39.063281195779716,103.3674,0.6522145536302597
RpII215_portz,14,5473,412,6.632727205152915,43.993070177975596,295.35742,0.7427046578671923
RpII215_portz,14,5473,413,6.074141580820695,36.895195943854915,106.81007,0.22340649913942068
RpII215_portz,14,5473,414,6.428085195314476,41.32027927822116,463.10443,0.5587267726593936
RpII215_portz,14,5473,415,8.273622054206633,68.45282189585441,467.28925,0.7119948255438731
RpII215_portz,14,5473,416,5.011342248203864,25.11355112863295,285.5479,0.3915598880469372
RpII215_portz,14,5473,417,7.622467433288492,58.102009771543656,380.3508,0.7169316390043352
RpII215_portz,14,5473,418,6.836022335796,46.7312013755018,265.78336,0.7158975532583843
RpII215_portz,14,5473,419,6.959553573233698,48.43538593870993,309.54843,0.5386968977862531
RpII215_portz,14,5473,420,5.566271371817595,30.983376984716134,271.80353,0.47916930985290085
RpII215_portz,14,5473,421,3.4365095162097745,11.809597655000335,51.921055,0.24241920918349757
RpII215_portz,14,5473,422,3.4695241491438966,12.037597821492684,20.018991,0.15602292673504536
RpII215_portz,14,5473,423,5.014411424598155,25.144321935140514,119.82442,0.5175980654979444
RpII215_portz,14,5473,424,8.883046484822918,78.9085148515248,492.05322,0.5916581929785991
RpII215_portz,14,5473,425,5.463659748608671,29.851577848566567,132.7867,0.5375673874756361
RpII215_portz,14,5473,426,4.014130735082878,16.113245558337006,61.830894,0.13056753931194606
RpII215_portz,14,5473,427,3.807839648672125,14.499642789999452,84.02361,0.20917453950922493
RpII215_portz,14,5473,428,3.2768331096604943,10.737635228567264,66.6643,0.12727167946289375
RpII215_portz,14,5473,429,5.2097566238435755,27.14156407968201,73.070305,0.4029107891893934
RpII215_portz,14,5473,430,4.322938167915625,18.687794403621695,144.6814,0.35379677329810133
RpII215_portz,14,5473,431,4.332793616435382,18.7731005226232,207.34088,0.545794192442812
RpII215_portz,14,5473,432,6.8594694417611795,47.0523210224554,308.4065,0.5228354534384306
RpII215_portz,14,5473,433,6.599147645145006,43.54874964242287,265.23727,0.667517146095598
RpII215_portz,14,5473,434,3.7830241496402466,14.311271716761317,132.14946,0.21499193602576394
RpII215_portz,14,5473,435,4.239492239962575,17.9732944527029,155.1807,0.4044304460447026
RpII215_portz,14,5473,436,4.451372570407436,19.814717760575707,142.81795,0.206997558251993
RpII215_portz,14,5473,437,5.070052130895319,25.70542860999617,222.08684,0.44434637576433494
RpII215_portz,14,5473,438,3.624905519100514,13.139940022405362,99.44538,0.23654149722996545
RpII215_portz,14,5473,439,5.529882343473023,30.579598732654684,234.95593,0.6160721556946109
RpII215_portz,14,5473,440,6.036843000304013,36.44347341031957,134.32385,0.3512308399154929
RpII215_portz,14,5473,441,3.5683919959736445,12.733421436928774,108.44337,0.3072586823721546
RpII215_portz,14,5473,442,5.759206493178029,33.16845943106398,126.586075,0.47958658991801917
RpII215_portz,14,5473,443,6.670421548542486,44.49452363525996,228.24614,0.5919344655847465
RpII215_portz,14,5473,444,4.081584932018041,16.659335557276712,90.37651,0.41394905568521545
RpII215_portz,14,5473,445,4.323966267532664,18.696684282760348,109.56401,0.4560769896054606
RpII215_portz,14,5473,446,3.4115249746470107,11.63850265264029,44.72363,0.4427012699776227
RpII215_portz,14,5473,447,5.555864320733363,30.867628350397993,96.45478,0.410715749887016
RpII215_portz,14,5473,448,4.652360760272916,21.64446064372718,154.58879,0.46640520883499925
RpII215_portz,14,5473,449,3.5543486452249002,12.633394291812076,89.47919,0.17583192110575727
RpII215_portz,14,5473,450,4.5770828163821795,20.94968710802102,50.91485,0.3544194323979416
RpII215_portz,14,5473,451,5.907287919281022,34.896050561283495,268.6851,0.6174471879557812
RpII215_portz,14,5473,452,5.314484069939995,28.243740929645984,163.93297,0.428765317271607
RpII215_portz,14,5473,453,6.667521775499342,44.455846626757896,239.2951,0.3503824297164735
RpII215_portz,14,5473,454,4.420530065751698,19.541086062214706,136.91284,0.3591705446028919
RpII215_portz,14,5473,455,3.73461249969916,13.94733052290921,83.663574,0.14836420545573886
RpII215_portz,14,5473,456,4.469088295962947,19.972750197112997,169.5825,0.46044046988517295
RpII215_portz,14,5473,457,3.8962284093144883,15.180595817549307,80.49394,0.09762001054827352
RpII215_portz,14,5473,458,6.186680481611568,38.27501538155354,264.35413,0.5645151297681498
RpII215_portz,14,5473,459,6.149563218854728,37.817127782690925,210.20793,0.3770433734614219
RpII215_portz,14,5473,460,5.74737009464667,33.032263004838875,109.234276,0.27265597513071754
RpII215_portz,14,5473,461,3.682141513169379,13.558166123005284,140.6635,0.37312660190301705
RpII215_portz,14,5473,462,5.620515938375662,31.59019941353485,271.42923,0.4548440706474899
RpII215_portz,14,5473,463,4.598853416363887,21.14945274520179,84.35309,0.45140465133831065
RpII215_portz,14,5473,464,5.253219346979559,27.596313507480346,156.3123,0.15539792989767529
RpII215_portz,14,5473,465,4.6310409379996695,21.446540169428857,42.65018,0.19743310704116712
RpII215_portz,14,5473,466,5.154748380623412,26.571430867539682,68.2423,0.4646332116543509
RpII215_portz,14,5473,467,5.626244699251618,31.654629415856935,136.09792,0.2484152560255644
RpII215_portz,14,5473,468,5.460769073649398,29.81999887572571,220.30806,0.5141098752947979
RpII215_portz,14,5473,469,8.171410466571036,66.77194901318664,516.64954,0.7221680227373779
RpII215_portz,14,5473,470,5.587209740263527,31.21691268169562,232.92056,0.5288910276281547
RpII215_portz,14,5473,471,6.188890682212538,38.30236787637718,444.57367,0.6402439242933061
RpII215_portz,14,5473,472,5.345629133989895,28.575750838161557,87.042725,0.3558748724327974
RpII215_portz,14,5473,473,4.366640422488923,19.06754857931424,111.26317,0.27356713868105764
RpII215_portz,14,5473,474,4.275386684018648,18.27893129788397,53.79065,0.22795051669230165
RpII215_portz,14,5473,475,5.060438571103254,25.60803853190954,91.07065,0.2941429424912673
RpII215_portz,14,5473,476,4.182660439148457,17.49464834921756,113.21474,0.5926527771808834
RpII215_portz,14,5473,477,6.812415703532117,46.40900771773098,273.4458,0.6670469916782323
RpII215_portz,14,5473,478,4.90238043964564,24.03333397502016,120.72992,0.366013541727417
RpII215_portz,14,5473,479,4.3694238379131365,19.09186467532356,92.32096,0.34800821252972447
RpII215_portz,14,5473,480,3.754994153897574,14.099981095804957,101.685104,0.4042293107590498
RpII215_portz,14,5473,481,3.625289197212325,13.142721763424385,75.69551,0.22976463470240865
RpII215_portz,14,5473,482,4.231323754944276,17.904100719155732,84.09074,0.08931944252615004
RpII215_portz,14,5473,483,5.145061474846443,26.471657579949056,157.1809,0.22206223103413575
RpII215_portz,14,5473,484,3.629814604961196,13.175554066389603,30.098799,0.28850161007331354
RpII215_portz,14,5473,485,4.38290273089821,19.209836348514987,100.42366,0.4941269675875847
RpII215_portz,14,5473,486,5.40667086068152,29.23208979574265,155.95303,0.6075271790963725
RpII215_portz,14,5473,487,6.008654935879456,36.103934138468546,156.65909,0.4230007597927248
RpII215_portz,14,5473,488,4.392994040338599,19.298396638450438,183.02258,0.28101102846809295
RpII215_portz,14,5473,489,5.210512312378795,27.149438557451024,131.36017,0.5023035596597953
RpII215_portz,14,5473,490,5.153039647288094,26.553817606523,214.02342,0.21622723899777352
RpII215_portz,14,5473,491,7.469933289002627,55.7999033421496,437.58102,0.5167422481809252
RpII215_portz,14,5473,492,5.653020031940066,31.956635481515672,138.90945,0.5128400354859748
RpII215_portz,14,5473,493,5.729881078794735,32.83153717712992,185.50293,0.48023599579228327
RpII215_portz,14,5473,494,7.503054014717328,56.295819547765824,515.34015,0.6205497937645372
RpII215_portz,14,5473,495,5.076249119605524,25.768305124295868,229.3888,0.5504715749089092
RpII215_portz,14,5473,496,6.137535706464457,37.66934454812616,324.0519,0.6414755640082277
RpII215_portz,14,5473,497,4.530157280166655,20.52232498304695,26.91627,0.20041732668447187
RpII215_portz,14,5473,498,4.5730340537623855,20.912640456870438,279.6227,0.20889199984568196
RpII215_portz,14,5473,499,3.98281333200442,15.86280203759215,30.369682,0.06279590887560876
RpII215_portz,14,5473,500,6.1141694809102285,37.383068441294036,233.32663,0.5453048919229221
RpII215_portz,14,5473,501,4.440380473000935,19.716978745007996,52.847176,0.4430933254406454
RpII215_portz,14,5473,502,5.791845370326987,33.54547279377814,184.39517,0.5061437959314427
RpII215_portz,14,5473,503,3.5186346294294557,12.380789655420163,77.18442,0.26400740619300433
RpII215_portz,14,5473,504,5.670946058427078,32.15962919758961,179.7228,0.619808187852634
RpII215_portz,14,5473,505,5.011556461240612,25.11569816420253,188.45544,0.31611094887582797
RpII215_portz,14,5473,506,6.039579819754396,36.47652439918454,235.51715,0.6290005784567021
RpII215_portz,14,5473,507,4.925065758288631,24.256272723467166,120.16438,0.1652647740964726
RpII215_portz,14,5473,508,5.191096476320183,26.947482626463827,96.5757,0.5196637366203938
RpII215_portz,14,5473,509,6.659498922747829,44.348925902079515,306.26352,0.5777293827925383
RpII215_portz,14,5473,510,4.191098334157675,17.565305246579236,120.23011,0.25917512248582214
RpII215_portz,14,5473,511,5.340391207506111,28.51977824920858,165.05356,0.3773702322094051
RpII215_portz,14,5473,512,4.558268747285721,20.77781397248174,133.70145,0.45364603014482097
RpII215_portz,14,5473,513,4.752862794506823,22.589704743407207,146.79803,0.27402803053895153
RpII215_portz,14,5473,514,5.140370312541161,26.423406950054513,97.17321,0.3867124751034846
RpII215_portz,14,5473,515,4.1624194877679805,17.325735992150662,111.667336,0.15826897950281837
RpII215_portz,14,5473,516,4.821121354369913,23.243211113561593,186.12595,0.5325555833376892
RpII215_portz,14,5473,517,5.8580388282952836,34.3166189138152,417.19894,0.46300453814622344
RpII215_portz,14,5473,518,3.891268546706165,15.141970902584706,48.43389,0.31213366451906854
RpII215_portz,14,5473,519,5.7146331305196085,32.657031816432344,95.169716,0.4678675354821772
RpII215_portz,14,5473,520,5.365388818616011,28.787397174929712,193.10916,0.5125814323930719
RpII215_portz,14,5473,521,4.178873960995606,17.46298758188711,47.013317,0.14969955485156916
RpII215_portz,14,5473,522,4.764366919628952,22.699192144854667,104.67205,0.38819299239079963
RpII215_portz,14,5473,523,5.158810410147233,26.61332484784347,209.09276,0.3341467058870898
RpII215_portz,14,5473,524,5.807199110082411,33.723561504141955,202.54591,0.4454023030043989
RpII215_portz,14,5473,525,7.471209908315749,55.818977494115394,411.33636,0.699129929541311
RpII215_portz,14,5473,526,6.564486415180275,43.09248189508637,359.99435,0.7648872129327643
RpII215_portz,14,5473,527,6.325065336657325,40.006451512984036,147.91249,0.5897772641105521
RpII215_portz,14,5473,528,5.09639019613741,25.97319303128551,153.8105,0.546397077564515
RpII215_portz,14,5473,529,5.56918201165212,31.01578827890955,130.0866,0.40765859232960455
RpII215_portz,14,5473,530,4.1085815072842555,16.880442001998155,82.09082,0.17477856024321786
RpII215_portz,14,5473,531,6.1507362027215775,37.83155583546984,285.37582,0.5770203112555335
RpII215_portz,14,5473,532,5.502740052224941,30.280148082360547,202.34692,0.3899064960610306
RpII215_portz,14,5473,533,4.997918126156791,24.979185595766605,123.69678,0.40194349947394137
RpII215_portz,14,5473,534,3.3758297572006075,11.396226549601113,50.160686,0.2023792245296161
RpII215_portz,14,5473,535,5.272517000973468,27.799435525554255,156.21007,0.1934146572784725
RpII215_portz,14,5473,536,5.588692831870076,31.23348756899596,207.34737,0.6329650613387737
RpII215_portz,14,5473,537,7.910558415027715,62.576934437565825,606.2332,0.8101681225435905
RpII215_portz,14,5473,538,5.294048332592662,28.026947747827144,132.81863,0.5574094748619717
RpII215_portz,14,5473,539,4.447048659453869,19.776241779550435,90.09879,0.37478854932875105
RpII215_portz,14,5473,540,4.76789904310989,22.73286128528821,98.474014,0.12187378088044193
RpII215_portz,14,5473,541,3.946687428326562,15.576341656910936,68.59526,0.1645903770856535
RpII215_portz,14,5473,542,3.2815600315158044,10.76863624044201,23.542068,0.18146383879996011
RpII215_portz,14,5473,543,4.905821960041319,24.067089103623655,207.32072,0.4683163022091122
RpII215_portz,14,5473,544,5.518802398729211,30.4571799162193,203.71017,0.24016391014741753
RpII215_portz,14,5473,545,4.739220025715723,22.46020645214495,244.57635,0.4285473810585722
RpII215_portz,14,5473,546,5.112001582566068,26.132560180157984,82.49359,0.22748154206946725
RpII215_portz,14,5473,547,6.208928272399749,38.550790291804944,124.54333,0.7639516710597151
RpII215_portz,14,5473,548,3.9648107740217933,15.719724473799292,77.073975,0.4666209970550653
RpII215_portz,14,5473,549,5.766965792805571,33.257894455389604,57.4948,0.6136603417394677
RpII215_portz,14,5473,550,5.97841403340427,35.741434354805115,279.77072,0.4873927280025432
RpII215_portz,14,5473,551,5.886434543500624,34.650111634917394,256.39133,0.6303518942508874
RpII215_portz,14,5473,552,4.073357830164763,16.592244012564592,70.05317,0.3167063425766589
RpII215_portz,14,5473,553,4.299000379297559,18.48140426120055,34.302567,0.49092514239368146
RpII215_portz,14,5473,554,4.078274884603495,16.632326034387653,3.1175866,0.4793541348831233
RpII215_portz,14,5473,555,5.130917356412954,26.3263129183397,213.90643,0.4715556289775509
RpII215_portz,14,5473,556,4.467545426368451,19.958962136665676,52.864853,0.14597636262236893
RpII215_portz,14,5473,557,5.542183428918968,30.715797159784017,233.08725,0.4531193341559241
RpII215_portz,14,5473,558,6.797349523856722,46.203960549475205,344.84293,0.6620915405858934
RpII215_portz,14,5473,559,5.799700872872965,33.63653021480343,148.54283,0.39906868330316875
RpII215_portz,14,5473,560,5.312486284737576,28.22251052552485,292.11917,0.38228621812686003
RpII215_portz,14,5473,561,4.864058772369716,23.659067741066785,79.42999,0.20051162871353084
RpII215_portz,14,5473,562,7.238277636047566,52.39266313650635,489.04718,0.7224149412433463
RpII215_portz,14,5473,563,4.598514740578998,21.146337819322326,181.91753,0.33524773708505984
RpII215_portz,14,5473,564,4.68676778088494,21.96579223194115,138.18735,0.16995697950263128
RpII215_portz,14,5473,565,4.862141428092418,23.640419266772575,147.69475,0.4083958431763982
RpII215_portz,14,5473,566,4.982627730707124,24.82657910281162,195.51273,0.46003448755828946
RpII215_portz,14,5473,567,6.220806799879958,38.698437241432735,232.44005,0.6114887546342759
RpII215_portz,14,5473,568,3.263700649675631,10.651741930693136,48.57657,0.1360933314712477
RpII215_portz,14,5473,569,5.097268184811983,25.982142947896453,174.56711,0.5354507894672993
RpII215_portz,14,5473,570,5.300102442694544,28.09108590305668,180.7504,0.7339946394729904
RpII215_portz,14,5473,571,3.251801871173193,10.574215409365479,63.58368,0.10257879190613642
RpII215_portz,14,5473,572,4.838766681287929,23.413662995942197,29.629251,0.4319726755950106
RpII215_portz,14,5473,573,7.948125071831354,63.1726921574742,227.6446,0.7412048954149069
RpII215_portz,14,5473,574,5.544442222630389,30.740839560086602,86.31526,0.47364253820508617
RpII215_portz,14,5473,575,5.032047871049475,25.321505776533556,212.079,0.6409775943938854
RpII215_portz,14,5473,576,5.266354506179944,27.734489784761802,219.8044,0.5588925485062728
RpII215_portz,14,5473,577,6.503342512044632,42.29346382896699,254.59027,0.4763212251063276
RpII215_portz,14,5473,578,5.4928091591865655,30.170952459243832,160.50363,0.32389502297532535
RpII215_portz,14,5473,579,4.903487494774613,24.04418961141101,189.22038,0.41212338948400096
RpII215_portz,14,5473,580,8.801956706677887,77.47444186623181,519.0683,0.7370068208074456
RpII215_portz,14,5473,581,4.415496202573654,19.49660671494235,160.73065,0.3803474549254322
RpII215_portz,14,5473,582,6.544828003979627,42.83477360167596,312.7717,0.5584319684768836
RpII215_portz,14,5473,583,5.572350841324452,31.051093898809324,73.2421,0.5043330623985096
RpII215_portz,14,5473,584,3.929309405360139,15.439472403051651,57.53916,0.45812163581999227
RpII215_portz,14,5473,585,4.4691749376342065,19.973524623177717,100.02657,0.3267810399838526
RpII215_portz,14,5473,586,3.5775544057711937,12.798895526252878,123.77031,0.25689791018842534
RpII215_portz,14,5473,587,3.7441289437139575,14.018501547156593,74.930084,0.21392485374949993
RpII215_portz,14,5473,588,3.912546666126638,15.30802141461867,74.766815,0.19118329934512424
RpII215_portz,14,5473,589,6.525488820100947,42.582004341262454,233.90001,0.6106950009068289
RpII215_portz,14,5473,590,7.859464540751252,61.771182867326274,299.0356,0.7689894673046624
RpII215_portz,14,5473,591,6.155720667526214,37.89289693660937,282.41986,0.20235676054840138
RpII215_portz,14,5473,592,4.7091585465107775,22.176174216175493,139.46037,0.21557474019747466
RpII215_portz,14,5473,593,3.7521148856187705,14.078366114881957,41.825775,0.06882058697992896
RpII215_portz,14,5473,594,3.736869307807605,13.964192223634491,56.49092,0.2348353904142435
RpII215_portz,14,5473,595,7.208220115094782,51.958437227657036,526.8466,0.3742636757066123
RpII215_portz,14,5473,596,5.957973408545034,35.49744713692976,153.24245,0.6514487229804582
RpII215_portz,14,5473,597,8.112421469878448,65.8113821049448,436.13843,0.7322939511476584
RpII215_portz,14,5473,598,6.566238652449521,43.11549004092212,74.43618,0.5671106000360486
RpII215_portz,14,5473,599,4.521903782609519,20.44761381917828,184.96353,0.4124480014704562
RpII215_portz,14,5473,600,4.883446600060129,23.848050695638825,80.45836,0.34523254533132197
RpII215_portz,14,5473,601,3.9893234113894183,15.914701280659703,38.80263,0.21876686894279157
RpII215_portz,14,5473,602,3.533119428095338,12.482932893184723,31.945803,0.13582060534391843
RpII215_portz,14,5473,603,3.1355594459231044,9.83173303891761,41.454563,0.038820724572931814
RpII215_portz,14,5473,604,3.736926775261229,13.964621723664285,42.589336,0.30572930551856525
RpII215_portz,14,5473,605,3.8484800822153704,14.810798943208422,63.61802,0.12399039529744316
RpII215_portz,14,5473,606,5.405225263806705,29.216460152494268,106.15561,0.48913853006880414
RpII215_portz,14,5473,607,5.800396598423196,33.64460069899938,217.79872,0.4831267380179586
RpII215_portz,14,5473,608,5.185609374651943,26.89054458647812,123.97522,0.5933001900059225
RpII215_portz,14,5473,609,5.219470411133431,27.242871372697373,138.8932,0.4995599204891401
RpII215_portz,14,5473,610,4.476766509198964,20.04143837788548,122.70752,0.6522769651546718
RpII215_portz,14,5473,611,4.286935400877538,18.377815131297066,66.26939,0.2700110921975389
RpII215_portz,14,5473,612,4.849858798263248,23.52113036309143,63.863197,0.33897525962242625
RpII215_portz,14,5473,613,5.4665158301497065,29.882795321277342,90.27115,0.465117235804569
RpII215_portz,14,5473,614,5.241192933452337,27.470103365670703,81.495224,0.5251136835986339
RpII215_portz,14,5473,615,5.6482882741981175,31.903160428443943,153.12192,0.5860490362871811
RpII215_portz,14,5473,616,5.951638870041598,35.42200523939002,362.1244,0.6071102924787026
RpII215_portz,14,5473,617,6.833868401248207,46.701757325578725,64.415596,0.458174328339851
RpII215_portz,14,5473,618,4.639665408023358,21.526495098408564,171.78543,0.38890612177379413
RpII215_portz,14,5473,619,3.687688230869013,13.599044488089827,45.74472,0.11964091004626887
RpII215_portz,14,5473,620,5.339129610442682,28.506304997105826,465.64197,0.6205101299002582
RpII215_portz,14,5473,621,3.4805018412428796,12.113893066895079,22.446337,0.20826684108154803
RpII215_portz,14,5473,622,4.4101646846704865,19.449552545914734,131.13809,0.5319418880672899
RpII215_portz,14,5473,623,5.106209366413112,26.07337409364499,161.91768,0.49139904521538547
RpII215_portz,14,5473,624,3.9916061262493225,15.932919467111121,122.465065,0.23956101233959437
RpII215_portz,14,5473,625,3.754941960442215,14.099589126289628,77.32331,0.3044960222792678
RpII215_portz,14,5473,626,5.7561459655478036,33.13321637669223,122.47473,0.42501023139197247
RpII215_portz,14,5473,627,4.136511546914949,17.11072777776071,128.28955,0.4171982292777141
RpII215_portz,14,5473,628,5.782343984027298,33.43550194961668,166.75246,0.5850202936497699
RpII215_portz,14,5473,629,7.115978408996377,50.637148717302594,398.7013,0.5635660374345788
RpII215_portz,14,5473,630,4.319867475359175,18.661255004666046,120.74922,0.11608696593177367
RpII215_portz,14,5473,631,3.8300778755662366,14.669496532901972,37.227623,0.11003648567463914
RpII215_portz,14,5473,632,4.9502468501621895,24.504943877540676,215.43092,0.4798045366743378
RpII215_portz,14,5473,633,5.2550932626593765,27.616005199247976,100.408875,0.1970778766987073
RpII215_portz,14,5473,634,4.859760701851799,23.617274079263076,133.49599,0.3995984615594775
RpII215_portz,14,5473,635,5.947723515598694,35.37541501800567,169.38817,0.3869845606474364
RpII215_portz,14,5473,636,5.119378102801611,26.20803215944462,156.72089,0.24458569044612433
RpII215_portz,14,5473,637,5.071031469742872,25.71536016712255,150.8687,0.4074525943130663
RpII215_portz,14,5473,638,4.932663735890037,24.33117153136466,151.89119,0.633267640592972
RpII215_portz,14,5473,639,4.13683681821535,17.113418860542104,172.24054,0.4466897466102574
RpII215_portz,14,5473,640,3.678296661198429,13.529866327783514,22.177567,0.17185217026374913
RpII215_portz,14,5473,641,4.478966044287798,20.061136825883082,170.40341,0.2808700832189671
RpII215_portz,14,5473,642,3.9427336851587897,15.545148912085823,84.58693,0.20610493735197338
RpII215_portz,14,5473,643,4.2725863315902295,18.254993960891653,27.176695,0.18265103601102245
RpII215_portz,14,5473,644,3.141361651753338,9.868153027106459,12.809212,0.05070077482939566
RpII215_portz,14,5473,645,5.9035869138612345,34.85233844951362,356.40512,0.42623538132022376
RpII215_portz,14,5473,646,5.725923524293592,32.78620020605876,137.26117,0.35878123498589154
RpII215_portz,14,5473,647,4.073470401376803,16.59316111089289,56.667786,0.13850397548173904
RpII215_portz,14,5473,648,4.164799130371466,17.345551796342917,214.21603,0.21960296641148863
RpII215_portz,14,5473,649,4.906185623673637,24.070657373941877,98.4044,0.5534326510584958
RpII215_portz,14,5473,650,6.594648415930112,43.48938772972953,384.09637,0.6318386905477484
RpII215_portz,14,5473,651,4.992432225625216,24.924379527461152,241.47978,0.17749570289243818
RpII215_portz,14,5473,652,5.238424996850892,27.441096447632265,38.41113,0.15181597095920535
RpII215_portz,14,5473,653,3.5946474015022445,12.921489941126842,54.331215,0.22158620960092582
RpII215_portz,14,5473,654,4.084372564729177,16.6820992475124,66.4949,0.2845718352415592
RpII215_portz,14,5473,655,3.7865329081627075,14.337831464599128,85.416,0.29932275607756753
RpII215_portz,14,5473,656,3.6812099810121435,13.551306924303427,107.35965,0.2681748350607163
RpII215_portz,14,5473,657,4.6327511931174525,21.46238361733118,63.109047,0.1789592678793041
RpII215_portz,14,5473,658,6.076790501065437,36.92738279383911,82.44671,0.2730677714112668
RpII215_portz,14,5473,659,5.730392406615376,32.83739713379517,165.3432,0.3591055197607053
RpII215_portz,14,5473,660,7.209239714433427,51.973137260164165,446.6974,0.7772591194551707
RpII215_portz,14,5473,661,4.422551672155635,19.558963292886606,14.030083,0.16710004510619952
RpII215_portz,14,5473,662,4.383474661873648,19.2148501112883,107.48507,0.26448349260052834
RpII215_portz,14,5473,663,5.399354787482059,29.153032121105422,142.05032,0.5607089104415954
RpII215_portz,14,5473,664,3.8818078315257205,15.068432040894416,86.76027,0.47248963411589207
RpII215_portz,14,5473,665,5.5233418840231865,30.507305567804796,177.30289,0.5150360721565759
RpII215_portz,14,5473,666,5.168839859753106,26.71690549577251,124.02377,0.2745550648343965
RpII215_portz,14,5473,667,5.169911300930053,26.72798285948427,61.270496,0.4597200757202907
RpII215_portz,14,5473,668,4.781809671379754,22.865703733300965,41.64378,0.4084843111010753
RpII215_portz,14,5473,669,6.250287025532405,39.066087901538715,184.70905,0.23113350063612495
RpII215_portz,14,5473,670,5.131325982219681,26.33050633580277,122.9697,0.5920508690271389
RpII215_portz,14,5473,671,5.011642921570084,25.116564773323528,4.950384,0.2891345128471671
RpII215_portz,14,5473,672,5.402751413012903,29.189722830812922,247.88681,0.7267669304242723
RpII215_portz,14,5473,673,5.23541448481393,27.40956482779951,232.84135,0.5133098179643802
RpII215_portz,14,5473,674,3.800702001785816,14.445335706378712,134.81189,0.20874259369361953
RpII215_portz,14,5473,675,4.79420396503479,22.984391658355296,53.4349,0.4629180851447613
RpII215_portz,14,5473,676,5.252282184369693,27.586468144247274,46.179356,0.20314803608914572
RpII215_portz,14,5473,677,4.301109557768348,18.499543427926234,154.42508,0.324104708800622
RpII215_portz,14,5473,678,5.367911961138993,28.81447882253907,255.97456,0.38400279846454166
RpII215_portz,14,5473,679,5.257726853202238,27.6436916628839,295.91586,0.2161426862107522
RpII215_portz,14,5473,680,4.4402482763446365,19.715804755581516,47.63401,0.36878362420118027
RpII215_portz,14,5473,681,2.945502154436019,8.675982941787227,26.492252,0.22157423770909862
RpII215_portz,14,5473,682,5.148616018626124,26.50824690725352,89.00423,0.3435512595356248
RpII215_portz,14,5473,683,4.998080515913525,24.98080884355441,83.29765,0.385022881551364
RpII215_portz,14,5473,684,5.29558526424052,28.04322329084134,138.67886,0.5064534174810402
RpII215_portz,14,5473,685,4.402066894175903,19.37819294079947,127.65969,0.5557786232448978
RpII215_portz,14,5473,686,5.845439394753169,34.169161717732294,179.72142,0.5465277432339474
RpII215_portz,14,5473,687,3.5215302953148098,12.40117562082001,16.053036,0.0986871826171311
RpII215_portz,14,5473,688,4.195815125876547,17.604864570534417,125.29207,0.44043328355739364
RpII215_portz,14,5473,689,4.891654214119068,23.92828095050885,221.03223,0.45989038441614627
RpII215_portz,14,5473,690,4.983100245406574,24.83128805577106,228.15034,0.517153136871661
RpII215_portz,14,5473,691,5.80943795439151,33.74956934592459,183.48495,0.698047926362237
RpII215_portz,14,5473,692,6.3543410668782405,40.3776503942153,378.63495,0.5585929635598177
RpII215_portz,14,5473,693,4.23085357138435,17.90012194249571,62.075165,0.11759372132472942
RpII215_portz,14,5473,694,6.66217203268474,44.384536193086724,308.30847,0.50422287325802
RpII215_portz,14,5473,695,5.115540666635494,26.168756312001506,37.19315,0.4542351339566859
RpII215_portz,14,5473,696,6.49151763981318,42.1398012680057,298.09634,0.6650423409991866
RpII215_portz,14,5473,697,3.4528408347179096,11.92210982989547,116.010315,0.14860441802926344
RpII215_portz,14,5473,698,4.594374755432637,21.108279393356696,18.670586,0.3662550807702847
RpII215_portz,14,5473,699,5.219242159899594,27.240488723673394,110.21419,0.3129628590731517
RpII215_portz,14,5473,700,4.440606694069454,19.718987811414454,61.33907,0.3356945754441156
RpII215_portz,14,5473,701,4.183575744336553,17.502306008601135,31.986767,0.4449833708890424
RpII215_portz,14,5473,702,3.4030623919197613,11.580833643298645,11.624241,0.3234024023626217
RpII215_portz,14,5473,703,4.503125655365493,20.278140668010902,31.848053,0.2616197442966802
RpII215_portz,14,5473,704,3.316257815701591,10.997565900201886,111.73164,0.19106010113080749
RpII215_portz,14,5473,705,4.11452253262318,16.929295671463866,111.61247,0.17323284038510492
RpII215_portz,14,5473,706,6.311858917853217,39.8395629988832,172.02373,0.5032960997730157
RpII215_portz,14,5473,707,4.804613692950322,23.08431273848573,157.8324,0.3850907924647444
RpII215_portz,14,5473,708,6.606912566550785,43.65129366204667,468.46786,0.7039563596664838
RpII215_portz,14,5473,709,4.41144915046205,19.46088360711234,89.34867,0.39683341568799657
RpII215_portz,14,5473,710,6.29153279845763,39.58338495406809,220.12723,0.6866324447008428
RpII215_portz,14,5473,711,5.048935145563625,25.49174610410758,153.70786,0.23786085816284788
RpII215_portz,14,5473,712,3.778193042467801,14.2747426661521,55.608875,0.30700204488512384
RpII215_portz,14,5473,713,4.422121727311197,19.555160571157757,96.56026,0.48039043928086034
RpII215_portz,14,5473,714,5.063657880417092,25.64063112991012,190.89609,0.26225498781710554
RpII215_portz,14,5473,715,5.273378449210924,27.808520268602205,91.06722,0.6620256915589935
RpII215_portz,14,5473,716,5.083661235212671,25.843611554404028,245.29419,0.1512117700309459
RpII215_portz,14,5473,717,4.758885858557486,22.64699461477842,323.13025,0.4691770570618713
RpII215_portz,14,5473,718,4.469181818857628,19.97358613000757,37.830658,0.3998781416662819
RpII215_portz,14,5473,719,4.346818961471692,18.894835083809834,164.80707,0.47613793854007624
RpII215_portz,14,5473,720,4.87099643246722,23.72660624510838,81.55061,0.032714001686183124
RpII215_portz,14,5473,721,4.107693788195339,16.873148257578578,135.12311,0.5786618803212329
RpII215_portz,14,5473,722,6.099844687807855,37.20810521537771,443.06384,0.6576533228631456
RpII215_portz,14,5473,723,6.109598508714289,37.327193937683866,305.30347,0.43643922469207114
RpII215_portz,14,5473,724,5.057948599030045,25.582844030429996,72.2038,0.2275578335667781
RpII215_portz,14,5473,725,7.157894327161766,51.235451198814594,419.21753,0.5640341972943377
RpII215_portz,14,5473,726,5.07103732460808,25.715419547568278,219.88556,0.525976048782031
RpII215_portz,14,5473,727,4.337083803638722,18.810295919785318,182.11751,0.27199394953948364
RpII215_portz,14,5473,728,3.8258893313048112,14.63742917539198,93.321526,0.28435146999362704
RpII215_portz,14,5473,729,3.5196609388970157,12.38801312479742,8.6978035,0.2025798990524991
RpII215_portz,14,5473,730,5.852154826047409,34.24771610802997,292.30466,0.5882646959312705
RpII215_portz,14,5473,731,4.896230329474497,23.97307143926594,124.56619,0.5482817090785981
RpII215_portz,14,5473,732,6.824534267859275,46.57426797318552,298.55908,0.5413971840592866
RpII215_portz,14,5473,733,5.910374364920546,34.932525133509934,316.96716,0.6591701756111862
RpII215_portz,14,5473,734,5.098754824522514,25.997300760591607,56.613136,0.6515923835978668
RpII215_portz,14,5473,735,5.736731772704111,32.91009143195286,158.52727,0.24934447765085344
RpII215_portz,14,5473,736,6.091980438589951,37.11222566416262,187.40141,0.6976021921390253
RpII215_portz,14,5473,737,4.127396909833473,17.035405251302908,65.900215,0.2074110128922319
RpII215_portz,14,5473,738,5.331186555939275,28.421550094227662,208.99866,0.6372592116912121
RpII215_portz,14,5473,739,5.819573161288637,33.86743177959104,228.98218,0.49764320303111453
RpII215_portz,14,5473,740,5.542552367118606,30.719886742252058,233.28406,0.446692935610567
RpII215_portz,14,5473,741,6.717315470122689,45.12232712514962,219.87985,0.4376857258742152
RpII215_portz,14,5473,742,4.101447663973458,16.821872940313337,36.060505,0.1931230842199347
RpII215_portz,14,5473,743,3.3827034773124725,11.44268281542189,73.98775,0.16823491294252274
RpII215_portz,14,5473,744,5.833339535843612,34.02785014043618,280.16458,0.4552479046725111
RpII215_portz,14,5473,745,5.656614637385697,31.997289155886133,226.78314,0.30604979706955343
RpII215_portz,14,5473,746,4.17492865075069,17.430029238858985,99.1137,0.23119818303400547
RpII215_portz,14,5473,747,5.8215418766270774,33.89034982132271,103.4224,0.24387270758945584
RpII215_portz,14,5473,748,3.890634052478223,15.137033330303122,68.89304,0.45454161995357195
RpII215_portz,14,5473,749,4.563652279813305,20.82692213104518,168.11337,0.26979704119081155
RpII215_portz,14,5473,750,3.5012048421194715,12.25843534648083,72.270004,0.21679197141635329
RpII215_portz,14,5473,751,4.180579234873165,17.477242739052706,100.53523,0.23818284704455647
RpII215_portz,14,5473,752,6.221462597361376,38.70659685036656,310.22366,0.4944168975405159
RpII215_portz,14,5473,753,5.6838834929624635,32.306531561571184,75.694534,0.6103331511791543
RpII215_portz,14,5473,754,3.6168885561004003,13.08188282725004,13.483833,0.08420735794166855
RpII215_portz,14,5473,755,3.8470411274383465,14.799725436202113,23.462025,0.2261679387351705
RpII215_portz,14,5473,756,4.205831534853393,17.689018899567245,39.961025,0.4673185412947339
RpII215_portz,14,5473,757,3.802293799154075,14.457438135085527,83.89939,0.19230995500554546
RpII215_portz,14,5473,758,6.306150114932108,39.767529272058226,261.38937,0.5779000751711347
RpII215_portz,14,5473,759,6.044350454820596,36.53417242068995,307.8782,0.8121505858931028
RpII215_portz,14,5473,760,7.778578786554259,60.50628793863192,508.7077,0.788167115162234
RpII215_portz,14,5473,761,4.809107961434035,23.127519384728213,121.88177,0.3782268849322622
RpII215_portz,14,5473,762,4.594668056355076,21.11097454808973,66.913956,0.36464637472921135
RpII215_portz,14,5473,763,4.726080338324107,22.335835364293708,47.78736,0.3660842064641516
RpII215_portz,14,5473,764,5.722329133632128,32.74505071361502,163.45209,0.4282208889077985
RpII215_portz,14,5473,765,3.9193029099547494,15.360935299979763,86.34136,0.22614033202747624
RpII215_portz,14,5473,766,4.791895276910584,22.96226034487796,110.836426,0.20876706472036333
RpII215_portz,14,5473,767,3.461591350040068,11.982614674672217,29.1371,0.1256369007996144
RpII215_portz,14,5473,768,4.0421029261607995,16.3385960656777,47.39841,0.17096537598238792
RpII215_portz,14,5473,769,3.6405904490853747,13.253898817971649,71.52131,0.2835362695573542
RpII215_portz,14,5473,770,4.77064433661963,22.75904738652093,167.26698,0.3187356415003637
RpII215_portz,14,5473,771,5.797730392530179,33.61367770446815,129.54495,0.6279170408378105
RpII215_portz,14,5473,772,6.109335895257412,37.323985081080714,175.81967,0.43829577185368607
RpII215_portz,14,5473,773,7.300342400463045,53.29499916399851,265.54163,0.6833323762692423
RpII215_portz,14,5473,774,4.335667270862398,18.79801068362739,141.17694,0.4163714234583076
RpII215_portz,14,5473,775,3.555972646363319,12.644941461684144,70.57962,0.07119853328968803
RpII215_portz,14,5473,776,4.614475442503346,21.293383609466442,93.82657,0.22470993122622707
RpII215_portz,14,5473,777,4.685904613971576,21.957702051240112,113.551636,0.2531387131204645
RpII215_portz,14,5473,778,3.1226714471900614,9.751076967096074,102.280464,0.10224953662969954
RpII215_portz,14,5473,779,5.5689067585372385,31.012722485281728,175.85501,0.3274727576779023
RpII215_portz,14,5473,780,5.950499752172251,35.40844730060202,88.27599,0.21133403526293282
RpII215_portz,14,5473,781,3.795145669254166,14.403130650858653,11.986779,0.158709325678642
RpII215_portz,14,5473,782,4.51483489510093,20.38373413002102,65.631134,0.20582070575361183
RpII215_portz,14,5473,783,4.642504705093626,21.552849936816457,3.6813688,0.3529824368212032
RpII215_portz,14,5473,784,4.990754480284167,24.907630282476482,19.719322,0.6211883113252865
RpII215_portz,14,5473,785,3.670084148084081,13.469517654018055,67.6297,0.28826634862015343
RpII215_portz,14,5473,786,3.6579423540056113,13.380542265228113,94.173,0.14020055694950553
RpII215_portz,14,5473,787,6.73958428509015,45.42199633583413,206.87073,0.7159128935819963
RpII215_portz,14,5473,788,5.201234879997655,27.052844276904214,169.6979,0.22009635459540217
RpII215_portz,14,5473,789,3.907161065208499,15.265907589481209,228.54398,0.3495330459205808
RpII215_portz,14,5473,790,7.27266655792504,52.891678862761246,551.8429,0.6828700413625235
RpII215_portz,14,5473,791,4.757700480326945,22.635713860503245,162.05112,0.5745772512081009
RpII215_portz,14,5473,792,6.110052156696456,37.332737357551025,167.28842,0.5853496557151987
RpII215_portz,14,5473,793,4.292036059843521,18.42157353899709,70.08499,0.12420239748319953
RpII215_portz,14,5473,794,3.961580915874361,15.694123353019938,11.888622,0.39229695308465523
RpII215_portz,14,5473,795,4.27895419986287,18.309449044524097,78.49595,0.3151789033945464
RpII215_portz,14,5473,796,5.171274689681345,26.7420819161389,93.28964,0.2901702085861988
RpII215_portz,14,5473,797,6.057956379379029,36.698835494459075,102.00665,0.34424540251816205
RpII215_portz,14,5473,798,5.205269027136169,27.09482564486311,143.23923,0.309850260715621
RpII215_portz,14,5473,799,6.232275285742604,38.841255237278055,276.7944,0.8365968720154391
RpII215_portz,14,5473,800,4.498656752976514,20.237912581101178,74.578186,0.2130112826459133
RpII215_portz,14,5473,801,4.511868772520582,20.356959820446388,72.66339,0.3649807017425814
RpII215_portz,14,5473,802,3.86784604750847,14.960233047226893,119.9238,0.05190786871357306
RpII215_portz,14,5473,803,3.5485291181922074,12.592058902657971,62.485855,0.3619740246765556
RpII215_portz,14,5473,804,4.2919971814277185,18.421239805383472,137.96219,0.2713507237209503
RpII215_portz,14,5473,805,5.318105742914117,28.282248692816115,94.40487,0.21571284482715247
RpII215_portz,14,5473,806,8.197624070379177,67.20104039926008,303.55945,0.8493383505959105
RpII215_portz,14,5473,807,6.033475458690275,36.40282611061783,171.98656,0.6764960785499197
RpII215_portz,14,5473,808,4.971007973162788,24.710920269248007,297.5585,0.6501876563414313
RpII215_portz,14,5473,809,3.4943642649636586,12.210581616255011,6.4978356,0.14079670645964198
RpII215_portz,14,5473,810,4.582720547587459,21.001327617280303,192.84233,0.27507233703727507
RpII215_portz,14,5473,811,6.456415522560968,41.685301399966214,211.23665,0.5316632853811855
RpII215_portz,14,5473,812,5.393473925673679,29.089560986921853,159.05315,0.2965161331021292
RpII215_portz,14,5473,813,6.323499842279505,39.986650255308916,267.59393,0.7697610910888312
RpII215_portz,14,5473,814,7.323349956446726,53.63145458458829,312.47992,0.7301517969876257
RpII215_portz,14,5473,815,4.0924698587466874,16.748309544750136,26.946802,0.51654850636943
RpII215_portz,14,5473,816,5.087026956088392,25.87784325196993,86.13937,0.6371082334350211
RpII215_portz,14,5473,817,4.9076228011899525,24.08476155875951,84.617485,0.2316749892894313
RpII215_portz,14,5473,818,3.7845692591749707,14.322964477492183,83.78219,0.1597297374622308
RpII215_portz,14,5473,819,4.536669063733215,20.581366193834004,148.25201,0.515579440192581
RpII215_portz,14,5473,820,6.089161244903708,37.07788466643727,278.4297,0.5189913145200752
RpII215_portz,14,5473,821,4.173629124875405,17.419180072008235,77.960915,0.2678933087283091
RpII215_portz,14,5473,822,5.9852679214178135,35.8234320911531,136.15454,0.6575847183014336
RpII215_portz,14,5473,823,4.282866261682199,18.34294341545565,159.01445,0.2360626149815869
RpII215_portz,14,5473,824,4.710147284986831,22.185487446268816,187.85732,0.5312647437678856
RpII215_portz,14,5473,825,4.03163381714333,16.2540712355337,133.94867,0.061762712702302935
RpII215_portz,14,5473,826,5.014585557579164,25.146068314281525,196.19955,0.09358645292173706
RpII215_portz,14,5473,827,3.9717121937799145,15.774497750220068,82.87206,0.253343541840347
RpII215_portz,14,5473,828,4.16322653102352,17.332455148618134,77.75394,0.16741674533663983
RpII215_portz,14,5473,829,7.310460840190129,53.44283769595338,150.22153,0.4443710985740091
RpII215_portz,14,5473,830,6.836381964436196,46.7361183636685,402.98245,0.641062780854693
RpII215_portz,14,5473,831,6.4058719444157,41.0351953682522,267.7756,0.593369661172584
RpII215_portz,14,5473,832,3.6247459761915324,13.138783391916704,86.96413,0.1993543886076546
RpII215_portz,14,5473,833,4.021024170202071,16.168635377349258,93.64901,0.40871345389992164
RpII215_portz,14,5473,834,3.546425691396566,12.577135184597612,80.336914,0.046288735777698056
RpII215_portz,14,5473,835,3.652905463725078,13.343718326912523,58.587063,0.05163163199246018
RpII215_portz,14,5473,836,4.184604697071298,17.510916470751162,31.623589,0.21189608454340664
RpII215_portz,14,5473,837,4.627502771248994,21.413781897917122,160.76855,0.38497419743210304
RpII215_portz,14,5473,838,7.583139857671458,57.504010101005505,449.83585,0.542451009879357
RpII215_portz,14,5473,839,3.112264716823611,9.68619166758515,45.697018,0.09697993406076819
RpII215_portz,14,5473,840,4.919318769711794,24.199697158038752,41.587406,0.4435456344945691
RpII215_portz,14,5473,841,4.566439851550646,20.852372917829882,37.693886,0.6121833395512175
RpII215_portz,14,5473,842,6.252399125484217,39.09249482435582,249.88896,0.4969107623779446
RpII215_portz,14,5473,843,3.610927705303871,13.03879889293108,41.883636,0.19036995920734462
RpII215_portz,14,5473,844,4.478261638471409,20.054827302604636,95.42172,0.43816237464673985
RpII215_portz,14,5473,845,5.391358608881944,29.06674764956546,57.807384,0.2912912248288714
RpII215_portz,14,5473,846,4.632462133816202,21.45970542124095,140.65437,0.09617161881485739
RpII215_portz,14,5473,847,4.380673251862668,19.190298139585046,255.44263,0.13484987924536826
RpII215_portz,14,5473,848,6.16409959178882,37.99612377749111,171.86086,0.6102309045254789
RpII215_portz,14,5473,849,6.173969967082238,38.117905154433444,161.60588,0.5112571661911315
RpII215_portz,14,5473,850,4.709437993375766,22.178806213451164,124.59275,0.21436229442631077
RpII215_portz,14,5473,851,5.6551671964430845,31.980916019725935,401.2951,0.4561405388912231
RpII215_portz,14,5473,852,4.60568025107402,21.212290575133242,259.52167,0.5268118402320722
RpII215_portz,14,5473,853,6.818701931907902,46.49469603620456,339.81815,0.5061338231127672
RpII215_portz,14,5473,854,5.322922023589115,28.333498869210057,219.30426,0.48584910328201025
RpII215_portz,14,5473,855,5.180051574824266,26.832934317839353,147.96309,0.49490853186076517
RpII215_portz,14,5473,856,5.556695462479533,30.876864462740638,429.96405,0.7568610715646598
RpII215_portz,14,5473,857,5.030735880751492,25.308303501880495,119.074776,0.20233244838898967
RpII215_portz,14,5473,858,3.919106931851799,15.35939914328883,97.188446,0.2691961249420372
RpII215_portz,14,5473,859,7.4436346856173765,55.40769733292609,380.32312,0.3714192309505711
RpII215_portz,14,5473,860,4.92101907747308,24.216428760854008,184.15073,0.6359881754931989
RpII215_portz,14,5473,861,5.455575482733143,29.76330384779897,236.95317,0.3793638447817907
RpII215_portz,14,5473,862,6.078150881586114,36.94391813932606,200.15088,0.222570427098856
RpII215_portz,14,5473,863,4.92341840573094,24.240048797890196,55.394623,0.260909146423707
RpII215_portz,14,5473,864,5.157881551915005,26.603742103585148,138.72456,0.46506047439297116
RpII215_portz,14,5473,865,4.409515053896735,19.443823010541923,52.3717,0.393203854120726
RpII215_portz,14,5473,866,3.673814904789169,13.496915954651053,76.373604,0.06771251869200597
RpII215_portz,14,5473,867,4.278396477596141,18.304676419507057,84.9585,0.2632007068988295
RpII215_portz,14,5473,868,7.54390591370371,56.9105164348138,276.91122,0.6523341610802917
RpII215_portz,14,5473,869,5.982985218225949,35.7961121215102,339.91943,0.3561034650295233
RpII215_portz,14,5473,870,4.0478823506422446,16.38535152464098,17.65111,0.02790388950370941
RpII215_portz,14,5473,871,4.716573773954937,22.246068165159517,56.3323,0.18243345868475955
RpII215_portz,14,5473,872,5.398124340049016,29.139746390629615,249.29482,0.5385425520967517
RpII215_portz,14,5473,873,4.6738578324587206,21.844947038035727,221.74731,0.5298864031297867
RpII215_portz,14,5473,874,3.7414896269445923,13.99874462853398,71.04016,0.17064924410283855
RpII215_portz,14,5473,875,3.1013678020911994,9.618482243847993,33.097046,0.08535292667121028
RpII215_portz,14,5473,876,3.479734242492556,12.108550398375243,10.613413,0.14890682409451722
RpII215_portz,14,5473,877,4.0675235475192615,16.54474780962368,60.744972,0.26948457061701314
RpII215_portz,14,5473,878,6.0487413431099455,36.5872718358475,323.9908,0.5024901582201271
RpII215_portz,14,5473,879,3.7766843003700803,14.263344304661842,5.335104,0.18987986958689454
RpII215_portz,14,5473,880,4.933652577878452,24.34092775920671,259.83417,0.4381161147975346
RpII215_portz,14,5473,881,5.586695221692552,31.21116350008239,194.83492,0.6691296449812271
RpII215_portz,14,5473,882,5.217580181109569,27.223142946307373,183.9384,0.32622948774951105
RpII215_portz,14,5473,883,6.184962768967717,38.253764453516816,185.0805,0.4597933797552092
RpII215_portz,14,5473,884,3.1272578352417493,9.77974156808091,76.898766,0.13667897609865554
RpII215_portz,14,5473,885,4.512805018615019,20.365409136036906,164.09232,0.1718902464508182
RpII215_portz,14,5473,886,3.8794388168111658,15.050045533381219,63.379616,0.18201664784779953
RpII215_portz,14,5473,887,3.6915035695103726,13.627198603707825,38.002056,0.3088297006446727
RpII215_portz,14,5473,888,4.321222256439926,18.67296178955177,79.166,0.3078607050814981
RpII215_portz,14,5473,889,4.4498713287838285,19.801354842732362,121.779976,0.16615275320709985
RpII215_portz,14,5473,890,4.929342315264042,24.298415661052662,64.610794,0.2541444926970894
RpII215_portz,14,5473,891,4.276616765106909,18.289450955593487,10.481099,0.36354601723112545
RpII215_portz,14,5473,892,5.065895256526892,25.663294750101674,149.27069,0.4833184967244769
RpII215_portz,14,5473,893,4.391912617945383,19.28889644366788,31.68181,0.20701530323310446
RpII215_portz,14,5473,894,5.146111128458709,26.48245974644656,353.0535,0.6150280486942359
RpII215_portz,14,5473,895,6.4015598242578005,40.97996818355156,316.70612,0.5287239131815564
RpII215_portz,14,5473,896,4.60046549746781,21.164282793391745,67.56471,0.16557184215872928
RpII215_portz,14,5473,897,5.981017107010544,35.77256563435278,326.92804,0.3972847704515294
RpII215_portz,14,5473,898,3.6218719385063096,13.117956338939447,59.92103,0.31723421071319874
RpII215_portz,14,5473,899,4.563129694710823,20.82215261075168,67.32211,0.5950588803559876
RpII215_portz,14,5473,900,3.24974766523785,10.560859887718864,23.707771,0.09296040782022977
RpII215_portz,14,5473,901,4.509441513240361,20.33506276133552,165.73898,0.17089028186177188
RpII215_portz,14,5473,902,4.9508638611717135,24.511052971856092,172.70038,0.26877447632790397
RpII215_portz,14,5473,903,3.9153828839928737,15.330223128264354,181.6442,0.16933132897448447
RpII215_portz,14,5473,904,4.644482157147974,21.571214508065896,75.93276,0.4105200734830594
RpII215_portz,14,5473,905,4.372069755653157,19.114993948297062,181.85611,0.4573075743248953
RpII215_portz,14,5473,906,6.322560294836408,39.974768681841844,213.80193,0.2604826529508505
RpII215_portz,14,5473,907,4.409118619190496,19.44032699809231,72.692024,0.24933427489235174
RpII215_portz,14,5473,908,3.8981244868973035,15.195374515348371,44.692707,0.2085973982236196
RpII215_portz,14,5473,909,5.166927711365277,26.69714197447442,171.74564,0.7063118305712739
RpII215_portz,14,5473,910,5.10259013542127,26.036426090098463,59.83183,0.21796530663051794
RpII215_portz,14,5473,911,6.006193139109365,36.07435602428439,167.90837,0.7505589740032311
RpII215_portz,14,5473,912,4.046924659060091,16.37759919610863,28.49062,0.1979605665315896
RpII215_portz,14,5473,913,3.0732664514438572,9.444966681570317,30.596172,0.050354955555804035
RpII215_portz,14,5473,914,3.8604701725158272,14.90322995288438,102.11894,0.15894797985181938
RpII215_portz,14,5473,915,4.549068071376307,20.69402031801534,47.23737,0.466824041391053
RpII215_portz,14,5473,916,5.062011651411873,25.623961959029554,132.88077,0.32958754683678954
RpII215_portz,14,5473,917,4.525814574335521,20.482997561267815,49.519867,0.18916258839310773
RpII215_portz,14,5473,918,4.651986714610412,21.640980392911764,175.09671,0.42721690631250364
RpII215_portz,14,5473,919,3.5749534421666036,12.780292113658849,32.876915,0.19392161889749857
RpII215_portz,14,5473,920,3.0932954350123607,9.568476648268309,59.986115,0.13040890595375465
RpII215_portz,14,5473,921,4.792787872728041,22.97081559296898,306.41888,0.21392423157672158
RpII215_portz,14,5473,922,6.17041844209372,38.0740637505303,127.365616,0.5342991344584311
RpII215_portz,14,5473,923,3.560115006457416,12.674418859203282,84.83652,0.2317908178396863
RpII215_portz,14,5473,924,4.005808562679223,16.04650224083419,59.125256,0.20918120695728176
RpII215_portz,14,5473,925,5.821899266594844,33.89451107037758,236.02591,0.34190173104075683
RpII215_portz,14,5473,926,7.572608534109807,57.344400010872675,411.13043,0.7175880180098126
RpII215_portz,14,5473,927,4.894496474279008,23.956095736729647,59.10234,0.2626172030707069
RpII215_portz,14,5473,928,4.635244986451366,21.485496084422532,200.1607,0.3595957562696302
RpII215_portz,14,5473,929,6.304055180780645,39.741111722327304,421.85797,0.7263074321331524
RpII215_portz,14,5473,930,6.027091074231719,36.325826817083644,310.10907,0.263208784494252
RpII215_portz,14,5473,931,4.749638301690499,22.559063996885413,170.16399,0.19478346574827365
RpII215_portz,14,5473,932,3.9352931917955685,15.486532505392548,125.13214,0.2677938009144232
RpII215_portz,14,5473,933,5.25793426921019,27.64587277933491,110.79099,0.29047851411425535
RpII215_portz,14,5473,934,5.259847171576731,27.66599226834374,150.22934,0.5166349856194083
RpII215_portz,14,5473,935,5.2960958633985,28.048631394306707,129.38571,0.2250845645605362
RpII215_portz,14,5473,936,5.145614373580267,26.47734728159585,217.60518,0.33779713004527684
RpII215_portz,14,5473,937,5.003345356695744,25.033464758368854,41.287308,0.23960935975055095
RpII215_portz,14,5473,938,4.48812246536576,20.143243264120816,129.87431,0.3083239117635768
RpII215_portz,14,5473,939,6.351627674406596,40.34317411428776,237.80766,0.5084735340334081
RpII215_portz,14,5473,940,8.256940236449902,68.17706206830535,309.76617,0.6459330201340425
RpII215_portz,14,5473,941,5.021485285144778,25.215314468925524,112.6107,0.5644469623074486
RpII215_portz,14,5473,942,5.642561239167585,31.83849733775644,131.90472,0.5363836560668251
RpII215_portz,14,5473,943,5.359120308774497,28.72017048391927,222.41457,0.4336208469163019
RpII215_portz,14,5473,944,5.169199430288885,26.720622750098936,221.1752,0.4005689690107387
RpII215_portz,14,5473,945,4.057955341875971,16.46700155665973,97.77963,0.4024057463137928
RpII215_portz,14,5473,946,5.225599300753699,27.306888052037547,295.66614,0.43420881875237
RpII215_portz,14,5473,947,4.6766361953332325,21.8709261035009,161.80533,0.6014534764885082
RpII215_portz,14,5473,948,4.254643158643422,18.10198840739127,93.1336,0.2772320611547066
RpII215_portz,14,5473,949,5.757028475978606,33.143376873228554,298.34152,0.6086367436407897
RpII215_portz,14,5473,950,4.653494554790609,21.65501157146585,123.93695,0.41398656569012404
RpII215_portz,14,5473,951,4.393748852113978,19.3050289754529,109.40204,0.2712254449856456
RpII215_portz,14,5473,952,5.502308410615082,30.27539784552546,97.05632,0.23538840339432027
RpII215_portz,14,5473,953,6.777960785650254,45.94075241181259,304.61584,0.7015944679462001
RpII215_portz,14,5473,954,6.358706550792507,40.43314899909154,362.2764,0.6290810480960137
RpII215_portz,14,5473,955,4.754132573355163,22.601776525036577,86.815544,0.35321064984692563
RpII215_portz,14,5473,956,6.686707783688903,44.71206098444579,295.44238,0.47842903404569914
RpII215_portz,14,5473,957,6.4173994846176985,41.18301614517152,227.31882,0.15847534579522193
RpII215_portz,14,5473,958,9.051148627839668,81.92329148324389,483.33676,0.872450372957787
RpII215_portz,14,5473,959,6.6757834678180314,44.56608490919255,443.87708,0.4640203446061441
RpII215_portz,14,5473,960,6.864720362601603,47.124385656717074,517.5958,0.7171714128290134
RpII215_portz,14,5473,961,3.8859114083484974,15.100307473533,41.164597,0.3314754387954397
RpII215_portz,14,5473,962,4.3579275291528825,18.99153234934855,159.71317,0.25212460379380797
RpII215_portz,14,5473,963,5.092025132543005,25.928719950449604,151.87332,0.1985973186960811
RpII215_portz,14,5473,964,6.649646232190212,44.217795013281496,247.14778,0.6280308520641522
RpII215_portz,14,5473,965,5.954094945556007,35.451246620695585,262.1834,0.701967347257081
RpII215_portz,14,5473,966,5.2239785545829704,27.289951938742767,239.88809,0.32139511316162483
RpII215_portz,14,5473,967,3.853504256414384,14.849495054203771,43.024075,0.23452812925336516
RpII215_portz,14,5473,968,4.910025082901361,24.108346314720503,78.23301,0.21688339102757354
RpII215_portz,14,5473,969,6.730173381976472,45.295233751464636,292.97717,0.586772796921156
RpII215_portz,14,5473,970,4.572911943802661,20.911523645773027,188.19176,0.46483141475802137
RpII215_portz,14,5473,971,4.017060444664197,16.13677461608571,18.747404,0.19873150112178667
RpII215_portz,14,5473,972,5.714329753596924,32.65356453284307,98.36441,0.5587754004970931
RpII215_portz,14,5473,973,5.232781150604148,27.381998570118064,209.49225,0.35257706674238665
RpII215_portz,14,5473,974,3.126365077966141,9.774158600726235,37.072914,0.04358230173428651
RpII215_portz,14,5473,975,5.135171339947373,26.369984690616874,63.459747,0.36317064268080046
RpII215_portz,14,5473,976,4.005410402098852,16.043312489241686,73.76703,0.24554719001696323
RpII215_portz,14,5473,977,4.9560757216918345,24.562686559143245,152.09679,0.4616727401995552
RpII215_portz,14,5473,978,4.938398746085013,24.387782175334024,184.84488,0.5854642450930608
RpII215_portz,14,5473,979,6.358823736397252,40.4346393105691,195.86278,0.33494818701722406
RpII215_portz,14,5473,980,7.196202614821412,51.78533207356254,168.47862,0.5170381324939329
RpII215_portz,14,5473,981,6.804101925890086,46.29580301790117,216.47232,0.708471224655003
RpII215_portz,14,5473,982,6.161306949074128,37.961703320709155,468.98935,0.5880382775263839
RpII215_portz,14,5473,983,5.180172452748697,26.834186640216462,68.210205,0.6744936591960133
RpII215_portz,14,5473,984,4.2188340354467995,17.79856061864432,85.19163,0.23285048384555238
RpII215_portz,14,5473,985,7.380119096946067,54.466157885108025,343.48138,0.7527298943449887
RpII215_portz,14,5473,986,5.005666781039314,25.05669992280049,285.24985,0.5249498858067485
RpII215_portz,14,5473,987,5.2106498465833475,27.15087182369905,233.30603,0.5747847714542244
RpII215_portz,14,5473,988,6.233681392583459,38.85878370424125,349.9305,0.6060658459993475
RpII215_portz,14,5473,989,6.306670547128433,39.77409339001726,315.33704,0.5502947888737482
RpII215_portz,14,5473,990,5.246661407856972,27.52745592869571,220.9233,0.22053007069032865
RpII215_portz,14,5473,991,6.962936602393127,48.48248612894593,216.60886,0.5293131844997832
RpII215_portz,14,5473,992,8.040764947129093,64.65390093497992,440.4441,0.6966009255047989
RpII215_portz,14,5473,993,5.431469767320761,29.500863833319443,86.41483,0.14977652036357278
RpII215_portz,14,5473,994,5.510435066397031,30.364894620978053,286.62155,0.2430565754273064
RpII215_portz,14,5473,995,3.602425492616536,12.977469429853487,35.432114,0.40382376363251893
RpII215_portz,14,5473,996,4.436680513444417,19.684133978377407,188.17952,0.2716412379627449
RpII215_portz,14,5473,997,3.808191411259953,14.502321824794077,60.68437,0.2657402020758389
RpII215_portz,14,5473,998,4.1498565477626155,17.22130936700825,80.25151,0.22246972758059583
RpII215_portz,14,5473,999,4.667836004176233,21.78869296188394,153.6571,0.4209487040245369
RpII215_portz,14,5473,1000,5.089479318824001,25.902799736737215,95.478645,0.31853304715939534
RpII215_portz,14,5473,1001,3.586926189600499,12.866039489641953,23.172443,0.10409307490174585
RpII215_portz,14,5473,1002,5.624245478373701,31.632137201007016,230.85147,0.3461863342920873
RpII215_portz,14,5473,1003,4.729489936073826,22.368075055423596,247.14084,0.5997977801858251
RpII215_portz,14,5473,1004,5.271758773961451,27.79144057083954,122.621925,0.5518836810784123
RpII215_portz,14,5473,1005,5.393348797443498,29.088211250885237,218.52579,0.3325706523182173
RpII215_portz,14,5473,1006,4.1864442269587,17.52631526543582,14.009958,0.2783605869781514
RpII215_portz,14,5473,1007,5.116896874219574,26.18263362139804,9.448903,0.430604290134748
RpII215_portz,14,5473,1008,3.721325795713773,13.848265677844747,83.395035,0.15255847643636597
RpII215_portz,14,5473,1009,3.6786388166936623,13.532383543685347,6.7842445,0.14928367068275172
RpII215_portz,14,5473,1010,4.310905703740088,18.583907986538843,46.43836,0.5183825209441477
RpII215_portz,14,5473,1011,5.054632393211999,25.54930863050806,139.85414,0.15284690627930594
RpII215_portz,14,5473,1012,3.9889550138412324,15.911762102449108,90.68866,0.3298997383378153
RpII215_portz,14,5473,1013,5.0097744755528835,25.09784029590117,138.41646,0.40586530529362524
RpII215_portz,14,5473,1014,4.019899317291701,16.159590521162293,115.16989,0.6105955184286852
RpII215_portz,14,5473,1015,5.085189189939805,25.859149097480657,120.886505,0.5502689105088728
RpII215_portz,14,5473,1016,3.6914799322607514,13.62702409028384,208.42758,0.27661402585654277
RpII215_portz,14,5473,1017,6.444688962087416,41.53401581805138,325.14868,0.7299851769418193
RpII215_portz,14,5473,1018,4.037028277041082,16.29759730962929,213.86047,0.30620676932441865
RpII215_portz,14,5473,1019,3.760661082783742,14.142571779564186,71.556885,0.23535702505848274
RpII215_portz,14,5473,1020,7.219353675876682,52.11906749739416,427.47333,0.7352139518478765
RpII215_portz,14,5473,1021,6.89744513582512,47.574749401717604,258.86224,0.728414309976295
RpII215_portz,14,5473,1022,5.592427447780283,31.275244758686284,249.47711,0.5307045218766937
RpII215_portz,14,5473,1023,5.871707866917513,34.47695327442102,156.79193,0.5377304357535855
RpII215_portz,14,5473,1024,4.00145858380816,16.01167079793201,24.3559,0.2664405505067106
RpII215_portz,14,5473,1025,4.405975470474293,19.412619846421162,157.79504,0.2646473862885586
RpII215_portz,14,5473,1026,3.896011621912617,15.178906558078177,161.3599,0.2884564932904073
RpII215_portz,14,5473,1027,3.7597985515787875,14.136085148453951,18.582737,0.2506987497932751
RpII215_portz,14,5473,1028,4.193732886270868,17.587395521389787,72.74322,0.2980814913138342
RpII215_portz,14,5473,1029,4.44577528677167,19.764917900469726,125.256355,0.33163425753587783
RpII215_portz,14,5473,1030,3.8980468074256365,15.194768912881196,17.75783,0.30164703889752625
RpII215_portz,14,5473,1031,5.375758739535354,28.898782025690743,220.36482,0.4713181572902877
RpII215_portz,14,5473,1032,6.959495283636177,48.43457460295419,289.8799,0.6998477013632382
RpII215_portz,14,5473,1033,4.89741169683413,23.98464132828776,86.64514,0.48440188153925584
RpII215_portz,14,5473,1034,5.197373349862052,27.012689737856277,120.379715,0.35340928033973346
RpII215_portz,14,5473,1035,6.282756310821962,39.47302686117317,114.017914,0.400181355489332
RpII215_portz,14,5473,1036,4.857163306150743,23.592035382617215,193.99463,0.19081285722607338
RpII215_portz,14,5473,1037,4.478390697901372,20.05598324304954,106.30863,0.22743404981746318
RpII215_portz,14,5473,1038,5.269041899502458,27.76280253871246,153.68239,0.5158158635437349
RpII215_portz,14,5473,1039,6.221554730748631,38.707743267700664,241.19307,0.48612470642699
RpII215_portz,14,5473,1040,4.99661101232456,24.966121608483054,164.28236,0.504185231472142
RpII215_portz,14,5473,1041,5.973571439790619,35.683555746282174,120.287384,0.2601088739511681
RpII215_portz,14,5473,1042,3.8730783230849584,15.000735696750596,135.0748,0.20681709799403836
RpII215_portz,14,5473,1043,4.9482343061286205,24.4850227483482,35.340496,0.17869855910242216
RpII215_portz,14,5473,1044,4.3810737164126,19.193806908641314,140.33818,0.3922421044026938
RpII215_portz,14,5473,1045,4.709511017645129,22.17949402532086,35.212482,0.5972371198533425
RpII215_portz,14,5473,1046,4.693060077849599,22.024812894305686,85.90926,0.2811476431810529
RpII215_portz,14,5473,1047,3.2579201212410793,10.614043516387493,70.35461,0.03910563554666833
RpII215_portz,14,5473,1048,4.924312496397238,24.24885356217399,375.40753,0.5756880025560689
RpII215_portz,14,5473,1049,5.0052083684319335,25.052110811421066,315.49506,0.5686895748666685
RpII215_portz,14,5473,1050,4.357840666453064,18.990775274192085,46.600193,0.2797214916639886
RpII215_portz,14,5473,1051,5.063805099075838,25.64212208142645,96.54835,0.09455330899340222
RpII215_portz,14,5473,1052,6.494998450855328,42.185004876613114,185.9001,0.8239783543847452
RpII215_portz,14,5473,1053,4.151111459621666,17.23172635020231,11.218381,0.260889375890118
RpII215_portz,14,5473,1054,4.981777422922148,24.818106291536846,128.45476,0.5355243290487849
RpII215_portz,14,5473,1055,4.196030394014605,17.606671067494357,12.619198,0.14697164767132576
RpII215_portz,14,5473,1056,4.29178263849088,18.419398216051743,19.032337,0.16691879985643304
RpII215_portz,14,5473,1057,3.7154770968232795,13.804770057018345,140.39745,0.24202139905195483
RpII215_portz,14,5473,1058,4.731661090510343,22.388616675449526,125.80255,0.44206902370998435
RpII215_portz,14,5473,1059,4.3482133372621945,18.90695922634483,130.44305,0.5120168224391437
RpII215_portz,14,5473,1060,4.669524996201558,21.804463690151152,50.472645,0.07293306026397907
RpII215_portz,14,5473,1061,3.544434992905124,12.563019418930347,42.524303,0.31187907999153863
RpII215_portz,14,5473,1062,3.9134387331034284,15.315002717754163,106.69932,0.11759523960219515
RpII215_portz,14,5473,1063,6.358058240813467,40.42490459357605,429.06723,0.7367772763780793
RpII215_portz,14,5473,1064,3.803695448236098,14.468099062932012,22.698814,0.23341783956633436
RpII215_portz,14,5473,1065,3.834498260132875,14.703376906962047,69.00112,0.06348495738479566
RpII215_portz,14,5473,1066,4.4224940132620505,19.55845329733868,87.98597,0.21457689195859064
RpII215_portz,14,5473,1067,4.898142152486316,23.991796545963282,111.828125,0.36112448542612574
RpII215_portz,14,5473,1068,3.7365995427452856,13.962176142844275,116.48664,0.49354681768334724
RpII215_portz,14,5473,1069,5.723986584802064,32.76402242299399,145.03214,0.6610589265188879
RpII215_portz,14,5473,1070,3.31410713070794,10.983306073809215,16.780708,0.07106133987745558
RpII215_portz,14,5473,1071,5.726324288491643,32.79078985696932,28.932087,0.2855773113143889
RpII215_portz,14,5473,1072,5.6129816575224,31.50556308768292,291.9883,0.28319220739370377
RpII215_portz,14,5473,1073,3.551406463439306,12.61248786855848,25.8262,0.1399560034642396
RpII215_portz,14,5473,1074,5.04548600878616,25.456929064856883,75.05525,0.5566461188429327
RpII215_portz,14,5473,1075,3.863975237956409,14.930304639540285,83.46175,0.17021518856760565
RpII215_portz,14,5473,1076,5.228893383764222,27.341326018773263,98.57253,0.3789346053736784
RpII215_portz,14,5473,1077,4.163425857966149,17.33411487478116,32.116493,0.23377827041662386
RpII215_portz,14,5473,1078,6.83571614817272,46.72701525838928,205.31647,0.7584375864079631
RpII215_portz,14,5473,1079,8.23381157691513,67.79565308414162,313.25647,0.48578010926709847
RpII215_portz,14,5473,1080,8.451989728667614,71.43613037350286,360.97665,0.5943486845834536
RpII215_portz,14,5473,1081,8.498134469334069,72.21828945888385,414.4438,0.7241522687808896
RpII215_portz,14,5473,1082,4.79671858144153,23.008509149546438,86.61799,0.5804235055435012
RpII215_portz,14,5473,1083,4.190046112453111,17.556486424483435,49.720066,0.423364028269976
RpII215_portz,14,5473,1084,4.240050911861203,17.978031735175012,22.515694,0.24591235463404232
RpII215_portz,14,5473,1085,4.30736108837251,18.553359545625618,27.676998,0.40373024870989654
RpII215_portz,14,5473,1086,3.7093453379644648,13.759242836278712,34.21929,0.19362375025014306
RpII215_portz,14,5473,1087,4.3918950597995785,19.28874221629195,47.62068,0.46084404192743256
RpII215_portz,14,5473,1088,4.8312003539877875,23.340496860371715,160.04652,0.20799547512302513
RpII215_portz,14,5473,1089,5.711518376876956,32.621442169403174,289.6152,0.35232877346756675
RpII215_portz,14,5473,1090,5.696014617560078,32.444582523458074,251.08133,0.4002495918594726
RpII215_portz,14,5473,1091,5.537314461130845,30.661851441448793,65.206955,0.49190091512971745
RpII215_portz,14,5473,1092,6.307709164379941,39.78719490240269,113.85221,0.3010200959115127
RpII215_portz,14,5473,1093,6.304708390412212,39.74934788813416,249.69987,0.5949381756672768
RpII215_portz,14,5473,1094,4.768093738513635,22.734717899252942,159.44736,0.3270615394246803
RpII215_portz,14,5473,1095,4.687330494451811,21.971067164217853,29.765162,0.19472345847286401
RpII215_portz,14,5473,1096,5.916542738262343,35.005477973684854,131.73021,0.7241356437721136
RpII215_portz,14,5473,1097,4.871839555969843,23.73482065911243,207.09235,0.22882317243359931
RpII215_portz,14,5473,1098,4.8965217240265,23.975924993863448,102.35662,0.30053850348464617
RpII215_portz,14,5473,1099,6.284024273761094,39.48896107321865,235.25418,0.6819027719129225
RpII215_portz,14,5473,1100,6.034207329931016,36.411658100593215,173.67928,0.6454403955868536
RpII215_portz,14,5473,1101,5.044100878291683,25.442953670382938,212.97588,0.28314732978654855
RpII215_portz,14,5473,1102,6.64669280849258,44.17852529046697,131.0526,0.42174413850844306
RpII215_portz,14,5473,1103,4.469709583352958,19.978303759517285,240.00507,0.5290537987088633
RpII215_portz,14,5473,1104,5.56923025306165,31.01632561161712,188.22011,0.5012583512855195
RpII215_portz,14,5473,1105,6.416418546543009,41.170426964421104,198.51352,0.7457343371169405
RpII215_portz,14,5473,1106,4.930913079697525,24.31390379953212,77.27067,0.13143262884835702
RpII215_portz,14,5473,1107,6.405022871076444,41.024317979012345,281.44037,0.6831691210938032
RpII215_portz,14,5473,1108,5.043275074388897,25.434623475952336,61.322567,0.633531053742546
RpII215_portz,14,5473,1109,6.171106741529334,38.08255841534879,144.3875,0.2967156337777116
RpII215_portz,14,5473,1110,3.890091356186667,15.13281075947822,106.44156,0.24643473604249794
RpII215_portz,14,5473,1111,3.811676808896804,14.528880095481721,51.4552,0.31553506281757343
RpII215_portz,14,5473,1112,5.168665906492027,26.715107252933056,233.5869,0.26631228897375514
RpII215_portz,14,5473,1113,5.371039539153713,28.848065731152527,145.87024,0.42131365985988645
RpII215_portz,14,5473,1114,4.184001365334674,17.50586742512242,2.8267999,0.2950225868346637
RpII215_portz,14,5473,1115,4.930725879601811,24.312057699775046,350.26184,0.4894472053816552
RpII215_portz,14,5473,1116,3.8534259656953913,14.848891673095459,33.21831,0.3516269017498577
RpII215_portz,14,5473,1117,4.154091073144548,17.256472643979222,37.955452,0.3205730076785239
RpII215_portz,14,5473,1118,5.239245391639824,27.44969227381912,337.51093,0.6391219760338503
RpII215_portz,14,5473,1119,5.0724515066862175,25.72976428768328,98.05887,0.44938774438954165
RpII215_portz,14,5473,1120,4.917038575027355,24.177268348307056,189.77072,0.3787707605802505
RpII215_portz,14,5473,1121,3.9518895008003065,15.617430626535695,81.14888,0.25602795548920815
RpII215_portz,14,5473,1122,4.630805084345199,21.44435572919734,235.06073,0.24236429003826757
RpII215_portz,14,5473,1123,5.057956006816313,25.582918966889217,104.67817,0.4588191274861101
RpII215_portz,14,5473,1124,4.548859455753023,20.692122348193692,91.01647,0.2532982673870639
RpII215_portz,14,5473,1125,5.9938806868034815,35.926605687635764,113.45639,0.21576290508128507
RpII215_portz,14,5473,1126,4.768377940792163,22.737428186233316,167.81296,0.20715342540711795
RpII215_portz,14,5473,1127,3.311180269190192,10.963914775074432,54.942966,0.20041504080302605
RpII215_portz,14,5473,1128,3.865021171559979,14.938388656606875,158.44196,0.4852452506150179
RpII215_portz,14,5473,1129,6.345311086482944,40.262972784243345,281.26877,0.4567319987856587
RpII215_portz,14,5473,1130,5.163074415225242,26.657337417153464,120.19028,0.21208630417891697
RpII215_portz,14,5473,1131,5.080902937926699,25.815574664632173,153.82959,0.43003834523000106
RpII215_portz,14,5473,1132,4.756438020703145,22.623702644790455,145.8802,0.11605294799019772
RpII215_portz,14,5473,1133,3.4051890643833227,11.595312564195764,17.792564,0.11576340900736115
RpII215_portz,14,5473,1134,3.4086822513047514,11.619114690360028,16.324417,0.1651395650965767
RpII215_portz,14,5473,1135,5.259752663004707,27.66499807598511,108.76296,0.37550244550783585
RpII215_portz,14,5473,1136,5.41623426347247,29.335593596813165,150.34558,0.36450016846764377
RpII215_portz,14,5473,1137,5.5438404057798225,30.73416644475699,205.31995,0.4000621814849648
RpII215_portz,14,5473,1138,6.214478370607595,38.619741418749626,273.8366,0.719871534782027
RpII215_portz,14,5473,1139,4.672542444054734,21.832652891492987,203.89227,0.382064229148694
RpII215_portz,14,5473,1140,4.814968032043431,23.183917149600195,97.17369,0.2514779149513596
RpII215_portz,14,5473,1141,3.5554625385612213,12.6413138631122,54.379578,0.07533819318072742
RpII215_portz,14,5473,1142,3.6142368519440207,13.062708021950224,89.616425,0.13706106344873592
RpII215_portz,14,5473,1143,3.86284713134132,14.921587960111866,106.239716,0.17703581210351652
RpII215_portz,14,5473,1144,4.881709761586526,23.831090196369182,241.21295,0.23935842122749537
RpII215_portz,14,5473,1145,6.371347727490451,40.59407186459774,209.82384,0.590615065687147
RpII215_portz,14,5473,1146,7.334450257314776,53.794160577024776,757.56067,0.648393054786257
RpII215_portz,14,5473,1147,6.521617821174122,42.53149900545589,344.92593,0.4451091063414784
RpII215_portz,14,5473,1148,4.16335243170828,17.33350347061125,135.6119,0.4155534042022231
RpII215_portz,14,5473,1149,4.217719440891864,17.789157282077174,21.880848,0.43408987879850625
RpII215_portz,14,5473,1150,3.1483641737838415,9.912196970765617,32.81174,0.18629887414654797
RpII215_portz,14,5473,1151,5.259512352364634,27.662470184676174,180.08656,0.2171083259932277
RpII215_portz,14,5473,1152,4.111259288478092,16.90245293709738,51.56169,0.25978205266822896
RpII215_portz,14,5473,1153,3.2486479312732515,10.55371338136598,30.89272,0.3558028222535479
RpII215_portz,14,5473,1154,4.4303319733986495,19.627841394518384,12.782,0.2728130710023385
RpII215_portz,14,5473,1155,3.706286418211998,13.73655901382272,48.540375,0.25147864495843203
RpII215_portz,14,5473,1156,4.633131750325791,21.465909815876927,159.22253,0.2771144975929366
RpII215_portz,14,5473,1157,5.72881844818519,32.81936081226696,366.7077,0.5845814494711742
RpII215_portz,14,5473,1158,5.398859717674505,29.14768625112843,316.43738,0.5931762824814973
RpII215_portz,14,5473,1159,4.124334395042736,17.01013420213252,46.845123,0.3143789058582205
RpII215_portz,14,5473,1160,4.67056941651957,21.814218674527968,253.23715,0.4261451755033361
RpII215_portz,14,5473,1161,7.967538098736884,63.481663354823766,485.78207,0.68710280540807
RpII215_portz,14,5473,1162,3.410862461485903,11.633982731173674,127.659355,0.13405806091821845
RpII215_portz,14,5473,1163,6.798379442595895,46.217963045510444,147.14542,0.4359226905947292
RpII215_portz,14,5473,1164,5.39751103889558,29.133125414999647,212.89671,0.38216185779263956
RpII215_portz,14,5473,1165,4.889932626562321,23.91144109231868,246.5252,0.5063944787045654
RpII215_portz,14,5473,1166,5.472903585487902,29.952673656046326,302.20462,0.2696659390381251
RpII215_portz,14,5473,1167,6.331185016751222,40.083903716335165,111.429306,0.4659488071354596
RpII215_portz,14,5473,1168,7.976158831176042,63.61910970014756,159.26755,0.817143442952234
RpII215_portz,14,5473,1169,5.733579009487113,32.87392825803122,133.37692,0.5984949170863615
RpII215_portz,14,5473,1170,5.753117091459473,33.09835626804311,229.90436,0.30990917729127415
RpII215_portz,14,5473,1171,4.537668408673718,20.590434587075492,57.224686,0.2033259212540534
RpII215_portz,14,5473,1172,4.709588126888712,22.18022032493113,100.43364,0.5349118346669085
RpII215_portz,14,5473,1173,4.000987859829544,16.00790385450339,42.93609,0.2179463174754183
RpII215_portz,14,5473,1174,4.246146806823387,18.02976270509644,9.149409,0.3739873491257315
RpII215_portz,14,5473,1175,5.141167778550672,26.431606127207655,154.79195,0.33490487572264416
RpII215_portz,14,5473,1176,4.850342217693408,23.52581962873901,99.82742,0.3686801443242832
RpII215_portz,14,5473,1177,4.400958126268932,19.36843242917255,40.177547,0.282928143629679
RpII215_portz,14,5473,1178,3.5009050224293614,12.25633597607113,39.623928,0.2613423037451553
RpII215_portz,14,5473,1179,6.636189957936376,44.039017157815586,236.90826,0.6050578750695282
RpII215_portz,14,5473,1180,3.5435302726433178,12.556606793139625,35.94061,0.20902069330287146
RpII215_portz,14,5473,1181,3.945528443001063,15.567194694530395,114.58977,0.14110918286371765
RpII215_portz,14,5473,1182,6.64446038797461,44.14885384736372,299.01895,0.4040089388256853
RpII215_portz,14,5473,1183,4.528354279446422,20.505992480180733,51.144638,0.1469176082119287
RpII215_portz,14,5473,1184,3.1198663557492115,9.733566077735864,18.538446,0.14703100727568888
RpII215_portz,14,5473,1185,4.453438114203063,19.833111037036534,149.23471,0.3795811619310449
RpII215_portz,14,5473,1186,4.6257081519799215,21.3971759072935,42.86941,0.31374160029198617
RpII215_portz,14,5473,1187,5.764545261845798,33.22998207586885,277.62537,0.19617331274582578
RpII215_portz,14,5473,1188,5.296687549296329,28.05489899487076,45.39838,0.46504299628026957
RpII215_portz,14,5473,1189,4.856038708639584,23.581111939805993,163.13153,0.4985958036479713
RpII215_portz,14,5473,1190,6.304747130470113,39.7498363791711,410.00482,0.7275546422719387
RpII215_portz,14,5473,1191,4.711997035571108,22.202916063230905,145.18405,0.3121312135615528
RpII215_portz,14,5473,1192,5.3055207710865,28.14855065243029,243.8376,0.6960602136659182
RpII215_portz,14,5473,1193,5.372533798817543,28.86411941943685,50.36344,0.5420293229959865
RpII215_portz,14,5473,1194,4.456532166837226,19.8606789540549,70.30768,0.34390427679891233
RpII215_portz,14,5473,1195,5.534510519743626,30.63080669315286,150.82458,0.5896677494802337
RpII215_portz,14,5473,1196,5.3223525644435,28.327436820238315,280.90604,0.5206661845419722
RpII215_portz,14,5473,1197,5.599212532738248,31.351180986773056,193.76181,0.559032325648923
RpII215_portz,14,5473,1198,5.17805195512431,26.812222049966703,56.611713,0.2920992598123465
RpII215_portz,14,5473,1199,7.748365943476355,60.03717479402425,704.91516,0.8009999732203226
RpII215_portz,14,5473,1200,5.327195022019074,28.379006802624804,107.006615,0.3519812645857529
RpII215_portz,14,5473,1201,5.5263916267306605,30.541004411998745,151.0295,0.2369790602346975
RpII215_portz,14,5473,1202,5.91760910756986,35.01809754999377,202.52908,0.4797058389235213
RpII215_portz,14,5473,1203,6.282807948017597,39.47367571167308,74.745224,0.6748524121167703
RpII215_portz,14,5473,1204,3.989726656882832,15.917918796641453,65.741425,0.28176081928838626
RpII215_portz,14,5473,1205,3.980121360981908,15.841366048144476,17.136854,0.16619779865049775
RpII215_portz,14,5473,1206,4.904290537964027,24.05206568076349,203.56892,0.26079660885920963
RpII215_portz,14,5473,1207,7.225240709680669,52.20410331282682,356.29556,0.7910491066434822
RpII215_portz,14,5473,1208,6.986409057467122,48.80991151825862,405.63736,0.531303565626431
RpII215_portz,14,5473,1209,5.608972559154193,31.460573169344745,111.91124,0.5448761384912105
RpII215_portz,14,5473,1210,3.7782174539264,14.27492712915409,114.25811,0.4612670457173313
RpII215_portz,14,5473,1211,4.450058854088593,19.803023804852288,83.93764,0.29136253757864394
RpII215_portz,14,5473,1212,7.598838265301082,57.742342982203965,322.4658,0.659222816997836
RpII215_portz,14,5473,1213,6.704318058477897,44.94788062923285,369.21677,0.844955620807109
RpII215_portz,14,5473,1214,5.935927255665104,35.23523238454787,258.8001,0.6865837063924841
RpII215_portz,14,5473,1215,3.8352313333454133,14.708999380274442,53.98556,0.1407967652103786
RpII215_portz,14,5473,1216,4.574157393285227,20.922915858545917,154.83174,0.37272105540123207
RpII215_portz,14,5473,1217,4.580935554561897,20.98497055504931,113.90311,0.40543316029668175
RpII215_portz,14,5473,1218,5.883890726533176,34.620170081783094,202.44281,0.655672564029006
RpII215_portz,14,5473,1219,5.027811053589241,25.27888399059418,108.40323,0.45873099945013907
RpII215_portz,14,5473,1220,4.274786850032587,18.273802613211526,170.94751,0.4111963039551643
RpII215_portz,14,5473,1221,6.449820491069571,41.60018436702093,251.06586,0.4664084161140831
RpII215_portz,14,5473,1222,6.379110469729605,40.69305038501387,455.96686,0.5878607895270349
RpII215_portz,14,5473,1223,5.555330559679975,30.86169762731421,88.6636,0.6129601663160655
RpII215_portz,14,5473,1224,5.957679862047903,35.49394933865112,300.515,0.5872801797486511
RpII215_portz,14,5473,1225,5.502425609530541,30.276687588417552,319.78357,0.38154501565142857
RpII215_portz,14,5473,1226,4.099526257063887,16.806115532356237,70.0362,0.5054957954420857
RpII215_portz,14,5473,1227,3.9281759333918207,15.430566163678707,11.888971,0.19733046912458022
RpII215_portz,14,5473,1228,5.207754663772795,27.1207086380473,75.390945,0.4640835683945159
RpII215_portz,14,5473,1229,3.405559926495143,11.597838412949601,73.07839,0.16393319083208613
RpII215_portz,14,5473,1230,3.4665766904973876,12.017153951099823,8.0992985,0.2171013146170266
RpII215_portz,14,5473,1231,3.769849493021706,14.211765200036014,47.19563,0.2508763651814969
RpII215_portz,14,5473,1232,3.784095492840643,14.319378698936864,40.517933,0.24307873045487688
RpII215_portz,14,5473,1233,5.569328122670236,31.017415737965578,187.23792,0.5015503911190763
RpII215_portz,14,5473,1234,6.516403524549293,42.46351489475844,439.1284,0.603657079872827
RpII215_portz,14,5473,1235,5.612935858571355,31.505048952436155,108.133125,0.385025786621372
RpII215_portz,14,5473,1236,5.369866480675128,28.835466020278297,155.2019,0.5455813617681557
RpII215_portz,14,5473,1237,4.108127464234746,16.876711262399798,43.213455,0.27272015604127225
RpII215_portz,14,5473,1238,5.933687014107243,35.20864158138493,240.2326,0.48748814852095596
RpII215_portz,14,5473,1239,4.288429209162636,18.390625081999275,155.4328,0.37694354286014353
RpII215_portz,14,5473,1240,4.796863471761731,23.009899166722004,94.94258,0.2945482800822395
RpII215_portz,14,5473,1241,3.9568554842579444,15.656705323302173,26.44852,0.1647029551187185
RpII215_portz,14,5473,1242,5.54387238265802,30.734520995198316,218.93593,0.5689722751149306
RpII215_portz,14,5473,1243,4.354230245545448,18.95932103122277,78.85358,0.1402666831329566
RpII215_portz,14,5473,1244,4.632195567457847,21.45723577517614,156.63953,0.49042921104674125
RpII215_portz,14,5473,1245,6.837972093642701,46.75786235343632,96.23842,0.34247774532574127
RpII215_portz,14,5473,1246,3.9361727665245927,15.493456047929872,84.19002,0.28630839843854633
RpII215_portz,14,5473,1247,3.9309978434162782,15.452744044943433,74.71413,0.17962890172333312
RpII215_portz,14,5473,1248,6.84214678670296,46.814972650789656,443.88882,0.6780907943305907
RpII215_portz,14,5473,1249,3.8740669832855974,15.008394990983568,28.843948,0.3177199183212249
RpII215_portz,14,5473,1250,4.773824013494115,22.789395711813057,188.8901,0.3292210492434144
RpII215_portz,14,5473,1251,4.570766548717329,20.891906842873336,43.83648,0.3364211378523615
RpII215_portz,14,5473,1252,5.528415771624679,30.563380943948477,111.60562,0.36522317368139934
RpII215_portz,14,5473,1253,5.0438384720672795,25.440306532305982,208.43515,0.17084297540545781
RpII215_portz,14,5473,1254,4.931126297011572,24.316006557079064,90.44194,0.5131978929236323
RpII215_portz,14,5473,1255,7.8773574692062756,62.05276069765992,588.2671,0.689315309927836
RpII215_portz,14,5473,1256,7.634914928070753,58.29192595887761,420.78836,0.6720581529992913
RpII215_portz,14,5473,1257,5.566912628992827,30.990516218839844,245.71028,0.37054852405118427
RpII215_portz,14,5473,1258,5.08979546888007,25.90601791503209,187.90202,0.21252753528567006
RpII215_portz,14,5473,1259,5.174784442174709,26.778394022973412,159.41447,0.24208640690363398
RpII215_portz,14,5473,1260,6.132991390920939,37.613583401110375,266.6368,0.5658195248110833
RpII215_portz,14,5473,1261,4.498476212415331,20.236288233666574,61.137024,0.3727753983434045
RpII215_portz,14,5473,1262,5.622631978911049,31.613990370273168,175.72412,0.5818756183814909
RpII215_portz,14,5473,1263,4.733621969234362,22.407176947618193,54.866547,0.36700209241856063
RpII215_portz,14,5473,1264,4.076149031784413,16.614990929317006,94.686775,0.33448269077232273
RpII215_portz,14,5473,1265,4.909288210975643,24.101110738424428,223.55145,0.11660735758815727
RpII215_portz,14,5473,1266,3.7540427861375294,14.092837240151228,42.6229,0.13200109815633504
RpII215_portz,14,5473,1267,5.831176682683143,34.00262150466757,204.17351,0.2744401392536211
RpII215_portz,14,5473,1268,3.5091869555542616,12.31439308903219,127.81341,0.17071447723728012
RpII215_portz,14,5473,1269,5.408383770134862,29.250615005058194,183.9772,0.22109211375672316
RpII215_portz,14,5473,1270,5.256303512081611,27.628726611121486,216.45749,0.4212732456971874
RpII215_portz,14,5473,1271,6.175715325354733,38.13945977982131,271.47955,0.6177488955226517
RpII215_portz,14,5473,1272,3.7146529932753034,13.79864686044917,53.15495,0.25195904729590746
RpII215_portz,14,5473,1273,5.7826986711456145,33.43960392126926,193.27936,0.7686435376849594
RpII215_portz,14,5473,1274,5.181987332344036,26.85299271257407,247.64409,0.6497293239462298
RpII215_portz,14,5473,1275,3.7409787836367228,13.994922259620095,8.25201,0.06234218719491766
RpII215_portz,14,5473,1276,3.962489165632393,15.701320387754103,48.526638,0.500138986892152
RpII215_portz,14,5473,1277,4.049029033813254,16.394636116662696,115.35188,0.296440846360186
RpII215_portz,14,5473,1278,4.970067779965832,24.70157373745449,142.59798,0.385543982508352
RpII215_portz,14,5473,1279,5.052092425750208,25.52363787832262,112.55595,0.30510707453837466
RpII215_portz,14,5473,1280,3.2260974449856183,10.407704724542734,57.696358,0.17097399457019619
RpII215_portz,14,5473,1281,5.461527876042647,29.8282867407909,101.368576,0.18735323306022528
RpII215_portz,14,5473,1282,5.816341314196944,33.829826283234226,261.98016,0.5268248997937429
RpII215_portz,14,5473,1283,4.942830357771158,24.431571945704167,136.28,0.29695806608711156
RpII215_portz,14,5473,1284,5.002264795347718,25.022653082775143,258.11948,0.49435193563821433
RpII215_portz,14,5473,1285,4.6053390974960635,21.20914820292586,25.875256,0.4067082329852902
RpII215_portz,14,5473,1286,3.8479910325471156,14.807034986563012,68.87039,0.34010287712905213
RpII215_portz,14,5473,1287,7.892751509775511,62.295526395063625,247.51491,0.6395835843897462
RpII215_portz,14,5473,1288,7.405798208140936,54.8458470997035,364.2812,0.6042674229228989
RpII215_portz,14,5473,1289,5.881268554917692,34.58931981506366,235.53006,0.7239495268706173
RpII215_portz,14,5473,1290,4.241789990649017,17.99278232477019,96.86235,0.32614792348714927
RpII215_portz,14,5473,1291,6.508980820150272,42.36683131708411,290.29175,0.5557282205752796
RpII215_portz,14,5473,1292,5.700455379881425,32.49519153801907,244.7698,0.5142808016000723
RpII215_portz,14,5473,1293,5.408756563217711,29.254647560150662,178.71545,0.6911198920025812
RpII215_portz,14,5473,1294,8.69972022614644,75.68513201322145,630.6891,0.6713754826643548
RpII215_portz,14,5473,1295,5.3229446931585365,28.333740206424622,166.36018,0.5913012821867798
RpII215_portz,14,5473,1296,5.0896730192505055,25.90477144288655,107.63938,0.30621598182429566
RpII215_portz,14,5473,1297,3.385965623378327,11.464763202699785,41.408035,0.11025467516229927
RpII215_portz,14,5473,1298,5.5179573344861605,30.44785314520962,284.14575,0.5750201370450978
RpII215_portz,14,5473,1299,4.379274909840628,19.17804873595964,51.101833,0.1995548776472429
RpII215_portz,14,5473,1300,4.7361986415230275,22.43157757196457,108.45522,0.23803410929802715
RpII215_portz,14,5473,1301,4.797813058391483,23.01901014327184,9.124037,0.397090419873494
RpII215_portz,14,5473,1302,4.818173622692537,23.21479705841013,122.29995,0.40513783034419437
RpII215_portz,14,5473,1303,7.840328987737473,61.4707586359565,743.44385,0.5781898125381464
RpII215_portz,14,5473,1304,6.746200573640756,45.511222179790856,214.15973,0.4319156644826968
RpII215_portz,14,5473,1305,5.6782860597488725,32.242932576338376,198.74211,0.5994774423020199
RpII215_portz,14,5473,1306,3.9865575171296093,15.892640837382592,51.90775,0.12673818727714445
RpII215_portz,14,5473,1307,5.137770956426482,26.396690400699477,289.13257,0.44069504291588735
RpII215_portz,14,5473,1308,6.276056562597183,39.38888597691916,356.23962,0.6201715645738225
RpII215_portz,14,5473,1309,6.359517727217948,40.44346572279935,88.77487,0.6387549589493156
RpII215_portz,14,5473,1310,6.994169134096848,48.91840187635307,359.5534,0.38520236559660004
RpII215_portz,14,5473,1311,3.728136439939805,13.899001314807043,66.062904,0.38835815375100335
RpII215_portz,14,5473,1312,7.040177828276759,49.56410385375965,137.78568,0.5113691811387442
RpII215_portz,14,5473,1313,7.36462190530512,54.23765580810001,527.1481,0.6214284675590707
RpII215_portz,14,5473,1314,5.351141135897934,28.634711456299033,176.8632,0.32712025175108855
RpII215_portz,14,5473,1315,4.058808283039158,16.473924678467277,24.256323,0.2934625779152712
RpII215_portz,14,5473,1316,5.9455187005639685,35.34919261875586,147.23215,0.619818662237198
RpII215_portz,14,5473,1317,3.6922531062972865,13.632733000961958,13.613642,0.1547167482018657
RpII215_portz,14,5473,1318,4.5724349223750345,20.907161119354782,279.98883,0.49403620655504443
RpII215_portz,14,5473,1319,4.305747529878274,18.539461791052858,59.788353,0.20367050175289242
RpII215_portz,14,5473,1320,5.569870743822575,31.02346010289065,141.90933,0.6099869977363146
RpII215_portz,14,5473,1321,6.262594140448869,39.22008536798451,274.448,0.24217537317614987
RpII215_portz,14,5473,1322,6.846134040014604,46.869551293846676,360.48782,0.7808069127993567
RpII215_portz,14,5473,1323,5.36072267984588,28.737347650213987,116.7825,0.32254049897283865
RpII215_portz,14,5473,1324,9.073334968501133,82.32540745062543,638.35614,0.805617622028064
RpII215_portz,14,5473,1325,10.219624873257612,104.44073255010564,882.4214,0.9033873984690801
RpII215_portz,14,5473,1326,5.951039122605518,35.41486663878147,214.7936,0.4924214016974904
RpII215_portz,14,5473,1327,4.123638646507946,17.00439568697389,90.31621,0.500269050377329
RpII215_portz,14,5473,1328,3.3265769105532477,11.066113941825986,38.31357,0.19082458842647845
RpII215_portz,14,5473,1329,3.3936454728680174,11.516829595517594,77.78359,0.11110454244145646
RpII215_portz,14,5473,1330,7.1369108509883326,50.935496494955,360.5908,0.6572757543075375
RpII215_portz,14,5473,1331,5.491351506424496,30.15494136711059,207.9642,0.5981092966989255
RpII215_portz,14,5473,1332,6.607168282772527,43.654672716875254,277.02667,0.6137042048507888
RpII215_portz,14,5473,1333,7.886992038982654,62.20464342297575,613.72815,0.8011140260295477
RpII215_portz,14,5473,1334,5.49106532726103,30.151798428248288,173.46431,0.6161022450167489
RpII215_portz,14,5473,1335,6.704619545722028,44.95192325287785,340.67953,0.6504231575753965
RpII215_portz,14,5473,1336,6.6199541586611454,43.82379306277498,97.72039,0.7451612245582313
RpII215_portz,14,5473,1337,4.283297184034603,18.346634766758758,14.858168,0.45475266526768726
RpII215_portz,14,5473,1338,5.082707295965901,25.833913456464995,66.47631,0.5458658175102992
RpII215_portz,14,5473,1339,5.157561435280213,26.600439958689698,102.863045,0.14042092194536493
RpII215_portz,14,5473,1340,5.42617390045662,29.443363197996607,79.12084,0.3699865197332668
RpII215_portz,14,5473,1341,3.720604695883811,13.84289930303266,50.76487,0.20036671747543677
RpII215_portz,14,5473,1342,6.063687570900301,36.76830695749078,132.28302,0.3813833590778044
RpII215_portz,14,5473,1343,7.297022164650019,53.24653247139364,373.76672,0.38244038434925376
RpII215_portz,14,5473,1344,6.243237616396767,38.978015934791586,153.80002,0.3535850089224784
RpII215_portz,14,5473,1345,5.72850630386502,32.815784473421274,265.99664,0.49803585477671886
RpII215_portz,14,5473,1346,5.482255126292924,30.05512126976505,159.03018,0.575057289530095
RpII215_portz,14,5473,1347,5.373117592499611,28.870392662828813,180.69466,0.449490383887878
RpII215_portz,14,5473,1348,5.517301054517873,30.44061092618402,90.27003,0.5825212089479026
RpII215_portz,14,5473,1349,5.717414106262657,32.68882406249121,273.56082,0.7161609260867039
RpII215_portz,14,5473,1350,7.706797068769866,59.39472105919982,599.94,0.6412406640022302
RpII215_portz,14,5473,1351,6.696543851822312,44.84369955937921,215.90062,0.6865714842617072
RpII215_portz,14,5473,1352,4.923768502166734,24.24349626292924,324.09613,0.6079967189721154
RpII215_portz,14,5473,1353,4.849859082599647,23.52113312107428,116.43477,0.331171189358495
RpII215_portz,14,5473,1354,5.0541527172194245,25.544459688976488,30.515343,0.4399461878367056
RpII215_portz,14,5473,1355,3.83880818286071,14.73644826479835,47.488716,0.29992712162961777
RpII215_portz,14,5473,1356,5.3363511999548034,28.476644129259057,120.92859,0.6385780401465255
RpII215_portz,14,5473,1357,5.914670699495483,34.983329483470385,156.12646,0.7146534882449156
RpII215_portz,14,5473,1358,7.609437972757798,57.90354626124829,345.98926,0.7851671038348811
RpII215_portz,14,5473,1359,6.306085037275146,39.76670849734547,484.6624,0.5839411266439409
RpII215_portz,14,5473,1360,5.801664958573423,33.65931629153875,182.77681,0.622872289216713
RpII215_portz,14,5473,1361,7.947718749887313,63.166233327310316,386.50827,0.6368535123224875
RpII215_portz,14,5473,1362,5.043755352931391,25.43946806022406,225.31073,0.4054596472499765
RpII215_portz,14,5473,1363,5.634139362015883,31.74352635061675,241.79494,0.5917129686689467
RpII215_portz,14,5473,1364,5.825002893922982,33.930658714211134,310.62744,0.6216687287501264
RpII215_portz,14,5473,1365,5.7093684569011245,32.59688817665753,153.7402,0.25408583106160243
RpII215_portz,14,5473,1366,5.9433920096193535,35.32390858000718,293.27603,0.7198569122012368
RpII215_portz,14,5473,1367,5.097948660208779,25.989080542124473,111.26001,0.5753219248647552
RpII215_portz,14,5473,1368,5.673215441152328,32.1853734417292,213.4176,0.49725961455445467
RpII215_portz,14,5473,1369,4.325643571784996,18.71119231012486,34.66299,0.2699432953830254
RpII215_portz,14,5473,1370,6.827621161463977,46.61641072447071,202.72101,0.4409551997587291
RpII215_portz,14,5473,1371,4.0167801612034895,16.13452286343793,86.71625,0.1849223868921567
RpII215_portz,14,5473,1372,4.387068715551084,19.246371914967035,204.23042,0.41879516151248836
RpII215_portz,14,5473,1373,3.7920006838454636,14.379269186284466,6.7418823,0.34130585481165215
RpII215_portz,14,5473,1374,7.4993592044679565,56.24038847763826,341.0516,0.6864981968227009
RpII215_portz,14,5473,1375,6.618026759946938,43.798278195373776,94.799194,0.7546218544620631
RpII215_portz,14,5473,1376,6.342400851917148,40.22604856639938,318.49817,0.42532318732546237
RpII215_portz,14,5473,1377,5.9946786353662835,35.93617194131697,274.73868,0.6503900858795674
RpII215_portz,14,5473,1378,5.019058887677198,25.190952117971467,141.24551,0.4732634164323731
RpII215_portz,14,5473,1379,4.161242436467823,17.315938615060663,42.606556,0.2524836793400921
RpII215_portz,14,5473,1380,7.8823173955958525,62.130927524913,447.54517,0.8555126600591236
RpII215_portz,14,5473,1381,4.342062227831195,18.8535043903584,188.67839,0.3821041618576354
RpII215_portz,14,5473,1382,4.18625184621125,17.5247045199071,60.325165,0.5312412828342111
RpII215_portz,14,5473,1383,6.328684907007557,40.05225265218525,359.08264,0.3752465113164088
RpII215_portz,14,5473,1384,4.711038206756399,22.193880985518547,93.35897,0.3923484111279543
RpII215_portz,14,5473,1385,3.3552420576843915,11.257649265654193,29.871275,0.17552548057649955
RpII215_portz,14,5473,1386,3.7137026595917,13.791587443858464,62.80466,0.1860445881387441
RpII215_portz,14,5473,1387,4.67404279236299,21.84667602484041,46.256325,0.17237007120019565
RpII215_portz,14,5473,1388,5.1492088178400035,26.51435144972124,35.622833,0.31903221893948563
RpII215_portz,14,5473,1389,4.952562877614637,24.527879056726576,162.75848,0.5847880765364146
RpII215_portz,14,5473,1390,5.265031085477957,27.72055233104919,160.56926,0.615737786361211
RpII215_portz,14,5473,1391,6.145080678329397,37.762016543177296,228.90474,0.12084032172488446
RpII215_portz,14,5473,1392,4.748249000883046,22.54586857438685,79.93815,0.1880395928222382
RpII215_portz,14,5473,1393,5.98783783858304,35.8542019811668,112.57333,0.5644084603137969
RpII215_portz,14,5473,1394,4.969431676069908,24.695251183126967,95.90704,0.3967159174669971
RpII215_portz,14,5473,1395,6.029852298275895,36.35911873902309,254.3644,0.23308058791811392
RpII215_portz,14,5473,1396,5.454708961219217,29.75384985160524,108.0484,0.49284564963305666
RpII215_portz,14,5473,1397,4.63778935141062,21.509090068057738,220.71808,0.44527832880701024
RpII215_portz,14,5473,1398,8.867486166388604,78.63231091109328,605.71655,0.6459236913758646
RpII215_portz,14,5473,1399,5.254274389828987,27.607399363612767,267.20828,0.4219506383459311
RpII215_portz,14,5473,1400,5.646098928850918,31.87843311437147,366.67407,0.41908138492912894
RpII215_portz,14,5473,1401,6.25920873276356,39.17769396030362,128.60977,0.6434011598700088
RpII215_portz,14,5473,1402,3.7571121864980634,14.115891981932258,61.861847,0.33552136135665395
RpII215_portz,14,5473,1403,6.884729250858945,47.399496857632776,443.33063,0.7580781624478129
RpII215_portz,14,5473,1404,2.851780101795036,8.132649748994108,23.029694,0.056118179189379475
RpII215_portz,14,5473,1405,6.340906432447409,40.207094385052926,274.59418,0.5788351606979951
RpII215_portz,14,5473,1406,5.4045034523926745,29.20865756692433,111.79998,0.5581302873152509
RpII215_portz,14,5473,1407,6.159427856553831,37.93855152009133,300.15237,0.529056725959624
RpII215_portz,14,5473,1408,6.272096939710219,39.3392000211223,130.62349,0.3588132628778352
RpII215_portz,14,5473,1409,4.689832704597667,21.994530797113878,96.277466,0.3870833965175336
RpII215_portz,14,5473,1410,5.542604298025133,30.720462404486682,112.66502,0.5299267175252689
RpII215_portz,14,5473,1411,5.45707526419941,29.779670439137046,74.185,0.6176801393854894
RpII215_portz,14,5473,1412,3.920808542867794,15.372739629825073,40.488743,0.4014781046774822
RpII215_portz,14,5473,1413,3.9178093105468124,15.349229793807293,17.12394,0.44350744413628107
RpII215_portz,14,5473,1414,6.2268303678671595,38.77341643019268,331.8706,0.30468881726003383
RpII215_portz,14,5473,1415,7.427104255171924,55.16187761719289,424.5323,0.5762432526871335
RpII215_portz,14,5473,1416,5.306567195228814,28.1596553974786,92.760544,0.2545615732547292
RpII215_portz,14,5473,1417,5.127221187888854,26.28839710953639,119.79794,0.5382136779071549
RpII215_portz,14,5473,1418,4.339625361102932,18.832348274727753,43.47395,0.4411424244746327
RpII215_portz,14,5473,1419,4.62045305224633,21.348586408012423,285.48428,0.3125549175830698
RpII215_portz,14,5473,1420,4.740728262035164,22.474504454458952,206.48317,0.3273254871247008
RpII215_portz,14,5473,1421,7.393992433960102,54.67112411345923,256.39923,0.5484441362885006
RpII215_portz,14,5473,1422,6.833162062186402,46.69210376810353,316.13123,0.6595486284642955
RpII215_portz,14,5473,1423,5.079328595488905,25.799578980951292,347.74268,0.4040641318490983
RpII215_portz,14,5473,1424,6.760371647590523,45.70262481354579,253.69955,0.48853293106470075
RpII215_portz,14,5473,1425,4.156181096707482,17.273841308628604,26.52234,0.3869886127452027
RpII215_portz,14,5473,1426,5.326309448586116,28.36957234209773,274.6294,0.6204766951164764
RpII215_portz,14,5473,1427,4.31074650273056,18.58253541080376,86.46099,0.25633798615314096
RpII215_portz,14,5473,1428,4.6139063848676685,21.288132128322633,11.546085,0.39271297053161003
RpII215_portz,14,5473,1429,5.082352089750061,25.8303027641868,247.67603,0.35296185858932455
RpII215_portz,14,5473,1430,3.433695979117379,11.790268077006855,51.03242,0.32531807276191804
RpII215_portz,14,5473,1431,5.3586992685563795,28.715657850826673,112.18326,0.1686763383473481
RpII215_portz,14,5473,1432,5.477443669904877,30.00238915698102,95.913574,0.4964240108957346
RpII215_portz,14,5473,1433,5.562385927893353,30.94013721082599,386.21942,0.5329653279018807
RpII215_portz,14,5473,1434,4.928033562831405,24.285514796392786,243.17313,0.5347310019383757
RpII215_portz,14,5473,1435,4.072636456926975,16.5863677102907,160.00073,0.4606045716599907
RpII215_portz,14,5473,1436,3.8128920853298287,14.538146054370845,131.57733,0.2664037327969416
RpII215_portz,14,5473,1437,5.213376183471523,27.179291230388106,88.87605,0.2247366988338585
RpII215_portz,14,5473,1438,5.361620710603112,28.746976644368218,315.2927,0.5135854767584411
RpII215_portz,14,5473,1439,4.430405714658506,19.62849479647875,148.31308,0.5418843580537005
RpII215_portz,14,5473,1440,3.594909501579564,12.923374324547018,108.91011,0.12355806098421587
RpII215_portz,14,5473,1441,5.505113163007794,30.306270937521674,64.44595,0.6604865600761811
RpII215_portz,14,5473,1442,4.709819888666609,22.182403383679546,62.793453,0.3572065506765866
RpII215_portz,14,5473,1443,3.9068200677308194,15.263243041624241,69.80074,0.23615617128165062
RpII215_portz,14,5473,1444,5.026612207751055,25.266830287111922,86.313126,0.38668347085391963
RpII215_portz,14,5473,1445,3.5601572022782104,12.674719304933419,44.31717,0.12939258252565078
RpII215_portz,14,5473,1446,4.938645957767341,24.3902238961717,71.91342,0.5289592804263223
RpII215_portz,14,5473,1447,3.393396326702338,11.515138630076923,47.72764,0.1883104034487585
RpII215_portz,14,5473,1448,3.414400615557396,11.658131563518726,76.814384,0.07400881867136203
RpII215_portz,14,5473,1449,3.23126572487645,10.44107818476133,60.828293,0.1509350731832784
RpII215_portz,14,5473,1450,3.5857955506832484,12.857929731299787,33.237778,0.1506439930296951
RpII215_portz,14,5473,1451,4.381194612019353,19.1948662283874,56.651356,0.322297462634956
RpII215_portz,14,5473,1452,5.659432034872709,32.029170957343446,177.88557,0.5689190753837142
RpII215_portz,14,5473,1453,4.235651239990977,17.940741426837096,254.42941,0.38607505038720785
RpII215_portz,14,5473,1454,4.316060256664877,18.628376139162082,43.449123,0.3273804600080846
RpII215_portz,14,5473,1455,6.6140129548116455,43.74516736641626,105.86422,0.20942877387582853
RpII215_portz,14,5473,1456,4.996169555064695,24.961710222955357,8.737083,0.3178320050393401
RpII215_portz,14,5473,1457,4.490448593861325,20.164128574111153,196.09572,0.24869412650780193
RpII215_portz,14,5473,1458,3.6407010397974173,13.254704061181995,61.08696,0.0963523569237193
RpII215_portz,14,5473,1459,4.119917611754203,16.973721127642456,64.64486,0.3255644604855844
RpII215_portz,14,5473,1460,3.70991445981543,13.763465299147615,259.73407,0.1805578839871366
RpII215_portz,14,5473,1461,3.647118509435297,13.301473421865548,35.325607,0.41191373862143654
RpII215_portz,14,5473,1462,4.815431938991405,23.188384759058522,59.025978,0.37056028247155515
RpII215_portz,14,5473,1463,5.004415626178623,25.044175759540774,117.5365,0.5344650409299092
RpII215_portz,14,5473,1464,6.086389209534941,37.04413360994338,61.641212,0.40915411768761734
RpII215_portz,14,5473,1465,6.184020961050373,38.24211524671037,287.06537,0.4778105893309403
RpII215_portz,14,5473,1466,5.943143943167532,35.32095992920891,222.80258,0.6310225524571527
RpII215_portz,14,5473,1467,4.571099333394231,20.89494911575718,252.71631,0.4620169364879127
RpII215_portz,14,5473,1468,4.242406493126138,17.99801285291883,64.7758,0.24499774574744887
RpII215_portz,14,5473,1469,4.30805622525936,18.559348439995926,158.97133,0.27630110391195883
RpII215_portz,14,5473,1470,5.455449937765541,29.76193402346605,280.19492,0.6523865862640712
RpII215_portz,14,5473,1471,2.9292957773216113,8.580773751034222,5.911461,0.07595974190005039
RpII215_portz,14,5473,1472,5.725838938820012,32.78523155330748,307.94867,0.7265220377325659
RpII215_portz,14,5473,1473,4.712533560852593,22.207972562162006,194.29132,0.31668248574648805
RpII215_portz,14,5473,1474,4.167109687723722,17.364803149520895,128.0131,0.47262865868035253
RpII215_portz,14,5473,1475,3.5873751430743965,12.869260417148045,34.265007,0.09623343965261347
RpII215_portz,14,5473,1476,4.429224375865235,19.61802857175878,160.23509,0.42758199090364946
RpII215_portz,14,5473,1477,5.188242799479819,26.9178633463542,13.040438,0.2706154965254154
RpII215_portz,14,5473,1478,3.7843860651280625,14.321577889935464,50.154007,0.28106261688088147
RpII215_portz,14,5473,1479,4.522161927213232,20.449948495936894,197.50067,0.29370557906974104
RpII215_portz,14,5473,1480,3.0018153562318934,9.010895432909614,27.618826,0.09542400019159655
RpII215_portz,14,5473,1481,5.137512572362377,26.39403543118148,108.92978,0.5308311588960084
RpII215_portz,14,5473,1482,4.44008496536077,19.71435449962275,13.839329,0.3302945485117239
RpII215_portz,14,5473,1483,4.7009512722674955,22.09894286423339,104.09133,0.3406957811091735
RpII215_portz,14,5473,1484,6.7836539873695125,46.0179614203543,424.00604,0.6844552184813942
RpII215_portz,14,5473,1485,4.832743856107145,23.355413178741347,129.33199,0.23213387512175904
RpII215_portz,14,5473,1486,5.4307831707488825,29.49340584768929,257.40054,0.2818390953218789
RpII215_portz,14,5473,1487,6.523834230481177,42.560413066797956,386.87402,0.5822460437889182
RpII215_portz,14,5473,1488,5.1919828215893835,26.95668561967926,216.61319,0.6569819288858074
RpII215_portz,14,5473,1489,5.026471761195877,25.265418366099578,184.04935,0.30155497889008337
RpII215_portz,14,5473,1490,4.237086177823406,17.952899278302166,99.719215,0.18168895960368958
RpII215_portz,14,5473,1491,3.928296778605937,15.431515580805783,41.19137,0.15472797559768342
RpII215_portz,14,5473,1492,6.238941882090628,38.92439580810454,129.9752,0.6347410479303809
RpII215_portz,14,5473,1493,3.6123040448462134,13.04874051241231,81.8147,0.27751660436984565
RpII215_portz,14,5473,1494,4.185940580866065,17.52209854654133,48.736275,0.2946275388638917
RpII215_portz,14,5473,1495,4.043379642349806,16.348918932168843,21.331047,0.4716145651139849
RpII215_portz,14,5473,1496,4.336557171975415,18.80572810581141,143.7155,0.6523447779495438
RpII215_portz,14,5473,1497,5.026815221200255,25.268871268090567,196.56398,0.5334709361163401
RpII215_portz,14,5473,1498,5.294262805220538,28.029218650741637,260.00623,0.42690549680372003
RpII215_portz,14,5473,1499,5.561635405336501,30.931788381892506,125.79466,0.3900299746952868
RpII215_portz,14,5473,1500,2.9349909443374336,8.614171843342742,37.935608,0.04477885437906048
RpII215_portz,14,5473,1501,4.289096298453021,18.396347057403403,176.24272,0.25549908118488085
RpII215_portz,14,5473,1502,5.605852188424249,31.425578758460947,312.26727,0.5362251868735468
RpII215_portz,14,5473,1503,5.135584423002071,26.374227365781522,228.20421,0.5095842254531597
RpII215_portz,14,5473,1504,5.204271546280947,27.08444232742948,341.57812,0.4499177352338021
RpII215_portz,14,5473,1505,5.291523215091247,28.00021793584961,77.59063,0.4355045976929399
RpII215_portz,14,5473,1506,4.5663978000350625,20.85198886816505,71.24444,0.3223259025925418
RpII215_portz,14,5473,1507,5.598031130843362,31.337952541891408,258.1942,0.26795416024472496
RpII215_portz,14,5473,1508,4.440912274777658,19.721701832270888,85.69495,0.4201834206580129
RpII215_portz,14,5473,1509,4.452000847179849,19.820311543290092,58.681694,0.2849811848692687
RpII215_portz,14,5473,1510,5.0110245066303465,25.1103666060499,126.66838,0.5433779942399132
RpII215_portz,14,5473,1511,5.766035272674836,33.247162765730366,197.93422,0.6609929496851716
RpII215_portz,14,5473,1512,7.362349869491391,54.2041956007999,454.84662,0.6784605541562416
RpII215_portz,14,5473,1513,5.670016629705902,32.149088581141484,159.00229,0.27252370639642975
RpII215_portz,14,5473,1514,4.271407877029036,18.244925251945702,79.60036,0.12774582451958766
RpII215_portz,14,5473,1515,6.191912664669084,38.339782446889394,249.4082,0.5658549995354807
RpII215_portz,14,5473,1516,4.804487442504076,23.083099585179358,214.97188,0.2637017481572548
RpII215_portz,14,5473,1517,4.820664449300161,23.238805732746425,50.23002,0.4723591856712219
RpII215_portz,14,5473,1518,4.227900525254493,17.875142851447222,105.448265,0.20686481701275586
RpII215_portz,14,5473,1519,6.196879134446939,38.40131100694388,203.30536,0.7254651369515062
RpII215_portz,14,5473,1520,7.428098812953924,55.176651975007516,648.25903,0.6165635132557634
RpII215_portz,14,5473,1521,4.523755561749775,20.464364382462026,147.63083,0.6144646310476259
RpII215_portz,14,5473,1522,4.88617601905112,23.874716089150255,218.20496,0.37249709387587016
RpII215_portz,14,5473,1523,4.762474551980963,22.681163858266274,117.74912,0.22338062124326274
RpII215_portz,14,5473,1524,5.057331684060437,25.57660376260158,79.14812,0.3054279304596404
RpII215_portz,14,5473,1525,5.437407038927173,29.56539530697476,486.3442,0.5923225616394006
RpII215_portz,14,5473,1526,4.086701780142078,16.701131439816425,147.27704,0.17119136535149265
RpII215_portz,14,5473,1527,4.927117256410668,24.27648445841978,89.333694,0.5568739812321389
RpII215_portz,14,5473,1528,4.791241786811421,22.955997859687898,139.59058,0.6222250816378608
RpII215_portz,14,5473,1529,6.383893147913447,40.75409172397627,144.74133,0.61424670185933
RpII215_portz,14,5473,1530,3.9634636037118955,15.709043737948887,66.87331,0.06645019212906043
RpII215_portz,14,5473,1531,4.532425388542555,20.542879902705124,96.41759,0.22024093956996224
RpII215_portz,14,5473,1532,3.7077165432913,13.747161965395986,118.06463,0.38276778571022607
RpII215_portz,14,5473,1533,5.496377284780356,30.210163256649466,128.78947,0.5128457241344093
RpII215_portz,14,5473,1534,5.854031129297468,34.26968046278379,172.18765,0.575696300766386
RpII215_portz,14,5473,1535,4.375272863912916,19.143012633692717,70.35396,0.36732249366667385
RpII215_portz,14,5473,1536,5.881391340677415,34.59076410219527,167.99089,0.24197903502132107
RpII215_portz,14,5473,1537,4.896691642811127,23.97758904477634,146.51515,0.5872768268285296
RpII215_portz,14,5473,1538,3.8530282477678455,14.845826678096953,8.247358,0.2740726769703819
RpII215_portz,14,5473,1539,4.2426996314641645,18.000500162826157,108.83059,0.3315198937361967
RpII215_portz,14,5473,1540,5.484179741015715,30.076227431767208,34.185795,0.36033420396049676
RpII215_portz,14,5473,1541,4.411971759721597,19.465494808580882,145.50298,0.24559154579247994
RpII215_portz,14,5473,1542,4.648561362683108,21.609122742630245,133.59804,0.4639617922821415
RpII215_portz,14,5473,1543,6.210007969852277,38.5641989856288,512.9185,0.630757822549935
RpII215_portz,14,5473,1544,3.430441347365329,11.767927837713652,2.410636,0.1703672810482678
RpII215_portz,14,5473,1545,4.415625331110406,19.497747064743884,65.732864,0.32621351941253873
RpII215_portz,14,5473,1546,3.5458238881815465,12.5728670459989,12.383062,0.08894588728818524
RpII215_portz,14,5473,1547,6.050405512975966,36.60740687144997,266.8146,0.5031400450777717
RpII215_portz,14,5473,1548,4.57845817278576,20.962279239948728,130.53183,0.24278494443943774
RpII215_portz,14,5473,1549,5.817608964366011,33.844574062271775,218.27373,0.6326162950498175
RpII215_portz,14,5473,1550,5.897739950796968,34.78333652722662,131.54697,0.5558336484807671
RpII215_portz,14,5473,1551,4.928858767018496,24.293648745215087,197.10745,0.41971844678582576
RpII215_portz,14,5473,1552,6.530396850309241,42.64608302252884,316.1165,0.3413075618753665
RpII215_portz,14,5473,1553,7.151180286716719,51.13937949312582,446.09073,0.5387955848712563
RpII215_portz,14,5473,1554,8.396263778565162,70.4972454392454,493.962,0.857119513347113
RpII215_portz,14,5473,1555,5.882026492594095,34.59823565957879,55.83634,0.3730009019379699
RpII215_portz,14,5473,1556,5.431878932966757,29.505308742408086,143.04521,0.38231824390259617
RpII215_portz,14,5473,1557,6.159402872268241,37.938243742906245,369.71158,0.5907630220163302
RpII215_portz,14,5473,1558,5.772295969154463,33.31940075551686,173.83563,0.4407939432461039
RpII215_portz,14,5473,1559,5.551309935752622,30.81704200278579,383.21756,0.3270638385871357
RpII215_portz,14,5473,1560,6.594596166183016,43.48869859503572,532.20325,0.636264662262011
RpII215_portz,14,5473,1561,6.367192402379212,40.541139088915564,294.59305,0.6813629974274653
RpII215_portz,14,5473,1562,5.651493783320688,31.93938198291238,183.13437,0.39712233746936365
RpII215_portz,14,5473,1563,4.797771112335528,23.018607646361293,127.28086,0.39687947272005375
RpII215_portz,14,5473,1564,4.1074568797345465,16.87120201887866,72.793396,0.13772611181574673
RpII215_portz,14,5473,1565,5.509785930603769,30.357741001079237,68.39247,0.3580564464225993
RpII215_portz,14,5473,1566,5.420038046061533,29.376812420754526,312.06897,0.4451242486532784
RpII215_portz,14,5473,1567,4.241893614947716,17.9936614405342,123.39012,0.27497001587507
RpII215_portz,14,5473,1568,4.202484115276685,17.660872739152868,35.401867,0.2531730600704119
RpII215_portz,14,5473,1569,5.413858035197618,29.309858825273807,162.53212,0.2701180204749074
RpII215_portz,14,5473,1570,4.31982092398217,18.66085281527417,61.25901,0.17138102229271102
RpII215_portz,14,5473,1571,3.8804850841019687,15.058164487937862,122.36694,0.1357799908817876
RpII215_portz,14,5473,1572,5.5269401931208435,30.547067898334664,337.7521,0.7427952010636061
RpII215_portz,14,5473,1573,3.57118842537339,12.753386769520876,3.354291,0.16741653358075387
RpII215_portz,14,5473,1574,5.551507548874002,30.81923606520503,101.975555,0.3178480265283754
RpII215_portz,14,5473,1575,6.377571086695288,40.673412965851725,338.87698,0.5271825144401803
RpII215_portz,14,5473,1576,7.379668649024613,54.459509369396734,109.25176,0.7152708461867571
RpII215_portz,14,5473,1577,5.078955976022181,25.795793806371435,51.933594,0.2315336532067635
RpII215_portz,14,5473,1578,2.6406823361985565,6.973203200711066,7.537678,0.17301064470887864
RpII215_portz,14,5473,1579,7.346695462886939,53.973934224403536,366.15643,0.8343279156184267
RpII215_portz,14,5473,1580,4.073013943189677,16.58944258141752,3.7490032,0.11214799456895716
RpII215_portz,14,5473,1581,6.1800509636606025,38.193029913442324,207.58737,0.410292118064447
RpII215_portz,14,5473,1582,5.491944319227997,30.161452405500672,222.64821,0.36797247329533767
RpII215_portz,14,5473,1583,5.254883174869602,27.61379718152763,127.70322,0.5408822132645376
RpII215_portz,14,5473,1584,4.505128833333651,20.296185804934215,293.98306,0.6174542350235637
RpII215_portz,14,5473,1585,5.81504227924134,33.81471670936431,202.56868,0.23307463117814214
RpII215_portz,14,5473,1586,6.504569969116268,42.30943048312922,123.7418,0.6456340815912412
RpII215_portz,14,5473,1587,4.5148115240085005,20.38352309731997,64.60392,0.2854303594565085
RpII215_portz,14,5473,1588,4.666669110506023,21.777800586951074,129.69421,0.14390921676369162
RpII215_portz,14,5473,1589,3.6055565392637816,13.00003795782782,48.729362,0.17006066626773386
RpII215_portz,14,5473,1590,5.137216526295546,26.390993638044083,179.11548,0.5151364645766385
RpII215_portz,14,5473,1591,5.139303210043992,26.412437484768482,89.5193,0.42866617280887637
RpII215_portz,14,5473,1592,5.201380320843121,27.05435724205408,95.27757,0.16081664222469197
RpII215_portz,14,5473,1593,5.179695226568502,26.82924264013653,29.985842,0.16638138161589383
RpII215_portz,14,5473,1594,7.896081738804482,62.3481068258816,444.97824,0.6320798179456719
RpII215_portz,14,5473,1595,4.8424567034551504,23.44938692483771,118.273605,0.5420678046235362
RpII215_portz,14,5473,1596,5.445941313020492,29.65827678486334,237.8329,0.46141490911402827
RpII215_portz,14,5473,1597,9.383952828497868,88.05857068747311,652.6054,0.6834535965428005
RpII215_portz,14,5473,1598,5.751345997555325,33.07798078359566,334.91672,0.5636782158970981
RpII215_portz,14,5473,1599,7.756387194279113,60.16154230757702,532.30206,0.730961494023894
RpII215_portz,14,5473,1600,5.365555810753357,28.789189158309124,214.09729,0.6157048628823799
RpII215_portz,14,5473,1601,4.042367262071905,16.340733081470713,72.68686,0.4562929842947234
RpII215_portz,14,5473,1602,5.096046705642712,25.969692026091934,205.17184,0.618650689660398
RpII215_portz,14,5473,1603,5.173584132841351,26.7659727795878,219.42108,0.36723709926959014
RpII215_portz,14,5473,1604,5.106083067472336,26.07208429192771,102.39412,0.2810805461413645
RpII215_portz,14,5473,1605,3.6092354856159665,13.026580790629522,96.60841,0.21219255632274303
RpII215_portz,14,5473,1606,4.501568237993242,20.26411660130957,82.16879,0.3589435098509721
RpII215_portz,14,5473,1607,4.99099084919273,24.909989656725564,216.86926,0.2487849698186255
RpII215_portz,14,5473,1608,5.9785421068949525,35.74296572391594,212.76541,0.5138631587300032
RpII215_portz,14,5473,1609,5.2021019987023625,27.061865204903118,298.7189,0.3899873713970927
RpII215_portz,14,5473,1610,4.203591761341071,17.670183696014533,68.61032,0.24959465057265848
RpII215_portz,14,5473,1611,7.39709286464343,54.71698284815876,234.33824,0.6728288994223175
RpII215_portz,14,5473,1612,7.677542088103261,58.94465251459699,424.6905,0.7868615355162758
RpII215_portz,14,5473,1613,4.258892397202987,18.138164450953408,283.01138,0.3798127329805013
RpII215_portz,14,5473,1614,7.518879988313676,56.53355627866388,236.39465,0.7395054064435391
RpII215_portz,14,5473,1615,4.874298864240222,23.758789417933517,55.553814,0.5674016511979134
RpII215_portz,14,5473,1616,5.571225550420384,31.03855413365691,193.2732,0.5374096802030853
RpII215_portz,14,5473,1617,5.253378124932821,27.597981723522686,104.0463,0.30264669398546207
RpII215_portz,14,5473,1618,4.950045532958056,24.502950778357995,83.85899,0.29593914797367654
RpII215_portz,14,5473,1619,4.1338494313056895,17.088711120706375,232.71484,0.2363266570771159
RpII215_portz,14,5473,1620,5.541261767967038,30.705581981133182,162.78325,0.6188743747427444
RpII215_portz,14,5473,1621,8.023463364913882,64.37596436811516,563.4071,0.7656922707885312
RpII215_portz,14,5473,1622,4.574530878662635,20.926332759837948,109.62374,0.23573315336594258
RpII215_portz,14,5473,1623,6.708834972149291,45.00846668353337,70.46473,0.5056197102302965
RpII215_portz,14,5473,1624,4.935256989825192,24.356761555618423,301.49377,0.3636908692785515
RpII215_portz,14,5473,1625,4.013786713032807,16.110483777718702,86.612,0.18887251440439212
RpII215_portz,14,5473,1626,3.9570679121757784,15.658386461571169,25.45592,0.4175652181502546
RpII215_portz,14,5473,1627,5.7786762525677675,33.393099231990654,252.0349,0.4957107277481354
RpII215_portz,14,5473,1628,6.860938399584791,47.07247572289712,227.81897,0.7577843072566857
RpII215_portz,14,5473,1629,5.4889010107992515,30.128034306353047,95.4671,0.6394513404656084
RpII215_portz,14,5473,1630,5.90140198651577,34.82654540645227,267.7337,0.6229480814919095
RpII215_portz,14,5473,1631,4.325718594590781,18.711841359588444,37.816113,0.3750069178671293
RpII215_portz,14,5473,1632,6.165152619006237,38.00910681563947,286.92386,0.7157686575234284
RpII215_portz,14,5473,1633,3.9123178535551753,15.306230987246579,87.28706,0.16276284159645413
RpII215_portz,14,5473,1634,5.5253237159926964,30.529202166511343,93.77722,0.3298006737366925
RpII215_portz,14,5473,1635,6.218879128079271,38.674457609659996,157.8653,0.622076081241193
RpII215_portz,14,5473,1636,6.184147844838733,38.243684566823546,228.92403,0.547505413650326
RpII215_portz,14,5473,1637,4.321393998990275,18.67444609450916,23.86471,0.39316034812878564
RpII215_portz,14,5473,1638,3.9602480754219824,15.683564818883514,63.13577,0.3329738778086908
RpII215_portz,14,5473,1639,4.134033641037636,17.090234145230895,82.60521,0.1753596289078071
RpII215_portz,14,5473,1640,4.877791837370319,23.792853208716522,212.37903,0.2837472418643773
RpII215_portz,14,5473,1641,6.174761617335088,38.12768103091465,262.86914,0.6977835144977715
RpII215_portz,14,5473,1642,5.5687543657234935,31.011025185764467,279.55127,0.3026331088907638
RpII215_portz,14,5473,1643,4.573126523418768,20.913486199196242,128.78096,0.20543763003241095
RpII215_portz,14,5473,1644,5.277045649752944,27.84721078957646,173.48618,0.5557019713274174
RpII215_portz,14,5473,1645,7.225181387980357,52.203246089217764,270.2033,0.6249378082724767
RpII215_portz,14,5473,1646,4.061367520624336,16.494706137582266,53.291462,0.1937715811553959
RpII215_portz,14,5473,1647,4.841198620150327,23.43720407974542,122.13102,0.510999118750963
RpII215_portz,14,5473,1648,5.824251939872301,33.921910659106246,290.11588,0.3954033015222804
RpII215_portz,14,5473,1649,5.728198224863997,32.81225490333505,120.149605,0.5655911894282648
RpII215_portz,14,5473,1650,5.984843528934028,35.8183520658235,224.49117,0.744484274362803
RpII215_portz,14,5473,1651,6.3002341729406695,39.6929506338894,261.4928,0.37831683293468665
RpII215_portz,14,5473,1652,5.382330348622627,28.969479981704172,206.33005,0.374288621484269
RpII215_portz,14,5473,1653,3.910038024432859,15.288397352510813,24.09185,0.15810607948691224
RpII215_portz,14,5473,1654,3.9148399953599635,15.325972189269997,65.41348,0.14089165400189965
RpII215_portz,14,5473,1655,5.568365114651265,31.006690050065195,158.78691,0.24689991897350136
RpII215_portz,14,5473,1656,4.703967182793553,22.127307256798716,144.8099,0.37520445282226134
RpII215_portz,14,5473,1657,5.270101133952345,27.773965962085793,85.74537,0.49322141959742555
RpII215_portz,14,5473,1658,4.246986471692676,18.036894090740613,61.155083,0.09518148622536401
RpII215_portz,14,5473,1659,6.003278755018349,36.03935581045468,129.58794,0.5482919925912224
RpII215_portz,14,5473,1660,6.243586997006456,38.98237858918809,308.61523,0.6008316303365
RpII215_portz,14,5473,1661,4.140063541677391,17.14012612912635,77.91207,0.2812139210788349
RpII215_portz,14,5473,1662,6.250777989972831,39.07222547992879,125.49317,0.48920303114793295
RpII215_portz,14,5473,1663,6.726537935112965,45.2463125925138,204.14746,0.6414670839910609
RpII215_portz,14,5473,1664,4.272513686164111,18.25437319845964,70.10884,0.26971427045763996
RpII215_portz,14,5473,1665,4.8115715173876685,23.15122046693629,164.6477,0.5444097009395237
RpII215_portz,14,5473,1666,3.5118893584468456,12.333366865972195,116.934845,0.3972296193443852
RpII215_portz,14,5473,1667,4.626420687858278,21.403768381043058,127.68009,0.3666969664559881
RpII215_portz,14,5473,1668,5.004474602423972,25.04476604630657,125.46897,0.37365997503861775
RpII215_portz,14,5473,1669,5.603992943013406,31.404736905344066,145.07729,0.32576953816586957
RpII215_portz,14,5473,1670,5.413662432906763,29.307740937465987,199.22765,0.4915925299491054
RpII215_portz,14,5473,1671,3.6962564889658713,13.662312032222308,64.45931,0.18194614395354863
RpII215_portz,14,5473,1672,3.4775077328401234,12.093060031962851,18.193218,0.16804503322442643
RpII215_portz,14,5473,1673,4.145917292285693,17.188630194473532,45.89779,0.34975154602110176
RpII215_portz,14,5473,1674,4.668475812598876,21.79466641282073,91.32549,0.35961088079071457
RpII215_portz,14,5473,1675,4.787340522095981,22.91862927450223,228.70793,0.6228322086134659
RpII215_portz,14,5473,1676,6.4373620959478535,41.43963075434614,108.25406,0.41236604802687843
RpII215_portz,14,5473,1677,5.629530189931012,31.6916101593447,395.93152,0.6171474337747256
RpII215_portz,14,5473,1678,3.5543196694626005,12.633188312728729,20.187477,0.09958438170540537
RpII215_portz,14,5473,1679,7.03972959512942,49.55779277254101,388.7193,0.810533285430779
RpII215_portz,14,5473,1680,7.046249790407881,49.64963610882309,312.45877,0.4975072173073516
RpII215_portz,14,5473,1681,4.344233554462181,18.872365175715117,114.31846,0.34242110607939424
RpII215_portz,14,5473,1682,7.099410801727014,50.401633731678196,225.9325,0.7773053952146477
RpII215_portz,14,5473,1683,3.840012388694785,14.745695145329424,41.79678,0.1372203426683011
RpII215_portz,14,5473,1684,4.4569447487577865,19.864356493479598,193.81186,0.46826032400018913
RpII215_portz,14,5473,1685,3.1959090618101476,10.213834731360219,32.77068,0.11058838322918473
RpII215_portz,14,5473,1686,4.198428875701941,17.62680502432786,138.8876,0.3409931758001604
RpII215_portz,14,5473,1687,8.880911056982828,78.87058120203986,571.2927,0.674225368933218
RpII215_portz,14,5473,1688,6.529809878565884,42.638417050216574,88.72168,0.6423694105202137
RpII215_portz,14,5473,1689,4.293721938796726,18.43604808770432,31.276281,0.355833283105659
RpII215_portz,14,5473,1690,5.5733259666567925,31.06196233061087,118.71294,0.5615349368197216
RpII215_portz,14,5473,1691,3.69743635718179,13.671035615409746,57.115284,0.23821714985036713
RpII215_portz,14,5473,1692,3.4836772289832942,12.136007035736725,28.881254,0.24383267879219922
RpII215_portz,14,5473,1693,5.581253036118323,31.150385453180007,66.96866,0.2169982307695562
RpII215_portz,14,5473,1694,5.662601403328094,32.06505465297329,182.01152,0.5745661511736131
RpII215_portz,14,5473,1695,4.178047061309387,17.45607724651601,76.91963,0.5353443228038586
RpII215_portz,14,5473,1696,4.112450628434917,16.91225017131475,55.725365,0.29899985451787436
RpII215_portz,14,5473,1697,7.1585454284639285,51.244772651381815,205.93356,0.7432276976968217
RpII215_portz,14,5473,1698,4.1987324084537345,17.629353837799698,117.48799,0.2362403863277471
RpII215_portz,14,5473,1699,4.396279615264366,19.327274455589002,83.66085,0.3142560392997622
RpII215_portz,14,5473,1700,3.5520885515793195,12.617333078260872,31.816774,0.23898069563230703
RpII215_portz,14,5473,1701,4.120386466885825,16.97758463649585,133.63832,0.21774351521443058
RpII215_portz,14,5473,1702,5.580639543610841,31.14353771571303,69.73131,0.31763658064051015
RpII215_portz,14,5473,1703,3.8244166436323077,14.626162664091801,58.906532,0.1974265331159653
RpII215_portz,14,5473,1704,4.158655334908749,17.294414194565,81.4307,0.26802833114074487
RpII215_portz,14,5473,1705,4.478685868634722,20.058627109908354,244.96384,0.25172269681989823
RpII215_portz,14,5473,1706,5.416419605095577,29.33760133846372,217.77357,0.41569658897128514
RpII215_portz,14,5473,1707,6.566079778806976,43.113403661657856,184.99196,0.6141901294191507
RpII215_portz,14,5473,1708,6.6381633177595845,44.06521223324893,336.06665,0.6628387679644424
RpII215_portz,14,5473,1709,5.535153525953631,30.637924555876918,197.72134,0.6386576586528371
RpII215_portz,14,5473,1710,4.803528582549776,23.073886843372662,162.75882,0.5084344096483555
RpII215_portz,14,5473,1711,4.402014920551774,19.377735360760436,110.80867,0.2965099778405487
RpII215_portz,14,5473,1712,4.52793090795209,20.502158307187837,73.47649,0.24806896046837323
RpII215_portz,14,5473,1713,4.890254926693875,23.91459324805372,98.27489,0.3850981939877367
RpII215_portz,14,5473,1714,6.2527951608688985,39.09744732378551,360.26627,0.5498197791932031
RpII215_portz,14,5473,1715,5.502910850006394,30.282027823118106,212.66064,0.45362479842447334
RpII215_portz,14,5473,1716,4.027308520407393,16.219213918545982,105.567955,0.2437442440954902
RpII215_portz,14,5473,1717,3.3747856257098032,11.389178019497516,16.31255,0.16370844997254827
RpII215_portz,14,5473,1718,3.3339441627438147,11.115183680293557,59.339466,0.3303205138285371
RpII215_portz,14,5473,1719,4.939076563759668,24.394477302680013,114.45364,0.43497063078272147
RpII215_portz,14,5473,1720,4.804672015933583,23.084873180695283,166.22873,0.21383451078938787
RpII215_portz,14,5473,1721,5.757048857100003,33.14361154303645,218.85527,0.5426063424842948
RpII215_portz,14,5473,1722,5.258362684753227,27.65037812440518,168.88516,0.43962091838114464
RpII215_portz,14,5473,1723,3.9356179497851236,15.489088646670856,23.982624,0.21943081399463463
RpII215_portz,14,5473,1724,5.5181958263756865,30.450485178230032,96.04427,0.30771359849373103
RpII215_portz,14,5473,1725,4.429453340387377,19.620056894668895,71.143105,0.3165090736754663
RpII215_portz,14,5473,1726,4.437365634560768,19.690213774780883,178.85054,0.5632400631770875
RpII215_portz,14,5473,1727,3.3679029411846817,11.342770221240432,68.193634,0.05120570873950457
RpII215_portz,14,5473,1728,4.24305427108214,18.00350954734839,139.61765,0.5576660651629186
RpII215_portz,14,5473,1729,4.119502323387773,16.97029939239726,72.14552,0.2237760341854519
RpII215_portz,14,5473,1730,4.865648518079968,23.674535501493782,23.275175,0.6363016390728241
RpII215_portz,14,5473,1731,4.615462677054476,21.302495723282874,172.9955,0.28755922416150703
RpII215_portz,14,5473,1732,4.436359229261715,19.681283211055604,179.14069,0.49769609857773023
RpII215_portz,14,5473,1733,4.0344815368375855,16.277041271083366,67.17641,0.09259573248435643
RpII215_portz,14,5473,1734,4.980830408534377,24.808671558580738,178.69498,0.30355646583796525
RpII215_portz,14,5473,1735,4.0562614101383305,16.453256627377396,79.118805,0.39255442145021086
RpII215_portz,14,5473,1736,4.208190346026942,17.708865988394358,134.21843,0.29541026556164635
RpII215_portz,14,5473,1737,4.929457096028193,24.299547261582696,266.96542,0.5669447569189103
RpII215_portz,14,5473,1738,6.750965871835066,45.57554020268179,326.58646,0.6553170552759755
RpII215_portz,14,5473,1739,7.197279851642797,51.80083726286334,249.55394,0.8299981037297046
RpII215_portz,14,5473,1740,4.116221247179311,16.943277355730398,1.355426,0.3707324993944639
RpII215_portz,14,5473,1741,3.6843861697118045,13.574701447563625,51.19046,0.10251897609986003
RpII215_portz,14,5473,1742,4.7910011638544345,22.95369215205454,37.974525,0.44809874178913933
RpII215_portz,14,5473,1743,5.292074586176966,28.00605342566011,41.398254,0.3482096175613194
RpII215_portz,14,5473,1744,4.811410384698041,23.149669889980135,127.27649,0.5417494629608826
RpII215_portz,14,5473,1745,5.5055405690846575,30.310976957837017,224.0561,0.6135451663858158
RpII215_portz,14,5473,1746,6.391670207909065,40.85344804667229,581.15314,0.7614047240177787
RpII215_portz,14,5473,1747,5.934369920970493,35.21674635891934,123.73963,0.5380554952122766
RpII215_portz,14,5473,1748,5.656978865540508,32.00140988517198,247.04616,0.4795313777248591
RpII215_portz,14,5473,1749,4.986516892543233,24.865350719619013,78.6755,0.27736812968009084
RpII215_portz,14,5473,1750,4.408732184963039,19.436919478728978,107.724556,0.38043053522505405
RpII215_portz,14,5473,1751,2.8375152685482488,8.051492899244442,16.476887,0.08645479538392722
RpII215_portz,14,5473,1752,3.9658231547382967,15.727753294658415,74.757355,0.145995410523484
RpII215_portz,14,5473,1753,5.135257990304035,26.37087462698144,219.40625,0.570897272637544
RpII215_portz,14,5473,1754,6.781653208784764,45.99082024422069,252.68471,0.6131840949737848
RpII215_portz,14,5473,1755,5.246066388597534,27.52121255357276,131.29901,0.39687876026204727
RpII215_portz,14,5473,1756,5.761255687287379,33.192067094301166,335.98526,0.4642867121881205
RpII215_portz,14,5473,1757,4.219071720823978,17.80056618545661,218.52043,0.16418107340607502
RpII215_portz,14,5473,1758,4.937030019848235,24.37426541688267,49.017357,0.1927793045383371
RpII215_portz,14,5473,1759,5.192580802543423,26.962895390942496,140.09021,0.46987890684819417
RpII215_portz,14,5473,1760,5.226129853563919,27.31243324631204,251.02975,0.4707003914093574
RpII215_portz,14,5473,1761,4.783152752693383,22.87855025559828,77.220474,0.39631659015556714
RpII215_portz,14,5473,1762,3.983289830510235,15.866597873846255,12.435718,0.06939224705311237
RpII215_portz,14,5473,1763,4.3011075132712415,18.49952584071832,86.70421,0.3290957651906421
RpII215_portz,14,5473,1764,5.623222830611096,31.62063500270588,314.7312,0.49644651116409244
RpII215_portz,14,5473,1765,6.1858558948578555,38.264813151947685,282.28412,0.6395719747518469
RpII215_portz,14,5473,1766,6.354497860571808,40.37964306001168,344.4918,0.43012756897781224
RpII215_portz,14,5473,1767,4.166071421475061,17.356151088831236,102.91447,0.15153043345840544
RpII215_portz,14,5473,1768,6.20171101788113,38.4612195493082,220.31609,0.4423218353313174
RpII215_portz,14,5473,1769,4.988237546255915,24.88251381787724,65.379196,0.2526064071067797
RpII215_portz,14,5473,1770,6.103742707312398,37.25567503706929,146.30951,0.513470755639468
RpII215_portz,14,5473,1771,3.8499757330668034,14.82231314520327,120.05192,0.32538481343234604
RpII215_portz,14,5473,1772,6.566073033235823,43.11331507778667,224.41673,0.41913321751063426
RpII215_portz,14,5473,1773,5.949333188229741,35.39456538457185,199.76678,0.5623345861076592
RpII215_portz,14,5473,1774,3.686796599694395,13.592469167518155,34.671238,0.3460705802787165
RpII215_portz,14,5473,1775,4.556324392056082,20.760091965645227,222.65085,0.4472632039133819
RpII215_portz,14,5473,1776,6.6838260497087125,44.67353066276476,189.83173,0.5368161352757324
RpII215_portz,14,5473,1777,4.752322809546119,22.584572086132322,213.00082,0.5450320850587296
RpII215_portz,14,5473,1778,4.359599954963775,19.00611176732015,246.61559,0.4652756518516543
RpII215_portz,14,5473,1779,4.174533829973645,17.42673269759442,82.98259,0.20219100629717415
RpII215_portz,14,5473,1780,6.980521415083637,48.727679226441275,392.15524,0.5478563942734366
RpII215_portz,14,5473,1781,5.298658011634889,28.075776724262596,170.75542,0.3707962551792369
RpII215_portz,14,5473,1782,6.235073051195522,38.87613595374464,166.36035,0.7031519602760334
RpII215_portz,14,5473,1783,3.7780909128630045,14.273970945858013,47.39533,0.2483448660069988
RpII215_portz,14,5473,1784,5.692787079901178,32.40782473708977,67.95824,0.3517719976067462
RpII215_portz,14,5473,1785,6.04654664664567,36.56072635006199,192.72208,0.3849728160696242
RpII215_portz,14,5473,1786,3.8749720809560917,15.015408628189185,6.3232145,0.14990899580998068
RpII215_portz,14,5473,1787,5.218785101936776,27.235717940197226,218.53705,0.368328509605965
RpII215_portz,14,5473,1788,5.653554305238815,31.962676282284335,313.1079,0.5366930803920064
RpII215_portz,14,5473,1789,6.088440489460554,37.06910759370267,186.25505,0.5265259454042784
RpII215_portz,14,5473,1790,5.991127115102557,35.89360410931709,221.36896,0.4114775449996817
RpII215_portz,14,5473,1791,5.665741170246061,32.10062300822122,98.16654,0.1601151549141489
RpII215_portz,14,5473,1792,4.999941195532917,24.999411958787135,275.72266,0.2709164714378857
RpII215_portz,14,5473,1793,6.075739511427587,36.914610610722335,446.49823,0.5217292367506461
RpII215_portz,14,5473,1794,3.8692543272404856,14.971129048869221,52.341614,0.19780416142584467
RpII215_portz,14,5473,1795,4.032427567804169,16.260472089587054,127.30218,0.21769817332837565
RpII215_portz,14,5473,1796,5.0060520242461495,25.060556869458967,94.09374,0.23399004486021852
RpII215_portz,14,5473,1797,5.610737834844992,31.480379051361066,114.591805,0.36226640141777305
RpII215_portz,14,5473,1798,5.118739664225379,26.201495750114155,134.72359,0.3705263161331722
RpII215_portz,14,5473,1799,5.8623262308141735,34.366868836491896,329.59552,0.5641638609228623
RpII215_portz,14,5473,1800,4.392109467624615,19.290625575597776,67.3851,0.24738070125981043
RpII215_portz,14,5473,1801,4.719617528644333,22.27478961668684,155.44012,0.13542999141190012
RpII215_portz,14,5473,1802,7.047670700400413,49.66966230128246,317.4062,0.5099878222213505
RpII215_portz,14,5473,1803,5.172968019162012,26.75959812727296,131.7643,0.40268827006044594
RpII215_portz,14,5473,1804,6.267101392367129,39.27655986220999,231.14465,0.5838240901638395
RpII215_portz,14,5473,1805,8.041054110970153,64.65855121555,462.10883,0.5077829852175534
RpII215_portz,14,5473,1806,6.83023476004523,46.65210687733013,487.90836,0.7137512264553059
RpII215_portz,14,5473,1807,5.455427146245423,29.761685347991477,79.261314,0.3661110497730915
RpII215_portz,14,5473,1808,3.262882506879944,10.646402253703148,29.951412,0.13239033531136776
RpII215_portz,14,5473,1809,4.5927213664063595,21.093089549445494,180.95036,0.49736227737264216
RpII215_portz,14,5473,1810,3.8037119865256823,14.468224876439148,37.863483,0.2119056600500393
RpII215_portz,14,5473,1811,6.265945464103268,39.26207255911631,234.89154,0.5732278798143934
RpII215_portz,14,5473,1812,6.1173307387274924,37.42173536698024,233.43434,0.5131162157952422
RpII215_portz,14,5473,1813,5.04989402960429,25.50142971023306,94.10202,0.23619550388871347
RpII215_portz,14,5473,1814,5.309636361796321,28.192238294509682,151.27643,0.3465252809011431
RpII215_portz,14,5473,1815,5.817555484328728,33.84395181324325,276.9219,0.412654761726746
RpII215_portz,14,5473,1816,4.214297155077069,17.76030051129067,129.646,0.29383205037112853
RpII215_portz,14,5473,1817,5.655175705491422,31.98101225998039,159.43832,0.45041643253512115
RpII215_portz,14,5473,1818,4.17509150386077,17.431389065610393,104.49478,0.28059339150116497
RpII215_portz,14,5473,1819,4.366047651513641,19.06237209528779,238.73453,0.28252824235709073
RpII215_portz,14,5473,1820,5.7478246797155075,33.03748854874669,372.6792,0.5372448101342399
RpII215_portz,14,5473,1821,5.190838389237246,26.94480318317913,49.667633,0.27132005544678883
RpII215_portz,14,5473,1822,4.380744187941315,19.190919640181615,1.3681571,0.42183381496018646
RpII215_portz,14,5473,1823,3.7056008577277657,13.731477716792751,80.12641,0.4067916058806414
RpII215_portz,14,5473,1824,4.863188780981222,23.65060511946163,76.90808,0.22974894656556977
RpII215_portz,14,5473,1825,4.401347506027318,19.371859868812898,142.67326,0.4055715768640492
RpII215_portz,14,5473,1826,4.228207267955966,17.877736700795662,97.171906,0.36739417344699427
RpII215_portz,14,5473,1827,6.8010373727149345,46.254109345065274,266.34335,0.8130451726115835
RpII215_portz,14,5473,1828,4.478202300377763,20.05429584310869,92.59417,0.22421435101917359
RpII215_portz,14,5473,1829,4.189197274633923,17.549373805800276,138.47711,0.17081385858349662
RpII215_portz,14,5473,1830,4.354766539966263,18.963991617609743,13.856397,0.18115491987964003
RpII215_portz,14,5473,1831,4.023856182080298,16.191418574065832,148.12347,0.34763498919462443
RpII215_portz,14,5473,1832,7.128459558093339,50.81493567137226,265.09167,0.2549472060242362
RpII215_portz,14,5473,1833,8.05088420506284,64.81673648333032,597.4275,0.7544514806339881
RpII215_portz,14,5473,1834,7.848512578178091,61.59914968981972,462.3111,0.562524283136138
RpII215_portz,14,5473,1835,5.349165417421455,28.613570662937658,257.81177,0.48915703083470796
RpII215_portz,14,5473,1836,5.135572412959925,26.374104008755022,125.6201,0.6180814693232966
RpII215_portz,14,5473,1837,7.431333947371421,55.22472423735489,724.76086,0.7476834482482122
RpII215_portz,14,5473,1838,6.7128995777977245,45.06302074159687,418.77667,0.7400596390345437
RpII215_portz,14,5473,1839,4.587876079043606,21.04860691666053,69.214806,0.4446375799150327
RpII215_portz,14,5473,1840,5.575346659667938,31.08449037547045,138.35596,0.6103333807725329
RpII215_portz,14,5473,1841,5.500453208368292,30.254985497449027,208.76987,0.5148796686159013
RpII215_portz,14,5473,1842,5.651564191661292,31.940177812468153,199.26749,0.562023331567507
RpII215_portz,14,5473,1843,4.967360311160536,24.6746684608929,56.32225,0.5722212981445645
RpII215_portz,14,5473,1844,4.868638754216286,23.7036433190567,71.19182,0.3570835214272028
RpII215_portz,14,5473,1845,5.033556090944593,25.336686920685413,72.34455,0.6251302551139452
RpII215_portz,14,5473,1846,3.717386601305178,13.81896314356326,71.53609,0.21985781872581664
RpII215_portz,14,5473,1847,5.443467366202225,29.631336966908588,388.94302,0.508332550945814
RpII215_portz,14,5473,1848,4.5188168250922915,20.41970549873719,147.61723,0.3682713636693012
RpII215_portz,14,5473,1849,4.243838141499696,18.010162171247583,194.32098,0.30292914053878733
RpII215_portz,14,5473,1850,3.8540431586935715,14.853648669072719,12.57551,0.17228106775380103
RpII215_portz,14,5473,1851,5.393882490270138,29.093968318842776,105.30847,0.22936970015909774
RpII215_portz,14,5473,1852,3.877184260065288,15.032557786498021,5.7568636,0.23025678275386652
RpII215_portz,14,5473,1853,3.3647046902788613,11.32123765278457,25.619392,0.09221998729796388
RpII215_portz,14,5473,1854,3.819363225963905,14.587535451845408,129.33537,0.32631522021365367
RpII215_portz,14,5473,1855,3.5823435859762567,12.833185567985229,75.53163,0.4270681743917153
RpII215_portz,14,5473,1856,4.0989024171476975,16.801001025299236,53.441803,0.13465331055971222
RpII215_portz,14,5473,1857,4.065346046795254,16.527038480193806,111.28576,0.44012851922160023
RpII215_portz,14,5473,1858,4.755877535907667,22.618371136551172,133.06439,0.3614848104224423
RpII215_portz,14,5473,1859,4.744525764882499,22.510524733633865,148.02612,0.4115834320182036
RpII215_portz,14,5473,1860,4.070676283685623,16.570405406560596,53.92266,0.33380485760217327
RpII215_portz,14,5473,1861,5.098291832665183,25.992579611020517,195.91675,0.16058802370105302
RpII215_portz,14,5473,1862,8.535716692082376,72.85845944749373,579.63275,0.9341817290748424
RpII215_portz,14,5473,1863,8.583584574565275,73.67792414871491,752.0734,0.8526061835721901
RpII215_portz,14,5473,1864,6.469515585671756,41.85463191324977,316.2978,0.7327711514104612
RpII215_portz,14,5473,1865,4.655026996143317,21.669276334823067,118.96022,0.21886372942917692
RpII215_portz,14,5473,1866,6.139174369936998,37.68946194449134,109.254105,0.7024447202316031
RpII215_portz,14,5473,1867,4.515217355618474,20.387187768478285,231.61916,0.5182292788777889
RpII215_portz,14,5473,1868,3.5040353897709675,12.278264012767377,87.82771,0.2301578842670651
RpII215_portz,14,5473,1869,3.9239912348768726,15.397707211390518,59.705074,0.2167889372971255
RpII215_portz,14,5473,1870,3.193133896224087,10.196104079215218,12.484856,0.1978765565954523
RpII215_portz,14,5473,1871,5.561921197490016,30.93496740708877,160.36203,0.4387144549603971
RpII215_portz,14,5473,1872,5.581812029679514,31.156625534674934,91.35146,0.5836042018615819
RpII215_portz,14,5473,1873,4.249743046088305,18.060315957775913,62.469193,0.29479897436894
RpII215_portz,14,5473,1874,4.0972445624581075,16.787413004592526,76.663704,0.3249151920941655
RpII215_portz,14,5473,1875,4.289178944633285,18.397056019085497,49.137516,0.22445870731758732
RpII215_portz,14,5473,1876,6.955507732962593,48.37908782330242,384.94238,0.5185226166587276
RpII215_portz,14,5473,1877,6.795715861486289,46.18175407005632,259.04758,0.5494348192460262
RpII215_portz,14,5473,1878,4.882244233201709,23.836308752631336,135.0669,0.47646956110233385
RpII215_portz,14,5473,1879,3.3514968445210407,11.232531098834496,124.5844,0.15189590465690436
RpII215_portz,14,5473,1880,2.9849157843955427,8.909722239933659,3.6712248,0.1649157547259929
RpII215_portz,14,5473,1881,4.208725749141584,17.713372431487382,61.469353,0.41743866916050854
RpII215_portz,14,5473,1882,4.963234857114735,24.633700246878735,116.77088,0.24596813286447655
RpII215_portz,14,5473,1883,6.649273573802969,44.212839059274486,457.70435,0.6969311668889266
RpII215_portz,14,5473,1884,3.9674092224585924,15.740335938449494,72.74266,0.31034332993597824
RpII215_portz,14,5473,1885,4.077157204551024,16.623210870622316,136.3149,0.3844202855800297
RpII215_portz,14,5473,1886,5.0563564363092235,25.56674041100571,88.29129,0.16231016598506404
RpII215_portz,14,5473,1887,5.356396993172701,28.69098874846955,186.21768,0.5639254379468126
RpII215_portz,14,5473,1888,4.434482146897123,19.664631911149314,202.99443,0.40767207934251354
RpII215_portz,14,5473,1889,3.749960559799607,14.062204200052577,174.8669,0.20219054787203014
RpII215_portz,14,5473,1890,6.044747431518517,36.538971510849706,260.94153,0.578851809980994
RpII215_portz,14,5473,1891,5.03630253580317,25.364343232137436,222.03127,0.41410037225686036
RpII215_portz,14,5473,1892,5.812562405430081,33.78588171701914,367.0228,0.63457094454484
RpII215_portz,14,5473,1893,6.004086207986672,36.049051192935785,334.25024,0.7497582780547085
RpII215_portz,14,5473,1894,5.906676701705156,34.8888296584665,216.9938,0.5106255821839538
RpII215_portz,14,5473,1895,3.1844757230759786,10.140885630860275,13.149776,0.07525182338832939
RpII215_portz,14,5473,1896,5.49753929426934,30.222938292035433,34.478073,0.2688090169088416
RpII215_portz,14,5473,1897,5.0578797610570785,25.582147677310807,92.76396,0.4723244737165394
RpII215_portz,14,5473,1898,5.170641366771088,26.735532143764377,179.53473,0.49773804970721863
RpII215_portz,14,5473,1899,5.796401418327037,33.5982694023837,169.57881,0.4334710876918738
RpII215_portz,14,5473,1900,5.322747896604148,28.331645170803885,91.63718,0.223619411299611
RpII215_portz,14,5473,1901,4.209415390468787,17.71917792951549,101.79019,0.5585980637397815
RpII215_portz,14,5473,1902,5.216004448220806,27.206702403859232,134.33072,0.4372807548801402
RpII215_portz,14,5473,1903,6.565080769626381,43.10028551171813,308.23206,0.4961976255133752
RpII215_portz,14,5473,1904,6.634116322140074,44.01149937568535,181.88284,0.27514754778437767
RpII215_portz,14,5473,1905,4.7266810978457645,22.34151420073243,71.25608,0.319984050238464
RpII215_portz,14,5473,1906,4.901922151273211,24.02884077714297,68.5583,0.25525797301558645
RpII215_portz,14,5473,1907,5.239096636659804,27.448133568260086,164.33722,0.615293497191042
RpII215_portz,14,5473,1908,5.056880149043777,25.57203684179301,196.15005,0.5649122766794133
RpII215_portz,14,5473,1909,5.008516698155399,25.085239515701453,215.56891,0.6345572302285925
RpII215_portz,14,5473,1910,5.419956051139548,29.375923596284213,250.8337,0.5981439877315976
RpII215_portz,14,5473,1911,4.364484698350745,19.0487266821378,66.34842,0.40644954739820865
RpII215_portz,14,5473,1912,4.450548206819387,19.807379341223264,164.34096,0.37268169417397445
RpII215_portz,14,5473,1913,4.050279518252362,16.40476417597459,18.19653,0.24166795558234377
RpII215_portz,14,5473,1914,4.194648202192747,17.595073540158847,27.790136,0.3608981658276707
RpII215_portz,14,5473,1915,5.462017429539033,29.833634400588185,113.67177,0.5338319518616021
RpII215_portz,14,5473,1916,4.445916214573486,19.76617098700743,54.276276,0.46910201265357554
RpII215_portz,14,5473,1917,4.893656526724742,23.947874201555678,190.03708,0.2760106177119805
RpII215_portz,14,5473,1918,4.233702724185574,17.924238756776354,19.435728,0.3330313305277627
RpII215_portz,14,5473,1919,3.8995299989216026,15.206334212489516,15.232443,0.21256011429578364
RpII215_portz,14,5473,1920,4.287904951874743,18.386128876311933,79.48988,0.3929259321317816
RpII215_portz,14,5473,1921,5.256508607805389,27.63088274393215,180.71774,0.45899191178866405
RpII215_portz,14,5473,1922,5.986835079362087,35.842194267480444,302.73248,0.5022536964062546
RpII215_portz,14,5473,1923,4.979468950355292,24.795111027552437,93.743095,0.5258585113282637
RpII215_portz,14,5473,1924,6.498671196432998,42.232727319347894,318.645,0.7699193761657457
RpII215_portz,14,5473,1925,9.376526263598613,87.91924477195461,756.5388,0.8951107567647233
RpII215_portz,14,5473,1926,7.258764673383491,52.68966458356014,544.69604,0.7592328168457314
RpII215_portz,14,5473,1927,7.986243245834952,63.7800811816444,299.61133,0.4848820716632761
RpII215_portz,14,5473,1928,5.993528076880035,35.922378808349286,156.97466,0.6307889963557084
RpII215_portz,14,5473,1929,3.837684766560278,14.727824367488815,40.87164,0.25726144361036
RpII215_portz,14,5473,1930,4.489970140981172,20.159831866902483,140.55095,0.23669115260371987
RpII215_portz,14,5473,1931,6.028603044728108,36.34405467090501,234.28584,0.34861857888628794
RpII215_portz,14,5473,1932,4.477794113123142,20.05064011952027,84.86413,0.5576943495839788
RpII215_portz,14,5473,1933,4.065189695733804,16.525767262300292,131.8782,0.1958825945963702
RpII215_portz,14,5473,1934,4.094128710562248,16.7618898986501,192.56485,0.40319185568369786
RpII215_portz,14,5473,1935,3.5671736393636206,12.7247277733707,4.040957,0.21901544480842022
RpII215_portz,14,5473,1936,4.586178997982468,21.03303780153548,54.854965,0.5155920312366293
RpII215_portz,14,5473,1937,4.383406986752972,19.21425681151477,155.53287,0.3690095522855292
RpII215_portz,14,5473,1938,4.779189136993681,22.84064880715841,50.04358,0.38846922582545595
RpII215_portz,14,5473,1939,4.603619135261402,21.19330914254493,134.11507,0.3184138630335241
RpII215_portz,14,5473,1940,4.223441543791853,17.8374584738269,24.452076,0.18939509930293405
RpII215_portz,14,5473,1941,4.319517956797226,18.658235379093682,143.56639,0.13940352029219552
RpII215_portz,14,5473,1942,5.555247833160212,30.860778487831237,262.82132,0.548225128309529
RpII215_portz,14,5473,1943,5.870411602731493,34.46173238548453,317.399,0.613697731875737
RpII215_portz,14,5473,1944,6.572581669307757,43.19882979972036,158.78778,0.2631113198401172
RpII215_portz,14,5473,1945,6.890791027293421,47.48300098182752,401.4301,0.6989706810420121
RpII215_portz,14,5473,1946,4.1278321109667795,17.038997936328453,42.440235,0.26844206946143173
RpII215_portz,14,5473,1947,4.778723351100883,22.836196866356858,131.25308,0.5201843685972661
RpII215_portz,14,5473,1948,6.648642808397207,44.204451193651906,196.7208,0.6600647238562558
RpII215_portz,14,5473,1949,4.954865964582117,24.55069672697427,54.784317,0.2011889397983228
RpII215_portz,14,5473,1950,5.383297667786252,28.979893779992903,183.33818,0.27978955520760107
RpII215_portz,14,5473,1951,4.686550259919045,21.963753338747264,128.52475,0.26108125479422184
RpII215_portz,14,5473,1952,5.1563203008810685,26.587639045278237,110.982445,0.37769833301032574
RpII215_portz,14,5473,1953,4.391979715424342,19.289485820698882,83.054,0.37839126715499133
RpII215_portz,14,5473,1954,4.765554357257743,22.710508331978254,158.7288,0.32699684202666734
RpII215_portz,14,5473,1955,7.3827759132897475,54.50538018585127,435.20245,0.7298829062101415
RpII215_portz,14,5473,1956,4.57840293592514,20.961773443687935,96.966225,0.4045644316695435
RpII215_portz,14,5473,1957,4.167123530873214,17.364918521557236,91.4181,0.23906277029298767
RpII215_portz,14,5473,1958,4.596663037548286,21.129311080762626,120.045715,0.2688206319201126
RpII215_portz,14,5473,1959,4.416476407477466,19.505263857805062,69.191414,0.5005934795978172
RpII215_portz,14,5473,1960,3.2072958464701045,10.286746646784385,85.21444,0.3272966501685741
RpII215_portz,14,5473,1961,4.434451139323611,19.66435690704847,96.136894,0.22407798839348142
RpII215_portz,14,5473,1962,5.041779151169467,25.419537009167122,131.56137,0.2628206387869399
RpII215_portz,14,5473,1963,4.902539559576358,24.034894133211154,93.15486,0.3134026016889235
RpII215_portz,14,5473,1964,4.979281908170411,24.79324832103318,86.25204,0.510937408795219
RpII215_portz,14,5473,1965,4.7564473624356625,22.62379151162117,309.96448,0.4362379147566089
RpII215_portz,14,5473,1966,5.714749962266394,32.65836713122376,288.3554,0.6555245693516596
RpII215_portz,14,5473,1967,5.081937029961264,25.826083976491514,235.22011,0.5207298573461078
RpII215_portz,14,5473,1968,5.481607947628723,30.04802569150639,265.4819,0.4174743243454243
RpII215_portz,14,5473,1969,4.359976695074545,19.00939678159315,98.39556,0.48477396836378145
RpII215_portz,14,5473,1970,6.328106582467731,40.04493291907142,119.98911,0.6005031901322645
RpII215_portz,14,5473,1971,6.849592194759609,46.916913234511746,189.27374,0.7356476339520527
RpII215_portz,14,5473,1972,4.127308592808028,17.03467622026698,137.41539,0.4500455651162164
RpII215_portz,14,5473,1973,4.910630839898415,24.114295245761415,219.87895,0.2992300591698125
RpII215_portz,14,5473,1974,4.701303742852904,22.102256882562724,58.38382,0.3768750431575356
RpII215_portz,14,5473,1975,4.670530081383691,21.81385124110995,245.2098,0.2421571521367032
RpII215_portz,14,5473,1976,4.349175517834195,18.915327684928332,20.513586,0.3145343083161823
RpII215_portz,14,5473,1977,4.293604792455391,18.435042113795905,206.37921,0.5408207164399141
RpII215_portz,14,5473,1978,4.931216417593023,24.316895357138964,382.36594,0.3975483409790414
RpII215_portz,14,5473,1979,4.667427452889468,21.784879027986268,95.59828,0.3159484591425819
RpII215_portz,14,5473,1980,4.021447602904783,16.172040822908627,98.177505,0.32087054240695356
RpII215_portz,14,5473,1981,5.018695340168403,25.18730291742803,186.43893,0.3533545979840095
RpII215_portz,14,5473,1982,5.16659895601994,26.693744772346335,173.30759,0.4018066147407161
RpII215_portz,14,5473,1983,6.3606607090692995,40.45800465589796,520.9849,0.7458491442562707
RpII215_portz,14,5473,1984,4.802831674264866,23.067192091321846,33.754196,0.20311946763609873
RpII215_portz,14,5473,1985,4.914692280364907,24.154200210678415,220.22147,0.42208179291002645
RpII215_portz,14,5473,1986,4.928644170263179,24.291533357069227,175.16476,0.598776290658216
RpII215_portz,14,5473,1987,4.6514146196709,21.635657964088193,64.96666,0.2817248620148445
RpII215_portz,14,5473,1988,5.9374648399063155,35.25348872512374,232.96536,0.4311184780778422
RpII215_portz,14,5473,1989,5.225970664322141,27.310769384355595,116.003494,0.45204241870673856
RpII215_portz,14,5473,1990,9.635809373025912,92.84882227329403,699.6857,0.804593664559045
RpII215_portz,14,5473,1991,4.2902425034231095,18.406180738178193,15.781755,0.23094769135213344
RpII215_portz,14,5473,1992,3.4851508028460074,12.146276118578172,75.2966,0.23698705151486094
RpII215_portz,14,5473,1993,3.8889506465739063,15.123937131487605,95.38694,0.027589791530479302
RpII215_portz,14,5473,1994,5.244450283738732,27.504258778607262,96.62121,0.5681339033603263
RpII215_portz,14,5473,1995,6.2451791674090575,39.002262833040085,379.48526,0.5104254437089277
RpII215_portz,14,5473,1996,4.82345694689384,23.26573691853844,29.331238,0.5237077400730125
RpII215_portz,14,5473,1997,5.2815428268951115,27.894694632327216,145.02094,0.23034887910284976
RpII215_portz,14,5473,1998,4.7204161837964485,22.282328948247425,332.65125,0.29544523877628626
RpII215_portz,14,5473,1999,6.671221027905563,44.50519000316936,121.80934,0.5195505198682361
RpII215_portz,14,5473,2000,3.720430138348161,13.841600414329317,32.68724,0.1466503631497286
RpII215_portz,14,5473,2001,4.319464220421095,18.657771151498018,70.78196,0.3320255369241362
RpII215_portz,14,5473,2002,4.935784253706794,24.361966199139914,196.3648,0.5690523592383647
RpII215_portz,14,5473,2003,5.95237325528998,35.43074737029142,269.66122,0.6526312469513526
RpII215_portz,14,5473,2004,4.8120391683161925,23.155720957409194,310.31674,0.48270699638349235
RpII215_portz,14,5473,2005,5.865222451075934,34.4008344006052,206.53549,0.49398949281739607
RpII215_portz,14,5473,2006,4.061480743969169,16.495625833632356,13.6188755,0.5463238192717855
RpII215_portz,14,5473,2007,3.7438329879172945,14.016285441417736,26.150364,0.2829431680661613
RpII215_portz,14,5473,2008,4.1438437231437835,17.171440801838134,37.12092,0.20288982270136746
RpII215_portz,14,5473,2009,3.8768506940019507,15.02997130358341,109.597885,0.20950358220080328
RpII215_portz,14,5473,2010,3.4615523140759357,11.982344423084465,27.207283,0.17475596502429838
RpII215_portz,14,5473,2011,4.343090499486577,18.862435086730557,116.35307,0.279658946074066
RpII215_portz,14,5473,2012,4.6414212146669485,21.542790891960408,175.47757,0.322539808058817
RpII215_portz,14,5473,2013,4.499597751308437,20.246379923579934,85.010735,0.5213033996187825
RpII215_portz,14,5473,2014,5.015638651406202,25.156631081479834,153.88696,0.5081180135395522
RpII215_portz,14,5473,2015,5.927226869015254,35.13201835677636,431.9724,0.49761352393011343
RpII215_portz,14,5473,2016,6.483077273445224,42.03029093346197,349.2935,0.30158543724344056
RpII215_portz,14,5473,2017,6.592788243554094,43.46485682434507,202.88391,0.5308375109418161
RpII215_portz,14,5473,2018,4.699829550743155,22.088397806038607,157.50592,0.49742702369503605
RpII215_portz,14,5473,2019,4.55755113922705,20.771272386669775,63.967575,0.5057187653027037
RpII215_portz,14,5473,2020,5.694169956745116,32.42357149629868,239.12311,0.6498019237757774
RpII215_portz,14,5473,2021,4.902389403645016,24.033421864970933,215.12599,0.5295374236943431
RpII215_portz,14,5473,2022,6.695236464777491,44.82619131928617,252.1124,0.5374275719620718
RpII215_portz,14,5473,2023,4.234807367309863,17.933593438221898,124.92386,0.1793625525787354
RpII215_portz,14,5473,2024,4.141966547620347,17.155886881606015,9.898297,0.21807368607162197
RpII215_portz,14,5473,2025,4.683034010632036,21.93080754473637,48.036427,0.3412937202417101
RpII215_portz,14,5473,2026,5.976838451949971,35.72259788070772,82.56954,0.41068263808839217
RpII215_portz,14,5473,2027,5.271736155296584,27.7912020910612,19.194817,0.29187415217751866
RpII215_portz,14,5473,2028,5.7441907293131615,32.995727134727275,297.86105,0.43768440843182355
RpII215_portz,14,5473,2029,6.727334745673908,45.25703278035141,147.64648,0.3720368005315001
RpII215_portz,14,5473,2030,4.9077428530283465,24.08593991145082,328.82202,0.6628260933516026
RpII215_portz,14,5473,2031,4.387073068133122,19.246410105138967,20.225582,0.28712266699755135
RpII215_portz,14,5473,2032,3.9619925586203313,15.697385034562883,33.870613,0.1253269854936453
RpII215_portz,14,5473,2033,4.444996505363744,19.757993932695896,70.8208,0.279641014252992
RpII215_portz,14,5473,2034,4.583693940588702,21.010250140989587,106.36057,0.5682410962100548
RpII215_portz,14,5473,2035,5.4170118941629735,29.34401786150313,77.84175,0.4803317735934606
RpII215_portz,14,5473,2036,6.9706171843882645,48.58950393128897,288.92258,0.6033169373374313
RpII215_portz,14,5473,2037,4.051441667173994,16.414179582513583,47.220512,0.13121808488883666
RpII215_portz,14,5473,2038,5.0655491149070295,25.659787835535383,94.44548,0.24350387747750946
RpII215_portz,14,5473,2039,5.704642432921214,32.542945287485274,82.869446,0.2559724253543432
RpII215_portz,14,5473,2040,5.207810849160924,27.121293840638224,66.930885,0.38888336156569103
RpII215_portz,14,5473,2041,6.605840725513985,43.637131690859135,357.45288,0.402626114053803
RpII215_portz,14,5473,2042,3.8521250577955133,14.838867460896088,24.46124,0.4081948800886328
RpII215_portz,14,5473,2043,4.27993569957169,18.31784959246822,23.267904,0.3701250219972387
RpII215_portz,14,5473,2044,5.30476198085429,28.14049967351713,82.40459,0.2922587585654332
RpII215_portz,14,5473,2045,5.008655223440229,25.08662714729509,383.80048,0.5686571406065807
RpII215_portz,14,5473,2046,6.107789612268409,37.30509394773387,290.01236,0.5663328895694669
RpII215_portz,14,5473,2047,6.728652075599352,45.27475875446746,320.98785,0.4910125148660386
RpII215_portz,14,5473,2048,6.794394205069041,46.16379261387579,451.84882,0.6772524660653907
RpII215_portz,14,5473,2049,3.1746319976663493,10.078288320607037,37.326077,0.12047826974156861
RpII215_portz,14,5473,2050,6.938152446765685,48.13795937456069,384.1335,0.8523451150951598
RpII215_portz,14,5473,2051,6.538107806182272,42.746853685261556,425.09888,0.6787373373479617
RpII215_portz,14,5473,2052,5.259891311089208,27.66645660447176,203.40082,0.5008850025070236
RpII215_portz,14,5473,2053,5.654924167811327,31.97816734369662,238.75262,0.35088482179775016
RpII215_portz,14,5473,2054,4.415535650957685,19.4969550848783,163.08052,0.42862985216011995
RpII215_portz,14,5473,2055,5.9461420321423555,35.35660506641002,339.87543,0.425702904899948
RpII215_portz,14,5473,2056,4.837071893772574,23.397264505524593,243.46954,0.2549550060074858
RpII215_portz,14,5473,2057,4.086991168084343,16.703496807999432,182.58118,0.39972833261316154
RpII215_portz,14,5473,2058,5.241530825407502,27.473645393697062,113.14121,0.610670794527179
RpII215_portz,14,5473,2059,4.73298956484131,22.401190220896737,154.21419,0.4921217855061937
RpII215_portz,14,5473,2060,4.626165285248136,21.40140524643496,155.9693,0.489019469402671
RpII215_portz,14,5473,2061,3.5123678192363346,12.336727697607005,32.094574,0.17219312880760704
RpII215_portz,14,5473,2062,3.49108524344455,12.187676176996295,72.89064,0.24942991314507412
RpII215_portz,14,5473,2063,3.891056767736747,15.140322769749943,14.965282,0.2925023926605502
RpII215_portz,14,5473,2064,4.456211117359652,19.857817522479763,21.844467,0.13276157340020925
RpII215_portz,14,5473,2065,4.6902423920101795,21.998373695809374,227.38159,0.23414538929998607
RpII215_portz,14,5473,2066,4.782931450972406,22.876433264701,38.122902,0.1666029518301435
RpII215_portz,14,5473,2067,5.64336288681386,31.84754467226808,150.51233,0.34882040781521556
RpII215_portz,14,5473,2068,3.470409334037106,12.043740945771873,19.990347,0.068792791589006
RpII215_portz,14,5473,2069,4.486588493004574,20.129476305561056,93.649666,0.14972752750472668
RpII215_portz,14,5473,2070,4.8076144909945695,23.113157094020977,233.17694,0.47304539237896037
RpII215_portz,14,5473,2071,5.099124397954682,26.0010696258167,129.59341,0.5990433140021587
RpII215_portz,14,5473,2072,5.945366154871221,35.347378715488205,237.44583,0.5502518868733328
RpII215_portz,14,5473,2073,4.331724155303735,18.76383415764186,51.436882,0.26175771647424245
RpII215_portz,14,5473,2074,6.053660064261038,36.646800173628954,220.25684,0.66873799337775
RpII215_portz,14,5473,2075,8.816636839723266,77.73308516356543,363.87433,0.49166224555447124
RpII215_portz,14,5473,2076,5.691068246227403,32.38825778321785,124.740295,0.5229576415113079
RpII215_portz,14,5473,2077,5.091954136405631,25.927996927258405,164.12093,0.639129440449523
RpII215_portz,14,5473,2078,3.754427075977291,14.095722668831394,58.15795,0.12774992504813826
RpII215_portz,14,5473,2079,3.5657034292273337,12.714240945203569,8.654021,0.20776494938521867
RpII215_portz,14,5473,2080,4.8592038006238365,23.611861575997143,51.753105,0.502242332292157
RpII215_portz,14,5473,2081,4.184768402839013,17.512286585399774,54.181843,0.5100670553600183
RpII215_portz,14,5473,2082,5.997298418624464,35.96758832203549,424.83014,0.3804339085303475
RpII215_portz,14,5473,2083,4.482464383684149,20.09248695099692,66.20612,0.1317649131392006
RpII215_portz,14,5473,2084,4.538281970140742,20.596003240504533,239.89868,0.5086872322703355
RpII215_portz,14,5473,2085,5.08248837790448,25.831688111534113,44.197433,0.2867157289058323
RpII215_portz,14,5473,2086,5.6980913598655,32.46824514537384,153.80411,0.40708460492454057
RpII215_portz,14,5473,2087,4.229720688127991,17.89053709957793,98.164764,0.25780802572811784
RpII215_portz,14,5473,2088,4.078234101991316,16.631993390644915,46.84171,0.2198698395234373
RpII215_portz,14,5473,2089,5.3242170126586235,28.34728679788352,183.30992,0.34347261486274083
RpII215_portz,14,5473,2090,4.305701477378683,18.539065212300986,78.99527,0.1286040429080927
RpII215_portz,14,5473,2091,4.940476421728553,24.40830727365577,208.83981,0.3014084070862398
RpII215_portz,14,5473,2092,6.8045224127486215,46.30152526559831,298.22394,0.7216346807659164
RpII215_portz,14,5473,2093,5.563583952631645,30.953466397980357,149.50119,0.2827862120955522
RpII215_portz,14,5473,2094,6.060412768695598,36.72860292696865,107.00447,0.5099553591777515
RpII215_portz,14,5473,2095,4.231794638466784,17.908085862156227,111.33462,0.13286826306679342
RpII215_portz,14,5473,2096,6.133260829725792,37.61688840544871,129.55045,0.6508498914656413
RpII215_portz,14,5473,2097,4.969960197296526,24.700504362711737,127.76039,0.4111901398883948
RpII215_portz,14,5473,2098,5.355045506581981,28.676512377563878,176.70016,0.22626664323434748
RpII215_portz,14,5473,2099,3.7166277107631984,13.813321540412899,13.691172,0.33517250863818576
RpII215_portz,14,5473,2100,4.867942144704221,23.69686072418753,216.939,0.2006360572137288
RpII215_portz,14,5473,2101,3.563573585166475,12.699056696896246,72.457306,0.22848050131675204
RpII215_portz,14,5473,2102,4.373567276414119,19.128090721320415,13.356377,0.5445687871010267
RpII215_portz,14,5473,2103,4.006140578151521,16.049162331912207,44.777756,0.20654568492289577
RpII215_portz,14,5473,2104,4.4951097444497385,20.206011614646997,133.36147,0.3516173803209414
RpII215_portz,14,5473,2105,5.272636884733341,27.80069971825051,190.20988,0.4281393432400856
RpII215_portz,14,5473,2106,6.609331349195486,43.68326088345824,301.92975,0.7991309595941725
RpII215_portz,14,5473,2107,6.162184056216972,37.97251234269466,165.39345,0.682992060409675
RpII215_portz,14,5473,2108,5.69739890613534,32.46035429563215,272.43423,0.6130510239408973
RpII215_portz,14,5473,2109,6.643094361194384,44.13070269173262,230.29811,0.46579069660280226
RpII215_portz,14,5473,2110,5.36734392047983,28.80838076071179,226.38466,0.4133295762637124
RpII215_portz,14,5473,2111,5.216747807018486,27.214457682032187,298.1504,0.5356795678967317
RpII215_portz,14,5473,2112,4.578318521505233,20.961000484357854,106.02736,0.4484909721227822
RpII215_portz,14,5473,2113,6.39614659048176,40.91069120693146,284.543,0.5933470420338334
RpII215_portz,14,5473,2114,4.630956250242209,21.445755791657383,65.453606,0.12545251297959126
RpII215_portz,14,5473,2115,4.896959268657664,23.980210078892203,261.3189,0.5340308083090728
RpII215_portz,14,5473,2116,5.407574782395239,29.24186502719691,151.9959,0.3886628093397759
RpII215_portz,14,5473,2117,4.958278363888383,24.584524333803653,55.734795,0.6064706547584033
RpII215_portz,14,5473,2118,6.214987976149731,38.62607554368573,438.73016,0.6518376497185568
RpII215_portz,14,5473,2119,4.016429967842796,16.131709686585683,86.52204,0.3839721310191031
RpII215_portz,14,5473,2120,3.896704929229655,15.184309305482692,47.86509,0.11327472785815233
RpII215_portz,14,5473,2121,3.0697077586045376,9.423105723236894,6.967643,0.10159328329770048
RpII215_portz,14,5473,2122,4.924274632642345,24.248480657684905,289.18542,0.33368031832788947
RpII215_portz,14,5473,2123,4.10941818262532,16.88731779969159,84.237114,0.23707669564110997
RpII215_portz,14,5473,2124,5.255165527268954,27.61676471899597,157.65474,0.39988193251722437
RpII215_portz,14,5473,2125,3.765255271725224,14.17714726125459,44.055386,0.29022578328992676
RpII215_portz,14,5473,2126,4.162616234038088,17.327373911877437,60.93931,0.310349500724213
RpII215_portz,14,5473,2127,5.641829193253864,31.830236645851553,216.47455,0.3689452891677896
RpII215_portz,14,5473,2128,4.70110762087754,22.10041286307289,70.98241,0.23694703375026505
RpII215_portz,14,5473,2129,5.837057546488004,34.07124080101255,226.30281,0.4766792364908573
RpII215_portz,14,5473,2130,4.135937501231048,17.105979014089318,18.045082,0.18607124184136106
RpII215_portz,14,5473,2131,3.990433098524589,15.923556313800553,135.96187,0.19779087664459546
RpII215_portz,14,5473,2132,3.8524185382158187,14.841128593588905,79.03256,0.603339642001161
RpII215_portz,14,5473,2133,4.885748522150078,23.870538621691672,62.794212,0.7076749262746298
RpII215_portz,14,5473,2134,6.857760752401362,47.02888253717649,230.9725,0.6728456067212736
RpII215_portz,14,5473,2135,4.523127692404713,20.458684121798388,75.444824,0.1563786415902873
RpII215_portz,14,5473,2136,7.096137204269093,50.355163221811985,253.7719,0.6249521831124698
RpII215_portz,14,5473,2137,5.299454623627569,28.084219307887608,83.92488,0.5237335156444556
RpII215_portz,14,5473,2138,4.792924245091553,22.97212281918643,105.14729,0.2091849327506458
RpII215_portz,14,5473,2139,3.75710228116179,14.115817551111126,20.895493,0.19750716873497726
RpII215_portz,14,5473,2140,5.085853338685002,25.86590418261338,49.76642,0.2615066888432108
RpII215_portz,14,5473,2141,3.4386327786482758,11.824195386394365,53.540405,0.0978253617715096
RpII215_portz,14,5473,2142,5.607546586551995,31.44457872035093,182.97466,0.5403682096155604
RpII215_portz,14,5473,2143,7.406470541687193,54.85580588488017,393.05008,0.6118586000959889
RpII215_portz,14,5473,2144,3.3674562655249307,11.339761700223109,5.862738,0.16778311442895466
RpII215_portz,14,5473,2145,4.315843734223301,18.626507138234526,88.02478,0.202849356785776
RpII215_portz,14,5473,2146,3.2862455919653004,10.799410090711369,16.200068,0.2716243692128193
RpII215_portz,14,5473,2147,5.996086160040196,35.95304923862557,158.44594,0.23295765998390466
RpII215_portz,14,5473,2148,6.232406993115388,38.84289692783361,169.65764,0.48302830228152915
RpII215_portz,14,5473,2149,4.518064080938678,20.412903039468258,103.522194,0.5223918723514914
RpII215_portz,14,5473,2150,3.3100753682254527,10.956598943332873,44.612667,0.23024378919032024
RpII215_portz,14,5473,2151,4.3163312495230155,18.630715455608915,167.68054,0.34573510152261905
RpII215_portz,14,5473,2152,3.911232624117639,15.297740639962148,55.594345,0.18555989734554024
RpII215_portz,14,5473,2153,3.8161372628406016,14.562903608840562,164.72437,0.1976255221749221
RpII215_portz,14,5473,2154,3.962772284604958,15.703564179633196,106.45556,0.16071410188275345
RpII215_portz,14,5473,2155,4.684299397158364,21.942660842218217,153.89864,0.26166791202247314
RpII215_portz,14,5473,2156,5.169047574940626,26.719052831999566,144.8391,0.368038736247833
RpII215_portz,14,5473,2157,5.449864315161128,29.701021053666654,409.37814,0.5091785151292579
RpII215_portz,14,5473,2158,5.048820626286606,25.49058971641707,70.787895,0.2719864953439261
RpII215_portz,14,5473,2159,5.637101574825387,31.776914164898848,130.59212,0.49560231935700466
RpII215_portz,14,5473,2160,5.6837713298201615,32.30525652968564,30.412376,0.357265555723916
RpII215_portz,14,5473,2161,4.942048196629078,24.423840377804723,184.95944,0.5958831400190159
RpII215_portz,14,5473,2162,6.354684233066519,40.38201170198421,148.92186,0.7267725114397654
RpII215_portz,14,5473,2163,5.537947038467377,30.668857400869587,260.01962,0.5468291986070644
RpII215_portz,14,5473,2164,5.438396574260892,29.576157298932607,94.42149,0.4925348893701198
RpII215_portz,14,5473,2165,5.2028666181643946,27.069821046409402,231.82654,0.3379491564239199
RpII215_portz,14,5473,2166,4.7393343742237315,22.461290310698654,65.841484,0.43510198102858144
RpII215_portz,14,5473,2167,5.816730821446227,33.834357449162496,99.823074,0.4493355506671594
RpII215_portz,14,5473,2168,6.178042588803273,38.16821022906706,278.21945,0.7735729107890208
RpII215_portz,14,5473,2169,4.769076652138724,22.744092113974702,80.504616,0.41658934816352267
RpII215_portz,14,5473,2170,5.164834724493273,26.67551773133151,142.98059,0.18372692089988846
RpII215_portz,14,5473,2171,6.344304924079719,40.25020496970216,251.71094,0.5256277911878993
RpII215_portz,14,5473,2172,4.717841118417524,22.25802481863111,332.11755,0.5877885479585241
RpII215_portz,14,5473,2173,5.096979116829258,25.979196117393574,175.88477,0.6639509670898038
RpII215_portz,14,5473,2174,4.187548047371449,17.535558649044425,27.540325,0.4805641284885498
RpII215_portz,14,5473,2175,3.7076514565008587,13.746679322892941,21.448063,0.12396478286032675
RpII215_portz,14,5473,2176,5.503169979500649,30.28487982327717,208.53123,0.3269158763846756
RpII215_portz,14,5473,2177,4.993669521506075,24.936735290018728,48.816917,0.3081431434583329
RpII215_portz,14,5473,2178,4.632444658829515,21.459543517118103,80.7542,0.6425399124456806
RpII215_portz,14,5473,2179,4.105029611257433,16.851268109300353,7.4301205,0.2378708252468142
RpII215_portz,14,5473,2180,4.413864353674273,19.48219853263641,90.81142,0.3960460917591274
RpII215_portz,14,5473,2181,4.73062016001261,22.378767098317727,142.50154,0.26306109660562577
RpII215_portz,14,5473,2182,6.907518561885258,47.7138126827894,317.35605,0.5186542772306489
RpII215_portz,14,5473,2183,5.7739158160313195,33.33810385061662,28.183498,0.2186730679204961
RpII215_portz,14,5473,2184,3.7997523420526274,14.438117860934423,52.227074,0.16503452906226226
RpII215_portz,14,5473,2185,6.373934779571086,40.6270445742259,256.3534,0.5459813128165847
RpII215_portz,14,5473,2186,6.160015986909293,37.94579695897806,266.75742,0.588303383417149
RpII215_portz,14,5473,2187,4.697484018836127,22.066356107220805,48.25163,0.15038017595793424
RpII215_portz,14,5473,2188,3.5213630086777514,12.399997438884023,10.983114,0.10567548961199894
RpII215_portz,14,5473,2189,5.377214886750777,28.914439938294173,174.25412,0.6038908972408661
RpII215_portz,14,5473,2190,4.011481986205142,16.09198772564835,21.207958,0.14489234681205554
RpII215_portz,14,5473,2191,4.344327016410574,18.8731772255148,58.85222,0.42129003642966667
RpII215_portz,14,5473,2192,4.078856812812503,16.63707289942697,70.07133,0.5330338491191607
RpII215_portz,14,5473,2193,6.427978036149967,41.31890163322637,196.20993,0.5975389562654965
RpII215_portz,14,5473,2194,4.7695272779652775,22.748390455254864,56.00506,0.604100019237764
RpII215_portz,14,5473,2195,3.7986303434995974,14.429592486555869,76.439545,0.17429859167828143
RpII215_portz,14,5473,2196,4.148657763959608,17.21136124246233,121.798645,0.4614447763287734
RpII215_portz,14,5473,2197,6.98850044958972,48.83913853391572,221.5891,0.8049632821662928
RpII215_portz,14,5473,2198,6.491918528604966,42.14500618204447,147.24257,0.434903874587153
RpII215_portz,14,5473,2199,3.373506542927347,11.380546395173617,48.99293,0.1287049972707463
RpII215_portz,14,5473,2200,5.264666066709069,27.71670879395793,76.24388,0.43166747371961534
RpII215_portz,14,5473,2201,3.803741400262842,14.468448640073525,58.158226,0.22383049489721765
RpII215_portz,14,5473,2202,5.7546739323762,33.116272067970165,275.67108,0.3742207914650859
RpII215_portz,14,5473,2203,6.835807743946455,46.72826751219831,608.0408,0.7576625680961403
RpII215_portz,14,5473,2204,3.960376835087634,15.684584675898751,39.940945,0.34266087760278735
RpII215_portz,14,5473,2205,3.7947437521592073,14.400080144551337,33.081604,0.08285640426906132
RpII215_portz,14,5473,2206,5.656873822646694,32.0002214453454,245.58307,0.2963802082024965
RpII215_portz,14,5473,2207,3.9272865513919433,15.423579656744021,28.819296,0.16552905731257106
RpII215_portz,14,5473,2208,3.586159958336168,12.860543246773668,105.18422,0.28146304697601154
RpII215_portz,14,5473,2209,5.111459673491197,26.127019993726737,261.8056,0.47362729424241456
RpII215_portz,14,5473,2210,5.49910869746451,30.24019646652982,245.95651,0.4089885417043472
RpII215_portz,14,5473,2211,6.299950344981246,39.68937434922932,280.61664,0.5780277446182828
RpII215_portz,14,5473,2212,6.689406075868066,44.7481536478606,232.3605,0.6714510616507707
RpII215_portz,14,5473,2213,4.864722471240086,23.66552472218824,155.08847,0.24573683882060943
RpII215_portz,14,5473,2214,4.085760418772162,16.69343819960527,171.72133,0.2606526826103852
RpII215_portz,14,5473,2215,3.8546642133204294,14.858436197453205,2.0430012,0.34986592474478495
RpII215_portz,14,5473,2216,6.2319974589824945,38.83779232876426,173.29507,0.6334898833648124
RpII215_portz,14,5473,2217,5.583954491192183,31.180547759705366,120.88268,0.2676274895696845
RpII215_portz,14,5473,2218,6.7686361580379675,45.81443543989897,493.0934,0.4371444642716401
RpII215_portz,14,5473,2219,5.124314224920253,26.25859627572006,95.29385,0.37409390908123297
RpII215_portz,14,5473,2220,5.130843430472102,26.325554308018727,104.53395,0.4770812469881535
RpII215_portz,14,5473,2221,4.835724232675272,23.38422885448284,52.237686,0.29001941644533
RpII215_portz,14,5473,2222,3.6406186598430113,13.254104226397121,17.866146,0.20917480799876198
RpII215_portz,14,5473,2223,5.369697639068115,28.83365273501369,102.94602,0.4530916065736473
RpII215_portz,14,5473,2224,4.656709902899617,21.68494711976335,163.26358,0.4706426335279543
RpII215_portz,14,5473,2225,3.329654974582196,11.086602249759961,23.384663,0.22247899177120897
RpII215_portz,14,5473,2226,5.1208753657143475,26.223364511180044,86.682175,0.25632353530299223
RpII215_portz,14,5473,2227,6.914503218169299,47.8103547540736,269.9707,0.48661705971249614
RpII215_portz,14,5473,2228,4.124402815366738,17.010698583405073,92.204735,0.3951370255641169
RpII215_portz,14,5473,2229,5.456967870239216,29.77849833682313,98.510124,0.5126462221812654
RpII215_portz,14,5473,2230,4.892956515325021,23.941023460861572,185.8125,0.3321539147237448
RpII215_portz,14,5473,2231,4.047257127650575,16.38029025731838,167.69102,0.38339940121080784
RpII215_portz,14,5473,2232,3.4247977933556246,11.729239925373557,51.774467,0.18082555571081135
RpII215_portz,14,5473,2233,3.9911740803523523,15.929470539676444,53.40259,0.3521274345995625
RpII215_portz,14,5473,2234,5.3488840769883375,28.610560869059388,131.743,0.3075906664757562
RpII215_portz,14,5473,2235,4.86017323275647,23.62128385240248,82.28945,0.40522745661906384
RpII215_portz,14,5473,2236,4.908809672010856,24.09641239602732,176.20781,0.3608648189822856
RpII215_portz,14,5473,2237,3.7641711957502615,14.168984790915948,31.79322,0.07660957071559749
RpII215_portz,14,5473,2238,3.9464610780234612,15.574555040354108,79.4492,0.13407641903417977
RpII215_portz,14,5473,2239,4.5952658525631795,21.116468255733214,50.766502,0.17228994264649894
RpII215_portz,14,5473,2240,5.671371564624232,32.16445542402831,199.12186,0.39213553441229887
RpII215_portz,14,5473,2241,5.242185415270769,27.48050792807756,179.52408,0.7068350651095109
RpII215_portz,14,5473,2242,5.216913682435071,27.21618836997826,190.40443,0.46534482491865015
RpII215_portz,14,5473,2243,3.764476562024437,14.171283786031324,45.807594,0.24553676328619756
RpII215_portz,14,5473,2244,5.876649869941688,34.53501369388565,381.03024,0.5080497631511546
RpII215_portz,14,5473,2245,4.742844767878326,22.49457649219081,118.25339,0.2876941146588001
RpII215_portz,14,5473,2246,5.123348994945635,26.248704924010458,62.544113,0.3435743381338207
RpII215_portz,14,5473,2247,4.232144994882423,17.911051257708337,53.994125,0.2493024764471844
RpII215_portz,14,5473,2248,3.469516840576114,12.037547107041263,61.95585,0.20519025257254545
RpII215_portz,14,5473,2249,4.5040275393938725,20.286264075618423,162.52185,0.448806597618705
RpII215_portz,14,5473,2250,5.129980387537451,26.31669877651889,61.36358,0.2367741197500008
RpII215_portz,14,5473,2251,4.365283705143103,19.055701826387896,61.31837,0.28551954521758305
RpII215_portz,14,5473,2252,6.24618255213506,39.01479647459644,254.48819,0.5239503518185606
RpII215_portz,14,5473,2253,5.045368986686699,25.455748211819984,144.22958,0.3111316972518616
RpII215_portz,14,5473,2254,5.3596332334523655,28.725668397127066,238.35847,0.24531851957223083
RpII215_portz,14,5473,2255,3.550530670448897,12.606268041798295,47.387966,0.2829335257937049
RpII215_portz,14,5473,2256,4.023792528760016,16.19090631450492,159.50266,0.49907666077670815
RpII215_portz,14,5473,2257,4.83887174788038,23.414679792434917,215.77084,0.4048454810262826
RpII215_portz,14,5473,2258,3.5445410614236765,12.563771336118485,59.12547,0.16875575861827574
RpII215_portz,14,5473,2259,4.556763022859814,20.764089246502508,204.22159,0.5781732948307587
RpII215_portz,14,5473,2260,4.447988404146374,19.784600843420613,133.25041,0.23905797507138066
RpII215_portz,14,5473,2261,4.150279237983997,17.22481775324103,144.3777,0.33378805652298255
RpII215_portz,14,5473,2262,5.0320613865729165,25.32164179823815,286.45636,0.5620086491501695
RpII215_portz,14,5473,2263,3.983693258112468,15.86981197473073,13.144197,0.2320229296762602
RpII215_portz,14,5473,2264,5.813917553925808,33.801637323846656,383.15973,0.5609922706733811
RpII215_portz,14,5473,2265,6.2012757269764345,38.455820641987096,213.01549,0.6966545966900042
RpII215_portz,14,5473,2266,7.207272430650812,51.944775889619244,264.30966,0.5604427924611084
RpII215_portz,14,5473,2267,7.2632023125532195,52.75410783307844,579.7263,0.7439812576067073
RpII215_portz,14,5473,2268,5.0548602861467264,25.551612512463368,37.23981,0.2509034984226054
RpII215_portz,14,5473,2269,4.98000855006446,24.800485158715148,86.63473,0.4334608631401129
RpII215_portz,14,5473,2270,4.704616895476335,22.133420133201394,39.77714,0.2559343210654524
RpII215_portz,14,5473,2271,4.216066214981275,17.77521432910653,98.43923,0.2850270064116359
RpII215_portz,14,5473,2272,4.519334932169368,20.42438822912631,55.86266,0.5504229126835632
RpII215_portz,14,5473,2273,3.623088118506031,13.126767514459571,40.952026,0.03734370057812278
RpII215_portz,14,5473,2274,3.3397556019379104,11.153967480675657,70.994705,0.12546878438079173
RpII215_portz,14,5473,2275,5.125915162672967,26.27500625492063,161.68988,0.34736886748650175
RpII215_portz,14,5473,2276,3.1651319628125267,10.018060342017474,43.982327,0.21230342566150529
RpII215_portz,14,5473,2277,5.775297143105913,33.354057091167334,262.76898,0.6082839880271338
RpII215_portz,14,5473,2278,5.1337342409325775,26.355227256523584,109.040955,0.133197963890073
RpII215_portz,14,5473,2279,4.811369830142998,23.149279642410264,185.77826,0.5019694522114055
RpII215_portz,14,5473,2280,3.8791655335355815,15.047925236570391,42.60833,0.21906786826428865
RpII215_portz,14,5473,2281,4.946929493079618,24.472111409500943,195.45451,0.3014379145270748
RpII215_portz,14,5473,2282,5.358874459032955,28.71753546767574,132.55656,0.36726070741238986
RpII215_portz,14,5473,2283,6.105423899392471,37.27620099127275,224.21193,0.5019115629911871
RpII215_portz,14,5473,2284,6.450173073707805,41.60473268078519,296.57312,0.779138770619751
RpII215_portz,14,5473,2285,4.678159318661451,21.885174610778968,144.80081,0.47778842986101167
RpII215_portz,14,5473,2286,5.3232674871292645,28.337176739527525,169.66672,0.6393948135683258
RpII215_portz,14,5473,2287,5.924902740202186,35.10447248085537,174.91553,0.3907961067007516
RpII215_portz,14,5473,2288,6.503328764967832,42.29328502525802,441.1847,0.6072933214459185
RpII215_portz,14,5473,2289,5.96291560617502,35.55636252636558,266.31274,0.30092404549511675
RpII215_portz,14,5473,2290,4.886429344338736,23.87719173721469,116.55262,0.2677712729414067
RpII215_portz,14,5473,2291,4.089775058460494,16.72626002880553,34.131966,0.23520099117996227
RpII215_portz,14,5473,2292,5.15132851096491,26.536185427879964,111.33969,0.3842671010182569
RpII215_portz,14,5473,2293,5.794157503018037,33.572261169780205,339.55145,0.6649619630514901
RpII215_portz,14,5473,2294,4.651052857408494,21.632292682407723,45.75435,0.1677357417014342
RpII215_portz,14,5473,2295,4.710160476443942,22.185611713854627,71.75697,0.24586768157479313
RpII215_portz,14,5473,2296,5.4098436939773205,29.266408793266187,248.41882,0.35198907353779096
RpII215_portz,14,5473,2297,6.478745231224293,41.97413977111152,228.0849,0.5479877364583019
RpII215_portz,14,5473,2298,3.7023310270293996,13.70725503370457,19.662455,0.14030584028667037
RpII215_portz,14,5473,2299,3.4412313878209813,11.842073464524317,124.186905,0.31518483961217836
RpII215_portz,14,5473,2300,4.334656140519437,18.78924385654287,55.912502,0.5090260526890239
RpII215_portz,14,5473,2301,4.7527008468512655,22.588165339660723,59.710953,0.27744917649509304
RpII215_portz,14,5473,2302,5.039465211569358,25.396209618617817,118.646095,0.3557447595694834
RpII215_portz,14,5473,2303,3.1334408883203877,9.818451800598059,83.647964,0.1852280247664996
RpII215_portz,14,5473,2304,3.6680427471895487,13.454537595209848,21.708443,0.12659067130402132
RpII215_portz,14,5473,2305,4.945327092760911,24.456260054395074,171.8754,0.303023819754701
RpII215_portz,14,5473,2306,6.409406061014877,41.08048605497426,358.81686,0.6782406369212157
RpII215_portz,14,5473,2307,4.821959161454817,23.251290154738044,226.66125,0.43776168571297625
RpII215_portz,14,5473,2308,4.620096182037797,21.34528873128023,18.385515,0.12341478952831869
RpII215_portz,14,5473,2309,4.09146430929908,16.740080194268206,122.236206,0.583783093691544
RpII215_portz,14,5473,2310,5.98014726425641,35.76216130219343,258.16086,0.4150847927706264
RpII215_portz,14,5473,2311,4.700492812302957,22.09463267851177,181.73547,0.23986294597563163
RpII215_portz,14,5473,2312,4.165190576447543,17.348812538127415,101.00372,0.282262401500946
RpII215_portz,14,5473,2313,3.7949765035762693,14.401846662695956,161.43785,0.18886150185082518
RpII215_portz,14,5473,2314,4.860428215824945,23.623762441187253,134.7874,0.49621738409535066
RpII215_portz,14,5473,2315,3.2836449590697057,10.782324217223884,29.343864,0.11536573205017848
RpII215_portz,14,5473,2316,4.237195587288617,17.953826444938127,71.48546,0.1796742497969867
RpII215_portz,14,5473,2317,5.123725345574205,26.252561416879505,79.60083,0.3451174799830511
RpII215_portz,14,5473,2318,3.4642215107179615,12.000830675321039,20.529617,0.1469257706037525
RpII215_portz,14,5473,2319,5.129740449417032,26.314237078385247,160.59857,0.49031382605961205
RpII215_portz,14,5473,2320,4.1165265570654155,16.945790895024846,159.3591,0.23510202218526566
RpII215_portz,14,5473,2321,2.921850210629842,8.537208653357652,23.07151,0.09649982293346206
RpII215_portz,14,5473,2322,4.25427977120782,18.098896371708058,101.61435,0.06565152358215043
RpII215_portz,14,5473,2323,5.011531243056532,25.11544540013175,41.587807,0.47806910679733794
RpII215_portz,14,5473,2324,3.370277567700574,11.358770883345699,23.044392,0.20291504406372365
RpII215_portz,14,5473,2325,4.4625765268743764,19.914589258210164,150.83818,0.30668197338442815
RpII215_portz,14,5473,2326,3.326812965487088,11.067684507332993,40.198437,0.21601374999388007
RpII215_portz,14,5473,2327,5.999385403305398,35.9926252173939,303.56235,0.5345900550810188
RpII215_portz,14,5473,2328,4.678112537467399,21.884736913209665,72.74808,0.30079500829091166
RpII215_portz,14,5473,2329,5.186743308628667,26.90230614960425,91.08853,0.2504143325492761
RpII215_portz,14,5473,2330,5.72507332476687,32.776464573957206,273.2673,0.5656443697383462
RpII215_portz,14,5473,2331,4.622320475751701,21.365846580553434,115.98338,0.2121875621272686
RpII215_portz,14,5473,2332,4.408203360989332,19.432256871837644,78.86182,0.2978924482149093
RpII215_portz,14,5473,2333,4.644840775970078,21.574545834114318,79.4444,0.2394512006695534
RpII215_portz,14,5473,2334,4.292930688526152,18.429253896489623,43.577255,0.18486652269378281
RpII215_portz,14,5473,2335,3.9041840668259993,15.242653227657998,3.319118,0.23115925484117145
RpII215_portz,14,5473,2336,3.9875537120301505,15.900584606325427,122.492226,0.216413196813514
RpII215_portz,14,5473,2337,4.661306904433843,21.7277820573226,40.846767,0.1781653553221474
RpII215_portz,14,5473,2338,6.065268521467513,36.78748223750472,177.75955,0.5309738668194641
RpII215_portz,14,5473,2339,5.851149781198462,34.23595376201881,257.79425,0.4233690412612515
RpII215_portz,14,5473,2340,4.22399296403539,17.842116560220482,104.56064,0.2611836074037932
RpII215_portz,14,5473,2341,5.526933002768507,30.5469884170917,154.84645,0.6217181640601843
RpII215_portz,14,5473,2342,3.7328325980307113,13.934039204920717,16.053102,0.29838260382594617
RpII215_portz,14,5473,2343,4.215878334590995,17.77363013207374,45.829765,0.13015227378992386
RpII215_portz,14,5473,2344,4.19024802188084,17.558178484876294,124.66326,0.17234519633040343
RpII215_portz,14,5473,2345,4.217775790027443,17.78963261494162,69.23022,0.24886863480048768
RpII215_portz,14,5473,2346,4.021247625671937,16.170432466972184,36.83645,0.09233344631976342
RpII215_portz,14,5473,2347,5.736507576857585,32.90751917934449,248.92076,0.4728984654396573
RpII215_portz,14,5473,2348,5.238835478996693,27.44539717599452,62.973774,0.3891510986542419
RpII215_portz,14,5473,2349,6.204930993987189,38.50116864014284,267.19086,0.803061436138547
RpII215_portz,14,5473,2350,6.0344363626144455,36.41442221444346,353.39993,0.5527580324467234
RpII215_portz,14,5473,2351,6.056130991227572,36.67672258290705,300.83704,0.6231692760176724
RpII215_portz,14,5473,2352,6.914365792943144,47.80845431862227,164.08702,0.7445848330751974
RpII215_portz,14,5473,2353,6.445089362024552,41.53917688448204,334.40866,0.49014246444146137
RpII215_portz,14,5473,2354,5.949065159694706,35.39137627429339,313.13638,0.6313488378973982
RpII215_portz,14,5473,2355,4.146293331171089,17.19174838811385,157.8806,0.10696253538785744
RpII215_portz,14,5473,2356,3.6983227712540785,13.67759132037645,4.292159,0.2515482932652547
RpII215_portz,14,5473,2357,3.427503248761927,11.747778520273558,47.417786,0.09316920872957814
RpII215_portz,14,5473,2358,6.341269748932785,40.21170202873004,340.56647,0.5020602223071016
RpII215_portz,14,5473,2359,4.2518074889955555,18.07786692347869,145.92497,0.22590461802416312
RpII215_portz,14,5473,2360,6.278959845196723,39.42533673759285,279.3573,0.7054378769951528
RpII215_portz,14,5473,2361,5.6528333976577825,31.954525421675218,169.30109,0.24624769434799879
RpII215_portz,14,5473,2362,4.822026369884984,23.251938311866148,178.49434,0.49149321416267494
RpII215_portz,14,5473,2363,3.540171232082225,12.532812352462582,155.45215,0.24226773528829265
RpII215_portz,14,5473,2364,4.548452601517852,20.688421068254524,179.68077,0.4248402765736369
RpII215_portz,14,5473,2365,4.510800177311913,20.347318239637186,163.99075,0.3803673146261481
RpII215_portz,14,5473,2366,5.414264443039849,29.314259459165616,285.16104,0.45468653107226126
RpII215_portz,14,5473,2367,4.4079470209575105,19.429996939568195,48.73737,0.25119366100276685
RpII215_portz,14,5473,2368,5.340808747163336,28.524238073776395,160.95166,0.7144510009099612
RpII215_portz,14,5473,2369,4.599392724699846,21.15441343602188,98.06411,0.22016974198622408
RpII215_portz,14,5473,2370,4.0056865172514495,16.045524474490055,56.616554,0.41788393163956256
RpII215_portz,14,5473,2371,4.641153753011802,21.54030815909554,136.82397,0.4848168977685936
RpII215_portz,14,5473,2372,5.730114333882637,32.83421027936725,185.9393,0.6178386530880993
RpII215_portz,14,5473,2373,8.412389815312658,70.76830240477614,733.075,0.8449514989583333
RpII215_portz,14,5473,2374,5.185029707718533,26.884533069923744,420.288,0.5567100649252075
RpII215_portz,14,5473,2375,5.8562404360539375,34.295552044873205,237.77397,0.5184594778065535
RpII215_portz,14,5473,2376,6.277151525197784,39.40263127029287,263.06512,0.5518387724722733
RpII215_portz,14,5473,2377,6.252807719451514,39.09760437643246,504.95712,0.7299528420446562
RpII215_portz,14,5473,2378,7.163813737236062,51.320227261812114,494.4122,0.6857598196718553
RpII215_portz,14,5473,2379,6.579271648044404,43.28681541876092,174.32292,0.5911004441127905
RpII215_portz,14,5473,2380,5.255699672966722,27.62237905242251,101.80974,0.2223339034688933
RpII215_portz,14,5473,2381,4.610122777605906,21.253232024600795,122.285675,0.3539895030732934
RpII215_portz,14,5473,2382,4.1474494624817515,17.201337043840173,34.019783,0.28158215876235876
RpII215_portz,14,5473,2383,5.1567567157175995,26.592139825098556,88.94874,0.5180990836880767
RpII215_portz,14,5473,2384,5.150042614214651,26.52293892822687,21.0122,0.5418562831486099
RpII215_portz,14,5473,2385,4.094033027361568,16.76110642912732,96.923645,0.2025573031160139
RpII215_portz,14,5473,2386,5.074211610280646,25.747623465906905,169.85052,0.39428103333273523
RpII215_portz,14,5473,2387,6.272469345470247,39.343871689863946,501.22632,0.7884126179832909
RpII215_portz,14,5473,2388,7.42635646780332,55.1507703868842,221.96953,0.509602962813809
RpII215_portz,14,5473,2389,3.7621642487070854,14.153879834249752,87.59718,0.2570666283340577
RpII215_portz,14,5473,2390,5.561369682892794,30.928832749799092,175.62845,0.5731255500591683
RpII215_portz,14,5473,2391,3.8640272104245,14.930706282900955,18.733032,0.11649903716747623
RpII215_portz,14,5473,2392,5.308463499604,28.17978472662794,21.517033,0.45065897237944363
RpII215_portz,14,5473,2393,4.11895092660528,16.9657567357825,48.149323,0.5526117224576095
RpII215_portz,14,5473,2394,4.891056233094281,23.922431075290408,136.33342,0.3745765663068672
RpII215_portz,14,5473,2395,5.328307350401799,28.390859220345835,224.5172,0.5771366931080087
RpII215_portz,14,5473,2396,6.116277856799286,37.40885482157327,252.96498,0.5636949890153924
RpII215_portz,14,5473,2397,4.625644192785547,21.39658419825066,37.107635,0.580435149415799
RpII215_portz,14,5473,2398,4.578472363589433,20.96240918415221,85.04634,0.19758876073827125
RpII215_portz,14,5473,2399,4.604435855856705,21.20082955069887,108.84166,0.3194420057015414
RpII215_portz,14,5473,2400,5.985073831842837,35.8211087726099,247.56671,0.6858758523727774
RpII215_portz,14,5473,2401,6.45831790901231,41.70987021386913,283.60718,0.5339129548369743
RpII215_portz,14,5473,2402,3.3780967394414243,11.411537581024785,55.981415,0.18326488383257275
RpII215_portz,14,5473,2403,4.251485814088777,18.075131627398104,66.23463,0.2621042773939838
RpII215_portz,14,5473,2404,3.8545838239089845,14.857816455540805,102.86551,0.2903437435225951
RpII215_portz,14,5473,2405,4.728705623296549,22.36065687179641,26.267624,0.22348176732582486
RpII215_portz,14,5473,2406,4.356335056920664,18.97765512815597,93.488945,0.17757281552565
RpII215_portz,14,5473,2407,5.787098737672003,33.490511799564885,210.39554,0.3653159620138223
RpII215_portz,14,5473,2408,5.035591744712705,25.357184219418734,177.7806,0.5888034279201367
RpII215_portz,14,5473,2409,4.266296764888158,18.20128808609517,116.51907,0.47058200737622746
RpII215_portz,14,5473,2410,3.838641219548306,14.735166412415309,110.08382,0.34249039347214627
RpII215_portz,14,5473,2411,5.33064079728465,28.415731309675532,149.93643,0.1369833131554821
RpII215_portz,14,5473,2412,5.19723355878734,27.011236664585308,168.05937,0.28825582440876824
RpII215_portz,14,5473,2413,4.958928151621418,24.590968412943415,212.22087,0.5465638239636709
RpII215_portz,14,5473,2414,6.514969761711431,42.44483099601429,288.11603,0.5317014956078867
RpII215_portz,14,5473,2415,4.868023490245242,23.69765270157947,190.9726,0.435067950233663
RpII215_portz,14,5473,2416,5.035459843840075,25.355855838925905,42.154312,0.29056628355465547
RpII215_portz,14,5473,2417,5.796052166175821,33.594220713031426,179.68144,0.5176420647496955
RpII215_portz,14,5473,2418,8.280541173107634,68.56736211953076,393.96567,0.7611275887565636
RpII215_portz,14,5473,2419,4.3969299064778395,19.332992602479223,23.648697,0.2369041251099418
RpII215_portz,14,5473,2420,4.538524484749327,20.598204498669155,32.165848,0.5752973893033247
RpII215_portz,14,5473,2421,5.826418540918132,33.94715301395458,518.8644,0.5604986497459343
RpII215_portz,14,5473,2422,4.243036579556406,18.00335941545372,127.756615,0.421668260595086
RpII215_portz,14,5473,2423,5.589551448309236,31.24308539329588,130.22769,0.5614770542669195
RpII215_portz,14,5473,2424,6.112341088919713,37.360713587296225,337.55148,0.45239768731112207
RpII215_portz,14,5473,2425,4.402295333478995,19.38020420317094,120.56951,0.4810051779818068
RpII215_portz,14,5473,2426,5.10553594039127,26.066497238626972,74.520004,0.615902045170067
RpII215_portz,14,5473,2427,4.707286740290466,22.158548455314445,74.65923,0.547727056632729
RpII215_portz,14,5473,2428,5.129473559747636,26.31149900015008,153.10385,0.3775209892707387
RpII215_portz,14,5473,2429,3.4686276167201258,12.03137754347354,167.20999,0.09298660778208992
RpII215_portz,14,5473,2430,4.507113277775925,20.314070098704047,207.41911,0.34198706649897326
RpII215_portz,14,5473,2431,4.7939955645377434,22.982393472807548,122.43445,0.42348844399837626
RpII215_portz,14,5473,2432,7.406064300923627,54.84978842941536,254.47641,0.669935393539892
RpII215_portz,14,5473,2433,5.4892616213924965,30.13199314809257,253.51498,0.6027239827562484
RpII215_portz,14,5473,2434,5.865671723836943,34.40610477182023,133.72777,0.659786960386149
RpII215_portz,14,5473,2435,6.236037474198703,38.88816337961053,326.40488,0.6007560560517449
RpII215_portz,14,5473,2436,6.0790340300094465,36.95465473801289,304.38947,0.7018160773388271
RpII215_portz,14,5473,2437,5.519280070026066,30.462452491386934,190.45645,0.5137162045286328
RpII215_portz,14,5473,2438,4.869032724116991,23.707479668522126,282.66733,0.2680604880972708
RpII215_portz,14,5473,2439,5.286923887097209,27.951564187959058,215.8105,0.4056657170722662
RpII215_portz,14,5473,2440,4.011912183473498,16.095439367903094,63.916653,0.4857450125564451
RpII215_portz,14,5473,2441,5.673909510106991,32.19324912888258,277.98398,0.5153052603276383
RpII215_portz,14,5473,2442,5.858272043678832,34.319351337748955,222.57355,0.5252735685826881
RpII215_portz,14,5473,2443,3.8897925355000558,15.13048596923195,71.39975,0.30250666738164345
RpII215_portz,14,5473,2444,4.948197655102109,24.484660033957997,20.513222,0.36491151642489283
RpII215_portz,14,5473,2445,5.1588710138112255,26.61395013714167,103.83702,0.23707612709436432
RpII215_portz,14,5473,2446,5.53342326040856,30.6187729788305,328.90912,0.5968417785203064
RpII215_portz,14,5473,2447,6.832623860190709,46.68474881484736,338.45703,0.7772910457102253
RpII215_portz,14,5473,2448,5.281942852891422,27.89892030121077,250.27992,0.42723562293752554
RpII215_portz,14,5473,2449,4.9487989767757234,24.49061131253644,85.31795,0.24278616180942655
RpII215_portz,14,5473,2450,5.395133065114486,29.107460790291615,251.93459,0.7196161430308352
RpII215_portz,14,5473,2451,4.319019042112223,18.65392548612798,120.46762,0.33925512445670203
RpII215_portz,14,5473,2452,5.676135971930555,32.218519571844034,122.57291,0.5369765808754741
RpII215_portz,14,5473,2453,5.642675375426706,31.839785392446924,167.08856,0.4471110933620521
RpII215_portz,14,5473,2454,7.544163451002695,56.91440217544489,379.92422,0.5443317481389963
RpII215_portz,14,5473,2455,3.943601431308483,15.55199224901831,62.548557,0.2798221895008029
RpII215_portz,14,5473,2456,4.318959086100194,18.653407587407422,38.906906,0.2865503199429901
RpII215_portz,14,5473,2457,4.837345754739578,23.399913950897034,105.299225,0.4219184446218104
RpII215_portz,14,5473,2458,6.3682908563182785,40.55512843066699,371.08002,0.6570969661206996
RpII215_portz,14,5473,2459,4.555982319545953,20.756974896015315,167.6748,0.43476902126429695
RpII215_portz,14,5473,2460,3.7714822553019656,14.2240784020576,63.104626,0.16032096394629136
RpII215_portz,14,5473,2461,4.236010545007553,17.943785337415182,31.579502,0.42644912750770714
RpII215_portz,14,5473,2462,5.046792713351508,25.47011669153787,92.86515,0.4417834765198237
RpII215_portz,14,5473,2463,5.087976834979346,25.887508273286443,62.8659,0.2658658549706267
RpII215_portz,14,5473,2464,5.204782559948618,27.089761496345293,167.01407,0.5288372385839706
RpII215_portz,14,5473,2465,6.119481549318063,37.448054432444195,483.4844,0.6409453703787626
RpII215_portz,14,5473,2466,5.133989599141393,26.357849204092002,249.88249,0.5122347333840027
RpII215_portz,14,5473,2467,3.1966783768518536,10.2187526450322,5.935791,0.14116721730602144
RpII215_portz,14,5473,2468,3.3717306435223984,11.368567532467964,149.86325,0.11733587725129194
RpII215_portz,14,5473,2469,4.610554253653921,21.257210525886258,74.15654,0.41305788513694564
RpII215_portz,14,5473,2470,5.045483618174226,25.456904941264483,14.895185,0.24659656758915252
RpII215_portz,14,5473,2471,6.544349550202818,42.82851103523981,120.98486,0.32522507536727163
RpII215_portz,14,5473,2472,4.918519350469973,24.191832600947563,58.65544,0.20760353471574733
RpII215_portz,14,5473,2473,4.594099258582658,21.105747997709727,106.79453,0.32659299596889674
RpII215_portz,14,5473,2474,5.860023356865227,34.33987374300602,173.5972,0.18094028870566417
RpII215_portz,14,5473,2475,6.6686679696144555,44.47113248896177,297.21286,0.5022375120581812
RpII215_portz,14,5473,2476,3.674370245810701,13.50099670329899,93.31331,0.11665112069960945
RpII215_portz,14,5473,2477,4.84830745407222,23.506085169212252,206.38245,0.4501024137997104
RpII215_portz,14,5473,2478,5.343989643356581,28.558225308302394,324.24683,0.34941509348574795
RpII215_portz,14,5473,2479,5.544372624528029,30.74006779961583,313.29068,0.6766667598024851
RpII215_portz,14,5473,2480,5.765523360215008,33.24125961718497,285.18362,0.49037098352162234
RpII215_portz,14,5473,2481,6.351371094189998,40.33991477611224,343.16122,0.5745764497405833
RpII215_portz,14,5473,2482,4.544039094780145,20.648291294890356,88.02614,0.6225726763355641
RpII215_portz,14,5473,2483,7.2510979813833325,52.57842193562146,399.0285,0.6581656877540805
RpII215_portz,14,5473,2484,4.1221556110386555,16.992166881617475,105.93011,0.5087027492008237
RpII215_portz,14,5473,2485,4.106539597356388,16.863667464655965,98.07333,0.37350829353460213
RpII215_portz,14,5473,2486,3.9157852992570965,15.333374509877988,39.4104,0.2435055999747958
RpII215_portz,14,5473,2487,7.139444664936007,50.971670123683225,310.20114,0.4446718062730127
RpII215_portz,14,5473,2488,5.36540201436615,28.787538775764332,215.53935,0.5037976822605013
RpII215_portz,14,5473,2489,5.643781121486816,31.852265347250967,293.69086,0.6924752795914766
RpII215_portz,14,5473,2490,5.992603175967956,35.91129282462121,239.52562,0.3935586119018305
RpII215_portz,14,5473,2491,4.282720127682636,18.341691692057967,98.78543,0.2804491350804864
RpII215_portz,14,5473,2492,5.606067307500588,31.427990656226907,112.68897,0.6132121816127347
RpII215_portz,14,5473,2493,6.008678712483407,36.104219869851256,351.81998,0.31874713875970845
RpII215_portz,14,5473,2494,5.7246601452838695,32.77173377900154,185.61018,0.5266963955177002
RpII215_portz,14,5473,2495,6.0673850580010145,36.81316144205398,294.61273,0.19271367738847345
RpII215_portz,14,5473,2496,6.7640273865250125,45.75206648566039,347.6344,0.6779844051697835
RpII215_portz,14,5473,2497,7.586860448088209,57.560451458765236,425.71344,0.7943182463121053
RpII215_portz,14,5473,2498,5.055775458881703,25.56086549063049,196.2902,0.5057245087532075
RpII215_portz,14,5473,2499,6.054149955574481,36.652731684582484,158.65117,0.5837570486709983
RpII215_portz,14,5473,2500,5.434628806468677,29.53519026409916,95.672935,0.2614119447574055
RpII215_portz,14,5473,2501,4.853853036715693,23.559889302034144,17.026154,0.26213040427975254
RpII215_portz,14,5473,2502,4.0468840986584675,16.37727090797476,208.53136,0.2033168740972091
RpII215_portz,14,5473,2503,5.078545986721364,25.791629339243677,238.32167,0.5617966022029133
RpII215_portz,14,5473,2504,6.536475680693442,42.7255143242968,170.95413,0.5416044942388251
RpII215_portz,14,5473,2505,6.06487960578851,36.782764632709394,41.029045,0.661732223458035
RpII215_portz,14,5473,2506,5.4273794143480325,29.456447307288798,134.76494,0.42791609787620455
RpII215_portz,14,5473,2507,4.265686035692833,18.196077355104848,41.859234,0.3374611504759878
RpII215_portz,14,5473,2508,5.006559658926863,25.065639618393853,222.46172,0.43724167285596904
RpII215_portz,14,5473,2509,6.060377965207529,36.72818108117295,101.83512,0.7436630029337293
RpII215_portz,14,5473,2510,5.316058814556592,28.260481319824844,153.63148,0.367567357754214
RpII215_portz,14,5473,2511,5.063683588437465,25.64089148381092,250.17688,0.3009417023623593
RpII215_portz,14,5473,2512,4.86534768179012,23.671608064700496,34.79946,0.34886171515173825
RpII215_portz,14,5473,2513,5.099559816469392,26.00551032174934,106.3022,0.19675603127635583
RpII215_portz,14,5473,2514,6.625746777290579,43.900520356776475,375.37524,0.5977099137292361
RpII215_portz,14,5473,2515,4.563863899985312,20.828853697589135,110.77458,0.37398755406564566
RpII215_portz,14,5473,2516,5.903085327016478,34.84641637803723,335.85754,0.4902970844585107
RpII215_portz,14,5473,2517,6.586103024923977,43.37675305491275,296.98206,0.7396310380489076
RpII215_portz,14,5473,2518,6.692306157003781,44.78696169907073,327.25027,0.5116190923087128
RpII215_portz,14,5473,2519,6.456697330665456,41.68894041982243,324.2187,0.4347058209089232
RpII215_portz,14,5473,2520,4.526714922112398,20.49114798607506,92.33331,0.3595490488186106
RpII215_portz,14,5473,2521,5.7761412729739146,33.3638080053527,150.73285,0.3161716181524441
RpII215_portz,14,5473,2522,4.955036267319426,24.552384410450834,67.380356,0.4575512368282434
RpII215_portz,14,5473,2523,4.857579605060962,23.59607961950421,159.5971,0.09780229926481813
RpII215_portz,14,5473,2524,5.047732375969602,25.479602139411732,244.3803,0.2406187362612292
RpII215_portz,14,5473,2525,6.639021353038111,44.076604526096,334.61902,0.7409842720052955
RpII215_portz,14,5473,2526,4.376817505620446,19.15653147750559,68.16709,0.43211972247615676
RpII215_portz,14,5473,2527,4.300530966959994,18.494566597781866,74.29355,0.19844001876291006
RpII215_portz,14,5473,2528,3.490163524379294,12.181241426907695,8.841725,0.2887745155120917
RpII215_portz,14,5473,2529,4.8696175320675446,23.71317490861961,35.78198,0.530798829790103
RpII215_portz,14,5473,2530,3.98992675698219,15.919515526082417,105.53749,0.2938762742696738
RpII215_portz,14,5473,2531,4.440900101668864,19.72159371300252,230.28926,0.45777048972411205
RpII215_portz,14,5473,2532,3.987953005454281,15.903769173711833,70.302505,0.176134131104388
RpII215_portz,14,5473,2533,5.0135528653894825,25.13571233405509,205.00398,0.3161662523812695
RpII215_portz,14,5473,2534,6.661200300286189,44.37158944053283,240.43887,0.6678463360341027
RpII215_portz,14,5473,2535,3.056556796510227,9.342539450292861,15.803787,0.1486358239576168
RpII215_portz,14,5473,2536,3.8410553220138968,14.75370598677128,72.72244,0.4284232676430052
RpII215_portz,14,5473,2537,4.445421669643102,19.76177382093246,65.580444,0.4018084348613306
RpII215_portz,14,5473,2538,4.294736319865183,18.444760057169134,160.68065,0.17097908592735167
RpII215_portz,14,5473,2539,6.568711717677117,43.147973629948666,311.8731,0.6881864773387261
RpII215_portz,14,5473,2540,4.906201233585206,24.070810544432987,207.9668,0.5802534776017211
RpII215_portz,14,5473,2541,3.6459581176516043,13.29301059566963,60.413887,0.2138156874573996
RpII215_portz,14,5473,2542,4.207830200617535,17.705834997229008,57.85483,0.3524649801802712
RpII215_portz,14,5473,2543,3.7948828514291155,14.40113585607077,29.204357,0.18349712515523686
RpII215_portz,14,5473,2544,4.703773671187709,22.125486749758693,216.2565,0.5887006252244336
RpII215_portz,14,5473,2545,4.742467843453808,22.491001246193402,198.38751,0.4901447543665095
RpII215_portz,14,5473,2546,4.297369113603972,18.46738129855739,47.334023,0.40513586949779623
RpII215_portz,14,5473,2547,3.798138386531879,14.425855203246984,21.289856,0.20321304769060256
RpII215_portz,14,5473,2548,3.821888351423772,14.606830570748716,31.831991,0.24703017850114534
RpII215_portz,14,5473,2549,4.790992999038989,22.953613916840606,51.21575,0.4920815651704651
RpII215_portz,14,5473,2550,6.1310438063648505,37.5896981555648,439.70865,0.6288664419197946
RpII215_portz,14,5473,2551,5.4722327525570655,29.945331298158283,129.90135,0.5906417770723157
RpII215_portz,14,5473,2552,4.167908678775532,17.371462754612413,39.93203,0.1218417413823141
RpII215_portz,14,5473,2553,6.273852485886582,39.361225014665244,318.004,0.5404538192652167
RpII215_portz,14,5473,2554,4.989950586480961,24.899606855521693,183.9554,0.5190630415239029
RpII215_portz,14,5473,2555,6.317076424046682,39.905454547246414,137.8898,0.34809687296626346
RpII215_portz,14,5473,2556,5.079146286100153,25.797726995604982,207.46312,0.6996679955732779
RpII215_portz,14,5473,2557,4.311308634980727,18.587382146059387,151.86037,0.448741961004677
RpII215_portz,14,5473,2558,4.21607885757945,17.77532093332843,16.03295,0.5838074303113105
RpII215_portz,14,5473,2559,4.29622729315248,18.457568954428286,161.92282,0.32127485430571356
RpII215_portz,14,5473,2560,4.4008573949037535,19.36754581027905,150.8751,0.546149189340541
RpII215_portz,14,5473,2561,4.496862928773824,20.221776200180294,78.25572,0.3303154027191261
RpII215_portz,14,5473,2562,5.370662102408625,28.844011418248233,194.77881,0.5223119363623676
RpII215_portz,14,5473,2563,6.0363785259645155,36.43786570872554,174.04514,0.6391736976901679
RpII215_portz,14,5473,2564,6.98499358921387,48.790135441358856,259.70575,0.48592482497440476
RpII215_portz,14,5473,2565,5.2684432770942164,27.756494563959265,121.75238,0.5706987002314812
RpII215_portz,14,5473,2566,4.597900227680134,21.140686503701023,209.18663,0.4419465146092212
RpII215_portz,14,5473,2567,4.478281337592661,20.055003738630717,53.719986,0.23307358611498863
RpII215_portz,14,5473,2568,3.9076192167054056,15.269487942765366,61.518723,0.2294199938941362
RpII215_portz,14,5473,2569,7.656296691844593,58.618879033550485,540.9377,0.7284679641818507
RpII215_portz,14,5473,2570,5.930583196033857,35.171817045079166,142.91864,0.6123840424360271
RpII215_portz,14,5473,2571,5.160379116618018,26.629512627227356,62.241737,0.34708484760336444
RpII215_portz,14,5473,2572,3.6018926861022185,12.973630922196646,115.90444,0.16101581245099222
RpII215_portz,14,5473,2573,3.68893372348425,13.608232016259372,89.16422,0.17281028640669704
RpII215_portz,14,5473,2574,3.9539131799707286,15.633429434746239,13.488773,0.35673661721323807
RpII215_portz,14,5473,2575,4.825332824326102,23.283836865518904,216.86856,0.6136593515080199
RpII215_portz,14,5473,2576,7.38123684895959,54.48265742043891,293.70404,0.5071262190548308
RpII215_portz,14,5473,2577,6.290385012728617,39.568943608360804,176.69081,0.35531962282301843
RpII215_portz,14,5473,2578,4.963683873613979,24.638157597175475,145.4802,0.4310148758375278
RpII215_portz,14,5473,2579,6.633160024038264,43.9988119044993,133.56381,0.2515247229769569
RpII215_portz,14,5473,2580,4.505223407562251,20.297037952046818,33.95132,0.5044431019469006
RpII215_portz,14,5473,2581,5.677106992422394,32.22954380341125,135.14929,0.4962682794174219
RpII215_portz,14,5473,2582,6.276875302456756,39.399163562591575,377.8079,0.7825227096918039
RpII215_portz,14,5473,2583,5.122498934022709,26.239995329063795,11.220405,0.2534966335003084
RpII215_portz,14,5473,2584,7.033295854803117,49.46725058119071,273.70276,0.7810747877101389
RpII215_portz,14,5473,2585,3.9344256117759975,15.479704894598937,106.22583,0.37851757801963537
RpII215_portz,14,5473,2586,4.018953967014111,16.151990988978454,40.935158,0.3690753428745776
RpII215_portz,14,5473,2587,3.5116009905017833,12.331341516493104,61.7893,0.13101979882141956
RpII215_portz,14,5473,2588,5.884007398641159,34.6215430672639,201.65346,0.2710420810448533
RpII215_portz,14,5473,2589,5.022406918715106,25.22457125715737,199.845,0.5160604015892483
RpII215_portz,14,5473,2590,6.0629586165807074,36.75946718637023,242.77817,0.6893281377249432
RpII215_portz,14,5473,2591,3.915063177680626,15.327719685230718,84.62254,0.1493401240788219
RpII215_portz,14,5473,2592,4.9138214954799775,24.145641689441085,117.42041,0.1836752278036678
RpII215_portz,14,5473,2593,3.9059694358931885,15.256597234131753,49.514885,0.2669728297895776
RpII215_portz,14,5473,2594,5.054052589050087,25.5434475728839,169.99773,0.47446181186702435
RpII215_portz,14,5473,2595,3.8421339004272377,14.76199290881222,10.090286,0.14249295825080383
RpII215_portz,14,5473,2596,5.297260217744016,28.060965814493393,30.350605,0.39110116426133357
RpII215_portz,14,5473,2597,3.7417642486073084,14.000799692155812,24.717773,0.2235390970832009
RpII215_portz,14,5473,2598,5.674323702118543,32.19794947642431,162.62183,0.6833349240948239
RpII215_portz,14,5473,2599,4.523961163901146,20.466224612485814,166.10452,0.5162817203032846
RpII215_portz,14,5473,2600,3.7629981952388944,14.160155417371172,8.93839,0.20023591056264223
RpII215_portz,14,5473,2601,3.367795084763492,11.342043732957135,69.125015,0.3357646492734977
RpII215_portz,14,5473,2602,5.9650699928955415,35.582060020142805,234.85724,0.4094837915554056
RpII215_portz,14,5473,2603,6.088462660610454,37.069377569647735,232.42157,0.42040796466280245
RpII215_portz,14,5473,2604,5.517583871566033,30.443731779765617,82.98555,0.4737573679671744
RpII215_portz,14,5473,2605,7.474023994152746,55.861034665170955,343.0392,0.7988606575743703
RpII215_portz,14,5473,2606,6.447785485592939,41.573937668223,295.28958,0.3165884838993428
RpII215_portz,14,5473,2607,5.059596984640366,25.599521646981895,161.24025,0.45604581333877237
RpII215_portz,14,5473,2608,4.949777337859969,24.500295694392126,283.53348,0.511022674767618
RpII215_portz,14,5473,2609,4.996406399806338,24.964076912025718,59.0336,0.4869072876271386
RpII215_portz,14,5473,2610,4.28076222097299,18.324925192509614,152.94772,0.41171953584016263
RpII215_portz,14,5473,2611,4.679615522304606,21.89880143659421,104.44961,0.10410281928004844
RpII215_portz,14,5473,2612,5.869597538825833,34.45217526779027,46.310993,0.252821207352542
RpII215_portz,14,5473,2613,3.4743929486125733,12.071406361368775,1.116928,0.07194677004369164
RpII215_portz,14,5473,2614,4.484237687354975,20.1083876366947,114.95961,0.14307159937695632
RpII215_portz,14,5473,2615,5.854602513342548,34.276370589236876,289.51495,0.2547202141113311
RpII215_portz,14,5473,2616,5.034117007504502,25.34233404524609,215.19586,0.516084921450594
RpII215_portz,14,5473,2617,5.492322502251022,30.165606468732943,230.76526,0.6949932591399504
RpII215_portz,14,5473,2618,4.070572480288011,16.569560317278086,103.67405,0.2511244317852435
RpII215_portz,14,5473,2619,3.28833040271282,10.813116837405452,23.635042,0.18900001964903135
RpII215_portz,14,5473,2620,4.086826006489026,16.702146807315046,136.72653,0.17927288669285718
RpII215_portz,14,5473,2621,4.00797200779548,16.06383961527213,16.182219,0.19814564648335847
RpII215_portz,14,5473,2622,4.808664171251427,23.123251111877178,117.96463,0.28807029377196697
RpII215_portz,14,5473,2623,6.306884419401385,39.77679107968793,241.4771,0.3655122230392269
RpII215_portz,14,5473,2624,6.01540866711517,36.1851414324043,110.74396,0.542567095360366
RpII215_portz,14,5473,2625,8.452255660829069,71.44062575601707,255.77036,0.8405889955471004
RpII215_portz,14,5473,2626,6.34426231384528,40.24966430687747,309.84845,0.6580370072958683
RpII215_portz,14,5473,2627,4.169390592170788,17.38381791008227,102.0645,0.3176155260793128
RpII215_portz,14,5473,2628,4.425125066243586,19.5817318518973,42.491814,0.1495891457172333
RpII215_portz,14,5473,2629,6.2150167996658,38.62643382012812,411.9773,0.6663111069873534
RpII215_portz,14,5473,2630,5.4083914542900375,29.2506981228375,191.07281,0.21315960434317235
RpII215_portz,14,5473,2631,5.815590949465345,33.821098091503224,303.97418,0.5305645374798202
RpII215_portz,14,5473,2632,4.104676737793712,16.84837112178483,197.2671,0.49110763304613286
RpII215_portz,14,5473,2633,6.293475368825049,39.60783221800758,285.59073,0.34829474168142804
RpII215_portz,14,5473,2634,4.145422475075247,17.184527496858983,112.19833,0.248571606889051
RpII215_portz,14,5473,2635,5.919273812650097,35.03780246912522,153.04651,0.427233966928853
RpII215_portz,14,5473,2636,5.0068378495048895,25.068425251234743,330.42352,0.5176754981714391
RpII215_portz,14,5473,2637,6.307545032353864,39.785124335171915,186.56992,0.4889075082404903
RpII215_portz,14,5473,2638,6.109360537278798,37.32428617445948,70.183624,0.6315809750101771
RpII215_portz,14,5473,2639,4.265974247617566,18.198536281336253,97.90376,0.2752699589423432
RpII215_portz,14,5473,2640,5.751994316796585,33.085438620460216,284.97668,0.6420230082742875
RpII215_portz,14,5473,2641,5.975074641429272,35.70151697065114,150.9311,0.2508213521732323
RpII215_portz,14,5473,2642,4.031218090064917,16.250719289666637,89.5729,0.3188199557275965
RpII215_portz,14,5473,2643,5.117074495661798,26.18445139415244,101.02443,0.545630789263654
RpII215_portz,14,5473,2644,6.723104967659556,45.2001404061686,237.61124,0.45478007014618826
RpII215_portz,14,5473,2645,3.9935106745437072,15.948127507694535,59.855297,0.3124631700567043
RpII215_portz,14,5473,2646,4.7644530189373295,22.700012569661045,71.07688,0.2651286268081966
RpII215_portz,14,5473,2647,5.580979089084571,31.14732759279925,19.652277,0.4830382219149101
RpII215_portz,14,5473,2648,5.056122018047326,25.56436986138296,288.1516,0.3344493267327517
RpII215_portz,14,5473,2649,6.512243185004546,42.40931130063816,100.33985,0.7355966972347031
RpII215_portz,14,5473,2650,4.128884599702237,17.047688037658304,73.57314,0.16680861209821551
RpII215_portz,14,5473,2651,6.609984366367868,43.691893323627625,321.6437,0.5559240377834872
RpII215_portz,14,5473,2652,5.11942415432698,26.208503671906506,189.89769,0.4557734031024492
RpII215_portz,14,5473,2653,4.432557883164164,19.64756938760078,82.22904,0.46171868903786517
RpII215_portz,14,5473,2654,5.075153206321051,25.757180067630838,94.40189,0.4269694797765662
RpII215_portz,14,5473,2655,3.6315449352349662,13.188118616630733,39.547665,0.1678403974502153
RpII215_portz,14,5473,2656,4.405506098444907,19.408483983435264,152.45508,0.27277672210747456
RpII215_portz,14,5473,2657,3.5789159895426357,12.808639660203939,78.70946,0.1447793399658988
RpII215_portz,14,5473,2658,4.575925224412446,20.939091659414082,27.384672,0.4303608160086273
RpII215_portz,14,5473,2659,4.094109169610276,16.76172989268695,88.23247,0.25673378978001093
RpII215_portz,14,5473,2660,7.884865655804356,62.17110641008306,358.72247,0.7148254717325325
RpII215_portz,14,5473,2661,3.4640762926820803,11.999824561522022,29.818462,0.31124523308972163
RpII215_portz,14,5473,2662,4.443008652911038,19.740325889842353,124.59309,0.23784679134492231
RpII215_portz,14,5473,2663,4.234684531200496,17.93255307878876,74.864685,0.3443464157985047
RpII215_portz,14,5473,2664,5.163615133132578,26.662921243115772,231.56036,0.24626976822896218
RpII215_portz,14,5473,2665,4.903215773192653,24.041524918485244,61.22814,0.3898053263346497
RpII215_portz,14,5473,2666,3.497238557781105,12.230677530030864,41.77328,0.10935237221629697
RpII215_portz,14,5473,2667,4.325051752480654,18.70607266163598,74.2612,0.1505475952947417
RpII215_portz,14,5473,2668,6.249488079479991,39.0561012555625,92.686165,0.47929496334565513
RpII215_portz,14,5473,2669,5.807776901362319,33.7302725359977,220.04553,0.5337464705461408
RpII215_portz,14,5473,2670,4.283121088778956,18.345126261143033,41.713264,0.18837050220220064
RpII215_portz,14,5473,2671,4.536854739487693,20.58305092721195,85.21954,0.18854257117061102
RpII215_portz,14,5473,2672,6.428140954240789,41.3209961275877,374.19513,0.5082675208074063
RpII215_portz,14,5473,2673,3.4321099268170205,11.779378549755938,106.67339,0.30603381946080527
RpII215_portz,14,5473,2674,6.397145309463682,40.92346811039319,173.97386,0.6382538515846868
RpII215_portz,14,5473,2675,6.7882762929354294,46.080695029229176,566.07465,0.6979181840502453
RpII215_portz,14,5473,2676,4.547691522682737,20.68149818548043,232.90634,0.43230890181637316
RpII215_portz,14,5473,2677,3.814861939062311,14.553171614106258,162.98688,0.08616369364830802
RpII215_portz,14,5473,2678,3.851645240678392,14.835171060040508,107.81903,0.38645698827655905
RpII215_portz,14,5473,2679,7.1126148612236975,50.58929016410019,518.883,0.7434898216471857
RpII215_portz,14,5473,2680,3.7835224458672734,14.315042098381475,49.54847,0.2672965034778398
RpII215_portz,14,5473,2681,3.3317323177708835,11.100440237278944,70.33968,0.1197952904930708
RpII215_portz,14,5473,2682,5.6857214378190015,32.327428268474584,380.56137,0.610983898108583
RpII215_portz,14,5473,2683,5.691668464632566,32.39508991129283,133.63521,0.6490042263349892
RpII215_portz,14,5473,2684,5.28415006901768,27.92224195189954,107.14615,0.5277327864226765
RpII215_portz,14,5473,2685,4.0120398610008285,16.096463846259546,120.87817,0.4073175220153146
RpII215_portz,14,5473,2686,4.325978079078497,18.71408634066769,71.236664,0.19914849213246014
RpII215_portz,14,5473,2687,3.9521435471269633,15.619438617097293,49.962715,0.20620392853877062
RpII215_portz,14,5473,2688,4.262841769150368,18.171819948813045,35.64378,0.2051780836446881
RpII215_portz,14,5473,2689,5.558194361806071,30.8935245636128,237.54553,0.5306833842556566
RpII215_portz,14,5473,2690,6.350857015052502,40.33338482564158,145.83728,0.21856289172698942
RpII215_portz,14,5473,2691,4.002634180540339,16.021080383229833,151.55104,0.3722841385977326
RpII215_portz,14,5473,2692,3.635700583646063,13.218318733924326,2.1078155,0.11947438483447573
RpII215_portz,14,5473,2693,4.586049633559131,21.031851241467837,114.782036,0.13680863226621878
RpII215_portz,14,5473,2694,3.3409280538123003,11.161800260750042,18.608728,0.08619611084792991
RpII215_portz,14,5473,2695,5.932814820140617,35.19829169008015,358.10675,0.6479480706654638
RpII215_portz,14,5473,2696,5.716683156701332,32.680466314112685,156.13463,0.6442015331399606
RpII215_portz,14,5473,2697,6.794281828556059,46.162265565847065,232.0101,0.23307496751545448
RpII215_portz,14,5473,2698,5.739283549402333,32.93937566044024,186.69043,0.4906208767914122
RpII215_portz,14,5473,2699,5.043745998983929,25.43937370226639,102.14322,0.5055603552596101
RpII215_portz,14,5473,2700,6.666170293880863,44.43782638701967,178.89532,0.6441431415427978
RpII215_portz,14,5473,2701,5.332199584704372,28.43235241112148,176.37004,0.42097342756735884
RpII215_portz,14,5473,2702,6.564100652780887,43.08741737983847,151.80841,0.4658753709218139
RpII215_portz,14,5473,2703,5.263381671887299,27.70318662395915,120.39632,0.6708531857817306
RpII215_portz,14,5473,2704,5.6894811189126875,32.37019540246398,113.99242,0.1891004179614847
RpII215_portz,14,5473,2705,4.301562098388321,18.50343648629094,16.44884,0.5049014520157826
RpII215_portz,14,5473,2706,4.0935931869647835,16.757505180364483,28.332676,0.16311445359677273
RpII215_portz,14,5473,2707,4.599325027121239,21.153790705103773,137.44409,0.7180425966557483
RpII215_portz,14,5473,2708,4.352331275311486,18.942787530054506,74.413376,0.2279296364209173
RpII215_portz,14,5473,2709,5.707271751719758,32.57295084797831,102.49833,0.548433861676524
RpII215_portz,14,5473,2710,3.216436511132252,10.345463830144611,6.8967085,0.07352640786526973
RpII215_portz,14,5473,2711,3.424681179572006,11.72844118171471,46.939644,0.1308027448962687
RpII215_portz,14,5473,2712,4.930201642210987,24.306888232859905,128.64456,0.27905180296906085
RpII215_portz,14,5473,2713,4.570465652828441,20.8891562836845,185.05696,0.5553996507252096
RpII215_portz,14,5473,2714,5.427417573264279,29.456861514577923,278.93848,0.5272918046354509
RpII215_portz,14,5473,2715,6.3558593098250835,40.39694756629019,121.05878,0.6002185179839159
RpII215_portz,14,5473,2716,7.789445437021025,60.675460216327664,164.88974,0.7514863600367554
RpII215_portz,14,5473,2717,6.280000055421458,39.438400696093524,275.05667,0.4059663425760933
RpII215_portz,14,5473,2718,4.32453268928859,18.70158298072561,245.34653,0.5044483916822657
RpII215_portz,14,5473,2719,5.920076991081414,35.04731158033155,51.492367,0.3760773760548408
RpII215_portz,14,5473,2720,4.356569712178894,18.9796996570745,118.23824,0.30747645551138614
RpII215_portz,14,5473,2721,4.155124770646448,17.265061859639697,113.18036,0.3759725609524309
RpII215_portz,14,5473,2722,3.027337278604129,9.164770998426253,12.339853,0.08282153262580472
RpII215_portz,14,5473,2723,3.906024906462879,15.257030569908343,16.754278,0.21574439514700738
RpII215_portz,14,5473,2724,5.673874197920694,32.192848413830205,258.02206,0.5168935690002464
RpII215_portz,14,5473,2725,4.787792067370998,22.92295288038066,112.14468,0.14206022334312315
RpII215_portz,14,5473,2726,4.467801513209034,19.961250361432935,63.5949,0.13488092740475496
RpII215_portz,14,5473,2727,5.882934511850055,34.60891847071645,217.60544,0.5216764019195429
RpII215_portz,14,5473,2728,3.261666230912134,10.638466601872569,15.043633,0.1201053567392206
RpII215_portz,14,5473,2729,6.527166621764712,42.60390410827935,457.4912,0.6706268525802227
RpII215_portz,14,5473,2730,4.304864021724095,18.531854245534554,40.17375,0.1898749035308016
RpII215_portz,14,5473,2731,4.40276325620005,19.384324290145273,145.01685,0.3948839442621524
RpII215_portz,14,5473,2732,4.387712271779477,19.252018979924216,151.80449,0.23664556383740357
RpII215_portz,14,5473,2733,4.5735377290119015,20.917247358695345,140.69655,0.3372952178868145
RpII215_portz,14,5473,2734,4.266455984456219,18.202646667302297,113.523285,0.05070782311056833
RpII215_portz,14,5473,2735,6.456112609570464,41.68139002745476,211.31879,0.5155812701253064
RpII215_portz,14,5473,2736,4.219098833088156,17.800794963365846,58.076977,0.2336643509454609
RpII215_portz,14,5473,2737,4.9594451900109116,24.59609659272236,188.59169,0.32213776718208986
RpII215_portz,14,5473,2738,4.881405565607215,23.828120295941098,112.493034,0.3686981130056595
RpII215_portz,14,5473,2739,4.459587629562635,19.887921825748084,103.74974,0.2628489316563338
RpII215_portz,14,5473,2740,5.46906240256554,29.91064356315595,106.04719,0.4525166495237175
RpII215_portz,14,5473,2741,5.8099503322495805,33.755522863207005,174.81479,0.47624154797553364
RpII215_portz,14,5473,2742,4.706771772565709,22.153700519021353,89.40236,0.3352855941336988
RpII215_portz,14,5473,2743,3.4879854662482352,12.166042612758917,78.79191,0.13288327825951773
RpII215_portz,14,5473,2744,4.380649507572863,19.190090108198365,85.2166,0.260859468857688
RpII215_portz,14,5473,2745,6.171994848316827,38.093520407649464,453.86206,0.7017567392984088
RpII215_portz,14,5473,2746,5.260773080497918,27.67573340449157,218.8315,0.6787228826920657
RpII215_portz,14,5473,2747,4.66924542299135,21.80185282012567,90.33115,0.15780361614542826
RpII215_portz,14,5473,2748,3.0449951196533718,9.271995278712847,36.29172,0.11132374593201133
RpII215_portz,14,5473,2749,4.9995879092683655,24.99587926250242,73.4239,0.19184063384133146
RpII215_portz,14,5473,2750,5.288131411685081,27.964333827250435,238.26389,0.5734767575933697
RpII215_portz,14,5473,2751,5.146878713384342,26.490360490288843,195.03468,0.23815490557824404
RpII215_portz,14,5473,2752,3.8206733616487862,14.597544936412637,84.275375,0.05851857049853801
RpII215_portz,14,5473,2753,5.7064449976699505,32.56351451143239,240.54947,0.5284185868034154
RpII215_portz,14,5473,2754,4.447958772146214,19.784337238712467,80.692986,0.37317142544855386
RpII215_portz,14,5473,2755,3.193431654380677,10.198005731200508,29.342411,0.22079405918572997
RpII215_portz,14,5473,2756,5.181702749806827,26.850043387355644,152.06657,0.34369547289901325
RpII215_portz,14,5473,2757,6.585012565199754,43.36239048383866,480.56915,0.6226213826050028
RpII215_portz,14,5473,2758,4.403760156642658,19.393103517233378,94.77818,0.2489731927057115
RpII215_portz,14,5473,2759,4.444731379557679,19.755637036424698,65.354965,0.17775810329039704
RpII215_portz,14,5473,2760,6.3434186520507,40.23896019518472,293.32715,0.7657589272554772
RpII215_portz,14,5473,2761,5.988911897829822,35.8670657199676,147.15599,0.2952178842330079
RpII215_portz,14,5473,2762,5.114853393149695,26.161725233414952,129.64322,0.2827766213013616
RpII215_portz,14,5473,2763,3.813244288480545,14.540832003629493,29.272995,0.22928921847143868
RpII215_portz,14,5473,2764,5.601504708854008,31.376855003313608,320.60876,0.5284890243899141
RpII215_portz,14,5473,2765,5.696784316102155,32.45335154418749,104.90135,0.5258295254373152
RpII215_portz,14,5473,2766,4.2386929173047605,17.96651764720954,94.607704,0.3658791254905152
RpII215_portz,14,5473,2767,3.61729349024757,13.084812194587448,64.098274,0.3418156895583459
RpII215_portz,14,5473,2768,5.464501118021715,29.860772468860585,301.37708,0.6370125238495877
RpII215_portz,14,5473,2769,5.336825584156666,28.481707315709144,102.66812,0.3354414420296302
RpII215_portz,14,5473,2770,6.059481639571848,36.71731774030834,283.91696,0.6606684842718328
RpII215_portz,14,5473,2771,3.4373607422445924,11.815448872324293,141.77328,0.22813151625401018
RpII215_portz,14,5473,2772,4.072169470102353,16.58256419323367,73.40257,0.3556837583297875
RpII215_portz,14,5473,2773,4.360722564162849,19.015901281599007,81.88753,0.3504607891988022
RpII215_portz,14,5473,2774,3.167873214255333,10.035420701596415,14.433678,0.07694456585673015
RpII215_portz,14,5473,2775,4.625777666213872,21.397819017243048,256.57303,0.3301123232616222
RpII215_portz,14,5473,2776,4.244351345436655,18.01451834350995,7.8834276,0.18863416924590742
RpII215_portz,14,5473,2777,5.214952035029126,27.195724727654408,165.50317,0.336360459460427
RpII215_portz,14,5473,2778,3.5762472138682577,12.789544134700478,73.23021,0.2759079984744715
RpII215_portz,14,5473,2779,5.278055218839373,27.85786689311754,150.3875,0.3214677301608805
RpII215_portz,14,5473,2780,6.970933626863381,48.59391563013466,341.95496,0.6149414957871975
RpII215_portz,14,5473,2781,4.889918811032051,23.91130597848511,57.454746,0.5418917542047068
RpII215_portz,14,5473,2782,4.015769181777367,16.126402121312857,130.88345,0.24198278870088974
RpII215_portz,14,5473,2783,4.511163609563383,20.350597112248938,20.89986,0.6037108278629446
RpII215_portz,14,5473,2784,4.477649936161744,20.04934895080927,9.777212,0.4687278483282288
RpII215_portz,14,5473,2785,3.6859592624681117,13.58629568457446,15.339987,0.1395797717995658
RpII215_portz,14,5473,2786,7.76227777072147,60.25295618983666,433.3568,0.42466661651650506
RpII215_portz,14,5473,2787,4.457286618088766,19.867403995793186,104.90492,0.4017765747542497
RpII215_portz,14,5473,2788,5.290576359914552,27.99019822008672,177.79005,0.2902576476815577
RpII215_portz,14,5473,2789,5.480803813622484,30.03921044341877,132.84605,0.7535153486409681
RpII215_portz,14,5473,2790,4.947036828275064,24.4731733803098,179.55031,0.4623897299783154
RpII215_portz,14,5473,2791,7.640148854414615,58.37187451761297,323.3339,0.772015689298098
RpII215_portz,14,5473,2792,5.833950108857834,34.03497387264233,181.03238,0.44857942412312607
RpII215_portz,14,5473,2793,5.884381098124297,34.6259409079625,151.50189,0.4422047451951536
RpII215_portz,14,5473,2794,4.355446186061724,18.969911479679624,41.867813,0.31063959351662856
RpII215_portz,14,5473,2795,3.868135919358322,14.96247549063005,21.79748,0.19997968757952556
RpII215_portz,14,5473,2796,5.810437167542648,33.76118007796103,129.2633,0.3829410229952236
RpII215_portz,14,5473,2797,5.124026332639118,26.255645857579083,210.36813,0.27352832527987475
RpII215_portz,14,5473,2798,7.214518251653775,52.04927360344544,302.1766,0.62916918637856
RpII215_portz,14,5473,2799,5.707134172417222,32.571380461972396,229.96957,0.48137959659600393
RpII215_portz,14,5473,2800,3.7062810771073433,13.736519422523966,90.137085,0.16761760294706493
RpII215_portz,14,5473,2801,5.367143076729933,28.80622480609004,233.2085,0.5618927477691849
RpII215_portz,14,5473,2802,4.648398956469332,21.60761285850518,169.82492,0.5864316311028768
RpII215_portz,14,5473,2803,8.98801808427828,80.78446908331343,478.3224,0.839081532632821
RpII215_portz,14,5473,2804,6.03114736360345,36.37473852150084,203.98071,0.6379837697270371
RpII215_portz,14,5473,2805,6.75264920921604,45.59827134272602,243.16824,0.5891981269099026
RpII215_portz,14,5473,2806,7.354761222935496,54.09251264639562,205.26343,0.6280218502493812
RpII215_portz,14,5473,2807,8.500760291551932,72.26292553442609,433.4548,0.8208601061744498
RpII215_portz,14,5473,2808,6.418436125679651,41.19632229942959,243.0379,0.5310669042277673
RpII215_portz,14,5473,2809,4.077390557059563,16.625113754798498,59.6536,0.40769862225572423
RpII215_portz,14,5473,2810,4.023732199679371,16.190420814736584,62.974182,0.22084062914173014
RpII215_portz,14,5473,2811,4.105210649617403,16.85275447773214,112.521515,0.5116760948727432
RpII215_portz,14,5473,2812,4.560281384627588,20.79616630698092,101.4863,0.6224514041892841
RpII215_portz,14,5473,2813,5.681934916746499,32.28438439814304,156.0443,0.5561498415637011
RpII215_portz,14,5473,2814,6.811577819949412,46.3975923972268,258.54556,0.5148509008459459
RpII215_portz,14,5473,2815,5.726074992393272,32.78793481851161,117.41809,0.2166419540508358
RpII215_portz,14,5473,2816,4.866068043961066,23.678618208459074,111.96468,0.5392910917349829
RpII215_portz,14,5473,2817,3.2878713118813407,10.81009776349233,10.1009445,0.2554042572268916
RpII215_portz,14,5473,2818,3.881489542133074,15.065961065688422,94.71288,0.23955927808440114
RpII215_portz,14,5473,2819,6.356476563702944,40.40479430490479,232.59412,0.6811226511005594
RpII215_portz,14,5473,2820,3.443391768175345,11.85694686913773,23.770098,0.23214315272907154
RpII215_portz,14,5473,2821,4.229550848882049,17.889100383278862,74.51231,0.3406816709867875
RpII215_portz,14,5473,2822,6.058876805779528,36.70998814761313,401.14893,0.38854082887529584
RpII215_portz,14,5473,2823,3.9550789160642554,15.642649232296003,19.189308,0.4146776923605763
RpII215_portz,14,5473,2824,4.62867591253482,21.424640703280048,131.07089,0.4729951890659239
RpII215_portz,14,5473,2825,4.731851536769936,22.390418966032012,67.05393,0.1353547815545469
RpII215_portz,14,5473,2826,3.516549583952776,12.366120976398443,64.83119,0.12920164230226755
RpII215_portz,14,5473,2827,6.802304483107784,46.2713462809083,153.21951,0.3239543205171595
RpII215_portz,14,5473,2828,3.600615155983997,12.964429501501659,69.70899,0.11452492662468036
RpII215_portz,14,5473,2829,7.204975225104935,51.91166799437592,256.8423,0.6247098111140964
RpII215_portz,14,5473,2830,5.651751537490801,31.94229544152964,122.36133,0.6035666714058983
RpII215_portz,14,5473,2831,4.102229146140535,16.828283967444904,48.220215,0.4123171917068209
RpII215_portz,14,5473,2832,4.969952492452883,24.700427777238627,168.75748,0.6119795577529991
RpII215_portz,14,5473,2833,6.251664416236926,39.083307973242995,217.26602,0.6190886448191412
RpII215_portz,14,5473,2834,5.50266609657437,30.279334170389017,115.01627,0.3836789935990952
RpII215_portz,14,5473,2835,4.117916332974431,16.957234925377588,104.771065,0.2051089460311162
RpII215_portz,14,5473,2836,3.4248526951560354,11.729615983517556,69.234024,0.2344359687498494
RpII215_portz,14,5473,2837,3.067432621822515,9.409142889420945,20.88627,0.09738508354099007
RpII215_portz,14,5473,2838,4.380369794685964,19.18763953819715,129.9235,0.30675217999917276
RpII215_portz,14,5473,2839,3.8635238552469353,14.92681658006214,97.80156,0.16767414387274387
RpII215_portz,14,5473,2840,4.340061755649196,18.83613604284877,73.9224,0.28511012828044047
RpII215_portz,14,5473,2841,4.184820224472078,17.51272031115052,113.54872,0.14188570317694515
RpII215_portz,14,5473,2842,4.301652631282188,18.504215360216964,122.33291,0.35362504530478384
RpII215_portz,14,5473,2843,3.8207915790724063,14.598448290710616,58.52432,0.28292789206892877
RpII215_portz,14,5473,2844,5.344732982639065,28.56617065570987,137.5032,0.16349439765719917
RpII215_portz,14,5473,2845,5.226855092827479,27.320014161416562,137.3238,0.4920451403570506
RpII215_portz,14,5473,2846,3.8315718243251213,14.680942644962139,24.382761,0.22006024971122107
RpII215_portz,14,5473,2847,3.6940532962965316,13.646029755879267,62.89021,0.12197306980671897
RpII215_portz,14,5473,2848,5.176903095376221,26.80032565891591,55.456425,0.5107226074639628
RpII215_portz,14,5473,2849,6.348850039773061,40.30789682752641,242.82927,0.7040726970864859
RpII215_portz,14,5473,2850,6.2058615664637005,38.51271778211129,340.3579,0.6370843790058106
RpII215_portz,14,5473,2851,4.766190872280007,22.716575431005264,121.0469,0.4561843132990602
RpII215_portz,14,5473,2852,6.127649450638402,37.548087789909104,480.51865,0.7441398221601933
RpII215_portz,14,5473,2853,4.16146602153766,17.317799448412494,95.690475,0.23756628589228362
RpII215_portz,14,5473,2854,4.958170973843783,24.58345940586702,189.43866,0.4411113244028252
RpII215_portz,14,5473,2855,6.055529643882224,36.669439267936355,285.8246,0.34930427095286853
RpII215_portz,14,5473,2856,4.91447292061679,24.152044087475712,106.22264,0.6254866644190444
RpII215_portz,14,5473,2857,6.185436780275626,38.25962816278649,155.48839,0.4709005585395245
RpII215_portz,14,5473,2858,7.156537084963146,51.21602304845279,205.25244,0.41150721759252495
RpII215_portz,14,5473,2859,4.9926600394607075,24.926654269627797,63.181694,0.41070506627794257
RpII215_portz,14,5473,2860,3.8249945285075815,14.630583143112933,23.80742,0.3985557803247901
RpII215_portz,14,5473,2861,3.691702530926123,13.628667576846341,15.164689,0.14681700386947527
RpII215_portz,14,5473,2862,4.465254470047394,19.938497482278223,209.99464,0.47477425735373213
RpII215_portz,14,5473,2863,2.8243252352521893,7.976813034482337,4.143513,0.06218919564728073
RpII215_portz,14,5473,2864,4.133982018323255,17.08980732782002,227.59785,0.2553977685822457
RpII215_portz,14,5473,2865,4.783435022464871,22.8812506141435,31.350925,0.3692117195322108
RpII215_portz,14,5473,2866,5.707808581291183,32.579078800661264,51.893753,0.33975021338070654
RpII215_portz,14,5473,2867,5.238384682703732,27.440674083985076,31.587624,0.3673679337268123
RpII215_portz,14,5473,2868,6.3821592510508305,40.7319567057737,283.28027,0.3908309982920244
RpII215_portz,14,5473,2869,5.353944517211971,28.66472189338412,173.37177,0.5745802538388004
RpII215_portz,14,5473,2870,3.9577342029944487,15.6636600215521,36.407722,0.2368153478470894
RpII215_portz,14,5473,2871,5.9300651042809465,35.165672141010575,208.7394,0.2683907882090573
RpII215_portz,14,5473,2872,5.467667869651718,29.895391932821756,148.45424,0.49845551785382447
RpII215_portz,14,5473,2873,6.296553349898782,39.64658408812158,195.60214,0.45616627368485163
RpII215_portz,14,5473,2874,5.046546649466125,25.46763308523777,109.05138,0.2281556134620481
RpII215_portz,14,5473,2875,3.749155378501817,14.0561660521491,56.13615,0.30273273201302925
RpII215_portz,14,5473,2876,3.8378918593593303,14.729413924136614,86.637955,0.10090171801085825
RpII215_portz,14,5473,2877,3.88344482793863,15.081143731643294,125.10683,0.3840236608256695
RpII215_portz,14,5473,2878,4.065060617315404,16.524717822448697,19.576471,0.26275001964873423
RpII215_portz,14,5473,2879,4.417305815213761,19.5125906651213,59.53032,0.3593473925671302
RpII215_portz,14,5473,2880,5.374822782310466,28.88871994124363,123.51959,0.5338673359582053
RpII215_portz,14,5473,2881,4.84853263950511,23.508268756346386,73.41643,0.31446573127764854
RpII215_portz,14,5473,2882,4.424452016281064,19.57577564437357,87.97604,0.36313865959355246
RpII215_portz,14,5473,2883,7.159252924678979,51.25490243952452,437.91632,0.5398685049111638
RpII215_portz,14,5473,2884,5.629360345203537,31.68969789615008,176.75125,0.3399240632571569
RpII215_portz,14,5473,2885,6.788564558656124,46.084608767042035,173.68324,0.5472564066366569
RpII215_portz,14,5473,2886,4.808802295205881,23.12457951437735,119.41518,0.16574142857867158
RpII215_portz,14,5473,2887,2.955568800019254,8.735386931647254,8.414815,0.13254186683539584
RpII215_portz,14,5473,2888,3.0649702606438463,9.394042698631202,52.689823,0.17210159877699474
RpII215_portz,14,5473,2889,5.352934171528509,28.653904244717605,74.50452,0.3451267472706737
RpII215_portz,14,5473,2890,5.260433919748123,27.67216502403659,38.789375,0.3197532460303645
RpII215_portz,14,5473,2891,4.792381354622442,22.966919048132844,169.07416,0.34273188390078546
RpII215_portz,14,5473,2892,4.805179787335188,23.089752788614643,100.74135,0.5884499118540353
RpII215_portz,14,5473,2893,7.695508000772311,59.22084338995063,541.9786,0.5986485445057357
RpII215_portz,14,5473,2894,5.243662344907107,27.4959947873967,122.33231,0.41291564748914655
RpII215_portz,14,5473,2895,3.6170172584187243,13.082813847698898,55.873096,0.1400856515681736
RpII215_portz,14,5473,2896,4.398843750418283,19.349826340594,34.33566,0.13772895003160243
RpII215_portz,14,5473,2897,6.0352570402983865,36.42432754247124,215.42693,0.5397294854374922
RpII215_portz,14,5473,2898,3.0415909535267227,9.251275528575595,25.654585,0.11842269594964042
RpII215_portz,14,5473,2899,4.376101167665611,19.150261429644328,27.82847,0.13320802997961284
RpII215_portz,14,5473,2900,5.490771435842092,30.148570960659427,245.43086,0.37677601200134253
RpII215_portz,14,5473,2901,5.953296009175203,35.44173337286139,303.6621,0.30065972846305
RpII215_portz,14,5473,2902,4.359811925184354,19.007960022979702,119.9973,0.4604171621838886
RpII215_portz,14,5473,2903,3.856107533897022,14.869565312977375,128.31764,0.089790943699361
RpII215_portz,14,5473,2904,5.928378532748671,35.145672027555285,203.82217,0.5052138236995107
RpII215_portz,14,5473,2905,4.017491743078125,16.14023990570091,60.62722,0.1047581125869077
RpII215_portz,14,5473,2906,3.533407925569719,12.484971568478908,75.95126,0.2507305692207579
RpII215_portz,14,5473,2907,4.869031861638305,23.707471269648984,98.632645,0.5313928291300677
RpII215_portz,14,5473,2908,4.343794997691447,18.868554981969233,131.16965,0.3774503686181316
RpII215_portz,14,5473,2909,4.723691030598507,22.3132569525568,62.236855,0.5014717807932059
RpII215_portz,14,5473,2910,3.832357703612381,14.686965568437158,37.55722,0.13984087253878486
RpII215_portz,14,5473,2911,6.889673673071795,47.46760332141858,467.52963,0.5856024885915797
RpII215_portz,14,5473,2912,7.108999763014638,50.53787763054218,442.90826,0.7186726981795634
RpII215_portz,14,5473,2913,8.000767038014805,64.01227319658422,441.09634,0.6076290688452096
RpII215_portz,14,5473,2914,3.9793522730888418,15.83524451333733,131.15137,0.26594441894260523
RpII215_portz,14,5473,2915,4.1280009590267275,17.04039191772558,71.20719,0.45919223892705574
RpII215_portz,14,5473,2916,4.441869087288918,19.73020098861288,82.78984,0.15204921847212552
RpII215_portz,14,5473,2917,4.7397632845972275,22.465355994015898,189.60321,0.5384906128591725
RpII215_portz,14,5473,2918,5.956030675518663,35.47430140771929,166.67648,0.5241013139146299
RpII215_portz,14,5473,2919,3.6331845279991333,13.200029814492293,7.071988,0.07452358416338328
RpII215_portz,14,5473,2920,4.340860261672924,18.843067811371128,102.59323,0.18128773359376918
RpII215_portz,14,5473,2921,3.6982317371360827,13.676917981560573,37.04993,0.231711091124418
RpII215_portz,14,5473,2922,6.191101830264147,38.329741872700055,217.59988,0.5718187915839757
RpII215_portz,14,5473,2923,4.4188234273605085,19.52600048219007,163.81136,0.32516294364148035
RpII215_portz,14,5473,2924,4.224023423997742,17.842373886481607,83.95306,0.6127756257039213
RpII215_portz,14,5473,2925,5.566850205221161,30.989821207370877,97.247375,0.3550862087211228
RpII215_portz,14,5473,2926,7.704538734769258,59.359917115559846,549.9767,0.4842027107321912
RpII215_portz,14,5473,2927,5.450447562382038,29.707378630276313,159.0619,0.5588201608440604
RpII215_portz,14,5473,2928,5.694446364145749,32.42671939413274,235.38135,0.4652306162377904
RpII215_portz,14,5473,2929,5.461474135383279,29.82769973146052,90.76838,0.3622759451370944
RpII215_portz,14,5473,2930,4.740837983258864,22.47554478350998,172.58597,0.49233512040351257
RpII215_portz,14,5473,2931,5.564228013000838,30.96063338066325,301.40698,0.5310802798306856
RpII215_portz,14,5473,2932,4.612690706357418,21.276915552516098,194.6835,0.4224070471400674
RpII215_portz,14,5473,2933,3.663154071307718,13.418697750138309,10.60492,0.1301466648397746
RpII215_portz,14,5473,2934,7.060473835389366,49.85029078021783,421.71786,0.34176755810651327
RpII215_portz,14,5473,2935,5.007412252705593,25.07417746854611,130.28961,0.4419187620310202
RpII215_portz,14,5473,2936,5.198730073864258,27.026794380900665,219.01175,0.7376454615037318
RpII215_portz,14,5473,2937,3.529162494275461,12.45498791100059,67.77963,0.1322404827664413
RpII215_portz,14,5473,2938,4.071513833528318,16.577224896612456,90.451294,0.13840081907129428
RpII215_portz,14,5473,2939,5.88157303775412,34.592901398436226,154.67921,0.5186627257292237
RpII215_portz,14,5473,2940,5.505032645715221,30.305384430390323,27.487394,0.4456965551972851
RpII215_portz,14,5473,2941,5.177181095787004,26.803204098574323,89.53286,0.2559088376406842
RpII215_portz,14,5473,2942,4.532725394161954,20.54559949888064,146.66006,0.405233352965459
RpII215_portz,14,5473,2943,4.060176787130259,16.48503554275139,39.722027,0.18820652040355823
RpII215_portz,14,5473,2944,5.452748347435952,29.7324645404655,219.14194,0.5227265222803701
RpII215_portz,14,5473,2945,5.169055025308445,26.719129854666495,83.77999,0.6151733342462669
RpII215_portz,14,5473,2946,4.360011717910492,19.009702180316793,76.611084,0.3672936230916582
RpII215_portz,14,5473,2947,5.096956362364505,25.978964159848005,115.4564,0.6430479415658512
RpII215_portz,14,5473,2948,5.421581386516994,29.39354473062753,120.70981,0.21437526093388928
RpII215_portz,14,5473,2949,4.434371904929378,19.663654191227,88.104126,0.37278847546856997
RpII215_portz,14,5473,2950,4.802076056444164,23.05993445187432,108.061554,0.558749120631358
RpII215_portz,14,5473,2951,6.166694983304491,38.02812701711278,83.85455,0.48011269316331684
RpII215_portz,14,5473,2952,4.513296277562674,20.369843289061087,75.961555,0.4318280034152719
RpII215_portz,14,5473,2953,5.7425471123594,32.976847337667294,201.84978,0.6929380247768938
RpII215_portz,14,5473,2954,6.194514029421152,38.37200406069546,381.24066,0.736413994881074
RpII215_portz,14,5473,2955,5.687503454790997,32.34769554825955,420.66763,0.7806174591126782
RpII215_portz,14,5473,2956,3.5353726653793522,12.498859883111502,30.236748,0.24679922391572903
RpII215_portz,14,5473,2957,5.179580904647306,26.828058347786996,215.7846,0.300623388055022
RpII215_portz,14,5473,2958,4.951412846430293,24.51648917579494,86.73672,0.41277653593355657
RpII215_portz,14,5473,2959,8.111144470187586,65.79066461625467,538.5523,0.8225623126353986
RpII215_portz,14,5473,2960,7.1931098527952,51.7408293543794,393.85413,0.5916346546449556
RpII215_portz,14,5473,2961,4.201144461104923,17.64961478307258,19.80396,0.16725475529049227
RpII215_portz,14,5473,2962,6.003824939737144,36.045913907009705,271.82516,0.5316283395988411
RpII215_portz,14,5473,2963,5.352711938807898,28.651525099856606,25.594189,0.4452081912354918
RpII215_portz,14,5473,2964,5.917204901208148,35.013313842881736,239.91641,0.6290489261227956
RpII215_portz,14,5473,2965,4.194813825216056,17.596463028223766,109.92988,0.3608806773077724
RpII215_portz,14,5473,2966,5.6161903873892225,31.541594467403108,77.46724,0.2593404154851954
RpII215_portz,14,5473,2967,7.108982016149949,50.53762530594338,322.5652,0.7614074086445662
RpII215_portz,14,5473,2968,5.640044842730705,31.810105828013235,114.942955,0.4059661813536679
RpII215_portz,14,5473,2969,4.814112579928215,23.17567993222311,177.65277,0.1251468471987406
RpII215_portz,14,5473,2970,3.8113960679082814,14.52673998646671,53.214725,0.04140134814526484
RpII215_portz,14,5473,2971,5.058937857215866,25.59285224317185,67.52678,0.44163476533590695
RpII215_portz,14,5473,2972,5.617534016078889,31.5566884218034,191.41415,0.5508168560351901
RpII215_portz,14,5473,2973,6.4555880425687135,41.67461697535616,352.41547,0.5861269661116175
RpII215_portz,14,5473,2974,4.806077223603767,23.098378279242887,138.55386,0.1345032984007296
RpII215_portz,14,5473,2975,6.156053631436918,37.89699631312767,338.27716,0.6135233885198499
RpII215_portz,14,5473,2976,5.0856597672284085,25.863935268005708,63.496136,0.4494817296105569
RpII215_portz,14,5473,2977,3.1317692134695023,9.807978406435382,71.50147,0.10540911284567503
RpII215_portz,14,5473,2978,4.245151717552985,18.021313105043056,61.30895,0.514232434534051
RpII215_portz,14,5473,2979,4.7547856243696085,22.607986333711892,116.424995,0.26536943057198814
RpII215_portz,14,5473,2980,4.934649994434432,24.350770567571743,198.58133,0.6123905665933944
RpII215_portz,14,5473,2981,5.459260700597272,29.803527397085823,310.12817,0.5356589391741785
RpII215_portz,14,5473,2982,4.397760214063439,19.340294900399304,20.33085,0.1782918301272931
RpII215_portz,14,5473,2983,7.274328089426379,52.91584915261762,480.44968,0.6550345023778004
RpII215_portz,14,5473,2984,5.819661089427964,33.868455195801864,294.99307,0.5883687880305496
RpII215_portz,14,5473,2985,4.705531417004937,22.142025916420494,198.45427,0.4101282949093199
RpII215_portz,14,5473,2986,4.9531460063715285,24.53365536043422,83.08865,0.5139983007283999
RpII215_portz,14,5473,2987,7.793240640317318,60.73459967789348,521.2024,0.5365771594367327
RpII215_portz,14,5473,2988,4.351090013121607,18.931984302286583,95.460625,0.4347756502856611
RpII215_portz,14,5473,2989,6.714584235196305,45.08564145154676,189.78082,0.7894692256381631
RpII215_portz,14,5473,2990,6.927937919487869,47.99632381627791,308.419,0.5817877993161402
RpII215_portz,14,5473,2991,4.471236322984279,19.991954255973976,83.10838,0.1737164009315162
RpII215_portz,14,5473,2992,5.238870672392242,27.44576592205154,95.864975,0.6411240154492408
RpII215_portz,14,5473,2993,6.088676772241943,37.07198483683857,260.7226,0.6789573497720363
RpII215_portz,14,5473,2994,6.819087944322702,46.49996039240724,205.37086,0.4896552933083215
RpII215_portz,14,5473,2995,4.448733260959675,19.7912276271689,125.17114,0.33480944077680563
RpII215_portz,14,5473,2996,4.490585263462007,20.165356008422147,35.25056,0.2299230546787733
RpII215_portz,14,5473,2997,4.310914260046065,18.583981757468514,70.599014,0.2642339683841022
RpII215_portz,14,5473,2998,3.4009845916051766,11.566696192335826,28.256954,0.1929018147125622
RpII215_portz,14,5473,2999,5.9031044544056686,34.84664219962406,422.0526,0.6632941205382208
RpII215_portz,14,5473,3000,4.204130728144646,17.67471517933003,38.3815,0.3258237055243064
RpII215_portz,14,5473,3001,4.928959224802252,24.294639039763215,295.06244,0.5672320592871734
RpII215_portz,14,5473,3002,3.5057786036615637,12.290483617891223,4.3726177,0.32554485759112756
RpII215_portz,14,5473,3003,3.4965581847175033,12.225919139114962,27.666574,0.12403409797040321
RpII215_portz,14,5473,3004,4.456002711468769,19.855960164617013,94.480545,0.4127286682974157
RpII215_portz,14,5473,3005,3.542268479903152,12.547665983715387,41.1437,0.13941614936142116
RpII215_portz,14,5473,3006,5.624249120662044,31.632178171267782,334.25287,0.41660864463333136
RpII215_portz,14,5473,3007,5.836996525059273,34.07052843355403,134.4487,0.6066292571582401
RpII215_portz,14,5473,3008,5.059151966496384,25.59501862010423,273.70554,0.5716303942509097
RpII215_portz,14,5473,3009,5.297733052198025,28.0659754923514,124.5892,0.41931838900535556
RpII215_portz,14,5473,3010,4.157851270072046,17.287727184039728,63.158676,0.1501630859850519
RpII215_portz,14,5473,3011,6.833951943121991,46.70289916090087,414.1623,0.8001042825856779
RpII215_portz,14,5473,3012,4.6741531863809165,21.847708009754875,120.87245,0.39812002787295886
RpII215_portz,14,5473,3013,3.6776424530398493,13.525054012400961,68.86126,0.11608169521844935
RpII215_portz,14,5473,3014,3.667278952118897,13.448934912654275,106.6756,0.19650885871466475
RpII215_portz,14,5473,3015,3.955466018445261,15.645711423075207,110.65375,0.14235290168893686
RpII215_portz,14,5473,3016,5.495012255175466,30.195159684528544,242.77795,0.5718805414776517
RpII215_portz,14,5473,3017,4.611222178399047,21.263369978559254,182.94281,0.4625018410057417
RpII215_portz,14,5473,3018,5.00936035005748,25.09369111672801,140.2675,0.32713572602240143
RpII215_portz,14,5473,3019,5.1830313524076095,26.86381400004027,128.55739,0.41604582768457715
RpII215_portz,14,5473,3020,3.833325215171232,14.694382205267567,58.311153,0.21446007752767096
RpII215_portz,14,5473,3021,3.6739266801304216,13.49773725097414,76.77702,0.088779271359246
RpII215_portz,14,5473,3022,5.267657882313344,27.7482195650979,125.57376,0.2956785577887934
RpII215_portz,14,5473,3023,6.781840763423519,45.99336414043289,420.8686,0.7246756504057583
RpII215_portz,14,5473,3024,8.77261562159919,76.95878484432612,456.87027,0.799578371034293
RpII215_portz,14,5473,3025,6.4423826141696505,41.504293747355376,119.83841,0.6873940991449732
RpII215_portz,14,5473,3026,7.242034005584866,52.44705653804758,319.4758,0.6365771578406322
RpII215_portz,14,5473,3027,4.744654409657791,22.511745467085127,126.031906,0.4481472710313875
RpII215_portz,14,5473,3028,5.954330752044085,35.454054704737885,366.71954,0.7856401223917221
RpII215_portz,14,5473,3029,7.536607729736312,56.80045607192114,315.76144,0.741089043475766
RpII215_portz,14,5473,3030,6.316538434124018,39.8986577897659,506.40634,0.6106923751812934
RpII215_portz,14,5473,3031,4.797589535491672,23.016865351059188,110.90413,0.5714859590671346
RpII215_portz,14,5473,3032,7.282069483288935,53.02853595944796,374.02545,0.7247425001289991
RpII215_portz,14,5473,3033,6.429869337283148,41.343219694534014,403.5766,0.5056577582829151
RpII215_portz,14,5473,3034,5.105836068427241,26.06956195765255,116.984406,0.49785543576684793
RpII215_portz,14,5473,3035,4.924792118066496,24.25357740616989,233.82578,0.5323247716897391
RpII215_portz,14,5473,3036,4.830115685871517,23.330017538902094,257.0193,0.3083897877684131
RpII215_portz,14,5473,3037,3.140617195988418,9.863476371738157,23.89142,0.19875278202266622
RpII215_portz,14,5473,3038,4.994681354167208,24.946841829665587,190.98486,0.3892063637745972
RpII215_portz,14,5473,3039,6.936305520671758,48.112334276101514,312.50195,0.5080957544029184
RpII215_portz,14,5473,3040,3.770714638815206,14.218288887375294,156.38062,0.388314221530456
RpII215_portz,14,5473,3041,4.181464426961598,17.484644753945293,99.196686,0.2389594054120745
RpII215_portz,14,5473,3042,4.691432213060794,22.009536209744503,270.42648,0.460984340351859
RpII215_portz,14,5473,3043,5.360421374606815,28.734117313341613,288.3988,0.5576674405884917
RpII215_portz,14,5473,3044,5.5485436906929095,30.786337087528096,148.75665,0.14407140548935407
RpII215_portz,14,5473,3045,3.9186284774945963,15.355649144631622,104.999626,0.3677778607472522
RpII215_portz,14,5473,3046,4.421474901509816,19.54944030468123,217.96147,0.5080853239238834
RpII215_portz,14,5473,3047,6.058653751507855,36.70728528066021,194.7434,0.3690652602828266
RpII215_portz,14,5473,3048,4.277325608416742,18.29551436041766,217.74231,0.28325762894485523
RpII215_portz,14,5473,3049,3.181470350577829,10.121753591605813,35.532104,0.22364159431380226
RpII215_portz,14,5473,3050,5.138364135670386,26.40278599074367,153.28554,0.2822005987399777
RpII215_portz,14,5473,3051,5.49119717796361,30.15324644727552,275.51276,0.3493864250727189
RpII215_portz,14,5473,3052,5.038587396978854,25.387362956994146,27.904558,0.17532591957179466
RpII215_portz,14,5473,3053,4.490666779022722,20.166088120218312,102.09816,0.42307467365048956
RpII215_portz,14,5473,3054,4.337868160565003,18.817100178443614,68.71228,0.24929589834782917
RpII215_portz,14,5473,3055,5.491794439391019,30.159806164526106,56.87885,0.49570241288989914
RpII215_portz,14,5473,3056,4.77519351610084,22.80247311621151,126.23842,0.5226151757242347
RpII215_portz,14,5473,3057,3.2997039522297666,10.888046172360742,63.2173,0.06851971011302738
RpII215_portz,14,5473,3058,4.389516473967956,19.26785487523608,61.335022,0.10232313635964373
RpII215_portz,14,5473,3059,6.7690934137332075,45.820625643846306,177.00446,0.8058254990390931
RpII215_portz,14,5473,3060,6.668366383258156,44.46711022136745,324.6422,0.7277212718854036
RpII215_portz,14,5473,3061,4.193117972252615,17.582238329227888,89.59174,0.5424465964845212
RpII215_portz,14,5473,3062,5.985973365832663,35.83187713645803,400.00552,0.5607496854201642
RpII215_portz,14,5473,3063,7.0128917817224785,49.180651142150694,568.8603,0.6885830777072713
RpII215_portz,14,5473,3064,5.4996396646407115,30.246036440889412,196.68437,0.5708435726045736
RpII215_portz,14,5473,3065,4.94760814625568,24.478826368895565,132.95038,0.23583844202472665
RpII215_portz,14,5473,3066,4.369507374419118,19.092594695103067,62.462532,0.47666973175762084
RpII215_portz,14,5473,3067,5.375063550997325,28.891308177259972,316.33563,0.504237131385739
RpII215_portz,14,5473,3068,6.15266437499815,37.855278911371364,279.09207,0.6355241287406226
RpII215_portz,14,5473,3069,5.949665706955551,35.39852202452292,56.124817,0.4869886164073969
RpII215_portz,14,5473,3070,6.847634019637357,46.890091666894875,438.65097,0.6889682941165626
RpII215_portz,14,5473,3071,4.614206207001954,21.290898920735355,134.61958,0.2669140420133761
RpII215_portz,14,5473,3072,5.47918284313561,30.02144462851162,189.61166,0.514077746202286
RpII215_portz,14,5473,3073,4.1883977918068105,17.54267606241217,78.29769,0.23668310622190306
RpII215_portz,14,5473,3074,3.8668747244134147,14.952720134307327,92.40149,0.14858024845057582
RpII215_portz,14,5473,3075,7.961498170159541,63.38545311345372,242.26416,0.7344385387106698
RpII215_portz,14,5473,3076,3.4025670188088597,11.577462317485814,39.1602,0.11509163702039145
RpII215_portz,14,5473,3077,4.497391230882813,20.226527883621632,119.749084,0.24557913066721215
RpII215_portz,14,5473,3078,7.365514417674093,54.25080263696494,454.68832,0.7934562085227896
RpII215_portz,14,5473,3079,7.4543829151119265,55.56782464511258,277.66644,0.748887192033053
RpII215_portz,14,5473,3080,4.750085558000639,22.563312808326238,27.591406,0.2747937811978452
RpII215_portz,14,5473,3081,4.934670590786244,24.350973839570656,70.54639,0.4649067489384917
RpII215_portz,14,5473,3082,5.2792798935205205,27.870796194130023,182.1016,0.44650932469975224
RpII215_portz,14,5473,3083,6.240534931100085,38.944276226280344,272.69824,0.38825430598794525
RpII215_portz,14,5473,3084,6.135693389939998,37.646733375353385,441.0205,0.5636426038991353
RpII215_portz,14,5473,3085,8.382008249974193,70.25806230263545,494.83966,0.8457607686544639
RpII215_portz,14,5473,3086,9.022710698333038,81.40930834581343,623.4372,0.7694342019099609
RpII215_portz,14,5473,3087,6.886016739906523,47.41722654227288,392.51215,0.6658446563670035
RpII215_portz,14,5473,3088,5.498829074216551,30.23712118744925,196.76627,0.6822345845053231
RpII215_portz,14,5473,3089,6.024725308512449,36.297315043030416,467.59634,0.6876312992903426
RpII215_portz,14,5473,3090,5.805179360265865,33.7001074048568,161.39145,0.4829725866821273
RpII215_portz,14,5473,3091,5.284817351171348,27.92929443524177,37.474003,0.2784076225418977
RpII215_portz,14,5473,3092,3.4493749738675032,11.898187710343432,18.083261,0.235311960573499
RpII215_portz,14,5473,3093,4.030656901281296,16.246195055846535,151.42412,0.4699175802356025
RpII215_portz,14,5473,3094,4.817386889912693,23.20721644710268,165.3357,0.34621346331793434
RpII215_portz,14,5473,3095,6.2948526803440386,39.62517026723453,295.72205,0.5882433035829443
RpII215_portz,14,5473,3096,5.847953206748724,34.198556708322684,292.76965,0.6130125960004517
RpII215_portz,14,5473,3097,4.750723747755918,22.56937612749203,145.16342,0.42236423777937643
RpII215_portz,14,5473,3098,4.926326106278514,24.26868890540123,108.61094,0.3688534841110912
RpII215_portz,14,5473,3099,5.617066490805483,31.551435962129823,134.39667,0.24966049691533468
RpII215_portz,14,5473,3100,3.3184844217585376,11.01233885745409,69.622826,0.2178392437470569
RpII215_portz,14,5473,3101,3.740033902241872,13.987853589918561,41.48904,0.2736447412771854
RpII215_portz,14,5473,3102,4.590907425501411,21.07643098952399,128.63632,0.36374953672336474
RpII215_portz,14,5473,3103,3.5501069865811123,12.603259616172023,55.676678,0.1877939289076677
RpII215_portz,14,5473,3104,5.009957692899279,25.09967608464066,100.16849,0.3393510136417443
RpII215_portz,14,5473,3105,4.100270210289205,16.812215797385075,126.978485,0.3147206021025212
RpII215_portz,14,5473,3106,4.92442115014959,24.24992366404062,75.97982,0.19528540238438485
RpII215_portz,14,5473,3107,5.154024688676118,26.56397049148295,160.59853,0.296696763608553
RpII215_portz,14,5473,3108,4.168252091444187,17.37432549782884,18.266888,0.2426793729405903
RpII215_portz,14,5473,3109,2.657793109951635,7.063864215306387,45.203297,0.12310266128832645
RpII215_portz,14,5473,3110,6.460089913758324,41.732761693842036,232.96474,0.5753822852101265
RpII215_portz,14,5473,3111,4.488631253959632,20.14781053402321,43.442463,0.2883138591763272
RpII215_portz,14,5473,3112,6.441386717709382,41.491462847082836,257.15207,0.4428834779312445
RpII215_portz,14,5473,3113,3.336231321239335,11.130439428818356,19.170225,0.10297653247417313
RpII215_portz,14,5473,3114,3.9425909450657266,15.544023360114263,112.970024,0.3003563827531465
RpII215_portz,14,5473,3115,4.381340533400133,19.196144869614958,92.84848,0.3740298163918389
RpII215_portz,14,5473,3116,5.07026364865475,25.707573466869775,46.411217,0.4829316728069324
RpII215_portz,14,5473,3117,6.417080523225852,41.17892244156457,162.91716,0.5617323208770074
RpII215_portz,14,5473,3118,7.080800440292232,50.13773487524265,474.81134,0.593887455516415
RpII215_portz,14,5473,3119,4.429324275858836,19.618913540712395,104.3075,0.45124123994411175
RpII215_portz,14,5473,3120,4.800369009651963,23.04354262882697,192.59024,0.36676223957943377
RpII215_portz,14,5473,3121,4.247567010335465,18.04182550729016,109.070206,0.21350111447766457
RpII215_portz,14,5473,3122,4.384921660160376,19.227537965743636,77.28323,0.34528285673330644
RpII215_portz,14,5473,3123,4.689647727123993,21.992795804519236,206.93509,0.3224255131447091
RpII215_portz,14,5473,3124,5.926852691380413,35.12758282532323,357.64047,0.613373970314776
RpII215_portz,14,5473,3125,5.27690686281775,27.845746038853072,178.88824,0.3878361890447539
RpII215_portz,14,5473,3126,3.954575343606751,15.63866614826245,26.417881,0.32424341669865664
RpII215_portz,14,5473,3127,5.522550192681881,30.498560630690697,93.4389,0.42760424057107127
RpII215_portz,14,5473,3128,4.663016707182011,21.743724811458566,106.47114,0.21164368954961835
RpII215_portz,14,5473,3129,4.388465764236589,19.258631763876632,37.45778,0.3750588172944304
RpII215_portz,14,5473,3130,4.3080192305980995,18.559029691203037,4.239779,0.25260584976328726
RpII215_portz,14,5473,3131,4.722921518808387,22.305987672823317,148.95003,0.5384821668332502
RpII215_portz,14,5473,3132,3.9130191189690713,15.311718625417479,19.69107,0.4291560827416082
RpII215_portz,14,5473,3133,5.538313669920271,30.672918306425746,116.60326,0.5144481736667859
RpII215_portz,14,5473,3134,5.23997274958604,27.45731441640429,108.92638,0.279291789704445
RpII215_portz,14,5473,3135,4.346655090975572,18.893410479903864,26.6493,0.2360755350361123
RpII215_portz,14,5473,3136,4.750900071587897,22.571051490213872,9.587494,0.12210950810483334
RpII215_portz,14,5473,3137,4.629405028761537,21.431390920322603,94.707115,0.47843023862652534
RpII215_portz,14,5473,3138,4.907115064061673,24.079778251940997,158.62944,0.3845089201081049
RpII215_portz,14,5473,3139,4.6577278201000345,21.694428446133816,73.23379,0.4204743991561237
RpII215_portz,14,5473,3140,7.4697709844340565,55.79747855989293,480.2892,0.72154475732783
RpII215_portz,14,5473,3141,2.7369446718978017,7.490866137029764,19.361446,0.10202944952218529
RpII215_portz,14,5473,3142,6.35003752643748,40.32297658716423,485.05923,0.5215739913268149
RpII215_portz,14,5473,3143,4.167739890976861,17.370055798839815,98.90497,0.2730874343302314
RpII215_portz,14,5473,3144,5.10757321200355,26.08730411597626,199.60802,0.3606586886558719
RpII215_portz,14,5473,3145,4.030705419408804,16.246586178051505,122.224686,0.37818021227145515
RpII215_portz,14,5473,3146,5.113181693743581,26.144627033234478,159.07233,0.41966593597386936
RpII215_portz,14,5473,3147,4.205092759317225,17.682805114462152,31.46494,0.36976176608864286
RpII215_portz,14,5473,3148,5.281594131967805,27.89523657483675,147.8843,0.5171424668197583
RpII215_portz,14,5473,3149,4.257307382362708,18.124666147920014,87.936386,0.4174664674742412
RpII215_portz,14,5473,3150,3.5005552725306086,12.253887216041836,45.103592,0.25075032236078587
RpII215_portz,14,5473,3151,4.201571433859677,17.65320251382566,28.358156,0.43642013804155644
RpII215_portz,14,5473,3152,4.647956694589722,21.60350143478142,79.37785,0.34144997745529804
RpII215_portz,14,5473,3153,4.935423779958688,24.35840788778171,132.96777,0.2924612344998614
RpII215_portz,14,5473,3154,4.244210287596106,18.01332096533661,74.68162,0.3156784111025457
RpII215_portz,14,5473,3155,3.56456280374106,12.706107981814323,36.232582,0.3211259572561917
RpII215_portz,14,5473,3156,4.268730769103302,18.22206237908927,59.69832,0.20712640008545175
RpII215_portz,14,5473,3157,3.4903470454768466,12.182522497868954,17.542915,0.09117975993110082
RpII215_portz,14,5473,3158,5.672911462217122,32.18192445815441,25.66401,0.5555424944421028
RpII215_portz,14,5473,3159,6.361076426782669,40.46329330737017,316.1859,0.6198993336397312
RpII215_portz,14,5473,3160,4.368938633212041,19.0876247807727,110.76431,0.2997785423110674
RpII215_portz,14,5473,3161,3.5154641872996715,12.358488452186544,13.359291,0.06705403361390257
RpII215_portz,14,5473,3162,8.022660417492837,64.36308017440635,454.0878,0.7348991489290121
RpII215_portz,14,5473,3163,4.858102671563942,23.601161567456717,135.91544,0.6341532622179773
RpII215_portz,14,5473,3164,4.745598521746478,22.52070532960236,268.73447,0.3223421185348677
RpII215_portz,14,5473,3165,6.230521073262704,38.819392844370626,241.4957,0.3816474436333018
RpII215_portz,14,5473,3166,5.644846451190158,31.864291457514124,315.91745,0.42008137843734383
RpII215_portz,14,5473,3167,5.617962118749981,31.56149836770977,204.39264,0.4889939932372454
RpII215_portz,14,5473,3168,5.394239573103552,29.097820572036397,94.413185,0.422519159104077
RpII215_portz,14,5473,3169,4.891078132173996,23.92264529503066,122.7202,0.3560899538168358
RpII215_portz,14,5473,3170,3.4038443216129117,11.586156165776456,34.89331,0.14798126532192787
RpII215_portz,14,5473,3171,5.325112425071754,28.35682233965358,171.34344,0.4012719175916668
RpII215_portz,14,5473,3172,5.028844892139348,25.289280949196005,68.37551,0.5889810106403135
RpII215_portz,14,5473,3173,4.95748570536052,24.576664518853896,231.28064,0.4895400212628076
RpII215_portz,14,5473,3174,6.365251928416622,40.516432112211504,211.62024,0.5331784613771609
RpII215_portz,14,5473,3175,3.7723996569682776,14.230999171894373,17.577608,0.2360917301493503
RpII215_portz,14,5473,3176,4.107623531045633,16.872571072799797,125.246445,0.32172793398633814
RpII215_portz,14,5473,3177,6.113383255716234,37.37345483127163,125.247375,0.5601499207305585
RpII215_portz,14,5473,3178,3.6712692810857153,13.478218134243626,97.04542,0.10060352715864973
RpII215_portz,14,5473,3179,4.511420634339106,20.352916139940668,192.94232,0.3611839581347148
RpII215_portz,14,5473,3180,5.002454354294279,25.02454956679779,170.6547,0.32663312959360397
RpII215_portz,14,5473,3181,5.022223288696567,25.22272676152617,153.76604,0.3442758843470307
RpII215_portz,14,5473,3182,3.764403799501163,14.17073596569879,83.95352,0.31121757701686664
RpII215_portz,14,5473,3183,5.733937469504359,32.87803890418605,95.53868,0.3186835544785195
RpII215_portz,14,5473,3184,5.619902452217356,31.58330357243864,150.1557,0.6567233970701098
RpII215_portz,14,5473,3185,5.03112789283197,25.312247874031844,119.045135,0.5270865153029705
RpII215_portz,14,5473,3186,4.997105195065662,24.971060330552227,195.64201,0.4190599090321766
RpII215_portz,14,5473,3187,4.640228711628417,21.531722496220713,186.78296,0.2892187512405473
RpII215_portz,14,5473,3188,3.8487058130062337,14.812536435067969,95.39888,0.2120333117486492
RpII215_portz,14,5473,3189,3.0970271341517903,9.591577069672454,29.864218,0.18168767593093926
RpII215_portz,14,5473,3190,4.344389717129571,18.873722014301162,43.43578,0.24599492282636964
RpII215_portz,14,5473,3191,4.559954587002843,20.79318583552827,33.569004,0.38546359428110255
RpII215_portz,14,5473,3192,7.102368964887362,50.443644913395175,246.75084,0.6792700262012562
RpII215_portz,14,5473,3193,5.028736206665806,25.288187836231593,170.08502,0.5700835472251607
RpII215_portz,14,5473,3194,5.804661320030142,33.69409304025409,187.11276,0.3679820529134048
RpII215_portz,14,5473,3195,5.443873839248582,29.635762377655098,188.3278,0.6125464646016315
RpII215_portz,14,5473,3196,4.812257852265996,23.15782563669574,105.64618,0.3999599308860635
RpII215_portz,14,5473,3197,6.482661445746802,42.024899420172034,250.30089,0.3398102237817026
RpII215_portz,14,5473,3198,6.700550307201412,44.89737441933693,363.2344,0.6659982158213891
RpII215_portz,14,5473,3199,4.8481401558170445,23.50446297044571,168.11719,0.4351480928176852
RpII215_portz,14,5473,3200,3.645473762208651,13.289478950951693,51.892517,0.3600216171204399
RpII215_portz,14,5473,3201,3.3109350213488993,10.962290715594632,44.048454,0.2756811813102749
RpII215_portz,14,5473,3202,3.9353669397380076,15.487112950382896,125.05553,0.22067650827681204
RpII215_portz,14,5473,3203,4.150359651330359,17.225485235391062,78.842545,0.23589166237089543
RpII215_portz,14,5473,3204,4.250765905224103,18.069010781015688,64.50564,0.18324521849794345
RpII215_portz,14,5473,3205,5.705347978059456,32.550995550747125,308.07462,0.509485162840454
RpII215_portz,14,5473,3206,4.20463031210084,17.678916061437207,91.21435,0.25314859404194706
RpII215_portz,14,5473,3207,4.5848544993607865,21.020890780308847,50.621246,0.31881931697641086
RpII215_portz,14,5473,3208,7.505040498554552,56.325632884943964,460.56125,0.6891201679908863
RpII215_portz,14,5473,3209,4.091567978911109,16.740928526050727,40.349205,0.4148919322521296
RpII215_portz,14,5473,3210,4.006075622965976,16.048641896922227,17.423414,0.2824418244689492
RpII215_portz,14,5473,3211,3.4960076228842736,12.222069299264952,10.113004,0.26453707020148987
RpII215_portz,14,5473,3212,5.081547559870658,25.822125603227423,249.40253,0.47743771791499356
RpII215_portz,14,5473,3213,5.849447516101573,34.21603624362685,130.3465,0.4994119655089324
RpII215_portz,14,5473,3214,6.222010747138281,38.71341773750429,113.46584,0.6294972026274019
RpII215_portz,14,5473,3215,4.058711052504565,16.473135407722708,97.89255,0.1754313037545648
RpII215_portz,14,5473,3216,4.429828515536047,19.623380677056307,132.02933,0.2933165250006967
RpII215_portz,14,5473,3217,3.5545558497601526,12.634867289064116,55.683155,0.16004515541014072
RpII215_portz,14,5473,3218,4.6638975241571226,21.751940115838924,66.668236,0.3747695181624563
RpII215_portz,14,5473,3219,4.645075792727822,21.576729120186,90.76814,0.2590835765041713
RpII215_portz,14,5473,3220,5.255687003719834,27.62224588106956,124.21002,0.46237388642569677
RpII215_portz,14,5473,3221,5.166117537135237,26.68877040749624,184.47491,0.640002117700967
RpII215_portz,14,5473,3222,3.629476078817608,13.173096606709244,85.36163,0.1686575857040163
RpII215_portz,14,5473,3223,5.725845633843839,32.785308222608556,202.4118,0.2949043427993441
RpII215_portz,14,5473,3224,4.044505439354325,16.358024248966725,113.98201,0.25936561971794636
RpII215_portz,14,5473,3225,5.373824290169616,28.877987501616985,283.02054,0.4792576419010103
RpII215_portz,14,5473,3226,4.4619319942887214,19.90883712165732,87.133446,0.43701219063454466
RpII215_portz,14,5473,3227,4.592266812834466,21.088914480260833,73.580795,0.12428194790481009
RpII215_portz,14,5473,3228,4.308183057806715,18.560441259572812,20.24555,0.2947603051017235
RpII215_portz,14,5473,3229,6.529778297463641,42.63800461402715,210.41563,0.46989910351233327
RpII215_portz,14,5473,3230,6.229819286096947,38.81064833742548,371.7953,0.5904395586564797
RpII215_portz,14,5473,3231,4.803242391075471,23.071137467424403,57.524773,0.3517586200710038
RpII215_portz,14,5473,3232,4.83322646224015,23.360078035298425,198.34698,0.44664905426644114
RpII215_portz,14,5473,3233,3.4614735863076613,11.98179938870563,28.464973,0.10806407124894221
RpII215_portz,14,5473,3234,4.707169205446187,22.15744192870088,175.6492,0.16263551923250996
RpII215_portz,14,5473,3235,4.040292864437617,16.323966430425518,225.24652,0.12190249198710365
RpII215_portz,14,5473,3236,5.3215557575127725,28.318955680317334,213.33461,0.4033622222596171
RpII215_portz,14,5473,3237,5.086647408998187,25.873981863467975,177.07607,0.39184454501629795
RpII215_portz,14,5473,3238,3.378035093303964,11.411121091593122,35.43678,0.26400642571583705
RpII215_portz,14,5473,3239,6.921064640257555,47.90113575462343,340.2729,0.7831208669816352
RpII215_portz,14,5473,3240,5.077761212792131,25.783658934136213,193.31975,0.4606576644698572
RpII215_portz,14,5473,3241,7.885382717450142,62.179260600661415,387.55252,0.7436064613417248
RpII215_portz,14,5473,3242,6.71525054727738,45.094589912709125,248.6485,0.3839561003151302
RpII215_portz,14,5473,3243,5.551703795439396,30.82141503229619,139.77527,0.6367665797091866
RpII215_portz,14,5473,3244,6.931509152993738,48.04581913803598,218.4406,0.7479822632458949
RpII215_portz,14,5473,3245,6.46830181888583,41.83892842020174,275.082,0.74844959271206
RpII215_portz,14,5473,3246,5.4263635819630816,29.4454217236552,202.06047,0.44609674070779537
RpII215_portz,14,5473,3247,4.095194794829259,16.770620407596653,173.679,0.532987572006976
RpII215_portz,14,5473,3248,3.9247303230294452,15.403508108506815,19.458324,0.3347918148903877
RpII215_portz,14,5473,3249,6.686863352926832,44.71414150071589,429.81198,0.6432898479120334
RpII215_portz,14,5473,3250,4.778829075510747,22.837207332946893,22.274168,0.4153904295458322
RpII215_portz,14,5473,3251,4.688485516877042,21.98189644196578,270.4644,0.4021467038077836
RpII215_portz,14,5473,3252,3.3464342828767495,11.19862240961283,41.72044,0.1263998880702747
RpII215_portz,14,5473,3253,3.5706405482527317,12.749473924826564,17.557335,0.14654259999599473
RpII215_portz,14,5473,3254,4.26268129567676,18.170451828512498,161.2351,0.17381199622474688
RpII215_portz,14,5473,3255,7.141276765526891,50.99783384185423,81.67662,0.5266852160093121
RpII215_portz,14,5473,3256,3.7598831584992167,14.136721365566043,84.43788,0.13320367382880907
RpII215_portz,14,5473,3257,4.462028864149734,19.909701584505363,118.34214,0.16806318193620423
RpII215_portz,14,5473,3258,4.719474746584238,22.273441883646363,32.587532,0.15102029500467068
RpII215_portz,14,5473,3259,7.179602517516421,51.54669230952813,359.533,0.6646200301561982
RpII215_portz,14,5473,3260,7.173270972931577,51.455816451102706,548.81525,0.7838868793608027
RpII215_portz,14,5473,3261,5.484969992331458,30.084895816776548,229.7491,0.5646597884462363
RpII215_portz,14,5473,3262,5.3793965630301965,28.937907382341088,134.3495,0.5279662129793798
RpII215_portz,14,5473,3263,4.7652067289972,22.707195170080197,102.909134,0.4033711694064562
RpII215_portz,14,5473,3264,3.7317533951278747,13.92598340204842,70.48038,0.3379747372388403
RpII215_portz,14,5473,3265,5.50877908129368,30.34664696649884,51.59571,0.47126361339987666
RpII215_portz,14,5473,3266,7.704239489224644,59.3553061073284,297.4239,0.5606856813562952
RpII215_portz,14,5473,3267,3.1143912403172735,9.699432797764963,23.398657,0.20894366615207338
RpII215_portz,14,5473,3268,3.899700139849034,15.207661180738576,100.608406,0.32905330797077703
RpII215_portz,14,5473,3269,4.622541391885614,21.367888919695787,221.50365,0.36925921252505606
RpII215_portz,14,5473,3270,10.170024130417518,103.42939081327461,1016.3206,0.8926862433808114
RpII215_portz,14,5473,3271,4.486752164967998,20.130944989845016,70.00751,0.5079907089036557
RpII215_portz,14,5473,3272,6.543579865198657,42.81843745223328,108.8376,0.4289280687265169
RpII215_portz,14,5473,3273,6.508616871612697,42.36209358144144,189.8877,0.6998601989378364
RpII215_portz,14,5473,3274,4.179703976774398,17.469925333463724,40.812515,0.25877579570699577
RpII215_portz,14,5473,3275,5.534197510936111,30.627342090051435,337.49155,0.5286804918554875
RpII215_portz,14,5473,3276,4.604646172464948,21.2027663735961,66.41577,0.4887313715517405
RpII215_portz,14,5473,3277,3.812194891259216,14.532829888942864,155.47815,0.2473172174334931
RpII215_portz,14,5473,3278,3.703730352250405,13.717618522180913,100.44779,0.12387984976153504
RpII215_portz,14,5473,3279,5.105434042159656,26.06545675884269,157.25694,0.17256477683176943
RpII215_portz,14,5473,3280,4.777908619158374,22.828410773027883,121.12419,0.43308334251556824
RpII215_portz,14,5473,3281,5.100103567445662,26.01105639867197,182.16016,0.4490667274065564
RpII215_portz,14,5473,3282,4.473920924957039,20.01596844276845,161.42444,0.40161649295706614
RpII215_portz,14,5473,3283,4.153550352129432,17.25198052767454,123.02763,0.3027000635627181
RpII215_portz,14,5473,3284,4.56153256643048,20.80757935460585,92.76399,0.21328902433049968
RpII215_portz,14,5473,3285,5.412700891756663,29.297330943623386,214.22177,0.6616535404890245
RpII215_portz,14,5473,3286,5.208950893652053,27.133169412478516,192.24373,0.6000767945090228
RpII215_portz,14,5473,3287,5.414550685041918,29.3173591208879,37.494312,0.5472591795477968
RpII215_portz,14,5473,3288,6.960179000816911,48.44409172341269,211.4929,0.5267182434477761
RpII215_portz,14,5473,3289,6.219804008618492,38.68596190562668,313.7237,0.6020378008543454
RpII215_portz,14,5473,3290,3.929054256024369,15.437467346783208,39.670914,0.1661429728743937
RpII215_portz,14,5473,3291,5.308419263384118,28.179315075867574,197.73576,0.6701691906009989
RpII215_portz,14,5473,3292,6.106621508016937,37.29082624217504,232.76538,0.44747164677762863
RpII215_portz,14,5473,3293,4.21099222592125,17.7324555267692,31.586464,0.22606001909849233
RpII215_portz,14,5473,3294,3.4465907077640843,11.878987506845725,53.71183,0.09860054528043075
RpII215_portz,14,5473,3295,4.321291171820284,18.67355739165192,44.782158,0.1968749589419314
RpII215_portz,14,5473,3296,5.8418237774799815,34.126905047130485,128.38187,0.35633897086636224
RpII215_portz,14,5473,3297,4.782888413393538,22.87602157497416,52.979443,0.30816407830118564
RpII215_portz,14,5473,3298,4.553774248400672,20.736859905397118,249.53552,0.6301988261743239
RpII215_portz,14,5473,3299,6.434674076005711,41.40503046441996,190.16605,0.457059347414344
RpII215_portz,14,5473,3300,6.60688735906533,43.65096057537723,288.03842,0.639342959584724
RpII215_portz,14,5473,3301,6.119064155377091,37.44294613762075,210.4803,0.7549522806837006
RpII215_portz,14,5473,3302,5.557477863686703,30.885560205367717,119.91103,0.3812545619689011
RpII215_portz,14,5473,3303,5.555584346092677,30.864517426549998,85.00748,0.32899865765236513
RpII215_portz,14,5473,3304,3.5750802471944425,12.781198773879881,24.58006,0.12755748727732663
RpII215_portz,14,5473,3305,4.74488361174225,22.51392048898018,162.96782,0.5070119505384854
RpII215_portz,14,5473,3306,4.461432130025362,19.904376650822645,62.99894,0.12259192704715206
RpII215_portz,14,5473,3307,3.5441442493725206,12.560958460360306,67.238106,0.11665189638368226
RpII215_portz,14,5473,3308,4.1627402768756046,17.328406612722382,46.725334,0.33310386355927507
RpII215_portz,14,5473,3309,4.646039000798294,21.58567839693881,70.05465,0.5708712781269509
RpII215_portz,14,5473,3310,6.7820947072243785,45.99680861776093,364.00647,0.6796001118062093
RpII215_portz,14,5473,3311,6.5159811270257055,42.45801004775519,163.88115,0.6092391537436475
RpII215_portz,14,5473,3312,4.558852321819755,20.783134492161366,216.33264,0.26690240424091477
RpII215_portz,14,5473,3313,5.010761759372727,25.107733409192065,228.00461,0.576526099616942
RpII215_portz,14,5473,3314,5.486752327827944,30.104451106925364,163.99973,0.4033659363759111
RpII215_portz,14,5473,3315,3.4841345201617226,12.139193354582558,64.25599,0.16235700104906003
RpII215_portz,14,5473,3316,4.8074670669953425,23.111739600244796,81.43753,0.21484554575839698
RpII215_portz,14,5473,3317,6.123866368493511,37.501739299165905,320.2396,0.6652379029678793
RpII215_portz,14,5473,3318,4.72394035290768,22.315612457829534,178.25906,0.4571856156744138
RpII215_portz,14,5473,3319,5.541460119307383,30.7077802538742,194.34718,0.508209141318167
RpII215_portz,14,5473,3320,5.977316479066564,35.72831229092071,211.687,0.6041375885058442
RpII215_portz,14,5473,3321,5.3407923970245195,28.52406342811491,53.567444,0.535899673900033
RpII215_portz,14,5473,3322,4.2906350771426105,18.40954936520658,101.16591,0.32084949529406637
RpII215_portz,14,5473,3323,4.890525823613875,23.91724283143418,110.70589,0.37035790331004
RpII215_portz,14,5473,3324,4.4021835046866755,19.379219608935465,83.134605,0.17338300425157233
RpII215_portz,14,5473,3325,4.688642018847955,21.983363980906628,48.041054,0.22287583836455177
RpII215_portz,14,5473,3326,4.233920295508334,17.926081068717373,77.76488,0.44056237710745727
RpII215_portz,14,5473,3327,3.749736833938837,14.060526323797653,47.782696,0.19016267187749014
RpII215_portz,14,5473,3328,4.668057151916127,21.790757573555297,55.54795,0.21995642593566056
RpII215_portz,14,5473,3329,5.936744678645241,35.24493737942258,290.04648,0.6686818169441517
RpII215_portz,14,5473,3330,6.525478333455069,42.58186748039153,285.17206,0.6931772028206356
RpII215_portz,14,5473,3331,4.748078187353257,22.544246473219797,165.71289,0.4749703952397429
RpII215_portz,14,5473,3332,4.404698918425111,19.40137256197534,118.07049,0.24184300965623545
RpII215_portz,14,5473,3333,5.8383040675661215,34.08579438535911,366.18594,0.5759991556629254
RpII215_portz,14,5473,3334,4.777371687152295,22.823280237204354,235.26251,0.5662282510140928
RpII215_portz,14,5473,3335,4.897632835963726,23.986807395910084,57.231865,0.2782352121877454
RpII215_portz,14,5473,3336,3.3627391035165175,11.308014278319078,53.34921,0.10899985328470324
RpII215_portz,14,5473,3337,7.344672475697967,53.94421377527533,202.22334,0.7472076801250727
RpII215_portz,14,5473,3338,5.328040365703686,28.388014138567872,105.61906,0.49744728437190355
RpII215_portz,14,5473,3339,3.034885332269519,9.210528980024668,2.701567,0.06729819823000799
RpII215_portz,14,5473,3340,4.844474694712949,23.468935067714128,109.305176,0.2961539057559639
RpII215_portz,14,5473,3341,4.057374224684197,16.46228559913169,35.822838,0.2644707356612661
RpII215_portz,14,5473,3342,3.471240762663599,12.049512432377366,13.877344,0.08853207444757932
RpII215_portz,14,5473,3343,7.766510889212289,60.318691392253065,366.36377,0.8744694770948964
RpII215_portz,14,5473,3344,5.489430877141343,30.13385135491277,31.547672,0.5657204779488597
RpII215_portz,14,5473,3345,3.2630611403832726,10.647568005879387,6.8062057,0.01934335060540312
RpII215_portz,14,5473,3346,3.8624469111157564,14.918496141187651,158.7215,0.27173046332526196
RpII215_portz,14,5473,3347,4.346671420926773,18.893552441501573,85.06247,0.5778140689463604
RpII215_portz,14,5473,3348,5.479518039365613,30.025117943733164,161.27756,0.3910694414415397
RpII215_portz,14,5473,3349,4.98239748947373,24.824284743114134,163.4477,0.3873912916817148
RpII215_portz,14,5473,3350,8.301548191959666,68.91570238342881,378.93652,0.6355279196231789
RpII215_portz,14,5473,3351,4.170280118181883,17.391236264103092,47.60636,0.20463647174765165
RpII215_portz,14,5473,3352,5.109076153756543,26.102659144883756,215.15189,0.6601055807983093
RpII215_portz,14,5473,3353,6.18206612984877,38.21794163382335,111.35522,0.44222305005909324
RpII215_portz,14,5473,3354,4.588949319980777,21.058455861352044,122.049995,0.4166179620794667
RpII215_portz,14,5473,3355,4.462729684418247,19.91595623618778,59.375587,0.1271565271049637
RpII215_portz,14,5473,3356,6.1781287032748144,38.16927427422814,170.27516,0.7079271931287423
RpII215_portz,14,5473,3357,8.86559918303656,78.59884887425852,882.6524,0.8177358329163156
RpII215_portz,14,5473,3358,6.086847900446213,37.04971736316645,330.08923,0.5743401298735553
RpII215_portz,14,5473,3359,4.369170090256657,19.089647277593365,114.3046,0.4661793574099845
RpII215_portz,14,5473,3360,5.512800096561466,30.390964904648104,114.450294,0.4029069548025179
RpII215_portz,14,5473,3361,5.053603780630557,25.538911171603452,87.196014,0.502953322536966
RpII215_portz,14,5473,3362,3.70578721972021,13.732858917841641,44.446632,0.34420470363841826
RpII215_portz,14,5473,3363,4.266938632828049,18.2067652963205,49.62225,0.10715572997471129
RpII215_portz,14,5473,3364,4.64155298990475,21.544014158093734,21.25764,0.27619187739173107
RpII215_portz,14,5473,3365,4.965263418964935,24.653840819711363,92.070625,0.7165651735638977
RpII215_portz,14,5473,3366,6.27458056620541,39.370361281802595,194.83347,0.7310165069985792
RpII215_portz,14,5473,3367,6.458448705581342,41.71155968262532,269.61145,0.5428714919496667
RpII215_portz,14,5473,3368,7.434859628758675,55.27713769934558,363.7976,0.5647209703643107
RpII215_portz,14,5473,3369,4.406307818691238,19.415548593059537,150.55713,0.4645962769519518
RpII215_portz,14,5473,3370,7.227170787627242,52.23199759353256,275.2218,0.8289355590194907
RpII215_portz,14,5473,3371,7.299170076219157,53.27788380157317,389.87598,0.7539216152155905
RpII215_portz,14,5473,3372,6.913014198784983,47.78976531260277,220.7824,0.7451802368653918
RpII215_portz,14,5473,3373,7.21856335762224,52.10765694800648,454.55206,0.736273563486483
RpII215_portz,14,5473,3374,6.540093129374503,42.77281814089157,346.95825,0.5585631123057161
RpII215_portz,14,5473,3375,4.8098127864220235,23.134299040428782,91.52281,0.4416312781189857
RpII215_portz,14,5473,3376,4.6700181683308495,21.809069692540223,112.44936,0.3189091478872894
RpII215_portz,14,5473,3377,4.338291070026716,18.82076940827355,9.587378,0.4687155163305644
RpII215_portz,14,5473,3378,4.557437114600883,20.77023305354161,157.79303,0.3846911899635369
RpII215_portz,14,5473,3379,6.726414096725865,45.24464660063244,445.031,0.6219911440131706
RpII215_portz,14,5473,3380,4.687611229372155,21.973699037735916,151.29611,0.6378143606605269
RpII215_portz,14,5473,3381,5.704619032404903,32.54267830487625,241.19225,0.39947407122708667
RpII215_portz,14,5473,3382,4.380135526370405,19.18558722937215,127.63874,0.36433737663920945
RpII215_portz,14,5473,3383,5.498015985484411,30.228179776642126,106.39406,0.5686396896105348
RpII215_portz,14,5473,3384,5.8098734052638115,33.75462898519172,144.067,0.26766664075034674
RpII215_portz,14,5473,3385,8.693899505588261,75.58388861326783,551.98,0.6351186591082458
RpII215_portz,14,5473,3386,5.491725793047899,30.15905218602757,110.99838,0.6952607993111479
RpII215_portz,14,5473,3387,3.8566825317664026,14.874000150832114,129.67088,0.35901939608751343
RpII215_portz,14,5473,3388,3.792215245304454,14.380896466719518,93.314445,0.3197982955748274
RpII215_portz,14,5473,3389,4.222594445335786,17.830303849780623,70.42452,0.2582792217325767
RpII215_portz,14,5473,3390,4.072621270487779,16.586244012829482,67.49716,0.33535088311116357
RpII215_portz,14,5473,3391,5.18311114150308,26.86464110517336,159.06984,0.2976251365869197
RpII215_portz,14,5473,3392,4.712335861741487,22.206109273854896,54.08497,0.38391860715526177
RpII215_portz,14,5473,3393,4.304948823420845,18.532584372272517,53.55483,0.32849229092429183
RpII215_portz,14,5473,3394,3.8695561058375687,14.97346445622481,111.1554,0.0886880793355457
RpII215_portz,14,5473,3395,5.2393031375451,27.450297367089927,151.28148,0.5420440372247332
RpII215_portz,14,5473,3396,4.989041847486298,24.89053855596949,121.63006,0.47170230548728825
RpII215_portz,14,5473,3397,5.452060533716608,29.724964063310235,53.765953,0.5969228287276584
RpII215_portz,14,5473,3398,3.830453092762754,14.672370895855742,87.77888,0.1903378704951291
RpII215_portz,14,5473,3399,6.818009015906679,46.48524694098475,341.69278,0.5773085579899935
RpII215_portz,14,5473,3400,4.15140685656912,17.234178888769097,49.751442,0.21715266821554136
RpII215_portz,14,5473,3401,5.577067774584565,31.10368496230963,113.0885,0.6033884367139692
RpII215_portz,14,5473,3402,4.409737804430256,19.44578750382137,71.39946,0.4276051604486565
RpII215_portz,14,5473,3403,4.632261378403196,21.457845477845872,37.229076,0.31189390554737656
RpII215_portz,14,5473,3404,7.664867741150665,58.75019748933212,240.60536,0.7336141470644566
RpII215_portz,14,5473,3405,5.751505649998317,33.079817241962566,161.91623,0.5934680041084797
RpII215_portz,14,5473,3406,5.526980979173085,30.547518744141076,340.7861,0.6249249733403317
RpII215_portz,14,5473,3407,6.26611199015441,39.26415947315686,257.36252,0.6273840491106311
RpII215_portz,14,5473,3408,4.657115382230607,21.688723683408952,44.858868,0.4208161430037869
RpII215_portz,14,5473,3409,3.820796675922213,14.598487238738233,22.355223,0.2421906724832727
RpII215_portz,14,5473,3410,4.845162110728642,23.47559587924043,116.75075,0.4054642099064996
RpII215_portz,14,5473,3411,3.9719452449153705,15.77634902860583,42.754337,0.32740981218339554
RpII215_portz,14,5473,3412,5.79896370345562,33.62798003399573,85.09909,0.6424896894057266
RpII215_portz,14,5473,3413,6.635777556387244,44.03354377785268,194.95781,0.573449639441749
RpII215_portz,14,5473,3414,5.335178161749644,28.464126017610305,76.5634,0.2779401348861705
RpII215_portz,14,5473,3415,5.838649373302525,34.089826504365966,152.98898,0.4477827514335131
RpII215_portz,14,5473,3416,4.40559687326977,19.409283809764382,15.067374,0.2435517851052567
RpII215_portz,14,5473,3417,5.774877690853901,33.3492123443221,311.74728,0.5667866047226956
RpII215_portz,14,5473,3418,3.356106085095607,11.263448054415763,13.059061,0.268983790029489
RpII215_portz,14,5473,3419,3.0404148870597942,9.244122685454819,113.96161,0.16385537859524543
RpII215_portz,14,5473,3420,3.9977519802106127,15.982020895277872,93.31677,0.1284164137645136
RpII215_portz,14,5473,3421,3.5167882156227446,12.367799353543,33.045303,0.15441182458348307
RpII215_portz,14,5473,3422,7.805106236686637,60.91968336596464,318.68497,0.7349728729613247
RpII215_portz,14,5473,3423,5.734137618413523,32.880334226905106,130.63101,0.5559636244681032
RpII215_portz,14,5473,3424,4.1008935448979535,16.81732786658572,25.860392,0.49791742446935033
RpII215_portz,14,5473,3425,5.5940928938487735,31.293875305009347,139.17903,0.5434960695526141
RpII215_portz,14,5473,3426,4.832091995199159,23.34911305006779,149.4533,0.4949954641691908
RpII215_portz,14,5473,3427,5.596312765180768,31.31871656572521,171.60199,0.6949587102010641
RpII215_portz,14,5473,3428,7.564587543676388,57.222984705943944,250.94199,0.7503580626471353
RpII215_portz,14,5473,3429,6.439523472088209,41.46746254757497,184.3233,0.32015208415153684
RpII215_portz,14,5473,3430,6.996163874179135,48.946308954369215,685.2278,0.7263383819456541
RpII215_portz,14,5473,3431,6.287867345686277,39.537275756947786,339.4556,0.574089476775634
RpII215_portz,14,5473,3432,7.317444484594505,53.544993785122536,530.82983,0.7658822686998091
RpII215_portz,14,5473,3433,6.594655626232626,43.48948282860165,437.7739,0.4301504908178895
RpII215_portz,14,5473,3434,4.831236644628125,23.340847516397627,27.394375,0.3391120788141201
RpII215_portz,14,5473,3435,4.0750979872555995,16.606423605734648,34.570976,0.2851996015281196
RpII215_portz,14,5473,3436,6.290841624579478,39.57468834554177,144.38846,0.6183648065193603
RpII215_portz,14,5473,3437,5.983204081608999,35.79873108218258,223.87822,0.6213894034544944
RpII215_portz,14,5473,3438,6.83576919675087,46.72774051124806,250.90182,0.6895606421303688
RpII215_portz,14,5473,3439,5.3783841724701436,28.927016306677352,295.03235,0.5514983381731526
RpII215_portz,14,5473,3440,7.291966776498187,53.17277946955335,419.5885,0.8329520492803684
RpII215_portz,14,5473,3441,6.66396090107258,44.408374891024096,279.4667,0.5764001872618549
RpII215_portz,14,5473,3442,6.91799624123096,47.85867199368568,421.32727,0.670511418055179
RpII215_portz,14,5473,3443,7.398926551884791,54.74411412018576,389.28113,0.6171046746761147
RpII215_portz,14,5473,3444,5.150316548268692,26.52576054737032,92.33342,0.5217217859367711
RpII215_portz,14,5473,3445,5.012974307214036,25.129911404788054,58.448185,0.19049899306408408
RpII215_portz,14,5473,3446,3.2953805005626386,10.859532643488464,36.996212,0.12253685363913558
RpII215_portz,14,5473,3447,5.609270053477508,31.463910532839567,212.91093,0.7453877347975482
RpII215_portz,14,5473,3448,4.298548189309875,18.4775165358192,83.8525,0.25175457357432696
RpII215_portz,14,5473,3449,5.894367984385247,34.7435739353458,270.34195,0.43674633530444296
RpII215_portz,14,5473,3450,4.966808093695835,24.66918263960246,259.6532,0.4723739919336958
RpII215_portz,14,5473,3451,6.023954307131504,36.28802549440821,233.00278,0.5398676931236035
RpII215_portz,14,5473,3452,3.9126012308903504,15.308448391964687,11.478163,0.4403620905969859
RpII215_portz,14,5473,3453,3.864665427095415,14.935638863386586,40.73448,0.1747529349014326
RpII215_portz,14,5473,3454,4.503494445943087,20.281462224640233,89.53967,0.48269188093103516
RpII215_portz,14,5473,3455,4.476691551678443,20.040767248869145,280.09808,0.2842175043750835
RpII215_portz,14,5473,3456,6.227378441935843,38.78024225908729,277.61026,0.436999951797473
RpII215_portz,14,5473,3457,5.5388575004718765,30.678942410533566,99.38084,0.4067621425450033
RpII215_portz,14,5473,3458,5.413473730241946,29.305697828019643,283.6011,0.6336148522956417
RpII215_portz,14,5473,3459,7.77814606802438,60.49955625552314,379.1833,0.8430364472003875
RpII215_portz,14,5473,3460,6.104399569690087,37.26369410643251,151.83165,0.6142411041128377
RpII215_portz,14,5473,3461,3.7505355445156887,14.066516870675594,55.699394,0.2776258175598595
RpII215_portz,14,5473,3462,4.216983820136303,17.78295253929137,115.08838,0.40630227188020296
RpII215_portz,14,5473,3463,7.45421593526906,55.56533520961921,143.75345,0.8674035250626113
RpII215_portz,14,5473,3464,6.170426276352941,38.07416043190682,143.83385,0.649714967367908
RpII215_portz,14,5473,3465,5.836166899740868,34.06084408163094,300.7789,0.5847002079185311
RpII215_portz,14,5473,3466,5.20610202955098,27.10349834209484,18.93932,0.2912289675092963
RpII215_portz,14,5473,3467,4.135357650682178,17.10118289905563,90.45139,0.22638241701457934
RpII215_portz,14,5473,3468,5.748722309075516,33.04780818686254,283.2294,0.5321470687265317
RpII215_portz,14,5473,3469,5.766379604671853,33.251133745175515,190.62422,0.5051661547038007
RpII215_portz,14,5473,3470,6.528999838744651,42.62783889432768,289.2572,0.5903227365815062
RpII215_portz,14,5473,3471,6.475476490782591,41.931795782678016,359.14172,0.7216836717225095
RpII215_portz,14,5473,3472,5.169097696205013,26.719570992911972,238.32368,0.5102032885159938
RpII215_portz,14,5473,3473,4.229022373358228,17.88463023436446,73.17323,0.4507885715200275
RpII215_portz,14,5473,3474,5.59647381117283,31.32051911914335,153.18558,0.4253106427567452
RpII215_portz,14,5473,3475,4.786181638336807,22.90753467515242,124.62354,0.36402134389362484
RpII215_portz,14,5473,3476,5.045353195309957,25.45558886542438,92.64021,0.2855599718357381
RpII215_portz,14,5473,3477,5.279276188749942,27.87075707710212,226.87509,0.4516694048590204
RpII215_portz,14,5473,3478,4.527503460198203,20.498287582106702,257.77826,0.45151354820844447
RpII215_portz,14,5473,3479,5.870963599322475,34.46821358456951,282.7227,0.5450093470096391
RpII215_portz,14,5473,3480,4.958724176999384,24.588945463558215,66.36083,0.1923453858934781
RpII215_portz,14,5473,3481,4.355163600146051,18.967449984037117,47.690254,0.11893240922290313
RpII215_portz,14,5473,3482,5.0697014262595985,25.70187255141861,84.32317,0.28061346278958454
RpII215_portz,14,5473,3483,3.857153797920687,14.87763542081398,60.502674,0.11546684210368176
RpII215_portz,14,5473,3484,5.6869230374876505,32.34109363430776,167.13,0.42769528018600755
RpII215_portz,14,5473,3485,3.4458127421410465,11.873625453901601,37.95441,0.34261409219744177
RpII215_portz,14,5473,3486,4.437858072425282,19.694584270990234,118.01071,0.41359970074995234
RpII215_portz,14,5473,3487,6.251602048964364,39.08252817861544,170.03503,0.35852099440470175
RpII215_portz,14,5473,3488,4.5046370427761175,20.291754887150763,33.21389,0.48655657890985327
RpII215_portz,14,5473,3489,3.593694912289697,12.914643122616855,57.887844,0.2180642148858256
RpII215_portz,14,5473,3490,4.077879164165779,16.62909847753739,105.49807,0.18286454983066197
RpII215_portz,14,5473,3491,7.446456877750721,55.44972003220102,307.4298,0.8194105526162094
RpII215_portz,14,5473,3492,7.610005814564777,57.912188497709714,383.99374,0.4985481795359016
RpII215_portz,14,5473,3493,3.7519820229109673,14.077369100247077,15.525017,0.29718684313309224
RpII215_portz,14,5473,3494,5.286659437416585,27.948768007225844,206.10976,0.33507754351331326
RpII215_portz,14,5473,3495,4.869953125494341,23.71644344451211,225.70364,0.14105267008251282
RpII215_portz,14,5473,3496,4.836066774022896,23.38754184280822,70.23702,0.33041138250828234
RpII215_portz,14,5473,3497,8.008076749449167,64.12929322506831,465.40512,0.7219108168302567
RpII215_portz,14,5473,3498,6.103524171222257,37.253007308694336,298.68918,0.48976908301056044
RpII215_portz,14,5473,3499,4.379824292386857,19.182860832182033,97.498215,0.4298730397972147
RpII215_portz,14,5473,3500,3.392825876850899,11.511267430629074,24.86687,0.1054761414369805
RpII215_portz,14,5473,3501,5.55243873369017,30.8295758913829,165.90135,0.17013903344991532
RpII215_portz,14,5473,3502,5.630486936333519,31.70238314022243,10.7970085,0.5328839580225537
RpII215_portz,14,5473,3503,4.619640666423383,21.341079886872684,12.356927,0.5386671762643157
RpII215_portz,14,5473,3504,4.7334394814250516,22.40544932431346,71.486,0.24024218911515138
RpII215_portz,14,5473,3505,4.696453902145866,22.056679254981127,140.19983,0.3169607668940202
RpII215_portz,14,5473,3506,4.168000019287295,17.37222416077889,52.06212,0.3536881183539985
RpII215_portz,14,5473,3507,4.470448700537372,19.98491158413628,67.23809,0.20995377851332425
RpII215_portz,14,5473,3508,4.953240972041849,24.53459612711408,82.5578,0.368304086950335
RpII215_portz,14,5473,3509,5.924639438643884,35.101352477934526,331.38306,0.6981211787715458
RpII215_portz,14,5473,3510,5.620338239642141,31.588201927983715,211.88773,0.5669729455796977
RpII215_portz,14,5473,3511,5.162487065100391,26.651272697328853,260.67883,0.5068844469470155
RpII215_portz,14,5473,3512,7.218220289373174,52.102704145918544,223.4871,0.8120492322035708
RpII215_portz,14,5473,3513,5.83148490860858,34.00621623932961,252.03082,0.6226510097050328
RpII215_portz,14,5473,3514,7.576900650121608,57.4094234618133,451.3349,0.6894632827976473
RpII215_portz,14,5473,3515,6.963931052847781,48.4963357088176,304.62347,0.7500810975443415
RpII215_portz,14,5473,3516,5.921883993024326,35.068710026837735,162.06241,0.5287926460682127
RpII215_portz,14,5473,3517,3.017395252346558,9.104674108883549,14.210074,0.1800325378913047
RpII215_portz,14,5473,3518,4.100822938227387,16.816748770691902,29.730955,0.39372026411706573
RpII215_portz,14,5473,3519,3.3498242464306016,11.221322481974344,33.951263,0.10572003043303882
RpII215_portz,14,5473,3520,4.582147274202884,20.99607364248492,47.821022,0.1782864083652813
RpII215_portz,14,5473,3521,4.241493334834391,17.990265709444554,36.059666,0.3306803495759798
RpII215_portz,14,5473,3522,4.695463669196212,22.04737906874156,149.57939,0.3308498621210677
RpII215_portz,14,5473,3523,5.305727527196573,28.150744592851453,177.10045,0.6009696526822912
RpII215_portz,14,5473,3524,4.664091565522174,21.753750131575075,150.08383,0.18765423848737883
RpII215_portz,14,5473,3525,5.04738148752524,25.476059880612517,81.106636,0.5018321830678039
RpII215_portz,14,5473,3526,4.429861169607608,19.623669981997285,46.68777,0.436623791034671
RpII215_portz,14,5473,3527,6.417827358069176,41.188507997981176,352.6181,0.5530441999038649
RpII215_portz,14,5473,3528,3.973928266139376,15.792105864421508,5.887489,0.29540851590048345
RpII215_portz,14,5473,3529,4.523790801078108,20.464683211918913,154.81018,0.46963019801036476
RpII215_portz,14,5473,3530,5.168320268423711,26.711534396999344,275.28134,0.17069236494113676
RpII215_portz,14,5473,3531,3.976214439853588,15.810281271700191,6.728052,0.2664367610567706
RpII215_portz,14,5473,3532,4.5777022922949895,20.955358276882794,45.697926,0.4468276586951355
RpII215_portz,14,5473,3533,5.3909367152889995,29.062198668250957,197.85883,0.40708193230359413
RpII215_portz,14,5473,3534,5.833751122183773,34.032652155580436,147.79163,0.5535503454278441
RpII215_portz,14,5473,3535,3.9131957935865542,15.3131013189435,54.934288,0.28997821534470375
RpII215_portz,14,5473,3536,4.154264980783397,17.25791753056327,79.537994,0.3896544750483435
RpII215_portz,14,5473,3537,3.7033702682526672,13.714951343777837,96.50213,0.35676372182024496
RpII215_portz,14,5473,3538,4.024951774245346,16.200236785000754,103.041885,0.22016701775032188
RpII215_portz,14,5473,3539,4.874415782659307,23.759929222238146,136.4715,0.49496825510947395
RpII215_portz,14,5473,3540,4.507935050750815,20.321478421787752,112.08675,0.3430306776271768
RpII215_portz,14,5473,3541,3.819896071523898,14.591605997243706,34.843185,0.21650005152961393
RpII215_portz,14,5473,3542,4.020440391653403,16.163940942838163,23.06417,0.21349728902172577
RpII215_portz,14,5473,3543,4.626730941800983,21.406639207818603,99.92027,0.23650542192977775
RpII215_portz,14,5473,3544,7.302585982824311,53.32776203654212,487.54297,0.6590398452131307
RpII215_portz,14,5473,3545,4.279611043181118,18.315070680917785,168.76085,0.31920419747653705
RpII215_portz,14,5473,3546,4.51277511415604,20.36513923094605,72.814804,0.23147493104219893
RpII215_portz,14,5473,3547,3.9554519139101845,15.645599843255747,33.705963,0.26619542109918887
RpII215_portz,14,5473,3548,3.687291948598594,13.596121914200017,83.001144,0.19700784834121346
RpII215_portz,14,5473,3549,6.518023150558504,42.4846257912166,175.39035,0.7094896258123483
RpII215_portz,14,5473,3550,4.813712493379558,23.171827968918443,217.31174,0.40878822502183226
RpII215_portz,14,5473,3551,4.2722368646196465,18.252007827415113,145.51749,0.343977369757149
RpII215_portz,14,5473,3552,6.9396008732211305,48.15806027961149,373.24677,0.7588924486187465
RpII215_portz,14,5473,3553,3.741353751663889,13.99772789508946,62.40465,0.2986258078619278
RpII215_portz,14,5473,3554,6.732576112380235,45.32758110899296,343.80936,0.5188700631499926
RpII215_portz,14,5473,3555,6.324896807764125,40.00431962886482,215.48337,0.51751622955468
RpII215_portz,14,5473,3556,4.505137716272374,20.296265842579864,88.53157,0.24638035391218643
RpII215_portz,14,5473,3557,5.635803839525173,31.762284917606685,245.09067,0.6227353289517481
RpII215_portz,14,5473,3558,5.649098635134607,31.91231538947968,142.65622,0.2349730570860436
RpII215_portz,14,5473,3559,4.40890676152852,19.438458831851907,114.59177,0.40363984077353676
RpII215_portz,14,5473,3560,3.70314156266618,13.713257433145717,30.119108,0.390485673810588
RpII215_portz,14,5473,3561,5.634241688362132,31.744679402877754,149.69429,0.5703193065666654
RpII215_portz,14,5473,3562,4.630421236166608,21.440800824342716,230.0608,0.4331032638488641
RpII215_portz,14,5473,3563,4.868386827588865,23.701190303040782,151.90674,0.469452040097425
RpII215_portz,14,5473,3564,4.17033280161963,17.391675676264633,74.4382,0.12287266290094623
RpII215_portz,14,5473,3565,4.764615571613491,22.70156154526176,110.82425,0.26234155535856996
RpII215_portz,14,5473,3566,7.551994322841806,57.03261825223488,548.82874,0.7434843188996156
RpII215_portz,14,5473,3567,4.0563599875626535,16.454056348699286,97.98611,0.19435953502542846
RpII215_portz,14,5473,3568,4.689645451473978,21.99277446053057,68.08298,0.4874825566267874
RpII215_portz,14,5473,3569,3.9969348574531964,15.9754882547244,127.53268,0.22694432413433407
RpII215_portz,14,5473,3570,3.9098814500128736,15.287172953154775,66.18707,0.4588136164782069
RpII215_portz,14,5473,3571,7.244557432478088,52.48361239247351,460.55194,0.6589757714705092
RpII215_portz,14,5473,3572,5.004319523537484,25.04321389365843,58.984737,0.228411106228104
RpII215_portz,14,5473,3573,6.024658310701705,36.29650776070713,142.73734,0.5557522714082563
RpII215_portz,14,5473,3574,5.153255618592297,26.556043470553067,145.94646,0.36609974876323687
RpII215_portz,14,5473,3575,5.587214782075429,31.21696902104218,98.39684,0.5473922473782228
RpII215_portz,14,5473,3576,7.242477822752176,52.453485013057076,451.35913,0.44700981415406504
RpII215_portz,14,5473,3577,4.973930942567934,24.73998902143474,122.13491,0.3757595034702117
RpII215_portz,14,5473,3578,4.369828776208766,19.095403533382196,78.901665,0.3280310821199255
RpII215_portz,14,5473,3579,4.244675573146971,18.017270721270563,39.582966,0.3201188353449502
RpII215_portz,14,5473,3580,5.439483171476399,29.58797717277494,62.535545,0.7112320204023861
RpII215_portz,14,5473,3581,4.790806442368573,22.95182636824023,65.11487,0.6246940007767385
RpII215_portz,14,5473,3582,5.687528078530781,32.34797564407603,310.81726,0.1538903568242872
RpII215_portz,14,5473,3583,4.129348345692564,17.051517760073903,30.987888,0.42734359496761093
RpII215_portz,14,5473,3584,5.143842180591017,26.459112378827356,237.46811,0.44188415494499667
RpII215_portz,14,5473,3585,5.142735306576078,26.447726433504148,138.78885,0.5795788240950028
RpII215_portz,14,5473,3586,4.707432579787803,22.159921493247648,112.83129,0.3406732538493574
RpII215_portz,14,5473,3587,6.351768103767134,40.34495804403353,373.18118,0.6455318085225548
RpII215_portz,14,5473,3588,3.6859191831655593,13.586000224827862,53.03048,0.050607768474004396
RpII215_portz,14,5473,3589,5.719641471080305,32.71429855770167,108.67742,0.4058459428641189
RpII215_portz,14,5473,3590,3.37157245793524,11.367500839107475,88.74738,0.15598470756242247
RpII215_portz,14,5473,3591,3.540430396830477,12.534647394801212,65.62538,0.1511394228525454
RpII215_portz,14,5473,3592,6.737058650897795,45.38795926563681,119.568085,0.3272237984543914
RpII215_portz,14,5473,3593,9.159492123195294,83.89629595487665,705.3231,0.8157627273250466
RpII215_portz,14,5473,3594,5.508691716271119,30.345684424914047,377.33072,0.5441835061334683
RpII215_portz,14,5473,3595,4.416214231404081,19.50294813765594,97.33994,0.3518487272404809
RpII215_portz,14,5473,3596,4.120765533382397,16.98070858111231,45.46064,0.23835972354415041
RpII215_portz,14,5473,3597,4.140166848618566,17.14098153440019,150.04865,0.28316728940229613
RpII215_portz,14,5473,3598,4.430985917490433,19.633636200998534,36.830124,0.40535392298100836
RpII215_portz,14,5473,3599,4.504790255460193,20.293135245689115,76.461555,0.6820825936152104
RpII215_portz,14,5473,3600,5.102177379050413,26.032214007293746,112.33466,0.3009747066853857
RpII215_portz,14,5473,3601,3.5313060640033838,12.470122517667077,19.482208,0.11972641939141043
RpII215_portz,14,5473,3602,3.443075102557798,11.854766161853387,103.115395,0.345774607056511
RpII215_portz,14,5473,3603,4.95668767627167,24.568752720103443,107.71539,0.2294884201238863
RpII215_portz,14,5473,3604,4.246351184474802,18.031498381890554,55.89551,0.23810570697524308
RpII215_portz,14,5473,3605,4.790471440897031,22.94861662605008,48.483242,0.19484422276224006
RpII215_portz,14,5473,3606,4.5780132510993194,20.95820532724096,73.37758,0.28278578311545627
RpII215_portz,14,5473,3607,5.508164119464782,30.339871966959237,95.730774,0.47933655762726357
RpII215_portz,14,5473,3608,5.514339251025056,30.407937375395576,205.51543,0.4046157452202057
RpII215_portz,14,5473,3609,5.704365723756761,32.539788310370994,219.63303,0.4823407913523202
RpII215_portz,14,5473,3610,3.898158745434779,15.19564160460965,17.638832,0.3629247654758761
RpII215_portz,14,5473,3611,4.35485934169082,18.96479988591181,36.301704,0.2533411738519001
RpII215_portz,14,5473,3612,5.494733315560339,30.192094209128708,126.76437,0.7892696114046839
RpII215_portz,14,5473,3613,4.381107267604118,19.19410089025362,94.197205,0.2016692284881989
RpII215_portz,14,5473,3614,4.953134661417132,24.533542974131795,75.01195,0.22927004771521003
RpII215_portz,14,5473,3615,4.284629196573075,18.358047352126444,144.62488,0.31971218546559843
RpII215_portz,14,5473,3616,3.5969153936775347,12.937800349274418,70.29197,0.16297986035485523
RpII215_portz,14,5473,3617,4.919999937584785,24.206399385834285,60.992588,0.21974092073142798
RpII215_portz,14,5473,3618,4.98550166785001,24.855226880135227,95.32718,0.42349187552175105
RpII215_portz,14,5473,3619,5.126723682840343,26.283295720196048,144.92026,0.3402015839845326
RpII215_portz,14,5473,3620,4.498347917010655,20.235133982474103,141.21046,0.3907361156857784
RpII215_portz,14,5473,3621,6.182630362714513,38.22491820195938,181.60092,0.3055892321306488
RpII215_portz,14,5473,3622,3.9923795161841116,15.939094201246485,46.34478,0.23697704058986557
RpII215_portz,14,5473,3623,3.718935584165295,13.830481879170863,76.44573,0.2777722848410671
RpII215_portz,14,5473,3624,7.086023129913245,50.21172379766552,288.59402,0.77624167318438
RpII215_portz,14,5473,3625,5.5632352998743135,30.94958700176765,239.48041,0.6081715711416387
RpII215_portz,14,5473,3626,7.757612100227699,60.18054549759921,566.41724,0.5581653458082104
RpII215_portz,14,5473,3627,5.975132905220814,35.70221323505253,315.8719,0.44795083551824033
RpII215_portz,14,5473,3628,5.218944825392512,27.237385090491284,184.02194,0.36811216648606826
RpII215_portz,14,5473,3629,4.507720514102875,20.319544233263894,66.35166,0.1900005907183822
RpII215_portz,14,5473,3630,4.122876672709225,16.99811205836989,263.6114,0.14433960422375514
RpII215_portz,14,5473,3631,5.7129244629918405,32.63750591985061,224.17111,0.5367767495066491
RpII215_portz,14,5473,3632,3.9495403797440494,15.59886921122877,61.67677,0.12993624956335822
RpII215_portz,14,5473,3633,4.785925368450986,22.90508163238269,157.1897,0.43823735975805467
RpII215_portz,14,5473,3634,4.442025237241571,19.731588208291033,54.828743,0.2988386217954684
RpII215_portz,14,5473,3635,4.960922197041059,24.610749045094693,144.80168,0.36675639954282474
RpII215_portz,14,5473,3636,6.317141601083979,39.906278008145875,255.34569,0.4657275437032252
RpII215_portz,14,5473,3637,5.496372294938232,30.210108404564576,180.00198,0.46649093984371853
RpII215_portz,14,5473,3638,3.395503497408671,11.529444000914516,41.285515,0.07429366881036732
RpII215_portz,14,5473,3639,5.285509704713037,27.936612838615694,180.51506,0.5051886769098429
RpII215_portz,14,5473,3640,8.253523306641444,68.12064697327347,736.6139,0.7827907697063308
RpII215_portz,14,5473,3641,6.6732807039446795,44.5326753536404,353.2686,0.7505737321268131
RpII215_portz,14,5473,3642,6.356607388627679,40.406457493156,455.98297,0.38730030165601065
RpII215_portz,14,5473,3643,4.892636241548861,23.937889392117377,177.63695,0.5244730403960373
RpII215_portz,14,5473,3644,5.755124109565104,33.12145351649754,293.81195,0.5265607561739936
RpII215_portz,14,5473,3645,4.135215562762613,17.100007750514116,49.93963,0.3845102454947219
RpII215_portz,14,5473,3646,4.529988918353324,20.520799600403915,151.6966,0.4383322011495032
RpII215_portz,14,5473,3647,4.3214152695160735,18.674629931606685,100.134964,0.2649976103720178
RpII215_portz,14,5473,3648,4.264726041468048,18.18788820877573,87.66908,0.13200509695419677
RpII215_portz,14,5473,3649,5.353663917516513,28.661717341718248,310.96796,0.6279506122284121
RpII215_portz,14,5473,3650,4.842757047567403,23.452295821763755,100.002686,0.17515946016985914
RpII215_portz,14,5473,3651,3.0549049788432443,9.33244442976124,32.108307,0.09134319573868714
RpII215_portz,14,5473,3652,5.578380120265376,31.118324766171952,126.66873,0.25045132943826653
RpII215_portz,14,5473,3653,4.042161348305797,16.339068365737347,9.672543,0.2198964653641773
RpII215_portz,14,5473,3654,4.286727156805146,18.376029716890734,47.321285,0.22292669099338502
RpII215_portz,14,5473,3655,5.183219169333243,26.8657609573436,201.29799,0.5396820313478307
RpII215_portz,14,5473,3656,6.858412375068718,47.037820306495746,350.76135,0.7690948194224727
RpII215_portz,14,5473,3657,4.28356133616185,18.34889772066069,66.189156,0.177421854804208
RpII215_portz,14,5473,3658,4.46429508155083,19.929930575158934,105.01315,0.2860299111615562
RpII215_portz,14,5473,3659,3.6381509935494036,13.236142651864512,64.405014,0.18546661935488296
RpII215_portz,14,5473,3660,4.250526937265397,18.066979244418754,18.940495,0.2391968417950738
RpII215_portz,14,5473,3661,4.890403352257073,23.916044947767215,251.22755,0.3724914772725762
RpII215_portz,14,5473,3662,5.211905554794315,27.16395951209584,250.24416,0.5638531746814908
RpII215_portz,14,5473,3663,5.660638142499502,32.04282418032022,391.1779,0.4893171967124551
RpII215_portz,14,5473,3664,7.21049747634716,51.99127385640876,510.53156,0.8338423341262962
RpII215_portz,14,5473,3665,4.866234506738,23.680238274567625,73.35383,0.35542047642076463
RpII215_portz,14,5473,3666,3.7214570382912115,13.849242487847203,23.096973,0.1633928944340942
RpII215_portz,14,5473,3667,4.833627532807001,23.363955125909893,70.545334,0.2638519902194935
RpII215_portz,14,5473,3668,7.086010332988729,50.21154243922307,153.4941,0.4836805305091838
RpII215_portz,14,5473,3669,4.129736751719966,17.054725638506568,110.534134,0.31846435380929194
RpII215_portz,14,5473,3670,4.492314451260507,20.180889129003987,96.50224,0.15563597888511785
RpII215_portz,14,5473,3671,3.6895495038653636,13.612775541473146,103.180374,0.20090685390333549
RpII215_portz,14,5473,3672,4.692201252649094,22.016752595361726,72.09356,0.24485799677307885
RpII215_portz,14,5473,3673,5.305439380208884,28.147687017071227,88.1298,0.2541603266908016
RpII215_portz,14,5473,3674,5.775427647097566,33.35556450685892,270.18484,0.6610462630171411
RpII215_portz,14,5473,3675,6.1996899959399645,38.436156045758075,170.95563,0.5640065223777322
RpII215_portz,14,5473,3676,5.181624494895192,26.849232406097855,140.24286,0.3280778470597729
RpII215_portz,14,5473,3677,3.319429468735955,11.018611997912659,7.121909,0.12959260827605457
RpII215_portz,14,5473,3678,3.6341454304774747,13.207013009860313,37.73565,0.15634299033518562
RpII215_portz,14,5473,3679,4.060528459861272,16.487891373343363,115.82006,0.12837066925617044
RpII215_portz,14,5473,3680,4.369769183601792,19.09488271795587,142.16486,0.5663641488414475
RpII215_portz,14,5473,3681,5.719019538647535,32.70718448343226,213.66855,0.5153022489890937
RpII215_portz,14,5473,3682,6.083872522443922,37.01350486934818,249.37872,0.5578924191407127
RpII215_portz,14,5473,3683,4.877531367436702,23.790312240328948,139.37582,0.4488814561555483
RpII215_portz,14,5473,3684,4.914609403496022,24.153385588931535,174.42212,0.6205650309246108
RpII215_portz,14,5473,3685,6.359824218384339,40.44736408874795,403.03937,0.5945686845414758
RpII215_portz,14,5473,3686,5.463043761875427,29.844847144166017,262.57825,0.29858866147176416
RpII215_portz,14,5473,3687,5.7842881198841285,33.45798905383268,246.99326,0.6793200845600503
RpII215_portz,14,5473,3688,4.044851771313616,16.360825851898895,2.5159404,0.1549370244476541
RpII215_portz,14,5473,3689,4.976392593220526,24.764483241860106,96.046234,0.2234030652531654
RpII215_portz,14,5473,3690,6.438200491898646,41.45042557388399,164.79053,0.7296998118546626
RpII215_portz,14,5473,3691,4.021909270802618,16.17575418256804,124.27337,0.37781637850962513
RpII215_portz,14,5473,3692,4.616231885212426,21.30959681805188,102.20635,0.15877614202379808
RpII215_portz,14,5473,3693,4.805887649444237,23.09655609908066,245.6243,0.23555824338496023
RpII215_portz,14,5473,3694,4.821147100639693,23.243459366006515,177.99797,0.5645182474606063
RpII215_portz,14,5473,3695,5.805291062768191,33.70140432345623,279.02982,0.5856875829562596
RpII215_portz,14,5473,3696,3.879783445398888,15.052719583191267,17.315565,0.17679796237108442
RpII215_portz,14,5473,3697,4.523433003938195,20.461446141117328,23.957342,0.33446143235136017
RpII215_portz,14,5473,3698,4.830820857838097,23.336830160523593,141.44807,0.6370414475211027
RpII215_portz,14,5473,3699,7.144297816376165,51.04099128907723,377.20303,0.5839779841982353
RpII215_portz,14,5473,3700,4.312423417942318,18.596995735617305,59.84954,0.23635876154062857
RpII215_portz,14,5473,3701,4.645552681756164,21.581159718971893,234.81793,0.39216342827671025
RpII215_portz,14,5473,3702,5.697827271217296,32.465235612627545,266.84024,0.699927853406687
RpII215_portz,14,5473,3703,5.498556444300303,30.234122971156406,279.52252,0.5807527637282673
RpII215_portz,14,5473,3704,6.2511604730777695,39.07700726016986,293.74475,0.6468982580242207
RpII215_portz,14,5473,3705,4.743011938713166,22.496162250775633,178.0824,0.3689021346767589
RpII215_portz,14,5473,3706,4.850828260042099,23.530534808423063,187.1661,0.3972438940451376
RpII215_portz,14,5473,3707,5.0043391362184595,25.043410190287723,70.04303,0.34035501946805136
RpII215_portz,14,5473,3708,5.923585837204345,35.08886917072791,130.8159,0.34808122677225467
RpII215_portz,14,5473,3709,5.263888607855639,27.70852327591238,178.38351,0.43821698315063373
RpII215_portz,14,5473,3710,4.941685427684258,24.420254866186948,320.91052,0.5471906161783355
RpII215_portz,14,5473,3711,4.150719052739052,17.228468654770975,67.52343,0.29599744502856257
RpII215_portz,14,5473,3712,4.932930892334853,24.333807188551532,138.75037,0.2493101767826342
RpII215_portz,14,5473,3713,3.778398984736603,14.276298887858594,28.324123,0.25216214211547194
RpII215_portz,14,5473,3714,4.69713393623109,22.06306721489378,46.07828,0.17812876766857377
RpII215_portz,14,5473,3715,5.376124407770801,28.90271364782895,110.29967,0.5350067604817952
RpII215_portz,14,5473,3716,5.8069475345640775,33.72063966917982,295.24942,0.43142682970517643
RpII215_portz,14,5473,3717,3.7641890776557605,14.169119412342928,169.76958,0.16778614685826038
RpII215_portz,14,5473,3718,4.6479458862326375,21.603400961346896,237.22757,0.5270189368076903
RpII215_portz,14,5473,3719,5.567130850156558,30.992945902764887,154.04741,0.10166425910815224
RpII215_portz,14,5473,3720,3.6847630245378267,13.577478547001151,119.26375,0.3802100305023889
RpII215_portz,14,5473,3721,4.1926896467614165,17.578646474060367,112.398865,0.20365767919583355
RpII215_portz,14,5473,3722,4.66147650794683,21.72936323414018,206.17194,0.5069474350678207
RpII215_portz,14,5473,3723,5.152865828762141,26.552026249224543,82.03652,0.5981077074290632
RpII215_portz,14,5473,3724,4.546665246538103,20.672164864077395,160.56628,0.23958474109346123
RpII215_portz,14,5473,3725,5.478459745951318,30.013521188008976,180.90814,0.34513795863053565
RpII215_portz,14,5473,3726,4.162870038449945,17.329486957024255,83.9588,0.24701156020740245
RpII215_portz,14,5473,3727,4.131650912565759,17.070539263305466,38.276802,0.2668629890757543
RpII215_portz,14,5473,3728,3.8032866621046324,14.464989434142998,119.63205,0.034435186307078695
RpII215_portz,14,5473,3729,4.7720112267307,22.77209114804384,109.75769,0.2249551504539249
RpII215_portz,14,5473,3730,7.145996610970673,51.06526756400434,268.6244,0.6284831687699972
RpII215_portz,14,5473,3731,5.744350138807869,32.99755851722198,205.96716,0.42545076396003667
RpII215_portz,14,5473,3732,6.35500101701966,40.38603792632092,256.08157,0.3215772040625843
RpII215_portz,14,5473,3733,5.03584526879435,25.35973757123844,233.05704,0.5766733375757627
RpII215_portz,14,5473,3734,4.855853300311152,23.579311274142707,151.22281,0.14809323992170753
RpII215_portz,14,5473,3735,5.33800779713885,28.49432724231515,176.17046,0.6685033588612396
RpII215_portz,14,5473,3736,7.159068108772589,51.25225618604472,214.48709,0.7636486875573281
RpII215_portz,14,5473,3737,4.817244408897181,23.20584369505114,144.24136,0.3579533908550533
RpII215_portz,14,5473,3738,5.3473949586781195,28.59463284409615,240.9136,0.42568053906169834
RpII215_portz,14,5473,3739,5.470059337587075,29.92154915672354,39.110695,0.5532533704576614
RpII215_portz,14,5473,3740,3.9876649254628376,15.901471557766536,62.169067,0.08181127229652399
RpII215_portz,14,5473,3741,4.1497420884461755,17.220359400621632,53.167896,0.18869664397707958
RpII215_portz,14,5473,3742,5.0229544053857955,25.230070958584562,80.31007,0.47233229082213096
RpII215_portz,14,5473,3743,5.719931323444709,32.71761434492395,170.25717,0.7641801625041698
RpII215_portz,14,5473,3744,5.58080392322512,31.145372429484894,137.00426,0.35056351922338147
RpII215_portz,14,5473,3745,4.537984570245801,20.593303959788955,122.56294,0.3215952581439114
RpII215_portz,14,5473,3746,6.250221839089479,39.06527303783106,294.95322,0.5458501321756382
RpII215_portz,14,5473,3747,7.874318411188669,62.00489044078483,487.76962,0.7687974257734644
RpII215_portz,14,5473,3748,5.516480452356425,30.431556581230524,58.99638,0.46856502006715395
RpII215_portz,14,5473,3749,4.559313341800177,20.787338148717094,73.27872,0.16061907936683997
