sequence_name,task_id,seed,frame,rg,rg_sq,ree_sq,asphericity
hNHE1cdt,3,9605,0,4.3024313662800875,18.51091566155074,135.99336,0.6412290601175865
hNHE1cdt,3,9605,1,2.9881019640757094,8.92875334771311,24.821005,0.19743915562496137
hNHE1cdt,3,9605,2,3.6702559955734944,13.470779073043188,74.3841,0.5159241656781715
hNHE1cdt,3,9605,3,3.2248116378851974,10.399410099839814,103.25456,0.4125232188697703
hNHE1cdt,3,9605,4,3.1229990108666064,9.753122821873799,22.787224,0.2926412419458359
hNHE1cdt,3,9605,5,2.9692127530231174,8.81622437271512,6.933474,0.1877928955854379
hNHE1cdt,3,9605,6,3.5423434179572952,12.548196890745372,44.3539,0.46681114928764583
hNHE1cdt,3,9605,7,3.9448062635850207,15.561496457219612,61.42977,0.6918669543022422
hNHE1cdt,3,9605,8,3.3443160157320273,11.184449613081746,98.76907,0.3421310293083992
hNHE1cdt,3,9605,9,3.307457771635931,10.939276911154918,61.343525,0.5606233617781571
hNHE1cdt,3,9605,10,2.5887946461986413,6.7018577201867515,50.080414,0.445504627154683
hNHE1cdt,3,9605,11,3.501043740773475,12.257307274809124,47.05945,0.6286102075979919
hNHE1cdt,3,9605,12,3.7182679991377072,13.82551691341153,146.17369,0.6061242904322561
hNHE1cdt,3,9605,13,2.8987191129836787,8.402572495976887,28.843704,0.4299683228168678
hNHE1cdt,3,9605,14,2.311241839693976,5.341838841551994,1.217899,0.05990470954566213
hNHE1cdt,3,9605,15,3.7016075390050367,13.70189837281892,59.53459,0.49939182353238454
hNHE1cdt,3,9605,16,3.818743802210108,14.582804226918112,89.274445,0.394548567778
hNHE1cdt,3,9605,17,3.8712585358095675,14.98664265107843,131.81207,0.7334967452517973
hNHE1cdt,3,9605,18,3.7655254757318968,14.179182108385932,99.18196,0.4413524454874338
hNHE1cdt,3,9605,19,2.178264963731925,4.744838252222043,17.825483,0.03739494667807176
hNHE1cdt,3,9605,20,2.64975998923458,7.02122800054844,33.779152,0.21965956034033524
hNHE1cdt,3,9605,21,2.8965229945267272,8.389845457822075,75.43415,0.1107792931441009
hNHE1cdt,3,9605,22,3.5033337911003244,12.273347651865368,34.127014,0.42014526521606266
hNHE1cdt,3,9605,23,2.6754919103486405,7.158256962341019,41.833523,0.3236546058234251
hNHE1cdt,3,9605,24,2.994200487814849,8.96523656123068,50.150723,0.16715624061005702
hNHE1cdt,3,9605,25,2.9190141698282677,8.52064372365821,29.176834,0.3407377564888711
hNHE1cdt,3,9605,26,3.9969603853243485,15.975692321852163,98.48091,0.5365206025873759
hNHE1cdt,3,9605,27,3.258271417796002,10.616332632026369,126.37963,0.4936115850829843
hNHE1cdt,3,9605,28,3.1673559405589353,10.032143654193979,55.79219,0.29159293887576915
hNHE1cdt,3,9605,29,3.671215496426037,13.477823221198676,113.3418,0.6068195654237821
hNHE1cdt,3,9605,30,3.646946194056857,13.300216542345789,150.89978,0.568974996853103
hNHE1cdt,3,9605,31,4.485698744493555,20.121493226351056,158.77582,0.5553537239257544
hNHE1cdt,3,9605,32,3.2082323825740677,10.29275502059688,80.80873,0.2485106930288476
hNHE1cdt,3,9605,33,3.2879552991044827,10.81065004890925,32.890068,0.26902454895929584
hNHE1cdt,3,9605,34,3.536976666208066,12.510203937300327,50.675518,0.41103884971571714
hNHE1cdt,3,9605,35,3.457470120600746,11.95409963484694,72.053986,0.2168743802610367
hNHE1cdt,3,9605,36,3.7427944095011747,14.008509991793245,111.18877,0.5174341408231766
hNHE1cdt,3,9605,37,3.5276629594825906,12.44440595570547,49.37484,0.5937858007394841
hNHE1cdt,3,9605,38,4.482231116380935,20.090395780653477,206.73552,0.7462419930371981
hNHE1cdt,3,9605,39,4.0983778589050734,16.796701074363337,81.7045,0.6083314492814855
hNHE1cdt,3,9605,40,2.4249222489611544,5.880247913506822,71.25741,0.3298353608634539
hNHE1cdt,3,9605,41,2.2954955205028913,5.269299684648837,6.5245166,0.30969101822390555
hNHE1cdt,3,9605,42,4.185038591315036,17.51454801079614,52.217785,0.48697357235807437
hNHE1cdt,3,9605,43,2.7401745087016733,7.508556338138456,7.8076744,0.27387928009536655
hNHE1cdt,3,9605,44,4.083036865730661,16.67119004691567,97.1906,0.4646360828422184
hNHE1cdt,3,9605,45,4.275728733757049,18.281856204675652,105.64024,0.5901087552811806
hNHE1cdt,3,9605,46,3.34675177008979,11.20074741059914,80.99366,0.556006789319952
hNHE1cdt,3,9605,47,3.113976971280015,9.696852577662257,38.562176,0.1930058961442781
hNHE1cdt,3,9605,48,3.2405606250609,10.501233164695087,102.60869,0.4801997861699966
hNHE1cdt,3,9605,49,4.821610505063525,23.24792786253894,163.57062,0.8619825992802935
hNHE1cdt,3,9605,50,3.377414914253123,11.406931503019429,89.59906,0.5977883809367256
hNHE1cdt,3,9605,51,3.6862181061565744,13.588203926156568,67.96733,0.6719064952608829
hNHE1cdt,3,9605,52,3.2883765395514666,10.813420265872479,46.746216,0.32366604153544687
hNHE1cdt,3,9605,53,4.389671461966615,19.26921554400413,162.19037,0.7949256935115063
hNHE1cdt,3,9605,54,5.112184233558686,26.134427637846017,128.14662,0.5534584068413865
hNHE1cdt,3,9605,55,3.17113101263864,10.056071899318566,14.41964,0.18048975007525614
hNHE1cdt,3,9605,56,3.144773767001581,9.889602045621317,59.153988,0.37602680805247557
hNHE1cdt,3,9605,57,3.0570839072431633,9.345762015925128,163.00238,0.4190034071542805
hNHE1cdt,3,9605,58,3.235065315943329,10.46564759841951,55.487614,0.1174711102873324
hNHE1cdt,3,9605,59,2.5282331477273523,6.391962849267356,45.07144,0.2156688354926155
hNHE1cdt,3,9605,60,2.4930471368206306,6.215284026409544,33.63308,0.12314533284768328
hNHE1cdt,3,9605,61,4.334648681390908,18.78917919108393,130.07619,0.3995349597144452
hNHE1cdt,3,9605,62,4.801810337806448,23.057382520264888,215.78033,0.8066586673272347
hNHE1cdt,3,9605,63,4.652182248421087,21.64279967252428,122.82821,0.7245758451519766
hNHE1cdt,3,9605,64,4.434979212224131,19.669040612860172,188.22945,0.8065049011851351
hNHE1cdt,3,9605,65,5.273162172514456,27.80623929763738,212.05287,0.7442705996018204
hNHE1cdt,3,9605,66,3.67481645061465,13.504275945708057,133.96288,0.6605301594569536
hNHE1cdt,3,9605,67,4.136873550232425,17.113722770612625,68.26983,0.4998583054567154
hNHE1cdt,3,9605,68,4.3362279183495485,18.802872559874064,143.73463,0.7051787308579682
hNHE1cdt,3,9605,69,4.531883332452678,20.537966538962397,132.47765,0.764531033035138
hNHE1cdt,3,9605,70,3.522341064491518,12.406886574603238,59.988228,0.7588111734320693
hNHE1cdt,3,9605,71,3.8984955407549027,15.198267481285868,156.9134,0.7174383040128475
hNHE1cdt,3,9605,72,3.4545205467086673,11.933712207632349,48.4437,0.3226807435124291
hNHE1cdt,3,9605,73,3.698953122037211,13.682254199028835,104.10422,0.709562176022775
hNHE1cdt,3,9605,74,4.076038707307144,16.614091543466095,54.23701,0.7742570930627553
hNHE1cdt,3,9605,75,3.2173219783920017,10.351160712644226,53.405704,0.5376219343868641
hNHE1cdt,3,9605,76,2.1167450426641916,4.480609575643432,1.0695906,0.19114354238391132
hNHE1cdt,3,9605,77,3.0090006710332977,9.054085038278835,20.731842,0.4049246737632317
hNHE1cdt,3,9605,78,3.181622291201955,10.122720403873176,55.341415,0.21097961294551906
hNHE1cdt,3,9605,79,3.0533341656274398,9.322849526987815,78.43315,0.330545052210603
hNHE1cdt,3,9605,80,4.5179867140807835,20.412203948610475,174.2844,0.8228400246863385
hNHE1cdt,3,9605,81,3.7534014118537327,14.088022158505595,91.67352,0.5528591518733323
hNHE1cdt,3,9605,82,2.8164290733862822,7.932272725415514,47.015068,0.47349966751391526
hNHE1cdt,3,9605,83,3.0080653105376114,9.048456912459734,19.436478,0.3225578516730924
hNHE1cdt,3,9605,84,2.4162039528073134,5.838041541561685,31.057343,0.12124429512215318
hNHE1cdt,3,9605,85,3.0709544882240687,9.430761468743555,15.62717,0.32535948967996325
hNHE1cdt,3,9605,86,3.141368917401842,9.868198675218421,12.679097,0.5254323271928079
hNHE1cdt,3,9605,87,3.326990697009309,11.06886709798649,48.473114,0.29907850002375774
hNHE1cdt,3,9605,88,2.9075332232902245,8.453749444536442,43.094635,0.34028486273797953
hNHE1cdt,3,9605,89,3.273241217182444,10.714108065862005,69.98657,0.3712850466351738
hNHE1cdt,3,9605,90,3.747123927136729,14.040937725320584,124.798706,0.3690084640732479
hNHE1cdt,3,9605,91,2.553496989768294,6.520346876755738,45.5335,0.1740121625876024
hNHE1cdt,3,9605,92,2.455928895600678,6.031586740246368,54.222107,0.399198909206984
hNHE1cdt,3,9605,93,2.5239711784911547,6.370430509854032,12.416275,0.22991195253449037
hNHE1cdt,3,9605,94,1.977369476851219,3.909990047982863,7.332322,0.04501709162485129
hNHE1cdt,3,9605,95,3.8321684050370775,14.685514684564414,139.11884,0.31314050031626234
hNHE1cdt,3,9605,96,3.805802837763395,14.48413523992791,84.56537,0.2475199316416527
hNHE1cdt,3,9605,97,4.42115957012001,19.546651944463758,119.673515,0.7344968556755653
hNHE1cdt,3,9605,98,2.6075895417745927,6.7995232183722285,24.699707,0.07617615902377955
hNHE1cdt,3,9605,99,2.3915601021075563,5.719559721992705,39.165794,0.1830582962084689
hNHE1cdt,3,9605,100,1.8797763330725186,3.5335590623795636,10.1724825,0.051631302811175867
hNHE1cdt,3,9605,101,2.7426399284613225,7.522073777190326,29.359106,0.46110586948822746
hNHE1cdt,3,9605,102,3.908700310142165,15.277938114505456,74.11401,0.4129322171478665
hNHE1cdt,3,9605,103,4.5500078967621125,20.70257186059758,155.2828,0.7102600377047845
hNHE1cdt,3,9605,104,4.10724488882383,16.86946057676948,103.72006,0.3776146465126059
hNHE1cdt,3,9605,105,2.8455641833292997,8.097235521446544,65.10158,0.3986893355895425
hNHE1cdt,3,9605,106,2.58726315802237,6.6939306488598875,10.699322,0.24713830985036522
hNHE1cdt,3,9605,107,2.3873870812250195,5.699617075600119,12.694938,0.10368084724228116
hNHE1cdt,3,9605,108,4.272858993242307,18.257323976131666,111.71638,0.8165513736772433
hNHE1cdt,3,9605,109,3.829080320407418,14.661856100131372,81.231834,0.6788763930425201
hNHE1cdt,3,9605,110,3.865133657225778,14.939258188219522,61.065895,0.5046691728776114
hNHE1cdt,3,9605,111,5.023223696935993,25.232776309459314,202.12079,0.44595675966656717
hNHE1cdt,3,9605,112,2.8842652247389204,8.318985886638256,36.65754,0.2602502556646734
hNHE1cdt,3,9605,113,3.1770045121871497,10.09335767045751,40.25792,0.37097073907761213
hNHE1cdt,3,9605,114,3.851179285376146,14.83158188811032,61.661198,0.313105502900712
hNHE1cdt,3,9605,115,3.623030140386166,13.126347398146605,75.0584,0.3439909013776376
hNHE1cdt,3,9605,116,3.5593025437680406,12.668634598073645,66.47873,0.5507221979800465
hNHE1cdt,3,9605,117,2.852654733285894,8.137639027338412,59.942272,0.4129536166437684
hNHE1cdt,3,9605,118,2.4957662927063367,6.228849387809133,6.416662,0.0860609066676086
hNHE1cdt,3,9605,119,2.8921297116738542,8.36441426914669,41.647457,0.31336803688636206
hNHE1cdt,3,9605,120,2.4426210135755095,5.966397415960651,24.53395,0.3086666297638479
hNHE1cdt,3,9605,121,3.8711116550828293,14.985505446118122,63.434166,0.5808812272572556
hNHE1cdt,3,9605,122,3.279522785074861,10.755269697825174,107.81682,0.5513626548047386
hNHE1cdt,3,9605,123,3.7088186230061,13.755335578356863,107.60391,0.5358492115806359
hNHE1cdt,3,9605,124,4.929833652189037,24.303259838255507,203.8863,0.8015936565431148
hNHE1cdt,3,9605,125,2.9181899630526518,8.515832660461236,48.40076,0.17297865036967794
hNHE1cdt,3,9605,126,2.4226168508876915,5.869072406204996,17.648043,0.14485053080308247
hNHE1cdt,3,9605,127,4.0921766889419935,16.74591005352026,82.603455,0.5757081084163191
hNHE1cdt,3,9605,128,3.889332088935292,15.126904098021761,156.2146,0.6578273866731812
hNHE1cdt,3,9605,129,3.781415730894281,14.29910492985473,46.355988,0.20988777316435148
hNHE1cdt,3,9605,130,3.406676535032202,11.605445014339011,51.970097,0.2190199928137558
hNHE1cdt,3,9605,131,3.561923476697123,12.687298853846112,23.802216,0.25515320799550656
hNHE1cdt,3,9605,132,5.105073991619495,26.06178045990981,273.75787,0.8105721771388192
hNHE1cdt,3,9605,133,5.411507457750307,29.284412965287192,272.8953,0.8733404781572425
hNHE1cdt,3,9605,134,3.8713573288538963,14.987407567670774,121.188644,0.6508049035193479
hNHE1cdt,3,9605,135,3.7494815404422583,14.058611822117252,97.211655,0.37873836770195995
hNHE1cdt,3,9605,136,2.8746596587198163,8.26366815347113,92.88719,0.36086185490195577
hNHE1cdt,3,9605,137,3.653855607161725,13.350660797987171,53.895752,0.274365415461713
hNHE1cdt,3,9605,138,3.3987719098023836,11.551650494861743,58.03482,0.5745935197496427
hNHE1cdt,3,9605,139,3.077125194796881,9.468699464453742,51.639328,0.27149803115894755
hNHE1cdt,3,9605,140,2.977838838238065,8.867524146519028,32.55197,0.28044463183903356
hNHE1cdt,3,9605,141,4.712359061924974,22.206327928506415,104.10305,0.8309726169379423
hNHE1cdt,3,9605,142,2.6981383308669056,7.27995045249325,52.065613,0.20461539665275877
hNHE1cdt,3,9605,143,2.9870649565865537,8.92255705486743,2.14162,0.3648804488560732
hNHE1cdt,3,9605,144,2.717493587561202,7.384771398436256,17.013386,0.11533517044823267
hNHE1cdt,3,9605,145,3.5324967217809773,12.478533089393355,101.659615,0.7303763534119561
hNHE1cdt,3,9605,146,4.679411215122344,21.89688932021277,89.86787,0.6760092797478333
hNHE1cdt,3,9605,147,3.4077529762237195,11.612780346961623,83.332535,0.6176268086196582
hNHE1cdt,3,9605,148,3.7121703533080477,13.780208731979197,98.8564,0.587046460165465
hNHE1cdt,3,9605,149,3.827994563707434,14.653542379773663,84.517746,0.6446712786118388
hNHE1cdt,3,9605,150,4.201380829798003,17.65160087699416,110.97461,0.5688510912234649
hNHE1cdt,3,9605,151,3.4512185883306374,11.910909744438916,106.78096,0.5071906703957272
hNHE1cdt,3,9605,152,2.65229592063411,7.034673650612339,48.4341,0.5097860010927964
hNHE1cdt,3,9605,153,3.106098975992119,9.647850848659289,112.70416,0.5168569341954667
hNHE1cdt,3,9605,154,3.499117846551553,12.243825704055576,20.775993,0.2521489603577701
hNHE1cdt,3,9605,155,3.9623858689894806,15.700501774767519,91.30702,0.5654570135700043
hNHE1cdt,3,9605,156,4.85338881687034,23.55538300772209,88.83548,0.5161526300775909
hNHE1cdt,3,9605,157,3.008677916548904,9.052142805529053,114.33252,0.402942277467896
hNHE1cdt,3,9605,158,2.60709243619273,6.796930970853344,58.67991,0.1849359954219127
hNHE1cdt,3,9605,159,2.6916837257217896,7.245161279315535,5.6009803,0.37850015754382144
hNHE1cdt,3,9605,160,2.7289175386883464,7.446990932960862,7.83824,0.3895930251170622
hNHE1cdt,3,9605,161,2.635590797705808,6.946338852951538,20.282846,0.18429145143115827
hNHE1cdt,3,9605,162,2.8220941646130626,7.9642154739431,82.180786,0.25707948420145205
hNHE1cdt,3,9605,163,3.1916988413501124,10.18694149387565,77.842064,0.5115729078780326
hNHE1cdt,3,9605,164,4.029256671545374,16.2349093251929,104.52388,0.701826206573495
hNHE1cdt,3,9605,165,3.5100773471415727,12.32064298291642,96.37808,0.5540667659201293
hNHE1cdt,3,9605,166,2.588715420824926,6.701447530016774,65.64738,0.2727160358423736
hNHE1cdt,3,9605,167,2.8455476989735593,8.097141707133718,59.80141,0.41964910890301266
hNHE1cdt,3,9605,168,2.542359092943518,6.463589757472588,12.603424,0.28936108733909083
hNHE1cdt,3,9605,169,2.1645272442031223,4.685178190897564,11.635671,0.2544408101427026
hNHE1cdt,3,9605,170,2.796505680733405,7.820444022374203,22.240364,0.44559146040833253
hNHE1cdt,3,9605,171,3.5699783404584666,12.744745351342589,63.631092,0.4424685202881385
hNHE1cdt,3,9605,172,3.211049997009322,10.31084208329357,89.7377,0.5643585892064612
hNHE1cdt,3,9605,173,3.3153562222915487,10.99158688068729,45.69562,0.4689067911063928
hNHE1cdt,3,9605,174,2.3441712856511536,5.495139016471382,21.670181,0.17303387562707728
hNHE1cdt,3,9605,175,3.7334435682498293,13.938600877306015,111.23766,0.6050278661667512
hNHE1cdt,3,9605,176,3.131146270854403,9.804076969485433,17.480583,0.3735841125443061
hNHE1cdt,3,9605,177,3.546400038989217,12.576953236542717,122.83785,0.5094716068000902
hNHE1cdt,3,9605,178,3.0946513151397386,9.576866762296113,88.7054,0.18048967444897981
hNHE1cdt,3,9605,179,3.1768423557691285,10.092327353408747,7.625906,0.35411731025095344
hNHE1cdt,3,9605,180,4.0530155544360476,16.42693508450055,119.31674,0.3871975644353215
hNHE1cdt,3,9605,181,3.188715138278689,10.167904233087679,37.49291,0.44837581104002305
hNHE1cdt,3,9605,182,2.995247290937202,8.971506333866648,77.95365,0.15279541760213244
hNHE1cdt,3,9605,183,2.725003164911044,7.425642248775205,98.91046,0.35572798467636335
hNHE1cdt,3,9605,184,2.8697769470198717,8.235619725646695,23.828176,0.06753406086944419
hNHE1cdt,3,9605,185,3.098720132732688,9.602066461002888,27.825249,0.29370032621765607
hNHE1cdt,3,9605,186,2.6971265036633256,7.274491376763151,37.99378,0.19479994799408262
hNHE1cdt,3,9605,187,3.1146020834820427,9.70074613843068,66.72116,0.5242195424868282
hNHE1cdt,3,9605,188,4.292247247073924,18.42338643001367,143.60988,0.6864653596878685
hNHE1cdt,3,9605,189,3.317720817034279,11.007271419782604,97.46618,0.39430764910485355
hNHE1cdt,3,9605,190,3.583387447173261,12.840665596558903,24.31746,0.2984071212763534
hNHE1cdt,3,9605,191,3.2210440433026752,10.375124728895647,121.95758,0.32004517250119785
hNHE1cdt,3,9605,192,3.5027486194352004,12.269247890955201,72.56085,0.6327321722626055
hNHE1cdt,3,9605,193,3.495604519099452,12.219250953948508,92.932434,0.5708427016089492
hNHE1cdt,3,9605,194,2.450831564224626,6.006575356199729,16.657646,0.2189332845462245
hNHE1cdt,3,9605,195,3.4734827475948755,12.065082397839241,32.452904,0.619404578236635
hNHE1cdt,3,9605,196,3.740218200804931,13.989232189632475,127.421646,0.653348787369423
hNHE1cdt,3,9605,197,4.223464484450233,17.83765225141247,122.82999,0.5711214779019068
hNHE1cdt,3,9605,198,3.1140991432802054,9.69761347417851,53.840607,0.39797027229836335
hNHE1cdt,3,9605,199,2.5028840626284543,6.264428630959515,18.590334,0.07582910108548918
hNHE1cdt,3,9605,200,2.2511884417121704,5.067849400098468,16.340458,0.3345784847200709
hNHE1cdt,3,9605,201,3.1562589309493556,9.96197043919757,37.264156,0.2007144429846522
hNHE1cdt,3,9605,202,3.226761251869796,10.411988176568334,40.822304,0.2299599996242005
hNHE1cdt,3,9605,203,3.568306706368538,12.732812750714686,24.9823,0.6020540291758291
hNHE1cdt,3,9605,204,2.714347272961541,7.367681118233754,62.72545,0.38685186713340547
hNHE1cdt,3,9605,205,2.2822289983250714,5.20856920079586,4.9596424,0.17011324516062976
hNHE1cdt,3,9605,206,2.5126217837550775,6.313268228200546,12.982681,0.40125406530568103
hNHE1cdt,3,9605,207,2.909188374168769,8.463376996398726,25.184425,0.31460571951969846
hNHE1cdt,3,9605,208,3.176040523636958,10.087233407784122,44.409946,0.3321168162788266
hNHE1cdt,3,9605,209,2.7813438632634493,7.735873685713249,5.9863977,0.4229794513267907
hNHE1cdt,3,9605,210,2.77408905460277,7.695570082866889,31.008041,0.2563381795016305
hNHE1cdt,3,9605,211,2.715507214467197,7.373979431823398,37.74,0.36991168205495417
hNHE1cdt,3,9605,212,3.0853727201160126,9.519524822036079,40.03786,0.47239535467581095
hNHE1cdt,3,9605,213,2.6993337043304533,7.286402447334369,5.4360476,0.29411800599822857
hNHE1cdt,3,9605,214,2.3796783144433302,5.66286888023185,6.729904,0.20565402442338646
hNHE1cdt,3,9605,215,4.6243465853019075,21.38458134099341,160.33542,0.6754493513315072
hNHE1cdt,3,9605,216,5.156014175253811,26.584482175418245,244.01778,0.7878601425718634
hNHE1cdt,3,9605,217,4.834209660915721,23.369583045690888,194.50891,0.8199720994347446
hNHE1cdt,3,9605,218,4.079428660133585,16.641738193119295,51.851036,0.46456938071387976
hNHE1cdt,3,9605,219,3.3712163351172277,11.365099578161233,121.93483,0.43678378979728805
hNHE1cdt,3,9605,220,2.8173157880010993,7.937268249320254,63.8426,0.2378813293900216
hNHE1cdt,3,9605,221,2.842621036948218,8.08049435970056,11.618436,0.38313835690721787
hNHE1cdt,3,9605,222,3.140107154563974,9.860272942143855,25.505953,0.27781777509811334
hNHE1cdt,3,9605,223,4.295961790611263,18.45528770639192,138.44902,0.4937924049521898
hNHE1cdt,3,9605,224,5.2451836163920635,27.511951169667732,168.00327,0.8438443536009954
hNHE1cdt,3,9605,225,2.8902820621566945,8.353730398824757,65.16148,0.2448627567650185
hNHE1cdt,3,9605,226,2.194021919490259,4.813732183203719,9.696084,0.05288928022229219
hNHE1cdt,3,9605,227,2.8416044059778196,8.074715600072556,19.765053,0.49266058963672377
hNHE1cdt,3,9605,228,3.7773323145155784,14.268239414283617,129.55254,0.2703977454525279
hNHE1cdt,3,9605,229,3.382432890897624,11.440852261426055,104.348015,0.3924125377224411
hNHE1cdt,3,9605,230,3.2378761431925946,10.48384191865575,26.254282,0.16672775417427868
hNHE1cdt,3,9605,231,2.9442912606344227,8.668851027448241,39.01573,0.25476512600979545
hNHE1cdt,3,9605,232,2.4151421867267624,5.8329117821073275,13.3473015,0.20419545105087333
hNHE1cdt,3,9605,233,2.9524218058822154,8.716794519848806,46.08593,0.2610428349947901
hNHE1cdt,3,9605,234,2.6893968264179544,7.232855289946965,59.611267,0.17946585678739185
hNHE1cdt,3,9605,235,3.092263379574322,9.562092808656407,35.92605,0.23822840841820342
hNHE1cdt,3,9605,236,2.900278501846511,8.411615388273043,46.45437,0.3155943421776512
hNHE1cdt,3,9605,237,2.945821031242696,8.677861548111785,54.683342,0.22827023786222697
hNHE1cdt,3,9605,238,3.418209687965515,11.684157470901301,40.606937,0.4430412022617457
hNHE1cdt,3,9605,239,2.4642352859628907,6.07245554458461,54.81383,0.12063496242343252
hNHE1cdt,3,9605,240,3.3497386813969037,11.220749233646666,74.12887,0.32298738090420304
hNHE1cdt,3,9605,241,3.5946243579534354,12.92132427479215,101.532486,0.4774117174255921
hNHE1cdt,3,9605,242,3.744386833632878,14.020432759883247,107.13981,0.5984604350660934
hNHE1cdt,3,9605,243,3.9918923858932964,15.935204820552876,86.52886,0.6980820646512973
hNHE1cdt,3,9605,244,2.982382653428634,8.894606291472021,61.350784,0.14269700002336494
hNHE1cdt,3,9605,245,2.5846085585780143,6.68020140107472,11.891957,0.5736432990862858
hNHE1cdt,3,9605,246,4.2325798867355955,17.914732497598713,208.4524,0.5662370222257096
hNHE1cdt,3,9605,247,4.154476198471895,17.259672483669483,83.41673,0.7747806327724622
hNHE1cdt,3,9605,248,2.6654744888081288,7.104754250486952,95.16507,0.36217090473594926
hNHE1cdt,3,9605,249,3.041128176427094,9.248460585458782,20.70542,0.45603832122173904
hNHE1cdt,3,9605,250,3.3547645589689825,11.254445246114349,3.0746956,0.21566643204536307
hNHE1cdt,3,9605,251,3.3497498652312867,11.220824159617022,76.96585,0.42699121678330654
hNHE1cdt,3,9605,252,2.632578221905838,6.930468094452902,51.613373,0.22451023251960467
hNHE1cdt,3,9605,253,3.6945175861491433,13.649460194365293,38.17574,0.48509044465270623
hNHE1cdt,3,9605,254,4.205367679453149,17.685117319389164,112.55951,0.7182874575828665
hNHE1cdt,3,9605,255,2.929266130361369,8.580600062482269,58.61504,0.29195702883905766
hNHE1cdt,3,9605,256,2.62627017311181,6.8972950221767375,41.472733,0.18177099450856896
hNHE1cdt,3,9605,257,2.401468815685607,5.76705247271043,9.317858,0.1115502845747865
hNHE1cdt,3,9605,258,3.1598399095157896,9.98458825376875,76.897644,0.13268987098758586
hNHE1cdt,3,9605,259,2.8650070400529186,8.208265339552787,32.326294,0.3809952099508095
hNHE1cdt,3,9605,260,4.203854204712661,17.67239017448032,89.2923,0.5886053669851218
hNHE1cdt,3,9605,261,2.5120495662598876,6.3103930233464895,8.648948,0.18776009586936274
hNHE1cdt,3,9605,262,3.299049628161583,10.883728449073077,14.031323,0.4263487845717304
hNHE1cdt,3,9605,263,3.4563129018668675,11.946098875611368,73.764015,0.4161331512032172
hNHE1cdt,3,9605,264,2.859577418053959,8.177183009844146,35.50441,0.36231637863542193
hNHE1cdt,3,9605,265,3.7607576029188476,14.143297747911916,96.99995,0.6214021762384281
hNHE1cdt,3,9605,266,3.4529618331301957,11.922945421053841,82.96512,0.6197050582837558
hNHE1cdt,3,9605,267,4.21669028549604,17.780476963796673,145.78186,0.4401662405915683
hNHE1cdt,3,9605,268,3.1440016589886612,9.884746431723459,43.309517,0.5045438052873333
hNHE1cdt,3,9605,269,2.4239030929318637,5.875306203924656,39.0879,0.21500429936994894
hNHE1cdt,3,9605,270,2.7875863165583787,7.77063747226351,25.45424,0.04834408830500029
hNHE1cdt,3,9605,271,2.8423311314354742,8.078846260727262,37.936844,0.2793518039122253
hNHE1cdt,3,9605,272,2.4689153031515567,6.095542774135944,13.295393,0.2729067273190042
hNHE1cdt,3,9605,273,3.612854283664293,13.052716074991435,107.31693,0.4595250790763963
hNHE1cdt,3,9605,274,3.314504726663971,10.985941583077807,107.218376,0.6703511080673621
hNHE1cdt,3,9605,275,3.8586470940924387,14.889157396748027,55.875603,0.6768482999590559
hNHE1cdt,3,9605,276,2.480908251046925,6.15490575011271,40.225258,0.25103369066630327
hNHE1cdt,3,9605,277,4.324889452258721,18.704668774258735,86.2082,0.6464632378083233
hNHE1cdt,3,9605,278,3.396118816145522,11.53362301337766,54.889175,0.48245042690916
hNHE1cdt,3,9605,279,3.132093967643118,9.810012622146408,26.698593,0.260851507363878
hNHE1cdt,3,9605,280,3.4630213306497915,11.992516736535448,43.887764,0.41544342995074557
hNHE1cdt,3,9605,281,2.2931536162935737,5.258553507920295,39.945503,0.24274157574654268
hNHE1cdt,3,9605,282,2.8513082274067396,8.129958607677365,15.740347,0.13603761598812264
hNHE1cdt,3,9605,283,3.5408574952058167,12.537671801355213,81.61842,0.6197357988127489
hNHE1cdt,3,9605,284,2.5099604639970914,6.299901530828494,37.207115,0.43273251436554416
hNHE1cdt,3,9605,285,2.4971447571338437,6.2357319380810425,20.178333,0.2722783747048836
hNHE1cdt,3,9605,286,2.669852060183201,7.128110023264485,67.40854,0.35128855242477364
hNHE1cdt,3,9605,287,2.6343460151270004,6.939778927415507,4.3908176,0.36132376782681674
hNHE1cdt,3,9605,288,4.608991195669057,21.242799841754888,129.15656,0.7972780783996605
hNHE1cdt,3,9605,289,3.9796927083284084,15.837954052722312,97.20105,0.6300789693410462
hNHE1cdt,3,9605,290,2.4802700155340687,6.151739349957367,36.755676,0.17704973294802132
hNHE1cdt,3,9605,291,2.521165669895566,6.356276335059956,4.9220104,0.4090876000525662
hNHE1cdt,3,9605,292,3.3023241451893846,10.9053447599008,49.56778,0.31475024200070223
hNHE1cdt,3,9605,293,3.489808371882599,12.178762472461875,93.872574,0.6400983172707231
hNHE1cdt,3,9605,294,3.2417992705817107,10.509262510744113,37.01168,0.5661232500022899
hNHE1cdt,3,9605,295,2.8597353305455764,8.178086160770615,39.51682,0.16375310566726303
hNHE1cdt,3,9605,296,2.459398846371872,6.0486426855352935,6.0360594,0.35398615363928604
hNHE1cdt,3,9605,297,3.418105445984949,11.683444839871973,33.91644,0.4077021872372889
hNHE1cdt,3,9605,298,4.265571009804912,18.195096039688103,148.84866,0.679350730094281
hNHE1cdt,3,9605,299,2.494224012787223,6.2211534259643955,27.07694,0.35100601279153976
hNHE1cdt,3,9605,300,4.752092257949618,22.582380828064704,124.83868,0.6238770993970875
hNHE1cdt,3,9605,301,4.499867597762242,20.24880839739053,67.3445,0.7581362377085148
hNHE1cdt,3,9605,302,3.38840599669957,11.481295198469608,51.293716,0.6591054166823264
hNHE1cdt,3,9605,303,2.1789961734788434,4.748024324035442,48.631607,0.1102719288591654
hNHE1cdt,3,9605,304,3.226916536819903,10.412990335601753,62.15565,0.34268132331212586
hNHE1cdt,3,9605,305,2.9009066534451744,8.41525941200248,50.14479,0.16257896993495646
hNHE1cdt,3,9605,306,3.1971604525641575,10.221834959440246,101.55826,0.19518669016692508
hNHE1cdt,3,9605,307,3.486505179585093,12.155718367273678,91.06811,0.5725392944042237
hNHE1cdt,3,9605,308,3.3988419196516606,11.552126394781386,30.390358,0.23396338386420412
hNHE1cdt,3,9605,309,4.5266771140286375,20.490805694670634,135.20912,0.72998709093856
hNHE1cdt,3,9605,310,3.1132286593081595,9.69219268513768,90.048706,0.41297798693813
hNHE1cdt,3,9605,311,2.918981428169289,8.520452577997224,35.101192,0.32899359941535433
hNHE1cdt,3,9605,312,2.946923543092822,8.68435836883475,57.615242,0.24983401249300527
hNHE1cdt,3,9605,313,3.432162054370235,11.779736367458913,56.359627,0.41478264921589214
hNHE1cdt,3,9605,314,4.280706235474395,18.32444587442937,132.96973,0.7036733519435544
hNHE1cdt,3,9605,315,5.042731638697288,25.429142379918638,204.42789,0.8422685353364612
hNHE1cdt,3,9605,316,3.1095218823358937,9.669126336725762,70.761284,0.30588338579219987
hNHE1cdt,3,9605,317,3.496470220286691,12.225304001351663,91.605255,0.4385170443551228
hNHE1cdt,3,9605,318,2.5875141037446423,6.695229237077441,89.79074,0.20472659170851984
hNHE1cdt,3,9605,319,2.7780784687608264,7.717719978592497,35.37818,0.4325838834075149
hNHE1cdt,3,9605,320,2.310586930307432,5.338811962507521,1.2646618,0.21971151261351224
hNHE1cdt,3,9605,321,3.339945690217732,11.155237213604005,48.165466,0.4616905867376473
hNHE1cdt,3,9605,322,2.651372959876237,7.029778572362879,56.073196,0.1741439501628675
hNHE1cdt,3,9605,323,3.4918791082206724,12.193219706428001,131.50752,0.4806457158511259
hNHE1cdt,3,9605,324,2.3271934144166933,5.415829188104426,13.684917,0.4098943799591416
hNHE1cdt,3,9605,325,2.620307627998529,6.866012065347277,23.96659,0.37739863857517353
hNHE1cdt,3,9605,326,2.180491549910238,4.754543399229951,10.570456,0.10224271867596474
hNHE1cdt,3,9605,327,2.802751190372635,7.855414235135225,14.219362,0.4305386542718206
hNHE1cdt,3,9605,328,2.144073561128349,4.597051435529598,12.851296,0.05778098300179482
hNHE1cdt,3,9605,329,2.58291538612388,6.671451891875471,22.99936,0.28938443178853857
hNHE1cdt,3,9605,330,2.821396001019136,7.960275394566775,33.93118,0.2258612607755186
hNHE1cdt,3,9605,331,2.89942216697938,8.406648902371403,39.854797,0.5275358481742212
hNHE1cdt,3,9605,332,2.7387805901866007,7.500919121182868,44.48237,0.3431205149718096
hNHE1cdt,3,9605,333,3.141660537503544,9.870030932907056,54.02108,0.3115867250798954
hNHE1cdt,3,9605,334,3.6766473807625637,13.51773596246822,64.179405,0.7124113748216042
hNHE1cdt,3,9605,335,2.8963148002660937,8.388639422240422,5.6413574,0.34295341644469646
hNHE1cdt,3,9605,336,3.841452177445679,14.756754831602144,68.25528,0.5754629495994542
hNHE1cdt,3,9605,337,2.545842193968865,6.481312476592204,1.0702667,0.19565860464897644
hNHE1cdt,3,9605,338,2.531067791204334,6.406304163671986,29.96557,0.41653517890168745
hNHE1cdt,3,9605,339,4.1780537743732795,17.456133341554807,212.06602,0.7881734779825664
hNHE1cdt,3,9605,340,3.3426102989095425,11.173043610376144,25.447893,0.361096536874129
hNHE1cdt,3,9605,341,3.194402314532744,10.20420614709215,27.595854,0.43402007088017314
hNHE1cdt,3,9605,342,3.034896959173966,9.210599552803387,64.28171,0.2744785136200516
hNHE1cdt,3,9605,343,4.7494073813336,22.556870473866084,143.99718,0.8136269108168888
hNHE1cdt,3,9605,344,2.583023698489489,6.6720114269583215,57.32429,0.35649278301400866
hNHE1cdt,3,9605,345,2.804805251772473,7.866932500370444,26.904388,0.30551975163882483
hNHE1cdt,3,9605,346,2.6270953333140676,6.901629890320553,48.571426,0.0662377382591452
hNHE1cdt,3,9605,347,2.2974673148728533,5.2783560629090776,12.154214,0.11166607099578857
hNHE1cdt,3,9605,348,3.2828423034558374,10.77705358935923,61.242035,0.3161655502861379
hNHE1cdt,3,9605,349,2.7035432493171436,7.309146100928299,11.150198,0.4599445681937552
hNHE1cdt,3,9605,350,3.6048126518979333,12.994674255283412,17.962835,0.45567910101237474
hNHE1cdt,3,9605,351,3.069731647145179,9.423252385484655,67.80381,0.5220673565201165
hNHE1cdt,3,9605,352,3.5742284645883973,12.77510911707393,51.164825,0.665919484076128
hNHE1cdt,3,9605,353,2.2782647491573345,5.190490267252932,18.232162,0.3020028608573631
hNHE1cdt,3,9605,354,2.5639261268335867,6.573717183859877,20.627254,0.24577356149025448
hNHE1cdt,3,9605,355,4.176709938259143,17.4449059083527,148.34941,0.7178029589845306
hNHE1cdt,3,9605,356,3.8370432160906813,14.722900642147518,70.94545,0.5628334125233118
hNHE1cdt,3,9605,357,3.0041289481896363,9.024790737350973,26.375275,0.38285123115975617
hNHE1cdt,3,9605,358,3.531973497437595,12.474836786601557,2.5418696,0.6539644553846171
hNHE1cdt,3,9605,359,3.7069896745985838,13.741772447580514,80.05393,0.4417293324913495
hNHE1cdt,3,9605,360,2.9727062541391405,8.83698247339796,29.971756,0.22269163321963537
hNHE1cdt,3,9605,361,5.6953238348140065,32.43671358340053,324.76263,0.8004279998339255
hNHE1cdt,3,9605,362,4.444020303023564,19.74931645368564,158.32806,0.5673910739520915
hNHE1cdt,3,9605,363,2.553343968333893,6.519565420627073,32.776432,0.1417665335788274
hNHE1cdt,3,9605,364,3.586577806828043,12.86354036443145,22.932112,0.23432222550934184
hNHE1cdt,3,9605,365,3.8815404374151403,15.066356167288918,106.83424,0.7175485403969641
hNHE1cdt,3,9605,366,3.7812027652896902,14.297494352234398,97.42513,0.7395433755196854
hNHE1cdt,3,9605,367,3.5082336084946397,12.307703051771322,92.61645,0.4909102432459525
hNHE1cdt,3,9605,368,3.978484803688621,15.828341333181289,160.9924,0.710496019701617
hNHE1cdt,3,9605,369,4.006063891332899,16.04854790144129,73.30553,0.5357234813730835
hNHE1cdt,3,9605,370,4.156630075768437,17.277573586782722,103.093895,0.3693778552491777
hNHE1cdt,3,9605,371,2.6722431867432586,7.140883649095766,14.680345,0.4070147270153267
hNHE1cdt,3,9605,372,2.660248970897517,7.0769245871613,61.33615,0.22023875432231527
hNHE1cdt,3,9605,373,2.7987903904020413,7.83322764940681,20.855223,0.5004935584586939
hNHE1cdt,3,9605,374,2.9834386090075165,8.900905933716707,57.299885,0.3037583204160046
hNHE1cdt,3,9605,375,2.8038891625503823,7.8617944358674805,65.67092,0.15575777602239255
hNHE1cdt,3,9605,376,2.920721433180616,8.530613690240635,44.19223,0.19243471367482673
hNHE1cdt,3,9605,377,4.206311441849101,17.693055945830658,186.05139,0.7815088067557743
hNHE1cdt,3,9605,378,3.7843248971031906,14.321114926835074,92.87253,0.7052340711831137
hNHE1cdt,3,9605,379,3.084248012737232,9.512585804073565,83.3983,0.6952249414336865
hNHE1cdt,3,9605,380,2.2825727847854744,5.210138517843318,7.2832956,0.4901105855664447
hNHE1cdt,3,9605,381,3.9379459927994285,15.507418642205074,55.549313,0.6572661050284542
hNHE1cdt,3,9605,382,5.176853798694887,26.79981525306168,269.6387,0.7772573941226938
hNHE1cdt,3,9605,383,3.529711617917998,12.45886410566529,38.90945,0.5158351280157618
hNHE1cdt,3,9605,384,3.688634337737105,13.606023277533248,39.15908,0.6621008415335841
hNHE1cdt,3,9605,385,3.5633357245272124,12.697361485691873,119.223785,0.6236025058577646
hNHE1cdt,3,9605,386,3.8438891592127926,14.77548386831363,114.09101,0.5129908242212865
hNHE1cdt,3,9605,387,2.7649920004068878,7.645180762314084,30.912933,0.19338703812203364
hNHE1cdt,3,9605,388,3.3073611239103986,10.938637603953856,39.431107,0.5238045207973705
hNHE1cdt,3,9605,389,2.9777687138863556,8.867106513400401,35.492462,0.48672243123265135
hNHE1cdt,3,9605,390,3.2322194664207036,10.447242679108939,60.945618,0.5036639658139642
hNHE1cdt,3,9605,391,2.7537162073457573,7.582952950598702,56.620537,0.35258560959959473
hNHE1cdt,3,9605,392,3.417489585775878,11.67923506888658,85.27352,0.6046959280691493
hNHE1cdt,3,9605,393,3.1917440762454685,10.18723024824804,66.44599,0.7271912269861549
hNHE1cdt,3,9605,394,3.9112119341533265,15.297578793863405,129.14096,0.5788933493107643
hNHE1cdt,3,9605,395,3.8922963461330062,15.149970846120352,132.81482,0.7061863152552805
hNHE1cdt,3,9605,396,3.998537033672917,15.98829840965381,58.22695,0.6191134550435691
hNHE1cdt,3,9605,397,2.9175871504903643,8.512314780706483,107.26961,0.3587118794392695
hNHE1cdt,3,9605,398,4.669643875294567,21.80557392207606,159.48177,0.8437230949564902
hNHE1cdt,3,9605,399,3.747297471770013,14.04223834193393,74.97551,0.5686652917383901
hNHE1cdt,3,9605,400,3.89214940479985,15.148826989283826,129.34215,0.541682169959538
hNHE1cdt,3,9605,401,2.129866432205913,4.5363310190375445,12.218467,0.042105958870366895
hNHE1cdt,3,9605,402,2.513558157504031,6.3179746111550585,11.887496,0.29272689717075895
hNHE1cdt,3,9605,403,3.091777804051118,9.559089989623155,33.40244,0.4179025296989708
hNHE1cdt,3,9605,404,3.217252469812918,10.350713454517326,50.1473,0.1340356310249825
hNHE1cdt,3,9605,405,3.335088636502077,11.122816213325287,108.795135,0.5878363492697282
hNHE1cdt,3,9605,406,2.9723594786161844,8.834920870119477,57.983883,0.48543631741876914
hNHE1cdt,3,9605,407,3.00058098601172,9.003486253615065,40.474434,0.512552686376456
hNHE1cdt,3,9605,408,3.2550143139153627,10.595118183793902,51.245953,0.42945334244920597
hNHE1cdt,3,9605,409,2.74366599741387,7.527703105365049,36.557194,0.25682911246702056
hNHE1cdt,3,9605,410,3.724878787420982,13.87472198097881,56.427586,0.39537744612012693
hNHE1cdt,3,9605,411,2.8366246866580003,8.046439612957595,45.46672,0.3529295430951369
hNHE1cdt,3,9605,412,3.5106953265564713,12.324981675905445,27.61584,0.24974854341655195
hNHE1cdt,3,9605,413,3.4463510623278006,11.87733564480796,158.35132,0.6664472242839461
hNHE1cdt,3,9605,414,2.3053744311829387,5.31475126795206,22.726772,0.11086396254366945
hNHE1cdt,3,9605,415,2.401308357481696,5.766281827711442,21.073345,0.15906875822607844
hNHE1cdt,3,9605,416,2.1094058219821212,4.449592921812069,24.403618,0.277093245369524
hNHE1cdt,3,9605,417,2.714768902063649,7.369970191611871,52.30898,0.3017515692175996
hNHE1cdt,3,9605,418,2.73704428109665,7.491411396683878,31.578266,0.23038479515042715
hNHE1cdt,3,9605,419,3.548980206990061,12.595260509607211,79.951096,0.5641524742403616
hNHE1cdt,3,9605,420,3.7942642472144015,14.396441177689466,158.40005,0.567094245748322
hNHE1cdt,3,9605,421,3.8918319648139845,15.146356042347879,92.45517,0.6234550657564217
hNHE1cdt,3,9605,422,5.114305630362516,26.15612208075773,210.58678,0.7302950189406509
hNHE1cdt,3,9605,423,2.422809299900493,5.870004903684317,12.606796,0.15720373935928178
hNHE1cdt,3,9605,424,2.9735315417255515,8.841889829636738,72.200005,0.23549965477111978
hNHE1cdt,3,9605,425,4.212932992820922,17.748804401999053,97.17438,0.596176445766746
hNHE1cdt,3,9605,426,3.6501705469262262,13.323745021647705,138.41756,0.4476627388792145
hNHE1cdt,3,9605,427,2.819320883043661,7.94857024156609,36.299694,0.41530461313561423
hNHE1cdt,3,9605,428,3.2437215424744648,10.521729445112923,63.358093,0.3512359949073126
hNHE1cdt,3,9605,429,3.3564459523611303,11.265729431121416,73.247856,0.5835119562950287
hNHE1cdt,3,9605,430,4.748366900611109,22.54698822281915,196.81113,0.6911191774025558
hNHE1cdt,3,9605,431,3.609496227309452,13.028463014961169,80.81733,0.3681748007221979
hNHE1cdt,3,9605,432,3.991836043343115,15.93475499693322,94.17291,0.5436490877442667
hNHE1cdt,3,9605,433,4.596804074816591,21.130607702250416,151.03247,0.7057157323386554
hNHE1cdt,3,9605,434,3.416995434045044,11.675857796284678,30.981258,0.4591611574149066
hNHE1cdt,3,9605,435,2.8344210769390528,8.033942841396337,23.3658,0.2610867957449833
hNHE1cdt,3,9605,436,3.132658609069726,9.81354996097867,26.491913,0.3983840105568879
hNHE1cdt,3,9605,437,2.8562169596615274,8.157975320658139,48.810303,0.39276981883765594
hNHE1cdt,3,9605,438,2.4332725322889863,5.920815216392053,42.05532,0.3806695145838602
hNHE1cdt,3,9605,439,2.628483355946439,6.908924752487453,3.9053226,0.1899433226279013
hNHE1cdt,3,9605,440,2.9316190609564736,8.594390318563315,5.5158205,0.4181865146364451
hNHE1cdt,3,9605,441,2.75951415139581,7.614918351753736,70.046814,0.21877074952983466
hNHE1cdt,3,9605,442,3.1096310973843466,9.669805561819775,31.763367,0.3888014082343838
hNHE1cdt,3,9605,443,4.32872536564547,18.737863291182503,112.79042,0.5859914878379617
hNHE1cdt,3,9605,444,4.688616432605083,21.983124052094414,179.44159,0.8583085128048248
hNHE1cdt,3,9605,445,3.6231840647796765,13.12746276727338,72.68655,0.2306901747930363
hNHE1cdt,3,9605,446,2.716824150109842,7.381133462620064,45.00442,0.5663601356551906
hNHE1cdt,3,9605,447,4.825663755844869,23.287030684474804,203.98897,0.7937127830941586
hNHE1cdt,3,9605,448,4.575394461282969,20.934234476338872,90.219696,0.36865309522759077
hNHE1cdt,3,9605,449,2.7415954668034295,7.516345703597114,38.701195,0.34882177720754326
hNHE1cdt,3,9605,450,3.8928301710769864,15.15412674084728,84.04663,0.44172552914506524
hNHE1cdt,3,9605,451,3.9688501596200343,15.751771589515972,112.445786,0.728614399848703
hNHE1cdt,3,9605,452,4.542038560246371,20.630114282764932,188.33075,0.5821627674324358
hNHE1cdt,3,9605,453,3.1559511166419156,9.960027450633357,77.58107,0.4439075042221173
hNHE1cdt,3,9605,454,2.8970853650960224,8.39310361265355,76.03373,0.3224799399163443
hNHE1cdt,3,9605,455,3.054205157986355,9.328169147070458,48.88017,0.4521903670255542
hNHE1cdt,3,9605,456,4.712723703867104,22.20976470899087,75.71813,0.8342498652080113
hNHE1cdt,3,9605,457,4.418978084609359,19.527367312257798,114.82044,0.6240233532438227
hNHE1cdt,3,9605,458,2.8536280416721933,8.143193000217876,15.331844,0.6172628467546121
hNHE1cdt,3,9605,459,4.307914519947342,18.558127511173137,133.22836,0.7118118297171585
hNHE1cdt,3,9605,460,4.3289748715037835,18.740023438111198,86.52735,0.6870563453306062
hNHE1cdt,3,9605,461,2.609034933561148,6.8070632845424255,32.665493,0.26773049884665623
hNHE1cdt,3,9605,462,4.654121258086125,21.660844684969177,173.07881,0.7113935482633886
hNHE1cdt,3,9605,463,4.305630335242274,18.5384525837585,158.2578,0.6345472859249717
hNHE1cdt,3,9605,464,2.766411697770506,7.653033681561492,38.04023,0.4461946300560453
hNHE1cdt,3,9605,465,3.274384558871001,10.721594239372841,102.248634,0.4712110698659876
hNHE1cdt,3,9605,466,3.897600352759899,15.19128850983409,116.39967,0.3623267985153509
hNHE1cdt,3,9605,467,3.8264028166961075,14.641358515619906,22.9244,0.6734905754800845
hNHE1cdt,3,9605,468,3.9562842084205565,15.652184737797873,87.027435,0.6332420837942994
hNHE1cdt,3,9605,469,3.0250450588010374,9.150897607776571,30.678204,0.32222678482329825
hNHE1cdt,3,9605,470,2.8560854506127953,8.157224101202097,21.084862,0.1282699589990529
hNHE1cdt,3,9605,471,3.154698420985754,9.952122127370009,40.873314,0.2939850976987739
hNHE1cdt,3,9605,472,4.8829065444396305,23.842776321731375,83.81845,0.7595971468936367
hNHE1cdt,3,9605,473,5.140760768575914,26.427421279729224,211.90306,0.6739022853326505
hNHE1cdt,3,9605,474,2.6275318635695917,6.903923694073494,50.068577,0.2624360328733657
hNHE1cdt,3,9605,475,2.6399458874325803,6.9693142885721935,3.2756605,0.33321836067392874
hNHE1cdt,3,9605,476,2.9737969433275646,8.843468260144366,23.402376,0.4131237515231537
hNHE1cdt,3,9605,477,3.4754870869452223,12.079010491522983,117.74741,0.23410735570915492
hNHE1cdt,3,9605,478,2.5525613889901857,6.515569644563506,26.500654,0.2242353582050896
hNHE1cdt,3,9605,479,3.3668418605369426,11.33562411386386,17.31756,0.18160987307245177
hNHE1cdt,3,9605,480,2.601615185950102,6.768401575766187,83.768585,0.25245513837213884
hNHE1cdt,3,9605,481,2.925170754037862,8.556623940278431,30.052464,0.24863385663646315
hNHE1cdt,3,9605,482,3.055755466742039,9.337641472523856,20.428116,0.5784212072282326
hNHE1cdt,3,9605,483,3.488849602273105,12.172071547281208,46.694427,0.5518455446665282
hNHE1cdt,3,9605,484,2.809409032158577,7.892779109974192,37.82006,0.22802959578270643
hNHE1cdt,3,9605,485,3.3941992887917305,11.520588812034289,95.71546,0.3897424848501364
hNHE1cdt,3,9605,486,4.008702845803906,16.069698505956328,126.620094,0.7827915667525693
hNHE1cdt,3,9605,487,3.171355052125575,10.057492866642411,42.9865,0.48652275043104126
hNHE1cdt,3,9605,488,2.3260479581068014,5.41049910341282,10.854637,0.18426542310706467
hNHE1cdt,3,9605,489,3.399166035527034,11.554329737080572,50.762188,0.5661670815107647
hNHE1cdt,3,9605,490,3.33526457611188,11.123989792666757,86.396805,0.36428704798565004
hNHE1cdt,3,9605,491,2.4939404283937368,6.219738860376734,44.828186,0.3217690270640669
hNHE1cdt,3,9605,492,3.241737188410031,10.50885999872057,52.085423,0.39425951273063725
hNHE1cdt,3,9605,493,4.9000238904748885,24.010234127224663,213.39523,0.5275246929386743
hNHE1cdt,3,9605,494,4.827960621049004,23.309203758399885,215.7425,0.7056444861254222
hNHE1cdt,3,9605,495,2.8970741159338824,8.393038433214086,46.96897,0.3620667195076783
hNHE1cdt,3,9605,496,2.9619297681936376,8.773027951711617,70.63039,0.6296553284750147
hNHE1cdt,3,9605,497,4.982481708504093,24.825123975577853,220.14339,0.8136572554639505
hNHE1cdt,3,9605,498,4.5550731593938885,20.74869148743062,140.44792,0.5035987231931353
hNHE1cdt,3,9605,499,4.793278652157359,22.975520237227467,194.7681,0.8069657836920031
hNHE1cdt,3,9605,500,3.334017500224204,11.115672691801251,70.53884,0.5356766483338238
hNHE1cdt,3,9605,501,2.676612255429828,7.1642531659171516,5.477478,0.3968480903173769
hNHE1cdt,3,9605,502,3.3457850236907016,11.19427742475299,76.06393,0.23950822583510806
hNHE1cdt,3,9605,503,4.4975493163056735,20.227949852601633,151.78601,0.7185174138935562
hNHE1cdt,3,9605,504,3.6632428373730503,13.419348085564957,81.353165,0.628712426606876
hNHE1cdt,3,9605,505,4.025283329724649,16.202905884559158,128.19516,0.4785011921498499
hNHE1cdt,3,9605,506,4.322301622005234,18.682291311589086,140.08798,0.6987738552091189
hNHE1cdt,3,9605,507,3.10586356112096,9.64638846029897,45.25627,0.4786976544026589
hNHE1cdt,3,9605,508,3.584159569873411,12.846199822315155,41.39713,0.2861527116384034
hNHE1cdt,3,9605,509,3.9521427961138973,15.61943268087498,158.20422,0.7486827203870043
hNHE1cdt,3,9605,510,2.929563174207684,8.582340391673801,12.870132,0.1874739535527319
hNHE1cdt,3,9605,511,3.164898728058244,10.016583958864693,98.37843,0.5674722884961307
hNHE1cdt,3,9605,512,3.706169756559538,13.735694264436585,59.008846,0.5755856809898536
hNHE1cdt,3,9605,513,3.4576538947772004,11.955370456067945,60.867176,0.6812233828557
hNHE1cdt,3,9605,514,2.658449829592088,7.067355496458202,28.276295,0.2220857531462379
hNHE1cdt,3,9605,515,4.3912169480823176,19.28278628512538,127.93205,0.5570321781547051
hNHE1cdt,3,9605,516,3.002840307976138,9.017049915206227,85.88776,0.22638113488057648
hNHE1cdt,3,9605,517,2.9767954740461433,8.8613112943016,39.485474,0.3477131812275416
hNHE1cdt,3,9605,518,2.8891718962444077,8.347314246048507,54.715034,0.2256842808651094
hNHE1cdt,3,9605,519,4.19112199563889,17.565503582328116,117.44959,0.5462624566811864
hNHE1cdt,3,9605,520,3.7119971593405467,13.77892291095229,108.82247,0.7468417440025674
hNHE1cdt,3,9605,521,3.7030402222432177,13.712506887551099,74.361496,0.6426868591334165
hNHE1cdt,3,9605,522,4.131582310646935,17.06997238965066,135.37947,0.6745152185662829
hNHE1cdt,3,9605,523,3.7300793302730395,13.91349181013016,133.56041,0.48618465683951784
hNHE1cdt,3,9605,524,3.7712205008389876,14.222104065948267,70.832306,0.5725179670053094
hNHE1cdt,3,9605,525,3.0307801772814593,9.185628483002237,57.081028,0.3331738065453433
hNHE1cdt,3,9605,526,2.7456605979114515,7.538652118923467,40.843197,0.3794049751001599
hNHE1cdt,3,9605,527,2.7015464401960974,7.298353168536207,5.422555,0.32805971485924185
hNHE1cdt,3,9605,528,3.0825018098133206,9.501817407502395,46.833202,0.5206935163317246
hNHE1cdt,3,9605,529,3.014250465055974,9.085705866090155,32.636784,0.5396540133240356
hNHE1cdt,3,9605,530,3.8223021275889315,14.609993554570872,115.50388,0.655060184365806
hNHE1cdt,3,9605,531,3.366082841389944,11.3305136950998,40.69438,0.24464624598624968
hNHE1cdt,3,9605,532,3.6346588537747775,13.210744983323378,75.96154,0.33679413460803165
hNHE1cdt,3,9605,533,3.376878734390558,11.403309986779178,119.377594,0.4218912900440355
hNHE1cdt,3,9605,534,4.089345775995289,16.722748875650517,162.06961,0.6267305224126947
hNHE1cdt,3,9605,535,3.9734470308449934,15.788281306930894,130.63051,0.48312474606531813
hNHE1cdt,3,9605,536,3.0927740984317453,9.565251623930294,71.495255,0.2239502130440199
hNHE1cdt,3,9605,537,3.8624733738108747,14.918700563397957,45.23594,0.5399289593484888
hNHE1cdt,3,9605,538,2.5345907298537727,6.42415016786068,20.800354,0.2908923604528781
hNHE1cdt,3,9605,539,3.581965010431048,12.830473335952297,71.92648,0.23337369679181807
hNHE1cdt,3,9605,540,2.939803223482778,8.642442992799731,58.88144,0.28392777617792475
hNHE1cdt,3,9605,541,2.6998325797828078,7.289095958856691,27.607567,0.3159513957913805
hNHE1cdt,3,9605,542,2.647822929899672,7.010966268102482,76.72998,0.2651106975423305
hNHE1cdt,3,9605,543,2.728693264254299,7.445766930386783,16.90219,0.31995743380006125
hNHE1cdt,3,9605,544,3.0141238874260923,9.084942808752583,58.622925,0.36601777787695
hNHE1cdt,3,9605,545,2.7920973034297143,7.79580735181948,43.53016,0.44430788185860726
hNHE1cdt,3,9605,546,3.072605853508321,9.4409067310136,133.95932,0.4957812538142362
hNHE1cdt,3,9605,547,3.318807951929484,11.014486221790378,49.244244,0.42945485679562234
hNHE1cdt,3,9605,548,4.311354893613617,18.58778101868608,180.09872,0.47527399713545326
hNHE1cdt,3,9605,549,3.5167946847780995,12.367844854883497,51.10916,0.6419720949406316
hNHE1cdt,3,9605,550,3.2514419396821723,10.571874687124163,75.08358,0.33222221253705253
hNHE1cdt,3,9605,551,3.0108580142201653,9.065265981793797,73.91823,0.23227956934011335
hNHE1cdt,3,9605,552,3.2886077660487363,10.814941038916055,87.030045,0.5107525250891097
hNHE1cdt,3,9605,553,2.923333705131846,8.545879951559886,52.332253,0.14610270057348243
hNHE1cdt,3,9605,554,3.055902333170937,9.338539069879575,84.160545,0.4328343465456601
hNHE1cdt,3,9605,555,2.889408207773789,8.348679791150538,47.21642,0.18189747104958556
hNHE1cdt,3,9605,556,3.2034471580670787,10.262073694528043,55.994965,0.4588168812298218
hNHE1cdt,3,9605,557,3.1086961821448074,9.663991952881702,19.30468,0.45886203873112863
hNHE1cdt,3,9605,558,4.279530475397404,18.314381089855132,97.26076,0.4858934162367633
hNHE1cdt,3,9605,559,4.6006816192622475,21.166271361817493,137.11932,0.4135910761646786
hNHE1cdt,3,9605,560,2.2316498815358465,4.98026119375896,1.1896839,0.12492776832753663
hNHE1cdt,3,9605,561,2.488064176271174,6.1904633452439555,4.5768943,0.1722534390605877
hNHE1cdt,3,9605,562,2.4924908806811725,6.212510790278808,29.689177,0.18500570971661426
hNHE1cdt,3,9605,563,2.2894913360971394,5.241770578063863,44.00289,0.22320778429779042
hNHE1cdt,3,9605,564,3.3788271138963086,11.416472665600859,107.58974,0.4789010189687716
hNHE1cdt,3,9605,565,3.4727687533350493,12.060122814140271,81.2422,0.4787455960844462
hNHE1cdt,3,9605,566,3.2270704257574176,10.413983532798161,61.544003,0.4831112173425074
hNHE1cdt,3,9605,567,2.4360024604013284,5.934107987081328,74.99625,0.2816097289642471
hNHE1cdt,3,9605,568,3.1492993172865895,9.918086189861778,37.460148,0.11680449370178705
hNHE1cdt,3,9605,569,2.257902288494919,5.098122744390593,10.121494,0.33481843495520647
hNHE1cdt,3,9605,570,4.162913488274883,17.329848710860954,181.98782,0.5662375864463709
hNHE1cdt,3,9605,571,3.6868116699105458,13.59258028938859,93.524734,0.5295042994841492
hNHE1cdt,3,9605,572,3.2059941469048763,10.278398469988327,7.833499,0.23600059756897968
hNHE1cdt,3,9605,573,3.160478633490593,9.988625192750568,91.75419,0.5299014074710667
hNHE1cdt,3,9605,574,4.016910786940439,16.13557227023846,123.07087,0.5910258542988841
hNHE1cdt,3,9605,575,3.7632013471431094,14.161684379139714,57.502106,0.4877142100326067
hNHE1cdt,3,9605,576,3.995562926050382,15.964523096028293,56.94776,0.5115115264281144
hNHE1cdt,3,9605,577,2.9680375419010354,8.809246850133938,43.22164,0.39442689383015916
hNHE1cdt,3,9605,578,4.139385194277513,17.13450978660389,68.56888,0.49538705980754183
hNHE1cdt,3,9605,579,3.537854240126729,12.51641262438267,86.553635,0.5561418839775555
hNHE1cdt,3,9605,580,3.1984877827304765,10.230324096276119,72.9643,0.2787086632548422
hNHE1cdt,3,9605,581,2.2399172648454337,5.01722935335265,7.599387,0.16159386068824086
hNHE1cdt,3,9605,582,3.8724597499971156,14.995944515347723,103.16228,0.48594919370429557
hNHE1cdt,3,9605,583,3.3433180287698216,11.177775441497324,25.685143,0.4988415157919001
hNHE1cdt,3,9605,584,3.2588477094485553,10.620088393378095,42.1481,0.3971725092268593
hNHE1cdt,3,9605,585,3.709150038736241,13.757794009857061,55.71427,0.6293104294492295
hNHE1cdt,3,9605,586,2.6058678129746333,6.790547058697197,21.754354,0.2309412284458626
hNHE1cdt,3,9605,587,3.585330811918944,12.854597030895354,42.13981,0.48056099084511117
hNHE1cdt,3,9605,588,4.730977755552557,22.382150523533106,180.0321,0.7932215561955881
hNHE1cdt,3,9605,589,4.351061068368601,18.93173242067292,120.064285,0.7544125052554883
hNHE1cdt,3,9605,590,2.6936028719748797,7.255496431911321,1.0484778,0.20233935369684738
hNHE1cdt,3,9605,591,3.6359370418874395,13.220038172569183,26.772152,0.39377069546422844
hNHE1cdt,3,9605,592,3.584070411519013,12.845560714726068,48.41368,0.5960728927523675
hNHE1cdt,3,9605,593,3.0784706615489132,9.476981614017406,99.093796,0.41166993449682343
hNHE1cdt,3,9605,594,3.490219378100751,12.18163130726999,127.934845,0.44427301895551996
hNHE1cdt,3,9605,595,4.369285238332474,19.090653493910068,143.71414,0.655106805417376
hNHE1cdt,3,9605,596,4.517841169702678,20.41088883466046,135.29018,0.7361819441679601
hNHE1cdt,3,9605,597,3.3577173236829023,11.274265625760272,65.93685,0.40267960599690084
hNHE1cdt,3,9605,598,3.236804512274273,10.476903450679089,42.134453,0.4629383002131041
hNHE1cdt,3,9605,599,3.466516067762639,12.01673364805655,60.256382,0.6185894982903639
hNHE1cdt,3,9605,600,3.8137774781583706,14.544898652908023,130.68008,0.5528421534232141
hNHE1cdt,3,9605,601,2.6271666965430427,6.902004851424884,54.4965,0.322084136378896
hNHE1cdt,3,9605,602,2.747704443423186,7.549879708407516,65.626976,0.35434354331674445
hNHE1cdt,3,9605,603,2.8332357244412454,8.027224670250108,10.741329,0.14336223111933877
hNHE1cdt,3,9605,604,3.4664812766465785,12.016492441341292,114.083084,0.5225206302953733
hNHE1cdt,3,9605,605,5.178245228420311,26.81422364565773,173.50931,0.7292281064304784
hNHE1cdt,3,9605,606,4.203911258217596,17.672869866968654,81.98967,0.2869251916516904
hNHE1cdt,3,9605,607,3.7297203213330046,13.91081367536437,58.11828,0.5232803820104912
hNHE1cdt,3,9605,608,2.7744187274099805,7.697399275003216,38.4859,0.23725141203059988
hNHE1cdt,3,9605,609,3.6871633730490414,13.595173739554385,85.6489,0.5017998077410665
hNHE1cdt,3,9605,610,3.9063710214839746,15.259734557489747,102.36879,0.7479950891653402
hNHE1cdt,3,9605,611,3.286990442499863,10.804306169085443,83.77484,0.44387697291776923
hNHE1cdt,3,9605,612,3.2876417277379355,10.808588129963677,43.235165,0.6299509675199063
hNHE1cdt,3,9605,613,2.560508640918954,6.5562045002206295,37.381935,0.514231268755133
hNHE1cdt,3,9605,614,2.8167960839116684,7.93434017834011,36.825348,0.28305939147092535
hNHE1cdt,3,9605,615,2.8619914902628465,8.19099529033695,59.591652,0.4043978539795536
hNHE1cdt,3,9605,616,2.7519477651987776,7.573216502382546,28.861454,0.32726564215584275
hNHE1cdt,3,9605,617,4.1932147081078766,17.58304958829223,80.292015,0.6441428367021812
hNHE1cdt,3,9605,618,3.1965117680698882,10.217687483409282,50.166573,0.3872540274245715
hNHE1cdt,3,9605,619,2.9632077939926655,8.780600430378879,23.781868,0.18840100821216965
hNHE1cdt,3,9605,620,2.568994765660786,6.599734105992516,29.4612,0.31371313944496465
hNHE1cdt,3,9605,621,3.220474592525902,10.371456601104878,77.56124,0.27980845474597704
hNHE1cdt,3,9605,622,2.5692808463569494,6.60120406745668,20.396004,0.21047337422459758
hNHE1cdt,3,9605,623,3.8935267653879033,15.159550672791989,81.17667,0.2655504409306725
hNHE1cdt,3,9605,624,2.1985949187605067,4.833819616799518,47.67356,0.2264615445267009
hNHE1cdt,3,9605,625,3.1089413527757648,9.665516334999202,68.28815,0.42818985810447824
hNHE1cdt,3,9605,626,3.9028406214625444,15.23216491653814,96.670815,0.5371447999648551
hNHE1cdt,3,9605,627,3.0909041814541305,9.553688658930628,62.524734,0.5043371067941949
hNHE1cdt,3,9605,628,4.4628508880697915,19.917038049145322,149.62718,0.5190517374014556
hNHE1cdt,3,9605,629,3.5522107529033264,12.618201233042017,83.0087,0.7577731934971921
hNHE1cdt,3,9605,630,4.01860840549605,16.149213516723503,159.81213,0.6372088868602002
hNHE1cdt,3,9605,631,3.947313390929403,15.581283006210583,142.98906,0.5192266747280732
hNHE1cdt,3,9605,632,3.4722021043832725,12.056187453683627,86.93307,0.5419789808424478
hNHE1cdt,3,9605,633,3.286257790646147,10.799490266582497,69.739815,0.5636918169467806
hNHE1cdt,3,9605,634,4.523435134721437,20.461465418032343,60.622475,0.6177662610880228
hNHE1cdt,3,9605,635,3.5874078495034745,12.869495078679142,113.807785,0.50549534049677
hNHE1cdt,3,9605,636,2.796782697343425,7.821993456159564,52.995323,0.14171303258315382
hNHE1cdt,3,9605,637,3.0333791192668413,9.201388881204078,59.800735,0.4014366623859101
hNHE1cdt,3,9605,638,2.8567551088836964,8.161049752133101,14.621818,0.2261200302692812
hNHE1cdt,3,9605,639,4.223907493204552,17.841394511149566,125.80218,0.6264152777653036
hNHE1cdt,3,9605,640,3.614217782454312,13.062570179008965,21.43573,0.525879123959401
hNHE1cdt,3,9605,641,2.3594236329375726,5.5668798796643335,5.788542,0.15597427179945983
hNHE1cdt,3,9605,642,2.308516384749019,5.32924789865468,28.267578,0.23253528533953516
hNHE1cdt,3,9605,643,2.728414573408331,7.444246084386968,7.185209,0.5144978337938424
hNHE1cdt,3,9605,644,3.0896572505099873,9.54598192562894,95.10533,0.48981526633298567
hNHE1cdt,3,9605,645,2.9935834384009037,8.961541802668176,47.88788,0.305008130271678
hNHE1cdt,3,9605,646,2.5585272601037747,6.546061740694129,40.976124,0.31726324995858257
hNHE1cdt,3,9605,647,2.5302630773028842,6.402231240362259,30.47788,0.24147191822482056
hNHE1cdt,3,9605,648,2.845350615059907,8.096020122621791,22.670925,0.3772690874896951
hNHE1cdt,3,9605,649,3.731605760497067,13.924881551774895,122.46669,0.6752736452032857
hNHE1cdt,3,9605,650,3.8589185645432713,14.891252487776704,88.451324,0.5675800758687128
hNHE1cdt,3,9605,651,3.454689668520732,11.934880705783879,94.45299,0.6110293897733985
hNHE1cdt,3,9605,652,4.021906446393421,16.17573146354096,129.19446,0.3360665691739184
hNHE1cdt,3,9605,653,4.1774417960420696,17.45101995931919,134.62285,0.6953088863276738
hNHE1cdt,3,9605,654,3.117559165148074,9.719175148198758,42.771484,0.5008122690960808
hNHE1cdt,3,9605,655,2.9327348320234408,8.600933594963559,23.228252,0.25219093344768073
hNHE1cdt,3,9605,656,3.085020007532026,9.517348446872903,106.9853,0.5066954808361727
hNHE1cdt,3,9605,657,2.9614355145542537,8.770100306863219,27.336348,0.5753633867855767
hNHE1cdt,3,9605,658,3.500315909440821,12.252211465884521,143.4988,0.6865563705143898
hNHE1cdt,3,9605,659,2.922375325787154,8.540277544769575,26.905325,0.6039474025572491
hNHE1cdt,3,9605,660,3.189429083684336,10.172457879851505,25.74954,0.507880985438224
hNHE1cdt,3,9605,661,4.715578888719331,22.23668425573544,148.2796,0.7998907398783257
hNHE1cdt,3,9605,662,3.30506631094504,10.923463319743854,86.94667,0.5331646028097128
hNHE1cdt,3,9605,663,2.681376208487607,7.189778371443375,47.79718,0.47031871802882697
hNHE1cdt,3,9605,664,3.6236711091885705,13.130992307567931,83.22973,0.5175345993059864
hNHE1cdt,3,9605,665,2.859689348060521,8.177823167410809,36.699688,0.18828903261463403
hNHE1cdt,3,9605,666,3.1209833931771986,9.740537340487865,76.62286,0.3736052866850367
hNHE1cdt,3,9605,667,3.6707780611365357,13.474611574121308,135.83612,0.548185185707575
hNHE1cdt,3,9605,668,3.2782034202893247,10.746617664796624,24.122355,0.2346709833612638
hNHE1cdt,3,9605,669,2.5615988908416676,6.561788877561262,57.63821,0.06890719551432418
hNHE1cdt,3,9605,670,4.212195089591373,17.742587472777675,103.75733,0.43127873332892047
hNHE1cdt,3,9605,671,3.5839558938227714,12.844739848866979,64.99671,0.2848913026603458
hNHE1cdt,3,9605,672,2.2491262984215306,5.058569106251336,7.840883,0.15909411549175645
hNHE1cdt,3,9605,673,2.5241097741978593,6.371130152201168,35.408356,0.15034644921999846
hNHE1cdt,3,9605,674,3.1797047536949914,10.110522320670523,62.182278,0.46725078748628146
hNHE1cdt,3,9605,675,3.7950714503027623,14.402567312903109,97.18846,0.7266297010780891
hNHE1cdt,3,9605,676,3.6274041010862432,13.158060512577297,95.464386,0.34863095668821076
hNHE1cdt,3,9605,677,2.665807283903507,7.106528474912992,10.047408,0.36045575095396903
hNHE1cdt,3,9605,678,3.081453737006364,9.495357133310486,86.855965,0.42161271993333393
hNHE1cdt,3,9605,679,3.131966357554002,9.809213264850083,62.89236,0.49743274094390955
hNHE1cdt,3,9605,680,3.6349400711152375,13.212789320599247,108.36125,0.6356779967348796
hNHE1cdt,3,9605,681,4.331176934674208,18.759093639453877,91.760666,0.4663861687587024
hNHE1cdt,3,9605,682,2.9835604434745995,8.901632919866348,22.117224,0.2153473264149478
hNHE1cdt,3,9605,683,3.748984218434259,14.054882670069135,54.8546,0.7433329764895737
hNHE1cdt,3,9605,684,3.4106334305331845,11.632420397470556,92.44342,0.3759093909479646
hNHE1cdt,3,9605,685,4.065639867000508,16.52942752814391,85.89806,0.5351206672665818
hNHE1cdt,3,9605,686,2.798778690826609,7.833162160225106,42.915474,0.2269326987209599
hNHE1cdt,3,9605,687,2.804235494508527,7.863736708661481,44.650215,0.47620175182713875
hNHE1cdt,3,9605,688,2.003097476641905,4.012399500929167,13.661346,0.06098993287918748
hNHE1cdt,3,9605,689,2.818097895348342,7.941675747766751,71.24033,0.25183495481124446
hNHE1cdt,3,9605,690,3.652971467223602,13.344200540349764,66.613815,0.22623678967194844
hNHE1cdt,3,9605,691,2.6666112043237566,7.110815315024994,84.17799,0.3408805118835266
hNHE1cdt,3,9605,692,3.4813430461119954,12.11974940471235,48.25587,0.1731662582591708
hNHE1cdt,3,9605,693,2.7776399830842706,7.7152838756283835,32.87516,0.4121518491258541
hNHE1cdt,3,9605,694,3.508669711460197,12.310763144118177,108.99988,0.47357469881102704
hNHE1cdt,3,9605,695,3.893561782414655,15.159823353479986,159.94084,0.5169477493908525
hNHE1cdt,3,9605,696,4.245056921273736,18.020508264854058,116.06361,0.5125515582933777
hNHE1cdt,3,9605,697,4.571637652291441,20.89987082384881,60.562088,0.48295109423785365
hNHE1cdt,3,9605,698,3.9658412576785875,15.72789688110568,182.0553,0.551958751050681
hNHE1cdt,3,9605,699,2.6972401480731816,7.275104416377837,65.98059,0.2691117727192909
hNHE1cdt,3,9605,700,4.989636041318242,24.89646782482198,108.41404,0.7794694974487243
hNHE1cdt,3,9605,701,5.418893500715487,29.36440677209654,213.39075,0.8459080889677721
hNHE1cdt,3,9605,702,3.78504686807599,14.326579793531861,60.126873,0.4802352612886465
hNHE1cdt,3,9605,703,2.992099023050258,8.952656563738307,52.57459,0.07030806224478288
hNHE1cdt,3,9605,704,3.0038206968240515,9.02293877866853,23.564201,0.42679239290787224
hNHE1cdt,3,9605,705,2.652481452063947,7.035657853543266,24.912622,0.3463230691801658
hNHE1cdt,3,9605,706,2.228300224267377,4.965321889470044,11.999455,0.31020308555438153
hNHE1cdt,3,9605,707,3.578361699351975,12.804672451389152,30.025375,0.5214718213110092
hNHE1cdt,3,9605,708,3.7190799288975755,13.831555517528797,77.25125,0.517223600688452
hNHE1cdt,3,9605,709,2.6425420973234894,6.983028736126827,47.831024,0.22714719277581527
hNHE1cdt,3,9605,710,2.854259388943301,8.146796659370986,46.53429,0.519790653696705
hNHE1cdt,3,9605,711,3.101566093860625,9.619712234585855,68.33352,0.4943349155225961
hNHE1cdt,3,9605,712,2.801858831543925,7.850412911900684,59.653343,0.22800998392092708
hNHE1cdt,3,9605,713,3.41977503763528,11.69486130803338,59.614983,0.39126085924471543
hNHE1cdt,3,9605,714,2.617503346852756,6.8513237707853785,22.099602,0.19725097078820503
hNHE1cdt,3,9605,715,2.356559970481688,5.5533748944766534,6.4992943,0.3377998829651433
hNHE1cdt,3,9605,716,2.17416346608338,4.726986777251694,11.581465,0.008538743008525789
hNHE1cdt,3,9605,717,3.5184308871630674,12.379355907743092,157.43909,0.6055980481830348
hNHE1cdt,3,9605,718,3.9626751238302775,15.702794137023304,39.505207,0.527515062478838
hNHE1cdt,3,9605,719,4.166206295580231,17.357274897332353,200.7326,0.7954108669773986
hNHE1cdt,3,9605,720,3.3094579017476553,10.952511603439993,74.45195,0.5136125956168459
hNHE1cdt,3,9605,721,3.156314192544081,9.962319282055196,38.04381,0.287332215932786
hNHE1cdt,3,9605,722,3.3472805182278362,11.204286867707614,136.07916,0.3853865050337282
hNHE1cdt,3,9605,723,2.612693469688909,6.826167166555067,10.157434,0.3963452206058843
hNHE1cdt,3,9605,724,3.437145166518541,11.813966895721768,129.32306,0.4542797716156254
hNHE1cdt,3,9605,725,2.867731580121459,8.22388441562592,11.925438,0.26967712657744136
hNHE1cdt,3,9605,726,2.594415603390198,6.730992323114524,12.467213,0.34646619345084406
hNHE1cdt,3,9605,727,2.3278926261431128,5.419084078851478,10.086254,0.10884877356292848
hNHE1cdt,3,9605,728,1.9336264346314544,3.7389111887055493,3.9120631,0.06608932542170673
hNHE1cdt,3,9605,729,2.8364464722802163,8.045428590110884,10.760051,0.3180360353098173
hNHE1cdt,3,9605,730,3.1190317757163246,9.72835921792813,55.416336,0.29754225683562796
hNHE1cdt,3,9605,731,2.805597674589875,7.871378311664115,5.1919885,0.5218096749956388
hNHE1cdt,3,9605,732,2.883838618311774,8.316525176466362,26.25977,0.3590109570415657
hNHE1cdt,3,9605,733,2.7926122387842236,7.798683116207434,17.548174,0.28593471875043436
hNHE1cdt,3,9605,734,2.416125618278593,5.8376630033021115,54.14956,0.11761556224586281
hNHE1cdt,3,9605,735,3.34014993916392,11.156601616096738,73.60221,0.34568215070414343
hNHE1cdt,3,9605,736,3.6652349330788376,13.433947114661432,104.05242,0.733350638832458
hNHE1cdt,3,9605,737,3.871786589964429,14.990731398228384,82.19762,0.7092059420502608
hNHE1cdt,3,9605,738,3.338059051883116,11.142638233858811,31.863125,0.3151128824978324
hNHE1cdt,3,9605,739,2.5757547227170043,6.634512391598951,14.53449,0.20013361820674314
hNHE1cdt,3,9605,740,2.526039800786957,6.380877075159809,11.26847,0.13959511000900404
hNHE1cdt,3,9605,741,3.8206252295378436,14.597177144581103,127.07639,0.5807119438874269
hNHE1cdt,3,9605,742,2.608655613375539,6.805084109195709,76.57018,0.23196995188025088
hNHE1cdt,3,9605,743,3.2834153698770145,10.780816491144614,53.948044,0.524128695996951
hNHE1cdt,3,9605,744,2.365205725967913,5.5941981261514035,20.118118,0.4483984069153369
hNHE1cdt,3,9605,745,3.688462449288644,13.60475523981238,84.25091,0.5360650431426964
hNHE1cdt,3,9605,746,3.747489732881134,14.043679298049508,65.426445,0.701236047538537
hNHE1cdt,3,9605,747,2.905479444037241,8.441810799722955,88.38932,0.359777430314994
hNHE1cdt,3,9605,748,3.763841166560777,14.166500327097589,73.97302,0.5293318632820452
hNHE1cdt,3,9605,749,3.717762430736364,13.821757491394756,43.529316,0.5419908008230397
hNHE1cdt,3,9605,750,4.217162373877703,17.784458487649825,127.32209,0.44153500080464003
hNHE1cdt,3,9605,751,4.188982005758213,17.5475702445661,143.86101,0.5036483609729998
hNHE1cdt,3,9605,752,4.004466579298839,16.035752584721347,145.88573,0.6820606787920086
hNHE1cdt,3,9605,753,3.562828272770345,12.693745301251717,38.92849,0.567085738942289
hNHE1cdt,3,9605,754,4.06980494029673,16.563312252063668,79.181,0.6314261434643862
hNHE1cdt,3,9605,755,4.559381903506761,20.78796334202494,202.08565,0.5521813169154945
hNHE1cdt,3,9605,756,2.6547846663626578,7.047881624754289,53.50349,0.05566178031354175
hNHE1cdt,3,9605,757,3.362427323245111,11.305917504105281,24.757786,0.5047045482869676
hNHE1cdt,3,9605,758,3.0988906218002756,9.603123085881698,40.82418,0.26278216160628937
hNHE1cdt,3,9605,759,3.7311343619056343,13.921363626592964,46.863052,0.3190973282640365
hNHE1cdt,3,9605,760,3.7334343823173652,13.938532287069446,56.389084,0.5076008600743365
hNHE1cdt,3,9605,761,3.3217264958487402,11.033866913223548,67.965706,0.26312202821210484
hNHE1cdt,3,9605,762,2.662888088182703,7.09097297018533,53.175053,0.2423566023884082
hNHE1cdt,3,9605,763,2.3665854093349212,5.600726499676935,23.609322,0.17217787329165202
hNHE1cdt,3,9605,764,2.786467808404111,7.764402847272407,29.513441,0.1669124950430603
hNHE1cdt,3,9605,765,3.2626978152776926,10.64519703381783,60.719833,0.4836450637562777
hNHE1cdt,3,9605,766,3.3970953962043215,11.540257130912595,51.596146,0.5187194346415513
hNHE1cdt,3,9605,767,3.4337201674606987,11.790434188426328,44.438107,0.3019467304513419
hNHE1cdt,3,9605,768,2.622115724711961,6.875490873781732,67.6327,0.3079590786602262
hNHE1cdt,3,9605,769,3.5776990520425205,12.799930506985952,50.750824,0.5861686932629219
hNHE1cdt,3,9605,770,2.458157997736887,6.0425407418378185,10.723458,0.2299131227545403
hNHE1cdt,3,9605,771,2.6623816167022745,7.088275872954216,3.942963,0.28720527254674183
hNHE1cdt,3,9605,772,2.625304059736854,6.8922214060708065,17.167992,0.15968737418497156
hNHE1cdt,3,9605,773,2.5448862693905485,6.476446124132544,31.009048,0.14486343484315228
hNHE1cdt,3,9605,774,3.4248638981103894,11.729692720579894,111.28485,0.5320431059286355
hNHE1cdt,3,9605,775,5.4020588548934825,29.18223987173309,139.94229,0.7190982491051496
hNHE1cdt,3,9605,776,4.0347389580202675,16.27911845936647,107.46181,0.6875282787600703
hNHE1cdt,3,9605,777,3.570910109799094,12.75139901226538,58.215313,0.46824763536344194
hNHE1cdt,3,9605,778,3.2349029372461513,10.464597013403777,68.56676,0.5993053012512958
hNHE1cdt,3,9605,779,3.188782219502268,10.168332043413812,31.217596,0.48413814884219564
hNHE1cdt,3,9605,780,3.292377900031156,10.839752236613567,33.446095,0.3422408911222463
hNHE1cdt,3,9605,781,2.205375124120094,4.863679438087718,18.45442,0.12244961220735001
hNHE1cdt,3,9605,782,2.8190750196663594,7.947183966506884,44.755413,0.36191415164236257
hNHE1cdt,3,9605,783,3.536299151241891,12.505411687074119,51.793804,0.6349338445025337
hNHE1cdt,3,9605,784,2.5626670307801898,6.567262310647756,10.808572,0.43194150248296026
hNHE1cdt,3,9605,785,3.870706912637819,14.982372003542194,178.08908,0.740177433827033
hNHE1cdt,3,9605,786,4.003781138447392,16.030263404587096,84.77948,0.4605217273558659
hNHE1cdt,3,9605,787,3.685736983575868,13.58465711209894,85.4045,0.6547747651887904
hNHE1cdt,3,9605,788,4.887519432806456,23.887846206060736,282.18182,0.8020949764398915
hNHE1cdt,3,9605,789,5.031202527728951,25.312998875026185,287.45557,0.7585682006417389
hNHE1cdt,3,9605,790,2.6992292296722438,7.285838434317014,66.40723,0.22384773288635743
hNHE1cdt,3,9605,791,3.1398407597810887,9.858599996782683,60.298313,0.30410896511263
hNHE1cdt,3,9605,792,3.434905643151712,11.798576777355475,136.79286,0.4454931837358609
hNHE1cdt,3,9605,793,3.125964471921729,9.771653879716892,38.74582,0.5271603366981774
hNHE1cdt,3,9605,794,2.366855530423295,5.602005101895338,30.858353,0.11280686827298506
hNHE1cdt,3,9605,795,3.69049450396537,13.619749683798604,108.56137,0.4863979830919618
hNHE1cdt,3,9605,796,3.786068436361671,14.334314204814104,65.76273,0.6348218324619367
hNHE1cdt,3,9605,797,4.112946762992427,16.91633107520988,81.722916,0.1990528501226602
hNHE1cdt,3,9605,798,3.822859607991772,14.614255582414998,102.329346,0.7102799570085196
hNHE1cdt,3,9605,799,2.6373093034869592,6.955400362258871,48.380905,0.32374214754244224
hNHE1cdt,3,9605,800,3.73901390800297,13.980225004239644,36.10416,0.5706264035155765
hNHE1cdt,3,9605,801,2.8187701418892774,7.945465112806497,90.278915,0.6206305096183613
hNHE1cdt,3,9605,802,4.517807863766252,20.410587893908186,182.11533,0.6686925570912194
hNHE1cdt,3,9605,803,5.0644374514290815,25.6485266994375,74.43821,0.42802815442061193
hNHE1cdt,3,9605,804,3.045992705247558,9.278071560421335,75.04576,0.24471486304638262
hNHE1cdt,3,9605,805,2.9836833850535793,8.902366542244787,20.091074,0.253411219601506
hNHE1cdt,3,9605,806,4.472689304020987,20.004949610303747,130.44917,0.7402115881190492
hNHE1cdt,3,9605,807,4.186647242242641,17.52801513097791,96.77976,0.6226641092005643
hNHE1cdt,3,9605,808,3.3565605994746095,11.266499057945355,39.075607,0.379531786884388
hNHE1cdt,3,9605,809,3.313687749720305,10.980526502646425,17.896666,0.6299880212561053
hNHE1cdt,3,9605,810,3.972407694951328,15.780022894908523,147.74567,0.5113929629360796
hNHE1cdt,3,9605,811,3.1431821030200764,9.879593732745708,50.212242,0.3382713843254789
hNHE1cdt,3,9605,812,3.084432766881258,9.513725493410774,79.686264,0.45762028431629975
hNHE1cdt,3,9605,813,3.4714918729021123,12.05125582362542,119.82981,0.4801712051236253
hNHE1cdt,3,9605,814,2.885879662389413,8.328301425792834,90.50251,0.29759580387649
hNHE1cdt,3,9605,815,2.6704832168429973,7.13148061144012,54.69715,0.327396400095089
hNHE1cdt,3,9605,816,3.261028594509853,10.63430749421091,14.242851,0.2519532123899782
hNHE1cdt,3,9605,817,3.248000042748035,10.549504277691241,61.698025,0.3471850176699705
hNHE1cdt,3,9605,818,3.4958414268635822,12.220907281775604,115.74585,0.47751624306608137
hNHE1cdt,3,9605,819,2.5058913767471105,6.279491592055528,34.73829,0.16355007302033198
hNHE1cdt,3,9605,820,2.647758576080414,7.010625477207382,2.9343195,0.21499427082860323
hNHE1cdt,3,9605,821,2.6443968041316457,6.992834457701663,32.948223,0.19099521786158452
hNHE1cdt,3,9605,822,4.541811038262624,20.628047507284215,165.5589,0.6097794179990814
hNHE1cdt,3,9605,823,3.660731030905049,13.400951680631147,43.7267,0.4337209097984357
hNHE1cdt,3,9605,824,3.3276574314056737,11.073303980789406,98.17713,0.4051270553787366
hNHE1cdt,3,9605,825,3.610912414586683,13.03868846581623,51.315216,0.4493789004581492
hNHE1cdt,3,9605,826,2.6535908263003614,7.041544273425435,64.89831,0.4749016280012843
hNHE1cdt,3,9605,827,3.9662384117937393,15.731047139188123,112.05699,0.5830379007770194
hNHE1cdt,3,9605,828,2.675505124009007,7.158327668598453,21.597488,0.1338582757927433
hNHE1cdt,3,9605,829,2.866234409203182,8.215299688500318,66.28193,0.1596297551559638
hNHE1cdt,3,9605,830,3.896916234407357,15.185956137987615,91.31395,0.6570330547985059
hNHE1cdt,3,9605,831,4.316254435864265,18.63005235511795,136.13504,0.7218400813979572
hNHE1cdt,3,9605,832,4.143899781040145,17.171905395304563,88.85355,0.5547644404556626
hNHE1cdt,3,9605,833,3.1838247055820608,10.136739755874697,61.293983,0.224064500022021
hNHE1cdt,3,9605,834,3.9678054095010524,15.743479767665814,67.583595,0.7434441121307566
hNHE1cdt,3,9605,835,2.924450693077722,8.552411856242767,59.15289,0.3628239806281316
hNHE1cdt,3,9605,836,3.4110142626525963,11.635018300019432,71.5108,0.45601564774549724
hNHE1cdt,3,9605,837,3.1653618570369884,10.019515685984649,24.378517,0.5196722686930804
hNHE1cdt,3,9605,838,3.9756568093962996,15.805847066099167,121.832794,0.7241453921108221
hNHE1cdt,3,9605,839,4.032752372864883,16.263091700847344,54.606174,0.48772027495192694
hNHE1cdt,3,9605,840,4.007901683767458,16.063275906746032,157.38588,0.4720810081670824
hNHE1cdt,3,9605,841,3.6076091749279304,13.014843959024182,66.19928,0.4069884009584158
hNHE1cdt,3,9605,842,2.775075562885477,7.701044379724147,56.685112,0.2332781917009848
hNHE1cdt,3,9605,843,2.770231832715488,7.674184406990213,46.813522,0.41052209060739164
hNHE1cdt,3,9605,844,4.792994324298171,22.97279459275449,183.2019,0.5116313369171184
hNHE1cdt,3,9605,845,2.378684355001245,5.6581392607276895,22.763655,0.19958236212169983
hNHE1cdt,3,9605,846,3.104883115827493,9.640299162950637,59.37574,0.2277739792997525
hNHE1cdt,3,9605,847,4.621329070450333,21.35668237738934,194.0406,0.5108983723378768
hNHE1cdt,3,9605,848,3.7285930134667575,13.902405860073117,153.00467,0.6048374071902569
hNHE1cdt,3,9605,849,3.9052938958850394,15.25132041323695,141.12311,0.5661770674527749
hNHE1cdt,3,9605,850,3.6652531300494227,13.43408050733709,84.21167,0.40946079133976643
hNHE1cdt,3,9605,851,4.256911367840909,18.121294393653162,99.45948,0.5716912627508418
hNHE1cdt,3,9605,852,3.9553239670172817,15.644587684061326,123.14964,0.5279814098301622
hNHE1cdt,3,9605,853,3.1457704748287147,9.895871880304078,67.353485,0.4851898528248702
hNHE1cdt,3,9605,854,2.4337264774510845,5.923024567046465,8.780695,0.29837212840191685
hNHE1cdt,3,9605,855,2.726129056613033,7.431779633309868,35.065613,0.3768564202723793
hNHE1cdt,3,9605,856,3.132250215298962,9.810991411240394,33.128628,0.23179322073139622
hNHE1cdt,3,9605,857,2.681202203305193,7.188845255008621,14.141148,0.16191048224789747
hNHE1cdt,3,9605,858,2.515371090336788,6.3270917221020815,16.766628,0.1523426684921393
hNHE1cdt,3,9605,859,3.079035251032552,9.480458077101092,40.821175,0.6349695718811701
hNHE1cdt,3,9605,860,4.25710290172944,18.12292511591322,65.870995,0.7008312240287726
hNHE1cdt,3,9605,861,2.8007184939667527,7.844024082447394,34.533924,0.4023609894044936
hNHE1cdt,3,9605,862,3.4518499806332303,11.91526828879763,31.842422,0.6555160114447299
hNHE1cdt,3,9605,863,2.6023070787584364,6.77200213215627,27.372173,0.19039074167066827
hNHE1cdt,3,9605,864,3.0210262970000343,9.12659988716574,11.03756,0.2028086518685012
hNHE1cdt,3,9605,865,3.037532731651358,9.226605095853358,17.34116,0.11942367677836621
hNHE1cdt,3,9605,866,2.8425732667688193,8.080222776948755,54.27006,0.23026131418097898
hNHE1cdt,3,9605,867,2.5876105160059244,6.695728182544446,58.20791,0.2518015941389184
hNHE1cdt,3,9605,868,2.3166095902983512,5.366679993862295,7.503763,0.09453526751463387
hNHE1cdt,3,9605,869,3.00202681346564,9.012164988766663,38.979073,0.1359442714132065
hNHE1cdt,3,9605,870,4.349039784333635,18.914147045716746,25.439169,0.7146736474151241
hNHE1cdt,3,9605,871,5.6412230922311135,31.823397976321573,190.51044,0.8234918033244203
hNHE1cdt,3,9605,872,3.989984534047724,15.919976581940036,121.76068,0.4302593095775842
hNHE1cdt,3,9605,873,2.2154539178111996,4.908236061944994,42.997974,0.3201032794588559
hNHE1cdt,3,9605,874,3.464846613803191,12.005162057183442,100.349014,0.6689800789738936
hNHE1cdt,3,9605,875,4.0650804431220955,16.52487900905373,104.431,0.7893735883259609
hNHE1cdt,3,9605,876,2.893023334444106,8.369584013638093,26.241274,0.3301479747568791
hNHE1cdt,3,9605,877,3.0425133535430877,9.256887506488006,91.19367,0.3414648830535139
hNHE1cdt,3,9605,878,3.5424746470995725,12.549126625343245,64.20409,0.27074483706775815
hNHE1cdt,3,9605,879,2.1208501644255824,4.498005419944019,24.48769,0.18345748312896495
hNHE1cdt,3,9605,880,3.739512873394399,13.983956530282434,93.55036,0.4871911013219587
hNHE1cdt,3,9605,881,4.243666731452442,18.00870732763625,140.16972,0.5722697655818009
hNHE1cdt,3,9605,882,2.892537743896217,8.366774599864216,62.90647,0.26235216198247013
hNHE1cdt,3,9605,883,2.277497940202437,5.186996867626346,13.413364,0.2543392152711401
hNHE1cdt,3,9605,884,3.107152601221319,9.654397287276408,30.243366,0.31930934832394653
hNHE1cdt,3,9605,885,3.928095863187771,15.429937110392876,52.480362,0.549745063323962
hNHE1cdt,3,9605,886,3.0824579418829114,9.501546963477034,44.97514,0.1659149987434137
hNHE1cdt,3,9605,887,2.8816875632358507,8.304123212108177,2.3528574,0.5382549785114946
hNHE1cdt,3,9605,888,2.9681505244560094,8.80991753582848,74.33182,0.39393967575829253
hNHE1cdt,3,9605,889,3.4104937834241755,11.631467846774946,35.92157,0.5554250662793787
hNHE1cdt,3,9605,890,2.7954479731289084,7.814529370470522,26.194456,0.24902268169890684
hNHE1cdt,3,9605,891,3.2565920780398145,10.605391962751677,82.59526,0.41017346826754264
hNHE1cdt,3,9605,892,4.050496014883029,16.4065179665833,153.21103,0.49506255846395386
hNHE1cdt,3,9605,893,5.246640570542793,27.52723727646561,255.57202,0.8052681473569989
hNHE1cdt,3,9605,894,3.5761332180301855,12.78872879309893,110.68951,0.5390204468809775
hNHE1cdt,3,9605,895,3.302630047967968,10.907365233740903,22.971388,0.5444357566191609
hNHE1cdt,3,9605,896,3.5978256991175432,12.944349761230635,56.30409,0.5269748507336338
hNHE1cdt,3,9605,897,2.74482640472018,7.534071992049109,63.09444,0.10542663424476861
hNHE1cdt,3,9605,898,3.0550630068044,9.333409975544743,30.21136,0.5897911596914243
hNHE1cdt,3,9605,899,2.427850965652469,5.8944603114196275,40.49503,0.21463007804046347
hNHE1cdt,3,9605,900,3.8524584625723146,14.841436205845046,102.102394,0.7056940438843974
hNHE1cdt,3,9605,901,2.8766129507406064,8.27490206836858,38.72815,0.1871769641247532
hNHE1cdt,3,9605,902,4.817364927932505,23.20700484887415,229.77783,0.7163823285536174
hNHE1cdt,3,9605,903,4.452608720162101,19.825724414863583,109.920166,0.45547509527129837
hNHE1cdt,3,9605,904,2.6941804097311866,7.258608080179306,41.256752,0.2501314659737416
hNHE1cdt,3,9605,905,2.5938157590620174,6.72788019195847,17.866953,0.23428866874050097
hNHE1cdt,3,9605,906,3.486299695439943,12.15428556642464,60.27253,0.36932947719371095
hNHE1cdt,3,9605,907,4.886054940323735,23.87353287986197,143.06917,0.6418686909007655
hNHE1cdt,3,9605,908,2.291668811128801,5.251745939900493,1.7843984,0.22598724700383607
hNHE1cdt,3,9605,909,3.421911247509342,11.709476585830942,115.57626,0.6086334580427355
hNHE1cdt,3,9605,910,4.077111480178829,16.622838021805993,117.75132,0.6023962894538276
hNHE1cdt,3,9605,911,3.0881385931208896,9.536599970322666,15.136995,0.4726940484119735
hNHE1cdt,3,9605,912,3.2130807233671077,10.323887734873297,40.52767,0.13513831136852006
hNHE1cdt,3,9605,913,3.009254311639042,9.055611512118166,13.656118,0.40799135356766014
hNHE1cdt,3,9605,914,2.7735713942690157,7.692698279107374,28.540346,0.1733484874479734
hNHE1cdt,3,9605,915,4.977514879325378,24.77565437390553,169.68655,0.7416778947668732
hNHE1cdt,3,9605,916,3.1505326707391683,9.925856109394879,20.825972,0.45639925269732506
hNHE1cdt,3,9605,917,3.0979732195833987,9.597438069255931,14.472059,0.2403006530352525
hNHE1cdt,3,9605,918,3.715152205691549,13.802355911454786,98.6465,0.6721396524241507
hNHE1cdt,3,9605,919,4.826691425636104,23.2969501183091,229.73184,0.6904793522204288
hNHE1cdt,3,9605,920,4.145216461445161,17.18281951223594,109.77053,0.6156027744348682
hNHE1cdt,3,9605,921,3.6185243240357905,13.09371828363868,37.652008,0.4755633834276785
hNHE1cdt,3,9605,922,3.854855280742909,14.859909235471491,88.94222,0.2563712242556765
hNHE1cdt,3,9605,923,3.2047792473890495,10.270610024495525,98.51742,0.4735498653761733
hNHE1cdt,3,9605,924,3.8157343954000846,14.559828976239254,88.94878,0.3642673742493439
hNHE1cdt,3,9605,925,2.8867247711108246,8.333179904144842,9.950369,0.36572439609410545
hNHE1cdt,3,9605,926,2.9045358388901703,8.436328439397426,48.646378,0.3369398098831507
hNHE1cdt,3,9605,927,4.2007016239504615,17.645894133460054,126.33699,0.7883727684313104
hNHE1cdt,3,9605,928,3.37246199355753,11.373499897990028,42.574417,0.23777200108405316
hNHE1cdt,3,9605,929,3.8160751708939658,14.562429709913413,135.44626,0.5003221772861052
hNHE1cdt,3,9605,930,3.943177793677796,15.548651112553685,153.74294,0.6984784878874513
hNHE1cdt,3,9605,931,2.6954272535100143,7.265328078964539,32.463005,0.4108275665260197
hNHE1cdt,3,9605,932,3.1456334520510336,9.895009814662503,84.60232,0.16645255639520307
hNHE1cdt,3,9605,933,2.9050076898167516,8.43906967789446,45.998802,0.3636178221046697
hNHE1cdt,3,9605,934,3.6715483592382823,13.480267354225322,80.58656,0.6039217445664257
hNHE1cdt,3,9605,935,2.9843267796614548,8.906206327804508,85.73617,0.4053810954673625
hNHE1cdt,3,9605,936,2.4157992741309178,5.836086132891468,32.231007,0.11481896464068522
hNHE1cdt,3,9605,937,2.4928131076799334,6.214117189820886,14.259726,0.4189799913667911
hNHE1cdt,3,9605,938,2.210415290906937,4.8859357582752,34.58468,0.2009252210273933
hNHE1cdt,3,9605,939,3.5322645527891776,12.476892870890929,54.451393,0.6253387378011697
hNHE1cdt,3,9605,940,2.719003203414012,7.392978420175661,24.905807,0.57452947300715
hNHE1cdt,3,9605,941,3.1027395052797972,9.626992437623917,38.61953,0.18696327631677817
hNHE1cdt,3,9605,942,2.7048288432918928,7.316099071503759,73.219185,0.28118422710297586
hNHE1cdt,3,9605,943,3.087363769070706,9.531815042570475,44.172203,0.4246422739140714
hNHE1cdt,3,9605,944,3.099797499475618,9.60874453775529,37.411602,0.5271920247437534
hNHE1cdt,3,9605,945,2.4586342809975803,6.044882527696489,24.987417,0.29723476474207383
hNHE1cdt,3,9605,946,4.511663979617271,20.355111864975957,126.19189,0.31981247032949234
hNHE1cdt,3,9605,947,2.3795706719996446,5.662356583040843,23.678642,0.3630534645425718
hNHE1cdt,3,9605,948,2.250143171695426,5.063144293127551,64.19393,0.19752243533880925
hNHE1cdt,3,9605,949,2.8335221039570397,8.02884751361313,8.121838,0.3235700711742717
hNHE1cdt,3,9605,950,3.5345582498156505,12.493102021339874,44.105972,0.5194917202713263
hNHE1cdt,3,9605,951,2.496046739449606,6.230249325517011,16.915207,0.2888670732045339
hNHE1cdt,3,9605,952,3.0345430670144067,9.208451625565198,8.7866745,0.4629267784347628
hNHE1cdt,3,9605,953,4.511654224402217,20.35502384056637,150.77682,0.5608687188150523
hNHE1cdt,3,9605,954,3.9937825993982203,15.950299451256006,115.71089,0.5651269359923862
hNHE1cdt,3,9605,955,4.8780631242709775,23.795499844372323,268.90225,0.7218081689163848
hNHE1cdt,3,9605,956,4.779581624750647,22.844400507654036,206.26663,0.7679599800100464
hNHE1cdt,3,9605,957,3.351431903474885,11.232095803629292,81.771095,0.40826614101619413
hNHE1cdt,3,9605,958,3.392369452333851,11.508170501127873,105.31739,0.5603095862368308
hNHE1cdt,3,9605,959,4.757358173669065,22.632456792575855,224.93988,0.6561653300989954
hNHE1cdt,3,9605,960,3.330134264354384,11.089794218627112,65.164764,0.6521871579386632
hNHE1cdt,3,9605,961,5.566963924891206,30.991087341040092,135.08008,0.6990172076751519
hNHE1cdt,3,9605,962,4.109330508666482,16.886597229457127,120.58075,0.6735404446410038
hNHE1cdt,3,9605,963,4.21106489492009,17.733067549228352,85.06161,0.4862729386495602
hNHE1cdt,3,9605,964,3.8237171098133675,14.620812535879493,147.01622,0.6502637810712226
hNHE1cdt,3,9605,965,4.0239607421445145,16.19226005432023,93.35794,0.37072834314120867
hNHE1cdt,3,9605,966,3.0063441900150276,9.03810538883711,53.59619,0.38235475253326495
hNHE1cdt,3,9605,967,3.4134121083785294,11.651382221625155,33.041878,0.23457202583736472
hNHE1cdt,3,9605,968,2.018958376215587,4.076192924891081,11.97164,0.11916702201059531
hNHE1cdt,3,9605,969,3.026545709366003,9.159978930881763,78.19205,0.20470831268368112
hNHE1cdt,3,9605,970,2.302908558582488,5.303387829192474,10.61667,0.08876839500432113
hNHE1cdt,3,9605,971,3.3628361445711605,11.308666935234227,22.630661,0.3771818529000307
hNHE1cdt,3,9605,972,3.461443696258816,11.981592462369893,96.611046,0.34077771424600023
hNHE1cdt,3,9605,973,3.7512397841995297,14.071799918561334,56.226585,0.44984930224498415
hNHE1cdt,3,9605,974,2.9710921656746074,8.827388656933026,24.461004,0.36644814213323473
hNHE1cdt,3,9605,975,2.952634368917934,8.71804971651541,27.08029,0.19461386175850848
hNHE1cdt,3,9605,976,3.045812786009857,9.27697552742113,39.461082,0.5070334788425113
hNHE1cdt,3,9605,977,3.562121981609618,12.688713011866433,111.580696,0.64135231258118
hNHE1cdt,3,9605,978,3.052456277882156,9.317489328382184,43.18949,0.19252034533474688
hNHE1cdt,3,9605,979,3.057796075603039,9.350116839973348,79.5344,0.24447525139742032
hNHE1cdt,3,9605,980,3.7947913301839344,14.400441239639152,176.16142,0.4803318237446787
hNHE1cdt,3,9605,981,3.861680407546998,14.912575570032352,42.212494,0.5277752760810647
hNHE1cdt,3,9605,982,4.12051192242263,16.978618502827047,78.339584,0.5884841973558946
hNHE1cdt,3,9605,983,3.0114827025874376,9.069028067983336,68.225044,0.25864231560085443
hNHE1cdt,3,9605,984,2.7206899165542215,7.402153622039816,35.04904,0.2443965344947851
hNHE1cdt,3,9605,985,2.982191373015811,8.893465385289927,42.67695,0.20946986593102385
hNHE1cdt,3,9605,986,4.006356360620388,16.05089128828344,136.26573,0.767914218778865
hNHE1cdt,3,9605,987,3.5671298394457085,12.724415291463965,48.61623,0.7258109504440039
hNHE1cdt,3,9605,988,3.9726064213007155,15.781601778559676,142.06992,0.5482054965173131
hNHE1cdt,3,9605,989,3.477145833787841,12.09054314942814,132.15652,0.40036446743637444
hNHE1cdt,3,9605,990,3.025141676154178,9.15148216080491,54.474365,0.2674512535576918
hNHE1cdt,3,9605,991,2.196550682842795,4.824834902297148,24.016449,0.17979024325772247
hNHE1cdt,3,9605,992,3.5364017965330348,12.506137666522076,43.571793,0.5056986151662894
hNHE1cdt,3,9605,993,3.778460021414269,14.276760133425917,88.970406,0.2712261090224656
hNHE1cdt,3,9605,994,3.3731753870206687,11.378312191602037,81.41824,0.34155700371185793
hNHE1cdt,3,9605,995,2.6746780492028135,7.1539026668873715,23.16926,0.24691629341419255
hNHE1cdt,3,9605,996,4.062877220898455,16.50697131209557,87.70734,0.6023429810857189
hNHE1cdt,3,9605,997,4.539261464311564,20.604894641383968,130.37527,0.6823045273006368
hNHE1cdt,3,9605,998,3.626352328247563,13.150431208586522,39.30217,0.5939905259255813
hNHE1cdt,3,9605,999,2.630776294077089,6.92098390947798,50.4996,0.43894035475331195
hNHE1cdt,3,9605,1000,3.514331525567081,12.350526071594649,58.898987,0.49423425290166706
hNHE1cdt,3,9605,1001,4.071874143090546,16.58015903716937,143.28986,0.5548608375409089
hNHE1cdt,3,9605,1002,3.323270945566677,11.044129777647635,34.73211,0.6648986673788151
hNHE1cdt,3,9605,1003,2.862395632867496,8.193308759058912,36.905155,0.14295770726263557
hNHE1cdt,3,9605,1004,3.938073262625047,15.508421021802283,143.52094,0.3802872908245457
hNHE1cdt,3,9605,1005,3.63262572643849,13.195969668382766,94.3652,0.7378043080814508
hNHE1cdt,3,9605,1006,4.069682827454607,16.562318316078926,104.190216,0.7375992659446644
hNHE1cdt,3,9605,1007,3.1985154905257205,10.230501343132989,52.330093,0.19462594437081487
hNHE1cdt,3,9605,1008,3.242994594027086,10.517013936888908,25.539768,0.23983764268008134
hNHE1cdt,3,9605,1009,2.4836004388318145,6.168271139765582,11.925419,0.2794323319756946
hNHE1cdt,3,9605,1010,3.6153718936674863,13.070913929520827,97.402725,0.5673569783874257
hNHE1cdt,3,9605,1011,3.4332131280979588,11.786952382944166,87.79513,0.5379476251788862
hNHE1cdt,3,9605,1012,2.929657722539612,8.582894371235986,44.088135,0.497298766739955
hNHE1cdt,3,9605,1013,2.2785212472876117,5.191659074341095,9.615945,0.3227784871770428
hNHE1cdt,3,9605,1014,2.6185320675797046,6.856710188943245,21.778866,0.250972908803705
hNHE1cdt,3,9605,1015,3.2431918669315674,10.518293485731068,93.97758,0.23036665576912463
hNHE1cdt,3,9605,1016,3.0659955828113574,9.400328913818756,49.62302,0.29559089227187907
hNHE1cdt,3,9605,1017,2.5219924356585293,6.360445845518843,54.411137,0.22067541679620312
hNHE1cdt,3,9605,1018,4.023803740046315,16.190996538410715,85.447716,0.7858328194799953
hNHE1cdt,3,9605,1019,2.9764074864007197,8.859001525102249,16.93665,0.39684477917689626
hNHE1cdt,3,9605,1020,2.7253450949660265,7.427505886655379,55.81535,0.23133700178338212
hNHE1cdt,3,9605,1021,3.0094214631282017,9.056617542736685,64.751434,0.4551417503858466
hNHE1cdt,3,9605,1022,3.83310907065692,14.692725147552357,143.54602,0.5972552263834634
hNHE1cdt,3,9605,1023,3.487944964973901,12.165760078686784,80.5464,0.6469740777238014
hNHE1cdt,3,9605,1024,3.5834039143786107,12.84078361358395,48.753746,0.4877643236434399
hNHE1cdt,3,9605,1025,2.963919730575158,8.784820169292715,28.36977,0.29351578663096584
hNHE1cdt,3,9605,1026,2.391228340848676,5.717972978077912,8.492792,0.290122972238799
hNHE1cdt,3,9605,1027,5.300853353123055,28.099046271315945,187.0914,0.653532217513147
hNHE1cdt,3,9605,1028,3.853013985116467,14.845716769503074,104.86344,0.6143800469597736
hNHE1cdt,3,9605,1029,4.02005423768805,16.160836073953647,152.72513,0.43373910103533897
hNHE1cdt,3,9605,1030,3.2153813714926316,10.338677364141835,51.722866,0.4356126201509172
hNHE1cdt,3,9605,1031,3.4408925296865442,11.839741400852665,76.38664,0.25611692038986544
hNHE1cdt,3,9605,1032,2.744340028599314,7.531402192572478,6.172662,0.15775450724552606
hNHE1cdt,3,9605,1033,2.6981934868421926,7.280248092437629,44.19637,0.27139003604642525
hNHE1cdt,3,9605,1034,3.0400245661605383,9.241749362859569,42.490547,0.30655585401372387
hNHE1cdt,3,9605,1035,3.2457758562278154,10.535060908871408,46.6631,0.5692751084547566
hNHE1cdt,3,9605,1036,3.547045222494125,12.581529810418393,43.739662,0.4878490170518245
hNHE1cdt,3,9605,1037,2.8797351862748477,8.292874743069431,48.825375,0.45812892248675696
hNHE1cdt,3,9605,1038,4.393392092881229,19.301894081791314,104.38748,0.7403573998928663
hNHE1cdt,3,9605,1039,3.243554749237763,10.520647411302845,50.281452,0.4230296474128664
hNHE1cdt,3,9605,1040,2.4050393972112034,5.7842145021380285,4.9932547,0.10527382630719226
hNHE1cdt,3,9605,1041,3.184327811671524,10.139943612184759,86.60094,0.5684092366618172
hNHE1cdt,3,9605,1042,2.785703770354705,7.760145496168421,45.345345,0.2851530298431613
hNHE1cdt,3,9605,1043,3.2170488007078495,10.34940298613581,8.544772,0.49164079392252547
hNHE1cdt,3,9605,1044,3.3436843999215675,11.180225366278854,67.543564,0.4245187526736318
hNHE1cdt,3,9605,1045,3.7107154978147117,13.769409505722285,37.201157,0.25795114167238276
hNHE1cdt,3,9605,1046,2.5396766455135458,6.449957463766938,8.624358,0.10210238316115766
hNHE1cdt,3,9605,1047,2.8739720871918144,8.259715557957675,33.109634,0.13117909852418563
hNHE1cdt,3,9605,1048,3.2931066337507797,10.844551301253391,99.27468,0.4442854509541408
hNHE1cdt,3,9605,1049,3.487439376050738,12.16223340162916,40.37945,0.2582118856555312
hNHE1cdt,3,9605,1050,3.262831122512456,10.646066934035893,75.4392,0.397133471345539
hNHE1cdt,3,9605,1051,3.102197215141038,9.62362756162881,57.004322,0.6064292900862294
hNHE1cdt,3,9605,1052,3.2344887717953585,10.461917614870247,125.804565,0.3759429824518091
hNHE1cdt,3,9605,1053,3.9628978936342127,15.704559715370479,22.385485,0.3383614686001219
hNHE1cdt,3,9605,1054,3.2601139149165457,10.628342738232485,54.632923,0.29537108397250905
hNHE1cdt,3,9605,1055,2.8192421799933585,7.948126469453704,40.918266,0.3228480410632864
hNHE1cdt,3,9605,1056,2.2774241583035457,5.186660796824613,14.3347435,0.09893464523890158
hNHE1cdt,3,9605,1057,2.435947950552166,5.9338424177992986,17.470732,0.08854267215580588
hNHE1cdt,3,9605,1058,3.178505033194614,10.102894246043498,9.168858,0.48886111602478755
hNHE1cdt,3,9605,1059,2.870025608167799,8.237046991538945,32.411736,0.49020619297879287
hNHE1cdt,3,9605,1060,3.1437209205658965,9.882981226403688,61.86065,0.2899938948327154
hNHE1cdt,3,9605,1061,2.4809273506677596,6.15500051929135,25.763826,0.09747232766885916
hNHE1cdt,3,9605,1062,2.7930998450702766,7.801406744531606,15.530558,0.25065924283496915
hNHE1cdt,3,9605,1063,3.1071520104905455,9.654393616295438,11.231673,0.43047435313915117
hNHE1cdt,3,9605,1064,2.700006229413031,7.290033638869173,37.804718,0.28183095614145703
hNHE1cdt,3,9605,1065,4.416468304524298,19.505192284867732,224.16379,0.7231781046634493
hNHE1cdt,3,9605,1066,3.135269471242752,9.829914657306805,67.68804,0.4713084070658887
hNHE1cdt,3,9605,1067,3.146524488390581,9.900616356041608,50.831074,0.20190863409513876
hNHE1cdt,3,9605,1068,2.870329787954181,8.23879309161709,65.08819,0.42080420101194205
hNHE1cdt,3,9605,1069,3.5758714138477123,12.786856368373234,68.197044,0.8122325309001621
hNHE1cdt,3,9605,1070,3.3631467706607436,11.31075620100579,71.53752,0.37747398231178386
hNHE1cdt,3,9605,1071,3.7381570397378128,13.97381805374137,117.65724,0.4889230841030323
hNHE1cdt,3,9605,1072,2.4752907528372523,6.127064311081613,17.918743,0.3555521651089067
hNHE1cdt,3,9605,1073,4.223404628440868,17.837146655535747,120.11455,0.657275528278765
hNHE1cdt,3,9605,1074,4.1010781162896786,16.8188417159101,108.35613,0.7306565198519763
hNHE1cdt,3,9605,1075,2.58320224742883,6.672933851121356,11.25684,0.38214497895229516
hNHE1cdt,3,9605,1076,2.771351503178748,7.680389154171107,71.05913,0.08085856204340275
hNHE1cdt,3,9605,1077,4.66755106891777,21.78603298095542,188.56664,0.5848038595723373
hNHE1cdt,3,9605,1078,3.907410244149207,15.267854816082169,139.5937,0.707007910053067
hNHE1cdt,3,9605,1079,2.8895348601456066,8.34941170799669,18.22813,0.3583798530782304
hNHE1cdt,3,9605,1080,3.0308119358277428,9.18582099035591,20.000214,0.17721888577812422
hNHE1cdt,3,9605,1081,2.388131805152815,5.703173518782443,81.13089,0.20405411984277566
hNHE1cdt,3,9605,1082,2.7336965957974306,7.47309707787446,7.3123837,0.28340116647575847
hNHE1cdt,3,9605,1083,2.994746795416556,8.968508368657732,7.7781467,0.14225475480146024
hNHE1cdt,3,9605,1084,2.639670679481329,6.967861296113422,22.942799,0.177151740853962
hNHE1cdt,3,9605,1085,2.6217795335590774,6.873727922589253,23.515472,0.23493681546584877
hNHE1cdt,3,9605,1086,3.1556375249827693,9.958048189079374,26.87445,0.09982008850666915
hNHE1cdt,3,9605,1087,2.6347516588255266,6.941916303683865,16.495014,0.2838810210796816
hNHE1cdt,3,9605,1088,3.718701087895425,13.828737781114617,55.463696,0.7224427350549302
hNHE1cdt,3,9605,1089,3.3014414190261543,10.899515443261427,77.88838,0.4974910466816105
hNHE1cdt,3,9605,1090,4.023114095416075,16.185447024735502,62.45536,0.33240987278960915
hNHE1cdt,3,9605,1091,3.839180121540083,14.739304005628528,110.62843,0.4474473416913882
hNHE1cdt,3,9605,1092,3.9047788074841474,15.24729753537732,128.15237,0.5659138026236887
hNHE1cdt,3,9605,1093,2.2458730373149516,5.043945699738286,4.8097897,0.09405260355132111
hNHE1cdt,3,9605,1094,3.0057708403148937,9.034658344487303,8.860181,0.5192756214552556
hNHE1cdt,3,9605,1095,3.153257635917308,9.943033718470812,73.29395,0.4004254579203389
hNHE1cdt,3,9605,1096,3.11434859155023,9.6991671496909,46.927803,0.26756134439471074
hNHE1cdt,3,9605,1097,3.7631895286820165,14.161595428781972,77.95652,0.2656904103735569
hNHE1cdt,3,9605,1098,2.0571887559872124,4.232025577760214,7.250378,0.09397454006628816
hNHE1cdt,3,9605,1099,2.7923136282361716,7.7970153984334525,90.215546,0.41888874627605344
hNHE1cdt,3,9605,1100,2.4516397674607813,6.010537549395156,57.050236,0.39248908493686124
hNHE1cdt,3,9605,1101,3.7970083575253257,14.417272467117172,121.80168,0.4367408839593028
hNHE1cdt,3,9605,1102,3.284511529645062,10.788015988371345,69.60124,0.5615746927964541
hNHE1cdt,3,9605,1103,2.2309945984920168,4.977336898500554,20.52072,0.1364431606470957
hNHE1cdt,3,9605,1104,2.503223524973341,6.266128015979956,1.791305,0.20452239623980756
hNHE1cdt,3,9605,1105,2.783171674782685,7.746044571312655,56.044704,0.2504167277225357
hNHE1cdt,3,9605,1106,4.0271743293915385,16.21813307931019,42.424694,0.279004513855602
hNHE1cdt,3,9605,1107,3.0299956038516354,9.180873359360238,60.56118,0.21711684624206257
hNHE1cdt,3,9605,1108,3.182283653055809,10.126929248506226,49.309467,0.3403680536330671
hNHE1cdt,3,9605,1109,3.4409701588412323,11.840275634035859,102.48866,0.4729089607468346
hNHE1cdt,3,9605,1110,3.2047443620223715,10.270386425914175,56.96402,0.3328090209551131
hNHE1cdt,3,9605,1111,2.8365212564619418,8.045852838360434,76.34999,0.2580762239331619
hNHE1cdt,3,9605,1112,3.327304989083896,11.070958490382589,71.86286,0.16590871059382808
hNHE1cdt,3,9605,1113,3.5982485452584116,12.94739259345427,145.40672,0.48430501887884864
hNHE1cdt,3,9605,1114,3.5801409049580153,12.817408899353593,109.38855,0.3466370494357158
hNHE1cdt,3,9605,1115,1.9375708333937658,3.7541807344182114,38.198425,0.08405495610194946
hNHE1cdt,3,9605,1116,2.631824196155992,6.926498599472133,67.17558,0.10667742614770032
hNHE1cdt,3,9605,1117,2.5445142635088422,6.474552837199943,45.667393,0.19362310011707318
hNHE1cdt,3,9605,1118,3.009109984890964,9.0547429011705,9.725465,0.38373311690491957
hNHE1cdt,3,9605,1119,2.7269725424092397,7.436379247053912,56.913807,0.12559344824584515
hNHE1cdt,3,9605,1120,3.5811229482715494,12.824441570637113,32.98046,0.35825371026429575
hNHE1cdt,3,9605,1121,2.793904519925238,7.805902466458674,35.938095,0.15321167945340955
hNHE1cdt,3,9605,1122,4.230570184115509,17.897724082727127,171.08688,0.6067521727466434
hNHE1cdt,3,9605,1123,3.3689594109795764,11.349887512827852,45.749107,0.4007944988701983
hNHE1cdt,3,9605,1124,2.9975610207811467,8.985372073306506,72.76643,0.17575461822825666
hNHE1cdt,3,9605,1125,3.101171856645022,9.617266884447133,61.39519,0.32203093854161474
hNHE1cdt,3,9605,1126,4.218989170854594,17.799869623788332,114.91139,0.6528870796732937
hNHE1cdt,3,9605,1127,3.165501883621174,10.0204021752092,102.98145,0.3374769454650749
hNHE1cdt,3,9605,1128,2.696486292176875,7.271038323897795,37.859215,0.17552620561407628
hNHE1cdt,3,9605,1129,3.378285104579665,11.412810247824837,51.341812,0.546842822130936
hNHE1cdt,3,9605,1130,4.3007306559569995,18.496284175088324,80.26437,0.676736974823309
hNHE1cdt,3,9605,1131,3.8619110658013773,14.914357080159128,68.32608,0.6164532600384558
hNHE1cdt,3,9605,1132,4.878000939745506,23.794893168158033,207.90166,0.8514658775184583
hNHE1cdt,3,9605,1133,3.7858423853894574,14.332602567011337,69.69579,0.5747395156762789
hNHE1cdt,3,9605,1134,3.3469031331250365,11.201760582522184,56.48216,0.33439694203666614
hNHE1cdt,3,9605,1135,2.372132564697788,5.627012904499709,32.238403,0.12109862096801077
hNHE1cdt,3,9605,1136,2.6686405242293563,7.121642247559134,9.080238,0.48858573537867983
hNHE1cdt,3,9605,1137,2.928092121510804,8.573723472053642,43.45882,0.31929602569330096
hNHE1cdt,3,9605,1138,2.2359850041358373,4.999628938720338,7.079817,0.2266790422170345
hNHE1cdt,3,9605,1139,2.515238316405233,6.3264237883130345,2.8034306,0.1431627604042324
hNHE1cdt,3,9605,1140,4.0123594563608265,16.09902840704815,108.33603,0.4144180123190411
hNHE1cdt,3,9605,1141,3.7229478767257076,13.860340892816454,89.22574,0.5696690696104001
hNHE1cdt,3,9605,1142,4.121775544106739,16.989033635996407,125.99397,0.329070916856332
hNHE1cdt,3,9605,1143,3.4947256799485396,12.213107578091783,89.24028,0.5955510414665636
hNHE1cdt,3,9605,1144,3.5617618345521906,12.686147366072586,144.97604,0.4566324702317218
hNHE1cdt,3,9605,1145,3.9556602261620384,15.647247824840308,94.21461,0.5868364245300463
hNHE1cdt,3,9605,1146,2.8918347989840805,8.362708504615297,33.35774,0.1620942274119023
hNHE1cdt,3,9605,1147,2.5025380266744155,6.262696574951477,73.634735,0.2906461218884856
hNHE1cdt,3,9605,1148,4.161466672089795,17.317804862914112,63.838432,0.7859194163623755
hNHE1cdt,3,9605,1149,2.915770228894799,8.501716027709227,71.08773,0.2783621264362093
hNHE1cdt,3,9605,1150,3.4774647753811236,12.092761264016488,108.2957,0.5733676756044657
hNHE1cdt,3,9605,1151,3.5285283621473007,12.450512402477916,94.4512,0.4580289433047715
hNHE1cdt,3,9605,1152,2.4617107006384593,6.060019573637893,88.29667,0.21566232502658794
hNHE1cdt,3,9605,1153,3.251648189166474,10.57321594610961,90.36122,0.6300777431738566
hNHE1cdt,3,9605,1154,2.9915383297326255,8.949301578259465,11.005439,0.13053533395454864
hNHE1cdt,3,9605,1155,4.715246140331899,22.23354616391487,177.87103,0.7985782310493488
hNHE1cdt,3,9605,1156,3.7098056454925734,13.76265792732857,85.40056,0.196420151233862
hNHE1cdt,3,9605,1157,2.2583776210597857,5.100269479303657,11.034004,0.114968121203054
hNHE1cdt,3,9605,1158,3.1589677922518473,9.979077512484507,94.40401,0.4864545121714957
hNHE1cdt,3,9605,1159,3.421529172933384,11.70686188123421,83.56904,0.6837467559517934
hNHE1cdt,3,9605,1160,4.007656600662462,16.0613114288334,132.57109,0.4770127810786172
hNHE1cdt,3,9605,1161,4.574148915878253,20.922838304630197,220.53221,0.6613253529736342
hNHE1cdt,3,9605,1162,3.2834858554410857,10.78127936288168,56.638454,0.46349642800853047
hNHE1cdt,3,9605,1163,2.9554384969336693,8.734616709157544,75.05911,0.31988929189517284
hNHE1cdt,3,9605,1164,3.003214047288156,9.019294613828905,40.121914,0.5310510882031415
hNHE1cdt,3,9605,1165,3.935259064872858,15.486263907663997,81.06668,0.6827480077565588
hNHE1cdt,3,9605,1166,3.8751905680272616,15.017101938527452,161.82266,0.6142650838334625
hNHE1cdt,3,9605,1167,3.5594430560597967,12.669634869332306,34.963326,0.4076969397743908
hNHE1cdt,3,9605,1168,3.1418704578955614,9.871349974196864,80.94182,0.6025296307599095
hNHE1cdt,3,9605,1169,3.2311552516815425,10.440364260469215,77.832985,0.5683902712814402
hNHE1cdt,3,9605,1170,3.9886670673567086,15.90946497421597,87.27693,0.5779014363890105
hNHE1cdt,3,9605,1171,3.342932580670404,11.175198238907688,60.043453,0.5444769304997101
hNHE1cdt,3,9605,1172,3.1134495107484064,9.693567855979492,94.5834,0.3097511590633024
hNHE1cdt,3,9605,1173,3.7968268624744703,14.415894223607728,89.03303,0.3226484331019483
hNHE1cdt,3,9605,1174,3.389000810001409,11.485326490190207,73.33133,0.19799223508406566
hNHE1cdt,3,9605,1175,3.7784186511068896,14.276447503032406,43.455597,0.2639033218300689
hNHE1cdt,3,9605,1176,3.0611184821849293,9.370446361974166,57.545334,0.3945567896138295
hNHE1cdt,3,9605,1177,3.9535511967186663,15.630567065075603,131.01465,0.6039681559785912
hNHE1cdt,3,9605,1178,3.2730245641055,10.712689797237998,87.952126,0.28236857780926483
hNHE1cdt,3,9605,1179,3.6962336007928025,13.662142831629728,114.19065,0.43390852591419926
hNHE1cdt,3,9605,1180,3.885268576717337,15.095311913227162,63.521683,0.5145034331186084
hNHE1cdt,3,9605,1181,4.677232017037478,21.876499341200482,119.11171,0.3827541863200523
hNHE1cdt,3,9605,1182,3.221006568063118,10.374883311505746,100.36636,0.5839597113023485
hNHE1cdt,3,9605,1183,4.26715122519108,18.208579578649744,204.45036,0.6670682069242964
hNHE1cdt,3,9605,1184,3.3915262368059365,11.502450214943037,84.912766,0.5880762361501735
hNHE1cdt,3,9605,1185,3.2492784908041155,10.557810710802272,107.42011,0.5757273535451797
hNHE1cdt,3,9605,1186,4.108621042740761,16.880766872852174,140.92369,0.6948953043578818
hNHE1cdt,3,9605,1187,3.832061766600795,14.6846973830436,108.5979,0.534737311430306
hNHE1cdt,3,9605,1188,3.31489763936576,10.988546359472691,40.77256,0.5835825186065866
hNHE1cdt,3,9605,1189,2.668076971385064,7.118634725235295,14.486061,0.3898550451063292
hNHE1cdt,3,9605,1190,2.4696619286391104,6.099230041769451,30.642408,0.37815834141296134
hNHE1cdt,3,9605,1191,2.725548007285756,7.428611940019358,13.710028,0.38604571716637853
hNHE1cdt,3,9605,1192,3.6544453433358353,13.35497076742897,92.837135,0.3397420445525247
hNHE1cdt,3,9605,1193,3.428003307011354,11.751206672880775,80.66095,0.09919583772706489
hNHE1cdt,3,9605,1194,3.343975047599182,11.182169118965952,75.583885,0.48779812154953917
hNHE1cdt,3,9605,1195,4.275060996723487,18.276146525706412,148.2402,0.7067051894426726
hNHE1cdt,3,9605,1196,3.3147568870675634,10.987613220361848,50.35868,0.3780788104893467
hNHE1cdt,3,9605,1197,2.3672108529850684,5.603687222490295,42.876926,0.20896329075969985
hNHE1cdt,3,9605,1198,3.279514001995784,10.755212089286397,37.687885,0.27620674860823585
hNHE1cdt,3,9605,1199,4.663253433326059,21.745932583427276,157.45294,0.44075206475039225
hNHE1cdt,3,9605,1200,3.2341975914942687,10.460034060827326,52.575577,0.5165352313788278
hNHE1cdt,3,9605,1201,2.7384999512180466,7.4993819828212445,43.561993,0.1657597675764455
hNHE1cdt,3,9605,1202,2.8109744707619613,7.901577475275485,16.001202,0.1397340039822818
hNHE1cdt,3,9605,1203,3.4253691080599276,11.733153526451263,89.3366,0.4135059853837565
hNHE1cdt,3,9605,1204,3.2773516324751957,10.741033722887826,142.68973,0.4448867674096263
hNHE1cdt,3,9605,1205,3.1878381454019653,10.162312041279842,43.352974,0.55619211614509
hNHE1cdt,3,9605,1206,2.238594629123869,5.011305913542233,20.095037,0.10115392932410466
hNHE1cdt,3,9605,1207,2.219245910039556,4.9250524092272965,21.479921,0.35172113439687724
hNHE1cdt,3,9605,1208,2.477721127712624,6.139101986713515,24.057869,0.17805284376686664
hNHE1cdt,3,9605,1209,2.769050883871946,7.667642797472006,49.876575,0.49221708244470375
hNHE1cdt,3,9605,1210,2.5585590685122632,6.5462245070663405,16.120893,0.3667983902787354
hNHE1cdt,3,9605,1211,2.368206155920768,5.608400396941019,6.7456865,0.28898782302729065
hNHE1cdt,3,9605,1212,3.022724351899815,9.136862507568154,4.546065,0.19140260176974583
hNHE1cdt,3,9605,1213,2.2832799259734067,5.213367220353124,7.703,0.036072065887167847
hNHE1cdt,3,9605,1214,2.399959628913202,5.759806220413194,2.1335778,0.1690832230762425
hNHE1cdt,3,9605,1215,2.4297458120372637,5.903664711112622,26.473469,0.21786315133916395
hNHE1cdt,3,9605,1216,3.5948492247311656,12.922940948550261,57.788216,0.36708259112759334
hNHE1cdt,3,9605,1217,3.0207067053593026,9.124668999802653,55.179207,0.34826520703914493
hNHE1cdt,3,9605,1218,5.3590297049176225,28.71919937818946,283.13245,0.7847495036454823
hNHE1cdt,3,9605,1219,4.874801272140587,23.76368744286349,188.0363,0.798243671691423
hNHE1cdt,3,9605,1220,3.438064694840005,11.820288845905296,58.010662,0.6483252933935425
hNHE1cdt,3,9605,1221,4.902607490492273,24.03556020583093,177.22307,0.588771556404337
hNHE1cdt,3,9605,1222,3.801141331103974,14.448675419026893,68.423645,0.7507145143509744
hNHE1cdt,3,9605,1223,2.385723620197278,5.691677191967208,41.526184,0.4347383142819527
hNHE1cdt,3,9605,1224,3.1520264668457867,9.935270847696334,79.89606,0.22533257030262938
hNHE1cdt,3,9605,1225,4.075101864332224,16.606455204683964,114.907104,0.4720034764900116
hNHE1cdt,3,9605,1226,3.241824748698902,10.509427701276694,59.089172,0.3555761832726771
hNHE1cdt,3,9605,1227,2.725163380131884,7.426515448411837,24.864674,0.35519239056490604
hNHE1cdt,3,9605,1228,3.56044800906905,12.676790025283765,58.757065,0.4248291012734491
hNHE1cdt,3,9605,1229,4.016457551877741,16.131931266035732,147.99081,0.7555932908025228
hNHE1cdt,3,9605,1230,3.3690857169063935,11.350738567862669,92.693665,0.6486158703005183
hNHE1cdt,3,9605,1231,3.2292941265670074,10.428340555880174,58.745808,0.1667939351662701
hNHE1cdt,3,9605,1232,3.05333699439968,9.322866801369678,56.476925,0.32224397514042374
hNHE1cdt,3,9605,1233,2.2105240945620324,4.8864167726392935,43.381203,0.11155405316297548
hNHE1cdt,3,9605,1234,3.680397325232171,13.54532447157612,51.480667,0.21704365098935696
hNHE1cdt,3,9605,1235,4.042991700890756,16.34578189347152,73.83055,0.6492668237308881
hNHE1cdt,3,9605,1236,3.3147356566989186,10.987472473791211,80.67347,0.6199661386563219
hNHE1cdt,3,9605,1237,3.5247278376080247,12.423706329208944,13.534654,0.3932904113605557
hNHE1cdt,3,9605,1238,2.529595605342216,6.398853926566652,11.519619,0.21827066229011957
hNHE1cdt,3,9605,1239,2.027785393350389,4.111913601485192,11.1439,0.016316881285540746
hNHE1cdt,3,9605,1240,3.1391906369193276,9.854517854921973,96.374245,0.5968044413219333
hNHE1cdt,3,9605,1241,2.557581890311205,6.541225125647838,19.019875,0.1462814092149228
hNHE1cdt,3,9605,1242,3.0851422279564393,9.518102566720023,18.611856,0.24804516244724467
hNHE1cdt,3,9605,1243,2.4987544828408828,6.243773965517405,29.440561,0.23212390735777783
hNHE1cdt,3,9605,1244,2.931319922356542,8.592636487204363,29.570356,0.14101409432301457
hNHE1cdt,3,9605,1245,2.4371259994521894,5.939583137205832,8.63455,0.13752506684768892
hNHE1cdt,3,9605,1246,2.6603446178361185,7.077433485649603,44.824768,0.3297367807321911
hNHE1cdt,3,9605,1247,2.902202777322353,8.42278096069758,30.356613,0.4384312195586795
hNHE1cdt,3,9605,1248,3.2031545267589148,10.260198922296127,31.406765,0.4220076279995104
hNHE1cdt,3,9605,1249,2.8297877540283176,8.007698732848631,51.95131,0.16274387619840652
hNHE1cdt,3,9605,1250,3.529403836418891,12.456691440528388,21.725317,0.4698340030981417
hNHE1cdt,3,9605,1251,4.6165773643482995,21.312786561013095,126.87117,0.7951059043062096
hNHE1cdt,3,9605,1252,3.315588599726128,10.993127762633863,49.563175,0.389277411267393
hNHE1cdt,3,9605,1253,3.0760655440517333,9.462179231302283,26.060144,0.30967046305053025
hNHE1cdt,3,9605,1254,4.04837359997811,16.389328804999717,40.324123,0.6183898049929362
hNHE1cdt,3,9605,1255,4.33059360473211,18.75404096934665,157.75668,0.5726156236960868
hNHE1cdt,3,9605,1256,4.037798432354731,16.30381618032633,123.84038,0.5887798989525357
hNHE1cdt,3,9605,1257,3.066144780357774,9.40124381411522,69.906395,0.06221277187235546
hNHE1cdt,3,9605,1258,3.239991435593047,10.497544502716291,95.79071,0.37953623504388806
hNHE1cdt,3,9605,1259,2.7490794921132866,7.557438053957847,18.444054,0.4714181994057706
hNHE1cdt,3,9605,1260,3.258395544019517,10.617141521286243,108.68693,0.5631930021504263
hNHE1cdt,3,9605,1261,2.6993321812963345,7.286394224982026,1.581855,0.10740793604677752
hNHE1cdt,3,9605,1262,2.1716443880606544,4.716039348195332,4.7420726,0.18441988189993858
hNHE1cdt,3,9605,1263,3.85375715583286,14.851444216132974,25.060337,0.5563103385369798
hNHE1cdt,3,9605,1264,4.025472183556547,16.204426300587514,71.23829,0.6279207364633144
hNHE1cdt,3,9605,1265,3.539289565177613,12.526570626175138,123.37984,0.4235191798748742
hNHE1cdt,3,9605,1266,3.8114370785529106,14.527052603767945,133.3765,0.6774704302805558
hNHE1cdt,3,9605,1267,2.260006522339614,5.107629481017596,18.329025,0.17354959668609904
hNHE1cdt,3,9605,1268,3.021932117159188,9.13207372071821,89.60737,0.5409785525715187
hNHE1cdt,3,9605,1269,2.765516937064842,7.648083929192506,51.28665,0.48045385891183995
hNHE1cdt,3,9605,1270,3.440121697889444,11.834437296289751,54.247356,0.5880032694545907
hNHE1cdt,3,9605,1271,3.360781085515645,11.294849504759718,89.80406,0.3898132144662363
hNHE1cdt,3,9605,1272,2.7013405872199594,7.2972409681618755,16.284218,0.1259744675157633
hNHE1cdt,3,9605,1273,2.955185937455213,8.733123924933047,12.819942,0.1234179932102432
hNHE1cdt,3,9605,1274,2.106191003350862,4.436040542596112,35.807297,0.1305222320046584
hNHE1cdt,3,9605,1275,2.37648110391978,5.647662437287774,20.953514,0.14836468009941134
hNHE1cdt,3,9605,1276,2.9574111845049593,8.746280914235028,35.759735,0.1621529390698873
hNHE1cdt,3,9605,1277,3.5966263009554837,12.935720748724725,47.5665,0.6176734820039591
hNHE1cdt,3,9605,1278,3.555740349271437,12.643289431436958,46.89224,0.27973701631760073
hNHE1cdt,3,9605,1279,3.383916892692541,11.450893536649938,52.371704,0.2362001687104005
hNHE1cdt,3,9605,1280,2.7078899705978583,7.332668092864467,53.826683,0.379955791399722
hNHE1cdt,3,9605,1281,2.4445005872760226,5.97558312119282,27.113928,0.47293411887630643
hNHE1cdt,3,9605,1282,3.1635959175688577,10.00833912965834,84.42915,0.5250287665658954
hNHE1cdt,3,9605,1283,3.4225744733556938,11.714016025666005,35.43981,0.3287019103831554
hNHE1cdt,3,9605,1284,4.067419344827696,16.54390012667857,145.41772,0.7294458656157772
hNHE1cdt,3,9605,1285,5.097486220111879,25.984365764230493,274.5164,0.7555382427778701
hNHE1cdt,3,9605,1286,3.5902411776226537,12.889831713497296,97.87467,0.5697490295045107
hNHE1cdt,3,9605,1287,4.50944385982101,20.33508392487741,136.95605,0.8247252161903782
hNHE1cdt,3,9605,1288,4.351061738047178,18.931738248298128,161.87906,0.5714816176703537
hNHE1cdt,3,9605,1289,3.0639014937845666,9.387492363615298,76.79235,0.23026853087213206
hNHE1cdt,3,9605,1290,3.0865225254202273,9.526621299926457,57.555485,0.3611956527183596
hNHE1cdt,3,9605,1291,3.7353262641330094,13.952662299521865,115.69684,0.4865751950397472
hNHE1cdt,3,9605,1292,3.9634607014513112,15.709020731948916,122.666405,0.5802943713887031
hNHE1cdt,3,9605,1293,3.8149169605525635,14.553591415911608,67.30254,0.62937917470365
hNHE1cdt,3,9605,1294,3.113390186777902,9.693198455124941,63.313164,0.31768584593289606
hNHE1cdt,3,9605,1295,3.033251119674257,9.200612355005134,31.728174,0.5264790439588127
hNHE1cdt,3,9605,1296,4.0636499567487325,16.513250970983975,239.16824,0.6457960489100533
hNHE1cdt,3,9605,1297,3.689301390887153,13.610944752801881,112.0932,0.5692075171006443
hNHE1cdt,3,9605,1298,3.963277046575093,15.707564947908994,71.25545,0.6056751609492806
hNHE1cdt,3,9605,1299,2.941491392344232,8.652371611235209,33.73135,0.37193169722368
hNHE1cdt,3,9605,1300,3.8330250533782273,14.692081059825162,132.33499,0.7073434571168277
hNHE1cdt,3,9605,1301,3.4424883009720633,11.85072570232952,60.279976,0.2780873939965697
hNHE1cdt,3,9605,1302,3.100622859114504,9.613862114463403,35.237537,0.4503312568432032
hNHE1cdt,3,9605,1303,2.4770970208534915,6.136009650721243,15.420721,0.057130248935448436
hNHE1cdt,3,9605,1304,2.5506260276746326,6.5056931330512775,6.176037,0.1327467131905424
hNHE1cdt,3,9605,1305,4.164833768944636,17.34584032294158,80.49343,0.7650838139524618
hNHE1cdt,3,9605,1306,3.8018612649703845,14.45414907808221,123.425125,0.786387738029189
hNHE1cdt,3,9605,1307,3.072509486288448,9.440314543332502,76.819016,0.48049248025131064
hNHE1cdt,3,9605,1308,3.8257520975576256,14.636379111966578,76.54486,0.5149057592648772
hNHE1cdt,3,9605,1309,2.3718784305813716,5.625807289457151,12.321761,0.14140194319187355
hNHE1cdt,3,9605,1310,3.7129632815490177,13.78609633013125,39.898396,0.6527916177516324
hNHE1cdt,3,9605,1311,3.80791900276199,14.50024713159587,90.003265,0.6331800664196062
hNHE1cdt,3,9605,1312,3.486174982422788,12.153416008070527,72.99712,0.3557507837325815
hNHE1cdt,3,9605,1313,3.357809432722766,11.274884186481978,110.57688,0.3938966596386635
hNHE1cdt,3,9605,1314,3.0605215048695746,9.366791881769126,83.62592,0.4467367716589439
hNHE1cdt,3,9605,1315,3.447796442881873,11.887300311548891,129.49884,0.6099826487822297
hNHE1cdt,3,9605,1316,3.6099223734887254,13.031539542614471,66.57677,0.1938281568539187
hNHE1cdt,3,9605,1317,4.372287953749558,19.116901950503497,182.31367,0.7540157882840004
hNHE1cdt,3,9605,1318,4.110673445202954,16.897636173096718,55.58777,0.3705404429011107
hNHE1cdt,3,9605,1319,3.0009092208249992,9.005456151632504,67.554276,0.4437371787529071
hNHE1cdt,3,9605,1320,2.878178879040242,8.283913659753345,50.21436,0.2830901401285493
hNHE1cdt,3,9605,1321,3.4988607077470135,12.24202625221593,127.56329,0.27408158277510375
hNHE1cdt,3,9605,1322,3.2343957074684204,10.461315592490145,38.738083,0.492845289616797
hNHE1cdt,3,9605,1323,3.0129894065156737,9.078105163775671,8.63889,0.36296569296175746
hNHE1cdt,3,9605,1324,2.146009487176128,4.605356719049949,23.295818,0.21621452244332584
hNHE1cdt,3,9605,1325,3.090798010801843,9.55303234357663,43.012447,0.42912778788619277
hNHE1cdt,3,9605,1326,2.090958207938918,4.372106227347134,10.086207,0.04561782959074956
hNHE1cdt,3,9605,1327,2.0821128622932896,4.335193971327153,50.342125,0.07820079627998627
hNHE1cdt,3,9605,1328,2.573117085455076,6.620931535460825,13.15529,0.3514998191433282
hNHE1cdt,3,9605,1329,3.1049395855581587,9.64064982996607,9.608877,0.5086966056151905
hNHE1cdt,3,9605,1330,2.4116465252890245,5.8160389629386255,84.529205,0.294738007602131
hNHE1cdt,3,9605,1331,3.9073056521973095,15.267037459693043,136.63104,0.6909845040843585
hNHE1cdt,3,9605,1332,4.666161269829697,21.773060996058696,226.65898,0.600449883328543
hNHE1cdt,3,9605,1333,3.059899175864778,9.362982966457945,31.97102,0.2014786075237696
hNHE1cdt,3,9605,1334,4.082961629315392,16.670575666461794,99.02194,0.44148508404520614
hNHE1cdt,3,9605,1335,3.5938794545092625,12.915969533543793,116.25191,0.29431635232061637
hNHE1cdt,3,9605,1336,2.705996015838593,7.322414437734338,47.24537,0.27767112893901885
hNHE1cdt,3,9605,1337,3.9006292488703096,15.214908537142552,92.167725,0.6924162493970674
hNHE1cdt,3,9605,1338,3.42695872928276,11.744046132207309,32.49317,0.43898234087991694
hNHE1cdt,3,9605,1339,2.942714631140783,8.659569400330032,40.63659,0.2096831023786808
hNHE1cdt,3,9605,1340,2.8681905907290144,8.226517264746452,27.792004,0.5362748636479278
hNHE1cdt,3,9605,1341,2.7448064451286838,7.533962421219962,18.492727,0.07535470068639792
hNHE1cdt,3,9605,1342,2.533511080014559,6.418678392556538,9.501656,0.07606316340582456
hNHE1cdt,3,9605,1343,2.34185041626454,5.4842633721583995,27.008556,0.029100885173900436
hNHE1cdt,3,9605,1344,3.6603724023161957,13.398326123638032,59.078957,0.42155179656881103
hNHE1cdt,3,9605,1345,3.093404569096347,9.569151828106156,24.355555,0.3225516549690676
hNHE1cdt,3,9605,1346,3.0643961719852584,9.390523898877905,27.427917,0.5036600418560905
hNHE1cdt,3,9605,1347,3.630586642885251,13.181159371496797,124.72417,0.6791515425214201
hNHE1cdt,3,9605,1348,4.339715966804804,18.833134672540552,201.65645,0.6815201741805921
hNHE1cdt,3,9605,1349,4.382650501835926,19.20762542124269,132.1441,0.47883825061229124
hNHE1cdt,3,9605,1350,3.5245922759360777,12.422750711588261,70.262764,0.4891050404154583
hNHE1cdt,3,9605,1351,3.055425084026767,9.335622444099974,46.275963,0.4773496463595981
hNHE1cdt,3,9605,1352,2.6849915418426415,7.209179579766524,40.830154,0.10733746310021941
hNHE1cdt,3,9605,1353,2.35174721061694,5.530714942644561,1.901293,0.06235840253397043
hNHE1cdt,3,9605,1354,3.357437145372539,11.272384185127304,100.067726,0.4386806533394056
hNHE1cdt,3,9605,1355,2.649372210453827,7.019173109524997,31.848362,0.07244702908279968
hNHE1cdt,3,9605,1356,3.0597380567668893,9.36199697602762,59.47008,0.34928095464495945
hNHE1cdt,3,9605,1357,4.75973882773624,22.655113708259957,194.72,0.7486620624570153
hNHE1cdt,3,9605,1358,2.8716745977629534,8.246514995437021,45.06804,0.2736504903282068
hNHE1cdt,3,9605,1359,2.6294372760839035,6.913940388859538,96.00101,0.18210125424074464
hNHE1cdt,3,9605,1360,3.4952449463406023,12.216737234919519,45.509014,0.6265128421841499
hNHE1cdt,3,9605,1361,4.529408603003006,20.51554229295763,100.87793,0.5931398861026842
hNHE1cdt,3,9605,1362,6.036446447383397,36.43868571212764,363.20895,0.8631714480720243
hNHE1cdt,3,9605,1363,4.300985884641697,18.498479579887114,50.643486,0.6956667263492338
hNHE1cdt,3,9605,1364,2.831678201914052,8.0184014391952,54.083733,0.306527816054184
hNHE1cdt,3,9605,1365,3.3433803397569437,11.178192096273255,69.27878,0.560144649797699
hNHE1cdt,3,9605,1366,3.9166842302423435,15.340415359429059,128.22246,0.5375876882100824
hNHE1cdt,3,9605,1367,3.5564174586003836,12.648105139837613,89.420074,0.5292568621808917
hNHE1cdt,3,9605,1368,3.1427966011694957,9.877170476322535,107.50717,0.4035208571012628
hNHE1cdt,3,9605,1369,3.4410566643615343,11.840870967346929,89.13208,0.6502470561523565
hNHE1cdt,3,9605,1370,2.8112383254626634,7.90306092255012,63.452316,0.36014954281399253
hNHE1cdt,3,9605,1371,3.5135753751900536,12.345211917141922,85.82046,0.49223428481504816
hNHE1cdt,3,9605,1372,4.211628124022214,17.73781145505487,71.62375,0.7011510399109052
hNHE1cdt,3,9605,1373,3.0632126300676816,9.383271617006164,105.60048,0.3586824574240356
hNHE1cdt,3,9605,1374,3.000323543266961,9.001941364282011,18.913311,0.29959174955502194
hNHE1cdt,3,9605,1375,3.9303595028145133,15.447725821364347,111.03482,0.61053776935871
hNHE1cdt,3,9605,1376,3.986963326628197,15.895876567878178,139.2366,0.7092670924758266
hNHE1cdt,3,9605,1377,3.097453497414057,9.594218168642572,114.862015,0.47522301788016885
hNHE1cdt,3,9605,1378,2.8105600384077594,7.899247729494625,28.884052,0.43189365474138836
hNHE1cdt,3,9605,1379,4.0642781995363,16.51835728322603,140.01614,0.6389711792097237
hNHE1cdt,3,9605,1380,3.470477385012611,12.044213279883971,54.794716,0.4528740957233178
hNHE1cdt,3,9605,1381,3.2552724579777568,10.596798775668544,42.386486,0.4299225977528121
hNHE1cdt,3,9605,1382,3.651987634512821,13.33701368263455,82.52188,0.5212541284542541
hNHE1cdt,3,9605,1383,4.129912535006699,17.056177546805472,52.210278,0.5426876339967663
hNHE1cdt,3,9605,1384,3.011336230577041,9.068145893585944,45.491013,0.4066183718904506
hNHE1cdt,3,9605,1385,2.51930041670377,6.346874589603788,13.997587,0.3992977848231196
hNHE1cdt,3,9605,1386,2.906493037626547,8.447701777771591,40.18992,0.5115746863047005
hNHE1cdt,3,9605,1387,2.7122005874226764,7.356032026415908,26.817514,0.3345004226838768
hNHE1cdt,3,9605,1388,2.8312699486668085,8.016089522223753,62.06761,0.37031430768437434
hNHE1cdt,3,9605,1389,2.8514902408418097,8.13099659361608,23.359121,0.4462898219328582
hNHE1cdt,3,9605,1390,2.975068488203374,8.851032509500712,63.070232,0.26760712531070063
hNHE1cdt,3,9605,1391,2.9087411439956297,8.460775042773006,66.18559,0.16277194668006906
hNHE1cdt,3,9605,1392,2.4280310237320637,5.895334652205375,23.52298,0.1342163340795013
hNHE1cdt,3,9605,1393,2.4981271880391414,6.240639447620349,63.900803,0.36124797785116136
hNHE1cdt,3,9605,1394,2.9035116994414016,8.430380188793096,12.382551,0.4562393166054432
hNHE1cdt,3,9605,1395,2.8270154467458357,7.9920163361395575,23.800291,0.2960362407517523
hNHE1cdt,3,9605,1396,3.482269936307944,12.126203909314134,73.53137,0.39895716748502197
hNHE1cdt,3,9605,1397,3.910162204988102,15.289368469317417,53.016624,0.29418474018553226
hNHE1cdt,3,9605,1398,3.8587661456583975,14.890076166879368,178.13995,0.6447321620391401
hNHE1cdt,3,9605,1399,3.2969985997141165,10.870199766516846,108.024666,0.5588769702647138
hNHE1cdt,3,9605,1400,3.511674531196517,12.33185801305428,30.929592,0.3770008271620293
hNHE1cdt,3,9605,1401,3.393292208506963,11.51443201231406,79.824135,0.522015770633261
hNHE1cdt,3,9605,1402,2.9097073951211407,8.466397125222652,90.53641,0.5316172250660622
hNHE1cdt,3,9605,1403,2.5477388980975713,6.4909734928794265,32.76553,0.38892262493591234
hNHE1cdt,3,9605,1404,1.9920917525814223,3.9684295507029232,9.612387,0.13442839354484262
hNHE1cdt,3,9605,1405,2.8993520496351626,8.406242307723618,30.140928,0.34306987860392635
hNHE1cdt,3,9605,1406,2.5212188785348553,6.356544633480554,39.691257,0.15289440486709455
hNHE1cdt,3,9605,1407,2.6493904695463697,7.019269860123136,23.721962,0.22467340527152468
hNHE1cdt,3,9605,1408,2.608832312975891,6.806006037227138,10.666702,0.3091173672401415
hNHE1cdt,3,9605,1409,3.1575722543246516,9.97026254128086,29.068731,0.2428119417505868
hNHE1cdt,3,9605,1410,3.073857284954579,9.448598608268336,45.715332,0.4161295992197119
hNHE1cdt,3,9605,1411,4.182879765397886,17.49648313177508,70.17876,0.784708792193151
hNHE1cdt,3,9605,1412,3.3749739010709865,11.390448832910312,54.216637,0.42041943530640175
hNHE1cdt,3,9605,1413,3.611061233559779,13.039763232518272,87.18168,0.5250756685910893
hNHE1cdt,3,9605,1414,3.3892219638928935,11.486825520534003,53.832817,0.731562418207178
hNHE1cdt,3,9605,1415,3.655246465236912,13.360826721626939,94.67585,0.6002886552050255
hNHE1cdt,3,9605,1416,3.1820012457422187,10.125131927905029,97.238365,0.38426304985135085
hNHE1cdt,3,9605,1417,2.835335751123756,8.039128821600512,43.90138,0.3502212409672763
hNHE1cdt,3,9605,1418,2.740991274699039,7.5130331679762605,49.84993,0.4776981680838569
hNHE1cdt,3,9605,1419,3.306513343047009,10.933030487747903,54.09371,0.5145804840234762
hNHE1cdt,3,9605,1420,3.315020992621718,10.989364181522676,73.06167,0.25828575676148635
hNHE1cdt,3,9605,1421,3.767566561712273,14.19455779693244,82.561584,0.7141866210905997
hNHE1cdt,3,9605,1422,2.5421540627622057,6.462547278818388,9.65629,0.18802760332688426
hNHE1cdt,3,9605,1423,3.761189517288077,14.146546584957719,89.92268,0.34356109640749977
hNHE1cdt,3,9605,1424,3.394118269109679,11.520038824704088,60.783245,0.22815655942513574
hNHE1cdt,3,9605,1425,3.6576956725647016,13.378737633098542,79.66829,0.18787732853725422
hNHE1cdt,3,9605,1426,3.1063573757520917,9.649456145889422,41.79149,0.576155800502636
hNHE1cdt,3,9605,1427,2.618617718036391,6.857158753214117,4.8775406,0.28597802786213633
hNHE1cdt,3,9605,1428,2.7935353583809186,7.803839798524407,61.547215,0.2318305439355301
hNHE1cdt,3,9605,1429,2.728215207564772,7.44315821878769,31.968277,0.45955010188824
hNHE1cdt,3,9605,1430,3.566518885434647,12.720056960161994,123.52855,0.4903117188295849
hNHE1cdt,3,9605,1431,3.8254330171054662,14.633937768360632,90.38271,0.7030264846270494
hNHE1cdt,3,9605,1432,3.0395162881916606,9.238659266182411,36.870506,0.42317825217579785
hNHE1cdt,3,9605,1433,2.9416464097007378,8.653283599705238,14.347828,0.3598877555031507
hNHE1cdt,3,9605,1434,2.6166608346334916,6.8469139235048395,56.29504,0.16845883028265737
hNHE1cdt,3,9605,1435,2.882484947252915,8.308719471139643,20.746672,0.41777845984264217
hNHE1cdt,3,9605,1436,4.393332153293515,19.301367409162637,156.06232,0.5806759645749133
hNHE1cdt,3,9605,1437,3.0313767325932344,9.189244894907631,25.911913,0.4104534357664644
hNHE1cdt,3,9605,1438,4.151435964581734,17.23442056802267,72.07145,0.4891720436780232
hNHE1cdt,3,9605,1439,3.2693348135508358,10.688550123095478,105.40206,0.6319950851045295
hNHE1cdt,3,9605,1440,3.484057788969419,12.138658676878475,85.37164,0.6004559621460399
hNHE1cdt,3,9605,1441,3.618595336693399,13.094232210739209,107.15617,0.4945910066908959
hNHE1cdt,3,9605,1442,3.705052101373864,13.727411073894887,63.676716,0.4447673949588399
hNHE1cdt,3,9605,1443,4.098604861450816,16.798561810308257,136.45432,0.7230728680408375
hNHE1cdt,3,9605,1444,2.550693923294258,6.506039490330256,36.23392,0.20768441269482524
hNHE1cdt,3,9605,1445,2.8297060500814313,8.007236329867457,34.233524,0.16844451482663186
hNHE1cdt,3,9605,1446,3.367739846084258,11.34167167090362,68.19737,0.4871973620943303
hNHE1cdt,3,9605,1447,2.3032320416378385,5.304877837627205,24.498793,0.23684942307075868
hNHE1cdt,3,9605,1448,4.336450517788922,18.80480309323181,197.88503,0.7198455426402128
hNHE1cdt,3,9605,1449,3.977300851031211,15.818922059613588,139.98058,0.7580951316882603
hNHE1cdt,3,9605,1450,5.736244694427931,32.90450319435259,294.35367,0.7835639450136598
hNHE1cdt,3,9605,1451,4.167827394695419,17.370785191973614,115.32585,0.3095749691279189
hNHE1cdt,3,9605,1452,3.671045572158344,13.476575592863382,49.37599,0.5936413774010065
hNHE1cdt,3,9605,1453,3.449475492475417,11.898881173188522,41.4143,0.29253531862592913
hNHE1cdt,3,9605,1454,3.0267672846315428,9.161320195315803,33.9125,0.2363298063631425
hNHE1cdt,3,9605,1455,2.8539996112974237,8.145313781285846,111.85204,0.5171125611500496
hNHE1cdt,3,9605,1456,4.510642858145126,20.345898993735634,225.60976,0.8016722953983598
hNHE1cdt,3,9605,1457,4.073327487320931,16.591996818964247,87.42945,0.5274791707238639
hNHE1cdt,3,9605,1458,3.4593271965028896,11.96694465246454,73.503914,0.45130671247885157
hNHE1cdt,3,9605,1459,2.9697166236762507,8.81921682493907,82.558685,0.35402475084095575
hNHE1cdt,3,9605,1460,3.0323484143268944,9.19513690587083,19.155273,0.17861465271665933
hNHE1cdt,3,9605,1461,3.993658170988645,15.949305586704364,60.837807,0.5659199496503259
hNHE1cdt,3,9605,1462,3.6194107917985145,13.100134479787549,89.09283,0.3936267051624052
hNHE1cdt,3,9605,1463,3.517297695598063,12.371383079459447,31.08141,0.4243331464793111
hNHE1cdt,3,9605,1464,2.8657713229062596,8.21264527519189,45.15183,0.4697569922248379
hNHE1cdt,3,9605,1465,3.2702672773013477,10.694648064987966,60.841717,0.23004047074086287
hNHE1cdt,3,9605,1466,2.2036748850667345,4.856182999073886,2.3309574,0.31298075516594837
hNHE1cdt,3,9605,1467,3.0895708079180544,9.54544777713942,32.154205,0.38424476333866286
hNHE1cdt,3,9605,1468,3.599176077193561,12.954068434642432,48.46086,0.48433452277782774
hNHE1cdt,3,9605,1469,2.847452740342703,8.107987108485167,14.225162,0.22402961417628342
hNHE1cdt,3,9605,1470,3.0252900587041,9.152379939293853,31.121384,0.5115999961229998
hNHE1cdt,3,9605,1471,2.756925744363075,7.600639559931898,29.64842,0.1772563492182525
hNHE1cdt,3,9605,1472,3.1222759607822277,9.748607175278584,16.261631,0.23115181611402294
hNHE1cdt,3,9605,1473,2.5901634236720223,6.708946561328372,26.777409,0.16887067283742188
hNHE1cdt,3,9605,1474,5.266003268759497,27.730790426585706,158.6177,0.727928596327037
hNHE1cdt,3,9605,1475,3.8677519494222894,14.95950514225992,108.23331,0.2695502323561006
hNHE1cdt,3,9605,1476,2.6401172189808846,6.97021892995936,13.007095,0.3362691001124051
hNHE1cdt,3,9605,1477,2.3470014801202037,5.5084159476864265,21.071177,0.13371403296458167
hNHE1cdt,3,9605,1478,2.2205335698206228,4.930769334700316,24.398052,0.12184520159264697
hNHE1cdt,3,9605,1479,4.649649640213523,21.619241776737756,96.23926,0.7947927066992048
hNHE1cdt,3,9605,1480,4.930271080787541,24.30757293004995,148.5102,0.40374032983174246
hNHE1cdt,3,9605,1481,5.072448579541709,25.729734592094708,154.74776,0.7756795548713441
hNHE1cdt,3,9605,1482,4.14525493443511,17.183138471458633,133.88432,0.5331476543957812
hNHE1cdt,3,9605,1483,4.4915643998435515,20.174150757941955,139.11893,0.4907151166636463
hNHE1cdt,3,9605,1484,3.7091520266834945,13.757808757050281,57.77796,0.6969117421412894
hNHE1cdt,3,9605,1485,3.069150823000599,9.419686774325257,60.537464,0.6498034575827377
hNHE1cdt,3,9605,1486,2.7348889911245036,7.4796177937740005,46.554344,0.35055943465712663
hNHE1cdt,3,9605,1487,2.644540806141973,6.9935960753500375,52.737003,0.3189397362275492
hNHE1cdt,3,9605,1488,3.0155452075664106,9.093512898876748,17.531961,0.305637696504203
hNHE1cdt,3,9605,1489,2.8758878123835054,8.270730709415986,57.31073,0.19253938539195486
hNHE1cdt,3,9605,1490,3.6639664190122003,13.42464991964909,89.895294,0.638216319140652
hNHE1cdt,3,9605,1491,2.8288110309330228,8.00217184872835,49.55093,0.45793865310121606
hNHE1cdt,3,9605,1492,3.724013101600014,13.86827358088856,53.46457,0.6080559256257869
hNHE1cdt,3,9605,1493,2.9820205753632387,8.8924467118897,78.174484,0.24193785951418822
hNHE1cdt,3,9605,1494,3.925320175496134,15.408138480157003,110.16777,0.48754376822330825
hNHE1cdt,3,9605,1495,2.736551380162135,7.488713456267288,15.917698,0.5065518754238101
hNHE1cdt,3,9605,1496,2.561919487240167,6.563431459100918,63.87464,0.38158753001332457
hNHE1cdt,3,9605,1497,3.3189010732863777,11.015104334261467,97.740685,0.286669202272837
hNHE1cdt,3,9605,1498,2.516469436361404,6.332618424141084,8.833319,0.13042760532287126
hNHE1cdt,3,9605,1499,2.8784600594883334,8.285532314069577,34.608425,0.2285459554842767
hNHE1cdt,3,9605,1500,2.74832168518551,7.553272085260921,39.95918,0.3054121238790458
hNHE1cdt,3,9605,1501,2.8627041530245023,8.195075067743735,79.65538,0.5926778828463899
hNHE1cdt,3,9605,1502,4.275466081431004,18.279610213466974,133.80504,0.712914019428378
hNHE1cdt,3,9605,1503,3.4819453393347644,12.123943346115086,98.422874,0.5266722998692454
hNHE1cdt,3,9605,1504,3.9095388642410818,15.28449413101145,183.59221,0.7757364017194126
hNHE1cdt,3,9605,1505,3.241252898025779,10.50572034896051,99.48905,0.4616005628583346
hNHE1cdt,3,9605,1506,2.812343767944916,7.909277469098607,9.392078,0.28948974100823643
hNHE1cdt,3,9605,1507,2.981334345893159,8.888354482002189,46.365578,0.24296987413203155
hNHE1cdt,3,9605,1508,3.6614473770771476,13.406196895105131,119.00969,0.5516318321754625
hNHE1cdt,3,9605,1509,3.406769585960556,11.606079011825857,53.93272,0.31941367146570443
hNHE1cdt,3,9605,1510,3.1815815500311255,10.122461159498458,77.326996,0.5166203977332651
hNHE1cdt,3,9605,1511,3.195660753506232,10.212247651500016,12.113655,0.19513955297865626
hNHE1cdt,3,9605,1512,2.5608348239491505,6.557874995550677,34.36315,0.19247758723398026
hNHE1cdt,3,9605,1513,4.4784172620715665,20.05622117322059,169.65897,0.7230174442813775
hNHE1cdt,3,9605,1514,3.459697157350507,11.969504420579183,105.83223,0.4184133969798049
hNHE1cdt,3,9605,1515,3.598664710639728,12.950387699603715,127.11204,0.58039857106317
hNHE1cdt,3,9605,1516,3.801416186814976,14.450765025378914,61.12524,0.5250459989830097
hNHE1cdt,3,9605,1517,3.5798621484391924,12.815413001827672,110.07,0.5808454630311077
hNHE1cdt,3,9605,1518,3.293554843196602,10.847503505143793,61.811207,0.567017141011446
hNHE1cdt,3,9605,1519,5.620753905028099,31.59287446088863,318.97263,0.8769526185255261
hNHE1cdt,3,9605,1520,3.494707388289417,12.212979729764637,116.580986,0.5877203886122538
hNHE1cdt,3,9605,1521,2.5020089390971223,6.2600487313219055,25.719507,0.10751174549253684
hNHE1cdt,3,9605,1522,2.5205478767469334,6.353161598973474,42.139664,0.28474677847885765
hNHE1cdt,3,9605,1523,3.8394389220401366,14.741291236076727,138.9752,0.3260068186359257
hNHE1cdt,3,9605,1524,2.9457332708029993,8.677344502715739,16.916908,0.2908800274522504
hNHE1cdt,3,9605,1525,3.2008329440958767,10.245331536009479,52.6922,0.5960010949707975
hNHE1cdt,3,9605,1526,2.6240575193226503,6.8856778647137435,10.909327,0.3644926498882804
hNHE1cdt,3,9605,1527,2.5241539188939934,6.3713530062679045,43.483467,0.16713609497470155
hNHE1cdt,3,9605,1528,3.195720097122065,10.212626939149859,54.139755,0.25568369654273654
hNHE1cdt,3,9605,1529,3.0453811068472985,9.274346085942478,63.47682,0.4518741863368708
hNHE1cdt,3,9605,1530,2.8605712441945936,8.182867843113003,37.67647,0.2546787602420617
hNHE1cdt,3,9605,1531,2.4839712880105673,6.170113359660877,14.175251,0.24777926442642706
hNHE1cdt,3,9605,1532,4.1862686392350295,17.524845119842702,146.65866,0.6346138611034466
hNHE1cdt,3,9605,1533,3.952082056902539,15.618952584491009,89.08013,0.4226681019653633
hNHE1cdt,3,9605,1534,3.899263029370409,15.204252172214904,76.5449,0.36327016224239816
hNHE1cdt,3,9605,1535,2.9598663593666594,8.760808865310441,5.6506314,0.20869513325313857
hNHE1cdt,3,9605,1536,4.1418453150504195,17.154882613805107,94.304695,0.4051199170842331
hNHE1cdt,3,9605,1537,2.8271112143321955,7.992557818202862,55.619774,0.3614599838162824
hNHE1cdt,3,9605,1538,3.14351865412247,9.881709528815941,13.704638,0.43269333800541465
hNHE1cdt,3,9605,1539,4.027401143445376,16.219959970225123,134.99985,0.7541543314414577
hNHE1cdt,3,9605,1540,2.2131885211279565,4.898203430052551,27.161835,0.1395463534050174
hNHE1cdt,3,9605,1541,3.3368810630341064,11.134775228835627,78.27349,0.42294415604012503
hNHE1cdt,3,9605,1542,3.836920198306568,14.721956608172913,144.3595,0.6737990548387636
hNHE1cdt,3,9605,1543,3.4229939129121525,11.716887327833646,118.759766,0.3634930937172826
hNHE1cdt,3,9605,1544,3.048703838281012,9.294595093549377,55.812035,0.5705528903993436
hNHE1cdt,3,9605,1545,2.8564272195288845,8.159176460465515,25.179668,0.3614586969317025
hNHE1cdt,3,9605,1546,2.39364288114158,5.729526242439764,29.282984,0.23526884312785962
hNHE1cdt,3,9605,1547,2.6741065777248516,7.150845989031317,38.273735,0.030040795293197996
hNHE1cdt,3,9605,1548,3.210048653642661,10.30441235875306,40.41603,0.4913553928816333
hNHE1cdt,3,9605,1549,2.4611293899364237,6.057157874008833,36.17767,0.42004311555783436
hNHE1cdt,3,9605,1550,2.831167668515639,8.015510367248279,73.71292,0.18638178786496234
hNHE1cdt,3,9605,1551,2.7435950872080017,7.52731400255188,9.817629,0.4537762600107432
hNHE1cdt,3,9605,1552,3.1486215024227864,9.913817365519124,98.445946,0.2777426841873872
hNHE1cdt,3,9605,1553,4.586166905456814,21.032926884707315,139.13791,0.7349636951180258
hNHE1cdt,3,9605,1554,4.235035579441605,17.935526359136286,139.00523,0.7951943827205283
hNHE1cdt,3,9605,1555,4.248205945819002,18.047253758091927,237.71693,0.8594283075566016
hNHE1cdt,3,9605,1556,3.0366486941713586,9.221235291812615,55.576546,0.16957517610043182
hNHE1cdt,3,9605,1557,2.8125649094676977,7.910521369969039,20.022938,0.15478520824882905
hNHE1cdt,3,9605,1558,2.0112682671797963,4.04520004256442,15.697109,0.23390100043328704
hNHE1cdt,3,9605,1559,2.607488759979337,6.798997633418579,14.601078,0.27986154018731924
hNHE1cdt,3,9605,1560,2.503351570584596,6.266769085948362,15.479019,0.3615114956085477
hNHE1cdt,3,9605,1561,2.5323470409149924,6.412781535630917,33.489918,0.307408766897784
hNHE1cdt,3,9605,1562,2.3543751140481004,5.543082177649006,33.042034,0.22684864885471012
hNHE1cdt,3,9605,1563,2.219977807455954,4.928301465596946,53.434002,0.11553445563228043
hNHE1cdt,3,9605,1564,2.9244428791697663,8.552366153526755,43.48054,0.21925126588312444
hNHE1cdt,3,9605,1565,2.901886573079507,8.420945683019124,19.459824,0.5624523396487988
hNHE1cdt,3,9605,1566,2.298065946078211,5.281107092524344,9.361938,0.14047775637154458
hNHE1cdt,3,9605,1567,4.574931957509235,20.930002415839276,105.25165,0.5492784732284863
hNHE1cdt,3,9605,1568,4.097371047548423,16.788449501288067,104.34186,0.6973848516607473
hNHE1cdt,3,9605,1569,4.358333624905252,18.995071985979752,125.47576,0.5218244800762332
hNHE1cdt,3,9605,1570,4.31491218026205,18.618467123373808,147.3451,0.5014672662108453
hNHE1cdt,3,9605,1571,2.5749168474601953,6.6301967713343535,15.998168,0.2087426604417166
hNHE1cdt,3,9605,1572,2.898556698422484,8.401630933969853,102.8863,0.5725050220888808
hNHE1cdt,3,9605,1573,2.7804392662763804,7.730842513451534,8.426844,0.31186965225864416
hNHE1cdt,3,9605,1574,3.741675318886641,14.000134191965447,116.6145,0.5215250888413528
hNHE1cdt,3,9605,1575,3.988335882912308,15.9068231149259,103.67101,0.4505521744351083
hNHE1cdt,3,9605,1576,3.1020927144043497,9.622979208760546,79.67389,0.5244308950780229
hNHE1cdt,3,9605,1577,2.9014833948963723,8.418605890859379,55.123085,0.09799139917665912
hNHE1cdt,3,9605,1578,3.034783801752734,9.209912723380777,27.22228,0.11314534012628114
hNHE1cdt,3,9605,1579,3.441353310677924,11.842912608913906,76.33638,0.6394360565262038
hNHE1cdt,3,9605,1580,3.0250708396076185,9.151053584644345,47.770435,0.25332653995791443
hNHE1cdt,3,9605,1581,4.708151306695388,22.166688726737505,216.39445,0.6950489205999034
hNHE1cdt,3,9605,1582,3.9677666879873983,15.743172490302493,115.756775,0.41486474237527127
hNHE1cdt,3,9605,1583,3.290052096435751,10.824442797261282,43.285564,0.4743547478020582
hNHE1cdt,3,9605,1584,2.861632702985041,8.188941726793471,31.614687,0.4711582065381963
hNHE1cdt,3,9605,1585,2.932034498198566,8.59682629862652,23.9817,0.2213372335947456
hNHE1cdt,3,9605,1586,2.6153753984339403,6.840188474733492,6.4379625,0.17103066487635513
hNHE1cdt,3,9605,1587,2.024901741671839,4.100227063425648,5.114074,0.16808061195016627
hNHE1cdt,3,9605,1588,3.5194247884397782,12.38635084148438,60.067654,0.39768084087487143
hNHE1cdt,3,9605,1589,4.775953222632681,22.809729184775485,198.43875,0.5998441205075274
hNHE1cdt,3,9605,1590,3.870814855865999,14.983207648392913,76.529366,0.7365439370758982
hNHE1cdt,3,9605,1591,2.6079316613581454,6.801307550314257,52.867817,0.4183974590145998
hNHE1cdt,3,9605,1592,2.693119088679259,7.252890425808602,15.61278,0.294749582110409
hNHE1cdt,3,9605,1593,4.0757926167759,16.612085454964944,42.799427,0.5503203157669367
hNHE1cdt,3,9605,1594,3.9463159487476287,15.573409567339898,61.209496,0.5279854761055295
hNHE1cdt,3,9605,1595,3.4564179040528895,11.946824727457367,79.20256,0.37233759731337923
hNHE1cdt,3,9605,1596,3.297815023652781,10.875583930229991,49.93003,0.42870476438964467
hNHE1cdt,3,9605,1597,2.769572050652664,7.670529343756405,11.129063,0.17775879536002492
hNHE1cdt,3,9605,1598,2.727151726538497,7.437356539561906,32.247623,0.1392510161658827
hNHE1cdt,3,9605,1599,3.2197986457678422,10.367103319288432,48.83652,0.547069580097266
hNHE1cdt,3,9605,1600,3.4129009636465395,11.647892987659477,88.5015,0.5583020436051386
hNHE1cdt,3,9605,1601,3.3690921460784287,11.350781888767349,52.089413,0.27983835923039313
hNHE1cdt,3,9605,1602,2.690279013906906,7.237601172667915,20.169798,0.3868216895812534
hNHE1cdt,3,9605,1603,2.81681083029556,7.93442325367036,45.085083,0.45522192372699233
hNHE1cdt,3,9605,1604,2.7967259004301024,7.82167576213657,28.790422,0.2179267754062672
hNHE1cdt,3,9605,1605,2.632541294938037,6.930273669554036,4.787489,0.25485594861466637
hNHE1cdt,3,9605,1606,2.7001215948131416,7.290656626776264,20.931988,0.2534160515861872
hNHE1cdt,3,9605,1607,2.891220086840166,8.359153590548058,71.219666,0.4364728604932078
hNHE1cdt,3,9605,1608,2.8711072031999,8.243256572266349,9.091809,0.4307868942424365
hNHE1cdt,3,9605,1609,3.3246346348704896,11.053195455380427,105.11419,0.48041257898386214
hNHE1cdt,3,9605,1610,2.9356392315181883,8.6179776976287,66.17498,0.23249034540792757
hNHE1cdt,3,9605,1611,3.8219510794098848,14.607310053402385,144.3329,0.5059875533697438
hNHE1cdt,3,9605,1612,3.3184895487886408,11.012372885419435,68.167595,0.6286450242243117
hNHE1cdt,3,9605,1613,2.5120240559536406,6.310264857689779,43.573727,0.25378372441135666
hNHE1cdt,3,9605,1614,2.8507312793768618,8.126668827217637,45.34192,0.3628053203026147
hNHE1cdt,3,9605,1615,3.851121623274923,14.831137757255675,125.61609,0.5100009491602397
hNHE1cdt,3,9605,1616,5.437859653903708,29.57031761555376,179.09932,0.7800137555796542
hNHE1cdt,3,9605,1617,3.726272266692655,13.885105005522819,70.3291,0.7020787765764435
hNHE1cdt,3,9605,1618,2.6860965833839368,7.215114855266861,32.596294,0.4226649314584674
hNHE1cdt,3,9605,1619,2.9421439441153807,8.656210987894811,41.340324,0.3809429472569602
hNHE1cdt,3,9605,1620,4.533941524064814,20.556625743639163,152.40752,0.6291415082352122
hNHE1cdt,3,9605,1621,4.501257807497583,20.261321849557955,162.56645,0.6603686122433423
hNHE1cdt,3,9605,1622,3.4421524117868896,11.8484132259703,153.68741,0.551660930910569
hNHE1cdt,3,9605,1623,4.240990221944278,17.985998062626976,140.13017,0.4638480184132687
hNHE1cdt,3,9605,1624,3.0200932063613815,9.120962975110173,23.393417,0.467791827874491
hNHE1cdt,3,9605,1625,3.3582144892002552,11.27760455547453,18.510178,0.47009137616266283
hNHE1cdt,3,9605,1626,3.174730470676125,10.07891356143945,52.00532,0.7213773792302534
hNHE1cdt,3,9605,1627,4.560573610269108,20.79883165468301,157.38338,0.5154048921044576
hNHE1cdt,3,9605,1628,5.075421212460296,25.759900483891943,302.3675,0.6245631226066453
hNHE1cdt,3,9605,1629,3.293896754566224,10.849755829741904,84.076225,0.39408013621011617
hNHE1cdt,3,9605,1630,2.540580155222188,6.454547525108799,4.690253,0.3197653913052958
hNHE1cdt,3,9605,1631,2.009542189415439,4.0382598110405965,11.389472,0.16842245445585702
hNHE1cdt,3,9605,1632,2.6527350633126687,7.0370033161284695,97.71693,0.48920272922457764
hNHE1cdt,3,9605,1633,3.7174606984851213,13.819514044781483,26.356337,0.7974296182127918
hNHE1cdt,3,9605,1634,5.250333461491053,27.566001456852618,222.1224,0.8072337688359862
hNHE1cdt,3,9605,1635,4.230018102682078,17.893053149018087,117.19921,0.7787944170774852
hNHE1cdt,3,9605,1636,2.413699525733443,5.825945400525846,48.816303,0.2822908623195817
hNHE1cdt,3,9605,1637,2.434401495279894,5.9263106402209855,16.08789,0.3210910614819313
hNHE1cdt,3,9605,1638,2.6425249189118185,6.982937947069914,22.669138,0.3224910966088773
hNHE1cdt,3,9605,1639,2.590682144844052,6.711633975613777,26.044853,0.36810831230290286
hNHE1cdt,3,9605,1640,3.0137515306880154,9.082698288724355,43.483925,0.2687646637767982
hNHE1cdt,3,9605,1641,4.10897901793739,16.883708569849716,88.16623,0.5628579960967881
hNHE1cdt,3,9605,1642,5.514569962104492,30.410481866945126,303.83057,0.8002610439016444
hNHE1cdt,3,9605,1643,4.307778588377971,18.556956366487704,103.43951,0.8144831206728707
hNHE1cdt,3,9605,1644,4.2664644261212334,18.202718699357987,172.057,0.5417632256579077
hNHE1cdt,3,9605,1645,3.859768891643352,14.89781589689775,107.537346,0.6212326560091279
hNHE1cdt,3,9605,1646,3.7250987516241154,13.876360709351543,162.09973,0.5816313766350569
hNHE1cdt,3,9605,1647,3.6358547086739,13.219439462586173,138.38329,0.6126775483519623
hNHE1cdt,3,9605,1648,3.7103464952698215,13.766671114961051,118.54596,0.7243441103067125
hNHE1cdt,3,9605,1649,4.727909750092363,22.353130605018425,177.93613,0.6072866422710663
hNHE1cdt,3,9605,1650,3.3253653769884997,11.058054890473866,85.33246,0.6344402623306143
hNHE1cdt,3,9605,1651,2.9825153867097725,8.895398031960545,45.75373,0.45735180109523776
hNHE1cdt,3,9605,1652,2.5865767173948715,6.690379114969229,8.755454,0.3087273370340773
hNHE1cdt,3,9605,1653,3.0547550242357677,9.331528258093664,8.442482,0.3553888995583892
hNHE1cdt,3,9605,1654,3.543776093594392,12.55834900153113,122.039795,0.43200099765248745
hNHE1cdt,3,9605,1655,3.2219540189066787,10.380987699948893,26.701422,0.6033671948796269
hNHE1cdt,3,9605,1656,2.3500847817640707,5.52289848147908,21.04677,0.12138625195490416
hNHE1cdt,3,9605,1657,3.0905970257384348,9.551789975503258,2.3010783,0.17119744456084415
hNHE1cdt,3,9605,1658,3.497421195755648,12.231955020520862,98.48192,0.5077262540074718
hNHE1cdt,3,9605,1659,3.627182331222838,13.15645166393514,66.71221,0.5037085959835077
hNHE1cdt,3,9605,1660,3.050955036714253,9.308326636052067,71.6208,0.6035236205105987
hNHE1cdt,3,9605,1661,4.2550572520077,18.10551221786332,86.20238,0.6228314301179874
hNHE1cdt,3,9605,1662,3.2937570562700778,10.848835545728928,74.42055,0.21449872697154587
hNHE1cdt,3,9605,1663,3.6368398819828074,13.22660432718072,80.22259,0.6283603324528954
hNHE1cdt,3,9605,1664,4.2401633687255,17.97898539348158,154.21002,0.6278658659425427
hNHE1cdt,3,9605,1665,2.756856505745153,7.600257793269374,24.941244,0.3998418111272602
hNHE1cdt,3,9605,1666,3.2819711353466023,10.771334533248265,12.936434,0.38897455054665786
hNHE1cdt,3,9605,1667,3.5982987765381784,12.947754085236152,51.567802,0.5371418151204433
hNHE1cdt,3,9605,1668,3.1709888501976424,10.055170288077763,93.03786,0.6003827580396386
hNHE1cdt,3,9605,1669,2.812107046750498,7.907946042383807,18.96413,0.6571131050627618
hNHE1cdt,3,9605,1670,3.289657054117443,10.821843533704655,102.97137,0.501013292734493
hNHE1cdt,3,9605,1671,3.3718230246975502,11.36919050988054,54.535385,0.4431219535525455
hNHE1cdt,3,9605,1672,3.096296148132674,9.587049836941231,74.00468,0.550602020217269
hNHE1cdt,3,9605,1673,3.883451020244902,15.081191826641179,24.370255,0.7339892973881488
hNHE1cdt,3,9605,1674,3.0567753471896046,9.343875523186128,26.339054,0.2792772988735037
hNHE1cdt,3,9605,1675,3.0220045519758116,9.132511512162527,9.184523,0.16267860287532737
hNHE1cdt,3,9605,1676,2.9640987747449685,8.785881546444623,9.929176,0.28729825745188453
hNHE1cdt,3,9605,1677,2.512344996806271,6.3118773829774995,34.95092,0.3358288124029476
hNHE1cdt,3,9605,1678,4.00622801143426,16.049862879600504,72.74031,0.5850362227605796
hNHE1cdt,3,9605,1679,3.057723599727519,9.349673612330617,73.66142,0.588712933389447
hNHE1cdt,3,9605,1680,3.1906582541636945,10.180300094862913,68.04187,0.48100429420320623
hNHE1cdt,3,9605,1681,2.972404913504964,8.835190969828455,35.868824,0.21442940407857075
hNHE1cdt,3,9605,1682,4.613541889516287,21.28476876632151,226.93741,0.7307167262755337
hNHE1cdt,3,9605,1683,3.227504136364917,10.416782950252646,72.83676,0.394755725378661
hNHE1cdt,3,9605,1684,4.324763048254232,18.703575423545225,130.90921,0.6433191442426611
hNHE1cdt,3,9605,1685,4.316896130190641,18.635592198854933,124.95756,0.7618844594162761
hNHE1cdt,3,9605,1686,2.603943230761139,6.7805203490267605,17.346395,0.5031694808824028
hNHE1cdt,3,9605,1687,2.150456426107332,4.624462840586318,5.554107,0.091311055350865
hNHE1cdt,3,9605,1688,2.6653788588620397,7.10424446126871,6.52409,0.09091203564320965
hNHE1cdt,3,9605,1689,3.268729839792538,10.684594765550148,53.68922,0.43246244924737187
hNHE1cdt,3,9605,1690,3.5730577282703586,12.766741529552535,37.718277,0.6464841873415199
hNHE1cdt,3,9605,1691,4.663828074448849,21.751292308017277,169.40878,0.8422810262681943
hNHE1cdt,3,9605,1692,4.0137215708890785,16.109960848620293,143.14276,0.4134821068075242
hNHE1cdt,3,9605,1693,3.2484972636900307,10.552734472201614,63.382362,0.3594760103459606
hNHE1cdt,3,9605,1694,2.750412557674579,7.564769237414022,34.01597,0.2679741301507421
hNHE1cdt,3,9605,1695,3.077281731418958,9.46966285452486,26.742344,0.23586306482207747
hNHE1cdt,3,9605,1696,2.893865061285144,8.37445499292687,28.92192,0.43598597158146624
hNHE1cdt,3,9605,1697,2.8609816188334065,8.185215823302622,102.16385,0.2937204913360039
hNHE1cdt,3,9605,1698,2.8806859884505127,8.298351764055107,13.923009,0.2963539048918961
hNHE1cdt,3,9605,1699,3.5437208101663775,12.557957180406246,63.12369,0.5537218537921496
hNHE1cdt,3,9605,1700,5.826413998590166,33.94710008296744,221.82072,0.7193203747624831
hNHE1cdt,3,9605,1701,4.551814387867048,20.71901422159348,160.23805,0.8484559007098559
hNHE1cdt,3,9605,1702,3.9593783140032244,15.676676633399016,68.1804,0.6401600678652433
hNHE1cdt,3,9605,1703,3.011711673423432,9.07040720383497,88.6588,0.3294780457428693
hNHE1cdt,3,9605,1704,3.3091669550383833,10.950585936318006,48.46679,0.5431026301081964
hNHE1cdt,3,9605,1705,3.8568835605793566,14.875550799867298,32.60451,0.6488588152127464
hNHE1cdt,3,9605,1706,2.4693636844017055,6.0977570058419674,5.764016,0.13911215506173963
hNHE1cdt,3,9605,1707,2.999564955083167,8.997389919763082,40.54566,0.5656109024736001
hNHE1cdt,3,9605,1708,3.886736394436293,15.106719799835641,119.26399,0.502380020763319
hNHE1cdt,3,9605,1709,3.2445724562085756,10.527250423587352,115.56646,0.5060873528515628
hNHE1cdt,3,9605,1710,3.0012426081177064,9.007457192781175,32.982258,0.4322223131454635
hNHE1cdt,3,9605,1711,3.2504187023743167,10.565221740744736,44.705917,0.3121205229196108
hNHE1cdt,3,9605,1712,4.182047402348048,17.489520475486064,105.48385,0.6705646337787956
hNHE1cdt,3,9605,1713,3.691771098661183,13.629173844909996,61.88443,0.36040234803457416
hNHE1cdt,3,9605,1714,3.3222863525083044,11.037586608062933,89.254906,0.3752032707763263
hNHE1cdt,3,9605,1715,2.8211598789587566,7.958943062646585,28.609905,0.5339750678372501
hNHE1cdt,3,9605,1716,3.918658759517746,15.355886473545157,29.32286,0.5848198588951588
hNHE1cdt,3,9605,1717,3.7453575075499157,14.027702859360517,58.374027,0.6506949094916685
hNHE1cdt,3,9605,1718,3.5258058351281876,12.431306787023976,78.581635,0.5618175869790683
hNHE1cdt,3,9605,1719,3.6723570426469374,13.48620624867856,60.397446,0.5358717847628515
hNHE1cdt,3,9605,1720,3.1623389347517232,10.000387538246667,85.609566,0.4997411700735511
hNHE1cdt,3,9605,1721,3.4817607167154208,12.12265768846268,21.076818,0.6131869326011598
hNHE1cdt,3,9605,1722,3.755436800549641,14.10330556292252,103.80217,0.24609103547970423
hNHE1cdt,3,9605,1723,3.375190881312885,11.39191348529765,10.9343,0.49959154100704983
hNHE1cdt,3,9605,1724,2.596799520707948,6.74336775074903,24.899889,0.20183944792552413
hNHE1cdt,3,9605,1725,2.52125252545315,6.3567142971038875,23.474588,0.17792214786726035
hNHE1cdt,3,9605,1726,3.8018918550779435,14.454381677708007,74.8155,0.6781317486464379
hNHE1cdt,3,9605,1727,2.6198525016335106,6.863627130315362,45.180885,0.44746582158078274
hNHE1cdt,3,9605,1728,3.625332746729329,13.143037524508019,84.9003,0.467320921844342
hNHE1cdt,3,9605,1729,3.906206031631034,15.25844556155067,105.41076,0.6877682387909125
hNHE1cdt,3,9605,1730,2.748389123602638,7.553642774737275,50.62087,0.19345971200962764
hNHE1cdt,3,9605,1731,2.1199790069242637,4.494310989799588,19.19901,0.09249804309265006
hNHE1cdt,3,9605,1732,2.247589996705689,5.051660793291479,22.030815,0.35265746041804297
hNHE1cdt,3,9605,1733,3.6254808961848877,13.144111728601578,45.6419,0.4371723755412468
hNHE1cdt,3,9605,1734,3.1765092064159117,10.090210738445046,50.975277,0.4542275583569091
hNHE1cdt,3,9605,1735,3.463552719022226,11.996197437446257,29.268393,0.5832734281997627
hNHE1cdt,3,9605,1736,3.828832317875267,14.659956918406088,85.70556,0.2372590854579436
hNHE1cdt,3,9605,1737,2.7294597364471676,7.449950452886241,24.371862,0.4489635240096369
hNHE1cdt,3,9605,1738,2.9644514243958318,8.787972247602477,39.82599,0.2614726522346524
hNHE1cdt,3,9605,1739,2.8193319538057127,7.948632665749937,66.203064,0.19953497075052173
hNHE1cdt,3,9605,1740,3.8702685736926266,14.978978832512757,93.60397,0.5889203248380881
hNHE1cdt,3,9605,1741,4.639755372523724,21.527329916862758,96.384415,0.5908558483533075
hNHE1cdt,3,9605,1742,4.264109832414642,18.18263266289522,90.90174,0.67824508462118
hNHE1cdt,3,9605,1743,3.3681485952194614,11.344424959478827,104.07136,0.4321149997919974
hNHE1cdt,3,9605,1744,2.457796116446871,6.04076175002132,39.926033,0.22984087353670607
hNHE1cdt,3,9605,1745,2.134412099591941,4.555715010884477,29.168974,0.24666793339240584
hNHE1cdt,3,9605,1746,3.5788573076251367,12.808219628341842,40.56923,0.25074742284280765
hNHE1cdt,3,9605,1747,3.6730574631332393,13.491351127478787,65.25836,0.6520924112234994
hNHE1cdt,3,9605,1748,4.110144248589653,16.893285744214595,144.76915,0.6413309265489332
hNHE1cdt,3,9605,1749,4.1170697822589055,16.950263591989387,79.226265,0.5816880546133929
hNHE1cdt,3,9605,1750,5.333779208379921,28.449200643745936,278.24396,0.855483710401943
hNHE1cdt,3,9605,1751,3.5860688990374245,12.859890148643489,74.19854,0.7393026939209972
hNHE1cdt,3,9605,1752,3.421789049084332,11.708640296433455,117.47249,0.38565539776595614
hNHE1cdt,3,9605,1753,2.8608932571946357,8.184710229061729,24.916098,0.2231346930505086
hNHE1cdt,3,9605,1754,3.1617447806125623,9.99663005773078,37.635445,0.3792541854527255
hNHE1cdt,3,9605,1755,3.16896533808363,10.042341313975495,82.50389,0.6192514183951698
hNHE1cdt,3,9605,1756,2.8908062414447855,8.356760725576128,9.372256,0.2475742154993905
hNHE1cdt,3,9605,1757,3.16010376667944,9.986255816181584,39.27072,0.4208878869001398
hNHE1cdt,3,9605,1758,4.304706202158708,18.53049548690365,110.335175,0.25122459536434494
hNHE1cdt,3,9605,1759,3.551065880510408,12.610068887725166,87.66385,0.5872667495577506
hNHE1cdt,3,9605,1760,3.5080968431546835,12.306743460951857,104.60736,0.5615735658448848
hNHE1cdt,3,9605,1761,3.7844856874475936,14.322331918495689,109.69963,0.6082221197993143
hNHE1cdt,3,9605,1762,2.606798318161541,6.795397471569841,29.689571,0.462150282287447
hNHE1cdt,3,9605,1763,3.261674380421225,10.63851976389618,67.72671,0.5647804584583251
hNHE1cdt,3,9605,1764,4.518796611804545,20.419522818856237,56.3322,0.4247274886523241
hNHE1cdt,3,9605,1765,4.879384049580405,23.808388703299663,206.43134,0.8044330793232323
hNHE1cdt,3,9605,1766,4.76368597847794,22.692704101547335,51.548935,0.35604471692248363
hNHE1cdt,3,9605,1767,2.641953125411296,6.979916316870515,51.883095,0.42659785906197056
hNHE1cdt,3,9605,1768,4.6904077938739475,21.999925272833476,150.8306,0.5250385480070555
hNHE1cdt,3,9605,1769,4.731421490745645,22.386349323089746,204.76775,0.7721597446001147
hNHE1cdt,3,9605,1770,3.784981086231502,14.3260818231302,61.052,0.6014940221798271
hNHE1cdt,3,9605,1771,2.42173541329013,5.864802411983515,18.367313,0.31863193048822946
hNHE1cdt,3,9605,1772,3.21654893450253,10.346187048049362,39.11971,0.3571617774786035
hNHE1cdt,3,9605,1773,3.6751725277448855,13.506893108690731,63.219566,0.45081324451354304
hNHE1cdt,3,9605,1774,3.453296193715505,11.925254601529998,70.94577,0.5416831301075691
hNHE1cdt,3,9605,1775,2.252167751264283,5.0722595798348165,35.175125,0.07482441585085808
hNHE1cdt,3,9605,1776,2.337588185249649,5.464318523818748,13.757891,0.25013632536434505
hNHE1cdt,3,9605,1777,2.7629708363164727,7.634007842335351,23.991184,0.26353440884976836
hNHE1cdt,3,9605,1778,3.4098112626987933,11.626812847227535,73.354866,0.16207437363863764
hNHE1cdt,3,9605,1779,3.0630669720319714,9.382379275153113,30.18394,0.42081764350843237
hNHE1cdt,3,9605,1780,4.003528247336547,16.028238427221645,105.204544,0.21004563810796723
hNHE1cdt,3,9605,1781,2.8972825449835167,8.394246145466163,58.871162,0.23171978170904628
hNHE1cdt,3,9605,1782,3.078807104040712,9.479053183891555,28.560028,0.29756538181489856
hNHE1cdt,3,9605,1783,3.0743177261977714,9.451429481613836,57.306446,0.3529696903008522
hNHE1cdt,3,9605,1784,2.3938846448591415,5.730683692892379,15.979523,0.2711019778392689
hNHE1cdt,3,9605,1785,2.8239047465277216,7.974438017461796,32.296013,0.5243220566451028
hNHE1cdt,3,9605,1786,2.2769644529915323,5.184567120187027,17.109564,0.0971924446112492
hNHE1cdt,3,9605,1787,2.4070211873953453,5.793750996570099,30.245068,0.11069173008999775
hNHE1cdt,3,9605,1788,3.041165048023198,9.24868484931794,9.169509,0.45018594561275216
hNHE1cdt,3,9605,1789,3.120207122880766,9.735692489675865,49.462746,0.4806909482908075
hNHE1cdt,3,9605,1790,2.842988113881967,8.082581415674145,62.67642,0.42052239467809843
hNHE1cdt,3,9605,1791,2.9607680586368725,8.766147497044352,46.485424,0.6055525969941037
hNHE1cdt,3,9605,1792,2.396693886812608,5.744141587084929,17.95875,0.2872648168013355
hNHE1cdt,3,9605,1793,3.148469360762273,9.912859315658798,32.606926,0.3944808567592507
hNHE1cdt,3,9605,1794,4.0411983703018235,16.33128426813012,189.40494,0.4753342478111493
hNHE1cdt,3,9605,1795,3.222742265374288,10.386067709029803,2.6962445,0.2928158845955019
hNHE1cdt,3,9605,1796,2.8342425843939614,8.032931027192161,5.519406,0.37864943115818084
hNHE1cdt,3,9605,1797,2.9622507616146745,8.774929574686718,56.884857,0.3561846799810465
hNHE1cdt,3,9605,1798,2.303581117959827,5.306485967021048,13.318247,0.17479358754912963
hNHE1cdt,3,9605,1799,3.7911574872881744,14.372875093421179,88.585846,0.5840926108401727
hNHE1cdt,3,9605,1800,3.304381322044002,10.918935921473265,42.03129,0.553010080632941
hNHE1cdt,3,9605,1801,2.967748708368031,8.807532396020116,13.526705,0.6066241631140475
hNHE1cdt,3,9605,1802,2.273908197162496,5.170658489122793,35.242588,0.14157290882318804
hNHE1cdt,3,9605,1803,3.9722928130475803,15.779110192589462,109.54155,0.5830540387869233
hNHE1cdt,3,9605,1804,3.915169647949443,15.328553372224565,56.55502,0.6747960078788787
hNHE1cdt,3,9605,1805,3.518055371845824,12.376713599373254,63.98516,0.21841121240498568
hNHE1cdt,3,9605,1806,3.561780523625973,12.68628049848131,87.259285,0.22638696438047695
hNHE1cdt,3,9605,1807,2.9906362287857298,8.943905052925732,43.88601,0.4970930320212863
hNHE1cdt,3,9605,1808,3.530211233617114,12.462391353956464,138.53902,0.682023914707528
hNHE1cdt,3,9605,1809,2.3484258443902624,5.515103946600116,7.6695495,0.20986717023040227
hNHE1cdt,3,9605,1810,2.777073776401487,7.712138759576815,33.81042,0.5251969405865085
hNHE1cdt,3,9605,1811,3.661427851874096,13.406053914479354,88.97438,0.43909674010859395
hNHE1cdt,3,9605,1812,3.7376385555052156,13.96994197159912,87.35771,0.653874163892048
hNHE1cdt,3,9605,1813,3.857167739593817,14.87774297136328,89.00206,0.5705208815461945
hNHE1cdt,3,9605,1814,3.1785607119235166,10.103248199383733,55.847786,0.598549225282501
hNHE1cdt,3,9605,1815,2.850343767070703,8.124459590478809,29.195766,0.21666787211751012
hNHE1cdt,3,9605,1816,2.7671974553538123,7.657381756916616,36.74604,0.31138769213187617
hNHE1cdt,3,9605,1817,2.433501956670817,5.921931773120694,33.842117,0.22837147977163977
hNHE1cdt,3,9605,1818,2.971086522058304,8.827355121556506,13.540234,0.22338731463720676
hNHE1cdt,3,9605,1819,3.4536181428461736,11.927478276596254,68.46398,0.41487870889657846
hNHE1cdt,3,9605,1820,2.8410941189135768,8.071815792525314,49.18342,0.21548057703246887
hNHE1cdt,3,9605,1821,4.13291922913063,17.081021354517723,35.01122,0.6130130412705459
hNHE1cdt,3,9605,1822,3.4523074654121424,11.918426835740412,126.6243,0.5927066370175333
hNHE1cdt,3,9605,1823,2.871945180130656,8.248069117675703,40.899216,0.30110502210529855
hNHE1cdt,3,9605,1824,3.2769703739493785,10.73853483174193,47.389484,0.5184718331121883
hNHE1cdt,3,9605,1825,2.952438660839771,8.716894046021341,86.565384,0.2209841144547448
hNHE1cdt,3,9605,1826,4.045354488643611,16.364892938789012,27.868958,0.5368738248212052
hNHE1cdt,3,9605,1827,4.7905731588501,22.949591190295028,215.32155,0.7989560636776853
hNHE1cdt,3,9605,1828,5.057466115553625,25.577963509973074,123.50792,0.831526774742473
hNHE1cdt,3,9605,1829,3.2568429945204933,10.607026290957215,100.535614,0.6303427163805204
hNHE1cdt,3,9605,1830,4.358447941166377,18.996068455857426,79.73995,0.5878725121570273
hNHE1cdt,3,9605,1831,3.1467418110284986,9.901984025274915,23.760925,0.6224277625505502
hNHE1cdt,3,9605,1832,3.3140388899122,10.982853763850487,66.53789,0.3384156778514107
hNHE1cdt,3,9605,1833,3.792558752885355,14.383501894087319,56.24165,0.45786296946316407
hNHE1cdt,3,9605,1834,4.735812681352363,22.427921752857856,252.12112,0.5823118690425173
hNHE1cdt,3,9605,1835,4.614573233750737,21.29428612964874,136.4599,0.6846615400964113
hNHE1cdt,3,9605,1836,3.386470197162478,11.468180396269673,98.45709,0.4313594427855884
hNHE1cdt,3,9605,1837,2.726831044717342,7.435607546434272,17.222645,0.3149268011845545
hNHE1cdt,3,9605,1838,2.3195381051199853,5.3802570211036125,11.121191,0.26905554348430705
hNHE1cdt,3,9605,1839,3.376045360961674,11.397682279270835,5.6521096,0.15756297066681196
hNHE1cdt,3,9605,1840,2.7411478513558856,7.5138915429929884,64.97006,0.26868522304307313
hNHE1cdt,3,9605,1841,3.306404827564123,10.932312883739337,42.127373,0.49457534040587026
hNHE1cdt,3,9605,1842,4.888752738770743,23.899903340838446,163.57378,0.5914624615802684
hNHE1cdt,3,9605,1843,3.2762166821532803,10.733595748419445,56.975594,0.5596600656012888
hNHE1cdt,3,9605,1844,2.68127487824521,7.1892349727088645,37.379993,0.20552903868055258
hNHE1cdt,3,9605,1845,4.576756854166891,20.94670330216361,175.29153,0.6191602022782688
hNHE1cdt,3,9605,1846,3.44008471974512,11.83418287902386,35.00037,0.46394672454830116
hNHE1cdt,3,9605,1847,3.408988789582593,11.621204567499792,71.0985,0.49933481685862624
hNHE1cdt,3,9605,1848,3.6250321472518165,13.140858068609116,30.586706,0.43621933448347683
hNHE1cdt,3,9605,1849,3.2554772562191037,10.598132165759862,67.28502,0.25426435719403
hNHE1cdt,3,9605,1850,4.009911337998441,16.079388938608442,118.8065,0.5206165787056812
hNHE1cdt,3,9605,1851,2.806165081944185,7.8745624671228125,26.433117,0.34174615636320205
hNHE1cdt,3,9605,1852,2.2761733151563064,5.180964960629648,23.177128,0.13215239654108815
hNHE1cdt,3,9605,1853,3.7184136927813802,13.826600390664055,134.73256,0.3881416596944865
hNHE1cdt,3,9605,1854,4.654782962943293,21.66700443210714,50.80746,0.507076102598644
hNHE1cdt,3,9605,1855,3.550430322593946,12.605555475594555,91.45509,0.6639912672483055
hNHE1cdt,3,9605,1856,2.639637208156523,6.967684590684363,15.546862,0.488448856565617
hNHE1cdt,3,9605,1857,2.505488647805998,6.277473364284726,29.178608,0.27209463404475576
hNHE1cdt,3,9605,1858,2.813246763171915,7.914357350497253,30.189272,0.27574646594737423
hNHE1cdt,3,9605,1859,3.3120822865707167,10.969889073015507,108.16261,0.22462861616857205
hNHE1cdt,3,9605,1860,2.3816919938724217,5.672456753675991,14.157093,0.29632270058500765
hNHE1cdt,3,9605,1861,3.320623198620244,11.02653842721494,30.900892,0.6327350243281906
hNHE1cdt,3,9605,1862,2.9648747660073074,8.790482378106885,53.432575,0.6686023014333995
hNHE1cdt,3,9605,1863,2.568427222671529,6.596818398160185,54.82549,0.35916330645233197
hNHE1cdt,3,9605,1864,2.993734337423077,8.962445283065989,14.555155,0.3115770499830246
hNHE1cdt,3,9605,1865,3.5106823821816286,12.324890788560479,63.708046,0.5992038566264791
hNHE1cdt,3,9605,1866,2.9050298739709435,8.439198568663636,72.42137,0.3031377233727984
hNHE1cdt,3,9605,1867,3.9594998769915537,15.67763927589613,184.02376,0.6223435786404115
hNHE1cdt,3,9605,1868,2.9207265828053686,8.530643771505924,50.672558,0.48414953337707234
hNHE1cdt,3,9605,1869,3.247046338170135,10.543309922224084,14.25135,0.46943829764854816
hNHE1cdt,3,9605,1870,2.907371209299002,8.452807348660741,36.92197,0.41990549161407703
hNHE1cdt,3,9605,1871,2.980955307483686,8.886094545215158,26.611187,0.29367145056037913
hNHE1cdt,3,9605,1872,3.2186622696044274,10.359786805775125,84.59828,0.6333030345249322
hNHE1cdt,3,9605,1873,3.8459970405300488,14.791693235765893,125.064095,0.6184896205266145
hNHE1cdt,3,9605,1874,4.208344651639564,17.710164706983324,196.1661,0.7530182167018258
hNHE1cdt,3,9605,1875,4.396154297798869,19.326172610055476,165.65506,0.7773021681169456
hNHE1cdt,3,9605,1876,3.2173864671001904,10.351575678679446,54.33348,0.500246722316623
hNHE1cdt,3,9605,1877,2.901339621963053,8.417771601972715,51.121468,0.24002817643970822
hNHE1cdt,3,9605,1878,3.222328140847235,10.383398647295996,28.602505,0.2406681198279605
hNHE1cdt,3,9605,1879,3.962001325856371,15.69745450608764,120.6378,0.4400217954570377
hNHE1cdt,3,9605,1880,2.71750288151384,7.384821911036021,75.60706,0.45978982087106746
hNHE1cdt,3,9605,1881,3.396965490366031,11.539374542737733,41.44194,0.2689604447618795
hNHE1cdt,3,9605,1882,4.335370334535354,18.79543593756918,73.57518,0.41030915636478626
hNHE1cdt,3,9605,1883,3.8048487150831383,14.476873744669806,115.32229,0.499341319208477
hNHE1cdt,3,9605,1884,3.312722402358151,10.974129715085562,75.739525,0.581635217783913
hNHE1cdt,3,9605,1885,3.6655441203220502,13.43621369802756,50.019573,0.6128536898496513
hNHE1cdt,3,9605,1886,3.231713388645763,10.443971426352281,37.38862,0.4784550458817979
hNHE1cdt,3,9605,1887,3.5740838893099496,12.774075647824935,46.755928,0.4911405941475232
hNHE1cdt,3,9605,1888,3.300740542989993,10.894888132137876,94.682816,0.7590154976977617
hNHE1cdt,3,9605,1889,3.142307708362946,9.87409773403719,36.256306,0.3241912613763763
hNHE1cdt,3,9605,1890,2.1802398159683687,4.753445655133785,10.362275,0.1630684181327039
hNHE1cdt,3,9605,1891,3.109939282622037,9.671722341595672,101.775696,0.35582678814547963
hNHE1cdt,3,9605,1892,3.5205872061220407,12.394534275910196,73.832726,0.6290210968571345
hNHE1cdt,3,9605,1893,4.04127612590147,16.331912725781187,90.03045,0.5160573113046287
hNHE1cdt,3,9605,1894,2.9182027248283595,8.515907143195662,42.843384,0.5474386872209442
hNHE1cdt,3,9605,1895,3.608323099423178,13.01999558983089,126.69986,0.40256286953921444
hNHE1cdt,3,9605,1896,4.407901056339945,19.429591722482808,150.76807,0.7383402813475958
hNHE1cdt,3,9605,1897,4.726737573637265,22.342048090034297,227.65167,0.6111605334821852
hNHE1cdt,3,9605,1898,3.312831566702583,10.974852989341093,6.7165728,0.6107851823719783
hNHE1cdt,3,9605,1899,3.410123293438653,11.628940876452882,65.04822,0.5240889587824176
hNHE1cdt,3,9605,1900,3.18554593852705,10.14770292646618,60.44381,0.1601197367670127
hNHE1cdt,3,9605,1901,2.906426235569843,8.447313462808689,5.150813,0.4944162975426301
hNHE1cdt,3,9605,1902,2.8937105149159916,8.373560544135373,7.169668,0.2974693831470898
hNHE1cdt,3,9605,1903,3.4841641239219094,12.139399642424525,48.673363,0.26053296100458523
hNHE1cdt,3,9605,1904,2.5869693073760476,6.692410197305709,19.79522,0.3599058729639254
hNHE1cdt,3,9605,1905,2.778640520249658,7.72084314077329,7.9742823,0.20173307140659336
hNHE1cdt,3,9605,1906,3.3379813025016762,11.142119175850786,104.664635,0.42701145794324213
hNHE1cdt,3,9605,1907,3.992432215771442,15.939514997529663,65.4245,0.613871391734592
hNHE1cdt,3,9605,1908,3.7991905164221187,14.433848580071764,71.34634,0.5407809380974741
hNHE1cdt,3,9605,1909,3.979215529021277,15.834156226404081,74.13466,0.5180918871888481
hNHE1cdt,3,9605,1910,2.892931282963588,8.369051407949353,54.97889,0.3767339749036913
hNHE1cdt,3,9605,1911,2.4969629494393977,6.234823970873096,10.015976,0.2978297724214085
hNHE1cdt,3,9605,1912,3.748148581422889,14.04861778842242,55.8209,0.30949308113342816
hNHE1cdt,3,9605,1913,5.516635361985238,30.433265717106,239.81451,0.8032174284611051
hNHE1cdt,3,9605,1914,4.580356498184365,20.97966565045974,146.14612,0.8028122046241153
hNHE1cdt,3,9605,1915,2.5127000724596784,6.313661654138873,10.776541,0.14838117051181374
hNHE1cdt,3,9605,1916,2.798178872755909,7.82980500393753,80.37043,0.4770178334141266
hNHE1cdt,3,9605,1917,3.2522867388803127,10.57736903189674,70.96832,0.20558954973561908
hNHE1cdt,3,9605,1918,3.258407214458443,10.61721757523483,103.11428,0.6305885541738948
hNHE1cdt,3,9605,1919,3.619833715382835,13.1031961270223,99.403725,0.2816910745806975
hNHE1cdt,3,9605,1920,3.778003292989312,14.273308881838085,91.788864,0.6240209367155355
hNHE1cdt,3,9605,1921,4.290003779756628,18.40413243032615,101.848785,0.7472843346821529
hNHE1cdt,3,9605,1922,4.169436335573698,17.38419935640222,99.2924,0.6565028788591176
hNHE1cdt,3,9605,1923,3.4806495425729964,12.114921238213615,105.07674,0.45205913371814166
hNHE1cdt,3,9605,1924,3.073936162689576,9.449083532290711,53.283012,0.43119915999702796
hNHE1cdt,3,9605,1925,4.171153287039854,17.398519743983382,69.76401,0.6060235034589349
hNHE1cdt,3,9605,1926,3.850448253151618,14.825951750198344,71.1415,0.25330893237670987
hNHE1cdt,3,9605,1927,3.4559634651462208,11.943683472425473,83.5962,0.636092679431502
hNHE1cdt,3,9605,1928,4.518703593475177,20.418682165685485,103.45877,0.5072407790157583
hNHE1cdt,3,9605,1929,3.4927199774303306,12.199092840740928,96.904335,0.48340201474653377
hNHE1cdt,3,9605,1930,3.193936980477082,10.201233435259065,72.32924,0.6102057625531985
hNHE1cdt,3,9605,1931,2.982616756961844,8.896002718909587,58.425686,0.23992404948719015
hNHE1cdt,3,9605,1932,5.292590781328544,28.011517178603874,147.45995,0.4653029576258491
hNHE1cdt,3,9605,1933,3.5945928064945836,12.921097444502609,46.577473,0.6307493031108904
hNHE1cdt,3,9605,1934,3.827627845529146,14.650734923870091,54.47533,0.4136641069123245
hNHE1cdt,3,9605,1935,4.712915960405739,22.211576849847145,101.54377,0.5651349954058875
hNHE1cdt,3,9605,1936,4.938793372173491,24.391679973024797,256.25772,0.8536864726202986
hNHE1cdt,3,9605,1937,4.597392655934173,21.13601923283747,149.03363,0.7382803215867793
hNHE1cdt,3,9605,1938,5.086324411918181,25.87069602327483,204.66362,0.8447981358137706
hNHE1cdt,3,9605,1939,4.7551386379098615,22.61134346574325,93.63417,0.7809431821440913
hNHE1cdt,3,9605,1940,2.136543493968226,4.564818101617954,21.947678,0.14973588288824147
hNHE1cdt,3,9605,1941,3.528022839210252,12.446945153989164,92.0238,0.3994063333962854
hNHE1cdt,3,9605,1942,3.7352785945835776,13.952306179154263,139.19165,0.39711528620426145
hNHE1cdt,3,9605,1943,4.517573082084294,20.40846655197258,98.71698,0.5649846381995287
hNHE1cdt,3,9605,1944,2.442079285054309,5.963751234491366,53.335663,0.2932891801792757
hNHE1cdt,3,9605,1945,3.325418222200268,11.058406352541587,8.731718,0.22931156396052038
hNHE1cdt,3,9605,1946,3.1561350613908417,9.961188525740573,45.262398,0.4483138048970282
hNHE1cdt,3,9605,1947,2.0666228114024197,4.270929844608841,12.602183,0.22833563654904776
hNHE1cdt,3,9605,1948,3.313029513548952,10.976164557646408,110.48782,0.47494756555007217
hNHE1cdt,3,9605,1949,3.5631622584601015,12.69612528011449,35.30444,0.4124180165093278
hNHE1cdt,3,9605,1950,2.5097451438996443,6.2988206873278445,54.850388,0.26198385489879916
hNHE1cdt,3,9605,1951,2.6249029503668497,6.890115498844592,11.9433155,0.24081564170742834
hNHE1cdt,3,9605,1952,2.6338829582746777,6.937339437889768,30.796144,0.24488083503863445
hNHE1cdt,3,9605,1953,2.3838348238043627,5.682668467182376,3.5981894,0.22965761963387804
hNHE1cdt,3,9605,1954,2.671927573355297,7.139196957256327,54.07937,0.2398102874225888
hNHE1cdt,3,9605,1955,3.174353210658392,10.076518306017242,19.367222,0.28639131459480316
hNHE1cdt,3,9605,1956,3.7518211946404687,14.076162276553433,147.82262,0.44986315397910714
hNHE1cdt,3,9605,1957,3.3492051353199788,11.217175038453716,93.69711,0.6065766172078951
hNHE1cdt,3,9605,1958,3.671636253967507,13.480912781448549,94.3917,0.46628403550213937
hNHE1cdt,3,9605,1959,3.0853576291466975,9.519431699733726,39.198452,0.13076940651357422
hNHE1cdt,3,9605,1960,2.2952431527068256,5.268141130047569,2.3102727,0.1999088406170506
hNHE1cdt,3,9605,1961,2.131802886771775,4.544583548048474,10.368421,0.13366836781517438
hNHE1cdt,3,9605,1962,2.973489335708833,8.841638829574157,63.945293,0.28055350233524595
hNHE1cdt,3,9605,1963,3.785123783351157,14.327162055290577,73.31738,0.5765867736679483
hNHE1cdt,3,9605,1964,2.1289486571995244,4.5324223849916585,3.4687688,0.29942667852101557
hNHE1cdt,3,9605,1965,3.699544825787572,13.6866319180116,94.47821,0.34461831641829754
hNHE1cdt,3,9605,1966,4.390018241842236,19.272260163707607,112.43361,0.5783887391243555
hNHE1cdt,3,9605,1967,3.2844136444207397,10.787372987657127,27.258682,0.4522855893662019
hNHE1cdt,3,9605,1968,3.530762947822947,12.466286993719384,116.834526,0.49710010566188145
hNHE1cdt,3,9605,1969,2.516100134527757,6.330759886970597,10.525447,0.18303691301285277
hNHE1cdt,3,9605,1970,2.3886155981916826,5.705484475924609,11.52482,0.3097744293699569
hNHE1cdt,3,9605,1971,3.3719208208854234,11.369850022320627,59.029064,0.46377976707639446
hNHE1cdt,3,9605,1972,3.645670734611732,13.290915105204444,49.51915,0.40332881964841977
hNHE1cdt,3,9605,1973,5.008820624962155,25.088284053046273,225.13654,0.8199746903490583
hNHE1cdt,3,9605,1974,5.251581551944864,27.579108796727624,222.13147,0.7747060223402267
hNHE1cdt,3,9605,1975,5.033766720776955,25.33880739920158,290.1059,0.8234067089240282
hNHE1cdt,3,9605,1976,3.935388251301373,15.487280688480876,102.502594,0.22011693717969374
hNHE1cdt,3,9605,1977,2.8680898628685703,8.225939461489457,41.83909,0.18501129415417775
hNHE1cdt,3,9605,1978,2.089227519322796,4.364871627495686,27.22206,0.23227882038619038
hNHE1cdt,3,9605,1979,3.613629198207193,13.05831598213556,82.26974,0.31173920152676377
hNHE1cdt,3,9605,1980,3.2843419172874873,10.786901829651647,48.62111,0.39825944839226723
hNHE1cdt,3,9605,1981,3.2583674840532932,10.616958661135786,60.65773,0.7183844072331941
hNHE1cdt,3,9605,1982,3.63736132936725,13.230397440376288,88.40401,0.6890291250984766
hNHE1cdt,3,9605,1983,4.649885616169936,21.621436243464068,200.70413,0.7142003976094726
hNHE1cdt,3,9605,1984,3.8726907205900543,14.997733417344309,118.082306,0.4017774754059289
hNHE1cdt,3,9605,1985,3.699287591749126,13.684728686469052,92.614525,0.36613189433460885
hNHE1cdt,3,9605,1986,3.3345634421244887,11.119313349553115,34.476925,0.4294148192921302
hNHE1cdt,3,9605,1987,2.6786142465391873,7.1749742817626965,39.74238,0.2032216775962922
hNHE1cdt,3,9605,1988,2.6641995873619444,7.097959441299554,37.431164,0.19835189425279984
hNHE1cdt,3,9605,1989,2.7755118547506634,7.70346605586147,41.043987,0.25003300065098877
hNHE1cdt,3,9605,1990,3.5682197607003068,12.732192260652159,108.18433,0.512718745946962
hNHE1cdt,3,9605,1991,3.681347547788123,13.552319767605626,60.45782,0.24591180803467838
hNHE1cdt,3,9605,1992,3.8728695609945296,14.99911863647796,92.86059,0.6653948744766577
hNHE1cdt,3,9605,1993,3.1938344976358337,10.200578798288738,133.54237,0.5466005456957279
hNHE1cdt,3,9605,1994,2.9422993445530734,8.657125432957445,51.581726,0.273042845369358
hNHE1cdt,3,9605,1995,3.440390023099457,11.836283511042279,71.927475,0.26696834174241685
hNHE1cdt,3,9605,1996,3.715101943042398,13.801982447197402,67.30028,0.414228293516703
hNHE1cdt,3,9605,1997,2.8371703611728196,8.049535658317506,14.493995,0.27824468366678023
hNHE1cdt,3,9605,1998,3.5867433132447646,12.864727595106034,46.094532,0.31380356416132393
hNHE1cdt,3,9605,1999,3.1930012387365005,10.195256910572828,79.08772,0.3482169324990581
hNHE1cdt,3,9605,2000,3.6822828306811144,13.559206845128916,107.89696,0.3061059859897406
hNHE1cdt,3,9605,2001,2.4174854292587864,5.844235800678538,44.58209,0.21797672608384575
hNHE1cdt,3,9605,2002,2.81108101920845,7.902176496554019,25.65027,0.32237160027166334
hNHE1cdt,3,9605,2003,2.5987335504257407,6.753416066108377,31.04103,0.28771060999696835
hNHE1cdt,3,9605,2004,2.9403157669357527,8.64545680929098,29.275928,0.4850976338752623
hNHE1cdt,3,9605,2005,3.385954861550161,11.46469032445517,72.71307,0.4517517420533469
hNHE1cdt,3,9605,2006,4.053647821128242,16.432060657737747,116.10398,0.6754978196586325
hNHE1cdt,3,9605,2007,3.326831132996114,11.06780538747221,34.351784,0.48503892063089904
hNHE1cdt,3,9605,2008,2.9419576598530126,8.655114872367815,38.67366,0.39535896806831555
hNHE1cdt,3,9605,2009,3.4027278153512373,11.578556585365003,65.815186,0.4466041604378842
hNHE1cdt,3,9605,2010,3.8375768231043845,14.72699587322794,79.92555,0.5495452308495005
hNHE1cdt,3,9605,2011,2.8951100490452855,8.381662196082996,25.914583,0.18064362899012357
hNHE1cdt,3,9605,2012,3.6052576566528822,12.997882770854236,103.88193,0.46803005423453714
hNHE1cdt,3,9605,2013,4.056332326818258,16.453831945590824,150.19054,0.6175265345399393
hNHE1cdt,3,9605,2014,3.9596471119122936,15.678805250875367,84.795425,0.5618047027072106
hNHE1cdt,3,9605,2015,5.122354894096445,26.2385196610738,248.89148,0.8313182163520222
hNHE1cdt,3,9605,2016,5.403596567395082,29.19885586316391,148.30896,0.7585961553292709
hNHE1cdt,3,9605,2017,5.09967134622425,26.00664783950065,169.47682,0.7614022004929849
hNHE1cdt,3,9605,2018,3.0627530725539818,9.380456383438851,47.039326,0.42894773839109357
hNHE1cdt,3,9605,2019,2.7708712336984997,7.677727393737848,21.176508,0.2236742552903187
hNHE1cdt,3,9605,2020,2.834157797389746,8.032450420505096,13.10824,0.25027390906989616
hNHE1cdt,3,9605,2021,2.8367785799172203,8.047312711477161,6.0554028,0.2475600813099941
hNHE1cdt,3,9605,2022,4.086915478241447,16.702878126289512,51.7762,0.5720183578881151
hNHE1cdt,3,9605,2023,3.7332245131261383,13.936965265405894,106.67642,0.4463728315215024
hNHE1cdt,3,9605,2024,2.981321676606141,8.888278939401653,77.39783,0.40074709148311666
hNHE1cdt,3,9605,2025,2.1630626390631287,4.678839980510747,3.2433288,0.0874279012525878
hNHE1cdt,3,9605,2026,3.2672399910352823,10.674857159020231,76.779,0.4607499983559921
hNHE1cdt,3,9605,2027,3.968002963408801,15.745047517621021,120.54115,0.5630154647335525
hNHE1cdt,3,9605,2028,3.9587988225367203,15.672088117318118,137.95337,0.6284799803389367
hNHE1cdt,3,9605,2029,4.622215151454623,21.364872906336682,226.34952,0.6305487794474596
hNHE1cdt,3,9605,2030,3.316826856573334,11.001340396486142,43.203266,0.6610442590056631
hNHE1cdt,3,9605,2031,2.780168916020077,7.729339201604249,8.299477,0.1384808050624544
hNHE1cdt,3,9605,2032,2.937225183127475,8.62729177639823,91.419075,0.4180426659392357
hNHE1cdt,3,9605,2033,3.8088559555712047,14.507383690290235,99.91998,0.65267019905258
hNHE1cdt,3,9605,2034,2.7625502483516144,7.6316838746675675,23.509834,0.32161016175940094
hNHE1cdt,3,9605,2035,3.473540113761242,12.065480921908465,25.987019,0.3426892513750827
hNHE1cdt,3,9605,2036,3.5436536589813796,12.557481254812124,80.611916,0.367253676295052
hNHE1cdt,3,9605,2037,2.98930947292992,8.935971124948551,45.854164,0.2927991862261299
hNHE1cdt,3,9605,2038,3.772690024926151,14.23319002417728,104.22319,0.5345941126640992
hNHE1cdt,3,9605,2039,2.2552333565260314,5.08607749238767,17.58354,0.13912768038487844
hNHE1cdt,3,9605,2040,3.972206740357716,15.778426388143272,83.92954,0.332129821777993
hNHE1cdt,3,9605,2041,3.8161331509410092,14.562872225710956,75.51659,0.5809997643315671
hNHE1cdt,3,9605,2042,5.111628911091724,26.12875012470877,123.56761,0.7237992560511035
hNHE1cdt,3,9605,2043,5.74323070777446,32.98469896272352,307.1939,0.6668023328267817
hNHE1cdt,3,9605,2044,4.633541769715256,21.46970933169599,160.37946,0.5787920796173532
hNHE1cdt,3,9605,2045,3.239483430607406,10.494252897179928,78.647995,0.5929306438603829
hNHE1cdt,3,9605,2046,3.4799811518342514,12.110268817121641,97.02343,0.5247888608209643
hNHE1cdt,3,9605,2047,2.8531821979164014,8.140648654507066,76.03113,0.4865206755017283
hNHE1cdt,3,9605,2048,3.060572452282405,9.367103735669934,62.728577,0.35406496105209906
hNHE1cdt,3,9605,2049,3.3659832440285906,11.329843199081235,102.27638,0.5554565466110435
hNHE1cdt,3,9605,2050,3.2788642513385096,10.75095077870564,129.67435,0.49798829810052403
hNHE1cdt,3,9605,2051,3.0064733353500137,9.038881916170638,48.0392,0.35586705717133515
hNHE1cdt,3,9605,2052,4.115603972035167,16.938196054631646,133.42786,0.40006855044259015
hNHE1cdt,3,9605,2053,2.741548261293261,7.516086869000104,28.261734,0.284738026977241
hNHE1cdt,3,9605,2054,3.921887235591161,15.38119948869288,180.7869,0.4865491885254798
hNHE1cdt,3,9605,2055,2.1902313520569163,4.797113375533067,21.369556,0.17016927188580047
hNHE1cdt,3,9605,2056,3.603736558285905,12.986917181526337,55.425705,0.4324909293349215
hNHE1cdt,3,9605,2057,3.7603085327743293,14.139920261655433,98.85013,0.5190218521527203
hNHE1cdt,3,9605,2058,3.542871904203333,12.55194132959335,91.14162,0.41093637731839083
hNHE1cdt,3,9605,2059,2.9333676665285533,8.60464586703517,28.482164,0.471620489273038
hNHE1cdt,3,9605,2060,4.024763046058334,16.19871757691676,22.40786,0.36614568348981724
hNHE1cdt,3,9605,2061,2.199238452282931,4.836649769999822,6.47914,0.17075882384492336
hNHE1cdt,3,9605,2062,2.4885398118751647,6.192830395287681,43.140045,0.4220052115086736
hNHE1cdt,3,9605,2063,3.4455556481222605,11.871853724307211,126.73662,0.6232931352190898
hNHE1cdt,3,9605,2064,3.773502260549552,14.23931931037258,51.016926,0.6365022768986404
hNHE1cdt,3,9605,2065,2.7335994547085583,7.472565978782927,5.0366926,0.4427674459210791
hNHE1cdt,3,9605,2066,2.929650663856984,8.582853012237669,47.09417,0.5749944236464948
hNHE1cdt,3,9605,2067,3.394575608007226,11.523143558477633,82.30159,0.4011201233584245
hNHE1cdt,3,9605,2068,3.878284374881257,15.041089692448104,191.07755,0.5671705089163598
hNHE1cdt,3,9605,2069,2.771241377501877,7.6797787723785005,20.020498,0.441649363152629
hNHE1cdt,3,9605,2070,3.1349884917802116,9.828152843594367,36.636555,0.2499562924867073
hNHE1cdt,3,9605,2071,4.704302907615988,22.130465846604253,168.54791,0.8186645478979877
hNHE1cdt,3,9605,2072,3.9042318443493778,15.243026294431745,178.32578,0.6539172320485295
hNHE1cdt,3,9605,2073,2.159413209135883,4.6630654077905325,10.848238,0.25026608452111254
hNHE1cdt,3,9605,2074,2.720838045467208,7.402959669661817,12.490022,0.2110185268362
hNHE1cdt,3,9605,2075,2.7529621066521908,7.578800360662867,36.838074,0.2080941271022402
hNHE1cdt,3,9605,2076,2.8917031601886816,8.361947166645207,78.97059,0.5257081138501482
hNHE1cdt,3,9605,2077,3.1286454280957257,9.788422214744285,23.026377,0.5558304536298353
hNHE1cdt,3,9605,2078,2.5573020065877183,6.53979355289757,42.626827,0.20175458682288355
hNHE1cdt,3,9605,2079,2.643785431967155,6.989601410281755,42.9059,0.19743574601535088
hNHE1cdt,3,9605,2080,3.749026148676643,14.055197063461224,127.54606,0.3502855165960379
hNHE1cdt,3,9605,2081,3.2002482170221556,10.241588650553485,5.5086017,0.6293359195221511
hNHE1cdt,3,9605,2082,3.591158664910109,12.89642055655896,50.913933,0.39229051334804255
hNHE1cdt,3,9605,2083,4.09854614380164,16.798080492871296,40.68167,0.3806349192883287
hNHE1cdt,3,9605,2084,4.715866516612029,22.23939700250247,163.14473,0.7142544682814886
hNHE1cdt,3,9605,2085,4.030502632488058,16.244951470493163,110.119064,0.6913463133896547
hNHE1cdt,3,9605,2086,2.6861481009386297,7.215391620176204,32.6305,0.3968262658505616
hNHE1cdt,3,9605,2087,3.3224055363220097,11.038378547783141,64.07199,0.2964061033387172
hNHE1cdt,3,9605,2088,2.65262329038945,7.036410320716553,27.489473,0.387346136280257
hNHE1cdt,3,9605,2089,3.2618134353119013,10.639426886781223,62.83643,0.4065469035801823
hNHE1cdt,3,9605,2090,3.8043567599360295,14.473130356870964,94.87713,0.6426516462538105
hNHE1cdt,3,9605,2091,3.132980506675312,9.815566855207496,130.51213,0.4187411955823216
hNHE1cdt,3,9605,2092,3.0107146146406873,9.064402490811023,24.26059,0.3426832034644211
hNHE1cdt,3,9605,2093,3.979095777074445,15.83320320313168,51.117096,0.35296890393689023
hNHE1cdt,3,9605,2094,3.93236280964286,15.463477266662284,62.606934,0.7498581179137811
hNHE1cdt,3,9605,2095,3.067895675222052,9.41198387404617,38.757095,0.30323575039874484
hNHE1cdt,3,9605,2096,4.369588967571751,19.093307745524765,166.4329,0.6916892053574162
hNHE1cdt,3,9605,2097,3.2706231870538613,10.696976031694359,63.698193,0.3130934792890713
hNHE1cdt,3,9605,2098,3.6526669506848215,13.341975852625152,58.51783,0.2468603082776182
hNHE1cdt,3,9605,2099,3.4246430352168566,11.728179918659324,30.077854,0.3660122355374559
hNHE1cdt,3,9605,2100,3.217821698793529,10.354376485226473,92.10072,0.3345477039908415
hNHE1cdt,3,9605,2101,2.9222040403564273,8.539276453475429,37.389328,0.5415182831355114
hNHE1cdt,3,9605,2102,3.72122329920178,13.84750284252218,138.59138,0.46311341776859927
hNHE1cdt,3,9605,2103,2.9359892109194194,8.620032646635234,36.987213,0.2865583071425234
hNHE1cdt,3,9605,2104,2.141077341147087,4.584212180773481,9.84321,0.13073797297712217
hNHE1cdt,3,9605,2105,2.678853543589369,7.176256308001318,43.283806,0.44483803541533884
hNHE1cdt,3,9605,2106,3.3796833096571413,11.422259273575047,47.20676,0.3921349728481421
hNHE1cdt,3,9605,2107,4.4360468087245275,19.678511289195065,92.62347,0.5878756302184223
hNHE1cdt,3,9605,2108,3.81281013162983,14.537521099859083,143.17174,0.6733999287367576
hNHE1cdt,3,9605,2109,5.548148202464385,30.78194847650879,243.68192,0.6817053199303946
hNHE1cdt,3,9605,2110,4.1340268567540885,17.090178052364088,137.25772,0.6994148485875676
hNHE1cdt,3,9605,2111,3.0962627524351096,9.586843032117041,28.192427,0.2274008006452995
hNHE1cdt,3,9605,2112,2.850071772085976,8.122909106041293,1.1120969,0.39076084835270286
hNHE1cdt,3,9605,2113,3.0618641795310415,9.375012253895301,97.563065,0.5106403202074752
hNHE1cdt,3,9605,2114,2.5062547088720346,6.28131266574325,37.202213,0.2879696900659891
hNHE1cdt,3,9605,2115,2.6602701746960467,7.077037402377335,39.044777,0.10953904381457405
hNHE1cdt,3,9605,2116,3.358883125285166,11.282095849325446,95.104996,0.417162726257172
hNHE1cdt,3,9605,2117,2.5883748616090716,6.699684424209782,24.380028,0.3766041694274906
hNHE1cdt,3,9605,2118,2.950772333927836,8.70705736667393,10.067645,0.459850405371714
hNHE1cdt,3,9605,2119,2.492630266516696,6.213205645555094,23.249956,0.19408656813715386
hNHE1cdt,3,9605,2120,4.328315069502755,18.734311340884638,149.70923,0.6885917156113933
hNHE1cdt,3,9605,2121,4.262514706697304,18.169031624810803,160.98581,0.6284811608999232
hNHE1cdt,3,9605,2122,2.814097688203412,7.919145798751785,23.0003,0.4311031910026827
hNHE1cdt,3,9605,2123,3.58195303883184,12.83038757239665,69.37163,0.11457962555795358
hNHE1cdt,3,9605,2124,2.8789476476316365,8.288339557803734,44.307137,0.26206696799742935
hNHE1cdt,3,9605,2125,3.5366735559799833,12.508059841568096,65.40486,0.537196938878824
hNHE1cdt,3,9605,2126,3.367676791429131,11.341246971530405,53.864494,0.2597218863502534
hNHE1cdt,3,9605,2127,3.442870744897801,11.853358966073138,84.3857,0.45134272491520666
hNHE1cdt,3,9605,2128,2.8189331741250476,7.946384240182716,86.54589,0.35962565960484205
hNHE1cdt,3,9605,2129,2.669577118456539,7.1266419913867205,23.921898,0.46078503508302726
hNHE1cdt,3,9605,2130,3.3870004173418615,11.471771827073944,93.771484,0.684032644926955
hNHE1cdt,3,9605,2131,2.5048454867369165,6.274250912426301,25.227324,0.18939985494388875
hNHE1cdt,3,9605,2132,2.468055123601747,6.091296093136834,38.329895,0.18121423019145688
hNHE1cdt,3,9605,2133,2.758084386068387,7.607029480674229,21.181103,0.34267180287450194
hNHE1cdt,3,9605,2134,2.2993065121207006,5.286810436680664,16.332848,0.15217565449647735
hNHE1cdt,3,9605,2135,4.425532761450979,19.585340222675928,114.47264,0.557395728256165
hNHE1cdt,3,9605,2136,4.078223251021568,16.631904885172926,138.17085,0.6895296905471644
hNHE1cdt,3,9605,2137,4.473134676443056,20.00893383359733,167.41734,0.5643603375182372
hNHE1cdt,3,9605,2138,4.269810806606237,18.231284324211405,196.02396,0.8149903398824885
hNHE1cdt,3,9605,2139,4.641437026499942,21.542937670964623,149.95459,0.770188775738325
hNHE1cdt,3,9605,2140,4.678344823317697,21.886910285863493,148.69336,0.6176946398755965
hNHE1cdt,3,9605,2141,4.708429164496806,22.169305197084096,146.02356,0.8558852718281758
hNHE1cdt,3,9605,2142,3.5575934481081175,12.656471142021807,87.96687,0.6363908983606994
hNHE1cdt,3,9605,2143,2.685197129313178,7.210283623271732,52.467804,0.3728814037689182
hNHE1cdt,3,9605,2144,3.2719340582841077,10.70555248175951,43.388115,0.17147820761052396
hNHE1cdt,3,9605,2145,2.430441229197888,5.907044568584941,6.402776,0.44098753880711783
hNHE1cdt,3,9605,2146,4.304327933121563,18.527238955850542,143.12764,0.5731889010165314
hNHE1cdt,3,9605,2147,3.5869772757700615,12.86640597689081,111.5086,0.37417657630342743
hNHE1cdt,3,9605,2148,3.0804668859557975,9.489276235470209,47.653374,0.42946078206516114
hNHE1cdt,3,9605,2149,4.0316796337096985,16.254440668869567,153.04498,0.7132588834364304
hNHE1cdt,3,9605,2150,2.346530904057622,5.506207283697482,8.297146,0.12038613017312713
hNHE1cdt,3,9605,2151,2.2769721184314005,5.184602028113979,15.7591,0.22809557234755717
hNHE1cdt,3,9605,2152,3.2274657729681007,10.41653531568058,115.92093,0.40788322039602964
hNHE1cdt,3,9605,2153,3.231603129240116,10.443258784914512,28.348345,0.42374322529661745
hNHE1cdt,3,9605,2154,3.0216898017618403,9.130609258071512,104.56839,0.43334764440506834
hNHE1cdt,3,9605,2155,2.972418972169345,8.835274546112263,21.242537,0.3238846240609229
hNHE1cdt,3,9605,2156,2.963146300684371,8.780235999259471,24.329865,0.2638425240287479
hNHE1cdt,3,9605,2157,3.0422820646367983,9.255480160810743,29.46463,0.24808233244610622
hNHE1cdt,3,9605,2158,2.8535973619552935,8.143017904158212,83.89564,0.4120202540829734
hNHE1cdt,3,9605,2159,2.7854518114228703,7.758741793758949,20.671062,0.28465923415160405
hNHE1cdt,3,9605,2160,3.6606136172244392,13.400092054608995,70.30646,0.3686530038466084
hNHE1cdt,3,9605,2161,3.9398806981442824,15.522659915609879,154.5671,0.7331233527853164
hNHE1cdt,3,9605,2162,2.8078997832233616,7.884301192625801,21.838596,0.4194106467050306
hNHE1cdt,3,9605,2163,4.24021147949127,17.97939339080954,123.04355,0.7816498230875062
hNHE1cdt,3,9605,2164,3.3056890667398813,10.927580205963588,66.04492,0.47745591611344834
hNHE1cdt,3,9605,2165,3.237289212918652,10.480041448079463,46.543438,0.5893400409471836
hNHE1cdt,3,9605,2166,2.884960891267543,8.322999344143216,15.234852,0.312248347334729
hNHE1cdt,3,9605,2167,3.56760694167727,12.72781929030384,13.012726,0.29593074343271675
hNHE1cdt,3,9605,2168,3.2308168919228235,10.438177789133853,65.32022,0.5082589244616622
hNHE1cdt,3,9605,2169,3.5927187435796806,12.907627970468763,63.584507,0.24136650341761265
hNHE1cdt,3,9605,2170,4.131958159848695,17.073078234740215,107.354416,0.7381262468254989
hNHE1cdt,3,9605,2171,4.825831862575171,23.288653165845748,315.58432,0.7938595934716681
hNHE1cdt,3,9605,2172,2.6614019167213874,7.083060162328273,11.49932,0.24373586351651655
hNHE1cdt,3,9605,2173,3.986787234994393,15.894472457114235,118.81406,0.42390540248267367
hNHE1cdt,3,9605,2174,2.824354246619571,7.9769769103980055,7.9631224,0.2911277166444912
hNHE1cdt,3,9605,2175,2.7889907006921173,7.778469128547112,55.03199,0.10431621139719965
hNHE1cdt,3,9605,2176,2.3817153511170353,5.672568013746542,19.30471,0.22222569021811792
hNHE1cdt,3,9605,2177,2.686894547974456,7.2194023119348545,31.070505,0.2826776986148595
hNHE1cdt,3,9605,2178,3.4012657367661507,11.568608612099387,36.861534,0.2403859791886025
hNHE1cdt,3,9605,2179,3.6385939370027685,13.239365838393308,146.25522,0.49760447971132826
hNHE1cdt,3,9605,2180,4.0810376053564275,16.654867936333325,62.271782,0.5978434630989378
hNHE1cdt,3,9605,2181,4.9791080198508295,24.791516673342848,84.97011,0.7950376239426454
hNHE1cdt,3,9605,2182,2.1936542797306657,4.8121190989806655,4.8462873,0.23374931265115412
hNHE1cdt,3,9605,2183,3.321219630087523,11.030499831278703,49.693295,0.48106720604879183
hNHE1cdt,3,9605,2184,3.3162795295218785,10.997709917925853,86.87714,0.5096448854628354
hNHE1cdt,3,9605,2185,4.495296241218727,20.20768829631522,258.89282,0.7447120230207871
hNHE1cdt,3,9605,2186,2.7234088483546683,7.4169557552965015,33.40182,0.5532219584064318
hNHE1cdt,3,9605,2187,2.4594157340157015,6.048725752723992,24.455479,0.22332617200800647
hNHE1cdt,3,9605,2188,3.1609849428856185,9.991825809149596,18.294973,0.236806471342349
hNHE1cdt,3,9605,2189,2.8362892621124054,8.044536778374132,25.362724,0.35354265642000127
hNHE1cdt,3,9605,2190,3.2174918983969056,10.352254116249723,43.762695,0.39522473389350726
hNHE1cdt,3,9605,2191,2.9559054217355247,8.73737686224547,48.35182,0.20714127184174702
hNHE1cdt,3,9605,2192,3.377479977711702,11.407370999843435,33.14266,0.23095006922618888
hNHE1cdt,3,9605,2193,3.4508528606888675,11.908385466124537,44.74979,0.4496961946800885
hNHE1cdt,3,9605,2194,3.007096813546086,9.042631246039024,25.470734,0.21475061555992725
hNHE1cdt,3,9605,2195,2.9000756496433167,8.410438773654105,39.434593,0.266790028768728
hNHE1cdt,3,9605,2196,3.8071640422720874,14.494498044769543,126.60104,0.459785260029995
hNHE1cdt,3,9605,2197,3.1784620094529332,10.102620745535576,24.349823,0.3610223180033607
hNHE1cdt,3,9605,2198,2.626529970744219,6.89865968721763,15.574667,0.41504525463073855
hNHE1cdt,3,9605,2199,3.3332270917117413,11.110402844921113,33.936447,0.5924326728726996
hNHE1cdt,3,9605,2200,3.1205545231724034,9.737860532091748,25.82991,0.23128271288331037
hNHE1cdt,3,9605,2201,3.521656202943398,12.402062411729712,33.84297,0.6229613720727569
hNHE1cdt,3,9605,2202,3.0707489261750274,9.429498967605086,88.99011,0.3407523916131239
hNHE1cdt,3,9605,2203,4.466329456578146,19.948098814697634,158.33452,0.7874755007854193
hNHE1cdt,3,9605,2204,3.2646462562894523,10.657915178704739,86.33829,0.7008841864136433
hNHE1cdt,3,9605,2205,3.035160486785183,9.212199180542068,18.11903,0.2186944370604706
hNHE1cdt,3,9605,2206,3.0737580592648537,9.447988606895638,61.844025,0.20041217286401827
hNHE1cdt,3,9605,2207,3.915368100301101,15.330107360855456,145.61192,0.6166868431610487
hNHE1cdt,3,9605,2208,4.542339426408636,20.63284746470632,85.88428,0.5445727287016243
hNHE1cdt,3,9605,2209,3.3512805249567013,11.23108115695406,86.11893,0.42704879011894914
hNHE1cdt,3,9605,2210,2.4507572919650347,6.00621130411979,6.0756917,0.1273981649933287
hNHE1cdt,3,9605,2211,3.2207274189292963,10.373085107042968,37.0208,0.5113854116518722
hNHE1cdt,3,9605,2212,3.5184581896171028,12.379548032083664,94.13504,0.4867167495811686
hNHE1cdt,3,9605,2213,2.9286804446565355,8.5771691469136,42.802063,0.152018869951867
hNHE1cdt,3,9605,2214,2.4085441866219193,5.801085098910242,77.623535,0.17246766195386967
hNHE1cdt,3,9605,2215,3.552314963809526,12.618941602105071,108.4153,0.6857519548416149
hNHE1cdt,3,9605,2216,3.4452746711134283,11.869917559415741,5.738053,0.16018215785133824
hNHE1cdt,3,9605,2217,3.0068740471347035,9.04129153533223,79.51259,0.3011364509954736
hNHE1cdt,3,9605,2218,2.80471892205494,7.866448231733022,73.55302,0.25019894099179757
hNHE1cdt,3,9605,2219,3.959712963700373,15.67932675489679,106.9013,0.7581921095455575
hNHE1cdt,3,9605,2220,3.201849134308855,10.251837878874365,45.35351,0.30480565722382785
hNHE1cdt,3,9605,2221,2.491027822485285,6.205219612395782,59.011726,0.38809961942370474
hNHE1cdt,3,9605,2222,3.2453030347341008,10.531991787254364,62.67874,0.532373738321287
hNHE1cdt,3,9605,2223,3.799636533805932,14.437237789032753,117.20329,0.756185173748188
hNHE1cdt,3,9605,2224,2.683456427696888,7.200938399347744,114.926765,0.23307889833873408
hNHE1cdt,3,9605,2225,2.5392231282422877,6.447654095000548,22.555616,0.19014432379968987
hNHE1cdt,3,9605,2226,2.840705869987335,8.069609839780501,12.532624,0.2701899322574665
hNHE1cdt,3,9605,2227,2.122394576373006,4.504558737817551,9.735914,0.03367532885945863
hNHE1cdt,3,9605,2228,4.698475454657673,22.075671598020623,217.19347,0.7504829268344664
hNHE1cdt,3,9605,2229,4.2402452793678895,17.97968002920167,101.88289,0.5403288795239992
hNHE1cdt,3,9605,2230,3.8095087754870294,14.512357110512692,74.92243,0.5363281736716967
hNHE1cdt,3,9605,2231,3.0531947521012293,9.321998194258487,79.21888,0.42509959766552485
hNHE1cdt,3,9605,2232,2.607579923187332,6.799473055809651,14.1926365,0.15237672815577685
hNHE1cdt,3,9605,2233,2.372125763241768,5.626980636635341,7.486335,0.09797171543273407
hNHE1cdt,3,9605,2234,3.0713924742299334,9.433451730756275,39.209694,0.6355721810540909
hNHE1cdt,3,9605,2235,3.140473473895576,9.862573640241749,101.389656,0.2987696734643409
hNHE1cdt,3,9605,2236,3.415635842984308,11.666568211879126,54.023815,0.3807569364398147
hNHE1cdt,3,9605,2237,3.9756996150110675,15.80618742879915,125.156525,0.6880952937267122
hNHE1cdt,3,9605,2238,4.737330729743045,22.442302442967772,155.53902,0.5734401551569781
hNHE1cdt,3,9605,2239,3.817702761657005,14.574854376363522,81.29548,0.6250088755289424
hNHE1cdt,3,9605,2240,3.826056741508325,14.638710189241303,131.61247,0.5821355373934882
hNHE1cdt,3,9605,2241,2.585609829090987,6.685378188291922,33.871723,0.28003216010302406
hNHE1cdt,3,9605,2242,4.568461951417162,20.870844601546302,255.1686,0.8537403061022577
hNHE1cdt,3,9605,2243,3.1841724265298983,10.138954041873301,74.38358,0.38438647910454987
hNHE1cdt,3,9605,2244,3.9111430200332533,15.297039723154837,100.29783,0.549999723463807
hNHE1cdt,3,9605,2245,3.165863228556734,10.022689981927668,79.69166,0.4325235654566568
hNHE1cdt,3,9605,2246,3.373753917124773,11.38221549331475,87.63866,0.601831640966894
hNHE1cdt,3,9605,2247,3.1441566689935576,9.885721159176665,102.228836,0.4601105782376486
hNHE1cdt,3,9605,2248,2.5709647590014577,6.609859792027423,4.4569836,0.29058028539642283
hNHE1cdt,3,9605,2249,5.025408019411579,25.25472576156621,176.65851,0.4967492795173219
hNHE1cdt,3,9605,2250,4.190144077840255,17.557307393059766,103.64215,0.6892162129987304
hNHE1cdt,3,9605,2251,3.5021243960421082,12.264875285353302,65.48521,0.35183265330960456
hNHE1cdt,3,9605,2252,2.5062193171826324,6.281135265819381,26.990837,0.4055478223196526
hNHE1cdt,3,9605,2253,3.930302396623686,15.44727692890589,182.86578,0.5310996408016764
hNHE1cdt,3,9605,2254,4.173474718081034,17.417891222461574,129.98178,0.5812022971870361
hNHE1cdt,3,9605,2255,3.2215100580550167,10.378127054149637,40.91502,0.3665662589321821
hNHE1cdt,3,9605,2256,2.885074064651696,8.323652358525855,44.67187,0.28241273863040606
hNHE1cdt,3,9605,2257,4.001643225450238,16.013148503791783,110.574936,0.5813329333304481
hNHE1cdt,3,9605,2258,2.8155347980403933,7.927236198976356,57.67389,0.2324453258638342
hNHE1cdt,3,9605,2259,2.674124779426386,7.150943335942219,3.7640643,0.11312188899745548
hNHE1cdt,3,9605,2260,3.0719680346091356,9.436987605660317,13.085013,0.4260368629681835
hNHE1cdt,3,9605,2261,2.977910739147382,8.86795237032931,46.749313,0.1700204402107848
hNHE1cdt,3,9605,2262,3.5735365653280167,12.77016358373636,55.118786,0.2860700394277949
hNHE1cdt,3,9605,2263,2.4873622530937034,6.186970978115386,22.075974,0.3399917208207325
hNHE1cdt,3,9605,2264,3.7641683058969533,14.168963035119136,76.939735,0.6731869228710576
hNHE1cdt,3,9605,2265,5.048251343041544,25.484841622520758,265.3585,0.7519231672061322
hNHE1cdt,3,9605,2266,3.182118786690737,10.125879972610129,100.911385,0.30331805870230577
hNHE1cdt,3,9605,2267,2.636394174107779,6.950574241269439,21.63855,0.34126612883344204
hNHE1cdt,3,9605,2268,3.654357834269928,13.354331180889993,100.28241,0.4829862757719239
hNHE1cdt,3,9605,2269,4.305647386330937,18.538599415418428,115.787964,0.6273136799175645
hNHE1cdt,3,9605,2270,3.5192252920766793,12.384946656392193,66.5249,0.30319543174479924
hNHE1cdt,3,9605,2271,4.64185466177486,21.546814701041,84.59642,0.5037826918375574
hNHE1cdt,3,9605,2272,3.672953637382606,13.490588422362116,73.0612,0.5031999266518847
hNHE1cdt,3,9605,2273,3.7028382469879775,13.711011083356999,72.207855,0.3721716844996203
hNHE1cdt,3,9605,2274,4.494061708647649,20.19659064113303,119.32495,0.752088541551706
hNHE1cdt,3,9605,2275,4.531668495749085,20.536019355364765,104.85444,0.6715806430967781
hNHE1cdt,3,9605,2276,3.3508516591575614,11.22820684167898,99.558815,0.4977717052651868
hNHE1cdt,3,9605,2277,3.3027650286972103,10.908256834785284,67.76665,0.3731582906564476
hNHE1cdt,3,9605,2278,3.6078736086172363,13.016751975756762,93.23011,0.6234336806445805
hNHE1cdt,3,9605,2279,2.607216309808345,6.797576886130646,63.605213,0.3969427712747397
hNHE1cdt,3,9605,2280,3.5627944487446777,12.693504284005892,35.607605,0.5103540476463753
hNHE1cdt,3,9605,2281,2.9389455136417943,8.63740073215523,53.28912,0.2925323449807379
hNHE1cdt,3,9605,2282,3.2370689818290246,10.478615593119601,78.432625,0.5168414072189063
hNHE1cdt,3,9605,2283,2.5277342401470784,6.389440388811925,25.128511,0.0631015847090775
hNHE1cdt,3,9605,2284,2.4707502139511006,6.104606619739408,9.3203945,0.29073963258898333
hNHE1cdt,3,9605,2285,3.2403725705321,10.50001439585681,93.907265,0.2909079137115104
hNHE1cdt,3,9605,2286,3.510049702119394,12.320448911348448,62.9085,0.5629041940244193
hNHE1cdt,3,9605,2287,3.27150003785282,10.702712497671001,51.164814,0.5181531306128557
hNHE1cdt,3,9605,2288,3.4599396955533477,11.971182696865792,52.091232,0.2479097646517283
hNHE1cdt,3,9605,2289,3.1995413137647657,10.237064618487567,68.01117,0.1724601780491371
hNHE1cdt,3,9605,2290,2.9929753190181345,8.957901260251706,34.72472,0.3305501559720328
hNHE1cdt,3,9605,2291,2.8399730926508076,8.065447166980592,24.805782,0.2684685737249799
hNHE1cdt,3,9605,2292,2.5142185811969378,6.321295074035943,32.62834,0.06736542733198812
hNHE1cdt,3,9605,2293,3.453749501099586,11.92838561634564,47.449665,0.2576782437419114
hNHE1cdt,3,9605,2294,3.595593314269259,12.928291281617796,122.467834,0.6903944918095676
hNHE1cdt,3,9605,2295,3.783114730739265,14.311957065936419,46.946804,0.49962715055668183
hNHE1cdt,3,9605,2296,3.669263064624704,13.463491437419076,50.321404,0.3571299937951465
hNHE1cdt,3,9605,2297,2.889923141641198,8.351655764593332,24.763514,0.2571927493092031
hNHE1cdt,3,9605,2298,2.359135380632563,5.565519744152349,39.401154,0.1490432482863337
hNHE1cdt,3,9605,2299,3.954186206853785,15.635588558472726,125.87419,0.757881690449102
hNHE1cdt,3,9605,2300,4.711869722554238,22.201716282323353,171.07867,0.41382068176487663
hNHE1cdt,3,9605,2301,2.7109887989702335,7.3494602681420655,11.958277,0.5369514298762385
hNHE1cdt,3,9605,2302,2.3585498674280974,5.5627574771450945,23.033978,0.22231981334653944
hNHE1cdt,3,9605,2303,2.913811710754392,8.490298685729439,26.649664,0.26006392595997196
hNHE1cdt,3,9605,2304,2.8640248715719085,8.202638464982488,67.30574,0.3526095077620849
hNHE1cdt,3,9605,2305,3.280546865369609,10.761987735886366,15.371938,0.41641112171767203
hNHE1cdt,3,9605,2306,3.2449197422203677,10.529504133451496,47.14643,0.3538055140385815
hNHE1cdt,3,9605,2307,3.856499161962837,14.872585786220066,59.377213,0.13013481349655526
hNHE1cdt,3,9605,2308,3.186819432664902,10.155818096410643,99.71364,0.5582545986100541
hNHE1cdt,3,9605,2309,3.4743627984602705,12.071196855324681,49.934578,0.4591363278298961
hNHE1cdt,3,9605,2310,2.925896441682059,8.560869987447736,31.984238,0.26718815178595295
hNHE1cdt,3,9605,2311,2.7452591692050503,7.5364479061044,57.973957,0.10888386605177
hNHE1cdt,3,9605,2312,3.414295396905063,11.657413057327096,58.858974,0.460220080922224
hNHE1cdt,3,9605,2313,3.1063547526964195,9.649439849599634,16.778925,0.35189045483543496
hNHE1cdt,3,9605,2314,2.927253899241987,8.56881539062742,38.966198,0.25282002127985537
hNHE1cdt,3,9605,2315,3.298604096579961,10.8807889859741,78.66208,0.27212693632461427
hNHE1cdt,3,9605,2316,2.5452375668763088,6.478234271838434,48.532764,0.28315979509639083
hNHE1cdt,3,9605,2317,3.199015028651462,10.233697153537914,56.637115,0.18108902331649102
hNHE1cdt,3,9605,2318,2.6648630480459454,7.101495064840729,53.763184,0.3526524449545496
hNHE1cdt,3,9605,2319,3.364707414367844,11.321255984301944,84.95145,0.48756684548778506
hNHE1cdt,3,9605,2320,3.146520637115335,9.9005921197927,20.14541,0.42021998720830467
hNHE1cdt,3,9605,2321,4.615741315505048,21.305067891660276,154.47748,0.7555588298678696
hNHE1cdt,3,9605,2322,2.4447011054535253,5.976563495005688,8.093434,0.30535075939418094
hNHE1cdt,3,9605,2323,2.7541605047188287,7.585400085753072,26.417273,0.06367150313051997
hNHE1cdt,3,9605,2324,3.5441879688369,12.561268358448231,84.09354,0.4210802622252354
hNHE1cdt,3,9605,2325,4.602031346560185,21.17869251472256,90.01376,0.7113328155907588
hNHE1cdt,3,9605,2326,3.690473679530641,13.619595979308434,92.034195,0.5321958326884669
hNHE1cdt,3,9605,2327,3.65834780676354,13.383508675251603,143.70413,0.5390415628185146
hNHE1cdt,3,9605,2328,4.223492204273468,17.83788639955876,169.21124,0.7293652374504105
hNHE1cdt,3,9605,2329,3.152964141868801,9.941182879910468,32.765656,0.39677648091856554
hNHE1cdt,3,9605,2330,3.6404926184643727,13.253186505093584,152.45615,0.4332104797439582
hNHE1cdt,3,9605,2331,3.03355473675381,9.202454340881479,45.063717,0.28869858805276066
hNHE1cdt,3,9605,2332,3.1371215467429354,9.841531599038788,119.81651,0.569752775575584
hNHE1cdt,3,9605,2333,4.385865476678304,19.2358159795186,61.294643,0.7397967001658654
hNHE1cdt,3,9605,2334,3.4213339906845466,11.705526275813446,148.51352,0.618088588876379
hNHE1cdt,3,9605,2335,3.4271477715885164,11.745341848304129,94.862724,0.529249589890612
hNHE1cdt,3,9605,2336,3.3692887017423954,11.352106355688951,89.571495,0.6023087730759944
hNHE1cdt,3,9605,2337,3.591329507049604,12.89764762820515,84.37776,0.6496322532672363
hNHE1cdt,3,9605,2338,3.451195677375254,11.91075160353364,31.598606,0.330313816900548
hNHE1cdt,3,9605,2339,3.1696795179762853,10.046868246678377,34.048878,0.3894386155215648
hNHE1cdt,3,9605,2340,3.3990235865566154,11.553361341968198,118.44847,0.47893527365511945
hNHE1cdt,3,9605,2341,4.047039763015352,16.378530843427356,154.00946,0.3872409531779888
hNHE1cdt,3,9605,2342,2.83168109632995,8.018417831312389,26.343203,0.3182693380810986
hNHE1cdt,3,9605,2343,2.72625013744281,7.432439811906939,33.092896,0.1728197779211545
hNHE1cdt,3,9605,2344,3.6107011524988284,13.037162812656367,86.043816,0.6349844880111803
hNHE1cdt,3,9605,2345,2.485394775412081,6.177187189645668,44.330494,0.15106607983285783
hNHE1cdt,3,9605,2346,2.2187685959243075,4.922934082259922,20.704428,0.09239379508923748
hNHE1cdt,3,9605,2347,4.429968395267415,19.62461998306816,143.26181,0.7231842992471279
hNHE1cdt,3,9605,2348,4.633803502113454,21.472134896198913,60.86924,0.6081569468184312
hNHE1cdt,3,9605,2349,2.4046000889011347,5.782101587543345,10.1881275,0.06747687946779087
hNHE1cdt,3,9605,2350,2.899982956872114,8.409901150148729,65.60041,0.28644007096404694
hNHE1cdt,3,9605,2351,2.9086439329015006,8.46020952840471,85.41525,0.4181817704680436
hNHE1cdt,3,9605,2352,3.0807110400838185,9.49078051249432,80.47088,0.5511005893662052
hNHE1cdt,3,9605,2353,3.7445864377500686,14.021927589781745,63.24081,0.22782191693423398
hNHE1cdt,3,9605,2354,3.272985011611695,10.712430886234808,52.873775,0.1904038360835699
hNHE1cdt,3,9605,2355,4.1696501397931565,17.38598228827709,169.76492,0.44372730332815724
hNHE1cdt,3,9605,2356,3.6384644631315664,13.238423649471283,125.69561,0.3542800846492186
hNHE1cdt,3,9605,2357,3.183330328844537,10.13359198254147,21.96848,0.33616064167032583
hNHE1cdt,3,9605,2358,3.8898348796465108,15.130815390914586,65.33737,0.2431203996677842
hNHE1cdt,3,9605,2359,4.217168253811856,17.78450808095854,76.020256,0.7851956711612147
hNHE1cdt,3,9605,2360,4.488574063326293,20.147297121965515,153.74489,0.6687047079707304
hNHE1cdt,3,9605,2361,2.920321139177918,8.528275555929412,62.149635,0.352221625160282
hNHE1cdt,3,9605,2362,2.5248430252090723,6.374832301946901,68.57066,0.2371515676032281
hNHE1cdt,3,9605,2363,3.460774052149222,11.976957040029347,47.06627,0.5528170095051342
hNHE1cdt,3,9605,2364,3.6286712224388515,13.167254840555872,98.33127,0.3807963988931782
hNHE1cdt,3,9605,2365,3.04426066195909,9.267522977951598,55.65466,0.4326181323612387
hNHE1cdt,3,9605,2366,2.752047577525052,7.573765868961507,24.887474,0.3259779872990991
hNHE1cdt,3,9605,2367,2.6283859359327524,6.90841262820909,56.611,0.28536981752610674
hNHE1cdt,3,9605,2368,3.620945796917396,13.111248464213757,106.35393,0.2893791946927515
hNHE1cdt,3,9605,2369,3.613219619704326,13.055356020216273,107.69627,0.36331696766686544
hNHE1cdt,3,9605,2370,2.6855698182238394,7.212285248554825,71.60449,0.3110122166113334
hNHE1cdt,3,9605,2371,2.1447974153029667,4.600155952690286,2.9246922,0.2559214277890846
hNHE1cdt,3,9605,2372,3.4756701357100592,12.080282892266784,49.730263,0.1715772220950495
hNHE1cdt,3,9605,2373,3.1224590214041177,9.749750340347962,89.04252,0.4554070091820842
hNHE1cdt,3,9605,2374,3.163970476738661,10.01070917767387,52.812084,0.21373807128305822
hNHE1cdt,3,9605,2375,2.789288998155008,7.780133115228568,7.2933774,0.24172264977628405
hNHE1cdt,3,9605,2376,3.2162023747341966,10.343957715245887,83.97103,0.27067370041062083
hNHE1cdt,3,9605,2377,3.84895278787924,14.81443756332338,147.39247,0.5784814756675125
hNHE1cdt,3,9605,2378,4.027020116404642,16.21689101792765,109.7452,0.7761347720796774
hNHE1cdt,3,9605,2379,2.9132020464135624,8.486746163228167,29.359636,0.6506291514352849
hNHE1cdt,3,9605,2380,2.490918755018828,6.204676244104547,31.351255,0.33143286859312154
hNHE1cdt,3,9605,2381,2.4078583296675418,5.797781735749364,24.250378,0.32693389625335767
hNHE1cdt,3,9605,2382,2.288294594776779,5.236292152484624,7.5591574,0.12577050106872917
hNHE1cdt,3,9605,2383,2.2971780669744457,5.27702707138845,35.060234,0.2635897419306805
hNHE1cdt,3,9605,2384,2.4625710749848544,6.064256299352062,1.7355293,0.48668608473582925
hNHE1cdt,3,9605,2385,2.6563657397139764,7.056278943126178,84.19387,0.34636599018444647
hNHE1cdt,3,9605,2386,2.4046080353654298,5.782139803743991,26.16858,0.27734778901841556
hNHE1cdt,3,9605,2387,3.3227164473766897,11.040444589667572,76.76343,0.4578951218810864
hNHE1cdt,3,9605,2388,4.000008606418652,16.00006885142329,79.153175,0.504153584702209
hNHE1cdt,3,9605,2389,4.070678734711871,16.570425361235436,148.14954,0.5978352973559131
hNHE1cdt,3,9605,2390,3.217392562075175,10.351614898496658,44.266552,0.30433352511922557
hNHE1cdt,3,9605,2391,4.051379888872353,16.41367900395936,114.7489,0.7381443730144287
hNHE1cdt,3,9605,2392,2.966363295298314,8.799311199693074,39.11805,0.18349387209749773
hNHE1cdt,3,9605,2393,2.762257617572343,7.630067145836438,23.587479,0.46448934760059707
hNHE1cdt,3,9605,2394,2.844240058651296,8.08970151123673,25.248377,0.30568746399561847
hNHE1cdt,3,9605,2395,3.044527210435789,9.269145935083925,58.173885,0.16688146417173802
hNHE1cdt,3,9605,2396,3.0902107858177885,9.549402700784597,87.146576,0.31564329313024564
hNHE1cdt,3,9605,2397,2.5912189052956456,6.714415415161565,24.944223,0.09295986417377008
hNHE1cdt,3,9605,2398,2.8440933406768036,8.088866930482139,39.65463,0.24306380242037057
hNHE1cdt,3,9605,2399,2.8748797444166296,8.264933544857024,89.11314,0.1943074251769315
hNHE1cdt,3,9605,2400,3.11768731255003,9.719974178835429,33.137367,0.19690281744778812
hNHE1cdt,3,9605,2401,2.8695665917737707,8.234412424624136,38.03025,0.4412640153954802
hNHE1cdt,3,9605,2402,2.5072098071253,6.286101016945283,36.504528,0.1833194646058005
hNHE1cdt,3,9605,2403,2.546713811182132,6.485751236065821,6.4385176,0.17379164288923454
hNHE1cdt,3,9605,2404,3.1851576093941545,10.145228996681487,45.564438,0.22784932421737908
hNHE1cdt,3,9605,2405,4.029220654598717,16.234619083444912,110.36326,0.46371761635239556
hNHE1cdt,3,9605,2406,4.42843417490664,19.61102924148105,169.70163,0.5458381981531846
hNHE1cdt,3,9605,2407,3.992196585529427,15.937633577512818,78.74367,0.49965784408347924
hNHE1cdt,3,9605,2408,3.0288292186914254,9.173806435998907,24.405834,0.2511520742857073
hNHE1cdt,3,9605,2409,2.875768239907436,8.270042969660313,35.097218,0.1314994653860328
hNHE1cdt,3,9605,2410,2.863785062727259,8.201264885499773,69.255646,0.23234234968931278
hNHE1cdt,3,9605,2411,4.037646662728411,16.302590573041886,157.29256,0.7512433216512758
hNHE1cdt,3,9605,2412,4.351699365834371,18.93728737060327,111.65561,0.7172683791167913
hNHE1cdt,3,9605,2413,4.111611572568715,16.905349723680988,164.66031,0.7283836406200204
hNHE1cdt,3,9605,2414,2.56313151611811,6.5696431689179215,40.006817,0.19475571875810926
hNHE1cdt,3,9605,2415,3.2041634026887595,10.266663111130011,37.122295,0.3191676186117221
hNHE1cdt,3,9605,2416,2.801278297650855,7.8471601008896705,65.216324,0.17547381994694627
hNHE1cdt,3,9605,2417,4.312414321886431,18.59691728361121,102.36131,0.4793566628140742
hNHE1cdt,3,9605,2418,3.827966293833759,14.653325946727364,98.48674,0.7828361178428342
hNHE1cdt,3,9605,2419,4.267305033138862,18.209892245852256,200.71698,0.6251047781689101
hNHE1cdt,3,9605,2420,4.233146687722659,17.919530879777323,124.80473,0.600992277721409
hNHE1cdt,3,9605,2421,2.7763760287306356,7.708263852910096,33.291157,0.2795756617614805
hNHE1cdt,3,9605,2422,3.629892631083789,13.176120513196397,34.679382,0.47528650074309553
hNHE1cdt,3,9605,2423,4.1308159035089975,17.06364002868286,112.68244,0.37988859591593394
hNHE1cdt,3,9605,2424,3.4502173971545234,11.904000087627733,52.291046,0.658669888824686
hNHE1cdt,3,9605,2425,2.4066498896925936,5.791963691557372,9.821962,0.1969294008433632
hNHE1cdt,3,9605,2426,2.243221134708469,5.032041059202751,31.215235,0.16124799454638497
hNHE1cdt,3,9605,2427,3.4474334795854746,11.884797596166814,70.78374,0.2556544152911406
hNHE1cdt,3,9605,2428,2.8782875261358303,8.284539083109118,63.595932,0.44108964753729446
hNHE1cdt,3,9605,2429,2.293453290860372,5.259927997358272,37.174183,0.14836797303481372
hNHE1cdt,3,9605,2430,3.4365467465499515,11.809853541223061,33.468487,0.5479091703088442
hNHE1cdt,3,9605,2431,3.494700594465452,12.212932244957189,56.535294,0.5098496347629733
hNHE1cdt,3,9605,2432,3.5567262018168826,12.65030127469075,75.95846,0.47920133119514463
hNHE1cdt,3,9605,2433,4.340210992645355,18.837431460679582,112.13901,0.7158489725160679
hNHE1cdt,3,9605,2434,2.2151345160643023,4.906820924259429,18.015108,0.19279687986614205
hNHE1cdt,3,9605,2435,2.426005341277666,5.885501915907765,25.45132,0.17267194509503475
hNHE1cdt,3,9605,2436,2.707125255872351,7.328527150981942,78.190735,0.40553410411830326
hNHE1cdt,3,9605,2437,2.563607728886509,6.5720845876066445,41.75032,0.18325710976254803
hNHE1cdt,3,9605,2438,2.0010220413134525,4.004089209822258,11.52185,0.1473712174243327
hNHE1cdt,3,9605,2439,3.244692259589312,10.528027859438795,55.463604,0.3784579702439146
hNHE1cdt,3,9605,2440,4.133424726116638,17.085199966472402,118.11482,0.4252354038413089
hNHE1cdt,3,9605,2441,4.117571195863379,16.954392553003782,143.8634,0.48267614859871394
hNHE1cdt,3,9605,2442,2.774441804467799,7.697527326378537,53.43463,0.09070713634939555
hNHE1cdt,3,9605,2443,2.7400362850199085,7.507798843225702,15.14382,0.38116563262750747
hNHE1cdt,3,9605,2444,3.511907477942556,12.333494133628847,61.907722,0.3335035420837998
hNHE1cdt,3,9605,2445,4.522808522454291,20.45579693078517,95.84008,0.34361643202316794
hNHE1cdt,3,9605,2446,3.560114168561723,12.674412893193928,83.10315,0.514702606642093
hNHE1cdt,3,9605,2447,4.257488119830315,18.126205090496267,90.76355,0.7979521662334905
hNHE1cdt,3,9605,2448,3.2192767132320466,10.363742556358131,65.02634,0.45618426137392765
hNHE1cdt,3,9605,2449,2.84996527756236,8.122302083311098,74.160736,0.21713225031586963
hNHE1cdt,3,9605,2450,3.8937648187885436,15.161404464035382,130.0289,0.5371164886190918
hNHE1cdt,3,9605,2451,2.453082514712763,6.017613823989493,34.464577,0.1462208400787479
hNHE1cdt,3,9605,2452,2.774088466373074,7.695566819264113,37.083447,0.2556494444067752
hNHE1cdt,3,9605,2453,3.063596302019625,9.38562230174832,32.732445,0.12477371082989566
hNHE1cdt,3,9605,2454,3.0079550658423897,9.047793678126896,48.766808,0.24408283948534232
hNHE1cdt,3,9605,2455,3.552001166395058,12.616712286071856,92.432236,0.4169399119016217
hNHE1cdt,3,9605,2456,3.20748009354245,10.287928550471086,67.22207,0.2856998616656098
hNHE1cdt,3,9605,2457,2.669336646237622,7.125358130947115,47.327484,0.5886167353674014
hNHE1cdt,3,9605,2458,3.731368735544115,13.923112640596086,108.35896,0.2626194939484144
hNHE1cdt,3,9605,2459,4.156901768319967,17.279832311461668,195.59915,0.6743689111670621
hNHE1cdt,3,9605,2460,4.363562628770057,19.040678815198653,160.63109,0.5533847644952062
hNHE1cdt,3,9605,2461,4.288201666464042,18.388673532264978,146.2099,0.49175780466439933
hNHE1cdt,3,9605,2462,3.6013160352392695,12.96947718567149,88.097595,0.60126942300386
hNHE1cdt,3,9605,2463,2.6335986987984996,6.93584210631315,20.377604,0.3963387392165891
hNHE1cdt,3,9605,2464,3.3680732468508285,11.343917396152282,76.76042,0.3867631187647049
hNHE1cdt,3,9605,2465,2.8813457703775733,8.302153448472732,79.17229,0.39472256134810213
hNHE1cdt,3,9605,2466,2.5543464585728413,6.524685830423617,58.384556,0.3510733153672603
hNHE1cdt,3,9605,2467,3.915481692864265,15.330996887155207,134.33551,0.5117876272613636
hNHE1cdt,3,9605,2468,3.256978364665316,10.607908067897958,14.806434,0.2905533371792461
hNHE1cdt,3,9605,2469,2.8217206934522037,7.962107671856383,24.233595,0.3022375727294626
hNHE1cdt,3,9605,2470,3.596960485785354,12.93812473630121,106.13506,0.6221712705372868
hNHE1cdt,3,9605,2471,4.243044819667851,18.003429341710184,181.23383,0.6935259131237403
hNHE1cdt,3,9605,2472,2.9947329499173376,8.9684254413206,152.85654,0.6312384293946858
hNHE1cdt,3,9605,2473,2.3132736804556546,5.35123512068885,16.145948,0.19643027125282114
hNHE1cdt,3,9605,2474,2.699699506154818,7.288377423532569,35.075962,0.1709850465203851
hNHE1cdt,3,9605,2475,2.500211466507993,6.251057377258049,5.6739206,0.2207293147783047
hNHE1cdt,3,9605,2476,2.917134510720003,8.509673753633631,7.7988844,0.38621689715188345
hNHE1cdt,3,9605,2477,3.0489108873281854,9.295857598868341,28.52089,0.41361516989003033
hNHE1cdt,3,9605,2478,3.4970121091639936,12.229093691639598,7.5057454,0.37429645645146703
hNHE1cdt,3,9605,2479,5.187252212158722,26.907585512545555,151.49683,0.7712418257329683
hNHE1cdt,3,9605,2480,3.9000747559260254,15.210583101811444,75.6981,0.6161189783602554
hNHE1cdt,3,9605,2481,3.4647434528446976,12.004447194030199,1.6661726,0.26693081871489954
hNHE1cdt,3,9605,2482,3.2122171428041413,10.318338972524801,26.352436,0.38745156824331034
hNHE1cdt,3,9605,2483,2.9078782825108487,8.455756105898244,46.939407,0.4541989328257323
hNHE1cdt,3,9605,2484,2.8458505253987605,8.0988652129124,27.245888,0.31624507803592805
hNHE1cdt,3,9605,2485,2.731477740160273,7.460970644991073,36.653767,0.27883440266221593
hNHE1cdt,3,9605,2486,4.321073898783383,18.67167963874703,116.33878,0.5261551654971952
hNHE1cdt,3,9605,2487,2.752877579616538,7.57833496835541,27.063387,0.4918510403452585
hNHE1cdt,3,9605,2488,3.9308885196362207,15.451884553807844,157.51938,0.6315397287012005
hNHE1cdt,3,9605,2489,3.334833666904219,11.12111558591784,43.952785,0.2636491585829517
hNHE1cdt,3,9605,2490,3.0969778922777995,9.59127206525744,34.58447,0.44051773301409414
hNHE1cdt,3,9605,2491,4.257956970225806,18.130197560294526,35.96226,0.18987623169340825
hNHE1cdt,3,9605,2492,3.201922152289419,10.252305469321705,103.3054,0.45049193150175826
hNHE1cdt,3,9605,2493,3.1494724479936975,9.919176700671413,63.423893,0.17243225386527272
hNHE1cdt,3,9605,2494,4.285877821920571,18.368748704430615,132.7434,0.7745989603543886
hNHE1cdt,3,9605,2495,4.586641659262962,21.037281710486496,162.00752,0.6802556757457494
hNHE1cdt,3,9605,2496,3.32347207737989,11.0454666491238,51.186733,0.5083348782527797
hNHE1cdt,3,9605,2497,3.3853434852056665,11.46055051282445,28.82228,0.3030871573982505
hNHE1cdt,3,9605,2498,3.321690362702358,11.033626865669724,57.9908,0.42830120935007054
hNHE1cdt,3,9605,2499,2.457207546746084,6.037868927785909,46.33996,0.21784906358056375
hNHE1cdt,3,9605,2500,4.024825684748003,16.199221792607233,99.39805,0.3608526686269582
hNHE1cdt,3,9605,2501,3.296041201158171,10.863887599732198,63.015106,0.6169821035640413
hNHE1cdt,3,9605,2502,3.9759186263196002,15.807928923115137,118.959,0.7027301604890137
hNHE1cdt,3,9605,2503,2.6505674748434003,7.025507938697719,15.389494,0.26486702829533754
hNHE1cdt,3,9605,2504,3.888248394787906,15.118475579570724,87.67602,0.39116297079317064
hNHE1cdt,3,9605,2505,4.568305989190421,20.86941961087307,188.29704,0.6134681869631285
hNHE1cdt,3,9605,2506,4.5007995001252015,20.257196140327267,106.267334,0.5678454549307943
hNHE1cdt,3,9605,2507,2.6916799585884665,7.245140999466808,41.72691,0.26534298003069334
hNHE1cdt,3,9605,2508,3.5270442164083415,12.440040904499538,87.733475,0.23485281108788264
hNHE1cdt,3,9605,2509,2.750802457857396,7.566914162154294,55.999275,0.29037750613210767
hNHE1cdt,3,9605,2510,2.4430857259465264,5.968667864323665,42.00823,0.1983835032074931
hNHE1cdt,3,9605,2511,2.1293592791319575,4.534170939625372,26.854042,0.21507649160572984
hNHE1cdt,3,9605,2512,3.4645540878122643,12.003135027376672,39.5403,0.44123444711887355
hNHE1cdt,3,9605,2513,3.2462642782785087,10.538231764427081,116.376144,0.5638450935753848
hNHE1cdt,3,9605,2514,3.5061094696603337,12.292803613241869,58.92878,0.37615496496337014
hNHE1cdt,3,9605,2515,2.627634836736609,6.904464835231825,25.03984,0.2814912383006951
hNHE1cdt,3,9605,2516,3.9850672823066513,15.880761244510918,123.61667,0.40558181220155987
hNHE1cdt,3,9605,2517,2.9423819026886715,8.657611261269809,35.95242,0.5306202863671271
hNHE1cdt,3,9605,2518,3.4547534664813586,11.935321514164968,101.84573,0.4015345165678027
hNHE1cdt,3,9605,2519,2.4302093442491404,5.905917456875837,20.815844,0.29021899457459516
hNHE1cdt,3,9605,2520,3.8617732692887374,14.91329278339303,84.59116,0.54104576209512
hNHE1cdt,3,9605,2521,3.347831334434116,11.20797464381892,56.403152,0.570155569607536
hNHE1cdt,3,9605,2522,3.272421436097134,10.708742055428027,35.336014,0.18155606591862622
hNHE1cdt,3,9605,2523,3.254695171706303,10.593040660728324,29.959034,0.3419100238564141
hNHE1cdt,3,9605,2524,2.0785662474819135,4.320437645171042,15.05983,0.16121844269541155
hNHE1cdt,3,9605,2525,2.876625522029867,8.274974393993604,31.618961,0.145357203152125
hNHE1cdt,3,9605,2526,2.676881016135071,7.165691974544331,71.369095,0.3070143198117653
hNHE1cdt,3,9605,2527,2.04521940659847,4.182922421126996,3.3775363,0.0712807715090565
hNHE1cdt,3,9605,2528,2.787678903718561,7.771153670237521,46.152733,0.19291258025176444
hNHE1cdt,3,9605,2529,3.3588261002176485,11.281712771503301,21.831371,0.42141838411866395
hNHE1cdt,3,9605,2530,3.20347737898311,10.262267317656496,44.069214,0.6012141733369001
hNHE1cdt,3,9605,2531,3.23153152086414,10.442795970338507,78.34358,0.3741930210624898
hNHE1cdt,3,9605,2532,3.358810308298804,11.281606687134309,30.83618,0.6546356928823729
hNHE1cdt,3,9605,2533,4.1439375375317296,17.17221831496454,84.18547,0.5700217103615195
hNHE1cdt,3,9605,2534,3.0233203215437894,9.14046576665964,23.702923,0.33380118968965733
hNHE1cdt,3,9605,2535,2.6543746469529257,7.045704766386467,15.21735,0.28606776507188436
hNHE1cdt,3,9605,2536,3.0599979412439775,9.363587400417378,126.337265,0.49575229836611495
hNHE1cdt,3,9605,2537,2.907495601700767,8.453530673909302,37.835197,0.5279229190486934
hNHE1cdt,3,9605,2538,2.404018785636468,5.779306321693039,32.084156,0.19455524773030627
hNHE1cdt,3,9605,2539,3.51996861208838,12.390179030087399,84.326904,0.124052906769818
hNHE1cdt,3,9605,2540,4.140841535582301,17.14656862280359,163.91739,0.6556641999873589
hNHE1cdt,3,9605,2541,4.300185214594593,18.49159287981794,68.88038,0.4808376496664484
hNHE1cdt,3,9605,2542,3.27767113409359,10.74312806327036,62.970963,0.30456185941700176
hNHE1cdt,3,9605,2543,2.761647094600995,7.6266946751181175,2.795324,0.2926954997651118
hNHE1cdt,3,9605,2544,5.329952974882155,28.408398714455142,116.13791,0.39314888986057306
hNHE1cdt,3,9605,2545,4.402512552622857,19.382116776001823,150.59424,0.8033823791554456
hNHE1cdt,3,9605,2546,3.6178654637670613,13.088950513918453,25.361752,0.5915610283601955
hNHE1cdt,3,9605,2547,2.9389285834528684,8.637301218636285,85.28843,0.23494029606417696
hNHE1cdt,3,9605,2548,3.624240619139572,13.135120065421193,135.57477,0.5679179748884227
hNHE1cdt,3,9605,2549,5.103539755221112,26.046118033122365,217.59444,0.6675888397054169
hNHE1cdt,3,9605,2550,4.194226081800694,17.591532425257203,138.14697,0.5255864555962498
hNHE1cdt,3,9605,2551,4.761313519949895,22.67010643525766,113.79589,0.7943317540923757
hNHE1cdt,3,9605,2552,3.215617021948337,10.340192831843895,92.52896,0.2741917579569808
hNHE1cdt,3,9605,2553,4.841997674277253,23.444941477706323,196.7254,0.7362533064906868
hNHE1cdt,3,9605,2554,3.4507048532463616,11.907363984217993,44.269188,0.5316389685082408
hNHE1cdt,3,9605,2555,3.5604176954689306,12.67657416620829,32.8257,0.5174657303642896
hNHE1cdt,3,9605,2556,3.169054641701212,10.042907322087995,44.62961,0.24732010734012824
hNHE1cdt,3,9605,2557,4.98370647209684,24.837330200019935,209.47528,0.833076843975482
hNHE1cdt,3,9605,2558,5.385100759805859,28.999310193261625,210.51347,0.8292840320746236
hNHE1cdt,3,9605,2559,3.9681169988293976,15.745952516398821,87.05639,0.15536897011981732
hNHE1cdt,3,9605,2560,4.117476915669843,16.953616151074044,79.707726,0.6034758397023927
hNHE1cdt,3,9605,2561,3.834880793092234,14.706310697227723,186.65764,0.697273820825118
hNHE1cdt,3,9605,2562,3.813315855675177,14.54137781514371,125.0796,0.4642344683223101
hNHE1cdt,3,9605,2563,4.943637941272454,24.439556094388546,187.29257,0.7784035144702793
hNHE1cdt,3,9605,2564,3.9168404463088393,15.341639081840826,145.18312,0.6856003791156152
hNHE1cdt,3,9605,2565,2.906356754051796,8.44690958182249,18.661888,0.40636564886367244
hNHE1cdt,3,9605,2566,4.772326443231131,22.775099680763105,197.84358,0.6624299627191159
hNHE1cdt,3,9605,2567,2.9620231125146197,8.773580919070792,31.118582,0.1991576137583495
hNHE1cdt,3,9605,2568,3.4762755586172536,12.084491759439704,81.39995,0.5403191225165914
hNHE1cdt,3,9605,2569,3.46422519548731,12.000856205049086,30.601137,0.4929973988623678
hNHE1cdt,3,9605,2570,3.1621245441134302,9.999031632484568,60.82337,0.5298062226408974
hNHE1cdt,3,9605,2571,3.4451141369602745,11.86881141668354,103.13182,0.4861922125123238
hNHE1cdt,3,9605,2572,2.8611424537195056,8.186136140476071,8.92785,0.2722132222607041
hNHE1cdt,3,9605,2573,2.5781174358220613,6.646689512889721,32.785397,0.3011493566992223
hNHE1cdt,3,9605,2574,3.369101253286538,11.35084325489692,88.99263,0.5801014120856895
hNHE1cdt,3,9605,2575,3.418458245177319,11.685856774020797,95.52016,0.5161376167021513
hNHE1cdt,3,9605,2576,3.8551801428413817,14.862413933758496,101.614815,0.5136164728524022
hNHE1cdt,3,9605,2577,3.656959040268002,13.37334942219787,109.133575,0.37567758112048627
hNHE1cdt,3,9605,2578,3.5346827694464267,12.49398228062146,65.01754,0.6527065472714084
hNHE1cdt,3,9605,2579,3.8931212537907607,15.156393096717345,104.85182,0.5102833639357012
hNHE1cdt,3,9605,2580,2.9353536274621352,8.616300918255112,81.881096,0.49545875893410163
hNHE1cdt,3,9605,2581,4.244598221319613,18.016614060429617,148.34442,0.6188769261773668
hNHE1cdt,3,9605,2582,3.249507045869764,10.559296041157241,77.12268,0.29731858863461036
hNHE1cdt,3,9605,2583,3.480218822488473,12.111923052403059,36.083782,0.6590791464703886
hNHE1cdt,3,9605,2584,2.8688170890296756,8.230111490308703,26.067465,0.269442992802369
hNHE1cdt,3,9605,2585,3.2191703153056226,10.3630575189449,43.24164,0.4756219889904427
hNHE1cdt,3,9605,2586,3.2686134216596954,10.683833700253897,45.046455,0.5410284353061626
hNHE1cdt,3,9605,2587,2.6139932816788902,6.832960876662373,41.324738,0.17702541559317572
hNHE1cdt,3,9605,2588,2.8825433731441743,8.309056298057394,12.642821,0.44518393452299854
hNHE1cdt,3,9605,2589,3.114500431830054,9.700112939869591,16.489344,0.17444778065203828
hNHE1cdt,3,9605,2590,3.0030281553515623,9.018178101834208,12.75184,0.23539126594724077
hNHE1cdt,3,9605,2591,2.803550054944771,7.859892910580831,19.28529,0.2542591730667379
hNHE1cdt,3,9605,2592,2.276161968990288,5.180913309077743,41.904613,0.1521295427182479
hNHE1cdt,3,9605,2593,2.7506843409810404,7.566264343718299,32.896126,0.23438489930489032
hNHE1cdt,3,9605,2594,2.66635481907752,7.109448021217914,48.026283,0.2937846365582497
hNHE1cdt,3,9605,2595,3.28131513527794,10.767029017004088,60.761917,0.41074189396750965
hNHE1cdt,3,9605,2596,3.0369559133047126,9.223101219356463,115.806114,0.47125629910492994
hNHE1cdt,3,9605,2597,2.858289271986154,8.169817562351144,41.777107,0.5128323155511629
hNHE1cdt,3,9605,2598,3.242452599122709,10.513498857557611,67.109604,0.4333102847011755
hNHE1cdt,3,9605,2599,2.767886147186685,7.661193723787948,32.605526,0.2917964363688439
hNHE1cdt,3,9605,2600,4.412639206685845,19.471384768381085,122.78907,0.6434456711171223
hNHE1cdt,3,9605,2601,3.8515804480068794,14.834671947468873,107.610695,0.5938502107095789
hNHE1cdt,3,9605,2602,3.709875668887157,13.763177478600932,113.8442,0.2802254969177368
hNHE1cdt,3,9605,2603,3.3428792513620635,11.174841689186994,72.01942,0.46365523216436033
hNHE1cdt,3,9605,2604,5.349625475168507,28.618492724571876,185.76328,0.6913011920460539
hNHE1cdt,3,9605,2605,4.272120222194456,18.251011192882807,201.48721,0.4958316040367
hNHE1cdt,3,9605,2606,3.5517074119621896,12.61462554018715,33.362198,0.45700202884669106
hNHE1cdt,3,9605,2607,3.5278331803973697,12.445606948712623,64.7476,0.6879137577376999
hNHE1cdt,3,9605,2608,3.1957229826527165,10.212645381854779,85.2918,0.2734041642309097
hNHE1cdt,3,9605,2609,3.21605504811054,10.343010072477286,49.635555,0.39967340865188317
hNHE1cdt,3,9605,2610,4.3879623629757605,19.254213698891824,66.15554,0.5068177563521393
hNHE1cdt,3,9605,2611,4.048042165490525,16.38664537358922,88.57329,0.6625042878190304
hNHE1cdt,3,9605,2612,4.081997533279325,16.66270386169849,145.03812,0.5124843784371207
hNHE1cdt,3,9605,2613,3.4155460308265884,11.665954688695267,45.202736,0.43170725692032164
hNHE1cdt,3,9605,2614,2.995614088186734,8.973703765342838,65.324875,0.36053901115066433
hNHE1cdt,3,9605,2615,2.888605191433479,8.344039951976448,49.38307,0.17258084853684824
hNHE1cdt,3,9605,2616,3.4145035011003873,11.658834159026807,140.99358,0.5552596245577701
hNHE1cdt,3,9605,2617,2.466916102792874,6.085675058218779,3.4359765,0.18616950300105464
hNHE1cdt,3,9605,2618,2.738831968537051,7.501200551880536,88.055855,0.23286236471642408
hNHE1cdt,3,9605,2619,2.8902529259803007,8.353561976137689,19.34964,0.24009821187139244
hNHE1cdt,3,9605,2620,4.870405811565609,23.720852769332055,211.59355,0.7448003576354291
hNHE1cdt,3,9605,2621,3.1639727439537007,10.010723524481909,101.29053,0.4886680720480233
hNHE1cdt,3,9605,2622,2.6337786046257525,6.936789738184375,57.318596,0.4064584510963929
hNHE1cdt,3,9605,2623,4.646342412631941,21.588497815422407,116.32608,0.6430468131256017
hNHE1cdt,3,9605,2624,3.7462421284084435,14.034330084662221,108.797676,0.47980317025528185
hNHE1cdt,3,9605,2625,2.64949993282736,7.019849894052184,22.760214,0.1324762666903406
hNHE1cdt,3,9605,2626,3.645667736538082,13.290893245234708,128.44904,0.3549970917697214
hNHE1cdt,3,9605,2627,3.8369811049061693,14.722423999406967,54.287704,0.6086911022819744
hNHE1cdt,3,9605,2628,3.5733810543257953,12.769052159414537,63.699535,0.6971143543110185
hNHE1cdt,3,9605,2629,4.497579263960253,20.228219235605252,141.71124,0.6013472981118643
hNHE1cdt,3,9605,2630,3.3649310597478608,11.322761036855864,92.85336,0.4941932979594558
hNHE1cdt,3,9605,2631,3.6507129864028918,13.327705309090724,49.13315,0.3298501520672441
hNHE1cdt,3,9605,2632,3.6481120269268903,13.308721361008622,44.746933,0.58622999525267
hNHE1cdt,3,9605,2633,3.706820790153065,13.740520370310998,77.99942,0.5320205953435392
hNHE1cdt,3,9605,2634,3.029575401677017,9.17832711444646,35.204956,0.5624463277814942
hNHE1cdt,3,9605,2635,2.8979024967596883,8.397838880726033,51.000687,0.44278812969911985
hNHE1cdt,3,9605,2636,2.5499760310599258,6.502377758980133,26.890034,0.30999969106972836
hNHE1cdt,3,9605,2637,3.8567698826657404,14.874673927837504,104.282,0.5996818759493261
hNHE1cdt,3,9605,2638,4.6339102069172755,21.4731238057721,118.19182,0.6497368705501002
hNHE1cdt,3,9605,2639,3.863924015798034,14.929908799860808,61.30915,0.5052448264374355
hNHE1cdt,3,9605,2640,4.00659324175766,16.052789404898142,121.34334,0.6242362405190757
hNHE1cdt,3,9605,2641,4.25961927000706,18.144356325415472,132.65085,0.7963724203508744
hNHE1cdt,3,9605,2642,4.271248282177273,18.243561888002297,82.241165,0.6349053671320469
hNHE1cdt,3,9605,2643,3.176482632723872,10.090041915996382,85.70124,0.3660851161239454
hNHE1cdt,3,9605,2644,3.378825926139236,11.416464639150663,108.006294,0.6757637686160767
hNHE1cdt,3,9605,2645,2.832362975022883,8.022280022280476,17.433659,0.2369097354658603
hNHE1cdt,3,9605,2646,3.638165590065036,13.236248860733273,33.836082,0.3178288977784829
hNHE1cdt,3,9605,2647,3.3439615278426222,11.182078699691562,45.80639,0.19325037147770668
hNHE1cdt,3,9605,2648,3.952135356283641,15.619373874387222,97.2018,0.6612311273335993
hNHE1cdt,3,9605,2649,5.02908175601672,25.291663308700226,141.10088,0.6629333735601192
hNHE1cdt,3,9605,2650,4.016890999084732,16.13541329852794,51.439598,0.3079699063649021
hNHE1cdt,3,9605,2651,2.5719022809605883,6.614681342810276,41.950565,0.35535797304224936
hNHE1cdt,3,9605,2652,3.9262858051683316,15.41572022386633,65.90648,0.6327306562386141
hNHE1cdt,3,9605,2653,5.534809466251479,30.63411582770698,244.92493,0.6915052353001343
hNHE1cdt,3,9605,2654,3.4827900295707295,12.12982639007728,26.339413,0.6759730354144367
hNHE1cdt,3,9605,2655,3.723430987739552,13.863938320459136,75.97107,0.7712516471804424
hNHE1cdt,3,9605,2656,3.3431754195797256,11.176821886082077,67.29739,0.37903120131000934
hNHE1cdt,3,9605,2657,4.15355062587797,17.251982801731277,120.06387,0.656945380565741
hNHE1cdt,3,9605,2658,3.591687075816864,12.900216050589895,98.796616,0.279863760711378
hNHE1cdt,3,9605,2659,3.0140074479476526,9.084240896283921,50.154053,0.4646040738476094
hNHE1cdt,3,9605,2660,4.803345213629197,23.072125241294522,144.02055,0.5321544764682993
hNHE1cdt,3,9605,2661,3.6307753139770824,13.182529380585382,84.19317,0.49253118934946166
hNHE1cdt,3,9605,2662,3.8631841303724292,14.92419162516138,45.530514,0.22238548408590275
hNHE1cdt,3,9605,2663,3.268337946548787,10.682032932850742,92.04312,0.4814135163625696
hNHE1cdt,3,9605,2664,3.321184482097293,11.030266364123865,31.837093,0.49052277809393774
hNHE1cdt,3,9605,2665,3.490375726237963,12.182722710311188,29.634043,0.5065907625967793
hNHE1cdt,3,9605,2666,2.6230935688197627,6.880619870783602,26.355516,0.3058814387506606
hNHE1cdt,3,9605,2667,3.2611946540601555,10.635390571670536,56.142517,0.32561657850474823
hNHE1cdt,3,9605,2668,3.5447145535133036,12.565001265889014,27.419342,0.16976590716201978
hNHE1cdt,3,9605,2669,3.258094802115977,10.615181739575148,98.48645,0.41748711336223643
hNHE1cdt,3,9605,2670,3.553403930987324,12.626679496756168,75.80633,0.45844544672956744
hNHE1cdt,3,9605,2671,4.734458426719192,22.415096594332365,202.05026,0.7338646260135919
hNHE1cdt,3,9605,2672,2.642597212096894,6.983320025382277,58.450226,0.3669369528918055
hNHE1cdt,3,9605,2673,3.6072437799292594,13.01220768783833,123.41954,0.6261193261642716
hNHE1cdt,3,9605,2674,4.08699903078271,16.703561077618815,132.26831,0.6872046535932292
hNHE1cdt,3,9605,2675,2.819629556792375,7.950310837537165,21.915071,0.2822264911849656
hNHE1cdt,3,9605,2676,3.2765780088016534,10.735963447762611,4.016201,0.2830604668011042
hNHE1cdt,3,9605,2677,3.546630554980154,12.578588293518834,50.66253,0.5466784222512862
hNHE1cdt,3,9605,2678,4.219619476154327,17.80518852354092,212.2929,0.7989537800551507
hNHE1cdt,3,9605,2679,3.3802313930900336,11.425964270831386,54.417587,0.41912294185329424
hNHE1cdt,3,9605,2680,3.5985094643092514,12.949270364723255,43.264378,0.515207617118594
hNHE1cdt,3,9605,2681,4.052989234653202,16.42672173621475,175.3182,0.4590989037103548
hNHE1cdt,3,9605,2682,3.774525337012872,14.247041519752132,85.28878,0.5335921496895565
hNHE1cdt,3,9605,2683,3.1401025253751738,9.860243869867544,40.565628,0.5271805085196946
hNHE1cdt,3,9605,2684,4.6524611009192025,21.645394295566323,162.9201,0.5818290584690898
hNHE1cdt,3,9605,2685,5.075801515810437,25.763761027903545,227.50491,0.720629346122398
hNHE1cdt,3,9605,2686,3.823722084535472,14.620850579764294,135.34125,0.5971367305326645
hNHE1cdt,3,9605,2687,3.1542394996933547,9.949226821425786,51.161247,0.3677353657912412
hNHE1cdt,3,9605,2688,3.033461795263447,9.201890463322933,10.212023,0.35427641763273876
hNHE1cdt,3,9605,2689,3.777680498953949,14.27086995217696,61.29765,0.5425507504527811
hNHE1cdt,3,9605,2690,2.894471986586655,8.377968081134894,25.444206,0.23920736533919562
hNHE1cdt,3,9605,2691,2.609257597479124,6.808225210002529,22.654215,0.19749068357145422
hNHE1cdt,3,9605,2692,2.2550000712461933,5.085025321320337,1.9838972,0.14989492884807248
hNHE1cdt,3,9605,2693,3.2745639813696457,10.722769268083425,105.087776,0.4266168889491044
hNHE1cdt,3,9605,2694,2.6064908542617196,6.793794573349988,57.132797,0.42706140291457034
hNHE1cdt,3,9605,2695,3.2396241814334665,10.495164836928458,68.25099,0.3175251585095231
hNHE1cdt,3,9605,2696,3.0152083486021106,9.091481385479865,16.864058,0.20810914407660297
hNHE1cdt,3,9605,2697,4.188530164226595,17.543784936636072,129.81609,0.5080957754065457
hNHE1cdt,3,9605,2698,3.1536801275872812,9.945698347138928,33.258842,0.16890330296869815
hNHE1cdt,3,9605,2699,3.5122614358894286,12.33598039403607,99.29695,0.6362830856928465
hNHE1cdt,3,9605,2700,4.147193651300672,17.1992151813886,89.32572,0.4817768596443231
hNHE1cdt,3,9605,2701,3.2931668614836287,10.844947977573932,97.59992,0.5198358770749343
hNHE1cdt,3,9605,2702,3.913606763100802,15.316317896188336,123.14761,0.3444679495165089
hNHE1cdt,3,9605,2703,3.4957829557845947,12.220498473954077,43.405067,0.4129631294992412
hNHE1cdt,3,9605,2704,3.072511318580298,9.44032580280404,60.702545,0.46701619146689966
hNHE1cdt,3,9605,2705,3.122281242413984,9.748640156730216,76.5096,0.37472783646152863
hNHE1cdt,3,9605,2706,2.30597835856447,5.317536190167688,27.783659,0.15746139557036337
hNHE1cdt,3,9605,2707,2.98765578227097,8.926087073337161,24.408115,0.28903139192741095
hNHE1cdt,3,9605,2708,3.7195539587829916,13.835081652298229,172.66821,0.48604939450013096
hNHE1cdt,3,9605,2709,3.607656480352497,13.01518528022937,43.767788,0.4238213079298597
hNHE1cdt,3,9605,2710,4.299530819904715,18.485965271310505,126.84735,0.46308231807318134
hNHE1cdt,3,9605,2711,3.2010464945572745,10.246698660317415,20.939072,0.3155342496774053
hNHE1cdt,3,9605,2712,2.9749633873090544,8.85040715582936,32.130184,0.2799374610432839
hNHE1cdt,3,9605,2713,3.6764663036365497,13.516404481774996,61.17479,0.6958104525233517
hNHE1cdt,3,9605,2714,3.4983002122189504,12.238104374811154,51.255936,0.47049451424646055
hNHE1cdt,3,9605,2715,3.269005044174316,10.68639397883712,55.82245,0.4421269721451956
hNHE1cdt,3,9605,2716,3.500527139319978,12.25369025311571,95.05828,0.5008844979368109
hNHE1cdt,3,9605,2717,3.278398571741805,10.747897195198709,24.133326,0.3259165833662629
hNHE1cdt,3,9605,2718,3.3597792053935303,11.288116308994782,28.999416,0.4710081355463611
hNHE1cdt,3,9605,2719,4.579718750035438,20.973823829426166,81.76621,0.6391762699073675
hNHE1cdt,3,9605,2720,5.079848564993134,25.804861443262805,161.91057,0.7693827006977156
hNHE1cdt,3,9605,2721,4.08953846821685,16.724324883025428,153.0849,0.6347970974786558
hNHE1cdt,3,9605,2722,3.314611526555761,10.986649571976313,54.533688,0.4013279537628308
hNHE1cdt,3,9605,2723,3.109665058210321,9.670016774254199,65.377754,0.3879586508427016
hNHE1cdt,3,9605,2724,2.5615572558301847,6.561575574896264,24.0058,0.3171623029858423
hNHE1cdt,3,9605,2725,2.8227445373053692,7.967886722887302,37.175827,0.5870083178005903
hNHE1cdt,3,9605,2726,5.376099344138992,28.902444158051697,257.19482,0.7506702395135918
hNHE1cdt,3,9605,2727,3.433107149210278,11.786224697958724,87.85111,0.3389834371828201
hNHE1cdt,3,9605,2728,3.2970905198250944,10.87080589592051,48.36389,0.5794458774833257
hNHE1cdt,3,9605,2729,4.112499046275418,16.912648405616224,136.48553,0.756385337356772
hNHE1cdt,3,9605,2730,3.369343638230949,11.35247655248737,78.44371,0.39482775074426013
hNHE1cdt,3,9605,2731,2.734557958223062,7.47780722688108,43.681316,0.11704814719396286
hNHE1cdt,3,9605,2732,2.7544803954484416,7.587162248909804,23.382156,0.39987273330528394
hNHE1cdt,3,9605,2733,2.3777747086185475,5.653812564946018,6.672923,0.3565610886323948
hNHE1cdt,3,9605,2734,2.3435193205627884,5.492082805851074,3.4892356,0.23193211536058211
hNHE1cdt,3,9605,2735,2.8949026453923823,8.380461326299812,8.116246,0.36107181657677057
hNHE1cdt,3,9605,2736,3.476923387953624,12.08899624569891,88.377335,0.25797647572792987
hNHE1cdt,3,9605,2737,4.515180737080024,20.386857088498495,112.56596,0.6991237673824878
hNHE1cdt,3,9605,2738,2.2806495394443442,5.2013623217677,22.901638,0.12655966225083437
hNHE1cdt,3,9605,2739,2.9924498093592415,8.95475586153416,82.17153,0.3388453382218902
hNHE1cdt,3,9605,2740,3.7879670750273764,14.348694561491449,49.023247,0.5120640154579652
hNHE1cdt,3,9605,2741,3.748029593800329,14.04772583600306,75.502,0.46799776657839554
hNHE1cdt,3,9605,2742,3.7825488437651127,14.307675755468788,122.00406,0.30041952515530623
hNHE1cdt,3,9605,2743,2.0353271076310993,4.142556435057977,12.50116,0.21758605051377705
hNHE1cdt,3,9605,2744,3.3115008020830623,10.966037562196764,49.00256,0.6649626320314329
hNHE1cdt,3,9605,2745,3.023365764377277,9.140740545208597,28.140028,0.3900587674822008
hNHE1cdt,3,9605,2746,2.6014797985663223,6.767697142348672,15.0414095,0.2617375175591359
hNHE1cdt,3,9605,2747,2.288180561768622,5.235770283255768,9.497246,0.1132461273075992
hNHE1cdt,3,9605,2748,3.5253873333908863,12.428355850432904,32.114674,0.38710580908380643
hNHE1cdt,3,9605,2749,2.726038484747757,7.431285820325845,10.172334,0.26355735116799955
hNHE1cdt,3,9605,2750,2.495763870869595,6.228837299137983,21.681993,0.23980582015301227
hNHE1cdt,3,9605,2751,2.8332535148958726,8.027325479669818,28.237455,0.21610727115405046
hNHE1cdt,3,9605,2752,3.756521898086029,14.111456770799858,96.44765,0.5710283075063879
hNHE1cdt,3,9605,2753,4.744787736407451,22.513010663562543,193.88971,0.7768677355307372
hNHE1cdt,3,9605,2754,3.5515595140563088,12.613574981883877,91.97223,0.6688486008042852
hNHE1cdt,3,9605,2755,3.8176993995423616,14.574828705266103,165.9739,0.7175436484740901
hNHE1cdt,3,9605,2756,3.7679921786111192,14.197765058074568,75.022575,0.6186584991440153
hNHE1cdt,3,9605,2757,3.0165169019454248,9.099374219722423,48.811428,0.2845565589330755
hNHE1cdt,3,9605,2758,2.5869260504185396,6.692186390334065,55.45798,0.2630303822260687
hNHE1cdt,3,9605,2759,3.040301719785882,9.24343454733299,89.82499,0.2608100869197356
hNHE1cdt,3,9605,2760,2.886558984912275,8.332222773377781,63.86013,0.3009391142178531
hNHE1cdt,3,9605,2761,4.236829042713893,17.95072033718392,87.7599,0.47999645319780815
hNHE1cdt,3,9605,2762,4.395991744367137,19.324743416544024,126.25582,0.6867685999427584
hNHE1cdt,3,9605,2763,2.5977756886699557,6.748438528644663,17.961407,0.15175532026166377
hNHE1cdt,3,9605,2764,2.8731257478786123,8.254851563123037,45.227,0.1646185759735063
hNHE1cdt,3,9605,2765,2.3285808839079967,5.422288932901746,37.152813,0.18421130437762934
hNHE1cdt,3,9605,2766,2.514468092097678,6.322549786177337,24.736639,0.19635612281004342
hNHE1cdt,3,9605,2767,3.462215826675453,11.986938430481993,123.02888,0.6049670856579032
hNHE1cdt,3,9605,2768,2.8188148017298733,7.945716886451424,46.05111,0.08697217697559706
hNHE1cdt,3,9605,2769,3.1566528974148693,9.964457514757687,74.546234,0.3656315116664836
hNHE1cdt,3,9605,2770,2.8610934095403304,8.185855498115117,60.35304,0.28667999024413593
hNHE1cdt,3,9605,2771,4.0007708805486155,16.00616763864574,124.335,0.5452909158849408
hNHE1cdt,3,9605,2772,3.875416910453278,15.018856229827232,83.988,0.7845712343838621
hNHE1cdt,3,9605,2773,2.5171205538948955,6.335895882840143,32.66312,0.22571575531351687
hNHE1cdt,3,9605,2774,2.7202501895057902,7.399761093506287,53.51086,0.39291273937505306
hNHE1cdt,3,9605,2775,4.008554202513725,16.06850679449044,80.26183,0.4037318408466653
hNHE1cdt,3,9605,2776,3.602334257344706,12.976812101639236,140.96501,0.6161579335424021
hNHE1cdt,3,9605,2777,3.981995713868125,15.856289865264124,175.20003,0.6551622054356601
hNHE1cdt,3,9605,2778,3.794121476517007,14.395357778567595,151.4012,0.5724606610493261
hNHE1cdt,3,9605,2779,3.905661165251907,15.254189137756883,97.85605,0.6105040904425338
hNHE1cdt,3,9605,2780,4.264449701438246,18.185531256096752,109.23895,0.6551380875990903
hNHE1cdt,3,9605,2781,4.6052229796424715,21.208078692227083,173.85242,0.6358637902075985
hNHE1cdt,3,9605,2782,3.587565536049225,12.870626475448164,111.8671,0.47601392588620095
hNHE1cdt,3,9605,2783,4.117717294630207,16.95559571849671,128.57416,0.5328533060600122
hNHE1cdt,3,9605,2784,3.0891983790923416,9.54314662538675,64.4375,0.32439886443440125
hNHE1cdt,3,9605,2785,3.570943315288225,12.751636161001663,150.22572,0.6424878886269423
hNHE1cdt,3,9605,2786,3.571249877062904,12.753825684421809,43.177303,0.6151461500479543
hNHE1cdt,3,9605,2787,3.4857078697061037,12.150159352931064,92.63703,0.25342528272586073
hNHE1cdt,3,9605,2788,2.8411285537749618,8.072011459075407,47.63718,0.42540802372650666
hNHE1cdt,3,9605,2789,3.2938567857280545,10.849492524886747,48.107136,0.3355790748389545
hNHE1cdt,3,9605,2790,2.2879824445891352,5.234863666748078,16.22054,0.3433078961896401
hNHE1cdt,3,9605,2791,3.283165207257996,10.779173778149438,42.10598,0.5131826009851325
hNHE1cdt,3,9605,2792,3.115549366221736,9.706647853364661,44.71431,0.27824180992001957
hNHE1cdt,3,9605,2793,3.310130203375856,10.956961963301087,65.52637,0.5935506313030228
hNHE1cdt,3,9605,2794,3.657641212237211,13.378339237456089,142.13168,0.7558807927718405
hNHE1cdt,3,9605,2795,4.221389776121018,17.82013164193907,154.53346,0.6148318410005762
hNHE1cdt,3,9605,2796,3.0551965195713557,9.334225773200929,37.749138,0.48956841175646726
hNHE1cdt,3,9605,2797,3.843399231408387,14.771717651990578,66.568886,0.6228245763950053
hNHE1cdt,3,9605,2798,3.7676586090618374,14.195251394437772,141.12303,0.3598943725590082
hNHE1cdt,3,9605,2799,4.018296606942242,16.146707621363532,132.36328,0.6200640377429096
hNHE1cdt,3,9605,2800,2.530821832280759,6.40505914674894,10.56617,0.25996546587221414
hNHE1cdt,3,9605,2801,2.2914658303991735,5.250815651886973,8.406908,0.1965279682943158
hNHE1cdt,3,9605,2802,3.4323564313816215,11.781070672046779,98.84491,0.4365386600359551
hNHE1cdt,3,9605,2803,2.3683783745290503,5.609216124936866,21.434849,0.12265243944644208
hNHE1cdt,3,9605,2804,3.7308625360087,13.919335262593266,48.407494,0.35926935830853646
hNHE1cdt,3,9605,2805,3.868514404650701,14.965403698989967,109.83564,0.49954208051072013
hNHE1cdt,3,9605,2806,5.476549599959736,29.992595520819137,299.2311,0.7971278932943614
hNHE1cdt,3,9605,2807,3.6417442505057873,13.262301186091959,100.27763,0.4640097920180477
hNHE1cdt,3,9605,2808,4.369202028149018,19.089926362781487,216.37517,0.7573648738773302
hNHE1cdt,3,9605,2809,3.532166615348304,12.476200998581092,67.909706,0.3951833451150112
hNHE1cdt,3,9605,2810,2.9939147454899486,8.963525503262145,41.552525,0.34840490024389414
hNHE1cdt,3,9605,2811,3.156742555953232,9.965023564566142,45.379852,0.4580613708855481
hNHE1cdt,3,9605,2812,3.346194991972535,11.197020924302073,129.71918,0.43996083458172885
hNHE1cdt,3,9605,2813,2.3192695063711963,5.379011043183294,9.499114,0.22137079491227116
hNHE1cdt,3,9605,2814,2.372182207650316,5.627248426292726,47.90823,0.26913450282027196
hNHE1cdt,3,9605,2815,3.687690300277171,13.59905975075833,79.032394,0.725792899194691
hNHE1cdt,3,9605,2816,4.891979359882559,23.931462057516985,111.01982,0.8159789197480176
hNHE1cdt,3,9605,2817,3.3313602120963113,11.097960862738377,55.034195,0.25222442538494017
hNHE1cdt,3,9605,2818,3.151521424291914,9.932087287770933,51.219463,0.2924620922583314
hNHE1cdt,3,9605,2819,2.8894968811653,8.349192226263996,31.236944,0.20923716228093436
hNHE1cdt,3,9605,2820,2.696877623797748,7.273148917740987,57.43978,0.3823196755524968
hNHE1cdt,3,9605,2821,4.554850153687527,20.746659922547295,126.97447,0.5102145087568875
hNHE1cdt,3,9605,2822,3.260341350149842,10.629825719496894,68.28166,0.49715677449718926
hNHE1cdt,3,9605,2823,3.062304916979536,9.377711404557045,12.064415,0.5725877771631891
hNHE1cdt,3,9605,2824,2.2547551650022,5.0839208541040986,35.783802,0.2964056642549802
hNHE1cdt,3,9605,2825,4.693829571356018,22.032036044936216,106.82441,0.7245958438329861
hNHE1cdt,3,9605,2826,3.6714046358501418,13.479212000141915,54.449596,0.3816864904555609
hNHE1cdt,3,9605,2827,4.808124910570254,23.11806515564621,214.40135,0.6728500046694124
hNHE1cdt,3,9605,2828,5.021312261098616,25.2135768234593,196.95921,0.8299846857256894
hNHE1cdt,3,9605,2829,3.9291315850131543,15.438075012347982,130.49783,0.7569256908604951
hNHE1cdt,3,9605,2830,3.4218263746230924,11.708895738066213,56.74437,0.39427632332244245
hNHE1cdt,3,9605,2831,3.3140978406539494,10.98324449742717,89.9106,0.5659591913180095
hNHE1cdt,3,9605,2832,2.6825052783885153,7.195834568582242,25.9793,0.2965527238975617
hNHE1cdt,3,9605,2833,2.9469610844186076,8.684579633077695,35.93814,0.2525155262255192
hNHE1cdt,3,9605,2834,3.397643361347234,11.543980410906931,39.00978,0.3354662189271062
hNHE1cdt,3,9605,2835,2.2761698543650652,5.180949205920283,19.152832,0.21031692115571185
hNHE1cdt,3,9605,2836,3.273608401544135,10.716511966660349,33.404743,0.2590332020091569
hNHE1cdt,3,9605,2837,3.774370945855594,14.245876036918851,58.121555,0.61760721137962
hNHE1cdt,3,9605,2838,3.072184974986005,9.43832052052976,85.14795,0.46862720864876617
hNHE1cdt,3,9605,2839,3.058279204644357,9.353071693560125,75.45453,0.35359021943051927
hNHE1cdt,3,9605,2840,5.40883751339516,29.255523246310737,130.34558,0.745311364216409
hNHE1cdt,3,9605,2841,4.413606584960217,19.479923086804188,106.79488,0.6521238239959835
hNHE1cdt,3,9605,2842,2.9552614840170937,8.733570438914915,46.714314,0.36930518561257475
hNHE1cdt,3,9605,2843,2.7636862399178765,7.637961632711411,62.282475,0.39010775893221555
hNHE1cdt,3,9605,2844,3.090077381626894,9.548578224442123,54.675583,0.2920875314435263
hNHE1cdt,3,9605,2845,3.0544257585026817,9.329516714204683,53.47561,0.3391522248965342
hNHE1cdt,3,9605,2846,2.7049093747143993,7.316534725417842,24.765982,0.2610009562372735
hNHE1cdt,3,9605,2847,3.0400299601761422,9.241782158768558,61.747093,0.5081198073401155
hNHE1cdt,3,9605,2848,3.9859482655972074,15.887783576017384,86.815544,0.3308204889389511
hNHE1cdt,3,9605,2849,3.3180896913660916,11.009719199949926,85.27017,0.5565355567292014
hNHE1cdt,3,9605,2850,2.087989731568903,4.3597011191371795,11.127966,0.11725181366833812
hNHE1cdt,3,9605,2851,3.4831346304059108,12.13222685353292,67.868744,0.3342087100894058
hNHE1cdt,3,9605,2852,4.575416341833172,20.934434701114053,99.79737,0.8141582568979756
hNHE1cdt,3,9605,2853,3.758144237842049,14.123648112425393,64.69316,0.17718748139823737
hNHE1cdt,3,9605,2854,3.1967065505366423,10.21893277024388,64.64715,0.4342402520027123
hNHE1cdt,3,9605,2855,3.2260221223555736,10.407218733927557,49.045242,0.30756496795527855
hNHE1cdt,3,9605,2856,2.245592001816657,5.042683438622941,8.060864,0.11770215025198771
hNHE1cdt,3,9605,2857,2.7818870436037275,7.738895523370287,15.4986725,0.19415574681588182
hNHE1cdt,3,9605,2858,3.0665653897535474,9.403823289634326,75.68786,0.3876451682063393
hNHE1cdt,3,9605,2859,2.1581092528780053,4.657435547357663,18.074602,0.05977876204799976
hNHE1cdt,3,9605,2860,2.811973331753595,7.907194018493411,50.89773,0.35042842454000356
hNHE1cdt,3,9605,2861,3.53017813552748,12.462157668556275,77.664154,0.4405264281716454
hNHE1cdt,3,9605,2862,2.3023509511499887,5.3008199022612565,33.506165,0.052985606457767606
hNHE1cdt,3,9605,2863,2.2121091815408467,4.893427031057315,17.254057,0.1429762579471294
hNHE1cdt,3,9605,2864,2.5163201665908312,6.331867180791709,10.130543,0.31320174096350406
hNHE1cdt,3,9605,2865,2.3064311453469277,5.3196246282263395,30.431747,0.09102182414376545
hNHE1cdt,3,9605,2866,4.289002018342874,18.39553831334925,101.71233,0.6224297904911216
hNHE1cdt,3,9605,2867,4.854469479585403,23.56587392822618,196.77968,0.6346372197623336
hNHE1cdt,3,9605,2868,2.529169438178305,6.396698047015163,29.141134,0.33080379712107544
hNHE1cdt,3,9605,2869,3.926295335850364,15.415795064320323,145.40398,0.7498111470531198
hNHE1cdt,3,9605,2870,3.2002679043697846,10.24171465973937,51.16856,0.5163321656801402
hNHE1cdt,3,9605,2871,4.325412799456727,18.70919588570407,175.04257,0.7017214295889128
hNHE1cdt,3,9605,2872,2.9186089305775234,8.518278089646875,15.909222,0.21788058386134868
hNHE1cdt,3,9605,2873,3.6096483047833976,13.029560884225658,67.74828,0.2903044117163387
hNHE1cdt,3,9605,2874,4.198169849949192,17.62463008902242,90.585175,0.5938761427858887
hNHE1cdt,3,9605,2875,3.444668475152305,11.86574090370811,82.638405,0.3756117419074776
hNHE1cdt,3,9605,2876,3.889322263252789,15.1268276674338,153.81775,0.4251389463426325
hNHE1cdt,3,9605,2877,3.5628724239048752,12.694059909021801,56.016724,0.4546990737699547
hNHE1cdt,3,9605,2878,3.483332813497283,12.133607489586899,66.226456,0.38524284413425935
hNHE1cdt,3,9605,2879,3.224510123007301,10.397465533376561,33.337563,0.4796530511917909
hNHE1cdt,3,9605,2880,2.380071518153043,5.6647404315233345,4.0238175,0.07671002288563059
hNHE1cdt,3,9605,2881,3.762413266130301,14.15575358515328,51.702965,0.622964971466914
hNHE1cdt,3,9605,2882,3.295002775372191,10.857043289710441,35.35747,0.4252915558050072
hNHE1cdt,3,9605,2883,3.602730034048386,12.979663698234285,96.053276,0.5257191013564527
hNHE1cdt,3,9605,2884,3.2463735161441063,10.53894100632185,51.01553,0.29322136997733567
hNHE1cdt,3,9605,2885,3.5964823607721232,12.934685371345028,102.29167,0.40664817958745936
hNHE1cdt,3,9605,2886,2.705255876791505,7.318409358914976,21.229296,0.43643961123825503
hNHE1cdt,3,9605,2887,2.591624039311178,6.716515161135585,26.581743,0.1708149835336662
hNHE1cdt,3,9605,2888,2.4337004897726584,5.922898073919681,14.275386,0.18019069602681054
hNHE1cdt,3,9605,2889,3.0541939660518116,9.328100782267295,69.69983,0.2721966598725121
hNHE1cdt,3,9605,2890,3.8199470956684385,14.591995813705738,116.207344,0.67640264647414
hNHE1cdt,3,9605,2891,4.359420458787293,19.00454673649321,105.198044,0.6728351016319508
hNHE1cdt,3,9605,2892,4.1654546577839096,17.35101250605366,75.0527,0.4051066816950496
hNHE1cdt,3,9605,2893,5.09627483032837,25.972017146238446,127.5877,0.8026491181378907
hNHE1cdt,3,9605,2894,4.32404366839749,18.697353646208423,91.319016,0.5657701564370545
hNHE1cdt,3,9605,2895,2.8364410183514948,8.045397650586864,36.547234,0.5468849251183171
hNHE1cdt,3,9605,2896,2.635180095447071,6.944174135440434,37.464573,0.11718639115951804
hNHE1cdt,3,9605,2897,3.040544480530486,9.244910738084402,68.319084,0.19534769041762612
hNHE1cdt,3,9605,2898,2.608015894500414,6.8017469059667945,63.367992,0.3630917641621286
hNHE1cdt,3,9605,2899,2.6032714229567886,6.777022101583464,94.36041,0.27012481725017584
hNHE1cdt,3,9605,2900,2.92262618533211,8.541743819188918,58.02827,0.36092949959341586
hNHE1cdt,3,9605,2901,3.6587099877173457,13.386158774222663,100.564285,0.4941348371691354
hNHE1cdt,3,9605,2902,4.996120472362942,24.96121977436411,139.4454,0.6028305948547777
hNHE1cdt,3,9605,2903,3.0401275005092887,9.242375219352855,23.190184,0.43780804959832853
hNHE1cdt,3,9605,2904,2.948514048574428,8.693735094640763,67.54553,0.4983139611143519
hNHE1cdt,3,9605,2905,2.6204943118888178,6.866990438641647,14.653459,0.21558920931395514
hNHE1cdt,3,9605,2906,3.163338739509171,10.006711980879473,48.083168,0.3684689721342176
hNHE1cdt,3,9605,2907,3.3616192830570033,11.300484204220679,60.011517,0.3437915922333533
hNHE1cdt,3,9605,2908,2.4048540290017106,5.78332290080576,20.335629,0.09458793936518776
hNHE1cdt,3,9605,2909,3.2098863459149727,10.303370353691374,83.98655,0.2876199210696223
hNHE1cdt,3,9605,2910,2.7136453264625233,7.363870957831893,2.405985,0.19089677420428314
hNHE1cdt,3,9605,2911,3.495737739670298,12.220182344555205,38.442066,0.3450565126564815
hNHE1cdt,3,9605,2912,4.582325383959363,20.997705924478336,137.08324,0.6545355085857171
hNHE1cdt,3,9605,2913,4.409619420868446,19.44474343690017,104.13071,0.5126192631600409
hNHE1cdt,3,9605,2914,2.6768523661150923,7.1655385899759665,27.212664,0.2341675989533089
hNHE1cdt,3,9605,2915,2.716479165641305,7.379259057363279,15.489013,0.2345540817553569
hNHE1cdt,3,9605,2916,2.4268216303147137,5.889463225363365,53.448166,0.2798467342966095
hNHE1cdt,3,9605,2917,4.611305523028551,21.264138626713613,114.36407,0.4584999034922683
hNHE1cdt,3,9605,2918,4.704462752322012,22.131969787985202,187.98096,0.7589656723450328
hNHE1cdt,3,9605,2919,3.6780455808026886,13.528019294462188,71.726944,0.5807751837949814
hNHE1cdt,3,9605,2920,3.529233872898796,12.455491729616234,30.580566,0.30733778107273124
hNHE1cdt,3,9605,2921,2.8282824800983897,7.999181787231499,42.31921,0.16019891106647094
hNHE1cdt,3,9605,2922,3.1771659313184073,10.094383355130363,38.166813,0.24114350118713973
hNHE1cdt,3,9605,2923,3.302172166605468,10.904341017903853,65.82839,0.6007437327092859
hNHE1cdt,3,9605,2924,3.7094539286624197,13.760048448869059,98.32628,0.5582900186001192
hNHE1cdt,3,9605,2925,3.181628233713885,10.122758217565336,78.60768,0.35557717143249856
hNHE1cdt,3,9605,2926,2.7274128244130686,7.438780714772873,42.393463,0.25009672027579366
hNHE1cdt,3,9605,2927,3.4933928812562245,12.203793822811667,27.63958,0.4907838392602185
hNHE1cdt,3,9605,2928,4.844246338289192,23.46672258602826,137.89082,0.7728541199917809
hNHE1cdt,3,9605,2929,4.834888395504163,23.376145796980822,175.48535,0.8768013526282294
hNHE1cdt,3,9605,2930,6.306077181754078,39.76660942223945,306.33646,0.9186359181888935
hNHE1cdt,3,9605,2931,5.483191035529127,30.065383932106986,221.57147,0.9120564312792745
hNHE1cdt,3,9605,2932,3.3040668091090084,10.916857479055784,54.04271,0.7261486265190829
hNHE1cdt,3,9605,2933,3.927555423015758,15.425691600860485,86.19267,0.6335927929730941
hNHE1cdt,3,9605,2934,3.0915419376946014,9.557631552524489,52.34198,0.5860997180308106
hNHE1cdt,3,9605,2935,2.9714023974424375,8.829232207526665,17.278961,0.1996599346724128
hNHE1cdt,3,9605,2936,3.3242450651380873,11.050605253094927,95.41106,0.4324585784532266
hNHE1cdt,3,9605,2937,3.4594401916124875,11.967726439343847,103.84191,0.3932992586708396
hNHE1cdt,3,9605,2938,4.668600479688119,21.795830438944133,215.22066,0.6895980095791516
hNHE1cdt,3,9605,2939,3.493093360558355,12.201701225576864,66.53966,0.622146202501898
hNHE1cdt,3,9605,2940,3.03462103972835,9.208924854761971,35.473267,0.4057003344584692
hNHE1cdt,3,9605,2941,4.130599309788658,17.061850658026536,74.69958,0.5893317782319341
hNHE1cdt,3,9605,2942,2.74565203107631,7.538605075753467,14.576115,0.1265948944932017
hNHE1cdt,3,9605,2943,3.5339785302178526,12.489004252040733,68.03529,0.5444218553927678
hNHE1cdt,3,9605,2944,2.90123126339161,8.417142843680876,56.946056,0.30996623572191007
hNHE1cdt,3,9605,2945,2.9377850396250973,8.630580939045036,47.16166,0.2389834125574236
hNHE1cdt,3,9605,2946,2.7475403480930427,7.548977964399239,28.06852,0.2376726573894573
hNHE1cdt,3,9605,2947,2.101033238445043,4.414340669050864,8.954734,0.047583399199126734
hNHE1cdt,3,9605,2948,4.041895269898646,16.336917372829046,77.68435,0.5635562494360754
hNHE1cdt,3,9605,2949,3.4313907407527187,11.77444241572349,138.77747,0.4967381440913662
hNHE1cdt,3,9605,2950,3.382645659315784,11.442291656487916,93.24989,0.49362110408911586
hNHE1cdt,3,9605,2951,4.500829218584362,20.257463654862725,206.82413,0.8223657745247639
hNHE1cdt,3,9605,2952,3.001910350498443,9.011465752429682,24.582352,0.2527371683950177
hNHE1cdt,3,9605,2953,3.632826959316144,13.197431716334185,100.38924,0.5710050372432605
hNHE1cdt,3,9605,2954,3.3841313736472505,11.45234515410363,75.82921,0.21557530047909507
hNHE1cdt,3,9605,2955,2.9654771167811824,8.794054530152833,33.605244,0.3924128293336163
hNHE1cdt,3,9605,2956,4.550388969487883,20.70603977363701,193.0563,0.7043276733757126
hNHE1cdt,3,9605,2957,5.736417140424577,32.906481608956895,260.00385,0.8927867343590525
hNHE1cdt,3,9605,2958,3.4532914491773647,11.925221832961505,62.087753,0.5017681982754431
hNHE1cdt,3,9605,2959,3.083587663943623,9.508512881225286,114.686035,0.32120237977585453
hNHE1cdt,3,9605,2960,3.0075630186908495,9.045435311396815,26.981216,0.4691853572143718
hNHE1cdt,3,9605,2961,3.2663531659490643,10.669063004705476,56.024216,0.3696759449292581
hNHE1cdt,3,9605,2962,2.8254671893621577,7.983264838162093,60.92424,0.17999007433225672
hNHE1cdt,3,9605,2963,4.693335438076818,22.027397534307724,148.00542,0.7355207303682418
hNHE1cdt,3,9605,2964,4.062212932174802,16.501573906328197,91.26494,0.7097974505614197
hNHE1cdt,3,9605,2965,2.8000705149713347,7.840394888811834,37.703667,0.2026655512169815
hNHE1cdt,3,9605,2966,2.785611747768422,7.759632809305444,28.290257,0.3452959519997826
hNHE1cdt,3,9605,2967,3.3638447914527267,11.315451780983642,108.49527,0.442496244435284
hNHE1cdt,3,9605,2968,3.310931617819636,10.962268177877753,69.16525,0.5713871077601302
hNHE1cdt,3,9605,2969,4.059687645161731,16.481063776278805,140.50801,0.5137986536264323
hNHE1cdt,3,9605,2970,4.375516710367331,19.145146482703755,40.150986,0.5254178285503674
hNHE1cdt,3,9605,2971,3.9491727556447382,15.595965453926654,136.7616,0.6906234813047195
hNHE1cdt,3,9605,2972,2.847648235597134,8.109100473699469,35.01311,0.40688812984784506
hNHE1cdt,3,9605,2973,2.787747457736728,7.771535888117589,57.98413,0.24932412331601653
hNHE1cdt,3,9605,2974,3.5068656623902057,12.298106774051497,54.98594,0.18797430110616573
hNHE1cdt,3,9605,2975,3.0005330465680693,9.00319856354706,25.350418,0.25424490200631256
hNHE1cdt,3,9605,2976,3.6291596173474128,13.17079952818522,80.2828,0.4707337438197332
hNHE1cdt,3,9605,2977,3.264838592904901,10.659171037721253,84.07946,0.5375704076586236
hNHE1cdt,3,9605,2978,2.2007217319867594,4.843176141638803,35.729523,0.2653719544056018
hNHE1cdt,3,9605,2979,3.1176997962383024,9.720052019464354,84.80121,0.2810891793758944
hNHE1cdt,3,9605,2980,3.5268690620461087,12.438805380818,95.96117,0.6971679674217862
hNHE1cdt,3,9605,2981,2.7048150765902266,7.316024598549794,68.21294,0.38389930299641134
hNHE1cdt,3,9605,2982,2.5496689236921375,6.500811620441422,27.700731,0.3552231013622667
hNHE1cdt,3,9605,2983,3.1430008467690893,9.87845432279121,28.48618,0.23077357546059712
hNHE1cdt,3,9605,2984,3.8863450332472422,15.103677717445501,95.58249,0.5679118556684348
hNHE1cdt,3,9605,2985,2.5558979220714497,6.532614188049154,68.68977,0.41759973001280454
hNHE1cdt,3,9605,2986,3.7062891747520887,13.736579446884512,85.341965,0.5577456771780765
hNHE1cdt,3,9605,2987,4.4333482907628765,19.654577067210116,82.96402,0.5790650298223405
hNHE1cdt,3,9605,2988,2.9005570066907422,8.413230949062756,20.463324,0.43740400111245104
hNHE1cdt,3,9605,2989,2.662472522170102,7.088759931310823,17.770454,0.36777332237264276
hNHE1cdt,3,9605,2990,2.2690234611053697,5.148467467046592,19.819405,0.24354437180665403
hNHE1cdt,3,9605,2991,3.2016435726062,10.250521566010592,22.771984,0.3742626122004653
hNHE1cdt,3,9605,2992,4.371108915534794,19.106593151467766,113.34472,0.4518062715497878
hNHE1cdt,3,9605,2993,3.399842143866616,11.558926603211546,73.23055,0.4313677785734068
hNHE1cdt,3,9605,2994,2.7661099573592742,7.651364296202126,19.349155,0.29670669327791493
hNHE1cdt,3,9605,2995,2.905878572894029,8.44413028040464,37.161263,0.5501793592127204
hNHE1cdt,3,9605,2996,4.093599805035683,16.757559363788182,109.169685,0.5215758764640117
hNHE1cdt,3,9605,2997,4.076665253480656,16.61919958893651,113.83682,0.7550754911599158
hNHE1cdt,3,9605,2998,3.93519512173526,15.485760646128986,67.97043,0.555194840508638
hNHE1cdt,3,9605,2999,3.932711950243506,15.46622328358808,68.058075,0.594115059614179
hNHE1cdt,3,9605,3000,2.2947832342190515,5.2660300920528496,20.053211,0.26644512704635076
hNHE1cdt,3,9605,3001,3.8041288310518713,14.471396163240076,111.8977,0.4010851348656327
hNHE1cdt,3,9605,3002,3.2936082836911935,10.847855526399249,77.18397,0.36668170793211236
hNHE1cdt,3,9605,3003,3.4620912957644534,11.986076140207993,39.001007,0.4232796676305409
hNHE1cdt,3,9605,3004,2.235964425410464,4.9995369117011474,24.566109,0.12557707350293956
hNHE1cdt,3,9605,3005,3.809618132416408,14.513190314835882,94.357315,0.6059893435777843
hNHE1cdt,3,9605,3006,4.032524482799462,16.261253704377065,129.58762,0.5843520745111217
hNHE1cdt,3,9605,3007,3.734232611534223,13.9444931970457,183.33861,0.5004385345889935
hNHE1cdt,3,9605,3008,3.4804695105604853,12.11366801394114,44.9156,0.306449726562212
hNHE1cdt,3,9605,3009,2.624702152561624,6.889061389661624,30.368977,0.18823950191022415
hNHE1cdt,3,9605,3010,3.740970130660063,13.994857518490779,143.68512,0.49270198343854527
hNHE1cdt,3,9605,3011,3.911018364286176,15.296064645783714,82.0766,0.3993371076831791
hNHE1cdt,3,9605,3012,3.1003428185207067,9.612125592352914,24.555912,0.2788873353566408
hNHE1cdt,3,9605,3013,2.6218934305188837,6.8743251609980796,11.7358465,0.13278036260551773
hNHE1cdt,3,9605,3014,2.2970749569643854,5.276553357912934,39.193375,0.19736489922462508
hNHE1cdt,3,9605,3015,2.636565275225875,6.9514764505268944,9.028823,0.2283909401509855
hNHE1cdt,3,9605,3016,3.2690258707011455,10.686530143313385,46.76813,0.3470667778687375
hNHE1cdt,3,9605,3017,2.627076120369727,6.901528942216857,16.216217,0.19259126485708283
hNHE1cdt,3,9605,3018,3.1839368203366187,10.13745367589526,39.633213,0.272000441781461
hNHE1cdt,3,9605,3019,3.8465839627337868,14.796208182360768,117.192154,0.7448106429851031
hNHE1cdt,3,9605,3020,3.9474193804960334,15.58211976551569,77.15759,0.4652859928728579
hNHE1cdt,3,9605,3021,2.9566712032271636,8.741904603992765,21.137625,0.3445173226441297
hNHE1cdt,3,9605,3022,2.6068758771316363,6.795801838770838,36.1544,0.23802625353312207
hNHE1cdt,3,9605,3023,2.4212991824481453,5.862689730924058,29.553606,0.2020904433090575
hNHE1cdt,3,9605,3024,3.00887286506992,9.05331591815407,35.60978,0.3514126200064557
hNHE1cdt,3,9605,3025,3.3134408013649153,10.97888994414977,120.32778,0.5339565856597047
hNHE1cdt,3,9605,3026,2.9994359796042804,8.99661619574469,46.34818,0.1474578227430811
hNHE1cdt,3,9605,3027,3.137109537873399,9.841456252616249,24.978853,0.24829195839715892
hNHE1cdt,3,9605,3028,3.883513144081099,15.081674340250661,105.44144,0.5125370177798965
hNHE1cdt,3,9605,3029,4.006374137225422,16.051033727428745,43.9858,0.7349245257150603
hNHE1cdt,3,9605,3030,3.494516170255803,12.211643264179287,46.692696,0.7486174011219311
hNHE1cdt,3,9605,3031,4.435043165551569,19.66960788030568,157.3161,0.7950232598998701
hNHE1cdt,3,9605,3032,3.6394984278014793,13.245948805969444,73.947075,0.6307509732514689
hNHE1cdt,3,9605,3033,2.626732644639215,6.899724386413324,59.47233,0.3709121380269772
hNHE1cdt,3,9605,3034,3.67583810032819,13.511785739824354,33.585182,0.41798485025757837
hNHE1cdt,3,9605,3035,3.428678578949617,11.755836797747964,39.82309,0.5760817724348697
hNHE1cdt,3,9605,3036,3.463479940423351,11.995693297714936,118.92561,0.37623690910915003
hNHE1cdt,3,9605,3037,3.9286830656159455,15.434550630057506,99.612404,0.6266769302682237
hNHE1cdt,3,9605,3038,2.6820973540849566,7.193646216789524,9.351252,0.3370124538417221
hNHE1cdt,3,9605,3039,2.86834057977198,8.227377681566658,6.062543,0.228205384134761
hNHE1cdt,3,9605,3040,2.7129348203400196,7.360015339413335,60.9692,0.19580561581506833
hNHE1cdt,3,9605,3041,4.330227685137276,18.750871805129332,158.99443,0.5886585069179362
hNHE1cdt,3,9605,3042,4.054127024766948,16.435945932945707,96.75802,0.5737335323039988
hNHE1cdt,3,9605,3043,3.3896605888612164,11.489798907678972,59.26569,0.4819642636823929
hNHE1cdt,3,9605,3044,2.9970348713583257,8.982218020137815,57.464615,0.1936872810425505
hNHE1cdt,3,9605,3045,3.646428542977667,13.296441119042232,105.652725,0.4141756671675266
hNHE1cdt,3,9605,3046,2.988430124319383,8.930714607939564,34.65511,0.5850733033233906
hNHE1cdt,3,9605,3047,2.794553323908794,7.8095282801696895,46.104652,0.3695104821773118
hNHE1cdt,3,9605,3048,3.505300212412055,12.287129579136,81.975716,0.38937448907306527
hNHE1cdt,3,9605,3049,3.033085938262312,9.199610308884571,29.49004,0.43596935134401626
hNHE1cdt,3,9605,3050,3.7327759795266138,13.933616513330868,92.82747,0.19775194949307184
hNHE1cdt,3,9605,3051,2.8850100258696005,8.323282849368113,28.412107,0.24496839864913422
hNHE1cdt,3,9605,3052,2.1878231260770993,4.786570030997773,11.970591,0.02872224593337489
hNHE1cdt,3,9605,3053,2.2975100342583246,5.278552357517687,9.987421,0.14709281864748372
hNHE1cdt,3,9605,3054,3.7619432494802245,14.152217012309832,88.26368,0.3164940077741004
hNHE1cdt,3,9605,3055,2.700755033695778,7.2940777520330835,10.482558,0.2528442830743614
hNHE1cdt,3,9605,3056,2.5737656532006916,6.624269637595581,3.9067898,0.2211607430112424
hNHE1cdt,3,9605,3057,2.916095536276037,8.503613176689027,36.140316,0.4098612474192366
hNHE1cdt,3,9605,3058,5.329430401380491,28.402828403158626,129.67062,0.6763850108584121
hNHE1cdt,3,9605,3059,3.9362608438206137,15.494149430595368,76.65762,0.3811345867022854
hNHE1cdt,3,9605,3060,3.2496338841549917,10.560120381048254,38.87835,0.2148813423326722
hNHE1cdt,3,9605,3061,2.641033283830069,6.975056806298237,33.874313,0.48709777254644687
hNHE1cdt,3,9605,3062,2.7636108504468546,7.637544932707586,92.1859,0.39087598780163907
hNHE1cdt,3,9605,3063,2.7951926387760895,7.813101887868039,16.506893,0.38218769163349775
hNHE1cdt,3,9605,3064,1.8179503612730297,3.3049435160527394,7.3377934,0.05337210041807951
hNHE1cdt,3,9605,3065,2.5867475175359513,6.691262719478405,61.640438,0.50338485088776
hNHE1cdt,3,9605,3066,3.2332868535624915,10.454143877420035,46.2981,0.38844951917704906
hNHE1cdt,3,9605,3067,3.856141855215522,14.869830007545007,171.93651,0.5159908527835496
hNHE1cdt,3,9605,3068,4.112747658131099,16.91469329946284,188.28162,0.6963210174966193
hNHE1cdt,3,9605,3069,3.02357105954462,9.141981952115774,43.47697,0.2636665615819793
hNHE1cdt,3,9605,3070,2.63498845337384,6.943164149413462,59.476883,0.2891076937644097
hNHE1cdt,3,9605,3071,3.667415593397384,13.449937134694286,71.91528,0.2734420693331998
hNHE1cdt,3,9605,3072,4.054447879902231,16.43854761084369,128.28644,0.557446993200801
hNHE1cdt,3,9605,3073,3.178866596965443,10.10519284130266,43.16151,0.476635750232901
hNHE1cdt,3,9605,3074,3.11519903001489,9.70446499660571,57.212032,0.45591327163657525
hNHE1cdt,3,9605,3075,2.2894777936871535,5.241708567786597,30.716711,0.18943189884207645
hNHE1cdt,3,9605,3076,2.4433322031503124,5.969872254951359,56.228916,0.147025988049213
hNHE1cdt,3,9605,3077,3.4448225903930254,11.866802679282115,39.07594,0.6758519156641084
hNHE1cdt,3,9605,3078,3.3797024643626554,11.422388747619005,22.903105,0.567624538387157
hNHE1cdt,3,9605,3079,3.6099482645592023,13.031726472793993,146.37645,0.6253594435766114
hNHE1cdt,3,9605,3080,4.373606050798409,19.12842988758045,152.28622,0.6466362940367288
hNHE1cdt,3,9605,3081,4.0227220018091705,16.182292303839585,89.76912,0.6874737756829471
hNHE1cdt,3,9605,3082,3.654392136897464,13.354581890218013,118.80818,0.27161938763101323
hNHE1cdt,3,9605,3083,3.581573640378805,12.827669741456289,87.326805,0.3869120656052348
hNHE1cdt,3,9605,3084,2.5595174757321018,6.55112970857803,60.905704,0.280545495957285
hNHE1cdt,3,9605,3085,3.199523694787243,10.23695187350501,88.99455,0.44677760393051624
hNHE1cdt,3,9605,3086,3.3318431271101647,11.101178623671245,41.87968,0.6735089191995303
hNHE1cdt,3,9605,3087,3.307534894735332,10.939787079891861,77.94899,0.29207586460208435
hNHE1cdt,3,9605,3088,4.115190853564633,16.93479576126202,106.01376,0.2516371736341552
hNHE1cdt,3,9605,3089,2.1950234303052114,4.818127859588857,22.208614,0.06634114788359369
hNHE1cdt,3,9605,3090,3.692008783341326,13.630928856269499,59.189953,0.5251330045714602
hNHE1cdt,3,9605,3091,3.9242569686363695,15.399792755891113,154.09923,0.6464792733741919
hNHE1cdt,3,9605,3092,4.206659584716999,17.695984861691397,129.86964,0.6928074637204336
hNHE1cdt,3,9605,3093,2.7751909863375324,7.7016850106490855,79.59006,0.30389308440323487
hNHE1cdt,3,9605,3094,2.8534493366152094,8.142173116629777,39.882698,0.3536914279522058
hNHE1cdt,3,9605,3095,3.401373071115588,11.569338768910285,112.5677,0.26115547418670226
hNHE1cdt,3,9605,3096,2.2537890257593944,5.079564972633481,2.974145,0.2197241034987183
hNHE1cdt,3,9605,3097,3.0119754275475126,9.071995976150022,11.092493,0.5713752248831826
hNHE1cdt,3,9605,3098,2.969588401316585,8.818455273233992,26.743883,0.3194014424981456
hNHE1cdt,3,9605,3099,4.442345298793159,19.73443175370968,124.48924,0.5612335705295021
hNHE1cdt,3,9605,3100,3.295490359743255,10.860256711160732,74.34457,0.6047955494330893
hNHE1cdt,3,9605,3101,2.3131313600270476,5.350576688740578,34.844612,0.16441208661412463
hNHE1cdt,3,9605,3102,4.62271250125149,21.36947086922681,145.9011,0.6979554432260041
hNHE1cdt,3,9605,3103,4.232662262076984,17.91542982481065,145.07478,0.7211324857150999
hNHE1cdt,3,9605,3104,3.7188456116121875,13.829812683007221,29.854084,0.6655616364058478
hNHE1cdt,3,9605,3105,2.955649040652722,8.735861251511356,64.517456,0.38263368254803054
hNHE1cdt,3,9605,3106,3.328336502357262,11.077823872923771,91.57578,0.5696341254391183
hNHE1cdt,3,9605,3107,4.281508255801325,18.3313129444949,125.08544,0.8060832812106715
hNHE1cdt,3,9605,3108,4.505113329002592,20.296046107156812,80.528305,0.7703391788679703
hNHE1cdt,3,9605,3109,2.131476137309803,4.543190523921117,20.027876,0.18839704533267534
hNHE1cdt,3,9605,3110,3.448447803898712,11.891792256213847,115.17378,0.5639399646780716
hNHE1cdt,3,9605,3111,2.870412793416362,8.239269604608324,16.376848,0.22313182186227554
hNHE1cdt,3,9605,3112,3.148549001394274,9.913360814180882,25.902449,0.35693621354577365
hNHE1cdt,3,9605,3113,4.3028133416349394,18.51420265295164,179.0079,0.773273738187022
hNHE1cdt,3,9605,3114,2.5885815822415648,6.7007546079202465,18.379072,0.22264851900813823
hNHE1cdt,3,9605,3115,2.3712795048746163,5.622966490238408,2.439763,0.21924802162075396
hNHE1cdt,3,9605,3116,4.54045738293063,20.61575324620927,186.90192,0.5317508937761438
hNHE1cdt,3,9605,3117,4.344688665317846,18.87631959854137,83.22197,0.5909167586013419
hNHE1cdt,3,9605,3118,2.920986426978024,8.532161706589848,69.907005,0.28344613315357226
hNHE1cdt,3,9605,3119,3.350222022714006,11.223987601477926,71.49933,0.48819712698039913
hNHE1cdt,3,9605,3120,2.6676118763972343,7.116153123095575,28.970789,0.20805324795854097
hNHE1cdt,3,9605,3121,2.6917762805583805,7.245659544576708,47.621986,0.29550356340089995
hNHE1cdt,3,9605,3122,3.0678019280328175,9.411408669641872,30.54182,0.3920518607431279
hNHE1cdt,3,9605,3123,2.76393121695477,7.639315772057074,67.50072,0.2792440886174583
hNHE1cdt,3,9605,3124,3.80796179310512,14.500573017748357,106.55229,0.6025160523143216
hNHE1cdt,3,9605,3125,3.2433942798673208,10.519606454676058,29.839695,0.5433794708172959
hNHE1cdt,3,9605,3126,3.2353751794383703,10.46765255172587,93.00051,0.4611546784279671
hNHE1cdt,3,9605,3127,3.42616870248833,11.73863197791056,17.433882,0.5468769258222735
hNHE1cdt,3,9605,3128,3.078041158922538,9.4743373760212,105.41845,0.2715297388978495
hNHE1cdt,3,9605,3129,2.896546384537999,8.389980957780153,43.616753,0.39387316643012416
hNHE1cdt,3,9605,3130,2.9010982951708733,8.41637131824335,18.154898,0.13846567088182798
hNHE1cdt,3,9605,3131,3.432336649703975,11.780934876901103,35.748745,0.41404202510198673
hNHE1cdt,3,9605,3132,2.28276086644494,5.210997173372454,34.757767,0.3080654262780206
hNHE1cdt,3,9605,3133,3.1360113890661765,9.83456743235277,95.84899,0.2505105910996136
hNHE1cdt,3,9605,3134,2.4115170276590456,5.815414374689519,19.293741,0.3748280354778698
hNHE1cdt,3,9605,3135,2.778627314574684,7.720769753300522,66.64207,0.45173898625142794
hNHE1cdt,3,9605,3136,3.7833567109375617,14.313788002196283,55.186287,0.4315163431050532
hNHE1cdt,3,9605,3137,2.9041730104249677,8.43422087448082,39.30596,0.39743981481363433
hNHE1cdt,3,9605,3138,3.0364466911413346,9.220008508143156,62.75795,0.4279620576245018
hNHE1cdt,3,9605,3139,3.9943063890139694,15.954483529317814,84.28804,0.5119779915173521
hNHE1cdt,3,9605,3140,2.0574876138104545,4.233255280983438,55.877342,0.13906834955305103
hNHE1cdt,3,9605,3141,2.7151812504298705,7.372209222685914,38.551544,0.39826358864208544
hNHE1cdt,3,9605,3142,2.696960771923767,7.273597405295641,7.455988,0.24629208170443578
hNHE1cdt,3,9605,3143,3.5910960036714847,12.895970507585309,65.732056,0.4782637500534981
hNHE1cdt,3,9605,3144,4.02940017822032,16.23606579624195,80.416,0.7363122114581627
hNHE1cdt,3,9605,3145,2.9456061716339854,8.676595718368224,119.390366,0.2871284571030367
hNHE1cdt,3,9605,3146,2.46597785871365,6.081046799665961,32.324932,0.16342033998992894
hNHE1cdt,3,9605,3147,2.742130065967659,7.519277298683799,34.952923,0.3516412037548062
hNHE1cdt,3,9605,3148,3.6812903369819154,13.551898545156428,52.589287,0.6096722690766454
hNHE1cdt,3,9605,3149,3.080489375723155,9.489414793943233,43.6583,0.38655063474162177
hNHE1cdt,3,9605,3150,3.4754390686879804,12.078676720162777,75.49752,0.6256864546296336
hNHE1cdt,3,9605,3151,3.96712766526346,15.73810191249871,100.290184,0.6285961809181766
hNHE1cdt,3,9605,3152,3.4312052806913593,11.773169678244269,95.0658,0.300026350484131
hNHE1cdt,3,9605,3153,4.459580241819969,19.88785593323106,107.14235,0.559610052819812
hNHE1cdt,3,9605,3154,4.449899487306027,19.801605447126445,84.89381,0.5519265411265253
hNHE1cdt,3,9605,3155,3.025136370966052,9.151450062941654,70.51631,0.5093167621600672
hNHE1cdt,3,9605,3156,2.9993377851905474,8.996027149671738,21.51763,0.24858344705553806
hNHE1cdt,3,9605,3157,2.132011851055031,4.5454745330391,19.519777,0.09164116280990492
hNHE1cdt,3,9605,3158,2.9577229471982847,8.748125032383305,67.16911,0.21729590572607807
hNHE1cdt,3,9605,3159,2.944900110342842,8.672436659897283,72.784546,0.22731452160366178
hNHE1cdt,3,9605,3160,2.477120163597947,6.13612430490352,15.263058,0.17250026793362938
hNHE1cdt,3,9605,3161,3.4161884767860635,11.670343708925886,46.841896,0.6862047052560489
hNHE1cdt,3,9605,3162,3.428745146603564,11.756293280357498,94.29186,0.4923820170072956
hNHE1cdt,3,9605,3163,2.723014306958891,7.414806915902808,26.122433,0.5113454924699082
hNHE1cdt,3,9605,3164,3.2671792112135787,10.674459998186181,102.26461,0.37565136672711796
hNHE1cdt,3,9605,3165,3.3133344413593266,10.978185120297923,71.64598,0.10887386159524758
hNHE1cdt,3,9605,3166,3.580770972652514,12.82192075859083,85.54068,0.5480926754204337
hNHE1cdt,3,9605,3167,3.5914242301261856,12.898328000737466,64.973816,0.5966679235845921
hNHE1cdt,3,9605,3168,3.0180431737086666,9.108584598369482,87.63348,0.3302542838292335
hNHE1cdt,3,9605,3169,2.5028536062069646,6.264276174103207,16.251612,0.13707567588651962
hNHE1cdt,3,9605,3170,3.5894430410117923,12.884101344667982,61.010914,0.2536669925530715
hNHE1cdt,3,9605,3171,3.6060100996815967,13.00330883900568,63.473404,0.45956332510610665
hNHE1cdt,3,9605,3172,3.170669002147599,10.053141921179655,87.64562,0.4800067544044815
hNHE1cdt,3,9605,3173,4.104126882856393,16.843857470584542,130.63882,0.4589544867573062
hNHE1cdt,3,9605,3174,3.6511303931456007,13.330753147751548,93.27404,0.2186922493817714
hNHE1cdt,3,9605,3175,2.918092948740529,8.515266457489197,42.382477,0.3792553017031469
hNHE1cdt,3,9605,3176,3.149100035208503,9.916831031750196,26.363626,0.5331655498457801
hNHE1cdt,3,9605,3177,3.964396426171706,15.716439023842995,84.89546,0.5851490114515543
hNHE1cdt,3,9605,3178,3.78149207651137,14.299682324718274,138.82889,0.6601711384065658
hNHE1cdt,3,9605,3179,4.037907726795238,16.304698810112683,119.358116,0.7106823545130916
hNHE1cdt,3,9605,3180,3.581200281325239,12.824995454963968,51.136097,0.5753216058072793
hNHE1cdt,3,9605,3181,4.154878910860199,17.263018763910836,198.29703,0.7122672524092566
hNHE1cdt,3,9605,3182,2.7161966307594825,7.377724136949164,13.061799,0.46082754489493
hNHE1cdt,3,9605,3183,2.1939924086115705,4.8136026890452,24.80005,0.2674584082032172
hNHE1cdt,3,9605,3184,2.5585973148921437,6.546420219773285,63.687176,0.2079070924059669
hNHE1cdt,3,9605,3185,2.2315398446810057,4.979770078398927,16.926947,0.11761073138360878
hNHE1cdt,3,9605,3186,4.08314412739136,16.672065965050543,39.856087,0.5742844357262348
hNHE1cdt,3,9605,3187,3.4454532397671582,11.871148027422008,95.146645,0.4843986058162074
hNHE1cdt,3,9605,3188,3.0321306302051343,9.19381615862818,30.159264,0.2787787662984139
hNHE1cdt,3,9605,3189,2.835674266713872,8.041048546903257,42.43767,0.40023486217843685
hNHE1cdt,3,9605,3190,3.1547328353041966,9.952339262146456,58.65478,0.5742629177163134
hNHE1cdt,3,9605,3191,3.02096377917393,9.126222155080832,60.726357,0.3659941371231932
hNHE1cdt,3,9605,3192,2.995600283134714,8.973621056316782,59.73114,0.381589318297388
hNHE1cdt,3,9605,3193,4.0536187137798025,16.431824676705823,122.88304,0.5100081666108178
hNHE1cdt,3,9605,3194,3.575155552073171,12.781737221519617,65.17978,0.570661755797577
hNHE1cdt,3,9605,3195,4.150863528450412,17.2296680318198,60.35848,0.5584874667362574
hNHE1cdt,3,9605,3196,3.5072914456188387,12.301093284511087,33.67283,0.6489990485871279
hNHE1cdt,3,9605,3197,4.584981502396731,21.022055377320182,180.27742,0.6565390577506115
hNHE1cdt,3,9605,3198,4.680827511579487,21.910146193159406,88.92247,0.6862466930497696
hNHE1cdt,3,9605,3199,3.8297211279195627,14.666763917633483,95.02729,0.7067565516260745
hNHE1cdt,3,9605,3200,3.5769773316148057,12.794766830886179,63.49787,0.15934008254273307
hNHE1cdt,3,9605,3201,2.8793601791091037,8.290715041039212,0.99323744,0.3862635975306352
hNHE1cdt,3,9605,3202,3.635123392671969,13.214122079950965,35.180244,0.2830360019633828
hNHE1cdt,3,9605,3203,3.797563901188283,14.421491583608374,51.88439,0.29442767585716595
hNHE1cdt,3,9605,3204,2.7746104830315987,7.698463332548843,21.398,0.3069031063131911
hNHE1cdt,3,9605,3205,2.4761221525154213,6.1311809141776035,28.36271,0.1916251979352916
hNHE1cdt,3,9605,3206,3.852504895403437,14.841793969107446,99.52635,0.34476250347509907
hNHE1cdt,3,9605,3207,2.2052911574610286,4.863309089175802,23.314009,0.20543179513074536
hNHE1cdt,3,9605,3208,2.976166038900754,8.857564291106202,47.817734,0.40688911358045066
hNHE1cdt,3,9605,3209,3.220891928280323,10.374144813661337,17.608614,0.37728055546728423
hNHE1cdt,3,9605,3210,2.516806306263832,6.334313983249392,15.739846,0.2068783505771266
hNHE1cdt,3,9605,3211,2.653678068329603,7.042007290333533,30.945774,0.17693850458782823
hNHE1cdt,3,9605,3212,2.7254992955387496,7.428346409982221,30.813456,0.35975616451324066
hNHE1cdt,3,9605,3213,3.2428944197194753,10.516364217447713,21.550835,0.2006069272380686
hNHE1cdt,3,9605,3214,3.9986715134885986,15.989373872785201,119.71243,0.4731442737132221
hNHE1cdt,3,9605,3215,5.2978396121889215,28.067104556478064,145.3333,0.8255955998979765
hNHE1cdt,3,9605,3216,4.051928749402745,16.418126590236497,93.052055,0.45374434744423686
hNHE1cdt,3,9605,3217,2.9751451025917017,8.851488381475386,16.003113,0.4454939001796715
hNHE1cdt,3,9605,3218,3.2073410869362586,10.28703684794946,124.60874,0.4979422898300009
hNHE1cdt,3,9605,3219,3.048964145268381,9.29618235913215,47.5954,0.3303948730137459
hNHE1cdt,3,9605,3220,3.8936442137820335,15.160465263518306,108.83936,0.6006358193068826
hNHE1cdt,3,9605,3221,3.235418619239297,10.467933641720318,67.30893,0.3389080470620698
hNHE1cdt,3,9605,3222,2.2522179323164524,5.072485614647797,8.174622,0.22034642747233152
hNHE1cdt,3,9605,3223,3.00602466615109,9.03618429350877,77.48118,0.4558689775926579
hNHE1cdt,3,9605,3224,3.2920960990268915,10.837896725228076,83.08733,0.5841163963170581
hNHE1cdt,3,9605,3225,3.070899795434677,9.430425553600742,61.614883,0.28477537882193876
hNHE1cdt,3,9605,3226,5.090791636279139,25.91615948400963,123.600136,0.6177635803797448
hNHE1cdt,3,9605,3227,3.3479304802716006,11.208638500731627,146.24658,0.537791187439693
hNHE1cdt,3,9605,3228,3.336900029447873,11.134901806529214,95.78926,0.6043989238902353
hNHE1cdt,3,9605,3229,3.3399393450739923,11.155194828773295,29.35512,0.5089579171863894
hNHE1cdt,3,9605,3230,3.0711841961537885,9.432172366704789,66.630295,0.1741789861962405
hNHE1cdt,3,9605,3231,4.3792588964238375,19.17790848190733,177.47655,0.7341575292747624
hNHE1cdt,3,9605,3232,3.8229441353472597,14.614901861986006,49.93234,0.5329058594444313
hNHE1cdt,3,9605,3233,3.1066303450357964,9.651152100697232,47.273865,0.4422663465764455
hNHE1cdt,3,9605,3234,2.5240255151531787,6.37070480114427,39.803364,0.2600256937832853
hNHE1cdt,3,9605,3235,2.43444053937077,5.926500739731845,53.08279,0.16560696176590073
hNHE1cdt,3,9605,3236,2.8095974792019307,7.8938379951378455,14.563173,0.27978920620662784
hNHE1cdt,3,9605,3237,2.867095461085919,8.220236382979481,60.36857,0.2648944875464146
hNHE1cdt,3,9605,3238,2.5688824781549098,6.599157186571311,10.616436,0.38349771315629333
hNHE1cdt,3,9605,3239,3.1614128845213565,9.99453142641764,70.1015,0.42397064984028515
hNHE1cdt,3,9605,3240,4.494472702121724,20.200284870117358,140.75824,0.7006549692685096
hNHE1cdt,3,9605,3241,3.3093551944635986,10.951831803123207,45.61007,0.3205195843034768
hNHE1cdt,3,9605,3242,3.4308081964206423,11.770444880627064,36.67675,0.26935929134290987
hNHE1cdt,3,9605,3243,2.8521529314715726,8.134776344501882,41.18538,0.4762871951881966
hNHE1cdt,3,9605,3244,4.630594826492478,21.44240844713891,155.09329,0.6730743260339709
hNHE1cdt,3,9605,3245,3.6463285755483166,13.29571208086022,80.83013,0.40307811340209077
hNHE1cdt,3,9605,3246,3.291373436156547,10.833139096236955,33.136894,0.6280791928246965
hNHE1cdt,3,9605,3247,2.888236840157298,8.341912044841816,100.577194,0.28621743843909264
hNHE1cdt,3,9605,3248,3.0365992562324835,9.220935042951673,56.11099,0.38636389628849654
hNHE1cdt,3,9605,3249,3.260503272531493,10.630881590188572,57.20316,0.45244196199349523
hNHE1cdt,3,9605,3250,1.9942862985493073,3.9771778405814966,15.869648,0.11470895943036459
hNHE1cdt,3,9605,3251,2.472530634837214,6.113407740208516,19.321407,0.14463468799916018
hNHE1cdt,3,9605,3252,2.828125351775983,7.998293005358029,26.173744,0.31724909375956845
hNHE1cdt,3,9605,3253,3.320672531905894,11.026866064154301,114.56842,0.5253718982091183
hNHE1cdt,3,9605,3254,3.8272399904142613,14.647765944226153,90.35723,0.4172689482615404
hNHE1cdt,3,9605,3255,4.5755871298654895,20.935997582990712,132.98874,0.6418749696532227
hNHE1cdt,3,9605,3256,4.889903416655604,23.911155424220148,207.39218,0.7935097846620915
hNHE1cdt,3,9605,3257,4.359093723525527,19.001698090479646,184.61707,0.5542140824689274
hNHE1cdt,3,9605,3258,3.0459053659089044,9.277539498072658,15.662909,0.3087631523627338
hNHE1cdt,3,9605,3259,3.0482796879322924,9.292009055860593,23.820866,0.2885442487870008
hNHE1cdt,3,9605,3260,3.8675947447060874,14.958289109278141,54.60997,0.22935036772307615
hNHE1cdt,3,9605,3261,3.5868317580359563,12.86536206045531,49.299744,0.220676197649188
hNHE1cdt,3,9605,3262,4.309969338913695,18.57583570237616,184.49765,0.5580589740745617
hNHE1cdt,3,9605,3263,4.861062190726811,23.629925622113735,158.89635,0.6356750764381637
hNHE1cdt,3,9605,3264,3.7233439994546,13.863290538274573,125.33842,0.3955862430369753
hNHE1cdt,3,9605,3265,3.5761504667798154,12.788852161049489,152.46213,0.4438669377525135
hNHE1cdt,3,9605,3266,3.346235967650454,11.19729515119757,56.495945,0.45401671459772086
hNHE1cdt,3,9605,3267,3.63398327620606,13.205834451745332,93.583,0.49711017131138036
hNHE1cdt,3,9605,3268,3.047318713917789,9.286151344193568,99.284515,0.44863498211214903
hNHE1cdt,3,9605,3269,3.2343097922000186,10.460759831920925,69.50835,0.15743682062905134
hNHE1cdt,3,9605,3270,2.756030729103043,7.595705379760251,36.052788,0.3871466297468602
hNHE1cdt,3,9605,3271,3.177028755032392,10.093511710302675,40.147602,0.3756620219853529
hNHE1cdt,3,9605,3272,3.798725640190573,14.430316489441276,34.279495,0.27988900974459857
hNHE1cdt,3,9605,3273,3.2707391918271527,10.697734860954139,44.127266,0.46617198029658824
hNHE1cdt,3,9605,3274,4.325725362128721,18.71189990856365,89.49001,0.2930338284095769
hNHE1cdt,3,9605,3275,3.8050492027281098,14.478399435181828,65.47834,0.5434462382059921
hNHE1cdt,3,9605,3276,3.560564763549832,12.677621435432672,107.59549,0.626581474580052
hNHE1cdt,3,9605,3277,2.4432558409884613,5.9694991045242345,23.316456,0.13130524321308337
hNHE1cdt,3,9605,3278,2.9959745866467284,8.975863723833038,36.03506,0.38625619400148664
hNHE1cdt,3,9605,3279,2.20156464642562,4.846886892391165,22.326809,0.17164549843813642
hNHE1cdt,3,9605,3280,2.8282211212344253,7.998834710596509,21.848454,0.19909405939948288
hNHE1cdt,3,9605,3281,2.7229839916408185,7.414641818732164,19.504957,0.42325658886994366
hNHE1cdt,3,9605,3282,3.134924001135575,9.827748492895882,19.147907,0.37034253052120625
hNHE1cdt,3,9605,3283,2.6226002494633414,6.878032068485182,40.537113,0.2579136624116125
hNHE1cdt,3,9605,3284,2.5089716994757802,6.294938988770386,13.513325,0.3952352818193644
hNHE1cdt,3,9605,3285,2.7440690618071226,7.529915015967024,24.972698,0.11811813785829199
hNHE1cdt,3,9605,3286,2.816534780275714,7.932868168502767,72.401115,0.4124373223113162
hNHE1cdt,3,9605,3287,3.6760861332680674,13.513609259205774,80.378174,0.7237760595245254
hNHE1cdt,3,9605,3288,4.130063526202366,17.057424730467122,102.456085,0.68863209490116
hNHE1cdt,3,9605,3289,3.1106843190316096,9.676356932669146,10.583874,0.28233688408632474
hNHE1cdt,3,9605,3290,3.8307455181541203,14.674611224857877,110.51184,0.7568732448791221
hNHE1cdt,3,9605,3291,5.136975052454706,26.388512689542033,242.61526,0.7256073864520306
hNHE1cdt,3,9605,3292,3.8243788668306813,14.625873717061125,87.02333,0.289228062714438
hNHE1cdt,3,9605,3293,2.9250823379765114,8.556106683942135,73.130974,0.3805557189194543
hNHE1cdt,3,9605,3294,3.4808901708723434,12.116596381675691,92.14565,0.46365724427464383
hNHE1cdt,3,9605,3295,3.7989947802876576,14.432361340652864,84.0512,0.6246321642278021
hNHE1cdt,3,9605,3296,3.4269943865679515,11.744290525568251,97.58212,0.5486883508065231
hNHE1cdt,3,9605,3297,4.132745300241781,17.079583716670523,72.17101,0.37720513102865516
hNHE1cdt,3,9605,3298,3.0581330825394435,9.352177950522199,51.378204,0.35355127418594234
hNHE1cdt,3,9605,3299,3.6129512155671315,13.053416486068013,83.20366,0.5141317003280629
hNHE1cdt,3,9605,3300,2.5706524605514383,6.608254072939164,15.116748,0.25655810470091966
hNHE1cdt,3,9605,3301,2.603685551194401,6.779178449498492,2.4603374,0.162371692908632
hNHE1cdt,3,9605,3302,3.1437213200339276,9.88298373803586,89.50546,0.5135567289953789
hNHE1cdt,3,9605,3303,3.6545952021884025,13.356066091858493,139.88524,0.6122621056380606
hNHE1cdt,3,9605,3304,2.654628232550408,7.047051053053699,41.535877,0.21682500843251445
hNHE1cdt,3,9605,3305,3.1363821504806744,9.83689299385378,73.025345,0.2967249225781666
hNHE1cdt,3,9605,3306,3.268325931326261,10.681954393379668,55.219574,0.4892044553773395
hNHE1cdt,3,9605,3307,2.124258181073749,4.512472819858752,6.2503567,0.045298127220710915
hNHE1cdt,3,9605,3308,2.86124824209662,8.186741502900999,30.04332,0.46777822413241144
hNHE1cdt,3,9605,3309,3.644715361409028,13.283950065690945,95.27238,0.6487787844938973
hNHE1cdt,3,9605,3310,4.142784677337469,17.162664882782114,176.1933,0.7723566224932933
hNHE1cdt,3,9605,3311,4.21837286925828,17.794669664094336,128.95424,0.7117323792182891
hNHE1cdt,3,9605,3312,3.4736316233728575,12.066116654895957,49.45649,0.2572224444971056
hNHE1cdt,3,9605,3313,3.728910761091606,13.904775464184784,89.50796,0.3691177389707895
hNHE1cdt,3,9605,3314,4.290951664789308,18.41226618955813,164.73483,0.6084958665818968
hNHE1cdt,3,9605,3315,3.9766959075106065,15.814110340811606,157.88295,0.6677508174473483
hNHE1cdt,3,9605,3316,3.7675022814944223,14.194073441065674,62.865192,0.6176844079225415
hNHE1cdt,3,9605,3317,3.8679235827899476,14.960832842302622,98.91547,0.4864510610193694
hNHE1cdt,3,9605,3318,3.4057477641335443,11.599117832900637,53.326958,0.6220810687767178
hNHE1cdt,3,9605,3319,3.6101619734722425,13.033269474704996,59.98036,0.6908427127247926
hNHE1cdt,3,9605,3320,2.8381006498822265,8.054815298861918,89.620155,0.373824774465118
hNHE1cdt,3,9605,3321,2.9857963035493413,8.91497956628891,78.661705,0.2810068292578585
hNHE1cdt,3,9605,3322,2.7849721691345763,7.7560699828541475,8.94462,0.29723883745774393
hNHE1cdt,3,9605,3323,2.7828842758704218,7.744444892886838,58.31735,0.08497033731750551
hNHE1cdt,3,9605,3324,2.0632853151019095,4.2571462915151885,19.686369,0.14313819876113146
hNHE1cdt,3,9605,3325,2.569545155695337,6.6025623071573705,73.13105,0.12288873190685415
hNHE1cdt,3,9605,3326,4.034661063323823,16.27848989590132,126.73381,0.3068064958884582
hNHE1cdt,3,9605,3327,2.1960816758059587,4.8227747268107075,2.898418,0.2514944129208535
hNHE1cdt,3,9605,3328,3.8715065473941634,14.988562946515875,41.725105,0.44217831312018363
hNHE1cdt,3,9605,3329,2.9893283390711125,8.936083918773658,63.52368,0.4054896328659776
hNHE1cdt,3,9605,3330,3.771530215733379,14.224440168189863,57.445732,0.5598130105321488
hNHE1cdt,3,9605,3331,3.016368907726909,9.098481387501627,55.835762,0.30332735789518606
hNHE1cdt,3,9605,3332,2.3557078441674033,5.549359447071835,18.855947,0.09052175630922708
hNHE1cdt,3,9605,3333,2.4299934432381782,5.904868134180538,48.11489,0.25318789143966713
hNHE1cdt,3,9605,3334,2.3803514668820562,5.66607310588756,8.867801,0.20170003275443482
hNHE1cdt,3,9605,3335,2.755353530062607,7.591973075628469,50.228855,0.3090206153117674
hNHE1cdt,3,9605,3336,3.213724038705989,10.328022196956736,85.60959,0.41909171721908084
hNHE1cdt,3,9605,3337,3.715342001597768,13.803766188836507,93.68855,0.6960098481588448
hNHE1cdt,3,9605,3338,4.116944805555456,16.94923453199005,58.34606,0.5295259885454876
hNHE1cdt,3,9605,3339,4.075383271731329,16.608748811507557,127.85361,0.41941311352307153
hNHE1cdt,3,9605,3340,4.308668219193819,18.564621823090828,160.25014,0.7509093182887978
hNHE1cdt,3,9605,3341,5.13220069556352,26.33948397954267,266.0836,0.7854535301306493
hNHE1cdt,3,9605,3342,4.0459664667743676,16.369844650262657,136.6168,0.6727148796881889
hNHE1cdt,3,9605,3343,3.813066835068005,14.539478688695533,112.78443,0.6311236407845826
hNHE1cdt,3,9605,3344,3.148241091272351,9.911421968775723,75.7188,0.3793847234757103
hNHE1cdt,3,9605,3345,4.169417324701972,17.38404082752495,172.75046,0.762678029351604
hNHE1cdt,3,9605,3346,4.543553821068089,20.64388132494244,163.97305,0.8235091297158481
hNHE1cdt,3,9605,3347,3.4015794976034677,11.570743078516259,65.68325,0.45556458518505516
hNHE1cdt,3,9605,3348,2.046772385849232,4.189277199474956,9.426791,0.1335134324080341
hNHE1cdt,3,9605,3349,2.5153007274708177,6.3267377496152255,18.398031,0.3021815510583086
hNHE1cdt,3,9605,3350,3.7121923612787175,13.780372127136062,37.31514,0.6838881682211054
hNHE1cdt,3,9605,3351,2.5372206288081243,6.437488519249492,28.249504,0.18308316907328928
hNHE1cdt,3,9605,3352,2.500756224443536,6.253781694093088,28.638763,0.36371631339087807
hNHE1cdt,3,9605,3353,2.573301012447826,6.621878100665009,12.887456,0.28723899187754165
hNHE1cdt,3,9605,3354,3.8843841245199293,15.08844002682246,144.71043,0.6703183977478687
hNHE1cdt,3,9605,3355,2.6976224133240625,7.277166684868341,33.606815,0.5383496112784136
hNHE1cdt,3,9605,3356,4.0601997708026465,16.48522217882586,111.01241,0.5704413744252561
hNHE1cdt,3,9605,3357,4.505266317672869,20.29742459315766,177.41083,0.8452624316892745
hNHE1cdt,3,9605,3358,4.4108755126848616,19.45582278840294,156.6323,0.596843819245511
hNHE1cdt,3,9605,3359,3.003972746180194,9.02385225979338,20.938332,0.12569694915814467
hNHE1cdt,3,9605,3360,3.220170625256026,10.369498855761785,18.824749,0.21269242506625463
hNHE1cdt,3,9605,3361,2.3398905651966384,5.475087857096247,39.581196,0.4935460944154242
hNHE1cdt,3,9605,3362,4.530566402793091,20.52603193011753,158.43146,0.573978796217085
hNHE1cdt,3,9605,3363,4.444204808604014,19.750956380819044,164.38544,0.6080522145775082
hNHE1cdt,3,9605,3364,4.3992275475536085,19.353203015154534,140.89407,0.7866982282577439
hNHE1cdt,3,9605,3365,3.913344370763138,15.314264164183543,77.25553,0.430093369826307
hNHE1cdt,3,9605,3366,3.4647379128970273,12.00440880506605,34.682022,0.6319578906873071
hNHE1cdt,3,9605,3367,3.127004535664922,9.778157366068996,42.708397,0.5980233791990598
hNHE1cdt,3,9605,3368,3.5437286661256215,12.558012859120476,91.24315,0.4581493244913893
hNHE1cdt,3,9605,3369,4.338017743858591,18.818397946031986,127.8037,0.8048132153271819
hNHE1cdt,3,9605,3370,3.942572908290823,15.54388113718876,164.11789,0.6942442911831245
hNHE1cdt,3,9605,3371,3.845950840051068,14.791337864089511,167.51337,0.5519716394890481
hNHE1cdt,3,9605,3372,3.376406982010149,11.400124108166882,77.98469,0.5447731172628182
hNHE1cdt,3,9605,3373,2.459457085103208,6.048929153464369,13.445816,0.3652159318283223
hNHE1cdt,3,9605,3374,2.8761199662146986,8.272066060058838,55.784504,0.4989426148421326
hNHE1cdt,3,9605,3375,2.9590423973977007,8.755931909597134,36.144547,0.38512918993917655
hNHE1cdt,3,9605,3376,2.488742815960687,6.19384080399593,14.344383,0.1708441316963939
hNHE1cdt,3,9605,3377,3.731695039986413,13.925547871459196,44.496315,0.46112050184157277
hNHE1cdt,3,9605,3378,3.0163354761806316,9.098279704865837,70.64668,0.4032351261071157
hNHE1cdt,3,9605,3379,2.963427204675737,8.781900797412248,51.55374,0.31944316659842625
hNHE1cdt,3,9605,3380,3.4213891178832614,11.70590349597,82.669754,0.40372087351723435
hNHE1cdt,3,9605,3381,3.9486570759836415,15.591892703715681,102.935,0.6597617745907842
hNHE1cdt,3,9605,3382,3.922615955703155,15.386915935936976,87.44151,0.6215116875865218
hNHE1cdt,3,9605,3383,3.929209564042946,15.438687798166551,47.05656,0.5112448371414461
hNHE1cdt,3,9605,3384,2.945279180201084,8.674669449325972,27.023977,0.3345447395649338
hNHE1cdt,3,9605,3385,3.475039585424281,12.075900120265755,104.433624,0.6016747407413836
hNHE1cdt,3,9605,3386,2.9583037342903045,8.75156098431596,28.838005,0.3766017410902961
hNHE1cdt,3,9605,3387,2.303103500957708,5.304285736123653,7.5675473,0.20941420658032733
hNHE1cdt,3,9605,3388,2.3521530717058123,5.532624072735086,21.704218,0.2602443668713277
hNHE1cdt,3,9605,3389,3.6085987144320413,13.02198468180058,63.228386,0.4625145641478541
hNHE1cdt,3,9605,3390,4.166329847689541,17.358304399748754,133.51091,0.6791917829928754
hNHE1cdt,3,9605,3391,3.500369204617465,12.252584568634305,71.11032,0.707474572994575
hNHE1cdt,3,9605,3392,2.9800958861403393,8.880971490590575,19.603964,0.44812939635801297
hNHE1cdt,3,9605,3393,2.4244294502393076,5.877858159187669,41.680706,0.2079750218628357
hNHE1cdt,3,9605,3394,3.7078580768027503,13.748211517711388,112.72377,0.6884255266476682
hNHE1cdt,3,9605,3395,3.814870634265478,14.553237956181091,124.75658,0.6482243038095856
hNHE1cdt,3,9605,3396,4.482020859167655,20.08851098201396,114.00548,0.7507979434046237
hNHE1cdt,3,9605,3397,3.030652112326477,9.184852225948939,14.215044,0.15403642207309498
hNHE1cdt,3,9605,3398,2.3327948227824096,5.441931685200412,7.9514484,0.23115962298303855
hNHE1cdt,3,9605,3399,3.4157231991667487,11.66716497332593,66.23361,0.5202361880577818
hNHE1cdt,3,9605,3400,4.396993500340903,19.33355184204014,153.39928,0.7733852071397718
hNHE1cdt,3,9605,3401,5.248203788928425,27.543643010122665,209.93636,0.8689816344388166
hNHE1cdt,3,9605,3402,4.223220862758695,17.83559445564029,94.063576,0.5482832743648367
hNHE1cdt,3,9605,3403,4.836979826307503,23.396373840105756,104.282814,0.7226258692988342
hNHE1cdt,3,9605,3404,3.2087979865573075,10.296384518534229,50.55134,0.40447745769169674
hNHE1cdt,3,9605,3405,2.8457862920514887,8.098499620028159,38.757732,0.363872429396973
hNHE1cdt,3,9605,3406,3.4825532477805026,12.128177123626525,115.05337,0.46558670168457406
hNHE1cdt,3,9605,3407,2.821289698121877,7.959675560728631,11.415951,0.1793743521527555
hNHE1cdt,3,9605,3408,2.9287302541279896,8.577460901444601,33.889576,0.3235570751777439
hNHE1cdt,3,9605,3409,4.030728046535735,16.246768585129782,203.48569,0.8328359011798789
hNHE1cdt,3,9605,3410,3.9686152707357505,15.749907167116994,87.61564,0.3341209974283564
hNHE1cdt,3,9605,3411,2.7606728355153525,7.621314504752376,61.356987,0.29619065271885364
hNHE1cdt,3,9605,3412,3.271926037777076,10.705499996683598,47.334778,0.4129299487762147
hNHE1cdt,3,9605,3413,2.6905757415643894,7.2391978210947645,47.08909,0.20570551975093565
hNHE1cdt,3,9605,3414,2.575833044754617,6.634915874449843,1.0313874,0.3025744637691722
hNHE1cdt,3,9605,3415,2.706004621280682,7.322461010392407,27.036438,0.44342219599992916
hNHE1cdt,3,9605,3416,2.9706220432143917,8.824595323631247,70.65821,0.267649471546812
hNHE1cdt,3,9605,3417,2.2362036855205982,5.000606923135905,28.555693,0.13533083369969126
hNHE1cdt,3,9605,3418,2.8344034309550605,8.033842809409819,44.776962,0.48056442823969003
hNHE1cdt,3,9605,3419,3.446948026401892,11.8814506967159,59.293396,0.27745553767690806
hNHE1cdt,3,9605,3420,3.4406152381115556,11.837833216725436,100.131065,0.4130582927270986
hNHE1cdt,3,9605,3421,2.56603983857792,6.584560453168996,40.446922,0.20246878392619105
hNHE1cdt,3,9605,3422,3.8473384177644907,14.802012900806577,96.11731,0.650519343473421
hNHE1cdt,3,9605,3423,3.5761389635415473,12.788769886560011,22.680393,0.32532639800399227
hNHE1cdt,3,9605,3424,3.3228217961568576,11.041144689015088,43.8153,0.5005175661570829
hNHE1cdt,3,9605,3425,2.6080394717444335,6.801869886176985,28.354378,0.15315474384155536
hNHE1cdt,3,9605,3426,3.3087457567258203,10.94779848265112,28.362494,0.1940069640603799
hNHE1cdt,3,9605,3427,3.165028904707366,10.017407967633106,10.658021,0.4038457158158548
hNHE1cdt,3,9605,3428,3.2528821725783725,10.581242428678193,66.02071,0.5522794799999081
hNHE1cdt,3,9605,3429,2.8933143596657795,8.371267983848202,51.35476,0.3543451503269016
hNHE1cdt,3,9605,3430,3.932517006636544,15.464690007485645,50.29183,0.6299887540358431
hNHE1cdt,3,9605,3431,4.899591402470176,24.00599591115967,226.48717,0.7487443991270953
hNHE1cdt,3,9605,3432,3.580235972963231,12.818089622099976,64.41833,0.4201965677817555
hNHE1cdt,3,9605,3433,3.3671360905897383,11.337605452551946,108.44594,0.6085193570860039
hNHE1cdt,3,9605,3434,3.2166216339753047,10.346654736157957,98.298515,0.5281698322065143
hNHE1cdt,3,9605,3435,2.7018618623724233,7.300057523342583,44.63437,0.42448813178753086
hNHE1cdt,3,9605,3436,3.186114685733541,10.151326790646939,100.793724,0.6482182627885673
hNHE1cdt,3,9605,3437,3.268424433392865,10.682598276799473,60.368187,0.36909307092990973
hNHE1cdt,3,9605,3438,3.665987815545845,13.439466663730597,68.274796,0.35975955247278163
hNHE1cdt,3,9605,3439,2.5210229283433576,6.355556605232918,21.786097,0.18427140515879892
hNHE1cdt,3,9605,3440,2.137085141446737,4.567132901792421,11.313435,0.19047825699311838
hNHE1cdt,3,9605,3441,2.5633815309189547,6.570924873056405,34.37203,0.2582134829926783
hNHE1cdt,3,9605,3442,2.606392979680222,6.793284364526348,8.486214,0.28435465262483184
hNHE1cdt,3,9605,3443,3.6288330450541273,13.168429268876807,48.553547,0.27570698994359993
hNHE1cdt,3,9605,3444,3.9519747029945305,15.618104053108707,111.22619,0.64504141143501
hNHE1cdt,3,9605,3445,4.547030233445145,20.67548394386421,142.06299,0.6398325532651644
hNHE1cdt,3,9605,3446,2.668479820718373,7.120784553581159,60.702232,0.4323329305224983
hNHE1cdt,3,9605,3447,2.692912676170218,7.251778681478242,43.75163,0.2853359536388389
hNHE1cdt,3,9605,3448,2.4069092108454746,5.793211949252785,8.475522,0.23305365539850165
hNHE1cdt,3,9605,3449,2.8190516714214504,7.947052326144072,7.820501,0.48179174906242916
hNHE1cdt,3,9605,3450,4.567683317429885,20.863730888327275,76.456696,0.7995894541172512
hNHE1cdt,3,9605,3451,2.7910041628993425,7.789704237321461,27.15733,0.38102736439332063
hNHE1cdt,3,9605,3452,3.253174772490939,10.583146100371474,50.180256,0.195184155011899
hNHE1cdt,3,9605,3453,3.635137657624119,13.214225789876966,73.728,0.4572834870804975
hNHE1cdt,3,9605,3454,4.164340521417001,17.341731978315625,180.1246,0.5259511443638016
hNHE1cdt,3,9605,3455,4.100739425740063,16.816063837818938,130.24672,0.7107281835429764
hNHE1cdt,3,9605,3456,5.538211237311634,30.67178370908487,297.5453,0.7411399242087592
hNHE1cdt,3,9605,3457,3.829879210366705,14.667974765999096,87.92581,0.6229482241997963
hNHE1cdt,3,9605,3458,4.022820162136865,16.183082056894868,75.78574,0.7351183261129639
hNHE1cdt,3,9605,3459,3.6249532756656144,13.140286250758873,98.92995,0.492504689544515
hNHE1cdt,3,9605,3460,3.9651433100683438,15.722361469379742,97.05061,0.5424729396703283
hNHE1cdt,3,9605,3461,4.34282225880835,18.860105171601255,136.55022,0.5854014054209691
hNHE1cdt,3,9605,3462,4.144743420834632,17.178898024551966,83.27861,0.5667322307877519
hNHE1cdt,3,9605,3463,2.1683374565810865,4.701687325612536,1.8836206,0.21850657795084105
hNHE1cdt,3,9605,3464,3.2685275600863535,10.683272411044051,62.900967,0.1816818896243496
hNHE1cdt,3,9605,3465,2.597536948027319,6.747198196367078,16.947289,0.41306754046562855
hNHE1cdt,3,9605,3466,2.746348325761701,7.542429126414099,26.85494,0.23996379804201362
hNHE1cdt,3,9605,3467,4.102860961192034,16.833468066873618,107.90461,0.7883416365059939
hNHE1cdt,3,9605,3468,2.7833991505074924,7.747310831045831,59.65359,0.4411555286145523
hNHE1cdt,3,9605,3469,3.3770052045253554,11.40416415139134,90.78444,0.43729953134793875
hNHE1cdt,3,9605,3470,3.1719064473971867,10.060990511039842,41.24036,0.20845726137704418
hNHE1cdt,3,9605,3471,3.2192209135329923,10.363383290128192,139.27281,0.60193327416142
hNHE1cdt,3,9605,3472,3.869336904470368,14.971768080296329,83.223366,0.6514080001681077
hNHE1cdt,3,9605,3473,2.701076364400795,7.295813526324616,42.07516,0.41289308074100517
hNHE1cdt,3,9605,3474,3.9617299111627333,15.695303889001476,171.79889,0.3984523490801384
hNHE1cdt,3,9605,3475,3.247763253712054,10.54796615216231,65.18885,0.312790328025675
hNHE1cdt,3,9605,3476,3.150375790665879,9.924867622413661,53.29039,0.44896573527853845
hNHE1cdt,3,9605,3477,3.0842681181713294,9.512709824768114,30.467014,0.12146468469029408
hNHE1cdt,3,9605,3478,3.614511473764734,13.064693193976911,143.30388,0.42843063991280156
hNHE1cdt,3,9605,3479,3.493399672953309,12.203841274990287,83.67864,0.5359279820570066
hNHE1cdt,3,9605,3480,3.3937588186892027,11.517598919430736,37.896484,0.6338145492142797
hNHE1cdt,3,9605,3481,3.1918138387881902,10.187675581479802,62.086926,0.4176421211549058
hNHE1cdt,3,9605,3482,2.6168078770099172,6.847683465181149,45.14281,0.2736652810606539
hNHE1cdt,3,9605,3483,3.9139422051965487,15.318943585618824,95.705666,0.666532086903205
hNHE1cdt,3,9605,3484,3.912584922109479,15.30832077271844,71.544846,0.6249025467200632
hNHE1cdt,3,9605,3485,3.889423283120485,15.127613475279734,118.10607,0.4646122379905463
hNHE1cdt,3,9605,3486,4.289533047521811,18.400093765781754,188.11412,0.5742638129776012
hNHE1cdt,3,9605,3487,2.8885598247098376,8.343777860927728,59.22476,0.3534303155109363
hNHE1cdt,3,9605,3488,2.912117283176934,8.480427070977806,43.012108,0.18711714411885086
hNHE1cdt,3,9605,3489,2.9729948236511743,8.838698221456678,31.448189,0.12658840659431436
hNHE1cdt,3,9605,3490,3.0837649149734383,9.509606050821137,94.78833,0.3299073920782496
hNHE1cdt,3,9605,3491,3.31689216061253,11.001773605132856,80.78941,0.503679162134733
hNHE1cdt,3,9605,3492,2.847122777702953,8.106108111314978,21.956234,0.4005309311384323
hNHE1cdt,3,9605,3493,2.5495340499392642,6.500123871799708,34.230057,0.1499253415658998
hNHE1cdt,3,9605,3494,2.495230536133247,6.2261754284518105,15.536765,0.1304584472958455
hNHE1cdt,3,9605,3495,2.1959771892413023,4.822315815668133,2.6325166,0.38951277886597124
hNHE1cdt,3,9605,3496,4.236954350058312,17.95178216447805,182.8938,0.6240422429870512
hNHE1cdt,3,9605,3497,4.259063503713361,18.139621928663132,165.5332,0.6057699554962452
hNHE1cdt,3,9605,3498,3.470582920293672,12.044945806634155,101.35615,0.5059685959998211
hNHE1cdt,3,9605,3499,4.21539958100874,17.769593627568664,139.08742,0.624625150814001
hNHE1cdt,3,9605,3500,3.761332806807966,14.147624483569892,66.900826,0.5834591350453973
hNHE1cdt,3,9605,3501,2.79148503116138,7.7923886791980514,48.874058,0.28952393578276353
hNHE1cdt,3,9605,3502,2.8182794296245133,7.942698943444671,8.443035,0.15822312285386925
hNHE1cdt,3,9605,3503,2.4588279672490514,6.0458349725261025,70.79233,0.21744985892725527
hNHE1cdt,3,9605,3504,2.571865660585705,6.614492976099944,19.722324,0.30771945163874254
hNHE1cdt,3,9605,3505,3.6184560785079225,13.093224392090933,92.04816,0.5652465530099171
hNHE1cdt,3,9605,3506,3.5597081526460856,12.671522132015003,55.267544,0.33701912953504853
hNHE1cdt,3,9605,3507,4.931186264010651,24.31659797036733,217.26532,0.8467976247998518
hNHE1cdt,3,9605,3508,4.087022917785789,16.70375633050627,71.74296,0.785490185608408
hNHE1cdt,3,9605,3509,2.903246847784203,8.428842259168912,14.053435,0.2468456037034465
hNHE1cdt,3,9605,3510,2.877590343863742,8.28052618709785,46.343605,0.3679567721267601
hNHE1cdt,3,9605,3511,2.4428007107919045,5.967275312645434,7.9518933,0.3278772004770292
hNHE1cdt,3,9605,3512,2.6371279798939993,6.954443982339805,17.000635,0.26165526732532185
hNHE1cdt,3,9605,3513,2.579141916457645,6.651973025228812,44.318024,0.10186104790663636
hNHE1cdt,3,9605,3514,3.5013207362938243,12.259246898401129,90.3394,0.3697442983227776
hNHE1cdt,3,9605,3515,5.193086678530878,26.968149250734854,306.89752,0.8436014718855767
hNHE1cdt,3,9605,3516,4.0496538111431715,16.399695990106416,57.192757,0.5464448028561718
hNHE1cdt,3,9605,3517,4.335333237077958,18.795114276512844,240.61488,0.7163352018919843
hNHE1cdt,3,9605,3518,2.965382213026067,8.79349166933138,51.034958,0.5355964098813204
hNHE1cdt,3,9605,3519,2.663739114013374,7.095506067524755,60.195637,0.30498833692568766
hNHE1cdt,3,9605,3520,2.968522208738665,8.812124103774684,4.4656515,0.5144475582250385
hNHE1cdt,3,9605,3521,3.23944097997643,10.493977862750654,116.554886,0.4394982299484281
hNHE1cdt,3,9605,3522,4.143626460782545,17.169640246497277,111.63446,0.3663723049456443
hNHE1cdt,3,9605,3523,3.815046993979087,14.554583566268867,91.77347,0.6403944613415944
hNHE1cdt,3,9605,3524,3.751679287407885,14.075097475565334,110.142204,0.7496406976781157
hNHE1cdt,3,9605,3525,3.722816350903069,13.859361582551244,103.23621,0.618741621036854
hNHE1cdt,3,9605,3526,3.8049940827472164,14.47797996974133,135.7567,0.5158059554508316
hNHE1cdt,3,9605,3527,3.0509001081602847,9.307991469972439,64.115875,0.5491169571467266
hNHE1cdt,3,9605,3528,3.4382881868269926,11.821825655674045,67.074486,0.5926901722579221
hNHE1cdt,3,9605,3529,4.963199612905459,24.6333503975449,179.77577,0.6889752208970393
hNHE1cdt,3,9605,3530,4.867298626614873,23.690595920647038,178.75992,0.8033231798547678
hNHE1cdt,3,9605,3531,4.329289868336559,18.74275076408158,86.406136,0.7687780912261701
hNHE1cdt,3,9605,3532,2.9904496440292934,8.942789073474925,9.326963,0.37896346836297856
hNHE1cdt,3,9605,3533,2.3987474182678805,5.753989176646826,24.199574,0.15196354046275268
hNHE1cdt,3,9605,3534,2.311020674435868,5.3408165576700135,20.169449,0.17727475978730795
hNHE1cdt,3,9605,3535,2.5742730648703454,6.626881812516961,21.620625,0.38764356370435127
hNHE1cdt,3,9605,3536,3.2582202027496785,10.615998889606157,58.951893,0.7183258339131086
hNHE1cdt,3,9605,3537,3.021817385484737,9.131380311217809,50.132175,0.4040387426157983
hNHE1cdt,3,9605,3538,3.316820060340538,11.001295312677412,39.37967,0.6772609040496442
hNHE1cdt,3,9605,3539,2.995801763755721,8.974828207721892,31.899548,0.026925822279064635
hNHE1cdt,3,9605,3540,3.1431596965256525,9.879452877863233,61.64341,0.4809929621875705
hNHE1cdt,3,9605,3541,3.577242070336231,12.796660829783447,94.75995,0.40821193498360125
hNHE1cdt,3,9605,3542,2.34273825400335,5.488422526770664,61.22768,0.20940912753621338
hNHE1cdt,3,9605,3543,3.2826753336539785,10.77595734618026,47.76692,0.5609304962746948
hNHE1cdt,3,9605,3544,3.3641349451771334,11.317403929361955,39.011314,0.7303459823576478
hNHE1cdt,3,9605,3545,3.1283463283155273,9.786550749885244,50.671776,0.5907263483296115
hNHE1cdt,3,9605,3546,2.5384430881118116,6.4436933115826305,37.116966,0.3358034936384402
hNHE1cdt,3,9605,3547,3.2660864754428642,10.667320865070792,65.208954,0.12752941007006224
hNHE1cdt,3,9605,3548,4.415161121297877,19.493647727020324,100.149414,0.6688937926546503
hNHE1cdt,3,9605,3549,3.634221584275723,13.207566523615546,72.89823,0.6084570252362113
hNHE1cdt,3,9605,3550,3.4127990519528337,11.647197369010163,66.433846,0.2697602728610333
hNHE1cdt,3,9605,3551,2.4871512609276487,6.185921394733996,16.489815,0.14821453950512958
hNHE1cdt,3,9605,3552,4.138958846707104,17.130980334735003,200.86893,0.739283752211265
hNHE1cdt,3,9605,3553,2.964487794352279,8.78818788286364,34.295704,0.5589267112525436
hNHE1cdt,3,9605,3554,3.085032993201199,9.517428569139948,34.144417,0.4588735297335297
hNHE1cdt,3,9605,3555,2.8623921951649383,8.193289078941156,63.17601,0.42850742099637573
hNHE1cdt,3,9605,3556,3.1881048870645166,10.164012770924652,40.520477,0.2253127816690298
hNHE1cdt,3,9605,3557,2.3090404481566127,5.331667791223288,64.35777,0.18005126035167646
hNHE1cdt,3,9605,3558,3.767850355230703,14.196696299412134,54.26449,0.3492077423362089
hNHE1cdt,3,9605,3559,4.85869561514925,23.606923080670548,124.38818,0.6649011244514004
hNHE1cdt,3,9605,3560,4.131490289010891,17.069212008191297,51.82697,0.5836976330204373
hNHE1cdt,3,9605,3561,3.81701178509221,14.56957896753282,75.37941,0.6698938728225937
hNHE1cdt,3,9605,3562,3.894669063297878,15.168447112609574,154.99475,0.8036888690077855
hNHE1cdt,3,9605,3563,4.305936333270743,18.541087706181095,94.88702,0.7990802445241324
hNHE1cdt,3,9605,3564,3.5270769393010255,12.440271735749091,101.53331,0.7529336144893494
hNHE1cdt,3,9605,3565,3.571712350901299,12.757129117580885,90.485115,0.1402691092138512
hNHE1cdt,3,9605,3566,3.715511099094074,13.805022727491254,137.64192,0.6150333989687767
hNHE1cdt,3,9605,3567,3.9605193583880376,15.685713588166392,132.96323,0.4014432764186284
hNHE1cdt,3,9605,3568,2.9816679676606586,8.890343869373643,63.112995,0.18467105932727423
hNHE1cdt,3,9605,3569,3.235303299332483,10.467187438671651,79.87254,0.6630581260576278
hNHE1cdt,3,9605,3570,3.9714217226848123,15.772190499412805,139.43544,0.7843737714370407
hNHE1cdt,3,9605,3571,3.380987724738064,11.431077994829474,53.334824,0.49023978493670456
hNHE1cdt,3,9605,3572,3.3650517932339796,11.323573571147222,76.483246,0.20832940447165132
hNHE1cdt,3,9605,3573,3.627551828436253,13.159132267991202,152.0969,0.4080539600902031
hNHE1cdt,3,9605,3574,2.7794698207573942,7.725452484501142,47.303802,0.5152372692139806
hNHE1cdt,3,9605,3575,3.2014663063967723,10.249386510993796,30.139114,0.25402047338971145
hNHE1cdt,3,9605,3576,2.9041302310593378,8.433972398952758,44.188423,0.36248154433766905
hNHE1cdt,3,9605,3577,3.315810831477464,10.994601470143273,20.388557,0.38260875290373464
hNHE1cdt,3,9605,3578,3.5964006282119163,12.934097478603066,65.64675,0.4203212800295597
hNHE1cdt,3,9605,3579,2.5776915822887205,6.644493893402128,8.551812,0.2728360524834667
hNHE1cdt,3,9605,3580,3.001326854855969,9.00796288967962,63.279114,0.3043239938195143
hNHE1cdt,3,9605,3581,3.5099614659900977,12.319829492735357,69.46282,0.4436935030021463
hNHE1cdt,3,9605,3582,3.406058005605605,11.601231137550032,111.32899,0.36424322336340315
hNHE1cdt,3,9605,3583,2.9763990217302534,8.85895113655681,39.467003,0.5267248706610654
hNHE1cdt,3,9605,3584,5.3037458766290655,28.1297203238598,218.0573,0.7600098521603889
hNHE1cdt,3,9605,3585,4.673312179081706,21.839846723153403,178.70857,0.8084291858806582
hNHE1cdt,3,9605,3586,3.1617975272239924,9.996963603159752,47.120613,0.3308775170244868
hNHE1cdt,3,9605,3587,4.172967627402779,17.413658819351582,119.0737,0.7145991839376324
hNHE1cdt,3,9605,3588,2.5009917079058,6.25495952301357,28.913868,0.37771389574552144
hNHE1cdt,3,9605,3589,2.779136330639288,7.723598744279205,76.577805,0.3116476727473101
hNHE1cdt,3,9605,3590,3.016568017602377,9.099682604821536,60.501606,0.3920259315664921
hNHE1cdt,3,9605,3591,2.8734310476406435,8.256605985545207,48.9703,0.08495861646504947
hNHE1cdt,3,9605,3592,2.3187853700764403,5.3767655924805355,15.786998,0.17369139361711827
hNHE1cdt,3,9605,3593,2.756506512756235,7.59832815486754,26.919224,0.21517178821574812
hNHE1cdt,3,9605,3594,4.4605772239505335,19.896749170826247,161.50294,0.6321069784550247
hNHE1cdt,3,9605,3595,3.2935255230961475,10.847310371285754,80.54787,0.7194361619309797
hNHE1cdt,3,9605,3596,3.91501137590406,15.327314073458203,82.12882,0.5593341230789972
hNHE1cdt,3,9605,3597,3.6335454639529985,13.202652638613408,26.150673,0.4645964166243426
hNHE1cdt,3,9605,3598,3.303028623109705,10.909998085081995,28.133236,0.5100204337214942
hNHE1cdt,3,9605,3599,4.116712648578577,16.947323030966846,126.20636,0.6267816278490841
hNHE1cdt,3,9605,3600,3.2435328413361635,10.520505292826241,22.410675,0.33842105974653003
hNHE1cdt,3,9605,3601,2.64385858367049,6.9899882104481295,33.275276,0.23324227674159403
hNHE1cdt,3,9605,3602,3.8715985740988983,14.989275518964622,124.60813,0.7037989042678505
hNHE1cdt,3,9605,3603,5.40999171437779,29.268010349636334,192.6542,0.79715954811669
hNHE1cdt,3,9605,3604,3.4995452116789623,12.24681668858515,58.229004,0.3011432012043766
hNHE1cdt,3,9605,3605,3.3050989909445163,10.92367933994246,28.126255,0.6576955871451066
hNHE1cdt,3,9605,3606,2.02397036737271,4.096456048002824,12.825438,0.22795502402107803
hNHE1cdt,3,9605,3607,2.712153184675354,7.3557748971446655,27.940472,0.29968902877183445
hNHE1cdt,3,9605,3608,4.1974220161883515,17.61835158198269,149.7851,0.743507543100539
hNHE1cdt,3,9605,3609,3.6869946673792136,13.593929677282757,40.6714,0.4971281391203022
hNHE1cdt,3,9605,3610,2.768505342682976,7.664621832464185,46.32726,0.49596360491856956
hNHE1cdt,3,9605,3611,3.674866075889156,13.504640675720966,35.330814,0.6461566075390541
hNHE1cdt,3,9605,3612,2.766643129860825,7.654314208006101,11.114064,0.19847907199034714
hNHE1cdt,3,9605,3613,2.7950244248181253,7.812161535329892,62.146908,0.24554685970534712
hNHE1cdt,3,9605,3614,2.869381075030174,8.233347753741317,30.713211,0.29588757300807506
hNHE1cdt,3,9605,3615,2.5541884229213285,6.523878499785344,48.557495,0.42514775209037936
hNHE1cdt,3,9605,3616,3.1686446546773936,10.040308947615621,24.412205,0.4844549712470498
hNHE1cdt,3,9605,3617,2.67848010759309,7.174255686771893,40.79752,0.23757283763455767
hNHE1cdt,3,9605,3618,3.104468301616255,9.637723435740115,10.257209,0.2521321239766998
hNHE1cdt,3,9605,3619,3.7592482137703023,14.131947132735208,39.751644,0.41257143659918605
hNHE1cdt,3,9605,3620,3.995139517554403,15.961139764724829,189.21848,0.7589160416513501
hNHE1cdt,3,9605,3621,3.8904385343924957,15.135511989886028,146.22641,0.6484240522858068
hNHE1cdt,3,9605,3622,3.484202409159309,12.139666427991536,105.97861,0.18920594903225388
hNHE1cdt,3,9605,3623,2.3856266436694846,5.691214482985729,19.458792,0.2662179511234023
hNHE1cdt,3,9605,3624,3.029986254051501,9.18081669974105,29.35466,0.43189556320629113
hNHE1cdt,3,9605,3625,3.0836124637086146,9.508665826339112,56.530376,0.5824577703892968
hNHE1cdt,3,9605,3626,3.968249938108053,15.74700757129457,119.18097,0.651944433119652
hNHE1cdt,3,9605,3627,4.1276461158937,17.03746245805235,91.62215,0.6244496095525425
hNHE1cdt,3,9605,3628,4.261210571881618,18.157915537915663,156.53023,0.7990260294451239
hNHE1cdt,3,9605,3629,3.2998650283423423,10.889109205276808,40.251766,0.5440345359855243
hNHE1cdt,3,9605,3630,3.221034752947592,10.37506487969615,102.26117,0.3974123909582308
hNHE1cdt,3,9605,3631,4.498864713363513,20.23978370914737,98.3069,0.6575013111463837
hNHE1cdt,3,9605,3632,3.497904180013467,12.235333652555685,40.97304,0.32675104106852326
hNHE1cdt,3,9605,3633,3.169970463237451,10.048712737797858,53.690834,0.48382145872098725
hNHE1cdt,3,9605,3634,2.261565303641347,5.1146776226343755,23.933147,0.2308382185283404
hNHE1cdt,3,9605,3635,3.0439915070593875,9.265884295049682,85.56402,0.4810883652812751
hNHE1cdt,3,9605,3636,3.570617825805976,12.7493116579634,95.47754,0.6766434795733207
hNHE1cdt,3,9605,3637,2.9666174645677117,8.80081918107816,23.140078,0.27343803612812384
hNHE1cdt,3,9605,3638,2.5118540948897174,6.309410994014242,35.311245,0.23162824016773984
hNHE1cdt,3,9605,3639,3.7403356071623324,13.99011045420641,17.593653,0.6208614260755838
hNHE1cdt,3,9605,3640,3.554047922216428,12.631256633410906,65.57128,0.2703666181249842
hNHE1cdt,3,9605,3641,3.27273611222213,10.71080166024282,98.80936,0.5266220592392202
hNHE1cdt,3,9605,3642,3.4850307441752673,12.14543928784682,90.76027,0.5980624886169857
hNHE1cdt,3,9605,3643,2.8071953912803767,7.8803459648257865,34.810513,0.357691581776453
hNHE1cdt,3,9605,3644,3.2590624305251588,10.621487926060555,113.60233,0.3054146384993211
hNHE1cdt,3,9605,3645,3.9902696400705637,15.922251800468862,92.56567,0.596647206461888
hNHE1cdt,3,9605,3646,4.167233806692064,17.36583759963723,157.38995,0.7262713643033698
hNHE1cdt,3,9605,3647,3.0805775975612018,9.489958334595944,49.431965,0.3978600041792466
hNHE1cdt,3,9605,3648,2.9521772764652314,8.715350671677674,6.3265777,0.4445001566324993
hNHE1cdt,3,9605,3649,3.0980676312580773,9.598023047849031,53.168606,0.4725255097534746
hNHE1cdt,3,9605,3650,3.0511739083457585,9.309662218969933,77.45657,0.4370264285456744
hNHE1cdt,3,9605,3651,3.740596183044401,13.992059804606338,78.14686,0.5249412707229418
hNHE1cdt,3,9605,3652,3.3203583181866057,11.024779361150987,16.77632,0.6286889743976276
hNHE1cdt,3,9605,3653,2.9312093733194726,8.591988390235935,73.051216,0.4468478013174265
hNHE1cdt,3,9605,3654,4.349076816943812,18.91446915967812,92.497314,0.5720309838384009
hNHE1cdt,3,9605,3655,3.4116191613401186,11.639145302023053,62.481792,0.6306995667391693
hNHE1cdt,3,9605,3656,3.197193199973009,10.222044357953651,77.92473,0.3239546715643033
hNHE1cdt,3,9605,3657,4.287070538771704,18.378973804404307,72.7661,0.5093233471729613
hNHE1cdt,3,9605,3658,3.06643608875084,9.40303028639355,55.50421,0.4063360451556523
hNHE1cdt,3,9605,3659,2.084622690963748,4.345651763680938,27.0858,0.11163582039889496
hNHE1cdt,3,9605,3660,3.5919528752962924,12.902125458349301,93.4665,0.644292219232989
hNHE1cdt,3,9605,3661,4.4700444671031905,19.981297537879843,133.77353,0.6401950733471609
hNHE1cdt,3,9605,3662,4.370669217891165,19.102749412221375,167.44882,0.633238724042767
hNHE1cdt,3,9605,3663,3.5583289196535075,12.6617047004425,126.29892,0.6234682970771115
hNHE1cdt,3,9605,3664,2.518430179739793,6.342490570224208,10.823198,0.20519053127993186
hNHE1cdt,3,9605,3665,2.5264060856349673,6.3827277095333965,41.93241,0.23205587906995628
hNHE1cdt,3,9605,3666,4.432009942454004,19.64271213001114,150.79514,0.5952606018659337
hNHE1cdt,3,9605,3667,3.3277742127392025,11.074081210972023,63.50639,0.3658761678909554
hNHE1cdt,3,9605,3668,4.3896607209356775,19.269121244925532,153.16766,0.6830638035855814
hNHE1cdt,3,9605,3669,2.8309781929977826,8.01443752922899,25.338531,0.44679147615724696
hNHE1cdt,3,9605,3670,2.601645462192511,6.768559110946883,18.929312,0.20339435374888326
hNHE1cdt,3,9605,3671,4.097384168962598,16.78855702806532,135.15552,0.7218264753672095
hNHE1cdt,3,9605,3672,3.27488388563127,10.724864464367364,48.972885,0.568398844916047
hNHE1cdt,3,9605,3673,4.396295862960121,19.327417314680286,103.114075,0.5891339668947175
hNHE1cdt,3,9605,3674,3.9074688609047556,15.268312898940307,106.788315,0.5853576728882361
hNHE1cdt,3,9605,3675,3.5304472409235306,12.464057720944572,115.70557,0.45869183073016195
hNHE1cdt,3,9605,3676,4.055801990549839,16.449529786548045,162.90228,0.5419886101109497
hNHE1cdt,3,9605,3677,5.2399289272744065,27.456855162887116,159.85678,0.872165129050301
hNHE1cdt,3,9605,3678,4.554397513276617,20.74253670894023,190.53203,0.5738288639492073
hNHE1cdt,3,9605,3679,3.5287060591384325,12.451766451800287,46.6494,0.3331696933841589
hNHE1cdt,3,9605,3680,2.934084379054463,8.60885114341141,12.974634,0.3788772713321422
hNHE1cdt,3,9605,3681,2.84443326012925,8.090800571329513,33.49131,0.08775505984902356
hNHE1cdt,3,9605,3682,4.335904922583974,18.800071497687938,148.97958,0.4917755503843384
hNHE1cdt,3,9605,3683,4.615230226828419,21.30035004663069,188.23517,0.6907901212792185
hNHE1cdt,3,9605,3684,3.0598200132544204,9.362498513512284,66.31993,0.2608201905570706
hNHE1cdt,3,9605,3685,2.8452267651562413,8.095315345161447,64.50957,0.32139617723338915
hNHE1cdt,3,9605,3686,2.6020362648313644,6.770592723497558,10.346018,0.180984741081518
hNHE1cdt,3,9605,3687,2.6063395213731497,6.793005700671618,12.709676,0.15738226323460172
hNHE1cdt,3,9605,3688,2.6362032308440746,6.949567474312737,13.909633,0.3363981607140466
hNHE1cdt,3,9605,3689,2.420365885723396,5.8581710207736,57.574863,0.08877332428576347
hNHE1cdt,3,9605,3690,3.198961070293774,10.233351929255091,40.119034,0.5491319627278635
hNHE1cdt,3,9605,3691,3.2010703777144336,10.246851563080828,40.015244,0.6606599228939257
hNHE1cdt,3,9605,3692,3.1653088512680134,10.019180123915632,72.858154,0.370383545119666
hNHE1cdt,3,9605,3693,3.2878224126096645,10.809776216858435,15.274783,0.6153187403254514
hNHE1cdt,3,9605,3694,4.321472336873943,18.675123158366738,192.9776,0.7356378089129629
hNHE1cdt,3,9605,3695,4.19051830425433,17.560443658290588,192.28476,0.6033032210744765
hNHE1cdt,3,9605,3696,4.584186638909916,21.014767140360195,114.84276,0.6616831175128868
hNHE1cdt,3,9605,3697,3.4132182003117286,11.650058482939233,75.67348,0.2835776366795474
hNHE1cdt,3,9605,3698,3.6435270920089895,13.275289670203485,45.464985,0.4632398996300767
hNHE1cdt,3,9605,3699,4.506203440993843,20.305869451624755,103.18729,0.6872210754026249
hNHE1cdt,3,9605,3700,3.6881610791751145,13.602532145942147,96.70555,0.46826029147473447
hNHE1cdt,3,9605,3701,3.827463170383132,14.64947432063929,64.75223,0.6091432970357636
hNHE1cdt,3,9605,3702,4.075702606029846,16.611351732798475,135.4985,0.6157782554962478
hNHE1cdt,3,9605,3703,4.287993038505043,18.386884298267702,170.07521,0.7810811390417436
hNHE1cdt,3,9605,3704,4.471244087681573,19.992023691627416,184.42287,0.7188185266522702
hNHE1cdt,3,9605,3705,3.765428398860739,14.178451026946954,97.64636,0.5980267026334951
hNHE1cdt,3,9605,3706,4.868962009194747,23.706791046981753,83.16462,0.4058009428745818
hNHE1cdt,3,9605,3707,2.8934892613294143,8.372280105428638,47.826885,0.2951767553090296
hNHE1cdt,3,9605,3708,2.7518431863825015,7.572640922439798,5.6231112,0.30360734082665597
hNHE1cdt,3,9605,3709,3.37415814156495,11.384943164289037,42.85032,0.5648859453883882
hNHE1cdt,3,9605,3710,4.3590630791475515,19.001430927987332,82.03299,0.6940431560138112
hNHE1cdt,3,9605,3711,4.875538205734319,23.77087279557502,252.06107,0.839628688709289
hNHE1cdt,3,9605,3712,4.1041988230933875,16.844447979481146,121.17333,0.37744077213688676
hNHE1cdt,3,9605,3713,2.4807673937100425,6.154206861694917,42.58307,0.22611677558286053
hNHE1cdt,3,9605,3714,3.4037201960686048,11.585311173125302,65.09031,0.5923935445916242
hNHE1cdt,3,9605,3715,3.513125781609949,12.342052757412514,11.934481,0.4789527234133315
hNHE1cdt,3,9605,3716,2.8056753618035133,7.871814235831274,13.930468,0.37601426306569896
hNHE1cdt,3,9605,3717,3.210335688424425,10.306255232371527,60.233017,0.5583999691805296
hNHE1cdt,3,9605,3718,2.3709999336967953,5.621640685590208,8.481065,0.24083390416245748
hNHE1cdt,3,9605,3719,2.93788706524406,8.631180408128357,39.535206,0.6068877403522059
hNHE1cdt,3,9605,3720,3.0790231193038404,9.480383369207551,67.023186,0.30489873922530203
hNHE1cdt,3,9605,3721,3.767994270206131,14.197780820306237,108.170364,0.5316006701753152
hNHE1cdt,3,9605,3722,4.005303737451882,16.042458029246013,95.79088,0.5729787801385486
hNHE1cdt,3,9605,3723,2.5517602688547765,6.511480469705802,27.766106,0.3790383806967988
hNHE1cdt,3,9605,3724,2.7944999648996056,7.809230053823896,20.764696,0.4003171986235481
hNHE1cdt,3,9605,3725,3.0109208190676107,9.065644178694772,21.239101,0.3793424040684815
hNHE1cdt,3,9605,3726,3.5757287645552913,12.785836197668113,67.596344,0.3046779408702983
hNHE1cdt,3,9605,3727,3.2845934823117204,10.788554344044634,34.02504,0.4033064315704954
hNHE1cdt,3,9605,3728,3.3038015238781444,10.91510450917955,44.353134,0.5045699562059116
hNHE1cdt,3,9605,3729,2.6310518967062015,6.9224340831613,82.090805,0.4132626839698094
hNHE1cdt,3,9605,3730,3.153063102310443,9.941806927151557,66.236275,0.34261995086983216
hNHE1cdt,3,9605,3731,3.392864573729206,11.511530015666665,111.86195,0.3948520768916676
hNHE1cdt,3,9605,3732,3.1961523370761187,10.215389761797132,34.73279,0.6149902480775862
hNHE1cdt,3,9605,3733,3.8242678239557475,14.625024389343233,44.909615,0.604963529917083
hNHE1cdt,3,9605,3734,3.7547547195591044,14.09818300405137,104.50534,0.63251724487679
hNHE1cdt,3,9605,3735,3.609572254739914,13.029011862188188,51.58603,0.4289213980976577
hNHE1cdt,3,9605,3736,3.42627347347875,11.739349915064144,63.062782,0.46324593440359974
hNHE1cdt,3,9605,3737,3.3645884541062445,11.320455465505045,47.43567,0.6693030363681808
hNHE1cdt,3,9605,3738,4.252145060509567,18.08073761561591,152.24663,0.6528633069614134
hNHE1cdt,3,9605,3739,3.568147915672764,12.73167954811989,109.22402,0.47488596939372074
hNHE1cdt,3,9605,3740,2.261785210816382,5.1156723398677055,43.595314,0.18280856758087088
hNHE1cdt,3,9605,3741,2.9769661471713773,8.862327441404394,10.56302,0.3988492975625414
hNHE1cdt,3,9605,3742,3.751720690176623,14.075408137099362,114.30851,0.33556965487717044
hNHE1cdt,3,9605,3743,3.5963986857072787,12.934083506557045,87.6506,0.3169073705141493
hNHE1cdt,3,9605,3744,4.304046412481002,18.52481552079058,104.27855,0.3188680639254232
hNHE1cdt,3,9605,3745,3.432641957427156,11.783030807889336,47.09246,0.40263997647663596
hNHE1cdt,3,9605,3746,3.3151842374945892,10.990446528532578,60.13202,0.4851515531342151
hNHE1cdt,3,9605,3747,3.7785697428381866,14.277589301492238,51.98973,0.6178856888242379
hNHE1cdt,3,9605,3748,3.2642867108276317,10.65556773048588,86.02288,0.4014196248790619
hNHE1cdt,3,9605,3749,2.7834978017151326,7.747860012152977,12.86464,0.15266500271644226
