sequence_name,task_id,seed,frame,rg,rg_sq,ree_sq,asphericity
Ki_1_57,7,4559,0,10.154755248270437,103.11905415227594,674.36456,0.7791819856601492
Ki_1_57,7,4559,1,5.077128883350229,25.777237698149143,113.764084,0.11639700722019625
Ki_1_57,7,4559,2,5.777513031998488,33.37965683491236,263.00012,0.6181445399899965
Ki_1_57,7,4559,3,6.353653347182702,40.36891085616595,306.69357,0.5516372938884844
Ki_1_57,7,4559,4,7.789493520053721,60.67620929895891,375.01865,0.6267310365620781
Ki_1_57,7,4559,5,7.098602909833395,50.39016327149514,412.19583,0.5719282476797665
Ki_1_57,7,4559,6,5.9325999151054525,35.19574175270924,48.463814,0.4659750084558665
Ki_1_57,7,4559,7,3.4073718689106873,11.61018305304391,28.30352,0.0845952105169399
Ki_1_57,7,4559,8,6.366897046085465,40.53737799545182,280.32645,0.45213047027427544
Ki_1_57,7,4559,9,6.780931051085287,45.981025919572616,305.6341,0.5861496402201081
Ki_1_57,7,4559,10,6.322958895358814,39.97980919239712,304.19302,0.5906942130225741
Ki_1_57,7,4559,11,4.613707923287464,21.28630080140553,116.23162,0.05470333180157537
Ki_1_57,7,4559,12,4.164319150339976,17.34155398588826,261.84354,0.2827386484302546
Ki_1_57,7,4559,13,10.157945572082822,103.18385824539698,733.3425,0.6964534640618101
Ki_1_57,7,4559,14,6.855343711671073,46.99573740514812,172.80112,0.3126048738711755
Ki_1_57,7,4559,15,5.711975432498774,32.62666334146956,272.86365,0.3083477819516884
Ki_1_57,7,4559,16,6.1982918638093265,38.418822028964875,74.96251,0.7499288322136358
Ki_1_57,7,4559,17,4.564786658887017,20.8372772411529,41.967392,0.4360995163025515
Ki_1_57,7,4559,18,6.8661963783269595,47.14465270575026,445.21194,0.7009234485648128
Ki_1_57,7,4559,19,6.7873972687782045,46.06876168421783,301.53204,0.6473971976141687
Ki_1_57,7,4559,20,4.67493690687011,21.855035083216272,171.07506,0.5082404629965633
Ki_1_57,7,4559,21,4.43515186906562,19.670572101676267,82.064705,0.34695179534407705
Ki_1_57,7,4559,22,4.91161112066086,24.123923800599428,28.928871,0.3782058239129521
Ki_1_57,7,4559,23,6.415589425622927,41.15978767816472,204.1501,0.5361210811673759
Ki_1_57,7,4559,24,8.128510128898895,66.07267691561198,483.28052,0.5675916117865047
Ki_1_57,7,4559,25,7.266607545979036,52.80358522727945,517.28235,0.7350197270671429
Ki_1_57,7,4559,26,8.250270777449858,68.06696790124307,400.5343,0.7976712374711837
Ki_1_57,7,4559,27,6.994805507155371,48.9273040829311,381.58563,0.7334846949536914
Ki_1_57,7,4559,28,5.421819668859478,29.396128521631507,133.06538,0.3831352873193212
Ki_1_57,7,4559,29,3.3468808605047973,11.201611494413333,99.99965,0.2152411145428335
Ki_1_57,7,4559,30,5.537672884710382,30.66582097805661,122.232414,0.3612423020082337
Ki_1_57,7,4559,31,5.4897042890835595,30.13685318158243,165.27953,0.514196751720353
Ki_1_57,7,4559,32,3.6370317803738814,13.228000171449601,52.949142,0.08855037929082527
Ki_1_57,7,4559,33,4.4520252274988295,19.82052862628601,188.20262,0.3361700310135202
Ki_1_57,7,4559,34,4.6361786162549254,21.494152161819432,102.90493,0.4059061644252746
Ki_1_57,7,4559,35,4.836864227481678,23.395255555091925,66.641655,0.46656553421181957
Ki_1_57,7,4559,36,4.505460098132073,20.299170695860273,16.544922,0.5571927949963821
Ki_1_57,7,4559,37,3.3165851175326857,10.999736841839296,118.778496,0.2195529397082955
Ki_1_57,7,4559,38,4.921671796106791,24.222853268593056,124.66149,0.3389308184241293
Ki_1_57,7,4559,39,7.541099961592142,56.86818863072501,275.8117,0.5739423609512125
Ki_1_57,7,4559,40,4.501816459396589,20.266351434094037,11.848866,0.28241356024517306
Ki_1_57,7,4559,41,4.676703561480048,21.871556201960157,70.77537,0.18146450036785763
Ki_1_57,7,4559,42,5.225983391054131,27.31090240357363,121.80516,0.36638143943484547
Ki_1_57,7,4559,43,3.2799936202784057,10.758358149067044,91.47943,0.23676666787968395
Ki_1_57,7,4559,44,4.616998195925275,21.316672341177235,99.23038,0.2384885600787633
Ki_1_57,7,4559,45,3.780947315152852,14.29556259996156,107.25363,0.10009998754351188
Ki_1_57,7,4559,46,4.537269933344436,20.586818448031426,77.422516,0.14250221125084028
Ki_1_57,7,4559,47,5.963227255085157,35.560079295790466,199.10457,0.5928030111632392
Ki_1_57,7,4559,48,6.9257347336086506,47.965801600313284,239.44363,0.605798164736463
Ki_1_57,7,4559,49,6.423176518500878,41.25719658782106,138.5455,0.6442104661582708
Ki_1_57,7,4559,50,5.5098451441228455,30.3583935122141,141.25238,0.35442447173795105
Ki_1_57,7,4559,51,4.233926781189411,17.926135988472932,122.96448,0.23258723422880115
Ki_1_57,7,4559,52,6.304433193431282,39.74587789043816,208.37802,0.578419703549631
Ki_1_57,7,4559,53,3.330741293744059,11.093837565851846,68.81515,0.12491538500285013
Ki_1_57,7,4559,54,5.111666947729109,26.129138984506227,51.458317,0.30081480271505634
Ki_1_57,7,4559,55,3.6963474627737902,13.662984565554243,61.96296,0.2616559944015178
Ki_1_57,7,4559,56,4.547310722627036,20.678034808118813,54.69082,0.1835152631270358
Ki_1_57,7,4559,57,5.535804940467158,30.645136338900603,277.14044,0.49599393968050076
Ki_1_57,7,4559,58,5.06572068082792,25.661526016167688,86.66855,0.41086361414058636
Ki_1_57,7,4559,59,4.229405739355991,17.887872908097403,64.2923,0.44115571615763916
Ki_1_57,7,4559,60,5.352931171375971,28.653872125488522,138.92421,0.21531222859774424
Ki_1_57,7,4559,61,6.1077379216174,37.30446251916325,235.17165,0.5954542294617436
Ki_1_57,7,4559,62,7.420179589842181,55.05906514551048,657.94916,0.8531455863010744
Ki_1_57,7,4559,63,4.38026020125947,19.18667943073764,239.04477,0.31865258221230497
Ki_1_57,7,4559,64,4.925612188469331,24.26165543119763,92.03929,0.3947303549295714
Ki_1_57,7,4559,65,4.2913542389716675,18.415721204340098,207.66504,0.25054335232768377
Ki_1_57,7,4559,66,4.1953692891329295,17.601123472199735,175.18044,0.4472924101122026
Ki_1_57,7,4559,67,4.303744164008875,18.52221382924045,50.246006,0.29154394127726424
Ki_1_57,7,4559,68,4.873309120047087,23.749141779534114,245.69106,0.36762127661022204
Ki_1_57,7,4559,69,4.0144701596950805,16.115970663082244,57.751232,0.18822163395404318
Ki_1_57,7,4559,70,4.838740566617477,23.413410271029615,145.36322,0.3238249560172107
Ki_1_57,7,4559,71,4.261898807264495,18.163781443362524,19.78738,0.5056729139774165
Ki_1_57,7,4559,72,3.412638047153211,11.646098440877685,67.59488,0.20855873082775328
Ki_1_57,7,4559,73,3.804738520012177,14.476035205664447,76.89871,0.23747667452465818
Ki_1_57,7,4559,74,4.957122059675862,24.57305911452506,238.62868,0.6205908433419436
Ki_1_57,7,4559,75,5.864086528635788,34.38751081532772,245.01791,0.5114630338641477
Ki_1_57,7,4559,76,5.219989633277272,27.2482917715222,61.93181,0.35872175981845117
Ki_1_57,7,4559,77,5.197175087378704,27.010628888869846,123.70935,0.6045229044237133
Ki_1_57,7,4559,78,4.518496581048378,20.416811352945885,162.1833,0.2267306271367728
Ki_1_57,7,4559,79,4.127522513225859,17.03644209718632,52.297012,0.3485936215859888
Ki_1_57,7,4559,80,4.336699641309183,18.806963778931202,57.253365,0.34648926253828527
Ki_1_57,7,4559,81,4.657152857582878,21.689072738892357,29.171434,0.17531699052196925
Ki_1_57,7,4559,82,6.61883255460675,43.80894438592212,355.852,0.5016080401482428
Ki_1_57,7,4559,83,6.5518240995567885,42.926399031533116,414.78647,0.7696976531169859
Ki_1_57,7,4559,84,5.501916688101123,30.27108724280563,66.65917,0.5062676047662067
Ki_1_57,7,4559,85,4.633108175233514,21.465691363415623,102.295746,0.21784222518233265
Ki_1_57,7,4559,86,3.792708014860589,14.384634085987752,100.78515,0.14682696528114642
Ki_1_57,7,4559,87,3.818891980401179,14.583935957972436,33.93106,0.35904776939361727
Ki_1_57,7,4559,88,5.703450232471895,32.52934455428372,280.25497,0.37910778705974907
Ki_1_57,7,4559,89,4.4511595689966965,19.81282150867085,71.34237,0.3751948443729632
Ki_1_57,7,4559,90,5.280854231931825,27.88742141891226,226.87009,0.410738039421784
Ki_1_57,7,4559,91,4.531986801898318,20.53890437258054,77.05542,0.39543777026726556
Ki_1_57,7,4559,92,5.405725024752592,29.22186304323641,93.189476,0.6667282754679318
Ki_1_57,7,4559,93,5.075597132673239,25.761686253200807,253.63095,0.520187482019233
Ki_1_57,7,4559,94,3.7063008882666373,13.736666274366067,93.42132,0.16462380272334826
Ki_1_57,7,4559,95,4.874300308135907,23.7588034938938,81.78969,0.1761314817198027
Ki_1_57,7,4559,96,6.7295120718651615,45.286332725378934,463.6747,0.564586854866161
Ki_1_57,7,4559,97,6.551991772406246,42.92859618567913,200.15387,0.8287298813281796
Ki_1_57,7,4559,98,5.07092925073486,25.714323465958397,149.63705,0.3880826201840988
Ki_1_57,7,4559,99,5.505384216581417,30.309255372183774,272.23114,0.4372272663985956
Ki_1_57,7,4559,100,7.700737259535589,59.30135434039968,476.67465,0.702981648587643
Ki_1_57,7,4559,101,5.488338896652751,30.121863844511534,62.85248,0.29826074356167837
Ki_1_57,7,4559,102,4.29772037804874,18.4704004478954,125.7327,0.15787544425510466
Ki_1_57,7,4559,103,3.7519601882493494,14.077205254208092,69.52485,0.06949876146806253
Ki_1_57,7,4559,104,3.460858784186047,11.977543524077726,49.57701,0.063240067413305
Ki_1_57,7,4559,105,3.918598473483342,15.355413996385984,19.980679,0.2537636803964225
Ki_1_57,7,4559,106,6.364730495014355,40.509794274165664,121.9093,0.5153121439070834
Ki_1_57,7,4559,107,5.832106147639336,34.01346211733254,94.55597,0.7642303992687072
Ki_1_57,7,4559,108,6.093382599377485,37.129311502396305,307.38333,0.6991990890615601
Ki_1_57,7,4559,109,5.262890603650986,27.69801750599783,92.56078,0.6396458556467904
Ki_1_57,7,4559,110,3.3501560698531065,11.223545692373609,52.542686,0.09856583632999429
Ki_1_57,7,4559,111,5.930244280134424,35.167797222067065,206.28085,0.1970517124210232
Ki_1_57,7,4559,112,8.650974155305972,74.83935383577189,415.55637,0.5356222725845786
Ki_1_57,7,4559,113,5.893839251904304,34.737341127287884,167.87047,0.3427943994480928
Ki_1_57,7,4559,114,6.687626736503104,44.724351366791154,567.208,0.7729495009413451
Ki_1_57,7,4559,115,4.199435549833186,17.63525893720276,59.489758,0.19895202521869748
Ki_1_57,7,4559,116,5.176055525441938,26.791550802458012,39.56681,0.24832390108426577
Ki_1_57,7,4559,117,3.843522536592111,14.772665489291455,77.46612,0.23672878064269287
Ki_1_57,7,4559,118,5.464447937863933,29.860191265625385,85.123024,0.45921720842517977
Ki_1_57,7,4559,119,3.4363925791331917,11.808793957921672,21.904255,0.25204914963525876
Ki_1_57,7,4559,120,4.2566451469402145,18.119027906969677,140.43506,0.6270789725946944
Ki_1_57,7,4559,121,4.602523595244209,21.183223444779685,83.13149,0.3012994238348406
Ki_1_57,7,4559,122,4.079093316564819,16.63900228524378,77.37004,0.23806451165493497
Ki_1_57,7,4559,123,4.9149895508899855,24.157122285357755,118.93273,0.5414243145284214
Ki_1_57,7,4559,124,3.073139346494609,9.444185442973316,48.701378,0.11689052387857435
Ki_1_57,7,4559,125,4.219318602783938,17.802649471798603,97.42224,0.18032566025313312
Ki_1_57,7,4559,126,4.461680807748183,19.906595630228473,105.1333,0.2771297290418816
Ki_1_57,7,4559,127,5.97822984482643,35.73923207757345,167.93857,0.4900924423949059
Ki_1_57,7,4559,128,6.73781155759657,45.39810458568192,400.26697,0.7142462862882804
Ki_1_57,7,4559,129,5.7084531088881825,32.586436896375155,298.15338,0.46621033065117534
Ki_1_57,7,4559,130,5.323597312934649,28.340688350285014,92.91049,0.37468425205732814
Ki_1_57,7,4559,131,4.5476463810442125,20.681087607024526,185.2585,0.27661306517903544
Ki_1_57,7,4559,132,8.977288620921058,80.59171098331873,475.5038,0.39873607703456393
Ki_1_57,7,4559,133,8.80133510488913,77.46349962855376,560.8267,0.8636508764783462
Ki_1_57,7,4559,134,4.293493410103848,18.434085662605177,46.02054,0.23803510571090586
Ki_1_57,7,4559,135,5.568470299898441,31.00786148085103,74.93259,0.47767508058956676
Ki_1_57,7,4559,136,3.9597355473961984,15.679505605313066,78.832,0.20816812604150123
Ki_1_57,7,4559,137,3.7157486016848935,13.806787670923235,14.703012,0.14029981253493548
Ki_1_57,7,4559,138,4.392561009573064,19.29459222282153,73.84628,0.12741988851080535
Ki_1_57,7,4559,139,6.870108032784419,47.198384382129014,407.50238,0.8322271885189967
Ki_1_57,7,4559,140,6.336034573121392,40.145334111789595,289.617,0.4416057828214607
Ki_1_57,7,4559,141,5.286642027031824,27.94858392197915,117.57849,0.22574279852677875
Ki_1_57,7,4559,142,5.492385334459762,30.166296662188667,225.89902,0.39695407733368826
Ki_1_57,7,4559,143,5.0865022076306765,25.872504708231745,88.40581,0.6048526810216672
Ki_1_57,7,4559,144,4.52486331761584,20.47438804310542,61.700592,0.41484988168173986
Ki_1_57,7,4559,145,6.0086967372411495,36.10443648013243,364.53232,0.40451497011305637
Ki_1_57,7,4559,146,7.383844587088257,54.52116088627254,478.49792,0.627060388350702
Ki_1_57,7,4559,147,4.814334869575323,23.17782023640884,142.91518,0.4451205841999101
Ki_1_57,7,4559,148,6.307503559202398,39.78460114935091,211.61777,0.43020400012547133
Ki_1_57,7,4559,149,7.27072391077833,52.86342618676374,328.22394,0.7455095010967088
Ki_1_57,7,4559,150,5.923556940484104,35.08852682715741,117.86546,0.5758541122126182
Ki_1_57,7,4559,151,6.768965873016697,45.81889899006469,277.67407,0.46384261884157524
Ki_1_57,7,4559,152,4.799380931782801,23.034057328360348,78.41128,0.38177450522900014
Ki_1_57,7,4559,153,4.857691620495255,23.597167879829826,50.725243,0.490276794918759
Ki_1_57,7,4559,154,4.247296348141578,18.039526268936783,182.48196,0.20241585418249586
Ki_1_57,7,4559,155,4.081348701161481,16.657407220472518,142.53375,0.24079187207368202
Ki_1_57,7,4559,156,5.531726191331574,30.59999465586371,239.58754,0.6227026445250768
Ki_1_57,7,4559,157,4.683909473844901,21.939007959174013,109.633484,0.3816614008371729
Ki_1_57,7,4559,158,4.040297440057883,16.32400340413829,92.10498,0.16316132923846705
Ki_1_57,7,4559,159,3.5098661975710828,12.319160724852097,45.45172,0.1743531246107574
Ki_1_57,7,4559,160,4.505732033785539,20.301621160281172,187.98279,0.3629091059529301
Ki_1_57,7,4559,161,7.1766582660940275,51.50442386829574,430.30328,0.8365555091232142
Ki_1_57,7,4559,162,5.075075389403629,25.756390208130394,141.82458,0.4106024470087387
Ki_1_57,7,4559,163,7.076529435178146,50.07726884694273,274.35522,0.6077271791387606
Ki_1_57,7,4559,164,5.971751943104168,35.66182126996841,220.9401,0.34449853783546047
Ki_1_57,7,4559,165,5.099266764397727,26.002521534491276,147.4445,0.45171835024041185
Ki_1_57,7,4559,166,5.418545863635625,29.360639276322743,146.70927,0.31688496384389736
Ki_1_57,7,4559,167,5.362856325265566,28.7602279654409,136.54346,0.2411586429375706
Ki_1_57,7,4559,168,4.660820471808012,21.723247470424656,69.03795,0.5399038685949504
Ki_1_57,7,4559,169,3.1434347928490984,9.881182296894258,16.66294,0.27473262936052645
Ki_1_57,7,4559,170,3.5161833683347754,12.363545479754091,133.57733,0.23473837814497403
Ki_1_57,7,4559,171,4.059861735705346,16.482477313044416,173.6456,0.16577429026229118
Ki_1_57,7,4559,172,4.237151845622366,17.953455762861015,151.69286,0.22588560127001261
Ki_1_57,7,4559,173,4.780309181400763,22.851355869784435,97.96174,0.16645467454170024
Ki_1_57,7,4559,174,3.783689747338256,14.316308104112636,111.17288,0.3424488917890642
Ki_1_57,7,4559,175,6.428275887597862,41.322730887072076,360.71393,0.6059062864621119
Ki_1_57,7,4559,176,4.333242645620421,18.776991825823476,96.93558,0.07569630397875045
Ki_1_57,7,4559,177,3.602518203007601,12.978137403001112,39.680122,0.3179295495995993
Ki_1_57,7,4559,178,5.301807304594275,28.109160695049205,60.524246,0.42202392617736834
Ki_1_57,7,4559,179,5.043306039729385,25.4349358103709,130.24863,0.5266510846049484
Ki_1_57,7,4559,180,3.9583212817134306,15.668307369265456,63.269184,0.17541164056747807
Ki_1_57,7,4559,181,4.077589778842138,16.626738404517877,110.497055,0.16745582492130254
Ki_1_57,7,4559,182,5.533918622343651,30.62425531872185,193.67624,0.3399253524134583
Ki_1_57,7,4559,183,5.11829269175505,26.19692007847316,20.146059,0.36017212243084396
Ki_1_57,7,4559,184,4.12919969891336,17.050290153506182,62.33501,0.2936704788533659
Ki_1_57,7,4559,185,5.1489338265926,26.511519550629526,192.91747,0.4327408043710711
Ki_1_57,7,4559,186,6.512641982466167,42.41450559178086,440.548,0.5130401822651705
Ki_1_57,7,4559,187,5.179956271565251,26.831946975328183,103.971756,0.47396822199438293
Ki_1_57,7,4559,188,5.20819166466977,27.125260415935674,121.83504,0.5025460001784905
Ki_1_57,7,4559,189,4.2711063834496885,18.242349738744675,85.7409,0.2549742547112356
Ki_1_57,7,4559,190,4.519683557957023,20.42753946406705,31.148886,0.34653772070754424
Ki_1_57,7,4559,191,6.395490988571773,40.90230498490273,350.41254,0.6847499895640807
Ki_1_57,7,4559,192,6.635493804419958,44.029778028495635,358.9961,0.7551554133324997
Ki_1_57,7,4559,193,5.383766250970049,28.984939045084094,53.75244,0.5411652551582797
Ki_1_57,7,4559,194,5.694287205723624,32.424906781267765,250.49709,0.235611678637888
Ki_1_57,7,4559,195,4.865196824531612,23.670140141432462,188.61385,0.5263981466055133
Ki_1_57,7,4559,196,3.8990551941031155,15.202631406662483,15.3365965,0.19591331616005137
Ki_1_57,7,4559,197,4.506902679075227,20.312171758655467,105.186905,0.4549941479685743
Ki_1_57,7,4559,198,5.905017578773246,34.86923260562105,261.3167,0.4768942501183492
Ki_1_57,7,4559,199,4.744430490252605,22.50962067683857,89.11177,0.516303461328861
Ki_1_57,7,4559,200,5.047377290443024,25.476017512079963,98.05327,0.26419965895773334
Ki_1_57,7,4559,201,5.372274235951483,28.86133046626809,177.62994,0.5519018561679812
Ki_1_57,7,4559,202,5.781279113718617,33.423188190719124,215.52652,0.4665180891813406
Ki_1_57,7,4559,203,6.579247225953349,43.286494060214835,220.55533,0.47661739750635157
Ki_1_57,7,4559,204,7.004516046133261,49.063245040538334,224.68167,0.33215217202982816
Ki_1_57,7,4559,205,4.84510138814048,23.475007461360814,77.70767,0.5325912165766254
Ki_1_57,7,4559,206,4.673794066429412,21.844350975390793,52.105793,0.5687340889473259
Ki_1_57,7,4559,207,5.458894760885776,29.79953201042617,70.393845,0.22614541875320288
Ki_1_57,7,4559,208,4.0134884336013155,16.108089406651548,43.27745,0.28202952521997304
Ki_1_57,7,4559,209,5.519146872892954,30.46098220456407,133.73221,0.6653583301568948
Ki_1_57,7,4559,210,5.624013780464466,31.629531002854215,225.80392,0.30170198793912634
Ki_1_57,7,4559,211,3.4334885333543355,11.7888435086757,11.560752,0.09193407479410641
Ki_1_57,7,4559,212,4.661143915820252,21.726262603988157,47.617493,0.4262125025352901
Ki_1_57,7,4559,213,5.6841682588154026,32.309768794524516,88.943886,0.2934495754300109
Ki_1_57,7,4559,214,4.39411589941982,19.308254537534054,119.86863,0.29401178708880604
Ki_1_57,7,4559,215,4.135277693604485,17.100521603222834,89.63878,0.11915589672436377
Ki_1_57,7,4559,216,5.788747450201416,33.50959704221341,97.35394,0.54027460535563
Ki_1_57,7,4559,217,4.555718998328729,20.75457559173331,73.633026,0.5764298979311528
Ki_1_57,7,4559,218,4.641190525774068,21.540649496534968,124.55092,0.4663044536451878
Ki_1_57,7,4559,219,4.089989273969719,16.728012261187356,82.00525,0.07747426176282383
Ki_1_57,7,4559,220,3.839753548518037,14.743707313356856,3.7411492,0.26287022142325656
Ki_1_57,7,4559,221,5.367093631893303,28.805694053509647,97.14612,0.13631807296186285
Ki_1_57,7,4559,222,3.994498158098727,15.95601553505413,8.2915,0.40679851593072613
Ki_1_57,7,4559,223,5.2340153029800405,27.394916191829243,134.16159,0.4192976739938311
Ki_1_57,7,4559,224,4.850876523567646,23.53100304689973,152.11993,0.7077205357422145
Ki_1_57,7,4559,225,6.196243033639327,38.3934277319239,202.97876,0.3388728698219473
Ki_1_57,7,4559,226,4.8984864854307535,23.995169847947732,84.18172,0.10278288047237479
Ki_1_57,7,4559,227,4.0242436195374385,16.194536709387787,168.88934,0.04708214395232
Ki_1_57,7,4559,228,4.452905188393679,19.828364616823336,111.69632,0.29686319143494977
Ki_1_57,7,4559,229,5.0390531979628514,25.392057131899637,233.50034,0.3066868643033014
Ki_1_57,7,4559,230,6.4777147103875,41.96078786917062,173.48528,0.6203636057280111
Ki_1_57,7,4559,231,4.81353557103364,23.170124693606134,257.8722,0.36606273402040074
Ki_1_57,7,4559,232,7.881483692264335,62.11778519142863,410.51685,0.7823198428516305
Ki_1_57,7,4559,233,4.219431700124042,17.80360387201165,128.47578,0.39097623585147756
Ki_1_57,7,4559,234,3.056805160424355,9.344057788796968,21.14101,0.07140455381411186
Ki_1_57,7,4559,235,4.692637105760663,22.02084300636181,141.97104,0.3940568324538321
Ki_1_57,7,4559,236,4.3949140754123235,19.315269730257356,165.58417,0.5005676853286245
Ki_1_57,7,4559,237,5.209963883841731,27.143723670935213,68.13771,0.6463811989899675
Ki_1_57,7,4559,238,5.408414324071632,29.2509455008232,156.9554,0.3803407196024725
Ki_1_57,7,4559,239,4.195484925034148,17.602093756188804,13.238163,0.2250947754356946
Ki_1_57,7,4559,240,4.614222021143764,21.291044860408032,60.85312,0.35265527900993476
Ki_1_57,7,4559,241,6.3761335445982725,40.65507897855133,398.67133,0.3648738613971705
Ki_1_57,7,4559,242,6.259547355946041,39.18193310133107,162.26566,0.6260845151726362
Ki_1_57,7,4559,243,5.042637915496615,25.428197146804063,175.09442,0.23824289524237618
Ki_1_57,7,4559,244,6.23959156178994,38.93250285796022,439.0916,0.7842997892792829
Ki_1_57,7,4559,245,6.207658897542783,38.53502898824207,136.93343,0.6254347789221046
Ki_1_57,7,4559,246,6.346015675217136,40.2719149501016,333.81793,0.5967919092289188
Ki_1_57,7,4559,247,5.784768427519719,33.46354576002898,117.49051,0.20627174523547992
Ki_1_57,7,4559,248,4.731958596502296,22.391432159011984,100.07015,0.6538388076096421
Ki_1_57,7,4559,249,4.18556777291492,17.518977581663968,82.82817,0.35972212618429567
Ki_1_57,7,4559,250,3.7647445633626093,14.17330162736833,75.474304,0.1281519674083918
Ki_1_57,7,4559,251,4.000286202926327,16.002289705322735,96.633705,0.32129185535041105
Ki_1_57,7,4559,252,4.097256739206301,16.78751278697146,51.616077,0.2676984551455708
Ki_1_57,7,4559,253,3.553558322682987,12.62777675270952,94.44134,0.1629550946456607
Ki_1_57,7,4559,254,4.50423066689614,20.28809390060765,100.019394,0.47539779036543744
Ki_1_57,7,4559,255,4.061504175657289,16.495816168881593,247.16022,0.35919603896723884
Ki_1_57,7,4559,256,4.311535157932009,18.589335418083795,144.5225,0.19200479050331204
Ki_1_57,7,4559,257,3.8843820348119515,15.088423792369833,144.26144,0.10634613865270348
Ki_1_57,7,4559,258,5.3267313643863465,28.374067028337222,197.45172,0.5933174046938052
Ki_1_57,7,4559,259,4.2473504762915635,18.03998606845418,166.96928,0.21760008847266704
Ki_1_57,7,4559,260,5.994683060450801,35.936224995255785,122.46419,0.4325827144028409
Ki_1_57,7,4559,261,5.313643720308449,28.23480958637342,206.08765,0.5398074834409995
Ki_1_57,7,4559,262,5.894683292863839,34.74729112316807,365.16943,0.35680682909325395
Ki_1_57,7,4559,263,6.877036841365752,47.29363571750185,317.93616,0.8065242294486961
Ki_1_57,7,4559,264,5.32322290246911,28.336702069371647,47.94612,0.2193032192060645
Ki_1_57,7,4559,265,3.653227054580892,13.34606791232178,7.1865983,0.44144675298044866
Ki_1_57,7,4559,266,4.333071602261464,18.77550951032474,149.97125,0.2936113933436434
Ki_1_57,7,4559,267,6.8918449930129695,47.49752740771793,306.90488,0.6894258903098436
Ki_1_57,7,4559,268,5.133510258648507,26.352927575649453,161.61177,0.2734956741695781
Ki_1_57,7,4559,269,3.5978547666938816,12.944558922221887,47.846786,0.22674207538684765
Ki_1_57,7,4559,270,4.813650024172814,23.171226555218936,169.07108,0.12705798501840687
Ki_1_57,7,4559,271,3.570429824859347,12.747969134245144,27.223164,0.3200114143183941
Ki_1_57,7,4559,272,4.264366160022546,18.184818746745435,132.04297,0.11725630539918273
Ki_1_57,7,4559,273,5.457267083967012,29.781764025749805,207.52924,0.6308350096580234
Ki_1_57,7,4559,274,4.034810324075231,16.27969435126407,90.03302,0.1589245080917384
Ki_1_57,7,4559,275,4.4700943776062,19.981743744706556,125.87604,0.16057439922011313
Ki_1_57,7,4559,276,4.1034194392765,16.838051094632263,120.74939,0.4799876796756086
Ki_1_57,7,4559,277,3.979643933406331,15.837565836697816,56.301517,0.21882612471560414
Ki_1_57,7,4559,278,6.922153416849593,47.91620792640251,438.66895,0.531699201167209
Ki_1_57,7,4559,279,4.153205780820241,17.249118257838663,107.80262,0.10610123306717242
Ki_1_57,7,4559,280,5.569007407664635,31.013843506623584,335.4734,0.2572463895914554
Ki_1_57,7,4559,281,3.8271022941804524,14.646711970121281,33.906025,0.20575905107935394
Ki_1_57,7,4559,282,4.515288700094496,20.387832045201044,141.49075,0.5141532026733584
Ki_1_57,7,4559,283,4.865844189855647,23.676439679951958,129.80713,0.49489453930924765
Ki_1_57,7,4559,284,3.4200455608281084,11.696711638140053,18.075977,0.22954842451934565
Ki_1_57,7,4559,285,4.227313423219719,17.870178778133624,57.983437,0.18397180606801636
Ki_1_57,7,4559,286,4.91860578549742,24.1926828731287,111.07686,0.35881243290809456
Ki_1_57,7,4559,287,4.308261666584919,18.561118587765062,119.14047,0.04727949366247387
Ki_1_57,7,4559,288,3.1737741893232556,10.07284260481449,63.227722,0.1187200600601954
Ki_1_57,7,4559,289,3.709413514921599,13.759748624683013,18.474478,0.12733126503873887
Ki_1_57,7,4559,290,4.881634494250977,23.830355335460993,32.837284,0.3282576241327684
Ki_1_57,7,4559,291,5.550959709953152,30.813153701523184,59.21173,0.7139505628778354
Ki_1_57,7,4559,292,4.6064333090355944,21.219227830592615,149.33675,0.3986138709381841
Ki_1_57,7,4559,293,5.282545111246515,27.905282852354453,204.08966,0.2604137591845342
Ki_1_57,7,4559,294,3.5009486197122626,12.256641237865196,29.249443,0.14690851430495033
Ki_1_57,7,4559,295,4.783827896452878,22.885009342880767,102.90988,0.12432491471251614
Ki_1_57,7,4559,296,3.851612957437942,14.83492237390385,92.749756,0.3067947488599743
Ki_1_57,7,4559,297,4.290350076679715,18.407103780465643,56.331882,0.3954118561271309
Ki_1_57,7,4559,298,4.7472668247478005,22.536542305351073,218.1491,0.20588320583681063
Ki_1_57,7,4559,299,6.5907982873539455,43.43862206458768,158.05113,0.5614498510450001
Ki_1_57,7,4559,300,4.219940773864602,17.807900134924974,157.3071,0.29206700726159396
Ki_1_57,7,4559,301,3.594627004345706,12.921343300371385,136.06555,0.1786915327902296
Ki_1_57,7,4559,302,4.369942691778279,19.096399129426388,68.19812,0.3484301272696412
Ki_1_57,7,4559,303,5.157732808626565,26.602207725182875,131.93103,0.39605085663003436
Ki_1_57,7,4559,304,7.467696411301838,55.76648969137037,372.41638,0.7253335805857544
Ki_1_57,7,4559,305,5.146915881385221,26.4907430900554,209.31947,0.414402074831815
Ki_1_57,7,4559,306,7.13076672795517,50.84783412851248,283.6581,0.7592387050893876
Ki_1_57,7,4559,307,5.249507683858316,27.557330922887484,123.87637,0.38881830657654914
Ki_1_57,7,4559,308,6.243203781005723,38.97759345116415,146.0985,0.2725805862998304
Ki_1_57,7,4559,309,5.2554261913949185,27.619504453199696,98.5079,0.5832117310698073
Ki_1_57,7,4559,310,4.869435432996577,23.71140143612256,42.16942,0.5758799382043283
Ki_1_57,7,4559,311,4.756438017956739,22.623702618664232,124.24984,0.26403956416710767
Ki_1_57,7,4559,312,3.9568097193055465,15.656343154790838,123.69032,0.18172671841512597
Ki_1_57,7,4559,313,4.14236924561033,17.159222966978295,38.12156,0.5396598704886275
Ki_1_57,7,4559,314,4.3132840161296,18.604419003799087,157.31793,0.5251348297141245
Ki_1_57,7,4559,315,6.786566199860513,46.057480785089155,521.7029,0.5122397235188714
Ki_1_57,7,4559,316,4.635238588080569,21.485436768431143,144.05588,0.4716603291269347
Ki_1_57,7,4559,317,5.551964593321658,30.824310845497326,355.952,0.7354081249453965
Ki_1_57,7,4559,318,5.063179785616801,25.635789541478584,74.073235,0.46808748750356455
Ki_1_57,7,4559,319,4.451390558555249,19.814877904794816,74.37023,0.37021614461745583
Ki_1_57,7,4559,320,3.864102964894882,14.93129172330942,21.765644,0.4496937661228766
Ki_1_57,7,4559,321,4.119824230580138,16.97295169087522,66.20518,0.20388540795285565
Ki_1_57,7,4559,322,5.077055004641713,25.776487520157477,159.752,0.5616661720177646
Ki_1_57,7,4559,323,5.320502553910389,28.307747426166973,76.50274,0.23851508528056242
Ki_1_57,7,4559,324,4.090097107281996,16.728894346996547,125.141106,0.46599603074051243
Ki_1_57,7,4559,325,4.416128700232478,19.502192697016994,82.72274,0.37396533924698605
Ki_1_57,7,4559,326,3.2516231030068137,10.573052804007661,37.16254,0.0773674637586782
Ki_1_57,7,4559,327,5.255514432415186,27.620431949324313,16.87941,0.6920681543438261
Ki_1_57,7,4559,328,4.331649870769106,18.763190602934017,207.21292,0.16204620994555316
Ki_1_57,7,4559,329,3.884708115011893,15.090957138839261,138.6062,0.2100835401258428
Ki_1_57,7,4559,330,4.693974956950637,22.03340089647973,46.88405,0.3834575889039425
Ki_1_57,7,4559,331,6.301520975622293,39.70916660620773,420.77756,0.685288376652966
Ki_1_57,7,4559,332,6.190117031412645,38.31754886258489,197.89868,0.21084668476021365
Ki_1_57,7,4559,333,4.063224885094653,16.509796466852443,143.3137,0.5234622377188838
Ki_1_57,7,4559,334,3.861096247023041,14.908064228775409,3.5764399,0.17085562977337926
Ki_1_57,7,4559,335,5.778566272674277,33.39182816768868,339.6452,0.3543171821120509
Ki_1_57,7,4559,336,5.912100958801842,34.95293774706566,271.24185,0.6158586866366131
Ki_1_57,7,4559,337,3.201703331454138,10.250904222644524,16.57163,0.10935105527267965
Ki_1_57,7,4559,338,4.327338692309838,18.725860157961822,55.57505,0.21965650156092714
Ki_1_57,7,4559,339,3.33642969074588,11.13176308129065,20.757473,0.1896602022636078
Ki_1_57,7,4559,340,4.97136659459062,24.714485817811536,263.20056,0.42606162638876993
Ki_1_57,7,4559,341,5.410412441652559,29.27256278878881,169.92622,0.5347818392588922
Ki_1_57,7,4559,342,4.428566131416648,19.612197980330624,13.77149,0.4493325916914158
Ki_1_57,7,4559,343,6.031562833126304,36.3797502099506,388.7453,0.5614564408963733
Ki_1_57,7,4559,344,4.290457396500567,18.408024671186418,60.540833,0.32793858425548716
Ki_1_57,7,4559,345,6.54990969110414,42.9013169616199,301.55658,0.6995789268864658
Ki_1_57,7,4559,346,7.3917563493194685,54.638061927704676,718.6291,0.7900301549542549
Ki_1_57,7,4559,347,3.4578213373886832,11.956528401300462,77.59985,0.22625703180498163
Ki_1_57,7,4559,348,6.340611992608872,40.20336044081545,284.7886,0.6809492388581977
Ki_1_57,7,4559,349,4.320843326989585,18.669687056390426,34.278477,0.3523448003792557
Ki_1_57,7,4559,350,4.34212770878164,18.85407303936929,218.74527,0.32281065858835284
Ki_1_57,7,4559,351,3.97935831684308,15.835292613828189,74.17219,0.09827510701666509
Ki_1_57,7,4559,352,3.9908200404670366,15.926644595393324,31.894287,0.11864215515998044
Ki_1_57,7,4559,353,4.319289635208518,18.656262952819738,16.518707,0.4784852362201182
Ki_1_57,7,4559,354,4.014188188502144,16.113706812710124,131.97612,0.36830267994845994
Ki_1_57,7,4559,355,3.227373710796754,10.415941069142013,45.739685,0.09715568713902013
Ki_1_57,7,4559,356,4.12408691022746,17.008092843109473,11.798669,0.3481871319141997
Ki_1_57,7,4559,357,4.623253989762176,21.37447745385188,53.98063,0.40200573537287865
Ki_1_57,7,4559,358,4.542082394327446,20.63051247685935,96.862816,0.6227187540608385
Ki_1_57,7,4559,359,5.909570131611073,34.923019140429695,263.36057,0.6377048500109104
Ki_1_57,7,4559,360,4.789692679891432,22.941155967805567,133.65436,0.528682219638832
Ki_1_57,7,4559,361,3.79585817071478,14.408539252182154,149.7652,0.34224897671577575
Ki_1_57,7,4559,362,6.931771363453023,48.049454235187376,172.4238,0.708581134016862
Ki_1_57,7,4559,363,4.470685440495789,19.987028307861028,159.61693,0.3884021951703405
Ki_1_57,7,4559,364,7.028998715241056,49.406822938860415,167.04442,0.5137105743446828
Ki_1_57,7,4559,365,6.618053374238946,43.79863046427552,349.46747,0.5464772929563848
Ki_1_57,7,4559,366,4.957846882333849,24.580245708667455,195.58803,0.2410612916175077
Ki_1_57,7,4559,367,5.53474622241888,30.63341574658006,28.928787,0.6085327432857858
Ki_1_57,7,4559,368,4.747610569499399,22.5398061196224,120.79621,0.40479967718817356
Ki_1_57,7,4559,369,4.455830561412914,19.854425992021323,52.888386,0.2241825215173449
Ki_1_57,7,4559,370,3.2602504145148483,10.62923276534424,11.132332,0.1807908883142555
Ki_1_57,7,4559,371,4.868170700591009,23.69908597009276,116.60842,0.1283948765487668
Ki_1_57,7,4559,372,4.427483503087025,19.60261017010776,59.387077,0.17748497534352933
Ki_1_57,7,4559,373,5.257076833596835,27.636856834340524,74.93731,0.21987959344009728
Ki_1_57,7,4559,374,7.119427462868565,50.68624739904715,665.5624,0.7254550186924498
Ki_1_57,7,4559,375,6.7469505105666085,45.521341192035024,212.09259,0.31178155587286177
Ki_1_57,7,4559,376,5.548316892037006,30.783820334463165,265.80417,0.7213292278684169
Ki_1_57,7,4559,377,4.169010035929974,17.380644679684845,60.23551,0.25663889372125026
Ki_1_57,7,4559,378,5.13392558785703,26.357191941653156,118.52487,0.25891356860700054
Ki_1_57,7,4559,379,6.475975586081374,41.93825979152198,355.34424,0.7075653323957265
Ki_1_57,7,4559,380,5.605243475817969,31.41875442319991,171.0303,0.45776605042188123
Ki_1_57,7,4559,381,4.0849942396940575,16.687177938333633,112.68243,0.28912371413537674
Ki_1_57,7,4559,382,4.284351076417863,18.35566414600291,70.07752,0.2720718788515456
Ki_1_57,7,4559,383,4.236348774026853,17.946650935198818,98.31037,0.38393506627283597
Ki_1_57,7,4559,384,5.576387685443368,31.096099618364452,21.78725,0.2513132932222279
Ki_1_57,7,4559,385,3.560439589665584,12.676730071658033,9.85428,0.19967053014661357
Ki_1_57,7,4559,386,5.826312348629724,33.945915583795205,125.036064,0.2958402845317398
Ki_1_57,7,4559,387,6.935020276239498,48.09450623185297,392.2423,0.8082379903402179
Ki_1_57,7,4559,388,4.699159792539986,22.08210275582446,172.21866,0.5737798279640881
Ki_1_57,7,4559,389,5.298129899414505,28.070180431069954,314.73273,0.33503323624023623
Ki_1_57,7,4559,390,5.770656976613736,33.30048194174079,316.37424,0.6893590794452231
Ki_1_57,7,4559,391,4.906971970822743,24.078373922440026,38.70437,0.20342499849132828
Ki_1_57,7,4559,392,3.4240718415425406,11.724267976044526,94.85141,0.13000806667759673
Ki_1_57,7,4559,393,4.412188572313376,19.467407997652746,47.45005,0.41988584718407873
Ki_1_57,7,4559,394,4.227734369120525,17.87373789584293,46.082516,0.19687117723318676
Ki_1_57,7,4559,395,3.4233017944859894,11.718995176131,4.3284645,0.31763787456348425
Ki_1_57,7,4559,396,3.629971880609413,13.17669585401504,56.707542,0.11158429572193784
Ki_1_57,7,4559,397,7.44864193185947,55.48226662905517,314.49573,0.7674503750846449
Ki_1_57,7,4559,398,5.49187303164483,30.16066939570778,233.5267,0.37710439777631277
Ki_1_57,7,4559,399,5.37552234602759,28.89624049264196,284.18033,0.38263137380239504
Ki_1_57,7,4559,400,7.171804328022923,51.43477731944834,422.47018,0.7975763882961011
Ki_1_57,7,4559,401,3.8800658807000104,15.054911238572346,57.04874,0.16962383295695763
Ki_1_57,7,4559,402,5.301518381189715,28.106097146092416,122.629616,0.5666187053310119
Ki_1_57,7,4559,403,4.813198686826745,23.166881598870702,118.04382,0.08184046027180737
Ki_1_57,7,4559,404,6.2908969779915065,39.57538478770267,285.58734,0.6381556668516235
Ki_1_57,7,4559,405,3.446513104699984,11.878452580868723,22.03525,0.15593392469319145
Ki_1_57,7,4559,406,5.576697600662037,31.099556129229704,93.223724,0.5760020106746138
Ki_1_57,7,4559,407,5.16350242097796,26.661757251445266,150.25269,0.32637050821670555
Ki_1_57,7,4559,408,5.338759636550076,28.5023544568563,309.27417,0.4655214976245585
Ki_1_57,7,4559,409,4.281547635724901,18.331650156981496,192.25406,0.49124184562272977
Ki_1_57,7,4559,410,5.751034908304334,33.07440251653504,159.46945,0.6574630873596237
Ki_1_57,7,4559,411,6.592954565957185,43.46704990877569,175.34032,0.28402004482870874
Ki_1_57,7,4559,412,3.7644215905213527,14.170869911183313,80.906624,0.16969660982864157
Ki_1_57,7,4559,413,4.051240961482997,16.412553327997685,53.90319,0.41794674614495597
Ki_1_57,7,4559,414,4.236351940247567,17.94667776163932,119.57291,0.28084464469916937
Ki_1_57,7,4559,415,4.158764940808105,17.295325832894644,62.762978,0.13600854905856183
Ki_1_57,7,4559,416,4.762284036585554,22.679349245117617,86.78916,0.5118744660254098
Ki_1_57,7,4559,417,3.974002962154522,15.792699543212915,77.60294,0.3209995655051967
Ki_1_57,7,4559,418,4.275148278376941,18.276892802109316,36.48725,0.28511299314380945
Ki_1_57,7,4559,419,6.4057260105187055,41.033325721835894,225.19629,0.4322657676798629
Ki_1_57,7,4559,420,4.230316949354631,17.895581491997063,54.52698,0.4058909532467022
Ki_1_57,7,4559,421,4.423216168470114,19.564841273015436,58.322117,0.431925085413311
Ki_1_57,7,4559,422,5.68358366674159,32.303123296851766,219.36493,0.5123674227461733
Ki_1_57,7,4559,423,4.401718832972144,19.375128684541654,49.551544,0.19803337721271602
Ki_1_57,7,4559,424,5.38439910183722,28.991753687865465,126.08666,0.3461080647378678
Ki_1_57,7,4559,425,4.00996666858898,16.079832683194603,74.034996,0.06996289770721517
Ki_1_57,7,4559,426,4.561435704865376,20.806695689620696,110.81223,0.34697954379786944
Ki_1_57,7,4559,427,3.2773730937702736,10.741174395769333,28.224285,0.1377058373263483
Ki_1_57,7,4559,428,4.626445627445463,21.403999143709246,56.917576,0.3852719312612691
Ki_1_57,7,4559,429,3.445939588444329,11.874499647207868,113.26466,0.1398472503714595
Ki_1_57,7,4559,430,7.339293036761353,53.8652222794537,242.38907,0.7887938192852687
Ki_1_57,7,4559,431,5.520145094629764,30.472001865765044,136.18207,0.552774067828956
Ki_1_57,7,4559,432,5.03634102780171,25.36473094831878,81.11132,0.6218204198053818
Ki_1_57,7,4559,433,4.608704259026523,21.240154947169213,103.27823,0.3099076101557294
Ki_1_57,7,4559,434,3.8077267833614155,14.49878325672788,61.58404,0.17635889411218747
Ki_1_57,7,4559,435,3.5295371433788567,12.457632446490981,7.3316894,0.08031519600985523
Ki_1_57,7,4559,436,5.280356610560341,27.882165934688306,100.98075,0.4779804087391233
Ki_1_57,7,4559,437,6.177855556780182,38.16589928043978,478.5355,0.744854814795473
Ki_1_57,7,4559,438,7.191198915938716,51.713341848598134,309.5223,0.6378882140988756
Ki_1_57,7,4559,439,8.037786022147719,64.60600413783324,252.67218,0.6564372489879595
Ki_1_57,7,4559,440,7.954315456453074,63.27113438076829,559.1718,0.8140334739951194
Ki_1_57,7,4559,441,6.680365340255533,44.62728107928741,138.99872,0.5713982192729242
Ki_1_57,7,4559,442,4.05352688866266,16.43108023711118,65.27729,0.18769370006385996
Ki_1_57,7,4559,443,5.0074745260568125,25.074801129107907,150.94577,0.3611376531087517
Ki_1_57,7,4559,444,5.608839322540279,31.45907854607409,86.38887,0.4078395189402461
Ki_1_57,7,4559,445,4.795574391663236,22.997533745976213,98.148254,0.199340960582015
Ki_1_57,7,4559,446,4.922125695650423,24.227321363782163,143.28822,0.4645730020597866
Ki_1_57,7,4559,447,5.439071196511572,29.583495480721826,231.2054,0.5171694407129437
Ki_1_57,7,4559,448,5.939025559152997,35.27202459227256,121.0102,0.595104709850497
Ki_1_57,7,4559,449,5.224514209441778,27.29554872465905,131.03304,0.5378567243971568
Ki_1_57,7,4559,450,5.803977663116713,33.68615671395775,116.33175,0.20932716434343818
Ki_1_57,7,4559,451,6.539444842604775,42.764338849470185,192.28302,0.39364966081242075
Ki_1_57,7,4559,452,6.5372177292057865,42.73521563904246,406.2173,0.45917755788389975
Ki_1_57,7,4559,453,4.491267070531317,20.17147989883896,168.58096,0.14184926751287086
Ki_1_57,7,4559,454,3.65087797930805,13.328910019796426,24.21315,0.21265291159368196
Ki_1_57,7,4559,455,3.940388168211891,15.52665891618426,138.05063,0.1462536667766829
Ki_1_57,7,4559,456,5.68578894899454,32.32819597250843,190.72675,0.4998009378395952
Ki_1_57,7,4559,457,6.82436907933638,46.57201333100246,259.05362,0.6058386258864517
Ki_1_57,7,4559,458,4.731036092292015,22.38270250656969,72.19705,0.17222226990638995
Ki_1_57,7,4559,459,4.3240785204184,18.69765505074378,192.82654,0.36227919983847
Ki_1_57,7,4559,460,3.832789170858706,14.690272828251771,134.76744,0.1334205947703624
Ki_1_57,7,4559,461,3.5940590045379386,12.917260128100231,13.241204,0.060028602276988564
Ki_1_57,7,4559,462,5.5940497652353285,31.293392775929433,179.7374,0.5025979698669532
Ki_1_57,7,4559,463,4.047530433695885,16.382502611694388,158.53676,0.14531825058043887
Ki_1_57,7,4559,464,3.977298438553523,15.818902869320297,115.08719,0.13153371838590688
Ki_1_57,7,4559,465,5.609578884467365,31.467375261062127,153.05739,0.4036852945712469
Ki_1_57,7,4559,466,6.518415255659754,42.489737445217806,355.34216,0.49705354831373216
Ki_1_57,7,4559,467,3.8868717528793693,15.10777202333154,105.64656,0.3862851587416143
Ki_1_57,7,4559,468,3.4089030242242946,11.620619828565541,81.87086,0.17849115350858283
Ki_1_57,7,4559,469,3.8664399245727563,14.949357690330174,32.885128,0.24989874318685545
Ki_1_57,7,4559,470,5.496461657928173,30.211090757074526,167.59917,0.3153357468281942
Ki_1_57,7,4559,471,4.093236103944834,16.754581802637485,76.73149,0.32441579410598553
Ki_1_57,7,4559,472,5.175710888097061,26.787983197166476,142.00638,0.5381486669307008
Ki_1_57,7,4559,473,4.369938128388571,19.09635924594421,91.953415,0.22047272656921424
Ki_1_57,7,4559,474,5.667446931942876,32.11995472638872,204.46057,0.6801683602168327
Ki_1_57,7,4559,475,5.030242827990504,25.303342908549904,85.5342,0.6337124626544682
Ki_1_57,7,4559,476,3.2530511363984327,10.58234169602313,52.03931,0.1867343687569081
Ki_1_57,7,4559,477,5.973668944911686,35.68472066340229,253.0894,0.7081970409706586
Ki_1_57,7,4559,478,4.70944406331014,22.178863385447116,176.83803,0.3771953833831174
Ki_1_57,7,4559,479,3.9181440322057517,15.351852657109543,78.131966,0.2603022227767152
Ki_1_57,7,4559,480,3.657765312959061,13.379247084686495,78.82102,0.10979645593421838
Ki_1_57,7,4559,481,5.558240841579985,30.894041253007778,330.46466,0.3922160624473554
Ki_1_57,7,4559,482,3.743232461803403,14.01178926309876,39.75271,0.2294815862760604
Ki_1_57,7,4559,483,4.478679739365179,20.058572207800147,103.884094,0.42620120594581934
Ki_1_57,7,4559,484,4.072066861282934,16.58172852275865,94.728745,0.2813370634504887
Ki_1_57,7,4559,485,5.9391496875633205,35.2734990112835,282.91602,0.5121093178260875
Ki_1_57,7,4559,486,7.110213477599975,50.555135697044314,153.34058,0.49474553455947645
Ki_1_57,7,4559,487,6.591744466670799,43.45109511388511,226.85555,0.3245362077615048
Ki_1_57,7,4559,488,5.659364679894428,32.02840858003656,172.85498,0.34574030906939734
Ki_1_57,7,4559,489,5.663055614727745,32.07019889549944,137.65236,0.6198913203012766
Ki_1_57,7,4559,490,4.517688742553014,20.409511574590237,219.3594,0.2500188032289652
Ki_1_57,7,4559,491,3.308621320246657,10.946975040790731,14.837379,0.09618476025225361
Ki_1_57,7,4559,492,5.30420642955665,28.134605847350098,90.449936,0.4367978449062092
Ki_1_57,7,4559,493,6.018953475943261,36.22780094556946,265.75858,0.3848339471628595
Ki_1_57,7,4559,494,6.1867052156909725,38.27532142585788,157.05765,0.5823552830401598
Ki_1_57,7,4559,495,5.638187534582624,31.789158675122888,135.19347,0.179111649168453
Ki_1_57,7,4559,496,6.1507855180094,37.83216248855414,297.95596,0.44497054157940674
Ki_1_57,7,4559,497,3.112158328170841,9.685529459603124,40.66733,0.05854679799104992
Ki_1_57,7,4559,498,3.1051363152311002,9.64187153616697,18.578014,0.14281945337218038
Ki_1_57,7,4559,499,3.4512906683775832,11.911407277630188,71.50523,0.3315814167810357
Ki_1_57,7,4559,500,3.825723472646222,14.636160089156267,67.9981,0.21137027722846508
Ki_1_57,7,4559,501,4.582921497867666,21.00316945561761,156.82242,0.36226492789053716
Ki_1_57,7,4559,502,5.082405687720146,25.8308475745701,74.11189,0.2088010907113525
Ki_1_57,7,4559,503,4.141527490547457,17.152249954960325,64.95459,0.3672159326364628
Ki_1_57,7,4559,504,5.67004680199586,32.14943073682349,141.70798,0.4803831062236761
Ki_1_57,7,4559,505,5.507434983068842,30.331840092730506,153.82413,0.3661941031284215
Ki_1_57,7,4559,506,6.197197042923685,38.40525118882208,208.76814,0.4723253133047983
Ki_1_57,7,4559,507,4.751799837035344,22.579601691249128,115.81587,0.3387181478974508
Ki_1_57,7,4559,508,4.1876751400421615,17.53662307852713,47.044838,0.4252714320281088
Ki_1_57,7,4559,509,5.3236370708534135,28.341111662164707,93.343575,0.49763163329157123
Ki_1_57,7,4559,510,5.984682206513785,35.81642111296271,145.27097,0.5037474682188098
Ki_1_57,7,4559,511,4.205870646337727,17.689347893725326,105.64587,0.34003981730370825
Ki_1_57,7,4559,512,3.459518767095538,11.968270099886226,17.132149,0.20219647973582697
Ki_1_57,7,4559,513,6.0305148966287065,36.36710991846074,126.17811,0.5251957773852025
Ki_1_57,7,4559,514,6.89931862682267,47.600597514422255,232.77966,0.6968453661669105
Ki_1_57,7,4559,515,5.144399882741717,26.464850153552995,85.60086,0.3881159841811316
Ki_1_57,7,4559,516,5.949234653313706,35.39339296018865,352.78845,0.41208792431898994
Ki_1_57,7,4559,517,5.085846040753616,25.865829950249218,27.729473,0.3322134701650794
Ki_1_57,7,4559,518,4.698667563215102,22.077476869609736,139.37589,0.40913990955589297
Ki_1_57,7,4559,519,5.038866677883354,25.390177397483217,157.4791,0.617591447321062
Ki_1_57,7,4559,520,5.79904316979363,33.628901685130145,248.46619,0.4393320135544889
Ki_1_57,7,4559,521,6.340496464732387,40.20189541928389,473.64563,0.4261938837885483
Ki_1_57,7,4559,522,6.528652605809197,42.623304847339234,237.58263,0.3810324629854413
Ki_1_57,7,4559,523,4.889890336772915,23.91102750566513,90.37989,0.2967213341671654
Ki_1_57,7,4559,524,5.00892861083905,25.08936582848201,37.890194,0.243891752681979
Ki_1_57,7,4559,525,4.404552003565033,19.40007835210875,97.211426,0.31362107662650596
Ki_1_57,7,4559,526,5.783068506323454,33.44388134883019,182.11618,0.5394498378108997
Ki_1_57,7,4559,527,5.080189576609576,25.80832613429258,42.786644,0.4265579678126331
Ki_1_57,7,4559,528,5.289182670513316,27.97545332205837,208.24861,0.25280108553082326
Ki_1_57,7,4559,529,6.028420646619579,36.34185549258922,23.114044,0.4432882486761383
Ki_1_57,7,4559,530,6.455679638194517,41.67579959099928,182.1881,0.6135895289925832
Ki_1_57,7,4559,531,5.893708388231407,34.73579856550925,121.19168,0.7513695632064938
Ki_1_57,7,4559,532,5.06015912476986,25.605210367991674,268.2209,0.7291635370999903
Ki_1_57,7,4559,533,5.967808399121013,35.61473708861931,207.78752,0.33162104976613405
Ki_1_57,7,4559,534,6.5114641718649455,42.39916566148086,466.1271,0.39071985017600286
Ki_1_57,7,4559,535,5.759919286600573,33.17667018815325,324.86313,0.7381678635159395
Ki_1_57,7,4559,536,4.528359483053906,20.506039607764244,97.06071,0.39282897685263773
Ki_1_57,7,4559,537,5.596272928078212,31.318270685541087,152.59511,0.5295302356941691
Ki_1_57,7,4559,538,3.6047682477692384,12.994354120125307,38.106945,0.2413006686907058
Ki_1_57,7,4559,539,4.522360414297592,20.451743716805893,99.86125,0.06462269036104948
Ki_1_57,7,4559,540,4.802977623242427,23.068594049367473,126.348755,0.40223648146839786
Ki_1_57,7,4559,541,5.928758111232362,35.15017274150353,222.5397,0.6981936982725683
Ki_1_57,7,4559,542,7.895230045662771,62.33465747393617,338.271,0.7072759825076047
Ki_1_57,7,4559,543,6.413487506198231,41.13282199216081,152.97522,0.5910471728271978
Ki_1_57,7,4559,544,4.3704740154974235,19.10104312013818,60.478542,0.46579946166287534
Ki_1_57,7,4559,545,5.4098085634527715,29.26602869320694,191.35684,0.23452142804486342
Ki_1_57,7,4559,546,6.38562468230331,40.77620258324124,346.8609,0.6858536286836194
Ki_1_57,7,4559,547,4.693218998104256,22.026304564166725,44.62961,0.26046891535992805
Ki_1_57,7,4559,548,4.015274443599739,16.122428857425195,140.29088,0.2778794366713883
Ki_1_57,7,4559,549,4.939662281468786,24.400263454965422,14.79589,0.37454669940678553
Ki_1_57,7,4559,550,3.232863261093975,10.451404864931169,22.234247,0.222924645635602
Ki_1_57,7,4559,551,3.62601613286167,13.147992995773096,53.038208,0.20564470753260727
Ki_1_57,7,4559,552,3.7563002973865545,14.109791924146318,41.260445,0.3171697668847998
Ki_1_57,7,4559,553,5.1707479071199725,26.736633918985568,161.83644,0.44485831567124
Ki_1_57,7,4559,554,4.21552714170247,17.7706690824302,90.223114,0.16593243585753953
Ki_1_57,7,4559,555,6.637745195399696,44.05966127905177,300.41467,0.5467940081734778
Ki_1_57,7,4559,556,6.735253902258455,45.36364512788774,343.16672,0.7088702538568025
Ki_1_57,7,4559,557,7.201645432115184,51.8636969299055,265.2072,0.59439589817969
Ki_1_57,7,4559,558,5.291266186341529,27.99749785472124,51.842613,0.1659170738722282
Ki_1_57,7,4559,559,4.682686089093156,21.92754900898656,102.9982,0.4213019411269201
Ki_1_57,7,4559,560,4.265214912716292,18.19205825165745,169.45078,0.2129446213594435
Ki_1_57,7,4559,561,7.48184145180858,55.97795151000112,548.26434,0.7303698610922301
Ki_1_57,7,4559,562,5.073153957037801,25.736891071808305,169.05336,0.29902365347172416
Ki_1_57,7,4559,563,4.475745949434997,20.032301803883787,75.9905,0.25156761487738105
Ki_1_57,7,4559,564,6.085213087393463,37.02981831898467,304.13437,0.43502275980963034
Ki_1_57,7,4559,565,7.175238374562135,51.48404573178907,102.612816,0.7387308786233163
Ki_1_57,7,4559,566,5.10427046819507,26.053577012488308,71.430664,0.351013894532266
Ki_1_57,7,4559,567,5.989504233322943,35.87416096099345,199.60797,0.3033077705649717
Ki_1_57,7,4559,568,6.704048041515911,44.944260142953304,308.8514,0.5109848873058307
Ki_1_57,7,4559,569,5.175955205646919,26.790512290863457,166.22797,0.7018911561026818
Ki_1_57,7,4559,570,7.043570222575615,49.61188148035391,266.2984,0.6522676715914016
Ki_1_57,7,4559,571,4.876011643667249,23.775489549178584,40.607906,0.2364170021683894
Ki_1_57,7,4559,572,3.8510912230255503,14.830903608064427,49.82074,0.49241321752044065
Ki_1_57,7,4559,573,2.9931101032630343,8.958708090255254,0.5651887,0.14118348553052384
Ki_1_57,7,4559,574,3.5538860725923707,12.630106216966027,39.339012,0.08293233387146214
Ki_1_57,7,4559,575,4.398967596086254,19.35091591141688,45.319115,0.5729026295540653
Ki_1_57,7,4559,576,4.763292509033119,22.68895552661104,47.240864,0.41474792168677826
Ki_1_57,7,4559,577,4.4404237335992836,19.717362933911797,75.96836,0.34607387735448797
Ki_1_57,7,4559,578,5.6274925894878685,31.66867284474088,374.69687,0.6161695059014884
Ki_1_57,7,4559,579,4.600986282938772,21.169074775790726,173.31543,0.30517946153582276
Ki_1_57,7,4559,580,4.21979063660937,17.806633016816107,56.88291,0.3014590650133155
Ki_1_57,7,4559,581,4.762598147945075,22.682341118809852,224.68106,0.6460082561584921
Ki_1_57,7,4559,582,8.0403970803315,64.64798520940332,481.31622,0.7760447366530041
Ki_1_57,7,4559,583,8.72843908131112,76.18564879615928,509.133,0.707700892901943
Ki_1_57,7,4559,584,4.089204982472406,16.721597388677147,116.28728,0.27022852446514095
Ki_1_57,7,4559,585,4.511393875485018,20.352674699763735,62.843403,0.11671237349429339
Ki_1_57,7,4559,586,4.620661543358388,21.35051309827112,234.29689,0.4245960518471069
Ki_1_57,7,4559,587,4.8435595168337775,23.460068793111063,82.37368,0.4760688080356732
Ki_1_57,7,4559,588,3.225970023844925,10.406882594746037,15.473432,0.37710174483205905
Ki_1_57,7,4559,589,4.744243133636512,22.507842911057196,161.25488,0.5037072714707376
Ki_1_57,7,4559,590,3.656175906534862,13.36762225952602,110.24933,0.2541653367663956
Ki_1_57,7,4559,591,4.968711008743668,24.688089088410518,117.2085,0.3392103157651978
Ki_1_57,7,4559,592,5.9203959385555,35.051088069264466,264.8625,0.4529267108990689
Ki_1_57,7,4559,593,5.84454797844772,34.158741072377346,269.73322,0.4999014369831629
Ki_1_57,7,4559,594,5.416747448025942,29.341152915695552,280.28815,0.6466913624804718
Ki_1_57,7,4559,595,5.8250518495439385,33.93122904987524,245.41573,0.6259232517359515
Ki_1_57,7,4559,596,9.423396069623271,88.8003934849913,767.2458,0.8170571331190177
Ki_1_57,7,4559,597,5.697338619985594,32.45966735077934,251.64261,0.4484548019893662
Ki_1_57,7,4559,598,5.78864465442537,33.50840693520741,267.9873,0.6233652185081602
Ki_1_57,7,4559,599,5.017481675862372,25.175122367614687,14.274107,0.25854661501550386
Ki_1_57,7,4559,600,5.481021277455917,30.041594243924482,169.2987,0.5895583238286899
Ki_1_57,7,4559,601,3.911405525337597,15.299093183641482,5.158738,0.3551856234248097
Ki_1_57,7,4559,602,7.031223730887513,49.43810715379572,277.221,0.5633229590379204
Ki_1_57,7,4559,603,5.746985012964779,33.02783673924178,157.06499,0.41714598782902107
Ki_1_57,7,4559,604,4.287042105085191,18.378730010773268,142.02324,0.30829497424550345
Ki_1_57,7,4559,605,5.98193884036892,35.78359228991427,78.60799,0.43387623360254035
Ki_1_57,7,4559,606,4.5624760799322495,20.816187979953945,37.388664,0.2621198389218711
Ki_1_57,7,4559,607,3.524557452848913,12.422505238432818,3.3864455,0.17785718674097845
Ki_1_57,7,4559,608,7.259524301297044,52.700693081122324,320.92682,0.6225112668609613
Ki_1_57,7,4559,609,3.902609551160859,15.230361308811961,88.30351,0.15296017266868298
Ki_1_57,7,4559,610,4.835136152633962,23.37854161450795,182.71776,0.18529440290666715
Ki_1_57,7,4559,611,4.943220828935053,24.435432163617353,178.89565,0.3241625969213407
Ki_1_57,7,4559,612,4.814626302912913,23.180626436700855,68.89583,0.2672340547482975
Ki_1_57,7,4559,613,3.429195178072467,11.759379569315456,8.420673,0.2516715753596803
Ki_1_57,7,4559,614,5.7649704584431,33.23488438672165,146.031,0.49495010300444375
Ki_1_57,7,4559,615,5.125044706186336,26.266083240408577,98.676704,0.2140585825880415
Ki_1_57,7,4559,616,3.8824883794101197,15.073716016254613,29.106747,0.3551545663978782
Ki_1_57,7,4559,617,5.210945356713686,27.15395151065593,388.3899,0.4528065262747209
Ki_1_57,7,4559,618,5.097720040392116,25.986749610215405,325.40866,0.39307221515725593
Ki_1_57,7,4559,619,4.74509396025563,22.515916691654446,74.071434,0.2619168377641662
Ki_1_57,7,4559,620,3.7846660861340697,14.323697383533379,37.64906,0.26439363783368913
Ki_1_57,7,4559,621,5.319900687595903,28.30134332588337,72.83172,0.32487140048820906
Ki_1_57,7,4559,622,5.553634766678694,30.8428591216623,33.811794,0.5411193294066745
Ki_1_57,7,4559,623,4.353503633605082,18.95299388781265,154.16217,0.37278367497411724
Ki_1_57,7,4559,624,4.750513539808667,22.56737889190547,87.99196,0.3465809847269373
Ki_1_57,7,4559,625,3.6001825999586767,12.961314753045215,131.23137,0.08130760856048704
Ki_1_57,7,4559,626,4.894151726458656,23.952721121598245,84.15468,0.2563778927550253
Ki_1_57,7,4559,627,5.944656510294449,35.33894102538618,86.775925,0.6976488203874469
Ki_1_57,7,4559,628,3.779555959662727,14.285043252222033,48.140205,0.12232804349585916
Ki_1_57,7,4559,629,3.909868577105291,15.287072290235354,41.62951,0.11270819989414005
Ki_1_57,7,4559,630,6.256206124396764,39.140115070939565,337.51813,0.5136591283438585
Ki_1_57,7,4559,631,3.2032062616180395,10.260530354469013,44.06112,0.149068312844907
Ki_1_57,7,4559,632,3.673265792122765,13.492881579579278,14.33205,0.18502641931601232
Ki_1_57,7,4559,633,3.8226106197025733,14.612351949862893,153.9158,0.19087857811299294
Ki_1_57,7,4559,634,5.0843415474379805,25.850528971004035,96.832466,0.30990347859288536
Ki_1_57,7,4559,635,3.5415628476085854,12.542667403561428,26.56313,0.23355593276260633
Ki_1_57,7,4559,636,5.198060602006532,27.01983402213251,158.37741,0.4974032964544891
Ki_1_57,7,4559,637,5.222696452570845,27.276558235696093,124.628716,0.2514410887945516
Ki_1_57,7,4559,638,4.82971417907034,23.32613905151309,127.89187,0.42396586122404734
Ki_1_57,7,4559,639,3.3755340248504186,11.394229952922872,58.83659,0.2533379836827814
Ki_1_57,7,4559,640,6.619381121703851,43.81620643436935,296.15942,0.6881004011406759
Ki_1_57,7,4559,641,5.739802926749899,32.94533763792672,323.9101,0.5841456223488135
Ki_1_57,7,4559,642,4.539406268772796,20.60620927297376,141.94777,0.31073271027467103
Ki_1_57,7,4559,643,5.773443306369807,33.33264761186633,396.95554,0.5937493615796001
Ki_1_57,7,4559,644,6.091262513191775,37.10347900461537,228.48691,0.6798140098042514
Ki_1_57,7,4559,645,6.579416993821857,43.28872797859185,358.56845,0.6662920832846657
Ki_1_57,7,4559,646,5.862424023318587,34.36801542918289,405.05542,0.5147483412887655
Ki_1_57,7,4559,647,5.411804778620953,29.287630961904565,147.17569,0.46254133732639746
Ki_1_57,7,4559,648,5.4298364207705445,29.483123556326287,122.832344,0.28927202778456573
Ki_1_57,7,4559,649,3.9710507219959137,15.76924383666427,39.52747,0.11175471964477707
Ki_1_57,7,4559,650,5.261731241635493,27.685815659202987,202.54216,0.4816897292329172
Ki_1_57,7,4559,651,6.098468953111368,37.19132357206327,149.51056,0.6724884518842087
Ki_1_57,7,4559,652,7.137637819228172,50.94587363847629,261.57083,0.5445529587431389
Ki_1_57,7,4559,653,5.369669329754994,28.833348710911448,59.171097,0.4995518946613442
Ki_1_57,7,4559,654,3.6704685006330986,13.472339014139783,29.617702,0.1300805238277849
Ki_1_57,7,4559,655,3.925975558352416,15.413284084780566,106.90661,0.30883635608632093
Ki_1_57,7,4559,656,4.475776523535645,20.032575488632833,63.745117,0.19577513519816175
Ki_1_57,7,4559,657,4.260497091510301,18.151835466767725,85.376,0.22803044586594765
Ki_1_57,7,4559,658,3.839203581573228,14.7394841407647,67.394806,0.324148661655036
Ki_1_57,7,4559,659,4.8624568192879964,23.643486319440353,75.407234,0.3022656099620026
Ki_1_57,7,4559,660,6.037134919313375,36.44699803399289,307.78644,0.5998378481550234
Ki_1_57,7,4559,661,4.635050089283315,21.483689330165273,99.34471,0.440315724871806
Ki_1_57,7,4559,662,6.434836635102298,41.40712252045466,403.05322,0.7030217838989196
Ki_1_57,7,4559,663,6.272956804292748,39.34998706852269,256.86838,0.43935638026665136
Ki_1_57,7,4559,664,4.981174281464927,24.812097222327637,245.35698,0.4033208694425894
Ki_1_57,7,4559,665,3.5857661324656633,12.857718756737766,30.108597,0.0656021583649468
Ki_1_57,7,4559,666,5.433192155728355,29.51957700106812,242.4927,0.3330601663880265
Ki_1_57,7,4559,667,5.2773483844251405,27.85040597059465,53.710384,0.5219193996201297
Ki_1_57,7,4559,668,5.068938243013862,25.694134911488458,156.0141,0.4059469859016715
Ki_1_57,7,4559,669,6.624582004302025,43.88508673172221,349.27698,0.31253797501058844
Ki_1_57,7,4559,670,5.631235520653645,31.71081348907133,258.2282,0.4594296125800896
Ki_1_57,7,4559,671,5.537474934363653,30.663628648705743,174.49155,0.5729542004915562
Ki_1_57,7,4559,672,5.787798790437196,33.49861483858626,310.692,0.6090862776939887
Ki_1_57,7,4559,673,3.8533402744303182,14.848231270546716,100.863205,0.1020296423151125
Ki_1_57,7,4559,674,5.747378526318046,33.0323599247818,84.79237,0.21639473803609766
Ki_1_57,7,4559,675,4.203079315814468,17.665875735027413,121.83566,0.05433663235509109
Ki_1_57,7,4559,676,4.342192660477682,18.85463710070626,85.25356,0.2427591894592237
Ki_1_57,7,4559,677,3.8606729632348356,14.904795729052445,73.732635,0.11497541097395814
Ki_1_57,7,4559,678,5.635888923553512,31.763243958633154,171.77274,0.28704954309727787
Ki_1_57,7,4559,679,5.131872486475174,26.336115217440863,104.02731,0.5708003700637537
Ki_1_57,7,4559,680,4.639717453762432,21.526978050747758,182.0551,0.6097713406202736
Ki_1_57,7,4559,681,4.849522143330883,23.51786501865657,61.68783,0.2969113555019955
Ki_1_57,7,4559,682,7.351007012762688,54.037304101686196,264.24814,0.5240683092114484
Ki_1_57,7,4559,683,5.6127861741745555,31.503368637005046,160.07538,0.3776026858264165
Ki_1_57,7,4559,684,6.225396359664236,38.755559834920724,304.0013,0.38952549751722965
Ki_1_57,7,4559,685,4.445645984497672,19.763768219480276,90.06457,0.26515118866999676
Ki_1_57,7,4559,686,7.304615479327803,53.357407300835334,366.50778,0.2749238977973239
Ki_1_57,7,4559,687,6.479327581730222,41.98168591136999,145.8778,0.6376694766234131
Ki_1_57,7,4559,688,7.153973484001084,51.17933660979062,446.35114,0.7606307627934104
Ki_1_57,7,4559,689,3.9176521109005824,15.347998062043787,27.927742,0.30152703988482676
Ki_1_57,7,4559,690,4.722334186072629,22.300440164950246,50.217525,0.33303753009958953
Ki_1_57,7,4559,691,5.988212620501723,35.858690388336115,156.61932,0.6077646055376578
Ki_1_57,7,4559,692,7.986148138077496,63.77856208331863,512.2058,0.84828655299759
Ki_1_57,7,4559,693,5.972172656277595,35.666846236389794,206.79263,0.6086575387014754
Ki_1_57,7,4559,694,5.965261949806913,35.58435012981417,165.14777,0.6887412575903733
Ki_1_57,7,4559,695,5.581724385828806,31.155647119355955,68.356636,0.39848463549175683
Ki_1_57,7,4559,696,3.6014716691005857,12.970598183334165,11.9019375,0.11643119940006685
Ki_1_57,7,4559,697,4.150946132741039,17.23035379691779,36.10732,0.31466044891650513
Ki_1_57,7,4559,698,5.951283320353542,35.41777315911827,121.08067,0.5779639996751312
Ki_1_57,7,4559,699,4.888651658099722,23.898915034241153,173.80112,0.49391569041139094
Ki_1_57,7,4559,700,8.416837808799533,70.84315869963731,436.62198,0.658164736423215
Ki_1_57,7,4559,701,5.689172361367458,32.36668215734737,156.66318,0.43488555740036416
Ki_1_57,7,4559,702,4.5099363352532515,20.33952574803753,219.18556,0.20767123575718438
Ki_1_57,7,4559,703,4.859574144530785,23.615460866192098,65.87808,0.2747600867140482
Ki_1_57,7,4559,704,6.733664578384902,45.342238654195505,204.2247,0.4961979570800606
Ki_1_57,7,4559,705,4.353389222749337,18.951997724750075,104.208984,0.2882628052392624
Ki_1_57,7,4559,706,6.01081815539373,36.129934897210894,251.24005,0.5652752871665425
Ki_1_57,7,4559,707,3.9463400202960632,15.573599555790329,118.162384,0.26082294856168187
Ki_1_57,7,4559,708,5.57449864683183,31.075035163529904,362.76218,0.6206682056282654
Ki_1_57,7,4559,709,3.6844604100815004,13.575248513457936,117.95636,0.16989847073418524
Ki_1_57,7,4559,710,3.8180789424915247,14.577726811097193,104.6985,0.07331327826165115
Ki_1_57,7,4559,711,3.7372039018062737,13.966693003676038,126.11934,0.19639625893057133
Ki_1_57,7,4559,712,4.091382743886715,16.73941275697398,80.84184,0.1781766394847824
Ki_1_57,7,4559,713,5.363041074435156,28.76220956607859,115.40694,0.5556355436138243
Ki_1_57,7,4559,714,4.942700269973723,24.43028595879832,56.46829,0.5622190049337359
Ki_1_57,7,4559,715,5.722704899925613,32.74935137163262,208.21918,0.54065702422524
Ki_1_57,7,4559,716,4.360128462231516,19.010720207161366,124.98485,0.20482605840143175
Ki_1_57,7,4559,717,4.563532282861632,20.825826896720294,99.04508,0.580970278037236
Ki_1_57,7,4559,718,5.651247382323905,31.936596976222788,149.79683,0.6340071457577708
Ki_1_57,7,4559,719,5.719127440538808,32.70841868112398,311.57895,0.6196531381303826
Ki_1_57,7,4559,720,4.915782308681579,24.16491570634679,161.37915,0.37631321829719083
Ki_1_57,7,4559,721,3.0694064921904918,9.421256214301136,33.368645,0.08604057455021745
Ki_1_57,7,4559,722,4.172066703588252,17.40614057918974,115.2273,0.5778580841176573
Ki_1_57,7,4559,723,5.82465033455282,33.92655151980627,78.991005,0.5353605468123144
Ki_1_57,7,4559,724,4.158278224480876,17.29127779219183,234.744,0.21795868296069165
Ki_1_57,7,4559,725,3.235074005539572,10.465703821317847,8.900134,0.12140440861879567
Ki_1_57,7,4559,726,4.75040839103625,22.5663798816276,246.28496,0.20541259600053802
Ki_1_57,7,4559,727,4.01759418534565,16.141063038123175,130.18944,0.3076427130454261
Ki_1_57,7,4559,728,3.7729962291182306,14.235500544940384,71.36049,0.029122139499188217
Ki_1_57,7,4559,729,4.309494250092783,18.571740691582747,109.27153,0.4252049165897466
Ki_1_57,7,4559,730,4.134647486356591,17.09530983643488,70.120735,0.057603414108602785
Ki_1_57,7,4559,731,5.575924715714686,31.0909364353179,204.99261,0.20361052738855623
Ki_1_57,7,4559,732,4.400119733807308,19.361053671840505,151.06534,0.5384086031838442
Ki_1_57,7,4559,733,5.795152119499848,33.583788088143585,192.64406,0.48937870685375995
Ki_1_57,7,4559,734,4.130832071212909,17.063773600561127,32.416477,0.33847360271214155
Ki_1_57,7,4559,735,4.752238207884658,22.583767984478797,114.33378,0.15574928046450215
Ki_1_57,7,4559,736,5.809749399401669,33.75318808384807,376.8275,0.5892483991825095
Ki_1_57,7,4559,737,5.174839370576676,26.778962511270393,275.32172,0.36796161227286633
Ki_1_57,7,4559,738,6.060861416355541,36.73404110826729,119.903,0.3692383294313909
Ki_1_57,7,4559,739,6.7407865009879515,45.438202651901406,334.4815,0.6601812967600136
Ki_1_57,7,4559,740,4.692019711562643,22.015048973692394,35.08559,0.5249377310351782
Ki_1_57,7,4559,741,5.678649744041286,32.247062915500166,356.5113,0.5056409780155662
Ki_1_57,7,4559,742,5.437603226987705,29.56752885414711,120.37761,0.5935573246004296
Ki_1_57,7,4559,743,4.729591579509877,22.369036508970723,142.34009,0.27486794281603805
Ki_1_57,7,4559,744,4.234745008038917,17.93306528311053,247.33243,0.35060856781307864
Ki_1_57,7,4559,745,4.644394610941715,21.570401302144443,28.02804,0.38153245872804387
Ki_1_57,7,4559,746,4.73473084729515,22.41767619632825,88.79067,0.4174397320115193
Ki_1_57,7,4559,747,6.20491540077923,38.50097513082727,190.76068,0.5056478894018139
Ki_1_57,7,4559,748,5.5915812311048665,31.26578066404421,266.89993,0.4088801332395413
Ki_1_57,7,4559,749,4.291008433329441,18.41275337490438,119.18582,0.14810402274240175
Ki_1_57,7,4559,750,3.4999471970049574,12.249630381822854,1.961671,0.17648363393918606
Ki_1_57,7,4559,751,4.114802410283018,16.931598875670936,85.125885,0.3914769633997921
Ki_1_57,7,4559,752,4.547788183297289,20.682377360138453,157.46414,0.4181827725320896
Ki_1_57,7,4559,753,4.251480471921351,18.07508620312859,121.784454,0.2522588131653757
Ki_1_57,7,4559,754,3.4619145905547013,11.984852632295523,64.82827,0.14699319423708615
Ki_1_57,7,4559,755,3.7721236302469796,14.228916681867656,74.37512,0.4562042003938843
Ki_1_57,7,4559,756,3.487342814669774,12.161559907028902,70.85394,0.17923065000224564
Ki_1_57,7,4559,757,4.7544495563507105,22.60479058388346,1.1796198,0.2671665529890114
Ki_1_57,7,4559,758,4.306079429933741,18.542320056898483,81.36033,0.16519649258984512
Ki_1_57,7,4559,759,5.0353237427643975,25.35448519444686,331.76752,0.5332957373425932
Ki_1_57,7,4559,760,3.7277817142900673,13.896356509395392,44.586395,0.04867585632955479
Ki_1_57,7,4559,761,3.138707408190669,9.851484194230988,67.01225,0.12239893025041654
Ki_1_57,7,4559,762,4.08794428522072,16.71128847906874,79.63396,0.24968351003636133
Ki_1_57,7,4559,763,4.467990583127199,19.96293985091332,82.902855,0.2661269203758086
Ki_1_57,7,4559,764,6.2371017553454,38.901438306532675,227.06673,0.3040790168349616
Ki_1_57,7,4559,765,4.244173305958574,18.013007051011325,123.64563,0.15252304502856742
Ki_1_57,7,4559,766,3.4019987285276563,11.57359534890379,73.62781,0.3817807130096317
Ki_1_57,7,4559,767,3.5136560611637035,12.345778916152431,30.695711,0.2827604575559586
Ki_1_57,7,4559,768,4.897393968547129,23.984467683161792,135.98709,0.32303526160960383
Ki_1_57,7,4559,769,4.486855551239135,20.13187273768544,64.5603,0.16018391734062204
Ki_1_57,7,4559,770,5.379867584896756,28.942975231022853,253.00137,0.4066770422077033
Ki_1_57,7,4559,771,5.800688095830487,33.64798238510953,221.32854,0.44636028262092375
Ki_1_57,7,4559,772,4.603759682876929,21.1946032176831,60.681244,0.48411899653022405
Ki_1_57,7,4559,773,4.574533188470926,20.92635389242197,153.72038,0.365305735247163
Ki_1_57,7,4559,774,5.025455222136936,25.255200189703412,72.208595,0.37834280446173124
Ki_1_57,7,4559,775,4.5884431718070475,21.053810740902716,175.5116,0.43057484084207964
Ki_1_57,7,4559,776,3.9089376337040638,15.279793424187927,118.54387,0.16722390456186448
Ki_1_57,7,4559,777,4.621461364845513,21.35790514675975,207.24062,0.38296044574840826
Ki_1_57,7,4559,778,4.247224932071835,18.038919623612603,181.68153,0.603482060552943
Ki_1_57,7,4559,779,3.659584290162563,13.39255717680463,66.942894,0.18547952077114788
Ki_1_57,7,4559,780,5.461383819127144,29.826713219823798,159.6069,0.31696100128744625
Ki_1_57,7,4559,781,5.43653111008816,29.555870510956403,173.96315,0.45985067920684575
Ki_1_57,7,4559,782,5.300070234364178,28.090744489193153,129.6953,0.5220134520181074
Ki_1_57,7,4559,783,5.348989339399068,28.611686953004877,202.88564,0.22049903147107414
Ki_1_57,7,4559,784,4.916489607231006,24.17187005801049,155.89204,0.36492652614588333
Ki_1_57,7,4559,785,4.071570135941084,16.577683371887293,95.63675,0.14933674408603645
Ki_1_57,7,4559,786,4.242036012317225,17.99486952979622,99.138985,0.2729719698325066
Ki_1_57,7,4559,787,4.621950426623221,21.36242574616258,189.79967,0.4258834367121583
Ki_1_57,7,4559,788,5.851113112977137,34.235524660853,257.45435,0.6470363235218193
Ki_1_57,7,4559,789,5.802763729066603,33.67206689537095,178.93332,0.5112597751525448
Ki_1_57,7,4559,790,4.510217944766887,20.342065909297244,75.48562,0.39326000660902605
Ki_1_57,7,4559,791,5.864376474251736,34.39091143175723,219.70035,0.39595547729559827
Ki_1_57,7,4559,792,7.048776969028046,49.68525675910021,276.87656,0.7887451899780553
Ki_1_57,7,4559,793,3.728264902981716,13.899959186805264,155.70374,0.2563846914880542
Ki_1_57,7,4559,794,3.980692124542662,15.845909790395979,89.47322,0.3031665650500633
Ki_1_57,7,4559,795,3.8961441453820234,15.179939201594612,160.2149,0.2929864205996393
Ki_1_57,7,4559,796,5.3830494173443295,28.97722102957113,226.2398,0.3915129804394333
Ki_1_57,7,4559,797,3.9456127846560936,15.567860246441604,76.39046,0.02921840653893006
Ki_1_57,7,4559,798,3.8152941022610842,14.55646908674821,117.9784,0.07002114084740056
Ki_1_57,7,4559,799,4.441687690846014,19.728589543012994,190.05362,0.21512115618281985
Ki_1_57,7,4559,800,3.4036895855370037,11.585102794693062,28.080437,0.13813650245004927
Ki_1_57,7,4559,801,5.273961970711206,27.814674868508032,96.65248,0.31296597769355683
Ki_1_57,7,4559,802,5.743257396611762,32.985005523735694,172.97768,0.3993760860558582
Ki_1_57,7,4559,803,7.8691403959892225,61.92337057178943,531.4564,0.7455782295812472
Ki_1_57,7,4559,804,4.9193984625133185,24.2004812329784,38.994347,0.2993983849065994
Ki_1_57,7,4559,805,4.716227445026729,22.242801313223346,78.59553,0.45637332877402437
Ki_1_57,7,4559,806,7.17975236925629,51.54884408384129,345.56653,0.7162137645908695
Ki_1_57,7,4559,807,4.098372307871947,16.79665557393163,126.209526,0.41448771484575664
Ki_1_57,7,4559,808,4.562169202820622,20.81338783516497,45.705025,0.14304885377598822
Ki_1_57,7,4559,809,5.018406937902026,25.1844081943832,211.5142,0.28026363451577463
Ki_1_57,7,4559,810,4.056138654546821,16.45226078490889,77.01925,0.13888037741249482
Ki_1_57,7,4559,811,4.101798533216759,16.824751207099155,45.965775,0.3718369904251792
Ki_1_57,7,4559,812,3.4660346742209955,12.013396362902244,41.033566,0.29286326576525223
Ki_1_57,7,4559,813,4.089601253981426,16.724838416566453,12.026646,0.1890466044698077
Ki_1_57,7,4559,814,5.148838161686389,26.51053441523808,294.1661,0.7512976138414846
Ki_1_57,7,4559,815,5.358657249873315,28.715207521619835,136.37851,0.3356723078728784
Ki_1_57,7,4559,816,6.833285841926042,46.69379539746691,292.5916,0.5365762637555421
Ki_1_57,7,4559,817,4.7368323809195605,22.437581004928074,152.7172,0.41657966126479384
Ki_1_57,7,4559,818,5.1237323370306616,26.25263306153369,99.839516,0.47544754296631564
Ki_1_57,7,4559,819,4.233338872280361,17.921158007559953,49.750267,0.19202781392653273
Ki_1_57,7,4559,820,7.150208813520173,51.12548607694156,529.6194,0.67992563241555
Ki_1_57,7,4559,821,6.347163933550313,40.286489999361905,297.83218,0.752391492781495
Ki_1_57,7,4559,822,6.920871696312994,47.89846503682628,235.27344,0.7335488326408361
Ki_1_57,7,4559,823,5.840674132457367,34.1134743215566,134.13416,0.6126948150707144
Ki_1_57,7,4559,824,6.000418014820135,36.00501635257801,237.486,0.4458672192522161
Ki_1_57,7,4559,825,3.4025892444342047,11.57761356633933,77.20075,0.13180550980874242
Ki_1_57,7,4559,826,4.648843036249896,21.61174157568915,18.178213,0.27913306777047364
Ki_1_57,7,4559,827,5.057929083015188,25.582646608810865,83.69778,0.2563374514635916
Ki_1_57,7,4559,828,5.290830598113467,27.992888417933695,108.53975,0.524856981819293
Ki_1_57,7,4559,829,6.605368388589309,43.630891548974915,314.57428,0.6012544002178932
Ki_1_57,7,4559,830,6.6646231335023085,44.41720151161413,501.7328,0.7295155731983313
Ki_1_57,7,4559,831,5.317911454846168,28.280182241584082,163.76056,0.5629635738403905
Ki_1_57,7,4559,832,5.81560907522552,33.821308915845414,193.01248,0.5001953508575063
Ki_1_57,7,4559,833,5.745079250534042,33.005935594916785,150.50449,0.5182691569484077
Ki_1_57,7,4559,834,5.310160633513747,28.19780595371912,157.13731,0.5585638254558627
Ki_1_57,7,4559,835,4.730155395626638,22.374370066775793,104.7049,0.37195786655148727
Ki_1_57,7,4559,836,4.976100737991773,24.761578554642263,163.47552,0.26882385803830583
Ki_1_57,7,4559,837,4.937926678043718,24.38311987773587,72.32676,0.17521478156316855
Ki_1_57,7,4559,838,3.3242061179637132,11.050346314707383,43.899536,0.11133232282001682
Ki_1_57,7,4559,839,4.79742411806461,23.015278168588,82.53525,0.5219226496450166
Ki_1_57,7,4559,840,7.32528240350011,53.65976229102835,377.21268,0.5577725826352042
Ki_1_57,7,4559,841,4.977456089209326,24.775069120006993,110.45242,0.5471549922687746
Ki_1_57,7,4559,842,7.136264993960046,50.92627806401956,230.64124,0.6720211900641384
Ki_1_57,7,4559,843,6.602575974168004,43.59400949466056,156.5333,0.5988417720302066
Ki_1_57,7,4559,844,4.755055986154094,22.61055743145988,122.60724,0.3930175844228307
Ki_1_57,7,4559,845,4.543972806399865,20.647688865301465,38.039207,0.4823367218804095
Ki_1_57,7,4559,846,5.154262980844304,26.566426875702007,117.84468,0.2011239487440729
Ki_1_57,7,4559,847,3.7939858105979285,14.394328331018421,87.76991,0.4416635263170676
Ki_1_57,7,4559,848,4.461064966627128,19.9011006364679,43.55916,0.07687270516286968
Ki_1_57,7,4559,849,2.818375378554649,7.943239774443058,42.6636,0.18255486449524402
Ki_1_57,7,4559,850,4.139617410768956,17.136432307541483,35.154846,0.21851742385130268
Ki_1_57,7,4559,851,4.017340107654008,16.139021540565526,43.32359,0.2937895790705824
Ki_1_57,7,4559,852,4.6117019349936195,21.26779473722389,128.84633,0.2882054297524414
Ki_1_57,7,4559,853,4.737422753526837,22.443174345633803,100.8129,0.24186374289700202
Ki_1_57,7,4559,854,5.053588772035755,25.53875947684584,108.73663,0.43473837154581896
Ki_1_57,7,4559,855,5.496076635113547,30.20685837904105,274.1311,0.3085142874840602
Ki_1_57,7,4559,856,4.695794401291675,22.05048505920225,74.52839,0.2616246175832414
Ki_1_57,7,4559,857,3.5476469969799376,12.585799215180769,71.300674,0.24113879486703382
Ki_1_57,7,4559,858,5.850895335177077,34.23297622319688,133.36845,0.6989585972493508
Ki_1_57,7,4559,859,4.32615002438047,18.715574033447147,71.61846,0.2099729861879147
Ki_1_57,7,4559,860,5.144713129536539,26.468073185225652,61.64617,0.4800612423422877
Ki_1_57,7,4559,861,3.663699902085466,13.422696972541052,31.46857,0.12495610501109136
Ki_1_57,7,4559,862,5.771616992698903,33.31156271041074,197.82199,0.608136449106736
Ki_1_57,7,4559,863,4.644126850570596,21.567914204190764,206.92717,0.3439869178026947
Ki_1_57,7,4559,864,4.798029436027834,23.021086468989576,99.15903,0.22701028936275486
Ki_1_57,7,4559,865,3.4402492359546164,11.83531480548633,101.532036,0.19083384011354507
Ki_1_57,7,4559,866,4.69179671353205,22.01295640111014,26.453123,0.35114703449716667
Ki_1_57,7,4559,867,3.248253707066522,10.551152145471402,19.454067,0.13501186295113526
Ki_1_57,7,4559,868,3.973332387919333,15.787370264888752,16.799976,0.13845946643857787
Ki_1_57,7,4559,869,4.20901178035088,17.715780167132486,103.86046,0.35078304484343437
Ki_1_57,7,4559,870,4.763742882492081,22.69324625049396,31.74107,0.5082065167839556
Ki_1_57,7,4559,871,4.393088774486482,19.29922898051913,87.13612,0.4711970963157628
Ki_1_57,7,4559,872,5.374948532109574,28.890071722826864,106.31506,0.2600378601645823
Ki_1_57,7,4559,873,6.027694329223869,36.33309892655759,295.72513,0.6339456753533025
Ki_1_57,7,4559,874,4.9058995983719065,24.067850869305623,51.992393,0.5505509331840632
Ki_1_57,7,4559,875,5.392908759795085,29.08346489147456,68.84839,0.5645278224587837
Ki_1_57,7,4559,876,4.211001027792285,17.732529656067683,38.28485,0.2594588482145613
Ki_1_57,7,4559,877,4.1342428484129945,17.091963929653993,161.40175,0.2232178914518776
Ki_1_57,7,4559,878,3.3990907167661284,11.553817700805675,60.609375,0.1562073383108293
Ki_1_57,7,4559,879,3.9577439884391747,15.663737478026418,199.464,0.17884554365911987
Ki_1_57,7,4559,880,3.851539970506438,14.834360144408727,95.08936,0.367813555086435
Ki_1_57,7,4559,881,5.7152251149143005,32.66379811414718,86.5031,0.3934541762081038
Ki_1_57,7,4559,882,4.078491805440896,16.634095407048545,62.406174,0.21999581213413483
Ki_1_57,7,4559,883,4.461443415404782,19.904477348858684,32.937515,0.27617754670704425
Ki_1_57,7,4559,884,3.9850673696099475,15.880761940329947,56.825035,0.16185361937279108
Ki_1_57,7,4559,885,3.8307733911377846,14.67482477424928,98.925735,0.292536616899518
Ki_1_57,7,4559,886,5.100816346596045,26.018327401701434,107.290665,0.300539954613418
Ki_1_57,7,4559,887,4.69817143649782,22.072814846724,135.41708,0.28405515476691745
Ki_1_57,7,4559,888,4.605572995329328,21.211302615306757,97.579475,0.35940385020965493
Ki_1_57,7,4559,889,6.077463878596136,36.9355671956408,168.00153,0.4707582605849512
Ki_1_57,7,4559,890,3.4551862422567114,11.938311968680056,36.853546,0.20718227299602981
Ki_1_57,7,4559,891,3.1399045027065724,9.859000286117006,33.408672,0.1163116496567017
Ki_1_57,7,4559,892,6.784320807178554,46.02700881471587,384.8904,0.46996102799198736
Ki_1_57,7,4559,893,3.9598817526650376,15.680663495089533,47.13801,0.22876379859929624
Ki_1_57,7,4559,894,3.52830722882483,12.44895190097755,87.81079,0.24164896875976744
Ki_1_57,7,4559,895,4.843545774091249,23.459935665717197,59.23787,0.24145631705790158
Ki_1_57,7,4559,896,2.9731735652363303,8.839761049020106,10.4416685,0.14074008045465064
Ki_1_57,7,4559,897,5.298586484955293,28.075018738550895,133.60391,0.4021642160126182
Ki_1_57,7,4559,898,5.141003784750539,26.429919914819372,122.31189,0.42693503514213993
Ki_1_57,7,4559,899,4.83451077255188,23.37249440992018,219.70699,0.19501155616246563
Ki_1_57,7,4559,900,3.079679457481309,9.484425560832369,44.942265,0.09509187263872192
Ki_1_57,7,4559,901,5.043586290423216,25.437762668945016,11.966334,0.4823207476090261
Ki_1_57,7,4559,902,4.692950348079925,22.02378296954348,49.130707,0.17473046036016912
Ki_1_57,7,4559,903,3.8169529917909393,14.569130141541802,26.394691,0.15211734137133168
Ki_1_57,7,4559,904,3.4070658062576817,11.608097408170313,29.09906,0.18824213913063206
Ki_1_57,7,4559,905,3.873075633431037,15.00071486227723,153.41388,0.1963732370400974
Ki_1_57,7,4559,906,4.628831774465543,21.426083596301826,176.26132,0.458848580590717
Ki_1_57,7,4559,907,5.371355606933619,28.851461056137232,163.25165,0.37658486149189274
Ki_1_57,7,4559,908,5.632196929301012,31.721642250427763,370.38907,0.588797148963518
Ki_1_57,7,4559,909,4.678920302525909,21.892295197389142,17.472782,0.43270505430099593
Ki_1_57,7,4559,910,4.261202778396569,18.157849118614635,183.64494,0.2132937163801379
Ki_1_57,7,4559,911,4.790780399547065,22.95157683668432,159.81357,0.45043742161946165
Ki_1_57,7,4559,912,4.447762260077532,19.78258912217,227.28055,0.18884821944012303
Ki_1_57,7,4559,913,4.5579126151077825,20.774567406958663,5.1521792,0.4537138055594446
Ki_1_57,7,4559,914,5.1207659893201445,26.222244317377914,69.34,0.45688091698694666
Ki_1_57,7,4559,915,5.050657482844402,25.509141009012147,61.60722,0.6299290446259396
Ki_1_57,7,4559,916,4.33259205783642,18.77135393962722,215.03004,0.18812415683105083
Ki_1_57,7,4559,917,6.335492300806434,40.13846269357761,241.82697,0.6447537016088609
Ki_1_57,7,4559,918,4.669404280638129,21.803336336041664,63.41067,0.27591706166733615
Ki_1_57,7,4559,919,4.276691851498314,18.290093192672074,168.1363,0.16607839193488422
Ki_1_57,7,4559,920,5.901678363637235,34.82980750782388,211.1594,0.5893751835331688
Ki_1_57,7,4559,921,5.561153546145408,30.92642876380563,76.20271,0.49000564637743205
Ki_1_57,7,4559,922,3.5540864617461687,12.631530577567391,97.24535,0.17221928610504642
Ki_1_57,7,4559,923,4.294047174244375,18.4388411346361,246.17517,0.610808657213031
Ki_1_57,7,4559,924,3.444693464762688,11.865913066178766,57.073387,0.09597397903349446
Ki_1_57,7,4559,925,3.6956005740452187,13.657463602883347,74.55613,0.2379684986988561
Ki_1_57,7,4559,926,3.9251317193893067,15.406659014556057,83.55468,0.3934100757298251
Ki_1_57,7,4559,927,4.391196007380203,19.28260237523184,132.24315,0.30129377378952266
Ki_1_57,7,4559,928,4.918362270405119,24.19028742294459,269.0298,0.22961014834252494
Ki_1_57,7,4559,929,6.258718894831529,39.17156220452121,205.65678,0.22468201220272527
Ki_1_57,7,4559,930,4.327035980185387,18.72324037381891,90.65675,0.1851266623182713
Ki_1_57,7,4559,931,4.036637421243182,16.294441670580806,51.787735,0.27685109026826255
Ki_1_57,7,4559,932,5.034919943426035,25.350418836709224,125.06511,0.2647320672055695
Ki_1_57,7,4559,933,5.515393554430856,30.41956606025744,241.82492,0.6115529586281969
Ki_1_57,7,4559,934,5.482863521507679,30.061792395479586,203.1109,0.49812094583069344
Ki_1_57,7,4559,935,3.061340615378971,9.371806363368899,25.71686,0.09669393484390637
Ki_1_57,7,4559,936,3.6857144343063903,13.58449089125447,102.49625,0.16990546126917547
Ki_1_57,7,4559,937,4.23448284921521,17.930845000297754,134.69685,0.21294537635676417
Ki_1_57,7,4559,938,3.983492893551994,15.86821563297924,67.27606,0.26413200639506873
Ki_1_57,7,4559,939,3.668813070975068,13.46018934975751,149.41156,0.14970637042400448
Ki_1_57,7,4559,940,4.439446673123578,19.708686763508013,28.570354,0.33787373095911694
Ki_1_57,7,4559,941,4.170258674460024,17.391057411909088,37.01958,0.5351870560841197
Ki_1_57,7,4559,942,4.356177551186632,18.976282857462362,20.28293,0.2935579230686277
Ki_1_57,7,4559,943,5.746034667638336,33.01691440170162,239.16641,0.568496194804887
Ki_1_57,7,4559,944,5.132651741533066,26.344113899862418,175.10681,0.3654783278037254
Ki_1_57,7,4559,945,5.606240628855263,31.42993398862744,305.5923,0.604462941828998
Ki_1_57,7,4559,946,6.88569249455983,47.412761129637545,286.83224,0.7954359353383623
Ki_1_57,7,4559,947,4.587923749688576,21.04904433295648,196.1861,0.2862604355519949
Ki_1_57,7,4559,948,3.1577237984143434,9.971219587072307,6.3837895,0.19290680822876405
Ki_1_57,7,4559,949,4.637499175352713,21.5063986013971,185.77763,0.40140694044706066
Ki_1_57,7,4559,950,4.100985691338072,16.818083640559603,95.54246,0.4951702413407725
Ki_1_57,7,4559,951,3.8389467294032147,14.73751199119564,74.86679,0.32748366883895325
Ki_1_57,7,4559,952,3.9104404012781853,15.291544131948696,125.44115,0.24998865207820936
Ki_1_57,7,4559,953,3.6127271261367464,13.05179728792427,32.029617,0.31538143352416026
Ki_1_57,7,4559,954,3.995796147432762,15.966386851838502,65.274,0.09117091484427564
Ki_1_57,7,4559,955,5.164638694200566,26.673492841633728,125.58428,0.5326340414823467
Ki_1_57,7,4559,956,4.054667024381803,16.440324678609166,43.360786,0.15242639368060215
Ki_1_57,7,4559,957,4.686118074845798,21.959702611396484,168.67548,0.4466209992699576
Ki_1_57,7,4559,958,4.83833609535642,23.409496171628813,58.393234,0.31256139087245144
Ki_1_57,7,4559,959,3.940742995514429,15.529455356696037,95.18498,0.24043749359398747
Ki_1_57,7,4559,960,4.022894045537532,16.183676501621328,124.06117,0.10564315326276481
Ki_1_57,7,4559,961,3.9549688828682306,15.641778864455974,79.199524,0.109395083789533
Ki_1_57,7,4559,962,5.253202744070886,27.596139070313882,153.49133,0.40641673175902215
Ki_1_57,7,4559,963,5.000533471430198,25.00533499889375,236.08617,0.38767145136051767
Ki_1_57,7,4559,964,4.773704916061265,22.788258625627495,164.73416,0.2760349452781373
Ki_1_57,7,4559,965,4.312521838675812,18.597844609055805,68.91748,0.34007956310953186
Ki_1_57,7,4559,966,4.746580279475311,22.530024349503925,110.33282,0.2962743389940202
Ki_1_57,7,4559,967,3.738333852412194,13.975139992090998,117.822,0.19782713963495335
Ki_1_57,7,4559,968,3.6679698347406564,13.4540027085674,20.148201,0.33671584348221245
Ki_1_57,7,4559,969,4.170618407337459,17.394057899622045,122.75325,0.18533275206544256
Ki_1_57,7,4559,970,3.793048483041686,14.38721679470484,106.65765,0.37109173639173865
Ki_1_57,7,4559,971,4.934225922512665,24.346585454395964,193.52036,0.3818640260114104
Ki_1_57,7,4559,972,5.499323953214722,30.24256394240119,345.56497,0.49569595368575214
Ki_1_57,7,4559,973,5.362727941095526,28.758850970206666,221.35011,0.6941115050303355
Ki_1_57,7,4559,974,5.749234928667668,33.05370226501232,199.86371,0.6394361222958348
Ki_1_57,7,4559,975,4.987039998166262,24.87056794331015,293.9392,0.3944001812530993
Ki_1_57,7,4559,976,4.857395174149011,23.5942878778461,116.23067,0.31841469269845
Ki_1_57,7,4559,977,4.310047008159622,18.576505212545715,94.71462,0.280502648611375
Ki_1_57,7,4559,978,4.3028752479700865,18.514735399593643,99.31939,0.26520201200940385
Ki_1_57,7,4559,979,3.8958379969343397,15.17755369835737,28.35405,0.21182386826807742
Ki_1_57,7,4559,980,4.557313404426402,20.769105466164568,119.454254,0.21227281144983942
Ki_1_57,7,4559,981,5.961675541853523,35.54157526633452,220.4379,0.6208888324828349
Ki_1_57,7,4559,982,6.675439089886755,44.56148704278813,268.14658,0.6091557046442274
Ki_1_57,7,4559,983,4.077865441031731,16.628986555160918,125.04924,0.3170232141949682
Ki_1_57,7,4559,984,4.454946478337727,19.84654812485372,44.829857,0.1375860162052976
Ki_1_57,7,4559,985,3.841324165414295,14.755771343795825,42.975517,0.2145700408345268
Ki_1_57,7,4559,986,4.822465239434981,23.256170985558704,39.36492,0.44213979703256634
Ki_1_57,7,4559,987,3.917797795106421,15.34913956334073,47.545887,0.225958497654284
Ki_1_57,7,4559,988,5.07934432061861,25.79973872740052,149.67844,0.19855269779931267
Ki_1_57,7,4559,989,5.943781270069133,35.32853578642465,160.04245,0.5183233611073836
Ki_1_57,7,4559,990,4.216843650108547,17.78177036946078,96.13505,0.28871074762842885
Ki_1_57,7,4559,991,3.4582343585786943,11.959384878854195,94.9388,0.362989418126076
Ki_1_57,7,4559,992,4.122087825872018,16.99160804420231,65.662674,0.29030630296845533
Ki_1_57,7,4559,993,3.6828667874497665,13.563507774100563,51.821907,0.1497401485442849
Ki_1_57,7,4559,994,5.281090062545641,27.889912248718325,74.25416,0.6721922865112755
Ki_1_57,7,4559,995,5.443675239490835,29.633600113045606,155.61989,0.24902128742813912
Ki_1_57,7,4559,996,4.2013700288974665,17.6515101197179,127.30468,0.43041987361003464
Ki_1_57,7,4559,997,3.8811308274294136,15.063176499622926,48.244022,0.25037700454657374
Ki_1_57,7,4559,998,3.9823530483090344,15.859135801376254,106.439316,0.45150898059539
Ki_1_57,7,4559,999,5.745314045798679,33.008633484851586,179.1274,0.5569018934615203
Ki_1_57,7,4559,1000,5.824886512078214,33.9293028785907,330.3121,0.48675018737150083
Ki_1_57,7,4559,1001,4.199404163615543,17.634995329391554,136.03595,0.3595829884237795
Ki_1_57,7,4559,1002,4.056471836604127,16.45496376116245,91.814735,0.13853468149461573
Ki_1_57,7,4559,1003,4.748033124778702,22.54381855399582,106.92684,0.4207130878245403
Ki_1_57,7,4559,1004,5.6239382395632305,31.62868132242158,149.93697,0.4774991498294542
Ki_1_57,7,4559,1005,4.262133432790088,18.16578139890703,94.16962,0.2115296146668849
Ki_1_57,7,4559,1006,4.425145197935911,19.581910022815258,75.855576,0.3381752532399458
Ki_1_57,7,4559,1007,6.239573675397231,38.93227965071009,539.6202,0.6402922632042638
Ki_1_57,7,4559,1008,6.972478190309659,48.61545211434383,446.09012,0.8243367550594749
Ki_1_57,7,4559,1009,6.131869518193059,37.59982378814518,288.18243,0.5243907135894873
Ki_1_57,7,4559,1010,6.770277004432728,45.8366507167506,411.9818,0.6805136279662893
Ki_1_57,7,4559,1011,7.8986391388964075,62.38850024650618,443.64316,0.7327073879344679
Ki_1_57,7,4559,1012,4.4852439304398,20.11741311554707,143.61148,0.3478337123792058
Ki_1_57,7,4559,1013,3.7043625443009494,13.722301859619805,51.439007,0.17950269699093074
Ki_1_57,7,4559,1014,5.646976244105468,31.88834070149149,61.01705,0.34653112558641624
Ki_1_57,7,4559,1015,3.3410872970880217,11.162864326762943,44.53027,0.14119328628567007
Ki_1_57,7,4559,1016,5.032983127226059,25.330919158942198,239.61731,0.29292424226450847
Ki_1_57,7,4559,1017,7.3278108679316425,53.69681211617711,448.5961,0.6900283895013681
Ki_1_57,7,4559,1018,5.660577585113239,32.042138597086414,150.32065,0.31966059353743315
Ki_1_57,7,4559,1019,3.980720263054348,15.846133812691477,28.662296,0.38441868015949143
Ki_1_57,7,4559,1020,4.852140865194501,23.543270975690458,174.88011,0.5254786247721637
Ki_1_57,7,4559,1021,5.130746434214308,26.32455897220285,319.88147,0.49804896676635263
Ki_1_57,7,4559,1022,4.673148196615486,21.838314067530575,120.1243,0.43686839897026675
Ki_1_57,7,4559,1023,4.342573826086604,18.857947435012452,22.808393,0.469879792906362
Ki_1_57,7,4559,1024,7.374038699456169,54.37644674107723,321.2868,0.4521090288208517
Ki_1_57,7,4559,1025,5.662074495226679,32.059087589496464,221.0173,0.4821861517173126
Ki_1_57,7,4559,1026,5.200460860220212,27.04479315868236,209.45068,0.3512181102853266
Ki_1_57,7,4559,1027,6.6971833442263335,44.852264746182605,240.5372,0.5427834253302077
Ki_1_57,7,4559,1028,6.43179981344603,41.36804884024439,225.19963,0.7338012829405244
Ki_1_57,7,4559,1029,6.706304075389074,44.9745143515801,502.89935,0.8122251293923983
Ki_1_57,7,4559,1030,7.01291499682291,49.18097675266369,169.1588,0.5410263278002425
Ki_1_57,7,4559,1031,3.1586438833282,9.977031181686648,7.8070116,0.046367810239220535
Ki_1_57,7,4559,1032,4.5968184932478025,21.130740259864996,12.7863655,0.2180096764737442
Ki_1_57,7,4559,1033,4.121735001039685,16.98869941879561,16.5492,0.16925457288006338
Ki_1_57,7,4559,1034,4.847046093854805,23.493855835953124,39.37693,0.3171004029571014
Ki_1_57,7,4559,1035,5.685534528271863,32.32530287217156,119.82547,0.5119202503347555
Ki_1_57,7,4559,1036,6.854143413369992,46.97928193104324,406.24945,0.758948883958757
Ki_1_57,7,4559,1037,3.9037256704303616,15.239074109976979,46.88705,0.16171224423949024
Ki_1_57,7,4559,1038,4.84603379874837,23.484043578611555,98.48158,0.20595236924367127
Ki_1_57,7,4559,1039,3.4549116633823074,11.936414601775105,57.77965,0.1366124751558792
Ki_1_57,7,4559,1040,4.108597508305171,16.88057348525145,115.18294,0.3988184120658068
Ki_1_57,7,4559,1041,5.546066042737959,30.75884855041109,210.95782,0.4727265126416498
Ki_1_57,7,4559,1042,4.639476140074756,21.52473885432296,96.79459,0.3679425463825958
Ki_1_57,7,4559,1043,6.390742640032631,40.84159149113124,244.70132,0.4684550598335502
Ki_1_57,7,4559,1044,4.320750685933656,18.668886489996154,15.372125,0.6176269597623807
Ki_1_57,7,4559,1045,3.4242265213855183,11.72532726975997,147.17108,0.38547106134231324
Ki_1_57,7,4559,1046,5.4929906032096465,30.172945766949482,269.4162,0.5116456005864368
Ki_1_57,7,4559,1047,3.7645943526021277,14.172170639643834,45.215202,0.08321938134203266
Ki_1_57,7,4559,1048,5.5480319515286975,30.780658535183328,182.97057,0.5521145770789926
Ki_1_57,7,4559,1049,4.702445997930335,22.112998363451027,210.40558,0.5935064449810581
Ki_1_57,7,4559,1050,4.604712192028564,21.203374371416498,86.64517,0.5083415252983594
Ki_1_57,7,4559,1051,6.49015440906817,42.12210425354699,177.63745,0.6572298172319981
Ki_1_57,7,4559,1052,3.543137060463938,12.55382022923304,29.858664,0.11530293529111824
Ki_1_57,7,4559,1053,3.3681820091148054,11.344650046524652,37.829758,0.13835198367889234
Ki_1_57,7,4559,1054,6.58041119382657,43.30181147983804,227.18062,0.53813381346722
Ki_1_57,7,4559,1055,5.729462961845352,32.8267458311577,255.97621,0.6875568068891893
Ki_1_57,7,4559,1056,5.79643623627125,33.598673041158406,329.58322,0.6934262773241842
Ki_1_57,7,4559,1057,4.805946051296457,23.09711744797201,238.1861,0.35210835188473216
Ki_1_57,7,4559,1058,4.265060061063333,18.19073732447757,24.918781,0.27676005643418994
Ki_1_57,7,4559,1059,5.237177532099718,27.428028502730104,174.08449,0.5078999953741274
Ki_1_57,7,4559,1060,3.916189706077144,15.336541813984585,109.29782,0.2266666571972764
Ki_1_57,7,4559,1061,5.876478181605395,34.53299581888426,364.57205,0.7745863531892955
Ki_1_57,7,4559,1062,5.3806367900387375,28.951252266318374,162.32774,0.3473993879959725
Ki_1_57,7,4559,1063,6.083834251402823,37.01303919854215,188.87091,0.47997520189680204
Ki_1_57,7,4559,1064,6.089640132346828,37.08371694148908,111.795105,0.27512394286596764
Ki_1_57,7,4559,1065,6.704884088582557,44.95547064132755,209.11508,0.44704871493499276
Ki_1_57,7,4559,1066,7.846150744557269,61.562081506316595,456.76117,0.5702942152237279
Ki_1_57,7,4559,1067,5.363753224455951,28.7698486528616,333.36978,0.5996824881879549
Ki_1_57,7,4559,1068,4.298756408489633,18.47930665953069,87.31493,0.1660783446662187
Ki_1_57,7,4559,1069,4.374403975759965,19.13541014314459,61.673237,0.18579536640779457
Ki_1_57,7,4559,1070,4.7132399609215225,22.21463092922752,14.821567,0.20945917681192086
Ki_1_57,7,4559,1071,3.5953457766323718,12.926511253548233,43.460857,0.18119430927530752
Ki_1_57,7,4559,1072,4.8727952370386864,23.744133422106916,115.67013,0.29898654345624165
Ki_1_57,7,4559,1073,6.819512567598831,46.50575165963839,310.62146,0.5750352375846832
Ki_1_57,7,4559,1074,4.737266973624567,22.441698379394058,101.239746,0.29187290674193966
Ki_1_57,7,4559,1075,4.29055016505325,18.408820718838466,173.50722,0.2556181708458947
Ki_1_57,7,4559,1076,5.350242484484156,28.62509464277918,83.57919,0.3480501677700501
Ki_1_57,7,4559,1077,7.775959016671438,60.46553862895383,491.0446,0.8146751399600749
Ki_1_57,7,4559,1078,4.7968455317421075,23.00972705539423,205.98964,0.44222282194641577
Ki_1_57,7,4559,1079,4.133626126449496,17.086864953265863,112.25134,0.24595949126395658
Ki_1_57,7,4559,1080,4.709612385493133,22.180448821590318,180.84702,0.44585486407089014
Ki_1_57,7,4559,1081,5.211520066105195,27.159941399417093,188.80392,0.3898276783081383
Ki_1_57,7,4559,1082,4.1877454646579535,17.537212076763268,169.52258,0.3772618862864323
Ki_1_57,7,4559,1083,5.1871568071651915,26.906595742120185,124.02967,0.5787526428720056
Ki_1_57,7,4559,1084,7.053539866711373,49.752424651286695,326.25427,0.8176103666459252
Ki_1_57,7,4559,1085,3.7956823286414356,14.407204339960874,87.866104,0.17237978011369282
Ki_1_57,7,4559,1086,3.799397654788693,14.43542253921382,66.16197,0.09172534210409085
Ki_1_57,7,4559,1087,4.680459719018079,21.906703181350792,227.17764,0.5320816295588122
Ki_1_57,7,4559,1088,5.613032562337589,31.506134545862093,239.21057,0.2221746152400349
Ki_1_57,7,4559,1089,5.63076107699771,31.705470306232417,193.39676,0.7586588838761218
Ki_1_57,7,4559,1090,4.921266373887293,24.218862722753776,116.985374,0.5286515433457732
Ki_1_57,7,4559,1091,4.959921592235311,24.600822201122064,122.668755,0.24762052886394625
Ki_1_57,7,4559,1092,8.023727567336104,64.38020407482936,221.93442,0.6259229496614944
Ki_1_57,7,4559,1093,5.372575346183684,28.86456585042073,205.30928,0.45270877393257775
Ki_1_57,7,4559,1094,3.992711041420855,15.941741460284007,54.37249,0.19899682855148582
Ki_1_57,7,4559,1095,3.362027597023995,11.303229563150943,0.8024368,0.2555193712040271
Ki_1_57,7,4559,1096,4.280548923109254,18.323099083131805,84.41411,0.09490378638693506
Ki_1_57,7,4559,1097,5.586249642177919,31.20618506473293,272.68558,0.4911318574065593
Ki_1_57,7,4559,1098,4.89450524550012,23.956181598228195,182.21465,0.3522226518212921
Ki_1_57,7,4559,1099,4.882199823417768,23.835875115780482,172.67888,0.37113216650909087
Ki_1_57,7,4559,1100,3.987737756976269,15.902052418414126,58.39068,0.2865114448361281
Ki_1_57,7,4559,1101,4.2096533715860085,17.72118150890545,92.88098,0.11092567107749973
Ki_1_57,7,4559,1102,4.541782264745256,20.627786140354555,90.41091,0.14763894180538387
Ki_1_57,7,4559,1103,6.470827834938479,41.87161286941461,280.5303,0.5643166977146487
Ki_1_57,7,4559,1104,4.396895409443305,19.332689241583605,19.565632,0.2144806195997328
Ki_1_57,7,4559,1105,7.182904001350285,51.59410989261392,262.4854,0.6972347329442689
Ki_1_57,7,4559,1106,4.809981724375453,23.135924188825847,153.05322,0.43086052833203903
Ki_1_57,7,4559,1107,5.751170928319646,33.075967046749064,326.44406,0.7082064268178716
Ki_1_57,7,4559,1108,4.394440320622156,19.311105731509763,85.18958,0.18648854000152562
Ki_1_57,7,4559,1109,3.537134819219258,12.511322729333251,81.82116,0.19278756963027843
Ki_1_57,7,4559,1110,4.533075539361467,20.548773845557257,81.45383,0.38992430575814974
Ki_1_57,7,4559,1111,4.24884826762427,18.05271160129376,72.431564,0.4876259008148408
Ki_1_57,7,4559,1112,4.716562689475386,22.245963603751278,121.95559,0.3602701573176309
Ki_1_57,7,4559,1113,4.324080501886228,18.69767218679265,102.33347,0.5454443975636499
Ki_1_57,7,4559,1114,3.507226567097851,12.300638192956976,80.942566,0.1414775781582472
Ki_1_57,7,4559,1115,5.335985811726453,28.472744582946017,197.68402,0.3628233545639957
Ki_1_57,7,4559,1116,5.001564488481259,25.01564733243679,276.435,0.2713923585479392
Ki_1_57,7,4559,1117,4.080216049185189,16.648163008028398,44.40358,0.35457483866389516
Ki_1_57,7,4559,1118,6.769007133241486,45.81945756987411,274.42487,0.7532644786188415
Ki_1_57,7,4559,1119,6.229650699883365,38.808547842557275,75.92368,0.6743836567656373
Ki_1_57,7,4559,1120,3.2484717710511033,10.552568847315886,8.819463,0.1327556502975703
Ki_1_57,7,4559,1121,3.8016883152959973,14.452834046658118,15.20376,0.4348251908512861
Ki_1_57,7,4559,1122,5.742114925802591,32.971883821124905,167.50758,0.5528676213849255
Ki_1_57,7,4559,1123,3.7889106394932566,14.355843834065194,102.37284,0.19550200925822153
Ki_1_57,7,4559,1124,4.855655731195667,23.577392579893328,198.42638,0.6001078231362436
Ki_1_57,7,4559,1125,4.975788113898968,24.758467354418247,53.51802,0.45686402546481386
Ki_1_57,7,4559,1126,5.897958344218077,34.785912630131655,211.76378,0.7558484120605607
Ki_1_57,7,4559,1127,5.545358046800871,30.750995867219174,143.30579,0.42624887245627696
Ki_1_57,7,4559,1128,4.8424106527695026,23.448940930055556,128.74573,0.2820404629020882
Ki_1_57,7,4559,1129,4.550797452767333,20.709757456113646,78.7279,0.3313752756837897
Ki_1_57,7,4559,1130,6.687628961868026,44.72438113161601,381.70435,0.7057001304942027
Ki_1_57,7,4559,1131,8.425269594705407,70.9851677434674,550.44305,0.5788191498709263
Ki_1_57,7,4559,1132,4.6906856416922,22.002531789177368,163.93912,0.2971713167897593
Ki_1_57,7,4559,1133,4.415101233645902,19.49311890334155,102.59929,0.3334731484697944
Ki_1_57,7,4559,1134,5.056276781210799,25.56593488821143,102.24902,0.24756702591473354
Ki_1_57,7,4559,1135,3.2092364131149633,10.299198355262996,82.89207,0.10209322863500384
Ki_1_57,7,4559,1136,4.192388496192531,17.57612130300747,42.0166,0.4281249549993368
Ki_1_57,7,4559,1137,3.911369604696196,15.298812184541273,13.878861,0.2490941243357728
Ki_1_57,7,4559,1138,6.268881270513925,39.298872383800266,213.24355,0.5562334461213994
Ki_1_57,7,4559,1139,4.346386009105305,18.89107134014634,211.5509,0.442451579038146
Ki_1_57,7,4559,1140,4.281271447470583,18.32928520692685,59.368458,0.21378906580611562
Ki_1_57,7,4559,1141,5.304592466197752,28.138701232441957,146.54355,0.2768007353593123
Ki_1_57,7,4559,1142,5.373899307764892,28.878793769996,194.92242,0.19869367885224262
Ki_1_57,7,4559,1143,4.152887030273187,17.246470686211254,41.204163,0.39396239429852725
Ki_1_57,7,4559,1144,5.657272315646446,32.004730053379696,249.04565,0.5113015528280693
Ki_1_57,7,4559,1145,5.5145727588456275,30.41051271260227,257.78592,0.5478575033875352
Ki_1_57,7,4559,1146,7.664426070111164,58.74342698419965,282.675,0.7372738795919204
Ki_1_57,7,4559,1147,4.939491399710024,24.398575287809283,161.08264,0.24522890393022495
Ki_1_57,7,4559,1148,4.47549561952777,20.030061040412264,205.8658,0.4462303739308262
Ki_1_57,7,4559,1149,3.6414724836546855,13.260321849214222,30.99188,0.30065517769167716
Ki_1_57,7,4559,1150,7.903707977893034,62.468599799809965,288.73337,0.7137401472771064
Ki_1_57,7,4559,1151,4.333625937778883,18.7803137685899,71.90939,0.17962567909214103
Ki_1_57,7,4559,1152,3.5156559402857486,12.359836690466466,82.72719,0.283424506817064
Ki_1_57,7,4559,1153,4.732014077814626,22.391957232635825,269.98636,0.32528707061537565
Ki_1_57,7,4559,1154,4.2507896729650625,18.06921284378643,29.614037,0.3917813629193221
Ki_1_57,7,4559,1155,5.5108774443081145,30.369770206183947,198.67401,0.5376067221852509
Ki_1_57,7,4559,1156,4.065128151632483,16.525266889194924,45.79583,0.4949706124214035
Ki_1_57,7,4559,1157,5.408695221335713,29.25398399729977,246.37468,0.43229007004172904
Ki_1_57,7,4559,1158,6.457244546349084,41.696007131354996,180.33693,0.4826912823142462
Ki_1_57,7,4559,1159,3.9169894888655246,15.342806655883004,53.840073,0.5217347636995906
Ki_1_57,7,4559,1160,6.254890874282375,39.123659849180925,276.21878,0.6004703784210716
Ki_1_57,7,4559,1161,3.8859569920463684,15.100661744034054,48.93341,0.23314978026130068
Ki_1_57,7,4559,1162,6.634209535460737,44.01273616039818,264.98676,0.36976284213217797
Ki_1_57,7,4559,1163,5.346206189667685,28.58192062244106,173.32176,0.3439748452567774
Ki_1_57,7,4559,1164,6.142679122388805,37.732506800631306,256.86328,0.5125153741024208
Ki_1_57,7,4559,1165,5.259348479864404,27.66074643265201,116.775635,0.6412617498785271
Ki_1_57,7,4559,1166,3.4216694406902906,11.707821761353808,44.879044,0.13457222501999333
Ki_1_57,7,4559,1167,5.343636963763951,28.554456000504413,145.44757,0.26676438459557794
Ki_1_57,7,4559,1168,6.751253949134961,45.5794298857104,261.9529,0.7038040792739478
Ki_1_57,7,4559,1169,4.052338357080162,16.421446160263145,112.42124,0.2927172261320754
Ki_1_57,7,4559,1170,4.412945658832107,19.47408938780514,44.567898,0.13631423350872607
Ki_1_57,7,4559,1171,5.505026355202076,30.305315171469452,335.74915,0.5993916662378012
Ki_1_57,7,4559,1172,3.7344125980041194,13.94583745213187,28.61882,0.17272236891649295
Ki_1_57,7,4559,1173,6.817719397243075,46.48129777954448,450.54288,0.459857377445943
Ki_1_57,7,4559,1174,3.929669960164613,15.44230599582015,61.220875,0.5011518970945117
Ki_1_57,7,4559,1175,4.538531059847114,20.598264181196964,35.797718,0.31947905859870296
Ki_1_57,7,4559,1176,3.0787937994200965,9.478971259347633,141.62042,0.16517688462933816
Ki_1_57,7,4559,1177,5.979090925259558,35.7495282925212,203.37874,0.7015895845471362
Ki_1_57,7,4559,1178,7.565690790050189,57.23967713065025,460.45746,0.6372362075347167
Ki_1_57,7,4559,1179,5.026066307278656,25.261342525161698,113.304855,0.2566706480510827
Ki_1_57,7,4559,1180,5.451941423391919,29.72366528409671,263.7786,0.5171546240664866
Ki_1_57,7,4559,1181,5.707156777670775,32.57163848491346,191.43044,0.48605581432208245
Ki_1_57,7,4559,1182,6.806265896190924,46.32525544965163,249.87044,0.6918370428494109
Ki_1_57,7,4559,1183,4.5430565209923195,20.639362552930837,151.84378,0.3696190160375539
Ki_1_57,7,4559,1184,6.116741506005917,37.414526651295546,208.58934,0.6825064986161458
Ki_1_57,7,4559,1185,5.670283170297255,32.152111231356294,176.19397,0.7068009157484023
Ki_1_57,7,4559,1186,4.258595338827183,18.13563425988061,106.475464,0.18366418531146217
Ki_1_57,7,4559,1187,4.300582797709801,18.49501239995746,158.73218,0.05687859657926878
Ki_1_57,7,4559,1188,4.728290100673003,22.356727276122314,74.72423,0.38030845505410676
Ki_1_57,7,4559,1189,4.5986573587960775,21.147649503609305,89.087456,0.3421769618507899
Ki_1_57,7,4559,1190,4.978665367276664,24.787108839320073,45.889202,0.31738052078894585
Ki_1_57,7,4559,1191,4.09767251263408,16.79092002079689,66.42407,0.34981668249772
Ki_1_57,7,4559,1192,3.303844878364542,10.915390980295617,76.81459,0.19302205694948565
Ki_1_57,7,4559,1193,4.628932100363013,21.427012389771143,21.109797,0.37695446131866883
Ki_1_57,7,4559,1194,5.3803358884261,28.948014272285864,77.620026,0.6088782786656061
Ki_1_57,7,4559,1195,8.718777908181341,76.01708821219106,260.17236,0.6423987786122134
Ki_1_57,7,4559,1196,6.68971061497438,44.752228112100916,137.88354,0.33371405283857275
Ki_1_57,7,4559,1197,4.3909625316559335,19.28055195440628,190.29637,0.24045786824190127
Ki_1_57,7,4559,1198,5.177347123664342,26.80492323891542,320.1828,0.6473871018698056
Ki_1_57,7,4559,1199,4.699342183169051,22.083816954512063,200.18304,0.34996507073968947
Ki_1_57,7,4559,1200,4.545600560030101,20.66248445134596,79.14097,0.20616320036306648
Ki_1_57,7,4559,1201,4.41715860451452,19.511290137436674,122.154076,0.4154751530973663
Ki_1_57,7,4559,1202,4.055892956687891,16.45026767611045,116.14278,0.2875883065756504
Ki_1_57,7,4559,1203,4.117457602445208,16.953457107933843,126.84312,0.2502463757167475
Ki_1_57,7,4559,1204,5.558876232328944,30.901104966351625,209.46695,0.5032322676457761
Ki_1_57,7,4559,1205,3.666379025792197,13.442335160768934,1.4007224,0.22574083100529954
Ki_1_57,7,4559,1206,3.560336476746025,12.675995827648297,42.483067,0.22317411308444857
Ki_1_57,7,4559,1207,4.738866817677407,22.45685871568399,81.223206,0.5824287557997291
Ki_1_57,7,4559,1208,6.307447247124691,39.78389077526084,239.42429,0.48695916384839627
Ki_1_57,7,4559,1209,5.338838892388691,28.503200718882095,63.640343,0.22512397669709952
Ki_1_57,7,4559,1210,6.079493781679274,36.96024464147695,323.77054,0.6716378911477495
Ki_1_57,7,4559,1211,7.6600612711890355,58.676538678370186,314.88947,0.6691186317432122
Ki_1_57,7,4559,1212,7.399387735013357,54.7509388530661,391.9268,0.754710147253789
Ki_1_57,7,4559,1213,4.87820940682177,23.796927016804396,55.981556,0.2970149295944167
Ki_1_57,7,4559,1214,5.660234140447122,32.03825052468317,265.3977,0.2218959570225162
Ki_1_57,7,4559,1215,4.339797155569227,18.83383935148674,24.402803,0.4421805197268839
Ki_1_57,7,4559,1216,5.8391960537757095,34.09621055442982,63.750317,0.6546007563418477
Ki_1_57,7,4559,1217,3.583175505811899,12.839146705450355,37.6161,0.22336618066125635
Ki_1_57,7,4559,1218,4.185260764954027,17.516407670663565,39.057537,0.3240469029860064
Ki_1_57,7,4559,1219,5.170965610887052,26.738885348976503,77.612404,0.3454729329003796
Ki_1_57,7,4559,1220,3.5978597004922297,12.944594424426038,66.14768,0.23539824831028436
Ki_1_57,7,4559,1221,4.6045901140373955,21.202250118290916,97.596756,0.2361346329151586
Ki_1_57,7,4559,1222,3.99475480232847,15.958065930726368,47.78009,0.35442090575197466
Ki_1_57,7,4559,1223,4.537389530169921,20.587903748495616,141.15736,0.40974283601684364
Ki_1_57,7,4559,1224,4.689254776189004,21.98911035601138,130.712,0.2733599917971584
Ki_1_57,7,4559,1225,7.177046761633289,51.51000021867088,266.714,0.6029151176273055
Ki_1_57,7,4559,1226,4.807344834186216,23.110564354776887,157.92282,0.2889418140797233
Ki_1_57,7,4559,1227,7.366689842963813,54.268119242426195,345.77353,0.6258530120879668
Ki_1_57,7,4559,1228,6.587649457362894,43.397125373093644,634.65784,0.674545031148127
Ki_1_57,7,4559,1229,4.257447424797905,18.12585857491832,93.297714,0.4058396822331257
Ki_1_57,7,4559,1230,6.34166755882708,40.21674742667981,243.5635,0.2625511522751317
Ki_1_57,7,4559,1231,5.149572676599492,26.518098751580055,46.230152,0.35284946294208724
Ki_1_57,7,4559,1232,7.231523526432578,52.29493251334783,405.46945,0.5801072321011496
Ki_1_57,7,4559,1233,4.8097655535378685,23.13384467999944,51.55214,0.28868688662497605
Ki_1_57,7,4559,1234,4.083269900909839,16.673093083676235,14.173284,0.21926245886736212
Ki_1_57,7,4559,1235,4.393288120958183,19.30098051375228,28.865585,0.26988040003024594
Ki_1_57,7,4559,1236,6.360761656954076,40.459288856577146,322.05283,0.8318348835090448
Ki_1_57,7,4559,1237,6.3791166957478875,40.693129817969464,159.05798,0.6578057175436942
Ki_1_57,7,4559,1238,5.242493905242022,27.483742346499756,122.99876,0.3738141499426986
Ki_1_57,7,4559,1239,7.819013496461432,61.13697205784605,412.94073,0.7573197630049442
Ki_1_57,7,4559,1240,5.284819462986677,27.929316756362798,282.5764,0.4447114438517089
Ki_1_57,7,4559,1241,5.020666194465058,25.20708903624424,63.89895,0.5319448785949286
Ki_1_57,7,4559,1242,3.952273606745607,15.620466662577934,27.107943,0.18197531879523385
Ki_1_57,7,4559,1243,4.744611706846178,22.511340248741803,18.156815,0.6103226969275404
Ki_1_57,7,4559,1244,4.889069783876174,23.903003351611012,230.41443,0.43729845030911196
Ki_1_57,7,4559,1245,4.043459140475968,16.349561820698653,76.25422,0.5117461365851756
Ki_1_57,7,4559,1246,3.686754771398644,13.592160744430664,10.864148,0.08685989045691489
Ki_1_57,7,4559,1247,5.149389983503767,26.51621720220892,167.55104,0.17621211084462068
Ki_1_57,7,4559,1248,4.362564590359359,19.031969805057308,105.64668,0.22880514796445509
Ki_1_57,7,4559,1249,4.219121301084869,17.80098455326808,244.68054,0.4708949470046312
Ki_1_57,7,4559,1250,8.465707979881202,71.66821160062425,514.1542,0.7666006506921519
Ki_1_57,7,4559,1251,8.88647932409163,78.96951477750798,445.73,0.8775985067543361
Ki_1_57,7,4559,1252,4.86259010411458,23.644782520633047,166.0479,0.7024428355157937
Ki_1_57,7,4559,1253,4.0642966267207425,16.518507069973605,124.72206,0.16663855002677022
Ki_1_57,7,4559,1254,5.504821849702684,30.303063596964083,113.19701,0.4348036576177593
Ki_1_57,7,4559,1255,6.7703601656944565,45.83777677322224,350.25656,0.5419391304261274
Ki_1_57,7,4559,1256,4.114251094610976,16.92706206950761,42.250298,0.2757831361308916
Ki_1_57,7,4559,1257,5.002813874901418,25.028146666906125,79.11817,0.28869039380169276
Ki_1_57,7,4559,1258,6.459583086035199,41.72621364539202,74.36553,0.5548080608382325
Ki_1_57,7,4559,1259,5.749173104749259,33.052991388372234,211.10846,0.3853570335575215
Ki_1_57,7,4559,1260,4.1443901155895695,17.175969430196528,35.05833,0.12269460924161185
Ki_1_57,7,4559,1261,4.265989405584049,18.198665608555345,137.2587,0.11437549027862623
Ki_1_57,7,4559,1262,3.1663779826416105,10.025949528957552,56.58658,0.11589938530200611
Ki_1_57,7,4559,1263,3.9397892450867658,15.521939295701351,38.161697,0.07971585521515932
Ki_1_57,7,4559,1264,3.6753034794415536,13.50785566599519,65.8101,0.30303890103140124
Ki_1_57,7,4559,1265,3.447806352359131,11.887368643367974,12.457519,0.1421897079300544
Ki_1_57,7,4559,1266,5.566035110560805,30.98074685199564,27.178131,0.5581496493243745
Ki_1_57,7,4559,1267,4.947920419140122,24.481916474143755,236.90372,0.38539259368633133
Ki_1_57,7,4559,1268,5.327234716511043,28.37942972480051,54.544243,0.20126952886966265
Ki_1_57,7,4559,1269,3.3015154673019804,10.900004380834215,70.156525,0.052092283751947056
Ki_1_57,7,4559,1270,4.656945607475195,21.687142390982512,122.56665,0.43309080290102164
Ki_1_57,7,4559,1271,4.917403464419668,24.180856831886558,109.36623,0.6307620147844489
Ki_1_57,7,4559,1272,4.708277268436292,22.167874836473914,100.49231,0.4046719396239643
Ki_1_57,7,4559,1273,4.190134635483095,17.557228263475047,63.04325,0.19733418223754512
Ki_1_57,7,4559,1274,6.038973127862202,36.4691964390418,204.3983,0.522011930780398
Ki_1_57,7,4559,1275,5.5397964894387295,30.68934514439765,225.97365,0.44778985877420135
Ki_1_57,7,4559,1276,4.926337320620377,24.26879939653717,94.62558,0.4781613162416922
Ki_1_57,7,4559,1277,3.9175654146203,15.347318777829125,12.935936,0.1638622051432191
Ki_1_57,7,4559,1278,4.171728765322256,17.403320891417152,68.58548,0.21270383162429332
Ki_1_57,7,4559,1279,3.4591651019482046,11.965823202536331,49.890823,0.13188605606641868
Ki_1_57,7,4559,1280,4.341752496360757,18.850814739654876,38.259155,0.32949463748226127
Ki_1_57,7,4559,1281,4.2835390054227105,18.348706410977783,31.676418,0.2527310170041082
Ki_1_57,7,4559,1282,4.640402944878139,21.533339490833708,160.88235,0.3549203558277236
Ki_1_57,7,4559,1283,6.05099555127652,36.61454716156823,189.87128,0.2676768594427146
Ki_1_57,7,4559,1284,6.147516739912636,37.791962067506084,272.12134,0.6176454604850937
Ki_1_57,7,4559,1285,4.621795321611152,21.360991994866737,160.91222,0.5279260457237905
Ki_1_57,7,4559,1286,5.454244734341125,29.748785622087887,311.17657,0.5971561689300563
Ki_1_57,7,4559,1287,5.0693982052718605,25.698798163613557,254.86935,0.3861561217468569
Ki_1_57,7,4559,1288,4.038258776360856,16.30753394485548,55.534855,0.2496557606620537
Ki_1_57,7,4559,1289,3.0009489554858444,9.005694633431583,59.814407,0.11937645428682161
Ki_1_57,7,4559,1290,3.536900536020035,12.509665401698813,58.194607,0.2128194133709449
Ki_1_57,7,4559,1291,4.552282085588055,20.723272186765914,74.80414,0.1795838049449957
Ki_1_57,7,4559,1292,5.9613542143015215,35.537744068370515,124.43205,0.2696234606096047
Ki_1_57,7,4559,1293,3.6570623319412157,13.374104899703326,40.17878,0.1782075295464603
Ki_1_57,7,4559,1294,6.480610630665179,41.99831414629053,381.02032,0.7421257548041131
Ki_1_57,7,4559,1295,7.322061540868031,53.61258520825875,256.06647,0.6218856920941456
Ki_1_57,7,4559,1296,5.897632062722737,34.78206394725525,76.33633,0.6593294493863696
Ki_1_57,7,4559,1297,6.486326599937463,42.0724327610563,370.3399,0.6550014083809633
Ki_1_57,7,4559,1298,4.321455003191024,18.67497334460473,63.90991,0.4278664684200526
Ki_1_57,7,4559,1299,3.420432226944979,11.699356619123783,44.782394,0.04128499436039027
Ki_1_57,7,4559,1300,4.5030845947700175,20.27777086765505,47.203495,0.21872913988632642
Ki_1_57,7,4559,1301,3.9030316141011148,15.233655780672748,91.385056,0.11388002460055655
Ki_1_57,7,4559,1302,4.3853452997524895,19.231253398061245,86.58649,0.10262105145159645
Ki_1_57,7,4559,1303,4.586544820941253,21.036393394503026,190.77144,0.19888768668919138
Ki_1_57,7,4559,1304,5.048761010661085,25.489987742771543,50.56521,0.19272236825568836
Ki_1_57,7,4559,1305,3.7003816298533576,13.69282420655619,59.22628,0.22480263298451103
Ki_1_57,7,4559,1306,5.136637224621072,26.385041977362867,185.27603,0.2556430043087046
Ki_1_57,7,4559,1307,3.409184150699896,11.622536573383368,50.521214,0.16843973335213044
Ki_1_57,7,4559,1308,3.8869279869726157,15.108209175910998,160.52013,0.2894860600552388
Ki_1_57,7,4559,1309,5.964816803177963,35.57903949547417,44.510914,0.6056794662560572
Ki_1_57,7,4559,1310,4.874592660719291,23.761653607938374,209.66356,0.4590623899892743
Ki_1_57,7,4559,1311,5.5731056296481,31.05950635921534,196.44725,0.4371338662560968
Ki_1_57,7,4559,1312,3.929250548887391,15.43900987593186,48.47812,0.36288824462050573
Ki_1_57,7,4559,1313,4.766230056522053,22.716948951694217,133.15697,0.38065552853354545
Ki_1_57,7,4559,1314,6.688375198335795,44.734362793713366,348.2303,0.7358060416608933
Ki_1_57,7,4559,1315,6.045452189861442,36.547492179900516,298.01868,0.48382425198986667
Ki_1_57,7,4559,1316,6.9766357649197515,48.6734465963574,225.3351,0.3345145841372422
Ki_1_57,7,4559,1317,5.5569346205852685,30.879522377459136,188.09511,0.5017590358152089
Ki_1_57,7,4559,1318,5.4303170481005285,29.488343242891226,91.37904,0.4804306459524003
Ki_1_57,7,4559,1319,4.154634076099376,17.260984306286115,66.20715,0.23421098643797844
Ki_1_57,7,4559,1320,5.114100843982443,26.15402744242194,249.7235,0.4945020392829735
Ki_1_57,7,4559,1321,3.9528862164947127,15.625309440553888,50.11849,0.3805179309420994
Ki_1_57,7,4559,1322,4.734884838123342,22.419134430290313,50.663773,0.48297340581676496
Ki_1_57,7,4559,1323,7.063602005377662,49.89447329037533,239.9789,0.8680173958524582
Ki_1_57,7,4559,1324,4.104808890518737,16.849456027681665,57.744312,0.1652967589784191
Ki_1_57,7,4559,1325,5.210236850122999,27.14656803437963,200.05527,0.4519441676497147
Ki_1_57,7,4559,1326,5.620682488951513,31.592071641606175,139.06564,0.7073830954421402
Ki_1_57,7,4559,1327,3.7454179870637954,14.028155897821016,95.34296,0.13197188486259548
Ki_1_57,7,4559,1328,3.917275374364678,15.345046358603923,84.069916,0.1467048901932394
Ki_1_57,7,4559,1329,3.7423123567575263,14.004901775540066,12.393343,0.10014875284543326
Ki_1_57,7,4559,1330,3.6679204843255073,13.453640679334665,78.67761,0.1652375042058182
Ki_1_57,7,4559,1331,4.565342043330319,20.84234797259945,129.95308,0.2710296595264521
Ki_1_57,7,4559,1332,3.457671875960753,11.95549480180995,15.312395,0.2146739187849397
Ki_1_57,7,4559,1333,5.229744766232847,27.350230319939847,265.17514,0.2059095388913014
Ki_1_57,7,4559,1334,3.61926113742115,13.099051180847031,47.970646,0.2051146443084741
Ki_1_57,7,4559,1335,3.701659358763303,13.702282008319942,16.570372,0.16532187461393724
Ki_1_57,7,4559,1336,4.221153705795178,17.818138607948352,54.046783,0.2837226848916394
Ki_1_57,7,4559,1337,2.867180135802298,8.220721931139286,4.2635055,0.07491118374844451
Ki_1_57,7,4559,1338,4.523008679216909,20.457607512271494,219.36197,0.21819161086851319
Ki_1_57,7,4559,1339,6.185565606823909,38.26122187632282,238.36581,0.5930019151233028
Ki_1_57,7,4559,1340,4.634034442405586,21.474275213401246,81.498985,0.3600851456012416
Ki_1_57,7,4559,1341,4.365654633642296,19.05894038024245,75.32777,0.3715740907839645
Ki_1_57,7,4559,1342,5.245340167477021,27.51359347254785,148.23549,0.6282289437348657
Ki_1_57,7,4559,1343,4.324956771663252,18.705251076755815,221.39969,0.3534846777457473
Ki_1_57,7,4559,1344,5.312291240038277,28.220438218987432,128.88504,0.6074576468589958
Ki_1_57,7,4559,1345,3.7718521177012203,14.226868397807177,7.762026,0.2130976388781494
Ki_1_57,7,4559,1346,4.569633309711679,20.88154858522651,93.142204,0.46070702531974783
Ki_1_57,7,4559,1347,4.265426005654404,18.193859009712877,50.81509,0.3760965935407412
Ki_1_57,7,4559,1348,4.853835883558027,23.55972278451553,88.37029,0.2555302368095268
Ki_1_57,7,4559,1349,8.355735454612905,69.81831498747512,525.27124,0.680121450623462
Ki_1_57,7,4559,1350,3.5636763927778294,12.699789432442003,79.86015,0.24290280426547
Ki_1_57,7,4559,1351,4.683649785474061,21.936575312971218,96.41835,0.1656567456167107
Ki_1_57,7,4559,1352,4.87585268901291,23.773939444954433,90.95571,0.14682096819639553
Ki_1_57,7,4559,1353,5.097077681018928,25.980200886341297,297.04523,0.6067315719525138
Ki_1_57,7,4559,1354,5.311286765223414,28.209767102437393,206.56474,0.5155840270470851
Ki_1_57,7,4559,1355,4.911614888674819,24.12396081465215,159.75961,0.49374994662326005
Ki_1_57,7,4559,1356,5.648535400364532,31.90595216917129,226.55037,0.5914690692353024
Ki_1_57,7,4559,1357,3.965815603247207,15.727693398959005,92.97278,0.18111843657412183
Ki_1_57,7,4559,1358,3.3695962493087497,11.354178883355598,5.2094765,0.15459486576670636
Ki_1_57,7,4559,1359,4.542639285582204,20.63557167891479,247.7965,0.33294957811210785
Ki_1_57,7,4559,1360,3.3117946613452047,10.967983878914598,88.10678,0.10866497035487321
Ki_1_57,7,4559,1361,4.075885768598669,16.612844798665158,273.80933,0.2569535896473117
Ki_1_57,7,4559,1362,6.482641232203812,42.02463734546894,163.18634,0.6726674017809937
Ki_1_57,7,4559,1363,4.832856708517691,23.35650396506446,159.02718,0.19661868611053251
Ki_1_57,7,4559,1364,5.101262462055993,26.022878706781572,149.76788,0.3541835648050972
Ki_1_57,7,4559,1365,4.3116776952013405,18.59056454729674,21.91182,0.49052879867427723
Ki_1_57,7,4559,1366,6.618987287057152,43.81099270622421,396.38922,0.705817513008825
Ki_1_57,7,4559,1367,6.017881826916816,36.214901682735686,359.7963,0.7456919547162797
Ki_1_57,7,4559,1368,4.973826173555882,24.738946804749553,104.72691,0.5736860141773618
Ki_1_57,7,4559,1369,3.7161404159156226,13.809699590801529,31.375671,0.18824260707029125
Ki_1_57,7,4559,1370,4.412877104463649,19.473484339099475,80.96716,0.14600812006600822
Ki_1_57,7,4559,1371,4.61087610183398,21.26017842646371,20.899754,0.4988850375611372
Ki_1_57,7,4559,1372,6.059146748846397,36.71325932405587,277.51495,0.5185716444643919
Ki_1_57,7,4559,1373,4.6567498347166545,21.685319023133598,152.21042,0.462470048920142
Ki_1_57,7,4559,1374,3.9563712858979168,15.652873751877529,92.40386,0.2653902819582289
Ki_1_57,7,4559,1375,3.9846786869109847,15.877664237922648,24.523561,0.12030514392581998
Ki_1_57,7,4559,1376,6.964444340882686,48.50348497725287,281.6652,0.5309860239192503
Ki_1_57,7,4559,1377,6.733741721158814,45.343277567274875,348.1821,0.34828708526564145
Ki_1_57,7,4559,1378,5.168055478285342,26.708797426635147,102.81828,0.47086867022441503
Ki_1_57,7,4559,1379,6.688316110186452,44.733572389779646,264.93817,0.6065012819002223
Ki_1_57,7,4559,1380,3.3146642619958846,10.986999169752725,56.502563,0.1771775733549359
Ki_1_57,7,4559,1381,4.493159242288309,20.18847997656085,124.10306,0.3526896169888134
Ki_1_57,7,4559,1382,5.150166417272849,26.524214125605052,110.99009,0.5748412312306036
Ki_1_57,7,4559,1383,3.31289288483722,10.975259266405075,43.740826,0.263779985567916
Ki_1_57,7,4559,1384,4.462857184584249,19.91709424999526,66.46608,0.15863827150903848
Ki_1_57,7,4559,1385,5.090642800773152,25.914644125063514,332.41205,0.6713159450091295
Ki_1_57,7,4559,1386,4.486422163015725,20.127983824798694,173.23618,0.2851020802097912
Ki_1_57,7,4559,1387,5.626531003288736,31.657851130969362,102.74402,0.28064038027423144
Ki_1_57,7,4559,1388,5.902642658567648,34.84119035474255,141.9917,0.5255130979179705
Ki_1_57,7,4559,1389,5.520386993215809,30.47467255486628,327.1561,0.467320440274505
Ki_1_57,7,4559,1390,4.634451994490954,21.47814528924118,207.40746,0.4219518076768775
Ki_1_57,7,4559,1391,4.295790469819287,18.453815760590206,78.49365,0.23012890045723833
Ki_1_57,7,4559,1392,4.783722087552115,22.88399701093396,117.67473,0.11560910090753543
Ki_1_57,7,4559,1393,4.933123700676243,24.335709446173674,28.03369,0.42043898190064893
Ki_1_57,7,4559,1394,4.065372138352126,16.527250623289746,73.64184,0.4678705639137031
Ki_1_57,7,4559,1395,4.0300660120233065,16.24143206126543,73.46231,0.2366460983494747
Ki_1_57,7,4559,1396,3.6567982635976364,13.372173540650694,66.16537,0.29087544270452165
Ki_1_57,7,4559,1397,4.890930306967381,23.92119926761205,71.76222,0.2432349556740992
Ki_1_57,7,4559,1398,4.424534104982079,19.576502046149578,68.23998,0.38447622356760436
Ki_1_57,7,4559,1399,3.962051492982311,15.697852033043356,33.21507,0.2553835209394326
Ki_1_57,7,4559,1400,5.0588696810874785,25.592162450226134,54.743904,0.3326482442333432
Ki_1_57,7,4559,1401,4.395519678116845,19.320593240712412,183.51785,0.32849679642455315
Ki_1_57,7,4559,1402,3.920001253583105,15.366409828093115,47.70209,0.1586857932902292
Ki_1_57,7,4559,1403,5.777492603084626,33.379420778697565,154.43224,0.5343524982404654
Ki_1_57,7,4559,1404,4.746026160926557,22.52476432019928,204.4259,0.27676405848915125
Ki_1_57,7,4559,1405,5.677641363662631,32.23561145437285,288.0745,0.37803918805116876
Ki_1_57,7,4559,1406,5.34390226461605,28.55729141376855,286.29584,0.5933548075123987
Ki_1_57,7,4559,1407,4.071069317541456,16.573605388227456,96.04698,0.16424717097250383
Ki_1_57,7,4559,1408,5.123975215614421,26.255122010230856,185.80809,0.43803341354908487
Ki_1_57,7,4559,1409,3.993265779270914,15.946171583896152,49.546883,0.15989098171927668
Ki_1_57,7,4559,1410,4.567200121630121,20.85931695101819,149.01474,0.4059143903562734
Ki_1_57,7,4559,1411,4.100882165930119,16.8172345388437,34.753597,0.10125770833903164
Ki_1_57,7,4559,1412,4.3147526350157515,18.61709030137538,182.66325,0.45899080557123995
Ki_1_57,7,4559,1413,7.61417510211608,57.97566248568442,602.898,0.7745662728313889
Ki_1_57,7,4559,1414,7.0018058538176415,49.025285214555005,133.8703,0.674649588811028
Ki_1_57,7,4559,1415,5.741437565208147,32.96410531518325,131.42015,0.16393569351558868
Ki_1_57,7,4559,1416,3.9757447990148256,15.80654670689343,61.67503,0.33573265782342604
Ki_1_57,7,4559,1417,5.253956431598676,27.6040581851371,273.92273,0.3954142388395835
Ki_1_57,7,4559,1418,5.919018695591726,35.03478231876437,140.72406,0.4619530416181226
Ki_1_57,7,4559,1419,5.352955223486175,28.654129624647922,251.51561,0.6388992189878884
Ki_1_57,7,4559,1420,5.2322721259580645,27.376671600077728,159.58282,0.3797253077981392
Ki_1_57,7,4559,1421,4.497433176231837,20.226905174670783,246.1387,0.3293474405786979
Ki_1_57,7,4559,1422,4.49715220124023,20.22437792111984,128.45026,0.3132379458393829
Ki_1_57,7,4559,1423,3.3323886286074944,11.10481397207254,92.582535,0.24805091739134613
Ki_1_57,7,4559,1424,3.8702795505218393,14.97906379918753,120.88965,0.2296421884587138
Ki_1_57,7,4559,1425,4.345088872030915,18.879797305846896,85.25295,0.3199346184930034
Ki_1_57,7,4559,1426,5.139044552961834,26.409778917326687,201.71051,0.42614925602656617
Ki_1_57,7,4559,1427,3.5260594842521207,12.433095486484332,3.1399574,0.27708857560635286
Ki_1_57,7,4559,1428,6.304115157814305,39.7418679229841,222.5479,0.5269764473012096
Ki_1_57,7,4559,1429,7.144087564567375,51.03798713020622,362.58264,0.6941736378166758
Ki_1_57,7,4559,1430,4.84960090946878,23.51862898112041,146.7357,0.2978737320396798
Ki_1_57,7,4559,1431,4.148024556225395,17.20610771904889,180.31792,0.24635329776454373
Ki_1_57,7,4559,1432,6.520206747679294,42.5130960324826,286.12408,0.6274337480231298
Ki_1_57,7,4559,1433,4.845013122125841,23.47415215357158,78.806564,0.6011846025343477
Ki_1_57,7,4559,1434,5.403362241139242,29.19632350896929,54.02854,0.461809047492722
Ki_1_57,7,4559,1435,6.499877336087934,42.24840538418958,297.6159,0.6736468893485024
Ki_1_57,7,4559,1436,4.980993733427585,24.81029857244487,100.5764,0.25753597092237596
Ki_1_57,7,4559,1437,4.198309914092849,17.625806134770308,116.89768,0.1274154273843297
Ki_1_57,7,4559,1438,3.9832777765703535,15.866501845319258,60.473503,0.2586060854644193
Ki_1_57,7,4559,1439,4.1837707494691445,17.503937684113602,217.67438,0.17511079644512856
Ki_1_57,7,4559,1440,5.065850790313988,25.662844229724847,142.84709,0.2580033282515106
Ki_1_57,7,4559,1441,5.303937006126758,28.131747764960878,262.47986,0.21502152759211035
Ki_1_57,7,4559,1442,5.483007239890481,30.063368392691437,159.97786,0.2029722046734841
Ki_1_57,7,4559,1443,5.938466152764338,35.265380247527666,378.44827,0.7522941901738496
Ki_1_57,7,4559,1444,3.7976655054177697,14.422263291040002,126.174286,0.10016331347924756
Ki_1_57,7,4559,1445,5.921533540942996,35.064559476512905,272.9957,0.4272809768497329
Ki_1_57,7,4559,1446,6.370270462509383,40.58034576551951,386.70062,0.637771783860444
Ki_1_57,7,4559,1447,4.686486734544585,21.963157913062368,80.34661,0.46299650532112435
Ki_1_57,7,4559,1448,3.9508763895739336,15.60942424569276,97.53629,0.15404820656212226
Ki_1_57,7,4559,1449,5.1501427600027405,26.52397044840864,238.4621,0.3770507711754979
Ki_1_57,7,4559,1450,4.270464541759952,18.23686740242904,71.454575,0.39891575980720473
Ki_1_57,7,4559,1451,3.906174381441977,15.258198298233614,138.75609,0.29265162441882947
Ki_1_57,7,4559,1452,4.544022370668576,20.64813930513646,95.924484,0.3088244143728649
Ki_1_57,7,4559,1453,4.113432908357177,16.92033029155578,32.34168,0.2120012054632363
Ki_1_57,7,4559,1454,6.022749515547456,36.273511727027106,51.22137,0.25800992960930447
Ki_1_57,7,4559,1455,3.5043248614677522,12.28029273470098,93.39634,0.20408246211496345
Ki_1_57,7,4559,1456,6.483305981830605,42.03325645404049,329.64288,0.5482156006820887
Ki_1_57,7,4559,1457,6.512763945320773,42.41609420747021,256.4024,0.6950440296681918
Ki_1_57,7,4559,1458,4.320470036904203,18.666461339787002,160.03003,0.5737266329176339
Ki_1_57,7,4559,1459,6.538774470524617,42.75557157638449,151.78816,0.7746107020976414
Ki_1_57,7,4559,1460,3.7997666921428057,14.438226914717875,61.701912,0.25847602205127024
Ki_1_57,7,4559,1461,5.4570046408607835,29.778899650376125,206.3598,0.5170503104248041
Ki_1_57,7,4559,1462,7.180517852086553,51.5598366241337,313.44528,0.4713227720791066
Ki_1_57,7,4559,1463,5.843640984119964,34.14813995128654,365.38135,0.5834926536618196
Ki_1_57,7,4559,1464,4.5999345884224985,21.159398217765652,253.60909,0.30999232089317846
Ki_1_57,7,4559,1465,3.1546935896854564,9.95209164480251,57.46501,0.039087294441048234
Ki_1_57,7,4559,1466,4.7117101869911435,22.200212886196123,105.961136,0.40667592595534624
Ki_1_57,7,4559,1467,4.249141811788928,18.0552061366929,68.08136,0.469064263909982
Ki_1_57,7,4559,1468,6.021933813402014,36.26368685299454,168.79123,0.3943622743051323
Ki_1_57,7,4559,1469,4.756850254372049,22.62762434251942,23.91003,0.34076392113056186
Ki_1_57,7,4559,1470,5.714089549759131,32.650819382666526,331.45166,0.4198041801838778
Ki_1_57,7,4559,1471,4.013891725949135,16.11132678764293,24.193329,0.22673013304667497
Ki_1_57,7,4559,1472,3.1502543052753493,9.924102187905874,10.121582,0.18935822474374528
Ki_1_57,7,4559,1473,4.080554723875485,16.65092685454253,36.001614,0.14619869634130866
Ki_1_57,7,4559,1474,4.900347760546474,24.01340817429285,1.6261042,0.24121316563200135
Ki_1_57,7,4559,1475,6.2177756461175715,38.66073398545278,159.79851,0.21539743045251997
Ki_1_57,7,4559,1476,4.7499346569365,22.561879245166484,19.041893,0.44167497834613856
Ki_1_57,7,4559,1477,4.738804075947034,22.456264070212217,137.4241,0.39879777980756065
Ki_1_57,7,4559,1478,6.19450638415665,38.37190934335749,208.91458,0.38850764071643185
Ki_1_57,7,4559,1479,5.028338891843014,25.284192011221045,107.21779,0.5444664167324549
Ki_1_57,7,4559,1480,5.385908711843826,29.00801265231522,231.52582,0.3020118475334026
Ki_1_57,7,4559,1481,6.754387498400129,45.62175047854396,174.63435,0.8081409074430832
Ki_1_57,7,4559,1482,7.29445229687774,53.20903431142495,392.81567,0.7321520195176214
Ki_1_57,7,4559,1483,6.730535153710109,45.30010345532756,274.58624,0.4504831699953193
Ki_1_57,7,4559,1484,7.1470387904170085,51.08016347172542,463.128,0.6144353486380891
Ki_1_57,7,4559,1485,5.592440951862144,31.275395800064747,220.99445,0.5637030720636682
Ki_1_57,7,4559,1486,5.927882550355279,35.13979153080661,66.39903,0.3320690226342193
Ki_1_57,7,4559,1487,3.774154834784176,14.244244716924767,39.902504,0.23060125497308598
Ki_1_57,7,4559,1488,6.435463009876449,41.41518415148804,330.41138,0.6330866564428532
Ki_1_57,7,4559,1489,5.455330824461175,29.760634404316253,309.71835,0.5577372522321713
Ki_1_57,7,4559,1490,6.537215131774045,42.73518167909554,271.8669,0.5962621970533383
Ki_1_57,7,4559,1491,4.334750840383976,18.790064848209596,157.20834,0.16587586100813168
Ki_1_57,7,4559,1492,4.978227924011592,24.782753263408782,170.45093,0.32305743028086925
Ki_1_57,7,4559,1493,5.7849167067410185,33.46526130393136,221.79123,0.5208932749708448
Ki_1_57,7,4559,1494,6.761738612604623,45.72110906518829,254.45311,0.7312750514080881
Ki_1_57,7,4559,1495,5.171701838375636,26.74649990505792,159.78447,0.5280857033501509
Ki_1_57,7,4559,1496,3.6754486178403494,13.50892254238453,62.52658,0.33905056999335303
Ki_1_57,7,4559,1497,4.244282291475339,18.013932169731156,134.1536,0.4009767568883186
Ki_1_57,7,4559,1498,4.362094332624647,19.02786696671606,112.96174,0.3564941458265872
Ki_1_57,7,4559,1499,4.1561541817424015,17.273617582414843,114.34938,0.5445289423032389
Ki_1_57,7,4559,1500,6.054907840243232,36.661908953838946,324.59857,0.2266579694541206
Ki_1_57,7,4559,1501,6.507180026521794,42.34339189756415,372.6087,0.7888070917617616
Ki_1_57,7,4559,1502,4.930712425998021,24.311925027891288,105.687675,0.6589144604442158
Ki_1_57,7,4559,1503,4.584582284586247,21.018394724142055,130.61765,0.4820586134211725
Ki_1_57,7,4559,1504,3.861584368310179,14.911833833577521,57.67861,0.1474947861976414
Ki_1_57,7,4559,1505,3.720671786251166,13.843398541005444,50.078056,0.3194472839433423
Ki_1_57,7,4559,1506,3.8764181448889,15.026617634023898,59.120735,0.26360591487581814
Ki_1_57,7,4559,1507,6.749002846383403,45.549039420491276,358.90155,0.6886629432623326
Ki_1_57,7,4559,1508,4.901697897839896,24.02664228168806,168.47247,0.14889378473889492
Ki_1_57,7,4559,1509,4.8483364090076755,23.50636593490943,162.45766,0.37424014277585615
Ki_1_57,7,4559,1510,3.5413211581156405,12.5409555449175,54.668613,0.26087749010110023
Ki_1_57,7,4559,1511,4.313081394478999,18.602671115400916,52.7915,0.2838796899410101
Ki_1_57,7,4559,1512,4.186638298234995,17.52794024024801,13.363568,0.2188586913510508
Ki_1_57,7,4559,1513,7.43142135097439,55.22602329571804,298.8313,0.5625858210810145
Ki_1_57,7,4559,1514,6.526488729142377,42.595055131622466,426.79318,0.6136351111854086
Ki_1_57,7,4559,1515,5.335007696616349,28.46230712295568,134.78168,0.3972888816581958
Ki_1_57,7,4559,1516,6.428355192520254,41.32375048120211,292.78397,0.5306309339939466
Ki_1_57,7,4559,1517,8.515710550044782,72.51732617214401,403.67145,0.7543590135479048
Ki_1_57,7,4559,1518,4.34538213829072,18.882345927776036,99.15376,0.4221653622893631
Ki_1_57,7,4559,1519,5.268796012735031,27.760211423812557,123.13731,0.2913953075048783
Ki_1_57,7,4559,1520,5.018918932339261,25.189547249393463,99.391716,0.3866917374309591
Ki_1_57,7,4559,1521,5.404888845678763,29.212823434142706,289.39716,0.3471353560256079
Ki_1_57,7,4559,1522,7.447884206189811,55.47097914881164,537.8346,0.6412711695210618
Ki_1_57,7,4559,1523,4.2761558753396205,18.285509070201545,89.64409,0.28752872864111023
Ki_1_57,7,4559,1524,6.734641114309352,45.35539093854591,235.669,0.7412074825809055
Ki_1_57,7,4559,1525,6.9259297356928355,47.96850270375423,344.373,0.6804063414936753
Ki_1_57,7,4559,1526,4.584406675927422,21.016784570287907,30.154743,0.4073875705929938
Ki_1_57,7,4559,1527,4.928716421154705,24.292245560160048,179.03049,0.3479922353664363
Ki_1_57,7,4559,1528,5.572888688974652,31.057088339701618,254.29416,0.4755660504270225
Ki_1_57,7,4559,1529,6.091821573395592,37.11029008208794,100.22536,0.5241623059329008
Ki_1_57,7,4559,1530,3.9165634106821203,15.339468949893975,35.322998,0.189686519141399
Ki_1_57,7,4559,1531,5.0571383998545985,25.574648795283935,204.21834,0.2553408691810421
Ki_1_57,7,4559,1532,6.971672274451868,48.604214302360866,439.95126,0.7340620016026971
Ki_1_57,7,4559,1533,7.020897652512477,49.29300384705519,293.18713,0.4085756587995224
Ki_1_57,7,4559,1534,4.070957990991245,16.572698964415476,105.09189,0.40568152667740465
Ki_1_57,7,4559,1535,5.423224691043833,29.411366049547475,153.51108,0.5807901853417469
Ki_1_57,7,4559,1536,4.838862700690926,23.414592236137885,291.52505,0.32683863070215785
Ki_1_57,7,4559,1537,5.443196271388821,29.62838564886117,324.28003,0.5632854390305676
Ki_1_57,7,4559,1538,4.49035470173701,20.163285347411676,46.864437,0.19767755587830405
Ki_1_57,7,4559,1539,5.208236071849898,27.125722980118447,162.49605,0.1934070759121195
Ki_1_57,7,4559,1540,3.561211119877845,12.682224640341612,88.315445,0.12473364830731233
Ki_1_57,7,4559,1541,3.2327776831011814,10.450851548357038,54.24677,0.17019173374247037
Ki_1_57,7,4559,1542,5.165881342576516,26.686330045580142,102.48285,0.5744101884212667
Ki_1_57,7,4559,1543,3.6469150514873387,13.2999893927649,46.36688,0.1403736449176388
Ki_1_57,7,4559,1544,3.8619333455212863,14.914529165249236,70.21867,0.18014589279991322
Ki_1_57,7,4559,1545,4.308123099015443,18.559924636270416,150.2099,0.17068198805706863
Ki_1_57,7,4559,1546,4.8442313622138755,23.466577490656494,54.5503,0.2136648242470579
Ki_1_57,7,4559,1547,4.347917669228214,18.904388058386917,36.15461,0.15009945727855256
Ki_1_57,7,4559,1548,4.1593745857631985,17.30039694469278,138.30342,0.39303578567475933
Ki_1_57,7,4559,1549,4.408702908197388,19.43666133274809,109.06845,0.36422746119159644
Ki_1_57,7,4559,1550,3.088644329499122,9.539723794147086,18.549807,0.1972485675977394
Ki_1_57,7,4559,1551,4.1282895779264015,17.042774839215753,151.78366,0.18988900616796833
Ki_1_57,7,4559,1552,4.7726225393291415,22.777925902912546,99.733864,0.49070731731475387
Ki_1_57,7,4559,1553,3.2652981604925486,10.66217207691602,70.74509,0.06071182335491297
Ki_1_57,7,4559,1554,4.756396833452759,22.62331083727943,92.1352,0.4513142836021838
Ki_1_57,7,4559,1555,3.443666495867142,11.858838934757882,50.166134,0.3283522521298685
Ki_1_57,7,4559,1556,3.141761703989454,9.870666604654717,68.42166,0.22304409589450042
Ki_1_57,7,4559,1557,3.437610732100579,11.817167545453076,46.240013,0.11279135741463778
Ki_1_57,7,4559,1558,4.052510455452361,16.422840991550697,72.307625,0.48546774759655
Ki_1_57,7,4559,1559,6.430053403231249,41.34558676840578,223.03426,0.2822290777766615
Ki_1_57,7,4559,1560,4.553470379683013,20.734092498650558,47.493793,0.29345744236571575
Ki_1_57,7,4559,1561,4.150320199285637,17.225157756598367,100.501816,0.12775768120184108
Ki_1_57,7,4559,1562,5.458203865300515,29.791989435181474,269.63504,0.5726728179991292
Ki_1_57,7,4559,1563,7.899826520292473,62.40725905071625,341.28336,0.6937637121592408
Ki_1_57,7,4559,1564,5.184427445044013,26.87828793292559,78.26085,0.39610616492705775
Ki_1_57,7,4559,1565,4.511525328807701,20.353860792473434,36.49948,0.44612308447837234
Ki_1_57,7,4559,1566,5.82608812647743,33.94330285748128,188.63942,0.4263630087190866
Ki_1_57,7,4559,1567,5.251088137928048,27.573926632288654,182.84773,0.387243935560314
Ki_1_57,7,4559,1568,5.531858284774467,30.601456082827898,265.13635,0.5219638587721203
Ki_1_57,7,4559,1569,5.35130955125014,28.636513913300984,189.61185,0.46263738098259555
Ki_1_57,7,4559,1570,5.920232629982596,35.04915439311065,331.88492,0.41324075816489336
Ki_1_57,7,4559,1571,5.057352161746324,25.576810887920214,113.76932,0.4217047692775737
Ki_1_57,7,4559,1572,3.4505304808699293,11.906160599412466,50.952957,0.18777010365469954
Ki_1_57,7,4559,1573,5.456075175015333,29.768756315418607,117.660446,0.26761145410799847
Ki_1_57,7,4559,1574,3.4129042473920452,11.647915401866666,62.24503,0.10650519209953094
Ki_1_57,7,4559,1575,4.894281712825652,23.95399348449961,83.88234,0.5042533667098452
Ki_1_57,7,4559,1576,5.917022752523898,35.01115825388549,111.68396,0.39118978327459036
Ki_1_57,7,4559,1577,5.070409670293122,25.709054224602003,139.0156,0.4239247564649998
Ki_1_57,7,4559,1578,5.773496776060374,33.33326502317952,209.08649,0.29993293475897836
Ki_1_57,7,4559,1579,6.177062083018247,38.156095977461725,482.8199,0.6916181018825964
Ki_1_57,7,4559,1580,4.411627709885388,19.462459050628592,47.321888,0.38791957910601454
Ki_1_57,7,4559,1581,4.486611339147904,20.129681308570564,154.40555,0.37262837377506663
Ki_1_57,7,4559,1582,3.9127222217490063,15.30939518456848,57.798954,0.14523118468856439
Ki_1_57,7,4559,1583,3.4636787227619403,11.997070294513787,26.29764,0.1636711665090199
Ki_1_57,7,4559,1584,3.844946213140268,14.783611381941686,46.521805,0.1925994413683141
Ki_1_57,7,4559,1585,4.542619484208064,20.63539177830674,101.027855,0.5337515895913465
Ki_1_57,7,4559,1586,4.6110454091924975,21.261739765635205,136.82938,0.16125698476104355
Ki_1_57,7,4559,1587,3.682111076222793,13.557941977642573,42.119026,0.06760321050987923
Ki_1_57,7,4559,1588,3.5934002099241185,12.912525068682696,78.45539,0.18775860503342953
Ki_1_57,7,4559,1589,5.725373573848794,32.779902560126104,449.2649,0.7503486308435414
Ki_1_57,7,4559,1590,4.784068172060357,22.88730827492092,146.87164,0.5922641316792854
Ki_1_57,7,4559,1591,3.798593795942249,14.429314826570947,103.45256,0.05576993059995709
Ki_1_57,7,4559,1592,5.736487866435296,32.90729304175939,210.7842,0.4763146840556668
Ki_1_57,7,4559,1593,7.814410725089524,61.065014980394174,388.80295,0.6546592389940844
Ki_1_57,7,4559,1594,8.092410566369962,65.48710877469621,546.0443,0.7088947945620647
Ki_1_57,7,4559,1595,4.429093873871603,19.616872543566963,172.9462,0.4579541263568549
Ki_1_57,7,4559,1596,3.3037732314609594,10.91491756491799,29.590538,0.12478798053223811
Ki_1_57,7,4559,1597,4.076193171811252,16.615350773920674,169.08969,0.18437353255108094
Ki_1_57,7,4559,1598,4.937593236620239,24.37982697031791,243.77788,0.38241192295235377
Ki_1_57,7,4559,1599,4.914683791001734,24.154116765535164,53.359715,0.5168610561674252
Ki_1_57,7,4559,1600,3.9591062344421184,15.674522175598447,98.02302,0.25961889103237734
Ki_1_57,7,4559,1601,4.712769721738031,22.21019845013075,115.481,0.37653407245880505
Ki_1_57,7,4559,1602,3.0492890766959007,9.298163873256936,47.44893,0.09221001305423168
Ki_1_57,7,4559,1603,2.8200394511832267,7.952622506229795,7.049187,0.08488336640088824
Ki_1_57,7,4559,1604,4.382337022988846,19.20487778305874,81.367645,0.4505693725148213
Ki_1_57,7,4559,1605,3.241948149730046,10.510227805538067,80.73776,0.18876422767582107
Ki_1_57,7,4559,1606,4.076725262254257,16.61968886390204,54.701294,0.44186083411884736
Ki_1_57,7,4559,1607,4.680529054851575,21.907352233309766,181.26804,0.3198007974839105
Ki_1_57,7,4559,1608,3.6936775074243253,13.643253528852377,2.721086,0.1857307288129407
Ki_1_57,7,4559,1609,4.112787879710851,16.915024143496474,15.571266,0.33857947745520817
Ki_1_57,7,4559,1610,5.736397727974123,32.90625889350668,82.31526,0.47860895589087205
Ki_1_57,7,4559,1611,4.628591403176554,21.423858377559895,104.750885,0.20346252677684165
Ki_1_57,7,4559,1612,3.4543583794598187,11.932591813744265,40.60368,0.10078057477354854
Ki_1_57,7,4559,1613,4.133206814867827,17.083398574469857,126.984665,0.20419577843455544
Ki_1_57,7,4559,1614,6.312606933748111,39.84900630000474,304.5781,0.4492919339381437
Ki_1_57,7,4559,1615,7.74568123583809,59.99557780721429,343.72827,0.652991777311833
Ki_1_57,7,4559,1616,7.947514749943832,63.16299070057478,288.62033,0.7153247077718541
Ki_1_57,7,4559,1617,8.06450367719837,65.03621955954603,389.16257,0.7002204047568326
Ki_1_57,7,4559,1618,6.167475047404661,38.03774846035912,189.49156,0.43982128731505454
Ki_1_57,7,4559,1619,4.542996253787709,20.63881496192916,178.06825,0.2750741523605087
Ki_1_57,7,4559,1620,4.940021636653213,24.403813770601886,202.39226,0.3054397978975216
Ki_1_57,7,4559,1621,4.854023801706634,23.561547067534537,212.76434,0.09024475832983188
Ki_1_57,7,4559,1622,3.9161918161068403,15.336558340542197,28.76556,0.36673808328823926
Ki_1_57,7,4559,1623,5.757694543608326,33.15104645749708,166.91644,0.3275631977587077
Ki_1_57,7,4559,1624,3.97016214124134,15.762187427746024,4.0996823,0.11329457425059036
Ki_1_57,7,4559,1625,4.066317834655484,16.53494073243726,71.92329,0.36991377157982863
Ki_1_57,7,4559,1626,5.011259087876914,25.11271764582896,134.43552,0.35555414326221213
Ki_1_57,7,4559,1627,4.198365294505117,17.626271146105044,113.495995,0.3666052787617814
Ki_1_57,7,4559,1628,4.8224985634589475,23.256492394563615,24.335331,0.4973950598394541
Ki_1_57,7,4559,1629,4.024485291981881,16.196481865378484,160.29031,0.3210124267211664
Ki_1_57,7,4559,1630,5.709450192447999,32.597821500044496,184.0621,0.6398583842165824
Ki_1_57,7,4559,1631,4.152679971286028,17.24475094392012,42.317986,0.1582011200355574
Ki_1_57,7,4559,1632,4.1474076077132604,17.200989864517837,87.11441,0.12705540137031995
Ki_1_57,7,4559,1633,4.599455323019968,21.154989268456717,16.57402,0.14035854900886768
Ki_1_57,7,4559,1634,4.395276020275873,19.318451294412124,82.29985,0.31988632368931935
Ki_1_57,7,4559,1635,4.009247847756137,16.074068304737217,44.37599,0.18223038229789865
Ki_1_57,7,4559,1636,5.940846696689868,35.293659473570905,291.09854,0.5555764217961764
Ki_1_57,7,4559,1637,3.383096480096841,11.445341793643637,59.170143,0.35013534854267436
Ki_1_57,7,4559,1638,4.770265489082857,22.755432836334904,148.65178,0.5392738980425701
Ki_1_57,7,4559,1639,6.52044729933378,42.51623298338918,266.2232,0.7077375280427673
Ki_1_57,7,4559,1640,4.208722918503348,17.713348604735334,253.0028,0.44333770241166526
Ki_1_57,7,4559,1641,3.87092006978198,14.984022186640928,57.632984,0.12064503326875912
Ki_1_57,7,4559,1642,5.293448587220699,28.020597945548822,189.63837,0.4631052890487932
Ki_1_57,7,4559,1643,6.57741198979206,43.26234848346036,320.392,0.6319428332346804
Ki_1_57,7,4559,1644,5.067490079024301,25.679455701009715,118.18303,0.5096807741740463
Ki_1_57,7,4559,1645,4.012637703592147,16.101261340289263,95.03336,0.14203960111876812
Ki_1_57,7,4559,1646,6.136114747652346,37.65190419635662,95.79234,0.22109706517126518
Ki_1_57,7,4559,1647,4.675344381893987,21.858845089307668,83.68073,0.22736792249825305
Ki_1_57,7,4559,1648,4.16939882263216,17.38388654216644,18.59054,0.412649951313819
Ki_1_57,7,4559,1649,3.526215841409916,12.43419816021024,60.977455,0.028758497760901426
Ki_1_57,7,4559,1650,4.321226161865263,18.67299554198879,40.237926,0.39962515941581983
Ki_1_57,7,4559,1651,7.045877405401968,49.64438841195396,268.03497,0.5562170918745591
Ki_1_57,7,4559,1652,6.754980942853813,45.62976753831817,360.66803,0.6581202371113031
Ki_1_57,7,4559,1653,3.2662432677299584,10.66834508399128,20.595272,0.37956700787782405
Ki_1_57,7,4559,1654,4.871067057203183,23.72729427577007,162.18695,0.5589817661965517
Ki_1_57,7,4559,1655,5.978968374729097,35.74806282601068,171.85866,0.4942801552315785
Ki_1_57,7,4559,1656,4.929628193100061,24.301234122206978,88.91805,0.4474300850876637
Ki_1_57,7,4559,1657,5.390970030403573,29.06255786870951,119.14369,0.5170419722412654
Ki_1_57,7,4559,1658,6.118495578720255,37.43598814681933,246.83073,0.5318189449801708
Ki_1_57,7,4559,1659,5.06154882076661,25.619276465003864,47.574272,0.47228625852697964
Ki_1_57,7,4559,1660,6.511596680039344,42.40089132349941,265.0701,0.640547186693788
Ki_1_57,7,4559,1661,6.007294300374068,36.08758481130677,241.62268,0.6458288320283455
Ki_1_57,7,4559,1662,6.013953357449298,36.167634985575674,346.65985,0.640420051818218
Ki_1_57,7,4559,1663,6.391222685746959,40.84772741880656,209.56213,0.6623327419290104
Ki_1_57,7,4559,1664,5.886305223404946,34.648589183084354,183.9037,0.7954002102372646
Ki_1_57,7,4559,1665,6.980081546348097,48.72153839366922,239.58282,0.7747223782489642
Ki_1_57,7,4559,1666,4.262837467145264,18.171783271297443,97.1612,0.2530924480305216
Ki_1_57,7,4559,1667,6.4342689370751565,41.39981675461027,374.53354,0.7275075583465607
Ki_1_57,7,4559,1668,4.290975899479356,18.412474169912667,21.573282,0.5217411959571583
Ki_1_57,7,4559,1669,3.6714143446886878,13.479283290385867,88.41161,0.35392506915858785
Ki_1_57,7,4559,1670,5.338079640334375,28.49509424655237,153.51952,0.6733881050343895
Ki_1_57,7,4559,1671,3.899078993826094,15.202817000095903,6.5720425,0.5004893366141535
Ki_1_57,7,4559,1672,4.966843667363462,24.669536016028527,210.48418,0.6299924147379539
Ki_1_57,7,4559,1673,4.633694416031026,21.471123941157117,148.33365,0.1813323631911841
Ki_1_57,7,4559,1674,3.624718327116065,13.138582950931088,90.19537,0.16111034787818593
Ki_1_57,7,4559,1675,3.939265893512082,15.517815779787544,90.341774,0.34465156437862743
Ki_1_57,7,4559,1676,3.7719152898803308,14.227344954033024,96.47267,0.16019078092166222
Ki_1_57,7,4559,1677,4.846459832490511,23.48817290794394,113.08495,0.1515899651583654
Ki_1_57,7,4559,1678,3.3624154290529216,11.305837517533138,41.61505,0.19315420043645615
Ki_1_57,7,4559,1679,4.815717798966001,23.191137919277946,115.45318,0.5410944936065823
Ki_1_57,7,4559,1680,4.185710611156686,17.520173320349677,68.22111,0.4668024819473596
Ki_1_57,7,4559,1681,5.672963242563574,32.18251195147742,213.63092,0.30345338887271184
Ki_1_57,7,4559,1682,7.08370226808822,50.17883782291817,283.79248,0.6745327061363539
Ki_1_57,7,4559,1683,5.255483236387518,27.62010404795023,52.70337,0.400102740064211
Ki_1_57,7,4559,1684,3.2307653891461676,10.437844999704783,20.831383,0.2671844156694847
Ki_1_57,7,4559,1685,3.9977960039843916,15.98237288947357,51.63289,0.19614628841879855
Ki_1_57,7,4559,1686,3.824669388878025,14.6280959342206,2.5579011,0.34213354095415116
Ki_1_57,7,4559,1687,3.386979514250635,11.471630229953465,88.88988,0.12572309577339358
Ki_1_57,7,4559,1688,5.322257019302499,28.326419779514715,145.28633,0.37091426564014884
Ki_1_57,7,4559,1689,3.2851687870597766,10.792333959471799,70.4137,0.18316253905167784
Ki_1_57,7,4559,1690,3.6122565982850197,13.048397731853665,44.328915,0.12720726797312443
Ki_1_57,7,4559,1691,4.498485392014543,20.236370822168237,81.48497,0.2249653477181923
Ki_1_57,7,4559,1692,3.7322198243245435,13.92946481708113,91.405304,0.2072762506920512
Ki_1_57,7,4559,1693,3.6984004325124196,13.678165759208056,44.900986,0.20356734933282095
Ki_1_57,7,4559,1694,5.138314296817358,26.402273812877645,257.54077,0.23813555445365264
Ki_1_57,7,4559,1695,4.9725140019829075,24.725895499916067,23.684366,0.47931236008235895
Ki_1_57,7,4559,1696,3.320865975911917,11.028150829969407,1.0285208,0.2992119405779763
Ki_1_57,7,4559,1697,5.4087037985220965,29.254076780147358,363.03284,0.3477122864831194
Ki_1_57,7,4559,1698,4.595213296481127,21.115985240156952,200.3401,0.43259869569862697
Ki_1_57,7,4559,1699,5.035592758121704,25.357194425647744,193.58429,0.36469871712955504
Ki_1_57,7,4559,1700,3.5258661200641823,12.431731896616455,47.329155,0.2727870905751064
Ki_1_57,7,4559,1701,6.557730055931708,43.00382348647009,210.99234,0.5305027893135646
Ki_1_57,7,4559,1702,5.861691622721366,34.35942867988184,184.1933,0.5510739757675537
Ki_1_57,7,4559,1703,6.12220408709005,37.4813828839821,211.52748,0.7226830374276116
Ki_1_57,7,4559,1704,5.8150576668861005,33.81489566921082,245.63219,0.6235916079046107
Ki_1_57,7,4559,1705,3.998035293867299,15.98428621100858,102.946434,0.37338965480378283
Ki_1_57,7,4559,1706,5.384767655443614,28.995722703111724,229.6414,0.3719589787768909
Ki_1_57,7,4559,1707,4.1143598122000435,16.927956664246764,50.89489,0.2752181843827829
Ki_1_57,7,4559,1708,3.7778050808707624,14.271811229052945,59.931347,0.22072920647216543
Ki_1_57,7,4559,1709,4.652602269425885,21.646707877466895,131.103,0.55074733849989
Ki_1_57,7,4559,1710,4.385768285923229,19.234963457809975,193.90976,0.3504460577361064
Ki_1_57,7,4559,1711,3.650332145918197,13.324924775523753,81.89824,0.08887228489335208
Ki_1_57,7,4559,1712,4.241586912525793,17.991059536510082,74.95407,0.10415444446217335
Ki_1_57,7,4559,1713,3.41942376353022,11.692458874595175,20.853354,0.27803998512670575
Ki_1_57,7,4559,1714,6.013845622895026,36.16633917601366,131.67458,0.5004794690996072
Ki_1_57,7,4559,1715,7.130633485245786,50.84593390090847,358.57666,0.23284072620419016
Ki_1_57,7,4559,1716,3.8351799219326663,14.708605033595452,87.57319,0.23446403325116466
Ki_1_57,7,4559,1717,5.97225639479265,35.667846445141684,234.70013,0.6062689354707155
Ki_1_57,7,4559,1718,3.807036448851498,14.49352652288382,32.115032,0.09354687052682926
Ki_1_57,7,4559,1719,4.458983111938542,19.882530392553125,85.02744,0.2367695003240918
Ki_1_57,7,4559,1720,4.734971948744496,22.419959355397253,303.39236,0.37942458014344016
Ki_1_57,7,4559,1721,6.286516308288273,39.52028729437441,425.9698,0.5322004226387143
Ki_1_57,7,4559,1722,7.213536875924028,52.03511426031578,421.67905,0.5500088296508698
Ki_1_57,7,4559,1723,4.825421533507291,23.28469297603586,80.49707,0.36987895903005946
Ki_1_57,7,4559,1724,5.150249292754833,26.525067777521663,94.24198,0.4819407620762045
Ki_1_57,7,4559,1725,3.6269372362369117,13.154673715601843,47.503906,0.1058102187427987
Ki_1_57,7,4559,1726,3.3903202329151765,11.494271281714017,16.235968,0.18015877399681385
Ki_1_57,7,4559,1727,5.786506655755301,33.48365927710039,170.76491,0.5060927075626214
Ki_1_57,7,4559,1728,7.576959511124712,57.410315433223225,380.2057,0.6980351609818031
Ki_1_57,7,4559,1729,6.048776484786794,36.587696962909696,304.71014,0.6531828651011538
Ki_1_57,7,4559,1730,5.522622080781165,30.499354647131685,125.36232,0.4819578453494111
Ki_1_57,7,4559,1731,7.493392446792498,56.15093036164687,160.57907,0.7743736159159897
Ki_1_57,7,4559,1732,6.155645761341584,37.89197473912262,313.8148,0.4572844190478086
Ki_1_57,7,4559,1733,4.473798471044094,20.01487275951647,188.86963,0.1709626808692566
Ki_1_57,7,4559,1734,4.0182199414089235,16.146091497536336,20.025652,0.4629123298425917
Ki_1_57,7,4559,1735,4.692586086971576,22.02036418363921,158.5726,0.17013832946301327
Ki_1_57,7,4559,1736,4.168274863383391,17.374515336713817,59.587223,0.49215943696690423
Ki_1_57,7,4559,1737,4.867386440547796,23.691450761628552,144.53363,0.5377365561692955
Ki_1_57,7,4559,1738,5.438353880862733,29.575692933494746,288.5844,0.4294119511054263
Ki_1_57,7,4559,1739,4.57498895402117,20.93052392941572,155.8942,0.10910320286113333
Ki_1_57,7,4559,1740,7.459158079095025,55.639039248928576,302.17163,0.3958790984650763
Ki_1_57,7,4559,1741,4.28452336464122,18.35714046215652,97.772644,0.1589594131435745
Ki_1_57,7,4559,1742,3.2165395412377573,10.346126620345999,46.77465,0.14436555503778697
Ki_1_57,7,4559,1743,3.821142924920472,14.601133252669772,157.87698,0.3170553941731278
Ki_1_57,7,4559,1744,5.559444558425611,30.90742379820813,103.513115,0.4224062054226648
Ki_1_57,7,4559,1745,3.7709797748437617,14.220288462280713,54.96347,0.21368042355439604
Ki_1_57,7,4559,1746,3.5942449567574815,12.918596809176588,56.9028,0.27581869627796374
Ki_1_57,7,4559,1747,6.596568905826817,43.5147213293212,416.05408,0.7966078504202228
Ki_1_57,7,4559,1748,6.9561294731742835,48.387737247563926,274.30164,0.6866156888873683
Ki_1_57,7,4559,1749,4.942215096456768,24.425490059645178,42.360767,0.2023371860171656
Ki_1_57,7,4559,1750,3.510662067535788,12.324748152434655,71.08552,0.4626675250082271
Ki_1_57,7,4559,1751,3.7708611042144553,14.219393467277456,193.01237,0.24795155515743922
Ki_1_57,7,4559,1752,4.849519048455567,23.517835001333385,192.36638,0.4280121577557541
Ki_1_57,7,4559,1753,4.9177502013016605,24.184267042402528,120.199646,0.3529922026093377
Ki_1_57,7,4559,1754,3.4338642810599236,11.791423900739186,21.16268,0.16688523823942325
Ki_1_57,7,4559,1755,4.888897430711955,23.90131808802196,93.05608,0.4121604438417588
Ki_1_57,7,4559,1756,6.11978853686358,37.45181173592689,242.30696,0.6801763007293619
Ki_1_57,7,4559,1757,4.27485652660404,18.27439832304916,108.63048,0.36519427438043417
Ki_1_57,7,4559,1758,6.943551824546127,48.212911940157845,284.88525,0.6851975065677084
Ki_1_57,7,4559,1759,5.763975848699351,33.2234175843894,68.30097,0.7305933311179433
Ki_1_57,7,4559,1760,3.835318648879863,14.70966913844566,152.43608,0.4084471223262043
Ki_1_57,7,4559,1761,6.712883077035445,45.06279920594886,314.26154,0.47334142262636597
Ki_1_57,7,4559,1762,3.8890698442454146,15.124864253419055,149.7705,0.13625553402394802
Ki_1_57,7,4559,1763,3.294116019964433,10.851200352986314,61.31396,0.18598886907095585
Ki_1_57,7,4559,1764,5.687703715248163,32.349973552447764,187.32858,0.5835389470618977
Ki_1_57,7,4559,1765,7.553513454727477,57.055565510749034,405.11322,0.6489371148542147
Ki_1_57,7,4559,1766,7.769185041378716,60.36023620718281,434.21875,0.7848248839680605
Ki_1_57,7,4559,1767,7.229627560975862,52.26751467042179,305.3258,0.7308375799013044
Ki_1_57,7,4559,1768,6.562396890831888,43.06505295280004,405.9284,0.6022635077004159
Ki_1_57,7,4559,1769,4.25074677564755,18.068848150678043,123.391785,0.37202980508933964
Ki_1_57,7,4559,1770,4.730615954126268,22.37872730543398,232.92204,0.28983602911891015
Ki_1_57,7,4559,1771,4.241546161736434,17.99071384214107,98.16629,0.2704942444773544
Ki_1_57,7,4559,1772,5.013045057474247,25.130620748266967,55.06057,0.26647217110456706
Ki_1_57,7,4559,1773,3.645650895882093,13.290770454645905,108.3905,0.4090119371022451
Ki_1_57,7,4559,1774,4.170247536744357,17.39096451772238,73.16109,0.13368577594671824
Ki_1_57,7,4559,1775,4.729765093217427,22.370677837018054,146.77077,0.12830029368711326
Ki_1_57,7,4559,1776,6.014449323352753,36.173600663178405,216.00157,0.369010729930655
Ki_1_57,7,4559,1777,4.341224677097865,18.846231697043464,186.3932,0.2612074966566037
Ki_1_57,7,4559,1778,6.784551433098101,46.03013814835348,235.60017,0.3444460737819031
Ki_1_57,7,4559,1779,5.359351151069478,28.722644760469745,334.73956,0.5278770106526356
Ki_1_57,7,4559,1780,6.3714098859819215,40.594863935188165,252.09842,0.7517641455805837
Ki_1_57,7,4559,1781,5.224238354692944,27.292666386644846,272.31964,0.5199576426155439
Ki_1_57,7,4559,1782,3.5045785613836675,12.282070892910015,53.545414,0.20859519043350178
Ki_1_57,7,4559,1783,4.786609812328503,22.9116334954795,249.4267,0.3486899633069837
Ki_1_57,7,4559,1784,5.298107260694538,28.069940545824174,108.77941,0.1175269986111272
Ki_1_57,7,4559,1785,7.005309318182019,49.074358643407805,164.18658,0.6544067998256606
Ki_1_57,7,4559,1786,6.213415394125741,38.60653085995875,334.0838,0.6886653473683342
Ki_1_57,7,4559,1787,3.7945934125196272,14.398939166337353,10.730629,0.12714139518116307
Ki_1_57,7,4559,1788,5.535822873323952,30.645334884816656,105.14802,0.5272407021062888
Ki_1_57,7,4559,1789,4.848539054201422,23.508330960116417,187.43364,0.21381790266500345
Ki_1_57,7,4559,1790,5.728484229674429,32.81553156962864,141.79616,0.5237403222598256
Ki_1_57,7,4559,1791,6.003232989566158,36.03880632701543,207.34882,0.6581684158139706
Ki_1_57,7,4559,1792,6.773082691272148,45.87464914281034,325.02094,0.6486649543248928
Ki_1_57,7,4559,1793,8.488262565733159,72.05060138482688,688.9959,0.7551589996483197
Ki_1_57,7,4559,1794,4.37564016926188,19.14622689085813,72.42308,0.21626413784464477
Ki_1_57,7,4559,1795,3.760090685157912,14.138281960611293,51.37713,0.05374333056203397
Ki_1_57,7,4559,1796,4.2971527629396284,18.46552186803968,106.553276,0.48128476443580986
Ki_1_57,7,4559,1797,4.127270973070195,17.034365685147804,52.881794,0.21472738476237446
Ki_1_57,7,4559,1798,4.044544966643896,16.35834398720447,59.866074,0.06948341076355001
Ki_1_57,7,4559,1799,3.92949508908609,15.440931655151703,47.08359,0.5103025805073304
Ki_1_57,7,4559,1800,6.071683582706476,36.86534152850734,401.91122,0.6213021629846247
Ki_1_57,7,4559,1801,6.495239627660563,42.18813782073212,362.77393,0.4589714723168238
Ki_1_57,7,4559,1802,4.620076992246539,21.345111414285828,136.6422,0.2262625990911894
Ki_1_57,7,4559,1803,3.882165868396768,15.071211829744836,8.598192,0.26440490524935745
Ki_1_57,7,4559,1804,3.5769521631552563,12.794586777501063,5.9519434,0.2613661643117895
Ki_1_57,7,4559,1805,5.6363108457792395,31.76799995024869,120.268234,0.27154572222219925
Ki_1_57,7,4559,1806,4.673034920178841,21.837255365210883,82.07967,0.22834061326397098
Ki_1_57,7,4559,1807,4.654335035684416,21.662834624399448,135.65657,0.6505807380840418
Ki_1_57,7,4559,1808,6.653591582579252,44.27028094776947,393.8444,0.6105984939381894
Ki_1_57,7,4559,1809,6.105008329829677,37.27112670728974,242.7298,0.6455545081701468
Ki_1_57,7,4559,1810,5.7917391150480455,33.544241976777535,171.96367,0.5285838327379693
Ki_1_57,7,4559,1811,5.716699042678479,32.68064794456104,147.18384,0.701361809724158
Ki_1_57,7,4559,1812,4.97880305654182,24.788479875830177,45.233032,0.46420077862816866
Ki_1_57,7,4559,1813,4.931946270130569,24.324094011454832,61.61359,0.6174775255149465
Ki_1_57,7,4559,1814,5.7691292641186624,33.28285246611035,155.28012,0.38839633133736406
Ki_1_57,7,4559,1815,7.391326135948757,54.63170204795921,427.78714,0.8226363832749338
Ki_1_57,7,4559,1816,5.259880558163535,27.666343486146744,141.09335,0.639559861152016
Ki_1_57,7,4559,1817,4.045148987827684,16.363230333723337,37.825756,0.18884207653223034
Ki_1_57,7,4559,1818,4.068160362183844,16.54992873244377,108.66876,0.326186324751492
Ki_1_57,7,4559,1819,4.754340472719202,22.60375333053583,125.52704,0.43781820370634095
Ki_1_57,7,4559,1820,5.626621588427312,31.658870499356286,330.28162,0.35974493848100403
Ki_1_57,7,4559,1821,7.051048941886077,49.71729118087277,88.917175,0.7899161132363459
Ki_1_57,7,4559,1822,3.858538957917036,14.88832288976349,74.9379,0.20076567383579208
Ki_1_57,7,4559,1823,4.820947145816268,23.24153138275401,46.508137,0.31030032008855923
Ki_1_57,7,4559,1824,3.6766475103896106,13.517736915654126,167.85168,0.25284234599955485
Ki_1_57,7,4559,1825,5.215013721719823,27.196368117726042,198.91202,0.4737275971725997
Ki_1_57,7,4559,1826,3.8935867966354216,15.160018142933687,24.980656,0.15534281392249008
Ki_1_57,7,4559,1827,6.222493929825278,38.71943070671244,333.60464,0.743557977750947
Ki_1_57,7,4559,1828,3.4638667465729625,11.99837283801396,27.131954,0.20786968596520172
Ki_1_57,7,4559,1829,4.478148515778945,20.053814129373166,172.31512,0.38399175823230314
Ki_1_57,7,4559,1830,4.070858085610659,16.57188555318168,161.94089,0.34559779327637463
Ki_1_57,7,4559,1831,6.453320755982003,41.64534877958812,359.75116,0.5430730881714241
Ki_1_57,7,4559,1832,3.706677819996978,13.739460461257545,78.06304,0.21516827937081687
Ki_1_57,7,4559,1833,3.953783453127035,15.632403594221142,124.17912,0.15910160050681565
Ki_1_57,7,4559,1834,3.858614529501067,14.888906087276744,49.25526,0.24244847160438213
Ki_1_57,7,4559,1835,3.7587699784297426,14.128351750744734,28.961725,0.20155253981319612
Ki_1_57,7,4559,1836,6.394610110659019,40.89103846734255,421.81357,0.6765961585654646
Ki_1_57,7,4559,1837,5.274140727903802,27.816560417733655,289.28735,0.37172386258124557
Ki_1_57,7,4559,1838,5.217304279267291,27.22026394246077,111.01447,0.4288562173109475
Ki_1_57,7,4559,1839,7.354757981147819,54.09246496125754,328.94714,0.8122645296017688
Ki_1_57,7,4559,1840,4.250707747107964,18.068516351323662,44.760998,0.22620118464060993
Ki_1_57,7,4559,1841,4.140665269371067,17.145108872975772,8.25374,0.2634491088073987
Ki_1_57,7,4559,1842,4.493542544220351,20.19192459671831,87.219,0.38969062815828825
Ki_1_57,7,4559,1843,4.0850885159605514,16.68794818323278,35.963985,0.22772250583022485
Ki_1_57,7,4559,1844,5.023392690192212,25.234474119876552,176.02069,0.5383193943741944
Ki_1_57,7,4559,1845,5.707812579497326,32.579124442667926,155.40881,0.3217047028800025
Ki_1_57,7,4559,1846,5.419579785493529,29.37184505133009,27.8984,0.25733484969726267
Ki_1_57,7,4559,1847,4.659260308369568,21.70870662114808,44.21965,0.3057314637429649
Ki_1_57,7,4559,1848,4.559943748427473,20.7930869888228,26.047546,0.21357328958430977
Ki_1_57,7,4559,1849,4.224992842693498,17.850564520811286,76.93591,0.4955602218031998
Ki_1_57,7,4559,1850,7.103518315851064,50.459972463631544,325.90704,0.7788066373097429
Ki_1_57,7,4559,1851,8.707721939390634,75.82442137374498,482.958,0.8842893622071195
Ki_1_57,7,4559,1852,4.643960243944664,21.566366747338584,136.91519,0.568239316260102
Ki_1_57,7,4559,1853,8.094520051345617,65.52125486163625,272.20276,0.7334732576953833
Ki_1_57,7,4559,1854,5.535954524369361,30.646792495885595,279.49432,0.5494272845590689
Ki_1_57,7,4559,1855,4.773168193299476,22.783134601525795,106.38556,0.23137672798608044
Ki_1_57,7,4559,1856,3.8981738559652968,15.195759411331341,66.24142,0.2211834222746827
Ki_1_57,7,4559,1857,3.8311709667324525,14.67787097633367,39.779797,0.24625442793878324
Ki_1_57,7,4559,1858,5.301934303002917,28.110507353359036,163.20694,0.5597658119445085
Ki_1_57,7,4559,1859,7.040662539987422,49.57092900198212,207.99095,0.7195399604318307
Ki_1_57,7,4559,1860,3.7492834296115896,14.057126235560046,81.33248,0.21596253233107915
Ki_1_57,7,4559,1861,5.367105277594832,28.8058190607863,218.87463,0.4808552742450939
Ki_1_57,7,4559,1862,3.7313415793244267,13.922909981595305,56.984745,0.1521439316536151
Ki_1_57,7,4559,1863,7.366037926493577,54.258514734541784,489.03598,0.6626735919636448
Ki_1_57,7,4559,1864,5.97675884788681,35.721646325793266,261.63953,0.6343583821451723
Ki_1_57,7,4559,1865,4.843229992971419,23.45687676481793,121.21507,0.5706746409392041
Ki_1_57,7,4559,1866,4.45874916213636,19.8804440908517,154.85242,0.5052133514483098
Ki_1_57,7,4559,1867,6.393185287649391,40.87281812221664,302.34283,0.7484984752048596
Ki_1_57,7,4559,1868,6.771234159889237,45.8496120480509,368.53912,0.6332562431090143
Ki_1_57,7,4559,1869,3.631082755895101,13.184761980158761,7.7568645,0.12919415597719358
Ki_1_57,7,4559,1870,4.346428904731153,18.89144422388246,164.72263,0.4383243786134774
Ki_1_57,7,4559,1871,5.822828406727644,33.90533065419441,217.2794,0.5817342619148281
Ki_1_57,7,4559,1872,4.148091956634783,17.206666880698172,208.86998,0.5506261673750812
Ki_1_57,7,4559,1873,4.080658156353792,16.651770989016725,68.87194,0.16762250355530608
Ki_1_57,7,4559,1874,5.470777676695804,29.92940838783316,70.57256,0.3884035956498345
Ki_1_57,7,4559,1875,4.341264622862505,18.846578525717526,1.8710567,0.32833170336262024
Ki_1_57,7,4559,1876,3.836449148221844,14.718342066892115,82.954025,0.07128486270972567
Ki_1_57,7,4559,1877,3.8533709607597895,14.848467761226829,57.733868,0.09700853539345403
Ki_1_57,7,4559,1878,4.980457356948604,24.804955484383477,265.87512,0.3494575760976839
Ki_1_57,7,4559,1879,6.954540145698824,48.36562863813662,200.3771,0.6217342979494342
Ki_1_57,7,4559,1880,6.395101724243423,40.89732606342119,161.75461,0.6519012304645556
Ki_1_57,7,4559,1881,4.410218368305098,19.450026056135684,200.12134,0.3398853632649555
Ki_1_57,7,4559,1882,4.124574086368622,17.01211139394356,21.744703,0.20733201501781295
Ki_1_57,7,4559,1883,4.5799781879807995,20.976200202379882,14.821205,0.5900503820241231
Ki_1_57,7,4559,1884,4.702336011487894,22.111963964935878,186.51532,0.4414142389223107
Ki_1_57,7,4559,1885,3.547986435031745,12.588207743169272,12.828273,0.11048467675468135
Ki_1_57,7,4559,1886,3.8314038395708385,14.679655381878167,48.55436,0.0953495283215327
Ki_1_57,7,4559,1887,2.9814088011609123,8.88879843963975,26.547733,0.19033723983106962
Ki_1_57,7,4559,1888,4.420459514305726,19.54046231761601,65.83239,0.2881778186536623
Ki_1_57,7,4559,1889,3.3793288766903267,11.419863656833106,142.43561,0.24324296546589258
Ki_1_57,7,4559,1890,3.8224308223541636,14.610977391683129,136.14749,0.2705530898677073
Ki_1_57,7,4559,1891,4.061005543732181,16.491766026223498,87.322136,0.35342953079854894
Ki_1_57,7,4559,1892,5.797097689370534,33.60634162010517,191.78096,0.6554809727540174
Ki_1_57,7,4559,1893,5.218539320336158,27.23315263789457,353.41516,0.6031796559994592
Ki_1_57,7,4559,1894,3.4237378913346057,11.721981148560333,78.532814,0.1390340411464032
Ki_1_57,7,4559,1895,6.340895149251462,40.206951293800735,112.33603,0.18421786236651377
Ki_1_57,7,4559,1896,5.9613235507613425,35.537378476861825,301.48785,0.5955231943412616
Ki_1_57,7,4559,1897,4.2659880803355685,18.198654301565146,107.75612,0.27732227084521516
Ki_1_57,7,4559,1898,4.268820450087389,18.22282803508431,51.028896,0.4618172880521404
Ki_1_57,7,4559,1899,5.33437286683088,28.455533882381513,39.712,0.1975697263880052
Ki_1_57,7,4559,1900,5.656314891396879,31.993898150638103,155.64575,0.6955743372235264
Ki_1_57,7,4559,1901,5.6673795764788215,32.11919126388928,225.00154,0.5947781683017727
Ki_1_57,7,4559,1902,7.033989910915943,49.47701406686728,247.47769,0.7575852724061214
Ki_1_57,7,4559,1903,7.512549908788531,56.43840613203854,287.46783,0.7340680402700408
Ki_1_57,7,4559,1904,6.4471088799678755,41.56521291016063,165.18849,0.46864184202398196
Ki_1_57,7,4559,1905,3.968849689781384,15.751767860077791,64.98198,0.40024493583424514
Ki_1_57,7,4559,1906,5.323758833787188,28.34240812032712,220.92545,0.30763134534602177
Ki_1_57,7,4559,1907,5.178410988416718,26.815940364955004,104.931595,0.2657615551591518
Ki_1_57,7,4559,1908,6.004794784749058,36.057560406949484,420.0542,0.5352293358548635
Ki_1_57,7,4559,1909,6.165583426338504,38.01441898714004,61.0186,0.7031697480029784
Ki_1_57,7,4559,1910,6.103086724214581,37.24766756328426,91.481316,0.6591476597345549
Ki_1_57,7,4559,1911,3.5718245941826963,12.75793093160839,33.589024,0.27966906558328514
Ki_1_57,7,4559,1912,4.506015394844486,20.3041747385755,90.10492,0.24066324459214927
Ki_1_57,7,4559,1913,4.238266800101135,17.962905468839516,92.36707,0.5048613470609413
Ki_1_57,7,4559,1914,5.124827108465696,26.26385289166487,181.89569,0.5253503439953044
Ki_1_57,7,4559,1915,3.5480914965807324,12.588953268108503,139.58276,0.33677635741600837
Ki_1_57,7,4559,1916,5.533455376851951,30.619128407611765,347.0017,0.36104157485107946
Ki_1_57,7,4559,1917,4.352414238171645,18.943509700639257,63.41159,0.36595187114621963
Ki_1_57,7,4559,1918,5.004856079072334,25.048584372227293,139.71059,0.4305556742132899
Ki_1_57,7,4559,1919,5.4149643604344835,29.321839024775638,103.438286,0.19146394890941493
Ki_1_57,7,4559,1920,3.720855657617552,13.844766824824548,64.93529,0.22226256043972253
Ki_1_57,7,4559,1921,3.9515530783758224,15.614771731221436,66.18041,0.343199844043137
Ki_1_57,7,4559,1922,4.49584983207215,20.212665712543174,133.06532,0.5724999679320367
Ki_1_57,7,4559,1923,4.276354953665939,18.287211689743216,121.49683,0.4422607190624903
Ki_1_57,7,4559,1924,4.485741400006737,20.121875907734402,115.26831,0.17107151571877166
Ki_1_57,7,4559,1925,6.1911400244803225,38.33021480272219,239.77095,0.3933357073071143
Ki_1_57,7,4559,1926,4.6867681414262305,21.965795611487888,196.15022,0.5081923095508636
Ki_1_57,7,4559,1927,3.8296920928080915,14.666541525716825,68.81023,0.1780137094615081
Ki_1_57,7,4559,1928,3.5595572836518405,12.670448055598868,95.06703,0.36637227470331
Ki_1_57,7,4559,1929,4.545984153855406,20.66597192710445,71.84004,0.5394754497641068
Ki_1_57,7,4559,1930,5.831268944992237,34.00369750883088,214.14062,0.4322347257994588
Ki_1_57,7,4559,1931,5.353073298983276,28.6553937442877,164.38316,0.48000696549139243
Ki_1_57,7,4559,1932,3.6763496474022794,13.515546729954862,15.468884,0.27212983775416716
Ki_1_57,7,4559,1933,5.457446461940221,29.783721884943862,246.88104,0.5332468708624121
Ki_1_57,7,4559,1934,3.3136081351126934,10.979998873085023,66.36631,0.06125314330261159
Ki_1_57,7,4559,1935,4.073141806296932,16.590484174203834,24.580112,0.30149838393309536
Ki_1_57,7,4559,1936,5.469419780795201,29.914552738553816,176.11809,0.45119703504047315
Ki_1_57,7,4559,1937,3.9871223331274543,15.89714449932372,43.280632,0.1594230401001041
Ki_1_57,7,4559,1938,3.8016625057011275,14.452637807253776,116.30027,0.2301870539493901
Ki_1_57,7,4559,1939,3.914161763125005,15.320662307909851,112.19368,0.11805926340105918
Ki_1_57,7,4559,1940,6.377759227108671,40.675812758969776,296.46777,0.6582498465041815
Ki_1_57,7,4559,1941,4.453395113086567,19.832728033263322,197.5944,0.5574682820152821
Ki_1_57,7,4559,1942,3.1458548724001236,9.8964028782036,31.044266,0.19618886919766265
Ki_1_57,7,4559,1943,5.97050541275855,35.64693488377915,170.43437,0.6264339599422792
Ki_1_57,7,4559,1944,5.5953025067653765,31.307410142214902,74.698296,0.2915633357983915
Ki_1_57,7,4559,1945,4.865998343632038,23.677939880229733,126.59636,0.235371887491646
Ki_1_57,7,4559,1946,4.194994134007076,17.59797578435377,57.092194,0.08483956475486906
Ki_1_57,7,4559,1947,3.5652848820219636,12.71125628997437,54.500904,0.21388753689897747
Ki_1_57,7,4559,1948,5.019293726911716,25.1933095170153,284.43918,0.44915447178574475
Ki_1_57,7,4559,1949,4.18752646078082,17.535377859739523,18.838602,0.18862939117242394
Ki_1_57,7,4559,1950,6.654840784995408,44.2869058736383,387.51202,0.6980736928493061
Ki_1_57,7,4559,1951,4.518565007563772,20.417429727579798,110.154976,0.20112039158126813
Ki_1_57,7,4559,1952,3.3190476613672506,11.016077378427413,12.625079,0.038435976768560885
Ki_1_57,7,4559,1953,4.319920526925933,18.661713358956025,18.681032,0.382214713130667
Ki_1_57,7,4559,1954,6.2053417984884796,38.50626683606824,260.17676,0.5062970435739788
Ki_1_57,7,4559,1955,6.3716713386792465,40.59819564814659,216.23143,0.6498390584904958
Ki_1_57,7,4559,1956,6.780834495406444,45.979716454093975,179.31499,0.6359616397895704
Ki_1_57,7,4559,1957,3.7101606910053024,13.765292353080945,106.773026,0.19064523925771534
Ki_1_57,7,4559,1958,3.529744456369471,12.459095927271006,69.05275,0.25220737319744396
Ki_1_57,7,4559,1959,6.363850675859041,40.49859542463158,319.63406,0.6437097452503123
Ki_1_57,7,4559,1960,5.925094696334418,35.10674716053026,255.13931,0.3867186968042493
Ki_1_57,7,4559,1961,4.255779960733515,18.111663074180964,155.14873,0.3685664374893648
Ki_1_57,7,4559,1962,3.7476793264123587,14.04510033361859,146.73465,0.21780317368514834
Ki_1_57,7,4559,1963,5.534992060641616,30.63613711136572,215.72932,0.20957577978138645
Ki_1_57,7,4559,1964,4.151060851200355,17.231306190368215,114.21441,0.3018564525559731
Ki_1_57,7,4559,1965,4.64686132443006,21.593320168483896,8.971252,0.3152002011907672
Ki_1_57,7,4559,1966,4.255083227885399,18.105733276231625,62.393414,0.2727077386383974
Ki_1_57,7,4559,1967,5.047109848746083,25.473317825309717,85.15582,0.13793376533891086
Ki_1_57,7,4559,1968,6.058210726386232,36.70191720530121,98.974205,0.1990646481534334
Ki_1_57,7,4559,1969,5.0108720983161685,25.10883918568349,119.67795,0.5000647549047945
Ki_1_57,7,4559,1970,5.61272401938085,31.502670917734726,216.61765,0.6598525504094858
Ki_1_57,7,4559,1971,4.20214295943247,17.658005451507876,89.8775,0.3069082481359448
Ki_1_57,7,4559,1972,3.984176858369938,15.873665238770544,92.798294,0.35453751337616657
Ki_1_57,7,4559,1973,5.592212590469059,31.27284165700067,219.42711,0.22620908849330906
Ki_1_57,7,4559,1974,4.216709127229637,17.78063586366173,38.636253,0.30941015765605784
Ki_1_57,7,4559,1975,5.02132802552916,25.213735139964573,28.477121,0.540125331947962
Ki_1_57,7,4559,1976,4.117986685419458,16.957814341291936,62.791466,0.15247421543949793
Ki_1_57,7,4559,1977,4.328035773746046,18.731893658825538,34.011723,0.20826856140352729
Ki_1_57,7,4559,1978,4.165971734336243,17.35532049128852,179.41046,0.2292410599423976
Ki_1_57,7,4559,1979,3.9832590339654796,15.866352531667598,63.610638,0.1455433893552156
Ki_1_57,7,4559,1980,3.215827111280622,10.341544009647471,46.154934,0.07894305897063777
Ki_1_57,7,4559,1981,3.5703284523381535,12.747245257575363,36.70336,0.31007846141404793
Ki_1_57,7,4559,1982,4.547748153568295,20.68201326828384,139.57968,0.5067027495726579
Ki_1_57,7,4559,1983,3.1985260939464997,10.230569173656654,11.852464,0.18185537011713376
Ki_1_57,7,4559,1984,8.07313502984449,65.17550921010218,360.52875,0.8216823086112205
Ki_1_57,7,4559,1985,6.522611247319113,42.5444574836538,107.89052,0.43899082248760746
Ki_1_57,7,4559,1986,9.504932388860626,90.34373971681175,705.4675,0.8118809695201301
Ki_1_57,7,4559,1987,5.560770767041859,30.922171523587313,400.73605,0.4624865425070236
Ki_1_57,7,4559,1988,5.314676748305339,28.245788938977416,194.56377,0.3040047389287488
Ki_1_57,7,4559,1989,4.282530291748386,18.340065699742517,51.48914,0.13902521732980103
Ki_1_57,7,4559,1990,4.210232197412195,17.72605515612633,61.63111,0.4687885192854564
Ki_1_57,7,4559,1991,4.257153876756887,18.123359130386188,45.012505,0.1491171180366611
Ki_1_57,7,4559,1992,4.101423464531245,16.82167443540748,206.56267,0.2784601659911295
Ki_1_57,7,4559,1993,5.542924967468085,30.72401719498107,358.03583,0.251167965777783
Ki_1_57,7,4559,1994,4.5439608181065445,20.6475799164875,110.440865,0.5466606666122419
Ki_1_57,7,4559,1995,5.061889914788496,25.622729509437505,203.57733,0.22585599940304185
Ki_1_57,7,4559,1996,8.889932229547943,79.03089504595526,710.552,0.7420289919202117
Ki_1_57,7,4559,1997,5.02116459357909,25.212093875812275,229.0177,0.22650711058579764
Ki_1_57,7,4559,1998,6.589629639300131,43.42321878314276,378.87488,0.5417547916024623
Ki_1_57,7,4559,1999,5.904557360218527,34.86379762011078,163.51245,0.25661715344037445
Ki_1_57,7,4559,2000,5.731366401773075,32.84856083137324,133.33017,0.5413828516629426
Ki_1_57,7,4559,2001,5.002421278714275,25.024218649733367,126.75659,0.29118295293622537
Ki_1_57,7,4559,2002,5.890035372721082,34.692516691905574,185.98474,0.18432612247017044
Ki_1_57,7,4559,2003,6.819191811441171,46.50137696122633,275.60495,0.5763613197278098
Ki_1_57,7,4559,2004,8.26145065697433,68.2515669576216,619.8372,0.8149835053970597
Ki_1_57,7,4559,2005,5.103156872127779,26.042210061544978,217.9776,0.5693434205716467
Ki_1_57,7,4559,2006,5.428862113025737,29.47254384224627,45.90955,0.43672451619160985
Ki_1_57,7,4559,2007,4.352889965554314,18.94765105222344,158.33511,0.27861146152556276
Ki_1_57,7,4559,2008,3.905282353250515,15.251230258609882,195.35745,0.2282302635721787
Ki_1_57,7,4559,2009,4.570803232387042,20.892242189199816,69.95985,0.32004941876009146
Ki_1_57,7,4559,2010,4.117384940452572,16.952858747865637,82.40744,0.30948630489586737
Ki_1_57,7,4559,2011,4.978834917088143,24.7887971316161,105.395424,0.48534403667420767
Ki_1_57,7,4559,2012,5.190679118947067,26.94314971587309,111.67592,0.22743407407253075
Ki_1_57,7,4559,2013,3.800172596064771,14.441311759881668,116.2921,0.2450705652270036
Ki_1_57,7,4559,2014,4.28637348109721,18.37299761945342,127.528824,0.33599635215677526
Ki_1_57,7,4559,2015,5.073094169716605,25.736284454812626,171.80441,0.641835367580257
Ki_1_57,7,4559,2016,4.848423730953022,23.507212674868427,34.37567,0.5035715796681228
Ki_1_57,7,4559,2017,4.851723420701298,23.5392201509815,114.96205,0.3465706690054144
Ki_1_57,7,4559,2018,5.39319181100337,29.086517910273813,282.99677,0.6402454290328277
Ki_1_57,7,4559,2019,5.61657581205133,31.545923852520062,175.18332,0.5332031730554934
Ki_1_57,7,4559,2020,7.830243653790766,61.31271567773056,373.02066,0.6716106881774832
Ki_1_57,7,4559,2021,4.798439169608672,23.02501846443477,53.534718,0.34856073837719365
Ki_1_57,7,4559,2022,6.163150099069691,37.98441914366273,260.01172,0.6293344776961167
Ki_1_57,7,4559,2023,5.110548562467736,26.11770660934105,263.96347,0.6650309923056774
Ki_1_57,7,4559,2024,5.3258139798788475,28.364294548272962,235.35315,0.6541602204316772
Ki_1_57,7,4559,2025,4.5909954386422465,21.077239117633912,81.20172,0.2609111619943147
Ki_1_57,7,4559,2026,6.216132165303306,38.64029909651837,87.51887,0.414649000062919
Ki_1_57,7,4559,2027,5.95773401036615,35.49459453827353,230.32799,0.7109731027461144
Ki_1_57,7,4559,2028,4.601633390409301,21.175029859729786,134.03789,0.3462466756537091
Ki_1_57,7,4559,2029,3.0881826653752165,9.536872174723971,30.884851,0.04723733320309173
Ki_1_57,7,4559,2030,3.816480876397592,14.565526279908536,149.90674,0.34504179046698596
Ki_1_57,7,4559,2031,4.963177898488025,24.63313485204001,109.44321,0.24702693087416058
Ki_1_57,7,4559,2032,4.094323699330304,16.763486554897785,27.492329,0.2499423161222079
Ki_1_57,7,4559,2033,5.783916572798548,33.45369092109371,196.68236,0.4567501396147917
Ki_1_57,7,4559,2034,6.009690073566235,36.11637478032055,124.28042,0.2668562087549207
Ki_1_57,7,4559,2035,3.6643737900293223,13.427635273053859,155.04071,0.07991984562098439
Ki_1_57,7,4559,2036,4.246057846357783,18.0290072346165,42.82911,0.2057615022851441
Ki_1_57,7,4559,2037,6.933127513177917,48.06825711398458,147.18501,0.33737215823849637
Ki_1_57,7,4559,2038,6.228879474082014,38.79893950264023,158.03668,0.4945879680334555
Ki_1_57,7,4559,2039,5.3993668830606785,29.153162737892384,131.98093,0.5619891395496529
Ki_1_57,7,4559,2040,6.500099966648922,42.25129957642934,341.6587,0.7177858201164744
Ki_1_57,7,4559,2041,5.253087997448216,27.59493350893451,166.01909,0.27124790201261584
Ki_1_57,7,4559,2042,3.82406720705712,14.623490004089643,111.7254,0.30119522856041503
Ki_1_57,7,4559,2043,6.52067309526422,42.51917761530268,253.46457,0.5676983832334713
Ki_1_57,7,4559,2044,9.12640560257801,83.29127922276726,979.8817,0.7696793765274319
Ki_1_57,7,4559,2045,4.999377676903006,24.9937771563161,63.972584,0.23231669746056402
Ki_1_57,7,4559,2046,6.564236217638452,43.089197120956364,191.1044,0.4736749205127675
Ki_1_57,7,4559,2047,4.527945808814467,20.5022932475605,183.73653,0.3933898330292861
Ki_1_57,7,4559,2048,4.664420509244485,21.756818687060573,142.5482,0.2819773558984866
Ki_1_57,7,4559,2049,5.2049157067676175,27.091147514556244,359.4898,0.388619405998731
Ki_1_57,7,4559,2050,4.001596657416466,16.01277580864664,81.78901,0.3861041874132858
Ki_1_57,7,4559,2051,6.160669427095812,37.95384778995305,151.79434,0.4739990612866705
Ki_1_57,7,4559,2052,6.073550549235023,36.888016274113056,320.2827,0.45242507686651645
Ki_1_57,7,4559,2053,8.0440458052058,64.70667291624902,712.0284,0.7878046238859956
Ki_1_57,7,4559,2054,5.645356574640353,31.87005085483505,198.0833,0.4762064467751874
Ki_1_57,7,4559,2055,8.568078498367198,73.41196915418234,615.6743,0.8409687163679846
Ki_1_57,7,4559,2056,4.666104954555134,21.772535446923964,130.52888,0.5507069634349544
Ki_1_57,7,4559,2057,3.8449350429726605,14.78352548467918,84.69449,0.23016565796665533
Ki_1_57,7,4559,2058,4.86043345660053,23.62381338604178,94.31326,0.2851872775521826
Ki_1_57,7,4559,2059,4.991670576740956,24.916775146701386,99.07548,0.4211179599127731
Ki_1_57,7,4559,2060,5.403863960365038,29.2017457021321,120.133156,0.40161936032198453
Ki_1_57,7,4559,2061,5.154725537072359,26.57119536254593,243.86165,0.2930707928269765
Ki_1_57,7,4559,2062,4.504692903063536,20.292258150910992,126.11423,0.36809575038242087
Ki_1_57,7,4559,2063,4.674254940351687,21.84865924740216,74.111115,0.2081320796466109
Ki_1_57,7,4559,2064,4.7411890476961025,22.47887358599348,95.97535,0.15514278321900313
Ki_1_57,7,4559,2065,4.983995033069236,24.84020648965882,15.293382,0.3377307507378826
Ki_1_57,7,4559,2066,6.638103665493213,44.06442027383444,262.53522,0.5020997434688421
Ki_1_57,7,4559,2067,5.4009719791213,29.170498319253458,277.99057,0.5181431634947008
Ki_1_57,7,4559,2068,8.217075109241266,67.52032335091236,395.63962,0.6213799190581804
Ki_1_57,7,4559,2069,5.743037621162929,32.982481118092736,390.2853,0.4670281269098103
Ki_1_57,7,4559,2070,6.198843699365117,38.425663209158586,272.6906,0.6159246933730217
Ki_1_57,7,4559,2071,3.417255698071697,11.67763650600348,73.46683,0.15223038609277625
Ki_1_57,7,4559,2072,4.267876614920871,18.214770800188433,24.88585,0.4596230499287315
Ki_1_57,7,4559,2073,5.28283276335011,27.90832200552536,205.05774,0.5472510925505766
Ki_1_57,7,4559,2074,4.470282671581533,19.983427163842126,105.050964,0.17563551417947573
Ki_1_57,7,4559,2075,5.59132728554833,31.262940814117258,194.46259,0.36823003707939894
Ki_1_57,7,4559,2076,4.176032876114129,17.439250582386045,104.203354,0.1756389261599362
Ki_1_57,7,4559,2077,4.2437567423736775,18.009471288442043,168.04337,0.32232319332065656
Ki_1_57,7,4559,2078,4.737030156074124,22.439454699555633,97.6816,0.37008639557709455
Ki_1_57,7,4559,2079,3.458459752437656,11.960943859231133,73.94669,0.07994511283951405
Ki_1_57,7,4559,2080,5.459049030769297,29.801216320343205,235.59927,0.37549751606783666
Ki_1_57,7,4559,2081,4.387893512807203,19.253609479735537,280.14954,0.23540413384085823
Ki_1_57,7,4559,2082,6.659268933092817,44.345862723255145,354.0266,0.7195135060968507
Ki_1_57,7,4559,2083,7.60674569225087,57.86258002657717,239.74371,0.6767679916967232
Ki_1_57,7,4559,2084,6.64166160960044,44.111668936440296,303.13446,0.4563864671904717
Ki_1_57,7,4559,2085,5.939738879975505,35.28049796229267,143.63634,0.5990105757955301
Ki_1_57,7,4559,2086,6.069699971529612,36.84125774438657,295.92004,0.6784768980260083
Ki_1_57,7,4559,2087,5.459392113863526,29.804962252915264,106.60906,0.3988053333208315
Ki_1_57,7,4559,2088,4.4034354516208305,19.39024377659115,146.73445,0.3718246893873691
Ki_1_57,7,4559,2089,5.980178132878056,35.76253050095286,161.61858,0.24044292671429518
Ki_1_57,7,4559,2090,4.91235488896714,24.13123055515936,115.06989,0.5011946277445467
Ki_1_57,7,4559,2091,3.148688982873446,9.914242310868618,57.835,0.14826345598745366
Ki_1_57,7,4559,2092,4.545132800955639,20.658232178322855,149.75621,0.42793510514125194
Ki_1_57,7,4559,2093,5.581124154422594,31.148946827079318,305.8454,0.5252275686279702
Ki_1_57,7,4559,2094,4.703071438861945,22.11888095903897,116.802376,0.2622535803579306
Ki_1_57,7,4559,2095,3.7939296681047003,14.393902326525037,215.91377,0.5299047751480993
Ki_1_57,7,4559,2096,4.1020463382656915,16.826784161278972,87.23033,0.4597761655115329
Ki_1_57,7,4559,2097,4.376160565306866,19.150781293346917,144.14133,0.33715693664071655
Ki_1_57,7,4559,2098,3.9934798078538742,15.947880975736613,67.56041,0.09895152493824846
Ki_1_57,7,4559,2099,3.536402377370376,12.506141774670851,122.28755,0.17506453030224534
Ki_1_57,7,4559,2100,4.243748593838524,18.009402127706462,169.3099,0.2835232968416128
Ki_1_57,7,4559,2101,5.130787357557177,26.324978908468562,123.339615,0.6538620328758928
Ki_1_57,7,4559,2102,4.737613084601626,22.44497773938854,139.51305,0.4384557598258145
Ki_1_57,7,4559,2103,5.1835576733904105,26.869270153364596,121.6234,0.48412844008815514
Ki_1_57,7,4559,2104,3.438917044200448,11.82615043689235,82.46063,0.2253585513342934
Ki_1_57,7,4559,2105,3.78160911312252,14.300567484451285,31.011633,0.19952880961181926
Ki_1_57,7,4559,2106,3.162424296348966,10.000927430138251,21.874788,0.2613968162176942
Ki_1_57,7,4559,2107,4.988273311957574,24.88287063478818,169.03372,0.4307421043749434
Ki_1_57,7,4559,2108,4.989787455362306,24.897978849691043,198.46103,0.5544793142952422
Ki_1_57,7,4559,2109,5.404173122600466,29.205087139037268,47.924862,0.577668373972611
Ki_1_57,7,4559,2110,4.204882173719003,17.68103409485985,190.5727,0.38129492553592215
Ki_1_57,7,4559,2111,5.866470607868169,34.415477392981124,167.76866,0.39235081594697896
Ki_1_57,7,4559,2112,4.4040876510471305,19.395988038105834,94.54671,0.3779822380208533
Ki_1_57,7,4559,2113,3.543330329637784,12.555189824931007,96.957016,0.14345607087034834
Ki_1_57,7,4559,2114,3.954109415361803,15.634981268652854,33.237732,0.4055015756839161
Ki_1_57,7,4559,2115,4.062485425601438,16.503787833224102,16.265644,0.11390701249064147
Ki_1_57,7,4559,2116,4.962499429619709,24.626400588975944,5.9180207,0.16749121364956499
Ki_1_57,7,4559,2117,3.9574107286624085,15.661099675332338,64.5764,0.16178091907483183
Ki_1_57,7,4559,2118,7.3876137244014535,54.57683654096472,376.69284,0.6354718198566236
Ki_1_57,7,4559,2119,4.447686562148523,19.781915755116554,267.95038,0.38363469627321345
Ki_1_57,7,4559,2120,6.037136004210202,36.447011133331124,255.7413,0.38422558938724327
Ki_1_57,7,4559,2121,4.616697440775958,21.31389525966728,156.78247,0.448656469304239
Ki_1_57,7,4559,2122,4.90931106227089,24.10133510613533,140.71857,0.7107796660508731
Ki_1_57,7,4559,2123,5.634496008233714,31.74754526680165,86.621506,0.6108208799441813
Ki_1_57,7,4559,2124,5.009584464444566,25.095936506404342,174.59744,0.4986460469495756
Ki_1_57,7,4559,2125,5.205745048228641,27.09978150715701,125.64787,0.2962470979354488
Ki_1_57,7,4559,2126,7.392880332854482,54.654679615906595,157.64941,0.5756845565178526
Ki_1_57,7,4559,2127,3.975655963165225,15.80584033745121,190.04704,0.32766463017244996
Ki_1_57,7,4559,2128,3.7294550550505274,13.908835007641933,41.43864,0.20619516430092583
Ki_1_57,7,4559,2129,7.181796003336394,51.5781938335386,325.83743,0.7430336628266924
Ki_1_57,7,4559,2130,6.40735770008609,41.05423269685248,261.76428,0.5051209530476561
Ki_1_57,7,4559,2131,4.335060370568348,18.79274841647217,58.650505,0.16475165124186153
Ki_1_57,7,4559,2132,3.6373961455777746,13.23065071986405,6.4660873,0.14452514067159788
Ki_1_57,7,4559,2133,5.7915779625144195,33.54237529588267,277.28687,0.7513758776062818
Ki_1_57,7,4559,2134,4.276683813517296,18.290024440800842,165.09378,0.2576293765717174
Ki_1_57,7,4559,2135,4.438282904474475,19.698355140150394,228.47702,0.531309952709441
Ki_1_57,7,4559,2136,4.123342116432022,17.001950209142116,104.52846,0.15574072218791385
Ki_1_57,7,4559,2137,4.580972173343505,20.985306052947518,80.534424,0.49068601447790666
Ki_1_57,7,4559,2138,4.620745966254624,21.35129328465839,134.0574,0.3215168536657838
Ki_1_57,7,4559,2139,5.060675244099874,25.610433926245307,132.80614,0.2773397302376597
Ki_1_57,7,4559,2140,4.78482166780343,22.89451839268121,40.0211,0.32194675266147876
Ki_1_57,7,4559,2141,4.077600716719319,16.62682760498991,81.47271,0.257863269560481
Ki_1_57,7,4559,2142,4.768808755013057,22.741536941889187,110.22002,0.2879384648451562
Ki_1_57,7,4559,2143,5.0355815686285075,25.357081734311155,64.511154,0.5150654328263252
Ki_1_57,7,4559,2144,3.5332868448809376,12.484115928208691,45.239426,0.11189141947780024
Ki_1_57,7,4559,2145,4.975200547464602,24.752620487492074,255.43852,0.6481353806285954
Ki_1_57,7,4559,2146,3.8645220504279276,14.934530678243679,110.41646,0.37158890085364843
Ki_1_57,7,4559,2147,4.428142760110971,19.60844830392321,66.672424,0.2718699414013403
Ki_1_57,7,4559,2148,5.131538681649305,26.332689241263072,155.76288,0.2186108655789024
Ki_1_57,7,4559,2149,4.373429788901822,19.126888118453827,46.38959,0.3396663713123463
Ki_1_57,7,4559,2150,3.050587222533206,9.306082402282861,75.43707,0.16605356017375544
Ki_1_57,7,4559,2151,5.596448467852002,31.320235453323026,209.70328,0.32122328818655266
Ki_1_57,7,4559,2152,7.05946235275958,49.83600871002983,377.44403,0.8063777680362674
Ki_1_57,7,4559,2153,5.994161011895152,35.92996623652392,198.42511,0.6882485376789422
Ki_1_57,7,4559,2154,5.430644018261005,29.491894453074046,240.66492,0.5292394321288827
Ki_1_57,7,4559,2155,6.96881509699216,48.56438385606585,390.0463,0.4351806078281807
Ki_1_57,7,4559,2156,5.051305515765447,25.515687413602436,89.427155,0.4679390838259154
Ki_1_57,7,4559,2157,5.731535686580236,32.85050132654279,174.60156,0.6474136742229188
Ki_1_57,7,4559,2158,4.144815500561919,17.179495533698354,10.426429,0.4345723266883069
Ki_1_57,7,4559,2159,5.313946807234444,28.238030670117137,253.49683,0.5360571220661563
Ki_1_57,7,4559,2160,5.636660931850031,31.771946460644454,173.84328,0.2884320835441338
Ki_1_57,7,4559,2161,3.8816374713030672,15.067109458624069,79.421364,0.16909679763948865
Ki_1_57,7,4559,2162,4.9785863882024355,24.786322424794573,133.7092,0.1692201866940799
Ki_1_57,7,4559,2163,3.7954805416379065,14.405672541951978,60.677856,0.19727752106621887
Ki_1_57,7,4559,2164,4.9991670657271845,24.991671351051348,95.976364,0.44717289735990234
Ki_1_57,7,4559,2165,4.028315213285451,16.227323457587016,33.199364,0.3289837844989045
Ki_1_57,7,4559,2166,5.181668327858183,26.84968665992864,78.314545,0.5908244314260734
Ki_1_57,7,4559,2167,4.596140055586382,21.124503410565598,79.67981,0.11026592711828268
Ki_1_57,7,4559,2168,4.2037332389661195,17.67137314438858,9.725237,0.23154349529442075
Ki_1_57,7,4559,2169,5.873568371822351,34.49880541847187,127.736694,0.42755734951586755
Ki_1_57,7,4559,2170,5.4349501574698325,29.538683214181358,111.37917,0.5979836424074717
Ki_1_57,7,4559,2171,5.664620241463641,32.0879224799996,335.6884,0.45089520929734017
Ki_1_57,7,4559,2172,3.68976533082882,13.614368196586305,78.96655,0.09656565991440119
Ki_1_57,7,4559,2173,4.8040344505663235,23.078747002228077,101.47856,0.21891568917175563
Ki_1_57,7,4559,2174,3.9312335937307235,15.454597568476977,67.847855,0.4622137358527304
Ki_1_57,7,4559,2175,4.055646232732221,16.44826636507506,132.6011,0.35777426785404176
Ki_1_57,7,4559,2176,5.129127493360871,26.307948843150363,179.43391,0.4370496981380697
Ki_1_57,7,4559,2177,4.302197904778562,18.50890681188104,120.25923,0.6125490646139666
Ki_1_57,7,4559,2178,3.8954210955387274,15.174305511568134,60.307972,0.38288530566359147
Ki_1_57,7,4559,2179,3.943835736860682,15.553840319339434,32.829197,0.06945902861530649
Ki_1_57,7,4559,2180,5.054281082789458,25.545757263843388,287.33917,0.5461719893518521
Ki_1_57,7,4559,2181,6.951145168615303,48.318419155163845,369.99466,0.5313489382353495
Ki_1_57,7,4559,2182,5.549901453590161,30.80140614456219,157.76202,0.4625266480880327
Ki_1_57,7,4559,2183,5.494249084451786,30.18677300199928,191.28055,0.6268322396169181
Ki_1_57,7,4559,2184,4.571432554547058,20.897995600772656,143.38705,0.39308433362802553
Ki_1_57,7,4559,2185,6.779183578915192,45.957329996633376,341.32428,0.6509739435513918
Ki_1_57,7,4559,2186,4.970489838054745,24.705769230205494,136.87561,0.43024483160462723
Ki_1_57,7,4559,2187,5.656415632351829,31.99503780591413,103.84093,0.6820326429386064
Ki_1_57,7,4559,2188,4.900888348955642,24.01870660892917,161.31128,0.16976270766297918
Ki_1_57,7,4559,2189,4.4135760156356545,19.479653245794296,159.96042,0.43958684074806276
Ki_1_57,7,4559,2190,5.887891690990531,34.66726856483534,299.93127,0.6956800521106646
Ki_1_57,7,4559,2191,3.83778899203404,14.728624347377655,27.825563,0.14629417783669008
Ki_1_57,7,4559,2192,3.2226845310465393,10.385695586646651,33.69415,0.0785134912255773
Ki_1_57,7,4559,2193,4.231514926809193,17.90571857580901,106.92507,0.21914471459827298
Ki_1_57,7,4559,2194,3.5940473057830613,12.917176036206483,62.4359,0.24146097045829656
Ki_1_57,7,4559,2195,3.7911488029164175,14.372809245854587,21.775215,0.2422519623691527
Ki_1_57,7,4559,2196,5.840952484623517,34.11672592762962,315.48734,0.7911719214275487
Ki_1_57,7,4559,2197,5.042662122066885,25.4284412773281,100.13103,0.5994390455207538
Ki_1_57,7,4559,2198,4.60703769377314,21.22479631184654,82.11192,0.22198034640591674
Ki_1_57,7,4559,2199,4.292542239072512,18.425918874221658,100.77836,0.38905729668720146
Ki_1_57,7,4559,2200,5.049081763953493,25.493226659087703,105.53499,0.48938919546472104
Ki_1_57,7,4559,2201,5.685498474582617,32.32489290448124,235.42934,0.5520253228288637
Ki_1_57,7,4559,2202,4.287820340138827,18.385403269308245,73.10067,0.30890674460899736
Ki_1_57,7,4559,2203,6.54396921903591,42.82353313968943,209.12003,0.5759844413081687
Ki_1_57,7,4559,2204,6.166654186985046,38.0276238618602,291.00833,0.6138830301867432
Ki_1_57,7,4559,2205,7.262191373556205,52.73942354615418,482.31586,0.6707250379414724
Ki_1_57,7,4559,2206,4.6645602226227645,21.758122070474535,31.245895,0.17496789213850955
Ki_1_57,7,4559,2207,4.077301045635205,16.624383816737932,106.55856,0.18182773012014852
Ki_1_57,7,4559,2208,3.702979915244618,13.71206025270504,17.779293,0.16225466215465384
Ki_1_57,7,4559,2209,5.5876679598868435,31.222033229946014,71.39346,0.3733349754269773
Ki_1_57,7,4559,2210,5.118601950943934,26.200085932207045,85.16399,0.5054428205109318
Ki_1_57,7,4559,2211,6.563246159503008,43.07620015023097,130.08,0.22952533885478968
Ki_1_57,7,4559,2212,8.435289894667457,71.15411560707892,459.99295,0.569179011659461
Ki_1_57,7,4559,2213,3.626412650675832,13.150868712981712,4.5413823,0.1757367286148182
Ki_1_57,7,4559,2214,5.453782437646887,29.743742877185618,254.03566,0.5949511664585136
Ki_1_57,7,4559,2215,7.564629571067118,57.2236205474631,548.0149,0.8416158649688068
Ki_1_57,7,4559,2216,4.0969833704393155,16.785272737656285,142.20422,0.3478145858353737
Ki_1_57,7,4559,2217,5.04903046161291,25.492708602295075,153.82402,0.3938217512732015
Ki_1_57,7,4559,2218,4.166306604161684,17.358110719881253,104.59099,0.5188877153580014
Ki_1_57,7,4559,2219,4.9405225968371544,24.40876352985853,95.45664,0.5743262459456732
Ki_1_57,7,4559,2220,5.031187327898242,25.31284592840385,155.14844,0.6183245057572307
Ki_1_57,7,4559,2221,3.6762700840337796,13.514961730761733,34.183567,0.12620437973346965
Ki_1_57,7,4559,2222,4.544740223051992,20.654663695026674,107.741714,0.2624530101446815
Ki_1_57,7,4559,2223,5.9166802648763435,35.0071053567772,215.49852,0.6926308075200344
Ki_1_57,7,4559,2224,4.3858676058944175,19.235834656434033,170.70946,0.3534971065537502
Ki_1_57,7,4559,2225,3.9710197145908976,15.768997573669571,94.99934,0.08679246543958324
Ki_1_57,7,4559,2226,4.421732694550154,19.55172002205376,75.99928,0.3277914839655176
Ki_1_57,7,4559,2227,4.818905690009552,23.221852049206436,85.72466,0.0957967950017939
Ki_1_57,7,4559,2228,7.561548521883497,57.17701604879849,353.2583,0.5932125426585708
Ki_1_57,7,4559,2229,6.891911231725236,47.49844042598048,350.76794,0.7033931268488683
Ki_1_57,7,4559,2230,3.2576568046043626,10.612327856585106,2.6866643,0.13425408595163002
Ki_1_57,7,4559,2231,4.674398528907412,21.850001607051794,171.28377,0.35735744268100156
Ki_1_57,7,4559,2232,5.768799783980271,33.279050947650816,197.7431,0.5966410247574634
Ki_1_57,7,4559,2233,4.550284937389032,20.705093011429508,86.75654,0.3128886141413515
Ki_1_57,7,4559,2234,3.8101755688397647,14.517437865383428,35.312706,0.2324548190561388
Ki_1_57,7,4559,2235,3.3716731951727454,11.36818013504639,13.961028,0.11986645894724395
Ki_1_57,7,4559,2236,4.447733219452095,19.782330791417692,82.61487,0.2759273948015394
Ki_1_57,7,4559,2237,4.87993981619521,23.81381260968735,79.71489,0.33429764215959884
Ki_1_57,7,4559,2238,4.593497672097821,21.1002208635681,34.55279,0.28030121778605166
Ki_1_57,7,4559,2239,4.031949333986067,16.25661543183068,15.760433,0.3245417115032032
Ki_1_57,7,4559,2240,4.571124057736332,20.895175151215874,164.45987,0.17203883467488634
Ki_1_57,7,4559,2241,6.46248867173491,41.76375983230204,263.6431,0.6169774427112645
Ki_1_57,7,4559,2242,5.994701452241274,35.93644550150364,209.29118,0.44974399922567754
Ki_1_57,7,4559,2243,3.0499769315268455,9.30235928284591,29.448582,0.08518924674021087
Ki_1_57,7,4559,2244,4.892195594987998,23.93357773961996,156.54153,0.261772243366687
Ki_1_57,7,4559,2245,3.780284327702814,14.290549598275517,111.12368,0.24603021471880188
Ki_1_57,7,4559,2246,4.65636494666742,21.681734516553085,103.7436,0.2002410539557477
Ki_1_57,7,4559,2247,4.321744124419517,18.677472276954617,66.627975,0.34533964863895006
Ki_1_57,7,4559,2248,4.6792461124371965,21.895344180758617,48.76849,0.08974479612324798
Ki_1_57,7,4559,2249,7.203279898655255,51.88724129837089,584.199,0.8030462917447232
Ki_1_57,7,4559,2250,5.370835144484687,28.84587014923185,232.84912,0.693202652105626
Ki_1_57,7,4559,2251,3.4942591448034777,12.20984697104273,50.95655,0.23530735910153844
Ki_1_57,7,4559,2252,4.345670299922013,18.884850355624263,76.86539,0.3524136885734317
Ki_1_57,7,4559,2253,3.3349745961423642,11.122055556914924,26.543543,0.08737053392172202
Ki_1_57,7,4559,2254,4.738294236641499,22.451432272990044,68.408035,0.5178284221436344
Ki_1_57,7,4559,2255,5.0074332179483205,25.07438743221227,246.91708,0.31693658269205255
Ki_1_57,7,4559,2256,5.145664612924868,26.47786430870724,125.28682,0.28937191195015854
Ki_1_57,7,4559,2257,4.132293533447365,17.075849846570915,150.16985,0.2752487042135927
Ki_1_57,7,4559,2258,4.073379469902404,16.59242030582239,99.44959,0.21197242495989055
Ki_1_57,7,4559,2259,5.874667900570914,34.51172294199827,122.21009,0.69126924408259
Ki_1_57,7,4559,2260,6.049195195138719,36.592762508889365,200.06754,0.6071640024628457
Ki_1_57,7,4559,2261,3.567582933302339,12.727647985990123,44.402267,0.17509939246812917
Ki_1_57,7,4559,2262,3.147942394876322,9.909541321459674,97.61321,0.08842152172560445
Ki_1_57,7,4559,2263,4.850331858914156,23.525719141597662,202.63625,0.3006429509267616
Ki_1_57,7,4559,2264,4.462892083981793,19.917405753267353,360.7445,0.38867419031426076
Ki_1_57,7,4559,2265,6.208616083859512,38.54691367675905,161.67952,0.6117967145286212
Ki_1_57,7,4559,2266,4.760553471821504,22.662869358071777,130.74667,0.43761560219649354
Ki_1_57,7,4559,2267,5.882168102046583,34.599901580734304,208.23244,0.6025620925636541
Ki_1_57,7,4559,2268,5.44827077952092,29.683654486981492,120.909386,0.3382580389187459
Ki_1_57,7,4559,2269,7.617592592435775,58.027716904332394,448.51877,0.7486750097958662
Ki_1_57,7,4559,2270,4.2423022581400005,17.99712844941975,97.509445,0.3236021175669366
Ki_1_57,7,4559,2271,4.845473192932137,23.478610463423955,218.31064,0.5962338298297548
Ki_1_57,7,4559,2272,4.47524821416635,20.0278465783991,69.6126,0.41102257519104013
Ki_1_57,7,4559,2273,4.950746712357618,24.509893009919775,28.233177,0.19932880472932973
Ki_1_57,7,4559,2274,5.225722876953776,27.308179586718044,99.51497,0.5056761559846219
Ki_1_57,7,4559,2275,6.231831350415549,38.83572198002208,391.6831,0.4233008789607501
Ki_1_57,7,4559,2276,4.186650851991995,17.528045356485304,34.60693,0.16148248702106804
Ki_1_57,7,4559,2277,4.86279050670153,23.64673151206652,304.62042,0.3082733308386786
Ki_1_57,7,4559,2278,3.4449195790313554,11.867470905993573,58.368404,0.08841147960568424
Ki_1_57,7,4559,2279,5.376862244351267,28.910647594730136,101.0221,0.21132138330385614
Ki_1_57,7,4559,2280,3.7835447440339824,14.315210830107176,42.721786,0.21422686402920854
Ki_1_57,7,4559,2281,4.452151407128481,19.821652151996112,143.18622,0.4766224824056229
Ki_1_57,7,4559,2282,5.866506971286481,34.41590404415287,42.539932,0.7113936923648052
Ki_1_57,7,4559,2283,5.323934102690356,28.34427432978937,64.63451,0.6348914528542753
Ki_1_57,7,4559,2284,5.199909669903668,27.039060575157684,150.94821,0.29064099448882696
Ki_1_57,7,4559,2285,3.62951985985453,13.173414413078447,47.060192,0.11788253614030078
Ki_1_57,7,4559,2286,7.385770686729557,54.549608636953586,535.1526,0.8433906740502863
Ki_1_57,7,4559,2287,6.655699697417845,44.298338462208,227.05786,0.7141307799749032
Ki_1_57,7,4559,2288,6.812298346484424,46.4074087615144,391.24484,0.7396771924695167
Ki_1_57,7,4559,2289,4.677171853614596,21.875936548244596,3.2440696,0.41427853585965924
Ki_1_57,7,4559,2290,6.011062805605145,36.132876052929596,403.48483,0.29148316279571607
Ki_1_57,7,4559,2291,5.800807073556559,33.649362704623805,82.19429,0.2796549054530401
Ki_1_57,7,4559,2292,3.781833936079864,14.302267920085319,155.24844,0.3194759860137399
Ki_1_57,7,4559,2293,5.210190735358074,27.14608749881111,96.873604,0.19658768639019536
Ki_1_57,7,4559,2294,4.722414094659942,22.30119488144288,130.97218,0.4483739014728745
Ki_1_57,7,4559,2295,3.7148934866039376,13.800433616812368,121.96556,0.33003625045281537
Ki_1_57,7,4559,2296,4.4099154737629185,19.447354485733626,39.052876,0.352565488172665
Ki_1_57,7,4559,2297,4.329135378339325,18.74141312398917,111.91119,0.08622848845779923
Ki_1_57,7,4559,2298,4.659625085176741,21.712105934408353,124.42078,0.17893302137189768
Ki_1_57,7,4559,2299,3.979715148290112,15.838132661529785,85.48242,0.21483556564627945
Ki_1_57,7,4559,2300,4.9511353148616815,24.513740906070485,173.29472,0.4822223498561554
Ki_1_57,7,4559,2301,7.5025996859920365,56.289002048247816,574.4813,0.6523193895731807
Ki_1_57,7,4559,2302,4.101912592525578,16.825686916719903,7.401973,0.22835845470812152
Ki_1_57,7,4559,2303,3.652556626196127,13.34116990756923,76.95392,0.16667865533259166
Ki_1_57,7,4559,2304,5.647979146451534,31.8996684387514,176.66997,0.7086065227779095
Ki_1_57,7,4559,2305,4.517181529193727,20.404928967688978,54.34993,0.4917626549567478
Ki_1_57,7,4559,2306,4.260753971444301,18.154024405178394,72.6249,0.23571140300293053
Ki_1_57,7,4559,2307,3.9164023267704127,15.338207185132703,34.951347,0.4043025540242443
Ki_1_57,7,4559,2308,5.609119684582623,31.46222363597225,234.95361,0.5963240808722898
Ki_1_57,7,4559,2309,6.070715434112671,36.8535858819738,465.07852,0.5442010330638195
Ki_1_57,7,4559,2310,4.546702597936644,20.67250451408383,22.526688,0.35664854369288135
Ki_1_57,7,4559,2311,5.52467196567445,30.522000328309208,81.709885,0.2634228471359037
Ki_1_57,7,4559,2312,3.815319166228697,14.556660340192044,67.411545,0.16460363415442109
Ki_1_57,7,4559,2313,6.212543698519894,38.59569920601923,171.67468,0.5985372086941156
Ki_1_57,7,4559,2314,5.4712961582676565,29.93508165147443,167.55508,0.655881461788769
Ki_1_57,7,4559,2315,4.998788869431974,24.987890161156997,112.394684,0.4793169861351474
Ki_1_57,7,4559,2316,4.027863670606171,16.22368574898902,97.83807,0.089687053406255
Ki_1_57,7,4559,2317,3.7836370012244673,14.31590895703488,93.1236,0.24414678595709022
Ki_1_57,7,4559,2318,3.343093318480094,11.17627293606625,11.1443615,0.28651517988234354
Ki_1_57,7,4559,2319,4.077342014071718,16.624717899714412,85.098785,0.35694892705226894
Ki_1_57,7,4559,2320,6.0035318255862355,36.04239438082681,100.36306,0.38203199206385474
Ki_1_57,7,4559,2321,6.76929936205967,45.823413853181464,327.6139,0.6680317365241627
Ki_1_57,7,4559,2322,6.940975241766032,48.17713730680904,535.0566,0.7361762445782281
Ki_1_57,7,4559,2323,7.235229892278123,52.3485515941149,342.61053,0.3183109696000713
Ki_1_57,7,4559,2324,7.1159537461644415,50.63679771755173,304.19186,0.6546756403197891
Ki_1_57,7,4559,2325,4.34335951568188,18.864771882464336,100.980865,0.45994964401652805
Ki_1_57,7,4559,2326,5.103905109512476,26.049847366907553,337.7254,0.4902122219954548
Ki_1_57,7,4559,2327,4.41101399490391,19.457044463238145,32.07848,0.11982789714509565
Ki_1_57,7,4559,2328,5.049934796996316,25.501841453914224,181.30057,0.44864546578569336
Ki_1_57,7,4559,2329,4.2843840781937566,18.35594692948017,101.6972,0.10640242188457762
Ki_1_57,7,4559,2330,4.344537643500078,18.87500733578923,122.49962,0.3189471044472818
Ki_1_57,7,4559,2331,4.195287865075084,17.600440270846256,96.458595,0.4067564879988369
Ki_1_57,7,4559,2332,4.661805714008428,21.73243251516162,177.29639,0.2856132091261773
Ki_1_57,7,4559,2333,4.973701548869327,24.737707097225137,165.38902,0.2435507726827805
Ki_1_57,7,4559,2334,4.871451473522656,23.73103945888606,134.42874,0.43966137404058925
Ki_1_57,7,4559,2335,5.778460437787327,33.39060503107331,198.4505,0.3309853814170083
Ki_1_57,7,4559,2336,4.76705744561651,22.724836689807812,74.19821,0.20499836383489112
Ki_1_57,7,4559,2337,4.645063073630343,21.576610958004174,133.81102,0.4403004415291535
Ki_1_57,7,4559,2338,7.695597931882947,59.22222752920107,281.1572,0.6460557219483413
Ki_1_57,7,4559,2339,6.004027689193446,36.0483484926016,289.93884,0.7379201098303505
Ki_1_57,7,4559,2340,5.012254074383083,25.122690906169815,328.25107,0.32900727584038125
Ki_1_57,7,4559,2341,4.2370978308063325,17.952998027823735,122.75096,0.3622397307296099
Ki_1_57,7,4559,2342,3.392851346140921,11.511440257010257,19.729244,0.09309723982746775
Ki_1_57,7,4559,2343,5.971473174208794,35.658491870295244,78.51592,0.4764058802857307
Ki_1_57,7,4559,2344,7.095715897121999,50.349184092669844,264.3011,0.5810851705435409
Ki_1_57,7,4559,2345,3.625413294086224,13.143621552937125,147.27448,0.44320151029342364
Ki_1_57,7,4559,2346,3.8179060956790205,14.57640695542302,27.812857,0.1488768665158859
Ki_1_57,7,4559,2347,5.09966356491786,26.006568475350722,323.426,0.5515839978758592
Ki_1_57,7,4559,2348,5.196731473459274,27.006018007242204,244.0561,0.4028934155216908
Ki_1_57,7,4559,2349,5.872648936919582,34.48800553630269,180.54369,0.6038559913459682
Ki_1_57,7,4559,2350,4.5737961209935785,20.9196109564159,99.828026,0.4770089970170114
Ki_1_57,7,4559,2351,5.394499056043308,29.100620065652162,236.94043,0.4794615220408258
Ki_1_57,7,4559,2352,4.486245345690659,20.126397301731096,40.462273,0.17547947725132845
Ki_1_57,7,4559,2353,3.5002235636254304,12.251564995358715,12.771491,0.14898628508297374
Ki_1_57,7,4559,2354,4.3841841038259055,19.221070256239756,167.12549,0.20159698865194595
Ki_1_57,7,4559,2355,4.158648426265635,17.294356733281635,64.344086,0.2204932310576866
Ki_1_57,7,4559,2356,4.235184344734978,17.93678643388824,129.01074,0.373916369258543
Ki_1_57,7,4559,2357,4.573012917449366,20.912447143158758,151.2504,0.37344844931262755
Ki_1_57,7,4559,2358,4.355685155331184,18.97199317237244,240.87627,0.4021653428847902
Ki_1_57,7,4559,2359,5.174219285547908,26.772545214935917,122.12333,0.5901581839835783
Ki_1_57,7,4559,2360,4.941204544586064,24.41550235143798,99.75648,0.5122629004463061
Ki_1_57,7,4559,2361,7.206583475538479,51.934845389904254,425.02655,0.5455769856738377
Ki_1_57,7,4559,2362,5.227462043092548,27.326359411973318,197.49835,0.3108345258639623
Ki_1_57,7,4559,2363,6.426903441606353,41.30508784773158,328.67474,0.6550529857107557
Ki_1_57,7,4559,2364,5.380241030928806,28.946993550889868,252.85545,0.3125737441384887
Ki_1_57,7,4559,2365,5.189205740395797,26.927856216156695,188.5422,0.6350322731611373
Ki_1_57,7,4559,2366,4.88055852832608,23.819851548416427,140.28622,0.48035929309377906
Ki_1_57,7,4559,2367,5.621189183762207,31.597767839645243,131.13065,0.3509756955538168
Ki_1_57,7,4559,2368,7.297815980249482,53.25811808158469,289.37045,0.7066402993544443
Ki_1_57,7,4559,2369,4.333515558745588,18.779357097890088,171.08308,0.312005904030636
Ki_1_57,7,4559,2370,4.937574590954823,24.379642841242696,227.34471,0.5513800168671811
Ki_1_57,7,4559,2371,3.2178150246201525,10.354333532671188,36.632816,0.20462030711063478
Ki_1_57,7,4559,2372,4.27822678045508,18.303224385003045,39.90702,0.4546834150243625
Ki_1_57,7,4559,2373,4.095992692558858,16.77715613749556,50.786327,0.40261737419439503
Ki_1_57,7,4559,2374,6.379407534552298,40.69684049190262,41.466164,0.6205688945217895
Ki_1_57,7,4559,2375,3.760600063918901,14.142112840746849,32.47194,0.1446669219998361
Ki_1_57,7,4559,2376,4.211143286700947,17.73372778112645,66.835815,0.47653921637501806
Ki_1_57,7,4559,2377,5.7961721873230045,33.59561202509674,274.73688,0.41899663613772353
Ki_1_57,7,4559,2378,4.047546257528323,16.38263070683153,170.09247,0.2896250229648598
Ki_1_57,7,4559,2379,4.326820632415525,18.721376785096695,29.109064,0.40722213178144573
Ki_1_57,7,4559,2380,4.019181547413787,16.153820311071488,89.550446,0.3662676991883919
Ki_1_57,7,4559,2381,5.907515968123539,34.898744913634594,213.99034,0.23940037981252998
Ki_1_57,7,4559,2382,7.7349841987843,59.82998055544281,345.8423,0.4785649255356918
Ki_1_57,7,4559,2383,4.339524900650785,18.831476363368203,116.034195,0.6378550681612825
Ki_1_57,7,4559,2384,5.920307749216334,35.05004384543097,193.30609,0.30588103992849586
Ki_1_57,7,4559,2385,5.912833645465188,34.96160171894514,313.87915,0.3709136277357974
Ki_1_57,7,4559,2386,6.030873736866311,36.37143803002382,151.06302,0.5515852437689737
Ki_1_57,7,4559,2387,5.565301615509459,30.972582071592196,336.5956,0.6213831196814608
Ki_1_57,7,4559,2388,3.907670224321039,15.269886582045244,134.62901,0.1547731675499685
Ki_1_57,7,4559,2389,4.131418815354839,17.068621427867985,64.801765,0.6054091136962511
Ki_1_57,7,4559,2390,6.2080883354569645,38.54036078083683,277.03784,0.557660225324881
Ki_1_57,7,4559,2391,4.310035092562633,18.576402499121386,145.68765,0.24027989569889713
Ki_1_57,7,4559,2392,6.283166904733411,39.47818635273723,340.52945,0.7597539540529956
Ki_1_57,7,4559,2393,6.609756744860598,43.688884226230165,318.6557,0.793303529889241
Ki_1_57,7,4559,2394,6.067236591185485,36.81135985342005,243.19243,0.5237443873094492
Ki_1_57,7,4559,2395,5.057806355158311,25.581405126279797,37.137917,0.40087834902762887
Ki_1_57,7,4559,2396,4.24230898668879,17.997185538540453,75.21086,0.2044840696119608
Ki_1_57,7,4559,2397,5.6584085772021915,32.01758762655533,146.19417,0.3523867445935768
Ki_1_57,7,4559,2398,4.154690074686013,17.261449616694478,47.034386,0.2535713643044425
Ki_1_57,7,4559,2399,6.257461516319886,39.15582462822437,325.61124,0.6582894549812298
Ki_1_57,7,4559,2400,5.380330239242317,28.947953483305287,348.10504,0.5864755769720457
Ki_1_57,7,4559,2401,4.027498159648183,16.220741425969507,26.45209,0.3519479842242959
Ki_1_57,7,4559,2402,3.6967745101992575,13.666141779258954,20.20596,0.24099297599161723
Ki_1_57,7,4559,2403,6.072626577198285,36.87679354609498,270.16162,0.693398195368268
Ki_1_57,7,4559,2404,4.2891305541941644,18.396640910921935,132.75342,0.4216620859399648
Ki_1_57,7,4559,2405,4.256930454114592,18.12145689116826,44.11113,0.11812131259578573
Ki_1_57,7,4559,2406,5.287618436090761,27.958908725686904,111.9526,0.4295817734850998
Ki_1_57,7,4559,2407,5.141586558536439,26.435912338922584,108.21156,0.19892112943434684
Ki_1_57,7,4559,2408,4.3090397056854295,18.567823185173562,44.057285,0.18633640560961995
Ki_1_57,7,4559,2409,4.053697397733292,16.432462592389665,53.07182,0.18089600435496114
Ki_1_57,7,4559,2410,3.3301156475435927,11.08967022601468,29.175268,0.11142439702974516
Ki_1_57,7,4559,2411,5.516927164343627,30.436485336672625,184.55373,0.43649328224639833
Ki_1_57,7,4559,2412,6.055731275126127,36.671881276540695,259.63193,0.602867036698013
Ki_1_57,7,4559,2413,5.000901897136225,25.00901978478068,148.39064,0.38721380436356506
Ki_1_57,7,4559,2414,4.4683136588380865,19.965826953759,108.15967,0.27202911462198914
Ki_1_57,7,4559,2415,4.648589647613279,21.609385711897357,94.59372,0.3229669822875098
Ki_1_57,7,4559,2416,3.2119222432116965,10.316444496438054,14.15736,0.14019281890962365
Ki_1_57,7,4559,2417,3.468761774357351,12.032308247242758,65.87211,0.21648583407867533
Ki_1_57,7,4559,2418,4.069536516417549,16.561127458455882,80.69457,0.39688112006566156
Ki_1_57,7,4559,2419,3.903496743768893,15.237286828614348,109.73578,0.35162187273884593
Ki_1_57,7,4559,2420,3.976488164829815,15.812458125031592,6.9558334,0.3110479033589001
Ki_1_57,7,4559,2421,8.229962977026878,67.73229060323311,576.72455,0.613365466636592
Ki_1_57,7,4559,2422,6.593693940368837,43.47679977925671,408.55475,0.5709406601270532
Ki_1_57,7,4559,2423,4.801267615797212,23.052170718503042,240.4125,0.33868833824754424
Ki_1_57,7,4559,2424,4.280075049509971,18.319042429437783,77.35593,0.4321033541488285
Ki_1_57,7,4559,2425,5.9924820532887,35.90984115898717,331.80893,0.6092517482200063
Ki_1_57,7,4559,2426,4.464267851436293,19.929687449367606,219.73877,0.4885065672563613
Ki_1_57,7,4559,2427,4.029188210928683,16.23435763908668,96.32923,0.32239708069771456
Ki_1_57,7,4559,2428,4.286264371506657,18.372062262447354,55.27134,0.5278898096152154
Ki_1_57,7,4559,2429,5.547557666615871,30.775396064428538,135.55823,0.5530735853033872
Ki_1_57,7,4559,2430,4.9683225131803965,24.684228594975167,43.759266,0.266369601692411
Ki_1_57,7,4559,2431,3.995337515625792,15.962721863766877,23.14244,0.2179732957588665
Ki_1_57,7,4559,2432,4.849215865506895,23.514894510283778,68.2758,0.44181705267597676
Ki_1_57,7,4559,2433,5.161574428331801,26.64185057920876,224.20576,0.47329232226252554
Ki_1_57,7,4559,2434,3.6052586243810376,12.997889748673845,57.76462,0.16927161352226722
Ki_1_57,7,4559,2435,5.9955095626126385,35.946134915379616,154.3219,0.4455355231692001
Ki_1_57,7,4559,2436,5.865270402527864,34.40139689476936,149.33507,0.34194569342710457
Ki_1_57,7,4559,2437,6.868395915453685,47.17486245142085,425.19168,0.43470641757494605
Ki_1_57,7,4559,2438,6.942037369921894,48.191882845392094,293.63007,0.6088130774537183
Ki_1_57,7,4559,2439,6.350977546890402,40.334915801106035,465.72333,0.4088558122822554
Ki_1_57,7,4559,2440,8.148581044072227,66.39937303181323,652.5915,0.8740207550529295
Ki_1_57,7,4559,2441,7.131171223432476,50.85360301791143,400.89514,0.7956734083509294
Ki_1_57,7,4559,2442,6.3959628346407165,40.90834058210533,327.9872,0.7453856234840266
Ki_1_57,7,4559,2443,8.729458915130394,76.20345295094953,380.50253,0.8339861791812796
Ki_1_57,7,4559,2444,7.169059480837135,51.395413839780815,384.83127,0.629251680767986
Ki_1_57,7,4559,2445,5.525342152942052,30.529405907078313,285.00415,0.5870823639316312
Ki_1_57,7,4559,2446,4.92970198459151,24.301961656885474,128.47522,0.2116198087130816
Ki_1_57,7,4559,2447,3.69817951881365,13.676531753372762,7.685557,0.20007437160537273
Ki_1_57,7,4559,2448,5.3749825307717645,28.890437206101634,191.02002,0.5107200593145995
Ki_1_57,7,4559,2449,4.699575644162152,22.086011235202122,31.326424,0.3782178412830286
Ki_1_57,7,4559,2450,7.699819174920602,59.287215326475014,305.9649,0.8350582969468141
Ki_1_57,7,4559,2451,4.8863126923689295,23.876051727605695,90.2648,0.20794695330126428
Ki_1_57,7,4559,2452,3.6783913912017274,13.530563226866981,61.59427,0.18239117978500063
Ki_1_57,7,4559,2453,7.018462022933724,49.25880916736291,281.83224,0.4697967369382283
Ki_1_57,7,4559,2454,5.835859414232616,34.05725510268746,184.83424,0.6394109896299521
Ki_1_57,7,4559,2455,6.399413807685415,40.95249708199472,274.52686,0.547499586078847
Ki_1_57,7,4559,2456,4.180392265857051,17.475679496437454,80.48272,0.48096003198075177
Ki_1_57,7,4559,2457,3.576650818414376,12.79243107686423,25.621595,0.1384628825558692
Ki_1_57,7,4559,2458,3.910371613104365,15.29100615257243,61.98046,0.13763925024136303
Ki_1_57,7,4559,2459,5.625976774700616,31.65161466947075,332.75638,0.42869945377673435
Ki_1_57,7,4559,2460,4.415199004566995,19.493982249929388,119.008804,0.2939142569656042
Ki_1_57,7,4559,2461,5.721776279149006,32.73872378863225,204.6183,0.37528588981528943
Ki_1_57,7,4559,2462,7.893574145681969,62.308512793378824,489.21573,0.6851571047331589
Ki_1_57,7,4559,2463,7.84105555449227,61.48215220863407,283.07553,0.5661209567150391
Ki_1_57,7,4559,2464,6.790162009738947,46.10630011850207,265.38788,0.47467311463701095
Ki_1_57,7,4559,2465,4.236838763878125,17.95080271110032,103.01049,0.44316390583256476
Ki_1_57,7,4559,2466,5.636885901876838,31.77448267077785,148.96771,0.5360495961081368
Ki_1_57,7,4559,2467,4.183546436841632,17.50206078921031,190.03879,0.3401905211190813
Ki_1_57,7,4559,2468,3.616272428035439,13.077426273769332,84.89638,0.06755761304466797
Ki_1_57,7,4559,2469,6.280792811945007,39.44835834658006,294.58716,0.6045743516732883
Ki_1_57,7,4559,2470,4.394677000960471,19.313185942770914,127.70758,0.22942010740875185
Ki_1_57,7,4559,2471,4.833608129230642,23.363767546964546,130.37025,0.25483497571898744
Ki_1_57,7,4559,2472,5.127670833504032,26.293008176767934,168.8232,0.336907121372557
Ki_1_57,7,4559,2473,5.567393094903704,30.99586587318144,200.15332,0.3933668483729413
Ki_1_57,7,4559,2474,3.9955210064687896,15.964188113133364,39.239735,0.07696709174183264
Ki_1_57,7,4559,2475,3.9981404607033366,15.985127143513091,108.19982,0.1282210965979971
Ki_1_57,7,4559,2476,3.474909508637343,12.074996093218223,48.34684,0.17366157425097625
Ki_1_57,7,4559,2477,4.018580156561044,16.148986474706184,53.09143,0.18213481917681787
Ki_1_57,7,4559,2478,5.471141284038349,29.933386949908794,71.47038,0.5207409104546777
Ki_1_57,7,4559,2479,5.844471634479128,34.157848686231134,123.90103,0.37196027059665665
Ki_1_57,7,4559,2480,3.633248767523464,13.20049660671077,68.01737,0.2583018212846765
Ki_1_57,7,4559,2481,3.400208824745453,11.561420051876851,11.437829,0.20029905831701994
Ki_1_57,7,4559,2482,4.384650674395797,19.22516153647951,69.15156,0.3997814363801138
Ki_1_57,7,4559,2483,4.304930262526464,18.532424565216175,138.70782,0.21601128161048708
Ki_1_57,7,4559,2484,4.174287903842181,17.42467950416315,99.73109,0.204608256799039
Ki_1_57,7,4559,2485,3.8824155290953466,15.073150340560705,14.22825,0.1963700512631823
Ki_1_57,7,4559,2486,4.304109540360608,18.52535893542321,92.36789,0.3334288378118522
Ki_1_57,7,4559,2487,4.397076868926082,19.334284991244797,67.12488,0.14925665253041048
Ki_1_57,7,4559,2488,4.0775591377493186,16.626488521842965,29.697363,0.17612234358845397
Ki_1_57,7,4559,2489,4.488744657678098,20.148828601833667,89.57565,0.2852713288341966
Ki_1_57,7,4559,2490,7.297943134336468,53.25997399200878,318.513,0.6837856245745411
Ki_1_57,7,4559,2491,5.1834556238309055,26.86821220422425,73.18153,0.5104255925778607
Ki_1_57,7,4559,2492,4.58980274362386,21.066289225377105,53.028675,0.4756156248427982
Ki_1_57,7,4559,2493,3.8296485076968967,14.666207692505067,101.325195,0.23825504202040854
Ki_1_57,7,4559,2494,6.665461401744181,44.4283756981415,252.2463,0.5109649245151909
Ki_1_57,7,4559,2495,5.5963470350013065,31.319100136167922,206.14343,0.5592769914901741
Ki_1_57,7,4559,2496,3.6811392835954537,13.550786425229651,18.801113,0.25901650422686584
Ki_1_57,7,4559,2497,6.516836743357208,42.46916113957059,107.096756,0.42431845866237
Ki_1_57,7,4559,2498,3.8523999385258607,14.840985286354062,70.02351,0.23412845440229751
Ki_1_57,7,4559,2499,3.9650725743785284,15.72180052008877,128.90327,0.43454078627297865
Ki_1_57,7,4559,2500,4.582287135316937,20.997355390491098,170.64644,0.6491748068102147
Ki_1_57,7,4559,2501,5.634085299812079,31.74291716555856,246.71213,0.4805482360259414
Ki_1_57,7,4559,2502,4.045335450344519,16.364738905814082,68.994545,0.2748488356899701
Ki_1_57,7,4559,2503,4.066134317348593,16.533448286719903,106.37443,0.23828562233298387
Ki_1_57,7,4559,2504,3.9773243672017227,15.819109121936581,29.946444,0.27541212207814003
Ki_1_57,7,4559,2505,3.656753196492511,13.371843940058197,16.270481,0.2803680944487009
Ki_1_57,7,4559,2506,4.659793691984514,21.71367725185866,139.9564,0.2578938744446527
Ki_1_57,7,4559,2507,4.076204910176644,16.615446469748186,44.84739,0.16257677445636515
Ki_1_57,7,4559,2508,4.641623034872982,21.544664397863457,83.225296,0.4293130097634815
Ki_1_57,7,4559,2509,4.01209297997148,16.096890079936436,28.544256,0.17950225663173594
Ki_1_57,7,4559,2510,6.051421893127667,36.61970692862484,203.12862,0.5006898520059229
Ki_1_57,7,4559,2511,4.021266064393226,16.170580760640586,57.59872,0.34491421480701545
Ki_1_57,7,4559,2512,4.975010064437881,24.750725141258204,101.80828,0.37238734505523824
Ki_1_57,7,4559,2513,3.9472432409919413,15.580729203556563,75.570114,0.410168408142607
Ki_1_57,7,4559,2514,7.885330287650207,62.178433745333706,195.57016,0.4439880859100892
Ki_1_57,7,4559,2515,7.708739038212075,59.42465755925481,414.59232,0.6461171674405586
Ki_1_57,7,4559,2516,4.406527219465989,19.41748213589465,101.5062,0.264271548723896
Ki_1_57,7,4559,2517,4.041555569546208,16.334171421729963,52.45942,0.09786500991192332
Ki_1_57,7,4559,2518,5.969474304389993,35.63462347077239,65.52386,0.4054834966551383
Ki_1_57,7,4559,2519,6.301297919882703,39.706355475118066,269.5471,0.5238836681771929
Ki_1_57,7,4559,2520,4.500709394386668,20.256385052720397,18.698616,0.4028116903722265
Ki_1_57,7,4559,2521,4.755725000784318,22.61692028308501,106.194435,0.3283662744938363
Ki_1_57,7,4559,2522,7.624440104797764,58.132086911648535,466.12778,0.6506221664620482
Ki_1_57,7,4559,2523,5.6436390824290426,31.850662092720526,285.67038,0.2974615906530904
Ki_1_57,7,4559,2524,5.186825531080271,26.90315908986613,421.2141,0.5036807639242917
Ki_1_57,7,4559,2525,4.278044786172969,18.301667192501725,36.32465,0.17073313440596904
Ki_1_57,7,4559,2526,4.887409743022398,23.88677399619026,108.29886,0.24007064165159014
Ki_1_57,7,4559,2527,3.894170036765784,15.164560275244426,52.856495,0.168861728233958
Ki_1_57,7,4559,2528,3.5201955000722975,12.391776358729256,60.08915,0.10331029621894444
Ki_1_57,7,4559,2529,3.6691441600797257,13.462618867447155,82.17989,0.06052568718709053
Ki_1_57,7,4559,2530,5.164292684245076,26.669918928547215,67.594284,0.49636262056841773
Ki_1_57,7,4559,2531,4.0155125954340605,16.12434140408958,102.75766,0.35621423294370325
Ki_1_57,7,4559,2532,5.316017571649009,28.26004282208102,151.98721,0.2533771805572512
Ki_1_57,7,4559,2533,4.990947084207328,24.909552797357627,62.999146,0.36291765273357324
Ki_1_57,7,4559,2534,6.06508373816129,36.78524075090854,217.59538,0.6682068619525435
Ki_1_57,7,4559,2535,3.81817743355653,14.57847891412033,10.1107645,0.26155637206390814
Ki_1_57,7,4559,2536,6.204534866045954,38.49625290397987,135.30652,0.5546975049255534
Ki_1_57,7,4559,2537,3.737906168056045,13.971942521191425,41.95513,0.10759409266119746
Ki_1_57,7,4559,2538,6.162965610435232,37.98214511540731,159.87793,0.591062396240023
Ki_1_57,7,4559,2539,5.28607518218813,27.942590831745267,225.02365,0.43614033574720457
Ki_1_57,7,4559,2540,5.786198261028176,33.48009031592548,250.86333,0.46221605879873207
Ki_1_57,7,4559,2541,5.188488634769421,26.920414313131445,143.1046,0.610496170580229
Ki_1_57,7,4559,2542,4.0205747874192665,16.16502162123148,98.23509,0.22746044211042682
Ki_1_57,7,4559,2543,4.242399538868369,17.997953847390548,135.42795,0.3022746632012627
Ki_1_57,7,4559,2544,3.9947996873770255,15.958424542267585,31.828718,0.3342729762219876
Ki_1_57,7,4559,2545,4.712171272406321,22.20455810049143,211.83044,0.5590160249173259
Ki_1_57,7,4559,2546,3.2265778960700517,10.410804919407841,92.60786,0.11624212373123274
Ki_1_57,7,4559,2547,3.9067328612618253,15.262561649263008,210.24252,0.3985445084656739
Ki_1_57,7,4559,2548,5.167763479728154,26.705779382412036,9.66417,0.5078202315103201
Ki_1_57,7,4559,2549,4.286938034354872,18.377837710398406,55.67308,0.2586794906753036
Ki_1_57,7,4559,2550,3.461684639840433,11.983260545707196,105.85496,0.03480143508394885
Ki_1_57,7,4559,2551,3.756220225285037,14.109190380840372,53.870964,0.3418389399742685
Ki_1_57,7,4559,2552,5.238761886327092,27.44462610163338,91.284805,0.4721677177622847
Ki_1_57,7,4559,2553,4.2523616675091755,18.082579751301417,246.71457,0.1957767458934468
Ki_1_57,7,4559,2554,4.037314016074156,16.299904464388824,44.02364,0.11509749981653275
Ki_1_57,7,4559,2555,4.6258115323704105,21.398132333011088,192.74669,0.47682861084724903
Ki_1_57,7,4559,2556,4.869227418297677,23.70937565110187,143.27263,0.43711716612677187
Ki_1_57,7,4559,2557,5.38736118466612,29.023660534047135,61.25428,0.6345639733615566
Ki_1_57,7,4559,2558,4.6869526009216465,21.96752468328618,133.48624,0.12760071083066649
Ki_1_57,7,4559,2559,3.7113345695445976,13.774004287096789,50.68553,0.12007195929279729
Ki_1_57,7,4559,2560,3.5785208872612277,12.805811740564888,62.906513,0.14441136667007115
Ki_1_57,7,4559,2561,4.918210428307723,24.188793817114835,187.13411,0.44253165022587393
Ki_1_57,7,4559,2562,5.306817531750058,28.16231231528978,127.783745,0.38931216052306516
Ki_1_57,7,4559,2563,5.011850042552055,25.11864084902904,62.96024,0.6165343521635941
Ki_1_57,7,4559,2564,5.147591631659129,26.497699606327096,66.89919,0.21052275782951713
Ki_1_57,7,4559,2565,4.152765560925145,17.24546180400593,115.517654,0.3030336736837514
Ki_1_57,7,4559,2566,4.093867500532289,16.75975111191449,46.617805,0.20554646101673918
Ki_1_57,7,4559,2567,5.1068982850212645,26.080410093553134,47.223236,0.14662320983559235
Ki_1_57,7,4559,2568,5.769889850070519,33.29162888194678,220.71869,0.7880375683467603
Ki_1_57,7,4559,2569,4.967179587106566,24.672873050568153,209.06656,0.3739019995061759
Ki_1_57,7,4559,2570,4.109821327420576,16.890631343321026,125.97233,0.19872213170765596
Ki_1_57,7,4559,2571,5.7279364274727085,32.80925571716881,163.53094,0.3450369063673867
Ki_1_57,7,4559,2572,4.269473291334686,18.228402185420236,61.525784,0.15412480930173264
Ki_1_57,7,4559,2573,5.52692044707977,30.546849628348458,342.46072,0.663471832825489
Ki_1_57,7,4559,2574,6.679212750138254,44.611882961609425,438.29807,0.7091672009169685
Ki_1_57,7,4559,2575,4.093147709177933,16.75385816914856,73.37521,0.146698143162626
Ki_1_57,7,4559,2576,4.795554803766733,22.997345875930197,62.290817,0.29113684229713077
Ki_1_57,7,4559,2577,3.7062931922115863,13.736609226633952,113.75641,0.2771208437511963
Ki_1_57,7,4559,2578,4.79052976604779,22.949175439389897,64.292595,0.23507906794475453
Ki_1_57,7,4559,2579,4.854175461661323,23.563019412594908,44.09209,0.3418126936510007
Ki_1_57,7,4559,2580,4.320676315382689,18.66824382230892,163.92664,0.5048427366597326
Ki_1_57,7,4559,2581,5.401723835807113,29.178620398326707,211.0323,0.49105463890670575
Ki_1_57,7,4559,2582,4.249647434148458,18.059503314564576,164.71489,0.3468571708887221
Ki_1_57,7,4559,2583,5.0643996676073035,25.648143993260973,104.8051,0.20056383676165074
Ki_1_57,7,4559,2584,7.216607674133824,52.079426322367205,288.71637,0.6508172088107994
Ki_1_57,7,4559,2585,5.4108843577756955,29.2776695332217,247.69608,0.6461720426765654
Ki_1_57,7,4559,2586,3.4827049117335527,12.129233502213015,77.05786,0.281111811658122
Ki_1_57,7,4559,2587,3.1636420251667836,10.008630863401388,22.552544,0.193640079895771
Ki_1_57,7,4559,2588,4.286671333825201,18.375551124238733,141.89449,0.2904279713623378
Ki_1_57,7,4559,2589,4.0039026172189285,16.031236168172583,81.38609,0.15132281159663982
Ki_1_57,7,4559,2590,5.2094250308998085,27.13810915256546,167.02829,0.2853163781331158
Ki_1_57,7,4559,2591,4.492629635525791,20.183721042004606,115.654915,0.35612844638176694
Ki_1_57,7,4559,2592,6.452558112204152,41.635506191371604,326.7862,0.6371356192935185
Ki_1_57,7,4559,2593,5.255932204896754,27.624823342470854,68.05539,0.34966970138983616
Ki_1_57,7,4559,2594,4.7745600201510285,22.796423386024582,119.31328,0.18527035913176992
Ki_1_57,7,4559,2595,4.4252262153784,19.582627057272227,172.10718,0.22952944791413676
Ki_1_57,7,4559,2596,4.779562504032492,22.844217729953343,70.21218,0.45275577856315696
Ki_1_57,7,4559,2597,6.631134358026951,43.9719428742055,339.1137,0.8077914056782703
Ki_1_57,7,4559,2598,8.416996028002343,70.84582213540722,376.9274,0.7803305031582636
Ki_1_57,7,4559,2599,6.302478532101544,39.72123564760082,362.48404,0.6740998226986905
Ki_1_57,7,4559,2600,5.11884199105469,26.202543329384728,266.98624,0.43779426106513664
Ki_1_57,7,4559,2601,3.8194447266988614,14.588158020307738,92.857025,0.16904708418579953
Ki_1_57,7,4559,2602,4.17135689215213,17.400218321705065,59.576714,0.4164790891733571
Ki_1_57,7,4559,2603,4.749567321262497,22.558389739204603,114.93192,0.228812519256689
Ki_1_57,7,4559,2604,3.6226745502666766,13.123770897149868,97.40844,0.20890262936863807
Ki_1_57,7,4559,2605,6.081393702149364,36.983349360541965,193.07892,0.6523379085378445
Ki_1_57,7,4559,2606,4.190872388193733,17.563411374124644,143.03297,0.4448345640335568
Ki_1_57,7,4559,2607,4.389947299897751,19.27163729587955,109.83036,0.33190821592367864
Ki_1_57,7,4559,2608,6.93634730665799,48.11291395858156,294.4186,0.7613992901508333
Ki_1_57,7,4559,2609,6.9207748751918805,47.897124873087186,485.83258,0.7143766531865121
Ki_1_57,7,4559,2610,3.944219301065218,15.556865894895395,129.10362,0.1924514515559132
Ki_1_57,7,4559,2611,6.5421840605500785,42.80017228211551,358.11652,0.7655144832526704
Ki_1_57,7,4559,2612,6.338459968704587,40.176074774870564,222.54169,0.4363979635233082
Ki_1_57,7,4559,2613,4.985045788992084,24.8506815183477,118.07451,0.27284235338531443
Ki_1_57,7,4559,2614,4.676098413570908,21.86589637340037,91.938805,0.4998026029236212
Ki_1_57,7,4559,2615,6.383427465097019,40.74814620215495,259.20764,0.45188665039536347
Ki_1_57,7,4559,2616,5.125253140150695,26.268219750624564,114.06329,0.3086655943701017
Ki_1_57,7,4559,2617,4.915644512024518,24.163560968596766,86.29123,0.45949996830926776
Ki_1_57,7,4559,2618,4.526000469447214,20.484680249436398,64.093,0.2832165497724466
Ki_1_57,7,4559,2619,5.736636567649593,32.9089991092945,169.7037,0.4204698338106417
Ki_1_57,7,4559,2620,6.315356256252758,39.883724643390835,340.49762,0.7067713780886893
Ki_1_57,7,4559,2621,5.585905193804964,31.20233683417726,280.20322,0.7307327074882509
Ki_1_57,7,4559,2622,4.2201987502160225,17.81007749132488,95.4618,0.1448202946878903
Ki_1_57,7,4559,2623,4.506468118093321,20.30825489939156,25.909914,0.4934061616644956
Ki_1_57,7,4559,2624,4.143014410946894,17.164568409313645,70.20835,0.17466520075871825
Ki_1_57,7,4559,2625,5.012824330272782,25.12840776617476,262.28387,0.48130858964884266
Ki_1_57,7,4559,2626,8.95412541445484,80.17636193778607,609.6108,0.7604365189893251
Ki_1_57,7,4559,2627,7.475699245602418,55.88607921070056,312.9585,0.8482257956286825
Ki_1_57,7,4559,2628,5.804038819717122,33.68686662078332,137.23917,0.5322581866400017
Ki_1_57,7,4559,2629,5.287112184512952,27.95355525162532,178.87317,0.7178851249778091
Ki_1_57,7,4559,2630,4.478828407189668,20.059903901049132,107.847084,0.6076252020249483
Ki_1_57,7,4559,2631,4.436884815189769,19.68594686326155,33.46084,0.39424329481179304
Ki_1_57,7,4559,2632,3.7871454039469166,14.342470310636262,88.68315,0.049105186459432536
Ki_1_57,7,4559,2633,4.4550915275006115,19.847840518407722,131.71112,0.5163366005188523
Ki_1_57,7,4559,2634,6.174750268145775,38.127540873966325,364.30276,0.5975876628583113
Ki_1_57,7,4559,2635,4.450872008237674,19.81026163371366,106.85381,0.11185102114697602
Ki_1_57,7,4559,2636,5.1589513533742455,26.614779066481958,235.46112,0.6676885045214137
Ki_1_57,7,4559,2637,5.759916030536368,33.17663267882983,237.49759,0.4589620153988765
Ki_1_57,7,4559,2638,5.228514091239952,27.33735960229474,358.2941,0.21475000095778268
Ki_1_57,7,4559,2639,4.472350393844369,20.001918045319883,234.42023,0.415453568308976
Ki_1_57,7,4559,2640,4.269656306049202,18.229964971785723,8.586321,0.428695548999693
Ki_1_57,7,4559,2641,5.221324471230468,27.262229233870134,109.076546,0.27671166723398133
Ki_1_57,7,4559,2642,7.41151732997474,54.93058913251589,686.5406,0.7132734652799596
Ki_1_57,7,4559,2643,8.028068717567466,64.44988733398536,370.52908,0.5537421778868905
Ki_1_57,7,4559,2644,5.633538157485677,31.73675217184711,97.70343,0.44982234881825295
Ki_1_57,7,4559,2645,3.6634891119762867,13.421152473568805,113.500275,0.3338438445693954
Ki_1_57,7,4559,2646,4.162787179224968,17.32879709951977,226.6443,0.3759226295000433
Ki_1_57,7,4559,2647,5.011409036472117,25.114220530834405,143.28609,0.3077823937479676
Ki_1_57,7,4559,2648,5.908881909551993,34.914885421030824,352.02002,0.49046243702577286
Ki_1_57,7,4559,2649,8.389596294690657,70.38532598788724,494.55774,0.4363539706934568
Ki_1_57,7,4559,2650,3.8603839723517277,14.902564413990099,11.353624,0.16642859677896957
Ki_1_57,7,4559,2651,4.363559158536321,19.040648530046216,64.93822,0.28207994856968854
Ki_1_57,7,4559,2652,4.2663415243975304,18.201670002798647,159.20682,0.4809691621364891
Ki_1_57,7,4559,2653,6.933588981520052,48.07465616465626,438.56488,0.7709289803715126
Ki_1_57,7,4559,2654,6.189211369810261,38.3063373801886,366.47955,0.6837828348155517
Ki_1_57,7,4559,2655,6.289361894441543,39.55607303925332,288.00223,0.45388588626151294
Ki_1_57,7,4559,2656,4.189428600288608,17.551311996916166,27.595982,0.06613050742218696
Ki_1_57,7,4559,2657,3.5919768048530254,12.902297366602154,6.7673764,0.2526335616111131
Ki_1_57,7,4559,2658,4.712282209391802,22.205603620950484,4.237933,0.5324438889702391
Ki_1_57,7,4559,2659,4.518195817547019,20.414093445699375,84.2666,0.5383127223439916
Ki_1_57,7,4559,2660,4.1985523225726835,17.627841605380475,152.5892,0.3086676378138975
Ki_1_57,7,4559,2661,4.002607661173861,16.02086808928768,29.830273,0.20875032952853684
Ki_1_57,7,4559,2662,5.759379170431693,33.17044842880246,242.09892,0.2969566897783143
Ki_1_57,7,4559,2663,5.71741403078798,32.68882319945126,156.25389,0.4375771418751027
Ki_1_57,7,4559,2664,6.824422658981777,46.572744628423905,423.85883,0.6876385651341612
Ki_1_57,7,4559,2665,4.4546555979919535,19.843956496721045,53.368652,0.42434196468853513
Ki_1_57,7,4559,2666,4.124599368523298,17.01231995082279,152.9325,0.2013025664844004
Ki_1_57,7,4559,2667,6.7452427500915935,45.49829975766321,410.4087,0.48894411440521324
Ki_1_57,7,4559,2668,4.374523212615281,19.13645333770992,102.86925,0.503368740935852
Ki_1_57,7,4559,2669,6.093251736510782,37.12771672449165,181.92902,0.3238437308730311
Ki_1_57,7,4559,2670,5.4473112789844675,29.673200170151397,360.7471,0.52197767172504
Ki_1_57,7,4559,2671,8.386716927802262,70.33702082708501,399.24213,0.8122652714080019
Ki_1_57,7,4559,2672,6.429691559034717,41.340933544322304,270.2884,0.6775204983383641
Ki_1_57,7,4559,2673,4.6915191768197095,22.010352186467088,201.65544,0.28089172504414145
Ki_1_57,7,4559,2674,5.060273596748417,25.606368873949165,134.32635,0.4022451615308048
Ki_1_57,7,4559,2675,5.100814585279426,26.01830943339933,115.327805,0.37188379699538415
Ki_1_57,7,4559,2676,4.0779416889437154,16.629608418425118,6.240137,0.1691697112565425
Ki_1_57,7,4559,2677,7.0097107509063115,49.1360448113715,454.41034,0.5488261987888042
Ki_1_57,7,4559,2678,4.735367422205883,22.42370462328879,200.25986,0.2860280633594548
Ki_1_57,7,4559,2679,5.802282297995061,33.66647986562684,391.77652,0.6560220419768766
Ki_1_57,7,4559,2680,5.491139821688386,30.15261654133196,69.791016,0.31066715620648744
Ki_1_57,7,4559,2681,5.931209358214034,35.17924445096575,339.26813,0.6335212303567599
Ki_1_57,7,4559,2682,7.411678344276198,54.93297587901275,632.26184,0.7221499364750532
Ki_1_57,7,4559,2683,4.2702444178730605,18.234987388376037,102.74403,0.12325858941217915
Ki_1_57,7,4559,2684,4.177714437797506,17.453297923781722,167.55177,0.18997905543230065
Ki_1_57,7,4559,2685,3.7058808253142024,13.733552691431475,7.1210556,0.19558749217000576
Ki_1_57,7,4559,2686,4.3321433269214005,18.767465804989623,78.03701,0.32140247135227507
Ki_1_57,7,4559,2687,4.868156219247045,23.698944974993687,294.12277,0.33145040148743204
Ki_1_57,7,4559,2688,3.7707483615199298,14.218543205905236,22.947346,0.2906258886152253
Ki_1_57,7,4559,2689,5.8375276257610444,34.07672878152338,148.56989,0.31253266554458653
Ki_1_57,7,4559,2690,6.346119293569005,40.27323008820878,143.48872,0.28485212599114573
Ki_1_57,7,4559,2691,3.691421828644492,13.626595116993048,70.53676,0.2662259318323295
Ki_1_57,7,4559,2692,2.9598072250423373,8.760458809412823,29.591534,0.16096534233352797
Ki_1_57,7,4559,2693,4.2355547905522775,17.939924383770347,192.69702,0.38748656185467945
Ki_1_57,7,4559,2694,6.386660145093858,40.78942780893029,216.6368,0.689952565386239
Ki_1_57,7,4559,2695,5.141772540199213,26.437824855146655,198.16974,0.34263436797436886
Ki_1_57,7,4559,2696,5.929687274722388,35.16119117600462,401.37247,0.4402229338328084
Ki_1_57,7,4559,2697,3.7891677280894394,14.357792071594481,111.9537,0.27069908054592867
Ki_1_57,7,4559,2698,6.238938588080374,38.92435470583831,81.7664,0.5852003710812448
Ki_1_57,7,4559,2699,4.004399937842455,16.03521886219266,157.61244,0.2749844602147933
Ki_1_57,7,4559,2700,5.4183224691830105,29.358218380053476,204.54161,0.4701476585107769
Ki_1_57,7,4559,2701,3.126040633321056,9.772130041174307,142.6122,0.0880982524038498
Ki_1_57,7,4559,2702,4.644226227962515,21.56883725649494,65.2019,0.5297964054760242
Ki_1_57,7,4559,2703,6.4326248491424485,41.37866244980492,187.08476,0.3911682315977425
Ki_1_57,7,4559,2704,4.37669251774477,19.15543739488306,57.146038,0.08788090235461697
Ki_1_57,7,4559,2705,5.096393005633993,25.97322166787508,136.57616,0.4047861148484084
Ki_1_57,7,4559,2706,4.4060706654119555,19.413458708603763,172.48688,0.3083092057920516
Ki_1_57,7,4559,2707,3.3252653919016004,11.057389926578505,70.23352,0.16530095651769813
Ki_1_57,7,4559,2708,4.02500109793422,16.20063383837168,53.548935,0.3027381519579304
Ki_1_57,7,4559,2709,4.879064530247527,23.80527069031952,234.25256,0.554868005564629
Ki_1_57,7,4559,2710,6.055451075317179,36.66848772555998,181.1613,0.6535893431623109
Ki_1_57,7,4559,2711,4.6114538567592,21.2655066730193,307.78644,0.34382940287532016
Ki_1_57,7,4559,2712,3.262501192259319,10.643914029493473,78.34223,0.09628900607769972
Ki_1_57,7,4559,2713,3.2333527308334578,10.454569881988176,75.63495,0.0627611138333051
Ki_1_57,7,4559,2714,3.408598116753666,11.618541121536639,8.58964,0.29425353653655434
Ki_1_57,7,4559,2715,5.984609432310441,35.81555005729909,399.8734,0.6986371555358715
Ki_1_57,7,4559,2716,4.040509795155815,16.325719404750085,134.21944,0.22663423862797674
Ki_1_57,7,4559,2717,3.685095810780076,13.579931134628865,31.230133,0.10390147629664356
Ki_1_57,7,4559,2718,5.488138354211733,30.119662594969867,98.25789,0.6717372803628865
Ki_1_57,7,4559,2719,4.907913629714601,24.08761619673835,153.33057,0.492984147396026
Ki_1_57,7,4559,2720,4.0589863533434505,16.47537021662836,28.14085,0.3192359996369578
Ki_1_57,7,4559,2721,3.597348680176649,12.94091752676868,55.890686,0.08409687583883857
Ki_1_57,7,4559,2722,3.9348135446703676,15.482757631321379,66.44973,0.12520778528159804
Ki_1_57,7,4559,2723,3.8366265788515053,14.719703505549806,61.381184,0.3173596352796692
Ki_1_57,7,4559,2724,3.2531390342577766,10.582913576211618,19.435997,0.13532785838848468
Ki_1_57,7,4559,2725,5.700512901647648,32.49584734185129,236.8371,0.20511905058822416
Ki_1_57,7,4559,2726,5.764204642756037,33.22605516357024,175.21524,0.511470151084198
Ki_1_57,7,4559,2727,7.857119851044283,61.73433235367415,386.20636,0.7891398725497554
Ki_1_57,7,4559,2728,8.197051547422834,67.19165407110711,801.8841,0.8242965769631314
Ki_1_57,7,4559,2729,3.911651943433434,15.30102092656656,121.04657,0.23921038428085942
Ki_1_57,7,4559,2730,8.198707431851116,67.21880355309068,439.98407,0.7161856787313914
Ki_1_57,7,4559,2731,9.070683507113268,82.27729928621663,451.4308,0.7835248201912242
Ki_1_57,7,4559,2732,9.092336284448367,82.67057910949634,414.87494,0.8059317663502887
Ki_1_57,7,4559,2733,3.3176582191218977,11.006856058907081,18.933573,0.25311750258667287
Ki_1_57,7,4559,2734,4.372497419462244,19.118733683203985,101.194725,0.25847217720732985
Ki_1_57,7,4559,2735,5.784908547231763,33.46516689983509,217.57858,0.6423187885396677
Ki_1_57,7,4559,2736,5.92890656664653,35.15193307602434,117.47391,0.6198688066045064
Ki_1_57,7,4559,2737,5.685598079410045,32.3260255205912,172.56734,0.6186178804343265
Ki_1_57,7,4559,2738,3.926737252740087,15.419265452056765,60.213005,0.2981848197853033
Ki_1_57,7,4559,2739,4.944150274243015,24.44462193429727,182.71793,0.5259870470722665
Ki_1_57,7,4559,2740,4.2800445665037525,18.318781491258303,69.27628,0.275873112882822
Ki_1_57,7,4559,2741,3.656031552622978,13.36656671377478,75.50212,0.30743728034915474
Ki_1_57,7,4559,2742,4.351816454133529,18.938306450467326,120.86715,0.3034280059979788
Ki_1_57,7,4559,2743,5.388976329523569,29.041065880165316,228.42146,0.6888732720256173
Ki_1_57,7,4559,2744,7.61613641640317,58.00553391326252,404.43085,0.5905917682629962
Ki_1_57,7,4559,2745,6.909873382648112,47.746350164228865,394.53043,0.6016309693132385
Ki_1_57,7,4559,2746,6.415271596470588,41.15570965648227,253.81473,0.43004542450124705
Ki_1_57,7,4559,2747,4.618648624185791,21.331915113693306,63.9669,0.33401460621141793
Ki_1_57,7,4559,2748,3.7425771268054477,14.006883550087316,39.048325,0.22142881853720492
Ki_1_57,7,4559,2749,4.562191997246728,20.81359581974209,176.57787,0.41195605550324854
Ki_1_57,7,4559,2750,5.113259546437061,26.14542318922974,219.84396,0.5987040376457856
Ki_1_57,7,4559,2751,5.1673122831261376,26.701116231346262,320.60568,0.5128304466514879
Ki_1_57,7,4559,2752,4.1994063092147,17.635013349872224,58.588562,0.40510930149034846
Ki_1_57,7,4559,2753,3.3090928491873104,10.950095484542597,42.631798,0.27339823032340305
Ki_1_57,7,4559,2754,4.092753184617997,16.75062863020076,72.08725,0.43271232451611746
Ki_1_57,7,4559,2755,4.504782677066569,20.293066967599046,149.9662,0.1512489817775378
Ki_1_57,7,4559,2756,5.6409937027765995,31.82080995476525,359.88022,0.5659179506150962
Ki_1_57,7,4559,2757,4.6112485181091145,21.26361289576351,172.62471,0.25755749647317533
Ki_1_57,7,4559,2758,4.665356374530616,21.765550101373456,1.3493557,0.25809030236239566
Ki_1_57,7,4559,2759,5.3653120285443485,28.786573163642668,231.8596,0.6032279259025732
Ki_1_57,7,4559,2760,6.551317482300602,42.91976075389752,324.839,0.5443702343030308
Ki_1_57,7,4559,2761,5.443690001170562,29.633760828844345,200.77977,0.34188190222431836
Ki_1_57,7,4559,2762,6.662274730526672,44.38590458501423,453.14893,0.5895290660933797
Ki_1_57,7,4559,2763,4.536131255888066,20.576486770644646,37.82014,0.28780937864916406
Ki_1_57,7,4559,2764,4.694380833492639,22.03721140986305,47.425743,0.6499468854799798
Ki_1_57,7,4559,2765,6.818722909885159,46.49498212179275,333.70975,0.654626129559179
Ki_1_57,7,4559,2766,3.07387015480607,9.4486777286075,41.472054,0.11425181036143614
Ki_1_57,7,4559,2767,3.87445043622687,15.011366182778584,14.298862,0.23916843896365067
Ki_1_57,7,4559,2768,4.79161669941641,22.959590594126208,126.323456,0.1198247012918986
Ki_1_57,7,4559,2769,4.984579827268544,24.84603605441251,263.452,0.49979486286667335
Ki_1_57,7,4559,2770,5.353426642901388,28.65917682092643,142.77986,0.5647879186122631
Ki_1_57,7,4559,2771,6.345394303550557,40.26402886753185,268.01474,0.6768317959674929
Ki_1_57,7,4559,2772,4.7688424529378,22.74185834094181,100.53186,0.27112147788181573
Ki_1_57,7,4559,2773,4.9369093013909,24.373073450159982,194.73534,0.3287805749399438
Ki_1_57,7,4559,2774,6.0907302356554265,37.0969948035272,387.06378,0.5318913521143672
Ki_1_57,7,4559,2775,3.4578596314272168,11.95679323065397,26.801657,0.14930198083151447
Ki_1_57,7,4559,2776,5.194584994195033,26.983713261916204,150.46132,0.5572089719776846
Ki_1_57,7,4559,2777,4.565808228650496,20.846604780812584,67.105545,0.32958796761611114
Ki_1_57,7,4559,2778,4.895120879931622,23.96220842914254,56.166206,0.4529496588680935
Ki_1_57,7,4559,2779,3.2320400938872855,10.446083168494933,54.988537,0.08894261198575154
Ki_1_57,7,4559,2780,5.451287985963633,29.716540705911463,222.00664,0.10985679396143636
Ki_1_57,7,4559,2781,4.106417730201236,16.86266657491107,141.86061,0.3994506338141792
Ki_1_57,7,4559,2782,5.174708933340404,26.777612544792998,167.3466,0.4023674088680249
Ki_1_57,7,4559,2783,6.574628081447829,43.22573440936235,327.39316,0.5373677849234986
Ki_1_57,7,4559,2784,4.185058117439774,17.51471144634854,11.304073,0.23483023452536406
Ki_1_57,7,4559,2785,4.655589512859532,21.674513712247656,47.473244,0.3780485190135407
Ki_1_57,7,4559,2786,4.816842272755523,23.201969480604603,264.02518,0.5402661553937388
Ki_1_57,7,4559,2787,4.0134570183692215,16.107837238297154,160.81738,0.17148773891379832
Ki_1_57,7,4559,2788,4.636490035591133,21.497039850135863,120.4875,0.4042356464011155
Ki_1_57,7,4559,2789,5.035470083355921,25.355958960372494,61.833866,0.5938668204546838
Ki_1_57,7,4559,2790,6.403306230002321,41.00233067518655,263.41873,0.7253744562267497
Ki_1_57,7,4559,2791,5.072127241594622,25.72647475492626,202.62766,0.41094014982852234
Ki_1_57,7,4559,2792,4.147875169952074,17.204868425504948,97.911934,0.3067540225621197
Ki_1_57,7,4559,2793,5.194559462500353,26.98344800945194,132.29922,0.5119882251949104
Ki_1_57,7,4559,2794,3.957716934376073,15.663523332647136,25.07229,0.15868216625121093
Ki_1_57,7,4559,2795,3.9133230776082963,15.314097509741673,97.70986,0.14287989793671418
Ki_1_57,7,4559,2796,4.432413478375482,19.646289243284645,193.31331,0.320403594983726
Ki_1_57,7,4559,2797,6.312956034701639,39.85341389607583,242.11665,0.7904807329523865
Ki_1_57,7,4559,2798,6.1330486855397135,37.614286179200406,153.89761,0.5314955708608551
Ki_1_57,7,4559,2799,4.977328545027206,24.77379944514264,240.44174,0.5025611780791617
Ki_1_57,7,4559,2800,6.891893167933157,47.49819143820372,281.63907,0.6310009745096629
Ki_1_57,7,4559,2801,8.39959247911508,70.55315381520661,330.18677,0.6790502683276604
Ki_1_57,7,4559,2802,6.352149725941512,40.34980614077882,256.78888,0.686840878235251
Ki_1_57,7,4559,2803,4.213892848595931,17.75689293944793,200.47964,0.45237577680711244
Ki_1_57,7,4559,2804,4.404676323044962,19.401173510792887,128.59256,0.44966728127057587
Ki_1_57,7,4559,2805,4.332421519637874,18.769876223821345,204.59186,0.11431604869153394
Ki_1_57,7,4559,2806,6.484504715161138,42.04880140094702,191.9715,0.6469732159920071
Ki_1_57,7,4559,2807,4.6528036516135085,21.648581820468,21.783417,0.34661229488629264
Ki_1_57,7,4559,2808,4.725205773267248,22.327569599718128,145.19643,0.42215939945886116
Ki_1_57,7,4559,2809,4.156881374131111,17.279662758598153,23.878656,0.2002798746402467
Ki_1_57,7,4559,2810,5.291150558203435,27.996274229576517,111.71582,0.4402544911841769
Ki_1_57,7,4559,2811,4.551810876763162,20.718982257819427,17.365332,0.28525548409090606
Ki_1_57,7,4559,2812,3.827889643842001,14.652739125432843,1.8745077,0.29986697021762715
Ki_1_57,7,4559,2813,4.046120392950552,16.371090234250325,50.28672,0.2712684129136401
Ki_1_57,7,4559,2814,4.4048377421554745,19.402595534717335,74.3084,0.1779443080636489
Ki_1_57,7,4559,2815,4.268324213113611,18.218591588251922,13.537516,0.27254181073752887
Ki_1_57,7,4559,2816,4.136790829518991,17.113038367192424,136.9707,0.26957775463033157
Ki_1_57,7,4559,2817,4.499013004207256,20.241118012025996,111.47011,0.262042310460621
Ki_1_57,7,4559,2818,3.8967505390007746,15.18466476320283,40.704987,0.24288730608149167
Ki_1_57,7,4559,2819,3.8402485540302633,14.747508956731528,197.64056,0.21987131173911384
Ki_1_57,7,4559,2820,4.138497683807136,17.12716307887703,121.2258,0.2597450018135842
Ki_1_57,7,4559,2821,5.885748971896089,34.64204096017587,334.4078,0.4164431494644232
Ki_1_57,7,4559,2822,5.531398912344396,30.596373927484763,58.28995,0.5993428538938569
Ki_1_57,7,4559,2823,5.653658277324982,31.96385191676529,157.40128,0.40444195035933683
Ki_1_57,7,4559,2824,4.3227322164772595,18.686013815370398,187.60258,0.27130340807148534
Ki_1_57,7,4559,2825,3.535372884808386,12.498861434638371,158.64737,0.11313151637850691
Ki_1_57,7,4559,2826,3.941761829705568,15.537486322123792,10.132679,0.43120568376884005
Ki_1_57,7,4559,2827,4.663802885002279,21.751057350155584,220.26149,0.4403065433039197
Ki_1_57,7,4559,2828,4.210111204890481,17.725036357544386,148.87363,0.12750706709255755
Ki_1_57,7,4559,2829,4.004485320771014,16.035902684270532,181.18358,0.38378331364023927
Ki_1_57,7,4559,2830,5.684823960592969,32.317223462931935,212.57393,0.6978882387965697
Ki_1_57,7,4559,2831,5.7910144318135846,33.535848149473225,135.12247,0.671248134220702
Ki_1_57,7,4559,2832,3.90691333434672,15.26397180209621,125.041824,0.28764054920581056
Ki_1_57,7,4559,2833,3.8435728433316005,14.773052201996165,94.9225,0.07668855062934263
Ki_1_57,7,4559,2834,4.038684877875621,16.31097554278122,46.319138,0.2375049950611568
Ki_1_57,7,4559,2835,4.4346503511151205,19.66612373664546,87.58065,0.21883292209698318
Ki_1_57,7,4559,2836,5.282498273982941,27.90478801463275,162.96179,0.5931562234517817
Ki_1_57,7,4559,2837,4.405299271003061,19.406661667100103,54.544117,0.16928355088567762
Ki_1_57,7,4559,2838,5.16053287274486,26.631099530680313,286.95947,0.502572116969144
Ki_1_57,7,4559,2839,4.796013428913217,23.001744810315913,58.495304,0.20131585130573054
Ki_1_57,7,4559,2840,4.852364918435367,23.54544530166227,81.34843,0.2753633478211214
Ki_1_57,7,4559,2841,3.9120771124761347,15.304347333959608,139.3378,0.21505704298531586
Ki_1_57,7,4559,2842,3.916478531278377,15.338804085964432,104.39602,0.1887784173313124
Ki_1_57,7,4559,2843,4.5156165257422245,20.39079260755627,51.230392,0.12303471786894593
Ki_1_57,7,4559,2844,4.881612684981125,23.830142406168637,214.88098,0.20848205452524887
Ki_1_57,7,4559,2845,4.618860660011161,21.333873796598738,95.39053,0.49173325314880834
Ki_1_57,7,4559,2846,3.5956691757735806,12.928836821608263,97.3542,0.255732794170985
Ki_1_57,7,4559,2847,4.934495644671983,24.34924726728676,210.80952,0.37978075389293764
Ki_1_57,7,4559,2848,3.955695150797088,15.647524126039597,37.234077,0.23963169262543269
Ki_1_57,7,4559,2849,4.897077675051096,23.981369755483854,270.84747,0.2528624877610895
Ki_1_57,7,4559,2850,4.344628653107075,18.875798133398995,58.796238,0.23143815063907025
Ki_1_57,7,4559,2851,3.8753841854578743,15.018602584896993,189.29001,0.35340811836716285
Ki_1_57,7,4559,2852,4.605340714432413,21.209163096008844,143.6901,0.45784978977509094
Ki_1_57,7,4559,2853,5.241690047349413,27.475314552481883,148.73819,0.5302921923471826
Ki_1_57,7,4559,2854,3.9843271437755585,15.8748627886267,105.99138,0.24812360914194193
Ki_1_57,7,4559,2855,3.4183672009492394,11.68523432052553,33.49892,0.021311193640892363
Ki_1_57,7,4559,2856,5.499469272266099,30.24416227659902,130.5773,0.5208496069620115
Ki_1_57,7,4559,2857,5.7652632223697955,33.238260023209754,225.25223,0.535271673538678
Ki_1_57,7,4559,2858,6.4762878165762805,41.94230388313437,338.19165,0.6349654375317909
Ki_1_57,7,4559,2859,6.902389132342472,47.64297573427947,391.6884,0.3792350172589642
Ki_1_57,7,4559,2860,7.123678229528713,50.746791517861325,399.354,0.4783953541391389
Ki_1_57,7,4559,2861,6.3015530980659085,39.70957144774404,304.76764,0.6311216430446744
Ki_1_57,7,4559,2862,4.9290338179525435,24.295374378519824,140.104,0.239084668084254
Ki_1_57,7,4559,2863,4.970220254291936,24.703089376173793,107.21834,0.17297151101475164
Ki_1_57,7,4559,2864,6.449367501724026,41.59434117229401,419.325,0.5330049579571593
Ki_1_57,7,4559,2865,4.997007172708035,24.97008068409556,236.15266,0.44467449676419796
Ki_1_57,7,4559,2866,3.7723100239012033,14.230322916425497,101.89169,0.11101420268631408
Ki_1_57,7,4559,2867,6.5471813481215095,42.86558360519019,308.90005,0.41843193408084656
Ki_1_57,7,4559,2868,5.474349350116092,29.96850080711647,180.01996,0.21291467538649833
Ki_1_57,7,4559,2869,5.322767223109346,28.331850911407173,102.98306,0.5023523413390951
Ki_1_57,7,4559,2870,5.9223697664753905,35.074463650861766,246.43,0.4749150799592171
Ki_1_57,7,4559,2871,5.043267453019903,25.434546602689853,74.33258,0.42515777036765967
Ki_1_57,7,4559,2872,5.665198908944334,32.09447867790408,397.6947,0.3376642259198901
Ki_1_57,7,4559,2873,3.449853379277163,11.901488338510061,27.33409,0.2313905441387245
Ki_1_57,7,4559,2874,3.8260277244410124,14.638488148191264,51.94045,0.28211863185432073
Ki_1_57,7,4559,2875,6.2550281302002295,39.12537690959619,134.50372,0.46397192521774405
Ki_1_57,7,4559,2876,5.755077325729383,33.12091502512447,77.12565,0.450371921130596
Ki_1_57,7,4559,2877,4.134408572059405,17.093334240718285,36.092873,0.17149471124420315
Ki_1_57,7,4559,2878,4.107282898434353,16.869772807771305,115.4818,0.22470052536320817
Ki_1_57,7,4559,2879,6.335688744937067,40.140951872722226,183.86244,0.5128218190760726
Ki_1_57,7,4559,2880,5.170252460808479,26.731510508496132,383.87567,0.4746699362325627
Ki_1_57,7,4559,2881,5.4227924807095444,29.406678288839966,127.68303,0.5239192002966844
Ki_1_57,7,4559,2882,4.090108437111452,16.728987027330284,11.440897,0.2514333082054335
Ki_1_57,7,4559,2883,4.291497867214631,18.416953944307725,84.27497,0.46327638401189286
Ki_1_57,7,4559,2884,4.669066906731761,21.800185779537692,141.36171,0.36958630545534443
Ki_1_57,7,4559,2885,3.7153759094297096,13.804018148370645,105.500824,0.12581319931038204
Ki_1_57,7,4559,2886,4.898600501096853,23.996286869346342,166.63936,0.08704101687314789
Ki_1_57,7,4559,2887,5.447064117751519,29.67050750289613,161.57068,0.29513133855438634
Ki_1_57,7,4559,2888,6.258390207715715,39.16744799203197,298.05737,0.41156885131889587
Ki_1_57,7,4559,2889,6.0053065879324405,36.06370721506478,246.29475,0.5704677202539241
Ki_1_57,7,4559,2890,4.476699074831598,20.04083460659809,16.758255,0.5598357531095367
Ki_1_57,7,4559,2891,4.526040358037889,20.485041322587747,323.27567,0.4266932408820721
Ki_1_57,7,4559,2892,5.630711516543166,31.704912182531853,326.76477,0.5512543479954267
Ki_1_57,7,4559,2893,5.930002335470959,35.16492769869103,222.87137,0.5987806594819787
Ki_1_57,7,4559,2894,6.993527221672149,48.90942300026938,289.36926,0.5785960836063616
Ki_1_57,7,4559,2895,6.081817339004079,36.988502145010635,215.52393,0.5367536108890167
Ki_1_57,7,4559,2896,4.223625790969773,17.83901482214504,116.51873,0.17032246738626952
Ki_1_57,7,4559,2897,3.882744159285537,15.075702206465955,173.62646,0.14336829014881902
Ki_1_57,7,4559,2898,3.976113803183173,15.809480975863762,118.5282,0.16488342364155698
Ki_1_57,7,4559,2899,3.9462801857019274,15.57312730406364,38.015224,0.14754349742964934
Ki_1_57,7,4559,2900,5.002632629455409,25.026333225291935,223.45488,0.33383914164700124
Ki_1_57,7,4559,2901,4.459589852690566,19.88794165422066,122.68675,0.37680457322525374
Ki_1_57,7,4559,2902,5.04259749514882,25.42778949808116,29.262953,0.6127320331873489
Ki_1_57,7,4559,2903,4.8667370909421805,23.68512991235236,100.73465,0.4428915514196775
Ki_1_57,7,4559,2904,5.5445098212156045,30.74158915755629,225.96887,0.5469323778316604
Ki_1_57,7,4559,2905,7.322867020368079,53.62438139799449,498.05484,0.7382836893422349
Ki_1_57,7,4559,2906,4.162832085244955,17.329170969944855,12.66542,0.4156779892245587
Ki_1_57,7,4559,2907,8.829955176207436,77.9681084138325,647.9502,0.6159762769432668
Ki_1_57,7,4559,2908,6.268551121064753,39.29473315740217,73.03706,0.5553938047479379
Ki_1_57,7,4559,2909,9.57336402086945,91.64929867607765,500.1325,0.8186541621112271
Ki_1_57,7,4559,2910,6.951172067735485,48.31879311526603,411.88773,0.681880238425719
Ki_1_57,7,4559,2911,5.611646993510671,31.49058197977735,258.65994,0.40794780992948454
Ki_1_57,7,4559,2912,6.3754976789970845,40.64697065489721,299.76382,0.6972907812923289
Ki_1_57,7,4559,2913,5.183042348280871,26.863927984072888,197.01004,0.5329449517714906
Ki_1_57,7,4559,2914,4.991990264586158,24.919966801722968,290.09302,0.4873734722570515
Ki_1_57,7,4559,2915,3.6543611992075657,13.354355774273758,56.027397,0.2943431096859062
Ki_1_57,7,4559,2916,4.378430284014728,19.170651751977296,58.53278,0.23320894487442362
Ki_1_57,7,4559,2917,6.985405293419615,48.79588711333477,291.34625,0.38130048153276264
Ki_1_57,7,4559,2918,5.602678688024267,31.39000848124132,165.69106,0.31593879473012143
Ki_1_57,7,4559,2919,5.505744982520857,30.313227812553585,218.82108,0.43654335199246863
Ki_1_57,7,4559,2920,5.141668801887401,26.43675806830223,49.94364,0.4522168174671955
Ki_1_57,7,4559,2921,4.046432021213511,16.373612102302058,92.474785,0.33137916403822915
Ki_1_57,7,4559,2922,5.066110176719536,25.66547232266124,166.92345,0.6259070052959408
Ki_1_57,7,4559,2923,5.706150092041905,32.560148872909835,155.30066,0.5017727769704922
Ki_1_57,7,4559,2924,3.504490132453023,12.281451088460607,50.06746,0.07384117249204794
Ki_1_57,7,4559,2925,4.306030331566922,18.54189721637434,130.54683,0.3243988519407317
Ki_1_57,7,4559,2926,4.859239746649537,23.61221091541865,214.66797,0.5287584403916438
Ki_1_57,7,4559,2927,7.608641844786987,57.89143072224349,534.3879,0.5788665395093653
Ki_1_57,7,4559,2928,5.938974914390207,35.27142303375617,212.60683,0.7783821672136926
Ki_1_57,7,4559,2929,4.029976668902082,16.240711951895115,176.12088,0.3666863941964868
Ki_1_57,7,4559,2930,6.642289489256239,44.120009659083905,208.56664,0.3896987127585876
Ki_1_57,7,4559,2931,4.863299613353568,23.65168312924497,287.87097,0.4503119649163737
Ki_1_57,7,4559,2932,3.884494630595644,15.089298535126387,64.61974,0.479333090040475
Ki_1_57,7,4559,2933,3.9461606793988135,15.572184107633307,77.68873,0.1905556992835058
Ki_1_57,7,4559,2934,5.932493849092274,35.194483269517676,161.37325,0.34501566396505023
Ki_1_57,7,4559,2935,5.368236679281518,28.817965044783456,179.99678,0.5011473639913212
Ki_1_57,7,4559,2936,6.8753728872989885,47.27075233940604,251.62802,0.6415839048777897
Ki_1_57,7,4559,2937,6.873400792255562,47.24363845097939,363.25412,0.7192410769463475
Ki_1_57,7,4559,2938,7.523739519176904,56.606656352424324,397.37784,0.4610263158814142
Ki_1_57,7,4559,2939,4.726235166224264,22.337298846454882,78.26044,0.34427114209180665
Ki_1_57,7,4559,2940,5.018332630239357,25.183662387725057,117.911125,0.2522143900003913
Ki_1_57,7,4559,2941,5.469929317491482,29.92012673835283,92.49174,0.28589146645249697
Ki_1_57,7,4559,2942,4.727474722667908,22.349017253464012,275.18787,0.4465633168867343
Ki_1_57,7,4559,2943,4.147080173666101,17.198273966814455,171.65765,0.42633424260026814
Ki_1_57,7,4559,2944,4.22234776227496,17.828220625588358,176.64899,0.24528378486354016
Ki_1_57,7,4559,2945,4.19950421386313,17.63583564225419,105.629585,0.24673311288123762
Ki_1_57,7,4559,2946,6.06537226379318,36.78874069839159,273.3349,0.6711584282448739
Ki_1_57,7,4559,2947,4.677358277497989,21.87768045607894,33.488407,0.521865620379437
Ki_1_57,7,4559,2948,4.348043249008485,18.905480095248258,159.96289,0.3747811881880846
Ki_1_57,7,4559,2949,4.636779225558572,21.499721586571546,251.38554,0.40852264286710605
Ki_1_57,7,4559,2950,3.4991268288195334,12.24388856416465,53.716957,0.2266939991251558
Ki_1_57,7,4559,2951,4.363459249355326,19.039776620784547,171.54163,0.2536339413062981
Ki_1_57,7,4559,2952,4.623804835473454,21.379571156547687,172.78537,0.4156900803727541
Ki_1_57,7,4559,2953,6.342070139375958,40.22185365276419,105.27438,0.5705181783809095
Ki_1_57,7,4559,2954,5.377940186835429,28.922240653179497,201.42021,0.20041508637444777
Ki_1_57,7,4559,2955,3.8895465965801432,15.128572726968175,64.11083,0.41474428686429343
Ki_1_57,7,4559,2956,7.00275319473186,49.038552306327276,344.01492,0.6188383157917381
Ki_1_57,7,4559,2957,7.228983205444646,52.258198184600744,471.8673,0.6676923226640776
Ki_1_57,7,4559,2958,5.622913163896526,31.617152448720844,91.59752,0.4244544357321796
Ki_1_57,7,4559,2959,4.46794646783896,19.96254563947464,183.55884,0.3137635408109912
Ki_1_57,7,4559,2960,6.140990091687293,37.71175930620151,162.60313,0.43649517859961484
Ki_1_57,7,4559,2961,5.1780250364779405,26.811943278392363,98.50841,0.35968461915187044
Ki_1_57,7,4559,2962,5.265675777037978,27.72734138888451,163.13905,0.3531809910844149
Ki_1_57,7,4559,2963,4.586776686996278,21.03852037637255,108.92023,0.4958928403300173
Ki_1_57,7,4559,2964,7.94780164031585,63.167550913807325,466.38855,0.7870159537214874
Ki_1_57,7,4559,2965,8.081686123491801,65.31365059863994,324.291,0.3243872510564733
Ki_1_57,7,4559,2966,7.787463657736462,60.644590220566165,510.19284,0.790114355692493
Ki_1_57,7,4559,2967,6.126162782732042,37.52987044053119,299.32285,0.5857606123335619
Ki_1_57,7,4559,2968,5.164969112689943,26.676905935041127,82.70061,0.22936154290995497
Ki_1_57,7,4559,2969,6.15844145945274,37.92640120950638,146.03773,0.36341890909729463
Ki_1_57,7,4559,2970,5.853089100288238,34.258652015912986,143.51308,0.48151265739136406
Ki_1_57,7,4559,2971,4.202213537932292,17.658598618381436,70.91783,0.22969029023390658
Ki_1_57,7,4559,2972,4.41020055337746,19.44986892101086,113.253365,0.1947791912465872
Ki_1_57,7,4559,2973,6.4767417654710115,41.94818389659656,190.1398,0.7937218155255619
Ki_1_57,7,4559,2974,4.562135358837221,20.81307903235282,119.23866,0.15552122608881788
Ki_1_57,7,4559,2975,4.651039013700124,21.632163906960624,26.558006,0.24215686677734816
Ki_1_57,7,4559,2976,5.397702657780715,29.135193981812986,151.11838,0.5727451240652396
Ki_1_57,7,4559,2977,6.746983889684317,45.521791607659715,521.8257,0.8523487648984454
Ki_1_57,7,4559,2978,4.379222386805073,19.177588713094718,152.21198,0.3853278237337724
Ki_1_57,7,4559,2979,5.7884595571747175,33.50626404504731,451.3485,0.6117349254105856
Ki_1_57,7,4559,2980,5.169446414501589,26.723176232403343,86.94284,0.3648583917237426
Ki_1_57,7,4559,2981,4.878681138863494,23.801529654702403,142.90767,0.1718725720798952
Ki_1_57,7,4559,2982,4.01583598791256,16.12693868181365,36.58094,0.10356482092313643
Ki_1_57,7,4559,2983,3.7375270341113587,13.96910833071325,71.82369,0.07699740790951716
Ki_1_57,7,4559,2984,6.381186108152321,40.71953614687616,178.0908,0.7453634288663792
Ki_1_57,7,4559,2985,5.644155831779162,31.85649505340672,202.99313,0.29154619312917296
Ki_1_57,7,4559,2986,6.960280055173646,48.445498446448056,340.32983,0.7185879910130677
Ki_1_57,7,4559,2987,6.209465072288105,38.55745648396592,368.26056,0.6576321232014481
Ki_1_57,7,4559,2988,4.382909612010506,19.209896667054082,101.86759,0.22445714578811424
Ki_1_57,7,4559,2989,5.065380583872594,25.658080459473467,133.48456,0.5451001300573106
Ki_1_57,7,4559,2990,7.201653113675106,51.863807569706324,58.43496,0.8639310528245515
Ki_1_57,7,4559,2991,5.46855034175122,29.905042840267395,106.39288,0.5417871652704306
Ki_1_57,7,4559,2992,5.426423123867909,29.446067919248353,171.6392,0.30856753242494933
Ki_1_57,7,4559,2993,5.401106569886043,29.171952179266178,162.15988,0.6088418475243571
Ki_1_57,7,4559,2994,9.266432495510863,85.86677119385969,857.224,0.8068563829579027
Ki_1_57,7,4559,2995,6.753034653106549,45.603477026057874,257.18857,0.6904014151114868
Ki_1_57,7,4559,2996,5.021179415170763,25.21224271933461,76.25281,0.4002397822504782
Ki_1_57,7,4559,2997,4.323138542201027,18.689526855064013,136.17441,0.2970163745517099
Ki_1_57,7,4559,2998,4.348045513089068,18.905499783893976,22.014761,0.35321533533437277
Ki_1_57,7,4559,2999,3.3778798572175326,11.41007232979594,106.47038,0.06616167364269879
Ki_1_57,7,4559,3000,3.751154192924032,14.071157779091545,110.70303,0.09310036019061615
Ki_1_57,7,4559,3001,4.66954674130317,21.804666769215057,80.38418,0.4287648517264385
Ki_1_57,7,4559,3002,4.0989662959203415,16.801524695090926,151.02673,0.43996766504706347
Ki_1_57,7,4559,3003,3.4136513338665053,11.653015429208569,46.306927,0.2232619997064606
Ki_1_57,7,4559,3004,7.491310597631877,56.11973447019166,182.88158,0.6626027545896344
Ki_1_57,7,4559,3005,4.19377973188975,17.587788439609252,159.19302,0.36259370668100355
Ki_1_57,7,4559,3006,3.9641321992512015,15.71434409314017,44.879044,0.13418201087983206
Ki_1_57,7,4559,3007,4.0366854146846185,16.294829137127525,64.38772,0.14285864644285398
Ki_1_57,7,4559,3008,3.461517355717693,11.98210240393481,59.28926,0.017918376383368295
Ki_1_57,7,4559,3009,6.069521957349563,36.83909679074847,243.29051,0.4899384293540199
Ki_1_57,7,4559,3010,6.0614578391492175,36.74127113578351,168.03874,0.31931556587701737
Ki_1_57,7,4559,3011,5.6291048310032945,31.686821198424635,374.09714,0.466065440061045
Ki_1_57,7,4559,3012,6.004237913371886,36.05087292037237,489.88672,0.7877894861370398
Ki_1_57,7,4559,3013,6.756603068492935,45.65168502516813,360.19263,0.7837987243519374
Ki_1_57,7,4559,3014,4.581434964143362,20.989546330675307,51.464737,0.20543636262039322
Ki_1_57,7,4559,3015,4.106079990592649,16.859892889145335,29.24672,0.09556702812517343
Ki_1_57,7,4559,3016,4.151622141211193,17.235966403395015,134.43886,0.2601517865370327
Ki_1_57,7,4559,3017,3.5142720104877836,12.350107763697853,63.00636,0.3682664372048605
Ki_1_57,7,4559,3018,5.723350412661295,32.75673994611023,67.23656,0.6433444673101427
Ki_1_57,7,4559,3019,6.646657834801252,44.17806037292485,208.58975,0.4014510547734059
Ki_1_57,7,4559,3020,4.0696099242776596,16.561724935779218,116.68487,0.2460152588223376
Ki_1_57,7,4559,3021,4.1417984003364605,17.154493989029667,137.57697,0.4054390044445937
Ki_1_57,7,4559,3022,4.911744695458907,24.12523595336872,80.00282,0.4224174305451627
Ki_1_57,7,4559,3023,5.611941048134751,31.493882327739765,231.47308,0.5545921416488188
Ki_1_57,7,4559,3024,3.6487825978183133,13.313614446141763,63.901627,0.19822637219339567
Ki_1_57,7,4559,3025,4.214835200357669,17.764835766174073,62.156258,0.12719050872372112
Ki_1_57,7,4559,3026,4.3326208509681114,18.77160343824365,55.55315,0.0928246337264392
Ki_1_57,7,4559,3027,4.9014603997282755,24.024314050104483,159.41827,0.47948219340109255
Ki_1_57,7,4559,3028,4.082999986133687,16.670888886767685,50.63128,0.3313812518440061
Ki_1_57,7,4559,3029,4.932602658777335,24.33056898937723,46.572758,0.1306398798898114
Ki_1_57,7,4559,3030,4.712380935872295,22.20653408477264,154.66975,0.33080410045327696
Ki_1_57,7,4559,3031,4.423075399737503,19.563595991763073,89.417305,0.46258065236123874
Ki_1_57,7,4559,3032,4.210984297116247,17.732388750559604,66.77408,0.1002300200521135
Ki_1_57,7,4559,3033,4.1041993118626205,16.844451991493607,80.14389,0.15724444618837238
Ki_1_57,7,4559,3034,5.213001883703452,27.17538863949574,215.48868,0.4987503906829505
Ki_1_57,7,4559,3035,6.968753466857479,48.56352488183815,382.95114,0.3929131699838402
Ki_1_57,7,4559,3036,5.3340413882014035,28.45199753104555,124.717285,0.67617502661571
Ki_1_57,7,4559,3037,4.37591143954934,19.148600926778784,46.6552,0.19774139283460623
Ki_1_57,7,4559,3038,4.469347481765778,19.97506691276611,104.00868,0.5801706889974192
Ki_1_57,7,4559,3039,5.131464099406581,26.331923803498604,256.67636,0.6287115993744611
Ki_1_57,7,4559,3040,3.9053535703889173,15.251786509749458,45.12258,0.38249735815191543
Ki_1_57,7,4559,3041,4.103920403791638,16.842162680657317,93.19806,0.24335677713194648
Ki_1_57,7,4559,3042,4.448153217276398,19.786067044366376,73.472466,0.3067645774443928
Ki_1_57,7,4559,3043,5.707665639346581,32.57744705057762,171.70088,0.41412613944027254
Ki_1_57,7,4559,3044,5.922663035228507,35.07793742886215,211.80466,0.6061921937646639
Ki_1_57,7,4559,3045,5.138137169081348,26.400453568295298,335.4837,0.41653721454808834
Ki_1_57,7,4559,3046,6.562037091735307,43.06033079330996,189.03546,0.5129440353385308
Ki_1_57,7,4559,3047,5.550896584352189,30.812452890172786,181.99077,0.6327735963147979
Ki_1_57,7,4559,3048,4.433999755401462,19.66035383090023,86.38954,0.2778702300898481
Ki_1_57,7,4559,3049,5.728352664588199,32.81402424989473,138.2616,0.5159744148072571
Ki_1_57,7,4559,3050,5.693416781896985,32.41499465238622,365.73932,0.5761595203117567
Ki_1_57,7,4559,3051,4.079306056042596,16.640737898865805,173.2007,0.16926924748969296
Ki_1_57,7,4559,3052,3.5226063201771867,12.40875528695226,24.28884,0.2412375167154461
Ki_1_57,7,4559,3053,3.957213694240253,15.659540221882594,43.665115,0.1794121846080577
Ki_1_57,7,4559,3054,3.686855570013179,13.592903994137199,13.981181,0.24496280563431835
Ki_1_57,7,4559,3055,4.080273561733506,16.648632338581432,115.35184,0.23482869739086532
Ki_1_57,7,4559,3056,3.5570298926608874,12.652461657283117,32.239414,0.10212606835360943
Ki_1_57,7,4559,3057,6.071986605427586,36.86902133649202,179.35454,0.5042497720917688
Ki_1_57,7,4559,3058,5.7543977822242525,33.1130938360674,164.7053,0.3128582719355351
Ki_1_57,7,4559,3059,3.932962333262574,15.468192714862184,46.52632,0.21107274515788876
Ki_1_57,7,4559,3060,4.134563999091602,17.09461946258434,59.090523,0.32226937064997907
Ki_1_57,7,4559,3061,5.391590341280097,29.06924640818484,238.6105,0.40788508213942465
Ki_1_57,7,4559,3062,7.092285638216795,50.30051557405622,434.34637,0.7410577985205739
Ki_1_57,7,4559,3063,5.852033335435457,34.246294159047835,276.96387,0.6091958231491357
Ki_1_57,7,4559,3064,5.413564997334608,29.306685980366463,70.65922,0.40003369013301293
Ki_1_57,7,4559,3065,5.693665182945947,32.417823215490905,122.74958,0.4460747396326201
Ki_1_57,7,4559,3066,4.536096412368984,20.57617066230676,22.35044,0.28275558468396456
Ki_1_57,7,4559,3067,3.5226165461046386,12.408827330890176,115.41258,0.2872986383852644
Ki_1_57,7,4559,3068,3.9635328498789026,15.709592652069174,51.40349,0.23995125725991556
Ki_1_57,7,4559,3069,4.303035919582647,18.516118125218476,71.95993,0.10291343722906598
Ki_1_57,7,4559,3070,4.273058234159209,18.259026672515816,8.727276,0.4043397614826366
Ki_1_57,7,4559,3071,5.893507857142913,34.733434862205236,277.54315,0.46949770085223774
Ki_1_57,7,4559,3072,5.220549731609118,27.254139500204026,171.7645,0.285400534456248
Ki_1_57,7,4559,3073,5.397202847436829,29.129798576380217,120.1072,0.5449679729297147
Ki_1_57,7,4559,3074,4.401340131829985,19.371794956057187,92.11817,0.12605238589932127
Ki_1_57,7,4559,3075,4.245192327154222,18.021657894529085,120.29113,0.2804424805377096
Ki_1_57,7,4559,3076,4.905241406593723,24.06139325696157,18.454178,0.5795227596679139
Ki_1_57,7,4559,3077,4.882670216250556,23.84046844066025,199.6243,0.4697422191904444
Ki_1_57,7,4559,3078,3.7084671134908174,13.752728331842913,124.67137,0.13441165732036015
Ki_1_57,7,4559,3079,5.454452481217274,29.75105186985728,152.48471,0.29816950897544003
Ki_1_57,7,4559,3080,3.2994505971922594,10.886374243312364,125.46887,0.09751214984196555
Ki_1_57,7,4559,3081,3.6527977048532274,13.342931072581004,43.46,0.39176427279869325
Ki_1_57,7,4559,3082,5.374289389866364,28.882986446030184,258.373,0.43522943604425796
Ki_1_57,7,4559,3083,5.259837091505036,27.665886229172145,252.46428,0.30679749669831796
Ki_1_57,7,4559,3084,5.606080968311423,31.428143823263543,342.70233,0.5659968662547226
Ki_1_57,7,4559,3085,6.6298308307033045,43.954656843744075,180.34494,0.7006932779483187
Ki_1_57,7,4559,3086,7.717043387297519,59.55275864143237,421.82953,0.6137958668440685
Ki_1_57,7,4559,3087,7.272983305903788,52.896286167955196,317.12173,0.4316322147161008
Ki_1_57,7,4559,3088,8.282331145062118,68.59700919646596,230.04474,0.785065619394362
Ki_1_57,7,4559,3089,4.408651616728442,19.436209077682307,155.85698,0.23559086469163698
Ki_1_57,7,4559,3090,4.123027211736826,16.99935338872234,17.51485,0.43958523236521063
Ki_1_57,7,4559,3091,4.523381809002575,20.46098299001542,15.164703,0.3376874108822148
Ki_1_57,7,4559,3092,4.609223529183086,21.24494154197498,178.28465,0.2604265872652002
Ki_1_57,7,4559,3093,4.400224113753163,19.361972251254816,146.72926,0.3195936128070844
Ki_1_57,7,4559,3094,5.020569877597228,25.20612189583665,155.27536,0.45661178125947355
Ki_1_57,7,4559,3095,4.294418838842662,18.44203316340675,93.4754,0.18333368518427634
Ki_1_57,7,4559,3096,4.302538931193323,18.511841254434177,31.354515,0.1995793334703061
Ki_1_57,7,4559,3097,3.9780626436355897,15.824982396688974,44.4206,0.3683376345455145
Ki_1_57,7,4559,3098,3.0706082049192505,9.428634748117425,8.943744,0.044326171625748284
Ki_1_57,7,4559,3099,5.263179788552579,27.70106148662838,29.477327,0.6242683996937769
Ki_1_57,7,4559,3100,4.044570873267149,16.358553548880987,149.22833,0.10158339630711817
Ki_1_57,7,4559,3101,5.44332626890982,29.629800869803702,165.60838,0.3519194787007314
Ki_1_57,7,4559,3102,6.552188264502451,42.931171053483645,159.11588,0.5877507009777951
Ki_1_57,7,4559,3103,4.5911636559613855,21.078783715820705,38.87293,0.2135867973039671
Ki_1_57,7,4559,3104,5.226995055271298,27.32147730783061,313.72083,0.541194535850223
Ki_1_57,7,4559,3105,6.118201235833388,37.43238636215318,293.37946,0.6657988217542337
Ki_1_57,7,4559,3106,5.332019855672722,28.430435741288154,149.91216,0.4348611611025146
Ki_1_57,7,4559,3107,5.410733369132753,29.276035591846682,119.19657,0.3301859824078354
Ki_1_57,7,4559,3108,5.139018292793093,26.40950901366204,241.20403,0.31264337875340337
Ki_1_57,7,4559,3109,3.4103599480811697,11.630554975476205,14.287357,0.3425173014394085
Ki_1_57,7,4559,3110,3.081121210827757,9.493307915812707,113.87755,0.11736348712613573
Ki_1_57,7,4559,3111,3.923854524480338,15.39663432928482,111.5692,0.17750533729312068
Ki_1_57,7,4559,3112,3.9311989420680487,15.45432512211695,102.69156,0.3166060629266014
Ki_1_57,7,4559,3113,5.865472833274708,34.40377155788364,313.92242,0.4736989714582272
Ki_1_57,7,4559,3114,4.803127510202708,23.07003387926606,246.23921,0.48143196393025756
Ki_1_57,7,4559,3115,3.7213719618124084,13.848609278163535,78.85131,0.11036548693287729
Ki_1_57,7,4559,3116,4.023980120698271,16.19241601177487,45.542496,0.2806014802099229
Ki_1_57,7,4559,3117,4.926525024801122,24.270648819991703,102.32498,0.3019756897092565
Ki_1_57,7,4559,3118,5.101339393094027,26.02366360353294,238.7116,0.5306984962565442
Ki_1_57,7,4559,3119,3.3770916399267223,11.404747944462958,34.741447,0.31708206457716404
Ki_1_57,7,4559,3120,4.107624820128478,16.872581662935527,115.65042,0.15333725610734045
Ki_1_57,7,4559,3121,4.953869775217844,24.54082574981689,41.996902,0.6472952781810937
Ki_1_57,7,4559,3122,4.098471454074167,16.797468259860818,116.32429,0.27229978541466093
Ki_1_57,7,4559,3123,4.9644554943212995,24.645818355096942,63.767048,0.19657343361456697
Ki_1_57,7,4559,3124,5.690733141769787,32.384443690837024,233.2808,0.2826858077724594
Ki_1_57,7,4559,3125,4.926195292712934,24.267400061947065,59.75886,0.30113856368067143
Ki_1_57,7,4559,3126,4.988086827554164,24.881010199219347,155.31894,0.346986240768373
Ki_1_57,7,4559,3127,5.146705313510794,26.488575584120237,120.85038,0.390999175452729
Ki_1_57,7,4559,3128,3.737511777164203,13.968994284441115,78.23024,0.08936804397948737
Ki_1_57,7,4559,3129,3.6535631206030024,13.348523476230346,102.25972,0.1937573603370915
Ki_1_57,7,4559,3130,3.2595217374170886,10.624481956694517,47.47964,0.20035909646712122
Ki_1_57,7,4559,3131,4.655006687316663,21.669087258962854,96.53708,0.45204724847499067
Ki_1_57,7,4559,3132,4.679426841011158,21.897035560375663,81.41301,0.24121752071345048
Ki_1_57,7,4559,3133,5.105104026386484,26.0620871202275,53.6145,0.22055940327965778
Ki_1_57,7,4559,3134,4.286457181143089,18.373715165773167,65.82048,0.08547221227742541
Ki_1_57,7,4559,3135,3.5576203698792,12.656662696179417,75.79291,0.3757067920651571
Ki_1_57,7,4559,3136,4.741094390645388,22.477976021009166,77.81191,0.10530736385166779
Ki_1_57,7,4559,3137,5.788631658269261,33.50825647511712,201.78137,0.6604242737033456
Ki_1_57,7,4559,3138,4.404730988420679,19.401655080353425,227.52388,0.45888999488439686
Ki_1_57,7,4559,3139,4.80806127696671,23.11745324306675,62.657646,0.4561061860457449
Ki_1_57,7,4559,3140,5.015586367629169,25.156106611147564,85.9165,0.15321343175858695
Ki_1_57,7,4559,3141,6.742299770950833,45.458606201363665,364.06628,0.6442995185092527
Ki_1_57,7,4559,3142,9.970190180996305,99.40469224523514,529.79285,0.916565416802944
Ki_1_57,7,4559,3143,6.521843067598531,42.53443699838301,273.935,0.5849986582794251
Ki_1_57,7,4559,3144,5.666485624904184,32.10905933724576,257.82553,0.6057879433986795
Ki_1_57,7,4559,3145,5.440834506590585,29.6026801281068,330.89453,0.613029482756343
Ki_1_57,7,4559,3146,5.985639669670286,35.82788225513062,253.97226,0.4586281061098908
Ki_1_57,7,4559,3147,4.987201984862582,24.872183637817287,183.93083,0.6098624012412233
Ki_1_57,7,4559,3148,5.527415126204998,30.552317977399813,320.9944,0.47273942984950146
Ki_1_57,7,4559,3149,7.994945406599191,63.919152054501545,586.0806,0.7359531008770152
Ki_1_57,7,4559,3150,5.422273199164828,29.401046646381197,96.90312,0.3932110673047603
Ki_1_57,7,4559,3151,4.910589607563216,24.113890293907854,177.96225,0.3237203581451221
Ki_1_57,7,4559,3152,3.454153226223078,11.931174510227299,14.6430855,0.1880152510434072
Ki_1_57,7,4559,3153,6.5475138102439745,42.86993709533558,186.7766,0.5026159342962391
Ki_1_57,7,4559,3154,3.682995720104033,13.564457474304618,74.896805,0.2583593206689536
Ki_1_57,7,4559,3155,5.5102063515167465,30.362374036295478,187.9931,0.21247201136137844
Ki_1_57,7,4559,3156,4.147809834717743,17.204326424981225,107.987045,0.23571697796205285
Ki_1_57,7,4559,3157,3.7053780381307257,13.729826405461509,37.697044,0.2636894296456459
Ki_1_57,7,4559,3158,4.671442583000281,21.822375806268326,86.956215,0.4339936230771446
Ki_1_57,7,4559,3159,6.100504020038842,37.216149298510054,139.75319,0.5370698787092664
Ki_1_57,7,4559,3160,5.235000585642708,27.40523113167949,197.01086,0.626911407134283
Ki_1_57,7,4559,3161,4.899392326423058,24.004045168213143,166.49054,0.41211816884007957
Ki_1_57,7,4559,3162,3.3766823157107395,11.40198346123364,48.350075,0.12622060746724217
Ki_1_57,7,4559,3163,3.9537151659835703,15.631863613728491,146.54489,0.28441645935749493
Ki_1_57,7,4559,3164,3.321100247188105,11.029706851872893,54.05581,0.1151696047433021
Ki_1_57,7,4559,3165,3.138984037132329,9.853220785371576,32.69556,0.18533535249275507
Ki_1_57,7,4559,3166,6.2699276510243775,39.311992749080055,331.16904,0.62569069150968
Ki_1_57,7,4559,3167,5.140748388348471,26.427293992307398,194.56044,0.4462041260928997
Ki_1_57,7,4559,3168,5.552944532774886,30.83519298407448,74.64687,0.575272105043299
Ki_1_57,7,4559,3169,4.791904879408399,22.96235237329802,340.7278,0.37534261448384765
Ki_1_57,7,4559,3170,5.741145287204213,32.96074920878714,168.86075,0.6366095018487073
Ki_1_57,7,4559,3171,4.250605051821334,18.067643306569053,145.4667,0.20368874763389488
Ki_1_57,7,4559,3172,3.1080711539761965,9.66010629817893,16.285852,0.16229802481553368
Ki_1_57,7,4559,3173,4.026325862118247,16.211299947962246,170.63467,0.34152958281250845
Ki_1_57,7,4559,3174,4.8490217107529405,23.51301155135338,76.23486,0.39900238600643634
Ki_1_57,7,4559,3175,5.312822651033495,28.226084521334577,283.55838,0.4579133412456877
Ki_1_57,7,4559,3176,6.081502173233123,36.9846686830392,250.58623,0.5740297836305724
Ki_1_57,7,4559,3177,3.2499678807917602,10.562291226178083,35.585075,0.1291861873565159
Ki_1_57,7,4559,3178,3.6735269838031686,13.494800500730001,42.134842,0.1300536890607056
Ki_1_57,7,4559,3179,6.142874532803438,37.734907525765045,167.2841,0.5292993437926528
Ki_1_57,7,4559,3180,6.501371023314311,42.26782518279097,347.81073,0.4924550444965387
Ki_1_57,7,4559,3181,5.786435759529324,33.482838799159715,229.27156,0.642789920975359
Ki_1_57,7,4559,3182,5.376857789683796,28.910599690483313,258.55444,0.6571101278497086
Ki_1_57,7,4559,3183,6.263057210788081,39.225885625604576,233.3404,0.4839482172144767
Ki_1_57,7,4559,3184,6.8404142802690595,46.79126752570889,515.94214,0.6516666076998281
Ki_1_57,7,4559,3185,5.906761201297243,34.88982788915046,261.25024,0.6358519754509009
Ki_1_57,7,4559,3186,5.337411245588995,28.48795880453986,333.76312,0.3871604670133482
Ki_1_57,7,4559,3187,4.8606099026426195,23.62552862566748,56.540073,0.22025004138925497
Ki_1_57,7,4559,3188,3.9405765008948337,15.528143159404566,91.45131,0.2649986056657426
Ki_1_57,7,4559,3189,4.760285927282337,22.660322109482266,120.242775,0.2735274015732074
Ki_1_57,7,4559,3190,4.489507673008938,20.155679146006126,124.136795,0.15438179491559842
Ki_1_57,7,4559,3191,7.789615941683668,60.67811651893235,371.32562,0.6337060358480211
Ki_1_57,7,4559,3192,4.387233140181948,19.247814626310753,96.92158,0.33196869757344316
Ki_1_57,7,4559,3193,6.219933227503831,38.68756935460622,220.47884,0.5938050508019981
Ki_1_57,7,4559,3194,3.4683991524823,12.029792680939936,86.25032,0.1349494465246037
Ki_1_57,7,4559,3195,4.225156471717117,17.851947210493037,192.25699,0.22742933088760708
Ki_1_57,7,4559,3196,5.018893534592176,25.189292311571155,122.21244,0.43533718450933556
Ki_1_57,7,4559,3197,3.2769740582862377,10.738558978680972,47.231964,0.12709923299765044
Ki_1_57,7,4559,3198,5.537688331993463,30.66599206229654,144.29588,0.3120688115577411
Ki_1_57,7,4559,3199,5.846455886865151,34.18104643706016,321.88934,0.6608681768543868
Ki_1_57,7,4559,3200,7.542733758437646,56.892832550674896,472.45093,0.8294722200609919
Ki_1_57,7,4559,3201,5.224494940899683,27.295347387486384,357.96512,0.6032101898802165
Ki_1_57,7,4559,3202,5.420345024859908,29.380140188523573,274.7558,0.5963877033261809
Ki_1_57,7,4559,3203,4.947351739062587,24.476289230005598,209.34346,0.5875270941926671
Ki_1_57,7,4559,3204,4.758053697889875,22.639074992003522,74.691055,0.3847100919881471
Ki_1_57,7,4559,3205,3.6292792177898656,13.171667640681415,96.531456,0.3619868353651942
Ki_1_57,7,4559,3206,6.392790069052293,40.86776486697361,184.6497,0.721063046195458
Ki_1_57,7,4559,3207,5.978735836943447,35.745282207951874,36.036194,0.28400554788806115
Ki_1_57,7,4559,3208,6.120759751947193,37.46369994105666,251.23947,0.6563335779997839
Ki_1_57,7,4559,3209,6.924124074164028,47.94349419441786,327.22107,0.43611399496446235
Ki_1_57,7,4559,3210,8.849782357184509,78.31864776953421,648.88086,0.7745272647109698
Ki_1_57,7,4559,3211,5.079784627085715,25.80421185757635,91.3932,0.5528381402765044
Ki_1_57,7,4559,3212,5.7180878083445545,32.69652818393864,282.5277,0.6140173553581959
Ki_1_57,7,4559,3213,4.529937408443491,20.520332924415737,42.42029,0.15006389931066091
Ki_1_57,7,4559,3214,3.5015949499539203,12.261167193542803,21.97364,0.30568729803248607
Ki_1_57,7,4559,3215,5.968786474579261,35.62641197912033,263.21704,0.27239557557892674
Ki_1_57,7,4559,3216,4.257319778335315,18.12477169500505,169.10893,0.5219704081009721
Ki_1_57,7,4559,3217,4.75251922329489,22.586438967787466,112.673645,0.37387723375710186
Ki_1_57,7,4559,3218,4.970907801149203,24.709924367526003,228.52429,0.4521027714258802
Ki_1_57,7,4559,3219,5.610687631051789,31.47981569323752,90.72433,0.37105406460775375
Ki_1_57,7,4559,3220,3.4252426309585675,11.732287080935972,47.66996,0.12897231523522337
Ki_1_57,7,4559,3221,4.737791195905364,22.446665415998382,73.07925,0.3562796692702106
Ki_1_57,7,4559,3222,3.6583685550610126,13.383660484659199,43.16764,0.22470292860401353
Ki_1_57,7,4559,3223,4.50118430883985,20.26066018214608,182.98987,0.4499678493628899
Ki_1_57,7,4559,3224,4.067477830653592,16.54437590285845,51.34305,0.2758891159197464
Ki_1_57,7,4559,3225,4.4469393843692675,19.775269888254524,158.22444,0.24282057794823006
Ki_1_57,7,4559,3226,4.491998689380331,20.17805222539461,109.62604,0.39900474846864364
Ki_1_57,7,4559,3227,4.216555724731064,17.77934217976231,41.638622,0.21361319471334617
Ki_1_57,7,4559,3228,4.41969071952182,19.533666056227304,141.28232,0.40407682323266003
Ki_1_57,7,4559,3229,4.490206707096804,20.161956272457125,72.90405,0.19092591601107503
Ki_1_57,7,4559,3230,3.6462482584096496,13.29512636195541,138.36107,0.3307706172819125
Ki_1_57,7,4559,3231,4.585490886613304,21.026726671213666,140.51363,0.325577875928762
Ki_1_57,7,4559,3232,5.795924628928592,33.59274230422105,113.00101,0.4735859313581795
Ki_1_57,7,4559,3233,7.552893453730254,57.04619952340133,522.6634,0.631034809635421
Ki_1_57,7,4559,3234,5.62740612066273,31.667699646872354,162.09401,0.427577156063942
Ki_1_57,7,4559,3235,7.900551785542397,62.418718516037146,588.8905,0.5620782505321406
Ki_1_57,7,4559,3236,8.234295610942794,67.80362420839178,611.96094,0.7181694227946221
Ki_1_57,7,4559,3237,9.805960904251839,96.15686925571553,797.2594,0.9246687954787014
Ki_1_57,7,4559,3238,4.699688974900168,22.087076460798187,167.24889,0.49290279366670153
Ki_1_57,7,4559,3239,6.433132732486805,41.385196753793146,179.20744,0.6118300559626902
Ki_1_57,7,4559,3240,5.707684427154129,32.57766151997776,295.67532,0.22715860098459725
Ki_1_57,7,4559,3241,6.15745662601648,37.91427210127425,146.2153,0.6579603708915762
Ki_1_57,7,4559,3242,4.059386669201216,16.478620130088544,57.75225,0.22613900668560694
Ki_1_57,7,4559,3243,5.917043482890096,35.01140357841218,191.98492,0.5088886659799454
Ki_1_57,7,4559,3244,4.3783989812343105,19.170377638873653,163.73729,0.3032423624831919
Ki_1_57,7,4559,3245,4.926858831377123,24.27393794431875,248.2131,0.6406290524219787
Ki_1_57,7,4559,3246,5.4851146816553475,30.086483070911047,38.25131,0.5321202928788549
Ki_1_57,7,4559,3247,5.028725403558038,25.288079184389964,80.03453,0.4510904399775434
Ki_1_57,7,4559,3248,3.565929061270631,12.71585007001444,3.7901258,0.1472100775153998
Ki_1_57,7,4559,3249,3.775604864617232,14.255192093721305,37.624996,0.029105270185679977
Ki_1_57,7,4559,3250,4.6839207954706055,21.939114018241987,134.40215,0.19777057738989717
Ki_1_57,7,4559,3251,5.13939036327832,26.413333306158066,110.19403,0.37914126620055255
Ki_1_57,7,4559,3252,4.317906961507106,18.644320528231525,185.25157,0.2372910043590537
Ki_1_57,7,4559,3253,3.69462901452569,13.65028355497507,76.57049,0.1381593446080321
Ki_1_57,7,4559,3254,4.046670760550854,16.375544244297227,22.103392,0.3144239141857777
Ki_1_57,7,4559,3255,5.556344183062512,30.87296068065261,165.21457,0.6361910163376465
Ki_1_57,7,4559,3256,4.972105227685309,24.72183039517558,102.85543,0.318863646523307
Ki_1_57,7,4559,3257,4.049293657998002,16.396779128702846,158.54135,0.42263705630386067
Ki_1_57,7,4559,3258,5.966367730393988,35.59754389428671,120.19887,0.46038083430012394
Ki_1_57,7,4559,3259,7.364445851533612,54.23506270017064,312.87866,0.45962070798359334
Ki_1_57,7,4559,3260,6.916538207698059,47.83850077854707,395.92053,0.6633939200686012
Ki_1_57,7,4559,3261,5.493118303439485,30.174348695581877,219.80884,0.6948554939077856
Ki_1_57,7,4559,3262,5.482866421493022,30.061824195935703,71.86244,0.1891185942645141
Ki_1_57,7,4559,3263,4.04830249869273,16.388753120921805,111.92114,0.36160492791236787
Ki_1_57,7,4559,3264,3.9161258970790995,15.336042041773588,65.186424,0.25673928047079997
Ki_1_57,7,4559,3265,4.515933752950205,20.39365766103492,242.08134,0.44972364680494825
Ki_1_57,7,4559,3266,3.577618960554568,12.79935742691955,38.271427,0.10163407600180135
Ki_1_57,7,4559,3267,6.703018457469407,44.930456441175565,413.51083,0.6775727517987014
Ki_1_57,7,4559,3268,6.023949461509123,36.28796711481608,281.12683,0.5765755932042486
Ki_1_57,7,4559,3269,6.832098798703304,46.677573995243115,330.4338,0.5707882224954404
Ki_1_57,7,4559,3270,5.693861120945709,32.42005446461712,436.4773,0.664796773250526
Ki_1_57,7,4559,3271,4.568337188281937,20.86970466583971,78.29658,0.11691101077620354
Ki_1_57,7,4559,3272,4.38544565383136,19.23213358270836,52.380272,0.2625181765751032
Ki_1_57,7,4559,3273,7.454322977980068,55.566931060041625,315.91296,0.72647214293529
Ki_1_57,7,4559,3274,3.562795481287995,12.693511641486156,34.85402,0.2428844747361843
Ki_1_57,7,4559,3275,5.063848908178622,25.64256576486182,197.30797,0.5425006673574218
Ki_1_57,7,4559,3276,4.705726490816851,22.143861806375476,63.124252,0.30172529195895575
Ki_1_57,7,4559,3277,4.589888321182601,21.06707480092843,110.343475,0.3769637244920587
Ki_1_57,7,4559,3278,4.410761720145258,19.45481895189876,96.4509,0.26756337068594305
Ki_1_57,7,4559,3279,4.806350335735109,23.10100354982098,157.76979,0.5625511547501272
Ki_1_57,7,4559,3280,4.150262806174661,17.224681360316772,76.73599,0.3542617557798844
Ki_1_57,7,4559,3281,3.8971462222834785,15.187748677858382,179.6189,0.22636381224696864
Ki_1_57,7,4559,3282,4.5058768715977235,20.30292638199928,88.8347,0.19180453363143787
Ki_1_57,7,4559,3283,5.111643400523979,26.12889825412034,191.82932,0.5549588657706289
Ki_1_57,7,4559,3284,4.44853742115903,19.78948518745224,85.20459,0.43940291346058846
Ki_1_57,7,4559,3285,5.1444760509165794,26.46563383845423,134.63246,0.39727973867854943
Ki_1_57,7,4559,3286,3.9780779543431657,15.825104210831109,24.15726,0.5116007017553373
Ki_1_57,7,4559,3287,4.703868664715395,22.126380414891393,8.532118,0.28293505072619907
Ki_1_57,7,4559,3288,3.217176465851232,10.350224412427027,21.935759,0.17786435668923717
Ki_1_57,7,4559,3289,5.697499903136783,32.461505146243645,106.22349,0.6001796769210959
Ki_1_57,7,4559,3290,5.1267083548441885,26.283138555629204,251.26752,0.22937162063224587
Ki_1_57,7,4559,3291,4.15709467947296,17.281436174102396,96.34816,0.28953675043460014
Ki_1_57,7,4559,3292,4.335471510802507,18.796313220980178,78.79339,0.4990020367081629
Ki_1_57,7,4559,3293,3.8025190209117175,14.4591509043954,124.16353,0.3118819908249265
Ki_1_57,7,4559,3294,4.284364505101016,18.35577921256948,45.331886,0.18279464809027415
Ki_1_57,7,4559,3295,3.123314836625323,9.755095568683865,44.92622,0.16635237036021386
Ki_1_57,7,4559,3296,4.725893200026771,22.33406653805928,174.13031,0.36995248595263824
Ki_1_57,7,4559,3297,3.5661711247983607,12.717576491345609,115.916306,0.15616769138005293
Ki_1_57,7,4559,3298,4.717956715183474,22.259115566344846,54.511658,0.23039925286448237
Ki_1_57,7,4559,3299,3.7499637972575717,14.062228480742432,33.49821,0.33619196397749396
Ki_1_57,7,4559,3300,3.531118352727788,12.468796820970999,33.00147,0.20792344952320788
Ki_1_57,7,4559,3301,4.073292604174921,16.59171263922611,72.30631,0.18466922240902445
Ki_1_57,7,4559,3302,5.586025123840778,31.203676684180383,157.97826,0.405140381952833
Ki_1_57,7,4559,3303,3.236297628048296,10.473622337311028,17.676878,0.2136077345660257
Ki_1_57,7,4559,3304,4.527689992575001,20.499976668863827,252.0581,0.3544905644622278
Ki_1_57,7,4559,3305,6.32029868329716,39.94617544608781,287.9392,0.5833266940820295
Ki_1_57,7,4559,3306,5.107274507774201,26.084252897760198,109.14189,0.5451808247688232
Ki_1_57,7,4559,3307,3.3726513491952765,11.374777123228716,28.476742,0.10386905881802846
Ki_1_57,7,4559,3308,5.455829528501994,29.76607584407429,65.86167,0.5131094394002302
Ki_1_57,7,4559,3309,4.321481356495471,18.67520111453794,78.80632,0.4406764291198281
Ki_1_57,7,4559,3310,3.7688493239128347,14.204225226358234,93.90549,0.3529934822915811
Ki_1_57,7,4559,3311,4.336556616698149,18.805723289828492,113.86828,0.43879727886692627
Ki_1_57,7,4559,3312,5.738349219303706,32.92865176268345,242.49658,0.48984339952060896
Ki_1_57,7,4559,3313,3.261089361581338,10.634703824218976,37.38076,0.213177375374086
Ki_1_57,7,4559,3314,4.003856213473774,16.030864578172544,26.565,0.3325778841597014
Ki_1_57,7,4559,3315,4.631208770548741,21.448094676407575,153.2963,0.06419012761554266
Ki_1_57,7,4559,3316,5.658884735111108,32.02297644527353,151.0964,0.3694530232806259
Ki_1_57,7,4559,3317,5.405357606228667,29.2178908512141,171.8881,0.43346346641204786
Ki_1_57,7,4559,3318,5.769270508118395,33.284482195844696,208.62663,0.42902017314401497
Ki_1_57,7,4559,3319,7.13994525445585,50.97881823662662,321.36743,0.6537122247094765
Ki_1_57,7,4559,3320,4.735999771502295,22.429693835669795,199.79988,0.5282225848722927
Ki_1_57,7,4559,3321,4.81335022311377,23.16834037034938,63.32009,0.1951341648663255
Ki_1_57,7,4559,3322,3.2501976547400555,10.563784794877758,38.720295,0.17194407665242126
Ki_1_57,7,4559,3323,5.599994789515152,31.35994164259683,200.01749,0.6411438469927795
Ki_1_57,7,4559,3324,6.526279998828002,42.59233062310243,116.13553,0.5834903551617119
Ki_1_57,7,4559,3325,5.490070521182395,30.14087432755593,98.8053,0.4236746923595679
Ki_1_57,7,4559,3326,6.0973385278072225,37.17753712268235,342.38864,0.688308156875654
Ki_1_57,7,4559,3327,4.224679600457415,17.847917726521025,61.82608,0.3362246086610314
Ki_1_57,7,4559,3328,6.267215218899175,39.277986600001455,255.52429,0.448498969413459
Ki_1_57,7,4559,3329,5.007938108010016,25.079444093658942,135.16824,0.3913207953386238
Ki_1_57,7,4559,3330,4.241226036019579,17.987998288610353,8.737516,0.3229359468846147
Ki_1_57,7,4559,3331,4.334643236494118,18.7891319876842,161.82347,0.3311958890083485
Ki_1_57,7,4559,3332,4.0942823957142656,16.76314833585575,97.67974,0.0934826341062363
Ki_1_57,7,4559,3333,5.239121767802724,27.448396897864335,117.7474,0.6573685536271329
Ki_1_57,7,4559,3334,3.676458993498967,13.516350730879434,65.18677,0.35550568051926734
Ki_1_57,7,4559,3335,4.49855376610479,20.236985986535586,106.77265,0.2658013827327993
Ki_1_57,7,4559,3336,4.404304501067099,19.397898138119906,59.0794,0.352368891475851
Ki_1_57,7,4559,3337,4.3281343387926405,18.732746854636005,22.233662,0.20787562249798583
Ki_1_57,7,4559,3338,3.759983085701495,14.137472804761341,26.20946,0.18733849223720256
Ki_1_57,7,4559,3339,6.84413065198567,46.8421243814498,339.36417,0.21628531789907063
Ki_1_57,7,4559,3340,5.492923777295718,30.172211623180644,174.17488,0.5449067949566262
Ki_1_57,7,4559,3341,4.39873317630518,19.348853556327867,83.23341,0.4441148238388456
Ki_1_57,7,4559,3342,5.885900957522471,34.643830081763944,277.16257,0.43688485573429325
Ki_1_57,7,4559,3343,3.3528863562403166,11.241846917862464,4.3566937,0.09700272592576256
Ki_1_57,7,4559,3344,4.744977312060521,22.514809691969077,28.2938,0.2783329830464927
Ki_1_57,7,4559,3345,3.9847986923400804,15.878620618475209,33.46939,0.46697355884835934
Ki_1_57,7,4559,3346,6.137652463308208,37.6707777603533,404.6266,0.6769858646820288
Ki_1_57,7,4559,3347,4.483683091725216,20.103414067022587,195.5919,0.21046559637517892
Ki_1_57,7,4559,3348,4.996463487632966,24.96464738324938,138.84016,0.49290307266378564
Ki_1_57,7,4559,3349,6.0487266963237385,36.58709464681949,145.93613,0.5347646789399383
Ki_1_57,7,4559,3350,4.295783546741836,18.453756280457878,136.00682,0.2428846955648473
Ki_1_57,7,4559,3351,5.558757385795358,30.899783674134433,172.70721,0.5841524665218701
Ki_1_57,7,4559,3352,3.673827239188534,13.497006583403646,144.71114,0.22794829528007077
Ki_1_57,7,4559,3353,4.165117664540911,17.34820515947073,14.624706,0.07548889648221366
Ki_1_57,7,4559,3354,3.5322846465549524,12.477034824287841,75.52699,0.0776016962828879
Ki_1_57,7,4559,3355,3.7609591519795638,14.144813742858837,5.4128265,0.410677579387674
Ki_1_57,7,4559,3356,3.055030754537559,9.333212911170328,7.6886106,0.04313268389729527
Ki_1_57,7,4559,3357,4.573888422352846,20.92045530013341,118.11312,0.20893932141204066
Ki_1_57,7,4559,3358,4.474404426877887,20.020294975264427,43.175148,0.15859677380633277
Ki_1_57,7,4559,3359,5.1472235953922025,26.493910740962225,245.71167,0.4396631859320149
Ki_1_57,7,4559,3360,5.034003947633808,25.34119574479276,239.17194,0.41613963976768725
Ki_1_57,7,4559,3361,4.564171121517039,20.831658026490103,40.338905,0.38330176148693496
Ki_1_57,7,4559,3362,4.761156388206956,22.66861015296391,132.34415,0.4324593967489274
Ki_1_57,7,4559,3363,5.364097518670217,28.773542189803987,169.2775,0.24236533423262663
Ki_1_57,7,4559,3364,3.6197485888857805,13.102579846740598,12.861501,0.1923456003893816
Ki_1_57,7,4559,3365,4.062892628971712,16.507096514552664,106.13986,0.45389756923147667
Ki_1_57,7,4559,3366,3.3602288080886544,11.291137642708902,107.93255,0.0849537221285773
Ki_1_57,7,4559,3367,5.5060619696788455,30.316718413943704,58.44805,0.5840481105531754
Ki_1_57,7,4559,3368,4.378077368773422,19.167561446966026,188.46898,0.2570061373169424
Ki_1_57,7,4559,3369,5.132673132448314,26.344333484556778,79.524925,0.5129729737663546
Ki_1_57,7,4559,3370,3.7711902360188185,14.221875796243669,11.001594,0.22855983584364545
Ki_1_57,7,4559,3371,5.398426442361603,29.143008053588947,55.998405,0.5618289490484994
Ki_1_57,7,4559,3372,4.387918626043916,19.25382986878313,127.33435,0.1999410048398068
Ki_1_57,7,4559,3373,6.148184112298849,37.800167878724,372.11014,0.5242884450068677
Ki_1_57,7,4559,3374,6.6712934657086205,44.50615650560652,402.65143,0.7537891663067797
Ki_1_57,7,4559,3375,7.268783520013588,52.83521386082114,473.3849,0.6935732909364173
Ki_1_57,7,4559,3376,7.21883343874334,52.11155621631901,132.88394,0.8577334965680248
Ki_1_57,7,4559,3377,3.2751892258278974,10.726864464979137,41.124744,0.44965142441073425
Ki_1_57,7,4559,3378,4.229972821687058,17.89267007221117,11.927143,0.405233083587952
Ki_1_57,7,4559,3379,6.8146652085085595,46.439661904057004,322.71344,0.5119064844102532
Ki_1_57,7,4559,3380,3.050102149699653,9.303123123602447,49.16331,0.3556035972446802
Ki_1_57,7,4559,3381,3.0600689353122514,9.364021888863059,50.30041,0.19280515944772575
Ki_1_57,7,4559,3382,4.173207348899373,17.41565957690774,105.341934,0.2115137842773553
Ki_1_57,7,4559,3383,4.007376989005084,16.05907033200745,111.715416,0.2614581950300208
Ki_1_57,7,4559,3384,4.4406850443399914,19.719683663024874,224.73967,0.47651743374871003
Ki_1_57,7,4559,3385,3.840429905062597,14.74890185569911,40.317142,0.23484191259586373
Ki_1_57,7,4559,3386,4.055187445739593,16.444545220084,51.65538,0.30263451005912106
Ki_1_57,7,4559,3387,4.055009760257457,16.44310415578324,78.82248,0.4309365117878785
Ki_1_57,7,4559,3388,4.4966763507022565,20.22009820296495,124.54758,0.2705787233052112
Ki_1_57,7,4559,3389,4.105120305096282,16.852012719313787,96.92415,0.4197269423433132
Ki_1_57,7,4559,3390,3.557620600731373,12.656664338748255,30.355778,0.3218675709492327
Ki_1_57,7,4559,3391,4.30599263691578,18.54157258917292,44.392513,0.3830517276312933
Ki_1_57,7,4559,3392,3.7130481223032077,13.78672635853938,46.75302,0.024777607581925248
Ki_1_57,7,4559,3393,3.7335795914417016,13.939616565629981,33.643665,0.14455379763534537
Ki_1_57,7,4559,3394,3.9403201069117,15.526122544932628,188.69255,0.4494211631121986
Ki_1_57,7,4559,3395,4.308011983550207,18.558967250412195,52.337044,0.5947863652238055
Ki_1_57,7,4559,3396,5.028411783474162,25.284925064181802,77.802055,0.2712756529321383
Ki_1_57,7,4559,3397,4.071436199668236,16.576592727968926,91.61721,0.23309229202669776
Ki_1_57,7,4559,3398,4.361485971619721,19.02255988063562,68.82885,0.20152470076582507
Ki_1_57,7,4559,3399,3.5798013387148546,12.81497762466466,2.5659537,0.13970311342443212
Ki_1_57,7,4559,3400,4.563005137353427,20.821015883513756,156.8123,0.1644824359293529
Ki_1_57,7,4559,3401,4.850158627441719,23.524038711347337,296.79364,0.6761179918090342
Ki_1_57,7,4559,3402,3.371446896562537,11.366654176341157,75.26397,0.2118508511360298
Ki_1_57,7,4559,3403,3.476977020084701,12.089369198197089,62.99134,0.24101132769163292
Ki_1_57,7,4559,3404,3.298468492361811,10.879894395103598,49.200977,0.2000510057215345
Ki_1_57,7,4559,3405,3.547818121787778,12.587013425285761,63.85871,0.2776314961695784
Ki_1_57,7,4559,3406,4.071821257185491,16.579728350467626,64.8682,0.24876952988226572
Ki_1_57,7,4559,3407,3.9983121230251566,15.98649983312993,87.419556,0.36440623663076194
Ki_1_57,7,4559,3408,4.586537969290155,21.036330543740256,75.287766,0.21336074999251506
Ki_1_57,7,4559,3409,3.605213299467599,12.997562934658054,84.97929,0.19708010556370284
Ki_1_57,7,4559,3410,3.7945363123407096,14.39850582567223,92.21065,0.23450188226726246
Ki_1_57,7,4559,3411,4.609858395155579,21.25079442338638,47.091522,0.21054464120969155
Ki_1_57,7,4559,3412,5.142562924613979,26.44595343361427,317.4086,0.4105993526343372
Ki_1_57,7,4559,3413,5.42305480393085,29.409523406437472,103.52309,0.5398781914352992
Ki_1_57,7,4559,3414,4.188999064231781,17.54771316013473,153.80798,0.49374994165270936
Ki_1_57,7,4559,3415,4.265861236249624,18.197572086937175,135.94449,0.413917396933576
Ki_1_57,7,4559,3416,3.8897544125684025,15.130189390095355,120.331696,0.2936028752810265
Ki_1_57,7,4559,3417,4.159153423339702,17.29855719887836,115.22675,0.26990819456063286
Ki_1_57,7,4559,3418,5.861850563902393,34.3612920335228,250.40158,0.5141817540879801
Ki_1_57,7,4559,3419,3.4459825932420056,11.874796032926902,79.56404,0.15890650298960643
Ki_1_57,7,4559,3420,4.638271871928133,21.513565957919717,315.52356,0.5779544674921804
Ki_1_57,7,4559,3421,5.27246462245397,27.798883195028676,106.45015,0.4714711962191839
Ki_1_57,7,4559,3422,6.155117156952937,37.885467215816405,188.18777,0.613118346534431
Ki_1_57,7,4559,3423,5.734405292026974,32.883404053226954,98.11998,0.553167142705821
Ki_1_57,7,4559,3424,6.7069387663337805,44.9830276153509,422.19586,0.5040007825234342
Ki_1_57,7,4559,3425,4.8293441769755825,23.322565179687977,132.04205,0.42568629353073184
Ki_1_57,7,4559,3426,5.492815819296741,30.17102562471653,180.99234,0.09236518274052474
Ki_1_57,7,4559,3427,4.22084192048196,17.81550651769784,117.50772,0.28432416198793126
Ki_1_57,7,4559,3428,5.320211093063261,28.304646074753375,340.54327,0.7578245647522868
Ki_1_57,7,4559,3429,4.407752519645457,19.428282274440864,34.522278,0.24362483772094362
Ki_1_57,7,4559,3430,5.200262618602075,27.0427313024301,107.230675,0.6114291013374958
Ki_1_57,7,4559,3431,5.65332197065188,31.960049303855264,127.34921,0.3547291679490532
Ki_1_57,7,4559,3432,6.410925091370712,41.099960527166566,164.4653,0.7268234549788651
Ki_1_57,7,4559,3433,6.100325449991691,37.21397059581632,292.9201,0.6659905395659512
Ki_1_57,7,4559,3434,4.509595347503527,20.336450198225457,50.635086,0.4371093308992313
Ki_1_57,7,4559,3435,3.5828367724533092,12.836719338043647,10.171204,0.21858264665264587
Ki_1_57,7,4559,3436,4.230299017492487,17.8954297773979,39.782745,0.6805117807663164
Ki_1_57,7,4559,3437,3.405746839344053,11.599111533702004,112.609215,0.11955298287784359
Ki_1_57,7,4559,3438,4.082420342457344,16.66615585250954,78.69204,0.5064676070579289
Ki_1_57,7,4559,3439,3.515065194717174,12.355683323112086,35.44397,0.3230042599934406
Ki_1_57,7,4559,3440,6.11772658969695,37.426578626285064,289.22787,0.6790741359640369
Ki_1_57,7,4559,3441,3.8028714368437364,14.461831165161946,114.34358,0.18087075825234256
Ki_1_57,7,4559,3442,4.317031430314086,18.636760370319674,80.2439,0.3526853261849077
Ki_1_57,7,4559,3443,4.834583016827697,23.373192946598785,178.06958,0.1524220278618532
Ki_1_57,7,4559,3444,4.737473601965053,22.443656129315727,37.53286,0.21046095879213056
Ki_1_57,7,4559,3445,4.420051214005797,19.53685273443412,153.3197,0.32695801356923976
Ki_1_57,7,4559,3446,6.402833855686555,40.99628138352596,338.7478,0.7231350471769715
Ki_1_57,7,4559,3447,6.331740943401936,40.090943374352435,332.4903,0.6281553964120505
Ki_1_57,7,4559,3448,4.82822427270118,23.31174962750086,9.954634,0.36649603063421965
Ki_1_57,7,4559,3449,3.6975529918858543,13.671898127804033,33.03559,0.05447835859295781
Ki_1_57,7,4559,3450,3.8536343108594764,14.850497401833389,94.442184,0.39163659164862064
Ki_1_57,7,4559,3451,5.012547933367936,25.125636784311176,57.02169,0.4880300206667382
Ki_1_57,7,4559,3452,5.083055877609228,25.837457054897712,120.05097,0.6054270164140654
Ki_1_57,7,4559,3453,4.494402216442466,20.19965128316295,142.61295,0.21385165509193155
Ki_1_57,7,4559,3454,4.5903252302011515,21.07108571902125,167.89554,0.21104160517432022
Ki_1_57,7,4559,3455,5.550545540008761,30.80855579171116,240.38882,0.5159883113887767
Ki_1_57,7,4559,3456,5.3931381047191485,29.08593861657365,100.14711,0.6025735728110474
Ki_1_57,7,4559,3457,4.520521057034114,20.43511062708884,131.08061,0.5204676835188702
Ki_1_57,7,4559,3458,4.419633378049797,19.53315919637185,186.02583,0.2826697437751887
Ki_1_57,7,4559,3459,3.5895786668542384,12.885075005535047,115.513565,0.2219646667234888
Ki_1_57,7,4559,3460,5.936916049785262,35.24697218219784,281.9691,0.5895832251279015
Ki_1_57,7,4559,3461,4.295052079730769,18.447472367599598,97.32971,0.41112033910302065
Ki_1_57,7,4559,3462,6.1268068591840406,37.537762289744606,360.59128,0.5941611595443159
Ki_1_57,7,4559,3463,6.0599295565803795,36.722746230716474,155.20784,0.6786724507243954
Ki_1_57,7,4559,3464,4.671283008731016,21.820884947659085,213.0641,0.26488396747264814
Ki_1_57,7,4559,3465,4.919317657598546,24.199686216360842,78.93323,0.4412003164462862
Ki_1_57,7,4559,3466,4.480134151638075,20.07160201667381,93.41493,0.19521129222092332
Ki_1_57,7,4559,3467,5.771571074386535,33.31103266669534,306.1884,0.6461304120065026
Ki_1_57,7,4559,3468,3.4898683702405795,12.179181241605638,16.512089,0.10806020173855127
Ki_1_57,7,4559,3469,3.845920354429649,14.791103372616279,106.50644,0.15552971772534813
Ki_1_57,7,4559,3470,3.9659938054049566,15.72910686451049,66.415504,0.4666200207648469
Ki_1_57,7,4559,3471,4.130925992484684,17.064549555385575,38.390343,0.3952379827129522
Ki_1_57,7,4559,3472,4.8314523030514955,23.34293135666161,102.76314,0.4511218490116382
Ki_1_57,7,4559,3473,3.489751747319611,12.178367257920279,9.552869,0.10716653639623197
Ki_1_57,7,4559,3474,5.784643032866552,33.46209501769154,177.28972,0.6983269703579836
Ki_1_57,7,4559,3475,5.388845413769267,29.039654893502057,126.660645,0.3376494460929903
Ki_1_57,7,4559,3476,6.695325772317917,44.827387197464525,336.65363,0.6725315232431879
Ki_1_57,7,4559,3477,5.4980100957298825,30.228115012747722,97.14964,0.2966183882808936
Ki_1_57,7,4559,3478,4.96235162989844,24.624933698755708,94.815994,0.32590405789497223
Ki_1_57,7,4559,3479,4.922453348478386,24.230546967946072,54.540894,0.3166741180714803
Ki_1_57,7,4559,3480,4.125278728688191,17.01792458936726,161.9032,0.4449107117844652
Ki_1_57,7,4559,3481,5.719901619182991,32.717274533132205,138.7912,0.7068607089991018
Ki_1_57,7,4559,3482,6.970165747607394,48.583210549119336,353.89767,0.6006214382076518
Ki_1_57,7,4559,3483,6.088553614528285,37.070485116985445,237.32443,0.35867097510289253
Ki_1_57,7,4559,3484,7.240477667738409,52.424516857018645,476.07288,0.7158632401065996
Ki_1_57,7,4559,3485,4.911623367278438,24.12404410199558,172.88754,0.24780896590222276
Ki_1_57,7,4559,3486,4.559247549156902,20.786738214493226,72.36174,0.5630684098107805
Ki_1_57,7,4559,3487,4.099336163587953,16.804556982099996,72.444374,0.1367258712507732
Ki_1_57,7,4559,3488,3.667359061671459,13.44952248722376,22.08383,0.3003901092722079
Ki_1_57,7,4559,3489,3.5576805077404585,12.657090595156404,56.051037,0.24188242779199223
Ki_1_57,7,4559,3490,3.4460955913261935,11.875574824557827,37.369576,0.16296282227202097
Ki_1_57,7,4559,3491,3.765767529027675,14.181005082679201,55.299755,0.165966325354722
Ki_1_57,7,4559,3492,5.62250929835289,31.612610810064705,219.80576,0.5599711015994356
Ki_1_57,7,4559,3493,6.571845609830044,43.18915471944241,370.49365,0.3728515539092154
Ki_1_57,7,4559,3494,4.9509191090925615,24.51160002477788,197.87772,0.4798252375850338
Ki_1_57,7,4559,3495,4.216626768107648,17.77994130152195,83.4964,0.18668450552651195
Ki_1_57,7,4559,3496,4.946108364913355,24.463987957465857,212.36401,0.5407017214464289
Ki_1_57,7,4559,3497,3.97853052512973,15.828705139389044,64.52261,0.3994500238546339
Ki_1_57,7,4559,3498,4.833804870451248,23.3656695255982,146.76791,0.4687008379387052
Ki_1_57,7,4559,3499,3.1599724208983933,9.985425700838453,15.90025,0.06896403031317676
Ki_1_57,7,4559,3500,5.232587524000986,27.379972196330765,202.25883,0.5920707326907828
Ki_1_57,7,4559,3501,6.673628762664049,44.53732086185689,303.09885,0.6795999521452867
Ki_1_57,7,4559,3502,6.626550416503862,43.91117042246752,225.70045,0.5481158052802024
Ki_1_57,7,4559,3503,4.080775201781474,16.652726247474632,63.49534,0.29791638006980026
Ki_1_57,7,4559,3504,4.0609999214677135,16.491720362160773,80.48735,0.24708607326347534
Ki_1_57,7,4559,3505,4.5874908284388,21.045072101010106,157.29582,0.4969437583479618
Ki_1_57,7,4559,3506,7.008654256040158,49.121234480709845,595.28235,0.6849751256033048
Ki_1_57,7,4559,3507,4.402069042131946,19.378211851696467,21.469658,0.20945778658063677
Ki_1_57,7,4559,3508,4.4225024557033645,19.558527970702286,156.50652,0.48934881871932656
Ki_1_57,7,4559,3509,6.428421573266817,41.32460392364222,398.2694,0.6883483668473676
Ki_1_57,7,4559,3510,5.149663764832023,26.519036890823923,289.0879,0.5411731055155224
Ki_1_57,7,4559,3511,4.07200300539352,16.581208475933863,51.280067,0.3001613197163047
Ki_1_57,7,4559,3512,3.9816856169427512,15.853820352168778,3.538994,0.1470377396404139
Ki_1_57,7,4559,3513,4.822482096121597,23.256333567413343,176.07297,0.6697271702258216
Ki_1_57,7,4559,3514,4.832659338964192,23.35459628647783,121.85266,0.3401140148011783
Ki_1_57,7,4559,3515,4.119173955155249,16.96759407282934,101.87289,0.10888784265502448
Ki_1_57,7,4559,3516,5.380878511881644,28.953853559629607,190.73738,0.40819049276684793
Ki_1_57,7,4559,3517,5.408852437217605,29.255684687594833,239.59195,0.35699135651354597
Ki_1_57,7,4559,3518,4.53314721557061,20.549423678035573,90.883354,0.2649406498653246
Ki_1_57,7,4559,3519,3.912190088430977,15.305231288017577,24.30496,0.15244439210141705
Ki_1_57,7,4559,3520,5.396552120314916,29.122774787275432,166.3884,0.25492839498307523
Ki_1_57,7,4559,3521,5.393747953984788,29.0925169911151,37.344757,0.269453272559194
Ki_1_57,7,4559,3522,3.5864479298036445,12.862608753192847,25.34376,0.20976129998676535
Ki_1_57,7,4559,3523,5.106310572383244,26.074407661632886,122.12541,0.5036181564081138
Ki_1_57,7,4559,3524,4.801466788305047,23.054083319196376,158.91039,0.28666056517699334
Ki_1_57,7,4559,3525,3.5820978616986845,12.831425090786288,83.37196,0.136479275120036
Ki_1_57,7,4559,3526,6.088723138971281,37.07254946304432,308.09964,0.6086786067693684
Ki_1_57,7,4559,3527,3.9534564698139087,15.629818058713456,120.70834,0.12780629104458865
Ki_1_57,7,4559,3528,5.00562738265178,25.056305493953307,148.97598,0.320407478618028
Ki_1_57,7,4559,3529,7.449979654041381,55.50219684563054,503.4904,0.6146095177242978
Ki_1_57,7,4559,3530,8.327114523240816,69.34083628316813,552.0301,0.7722993872625676
Ki_1_57,7,4559,3531,5.2571459446121125,27.637583482951584,200.19467,0.49878663678978247
Ki_1_57,7,4559,3532,3.705209210536458,13.728575293844209,6.3029733,0.2225269103181493
Ki_1_57,7,4559,3533,5.233013429323076,27.384429551475666,69.3858,0.5025264296593321
Ki_1_57,7,4559,3534,4.816728922895922,23.200877516662107,265.12036,0.47623554005970603
Ki_1_57,7,4559,3535,4.018589028469318,16.149057779733976,75.43931,0.3278011679954963
Ki_1_57,7,4559,3536,3.4928383397080816,12.199919667334704,67.32297,0.11145635162952425
Ki_1_57,7,4559,3537,5.9931554434747545,35.91791216965108,308.924,0.3877452101718297
Ki_1_57,7,4559,3538,4.860655835823836,23.62597515432832,6.188323,0.5470186703278911
Ki_1_57,7,4559,3539,4.705666520822686,22.14329740519149,97.73461,0.26506955826308964
Ki_1_57,7,4559,3540,4.647110551170481,21.595636474800017,77.899925,0.2753984273948648
Ki_1_57,7,4559,3541,6.075758174750244,36.91483739804441,309.4733,0.2552144709876165
Ki_1_57,7,4559,3542,4.987798465755461,24.878133534992525,162.79102,0.22039722984476795
Ki_1_57,7,4559,3543,8.048319834377024,64.77545215642664,272.6436,0.800108263922946
Ki_1_57,7,4559,3544,4.54773556908004,20.681898806275758,172.71387,0.35816821939823384
Ki_1_57,7,4559,3545,4.085810268744422,16.69384555217736,151.09276,0.20933656519066768
Ki_1_57,7,4559,3546,4.903261275916298,24.041971139900326,244.0181,0.4415266073429981
Ki_1_57,7,4559,3547,5.488041367077293,30.11859804675161,184.97813,0.28659696470911056
Ki_1_57,7,4559,3548,7.801006569276819,60.85570349390009,324.43814,0.8482104696912921
Ki_1_57,7,4559,3549,7.004960077648884,49.06946568945467,234.16516,0.6799951675592915
Ki_1_57,7,4559,3550,6.4412436405460705,41.48961963687519,124.24981,0.5274535204891635
Ki_1_57,7,4559,3551,3.1623298749856628,10.000330238226836,62.53858,0.15318643103049542
Ki_1_57,7,4559,3552,5.544085211124701,30.73688082821162,178.89116,0.4211869457881093
Ki_1_57,7,4559,3553,6.462506278159189,41.76398739524693,154.59334,0.5485921638216004
Ki_1_57,7,4559,3554,4.950394149417137,24.506402234583398,239.39204,0.5142817280408654
Ki_1_57,7,4559,3555,3.913071207269903,15.312126273164733,97.92798,0.369015822280305
Ki_1_57,7,4559,3556,5.301110506505563,28.10177260218367,255.8502,0.5715578337061666
Ki_1_57,7,4559,3557,5.375319760524155,28.89406252788146,36.823948,0.1989488737110004
Ki_1_57,7,4559,3558,4.481747750168333,20.086062896138912,116.81889,0.30445948477006674
Ki_1_57,7,4559,3559,3.4414379150611034,11.843494923220112,45.492535,0.17747863139682604
Ki_1_57,7,4559,3560,4.209740139733207,17.72191204408097,71.862,0.11285393138043523
Ki_1_57,7,4559,3561,3.8236714365214124,14.620463254469726,81.7347,0.19316812059406335
Ki_1_57,7,4559,3562,6.2138742438708165,38.612233118641115,261.6558,0.5141703594428577
Ki_1_57,7,4559,3563,6.367656775588543,40.547052811698684,190.03635,0.49063109804850125
Ki_1_57,7,4559,3564,4.667418795855852,21.784798215908495,28.322458,0.3429368604350666
Ki_1_57,7,4559,3565,4.108266563927652,16.877854160285917,69.981674,0.41858035122342385
Ki_1_57,7,4559,3566,3.224284927420289,10.39601329318966,74.03019,0.15614535645353633
Ki_1_57,7,4559,3567,4.774888880672894,22.799563822773646,226.83752,0.6044708947602551
Ki_1_57,7,4559,3568,5.0188878304036635,25.189235054173995,84.34031,0.22982441729841427
Ki_1_57,7,4559,3569,5.4499419092905175,29.701866814641164,337.2996,0.6785744461902342
Ki_1_57,7,4559,3570,7.035640462304594,49.500236714817596,343.27722,0.6658303602326021
Ki_1_57,7,4559,3571,5.8381412479129215,34.08389323058225,164.07294,0.35882110077108065
Ki_1_57,7,4559,3572,4.67388936910079,21.845241834593384,72.33778,0.33695730763295173
Ki_1_57,7,4559,3573,3.940147224397384,15.524760149926413,90.00439,0.1838777544924977
Ki_1_57,7,4559,3574,4.37941518797011,19.179277388623277,65.77428,0.153475405736419
Ki_1_57,7,4559,3575,6.188030477982174,38.2917211964363,214.80357,0.544934165918757
Ki_1_57,7,4559,3576,6.049365243149144,36.5948198450209,339.3344,0.48069738854602706
Ki_1_57,7,4559,3577,6.027254911350001,36.32780176639269,384.5659,0.6037527587395717
Ki_1_57,7,4559,3578,5.316462063328629,28.264768870812507,217.834,0.7241658363697779
Ki_1_57,7,4559,3579,4.589367399181079,21.06229312466609,66.77609,0.3214368566342286
Ki_1_57,7,4559,3580,3.3960184182009865,11.532941096760329,25.409113,0.11599079240394536
Ki_1_57,7,4559,3581,3.8092030993044492,14.510028251750622,53.729782,0.5273973341738369
Ki_1_57,7,4559,3582,5.8764428008321055,34.53257999145149,311.46936,0.32918618420462803
Ki_1_57,7,4559,3583,4.856377864245115,23.584405960329942,109.640045,0.1971874572516249
Ki_1_57,7,4559,3584,4.542975834835075,20.638629435895453,146.49316,0.20444156764457977
Ki_1_57,7,4559,3585,3.141472018895858,9.868846445505616,18.772427,0.14939342623259616
Ki_1_57,7,4559,3586,2.9836954089074927,8.90243829313565,19.262154,0.1409904964840898
Ki_1_57,7,4559,3587,4.576695432763854,20.94614108428151,36.305347,0.16570284855454953
Ki_1_57,7,4559,3588,4.673895764179369,21.845301614413845,153.92226,0.4886599327342239
Ki_1_57,7,4559,3589,5.595014628237811,31.304188690195083,167.41878,0.2043342073680257
Ki_1_57,7,4559,3590,4.178429148190337,17.459270146446617,42.720963,0.3974700555883957
Ki_1_57,7,4559,3591,4.649095236170949,21.614086514987413,116.02723,0.40327086068475765
Ki_1_57,7,4559,3592,6.348361592446444,40.30169490844916,218.59525,0.6082611878233709
Ki_1_57,7,4559,3593,4.445231249355482,19.760080860246493,14.156069,0.33946707267061416
Ki_1_57,7,4559,3594,4.844511503840901,23.46929171084683,86.290146,0.1971501847970154
Ki_1_57,7,4559,3595,3.6161099720298453,13.076251329813692,72.91742,0.12272039118702383
Ki_1_57,7,4559,3596,3.5308962580276164,12.467228384953422,24.712532,0.3725200535557549
Ki_1_57,7,4559,3597,3.3698730543736817,11.356044402593806,76.57064,0.1464601706707807
Ki_1_57,7,4559,3598,3.817030265349382,14.569720046593167,172.31801,0.4023210700913602
Ki_1_57,7,4559,3599,5.410204107765971,29.270308487687792,126.395256,0.2513005467504748
Ki_1_57,7,4559,3600,8.214122106921806,67.47180198742153,410.1868,0.7678420493886968
Ki_1_57,7,4559,3601,8.039099095908696,64.62711427384002,513.6383,0.7857351828510937
Ki_1_57,7,4559,3602,5.608787766940124,31.4585002145772,333.48132,0.5379060042524265
Ki_1_57,7,4559,3603,6.783025506199219,46.00943501774918,268.44177,0.6604019952255104
Ki_1_57,7,4559,3604,5.579782976332933,31.133978062974805,103.372635,0.6525807755370167
Ki_1_57,7,4559,3605,5.220405834614493,27.252637078077043,156.5758,0.3879879894220538
Ki_1_57,7,4559,3606,4.6372015951234244,21.50363863381522,131.32922,0.2643724621187038
Ki_1_57,7,4559,3607,7.550647500354763,57.012277674613635,418.2136,0.5939761237877866
Ki_1_57,7,4559,3608,6.706908000354581,44.98261492522029,323.09866,0.786117123295353
Ki_1_57,7,4559,3609,5.318572180583952,28.287210040081522,119.395256,0.554053926969797
Ki_1_57,7,4559,3610,7.7252539591639255,59.67954873357791,284.10785,0.769928250822706
Ki_1_57,7,4559,3611,5.852693154468613,34.25401716036375,194.88884,0.42638625871648494
Ki_1_57,7,4559,3612,4.293927279397254,18.43781148075191,80.82894,0.0742713769966779
Ki_1_57,7,4559,3613,5.556094388465541,30.870184853538277,152.72263,0.40607776119512684
Ki_1_57,7,4559,3614,4.416081010703126,19.50177149309273,87.17484,0.33828065285839026
Ki_1_57,7,4559,3615,4.192846114017833,17.57995853583444,108.568405,0.0841424058141188
Ki_1_57,7,4559,3616,5.286617592019173,27.948325564246606,86.47637,0.7054857182985803
Ki_1_57,7,4559,3617,3.787649234525052,14.346286723798215,109.5237,0.4186085436384661
Ki_1_57,7,4559,3618,4.879432562069975,23.808862127788768,224.56982,0.32294043665784133
Ki_1_57,7,4559,3619,3.573815772480591,12.77215917563104,43.294262,0.2710343277989994
Ki_1_57,7,4559,3620,4.533210001169514,20.549992914703306,54.700603,0.2660852377645889
Ki_1_57,7,4559,3621,3.9675610165491935,15.741540420040865,17.983253,0.28281094183039546
Ki_1_57,7,4559,3622,3.9822029785954163,15.857940562734207,63.19742,0.22059213608029468
Ki_1_57,7,4559,3623,4.1125896284033905,16.91339345165113,84.84622,0.25084349566604874
Ki_1_57,7,4559,3624,3.9718583057151338,15.775658400678287,0.85438293,0.2312338413996455
Ki_1_57,7,4559,3625,3.5351042025930317,12.49696172319092,29.28086,0.1849923200919971
Ki_1_57,7,4559,3626,6.467673054564389,41.83079474073826,403.08218,0.44760906090453784
Ki_1_57,7,4559,3627,4.226753462889568,17.865444836048955,16.594158,0.48660120624497905
Ki_1_57,7,4559,3628,5.150667439476273,26.529375072081066,62.932545,0.6918094391508973
Ki_1_57,7,4559,3629,5.552704828386717,30.83253091118916,126.64882,0.5861104249664493
Ki_1_57,7,4559,3630,3.9644665327038418,15.71699488892882,144.0794,0.3359894779716137
Ki_1_57,7,4559,3631,4.586994159235912,21.04051541686438,106.894,0.5349756631865408
Ki_1_57,7,4559,3632,6.430051696328906,41.34556481746224,434.06213,0.8031819532921527
Ki_1_57,7,4559,3633,4.362904704563603,19.03493746110322,94.27608,0.35680497204109607
Ki_1_57,7,4559,3634,4.059349651947842,16.47831959676906,159.75679,0.2662460968628789
Ki_1_57,7,4559,3635,5.380999863673007,28.95515953284892,141.92908,0.2295311292261196
Ki_1_57,7,4559,3636,5.594006623322256,31.29291010177326,226.31674,0.47497166498897847
Ki_1_57,7,4559,3637,3.4606743000247033,11.976266610851464,42.855453,0.1753400768242671
Ki_1_57,7,4559,3638,5.288849023680754,27.971923995288876,127.37513,0.2877992299609169
Ki_1_57,7,4559,3639,4.753527926799913,22.596027750866668,92.591705,0.47261711258283684
Ki_1_57,7,4559,3640,5.795336256435839,33.58592232515978,188.8464,0.6260341933862796
Ki_1_57,7,4559,3641,4.156069878157741,17.272916832130093,66.33107,0.11169744091678321
Ki_1_57,7,4559,3642,4.885100021674455,23.86420222176376,115.944824,0.4388198745814399
Ki_1_57,7,4559,3643,4.490266892150003,20.16249676273845,147.58305,0.07961945451566486
Ki_1_57,7,4559,3644,5.618969260500333,31.57281555044765,152.23021,0.5363422890211254
Ki_1_57,7,4559,3645,5.062354304381952,25.62743110309449,100.46016,0.48950238719156247
Ki_1_57,7,4559,3646,7.505141157240811,56.327143790109936,281.4732,0.7694818330918216
Ki_1_57,7,4559,3647,5.9590880173620615,35.51072999866809,306.92712,0.6213666267932083
Ki_1_57,7,4559,3648,8.09715173476308,65.56386621577676,555.6913,0.8688908408803625
Ki_1_57,7,4559,3649,8.284437068008208,68.63189753378842,476.63684,0.700476160857825
Ki_1_57,7,4559,3650,6.827125140297486,46.609637681281974,238.91754,0.8249972215851649
Ki_1_57,7,4559,3651,5.440967200006954,29.604124071551514,217.77597,0.671049295523815
Ki_1_57,7,4559,3652,5.196718696594339,27.00588521153317,221.31836,0.5956257780353876
Ki_1_57,7,4559,3653,4.010645842953666,16.08528007760152,148.83328,0.33922266111889027
Ki_1_57,7,4559,3654,4.612732333848351,21.277299583730052,60.577045,0.5713860607128699
Ki_1_57,7,4559,3655,4.483530323952827,20.102044165804543,62.40163,0.5613080405301974
Ki_1_57,7,4559,3656,4.090352227894978,16.730981348245408,109.142166,0.26082006083464016
Ki_1_57,7,4559,3657,3.086258762536311,9.524993149332158,6.3120985,0.2637840949871883
Ki_1_57,7,4559,3658,4.744381149142547,22.50915248833915,177.60727,0.5147197922884347
Ki_1_57,7,4559,3659,4.543435584732534,20.642806912613864,251.97452,0.5569319730579863
Ki_1_57,7,4559,3660,6.182018713670807,38.217355376176066,193.78806,0.3801279580141291
Ki_1_57,7,4559,3661,6.545301874814733,42.84097663245325,82.97774,0.6071126911786024
Ki_1_57,7,4559,3662,4.677483534770987,21.878852218053694,235.14244,0.33747433200978694
Ki_1_57,7,4559,3663,6.2671550542806225,39.277232474395156,374.0773,0.5787087594907877
Ki_1_57,7,4559,3664,5.9558908372842225,35.47263566564615,110.45497,0.4694048883000052
Ki_1_57,7,4559,3665,5.6802665021857,32.26542753585296,205.03807,0.5913360663085574
Ki_1_57,7,4559,3666,4.343830182015165,18.868860650185898,224.70033,0.6040345269621782
Ki_1_57,7,4559,3667,8.189506249978539,67.06801261843759,377.75342,0.6876740026929581
Ki_1_57,7,4559,3668,4.657774246454877,21.694860930938294,147.87897,0.4444265887069573
Ki_1_57,7,4559,3669,5.137386345997066,26.392738468037074,191.05136,0.7193303146447745
Ki_1_57,7,4559,3670,6.429940422133146,41.34413383218179,180.28087,0.6042376347512965
Ki_1_57,7,4559,3671,4.791938495468802,22.962674544355817,99.82268,0.4407579126550738
Ki_1_57,7,4559,3672,5.244337290220836,27.50307361360083,309.24414,0.47282820248554625
Ki_1_57,7,4559,3673,3.523518141990919,12.41518009693914,89.29856,0.16998090416902825
Ki_1_57,7,4559,3674,6.064288346531091,36.775593149872805,155.16916,0.34939408873795713
Ki_1_57,7,4559,3675,4.593519834956097,21.100424474135092,157.48575,0.31162339165649805
Ki_1_57,7,4559,3676,4.616734879942309,21.31424095167594,67.51892,0.11010204197066954
Ki_1_57,7,4559,3677,5.064846182389126,25.65266685126171,192.02399,0.26852581600265674
Ki_1_57,7,4559,3678,6.500706029141516,42.25917887731683,339.3932,0.7843526064525647
Ki_1_57,7,4559,3679,3.7314584045938046,13.923781825213743,20.026047,0.2791661047339943
Ki_1_57,7,4559,3680,3.8490660550912055,14.815309496455379,140.22601,0.2391473605952468
Ki_1_57,7,4559,3681,4.779206170756151,22.840811622593677,76.24354,0.4867100554497727
Ki_1_57,7,4559,3682,5.3473141127227155,28.593768220123522,175.87762,0.3674767163120642
Ki_1_57,7,4559,3683,6.504024487745728,42.30233453719607,346.10104,0.4970108471138537
Ki_1_57,7,4559,3684,5.332428807991217,28.434796992294626,22.765858,0.3724526921581074
Ki_1_57,7,4559,3685,4.96093929796167,24.610918718060432,43.00664,0.3984583618542875
Ki_1_57,7,4559,3686,5.831954887410844,34.01169780879522,206.71956,0.2694054405450909
Ki_1_57,7,4559,3687,4.049225397672853,16.396226321158874,35.61845,0.4349796960552703
Ki_1_57,7,4559,3688,5.623610281146694,31.624992594218792,208.9309,0.5401701165640136
Ki_1_57,7,4559,3689,6.371791992708976,40.599733198350236,263.52457,0.3551549237533829
Ki_1_57,7,4559,3690,4.816821479330197,23.201769163736735,158.74767,0.27960898673759665
Ki_1_57,7,4559,3691,4.882491657209675,23.83872478272207,198.93886,0.23291105612144686
Ki_1_57,7,4559,3692,3.9429371151312935,15.54675309387988,13.311926,0.18573517012764246
Ki_1_57,7,4559,3693,5.83044752657815,33.994118360181275,140.05936,0.7160535419074688
Ki_1_57,7,4559,3694,7.0581696995147025,49.817759507147464,369.15845,0.6008957537392764
Ki_1_57,7,4559,3695,6.987812606223834,48.82952501970073,119.0458,0.6323176609927654
Ki_1_57,7,4559,3696,5.75638757219062,33.135997881270605,366.82285,0.5490361056781685
Ki_1_57,7,4559,3697,5.3138652233737,28.237163612180428,37.688583,0.49221515309779895
Ki_1_57,7,4559,3698,5.502252677530586,30.274784527392505,95.00585,0.5326032559042733
Ki_1_57,7,4559,3699,5.8553543866284645,34.28517499300919,236.99817,0.6067120075846719
Ki_1_57,7,4559,3700,4.270090403221137,18.233672051681253,97.90973,0.472599102219229
Ki_1_57,7,4559,3701,5.986788028780154,35.841630901545365,406.23834,0.5651850062556916
Ki_1_57,7,4559,3702,6.47793134891875,41.963594561304284,238.4159,0.7502427667656125
Ki_1_57,7,4559,3703,6.708146413176283,44.999228300609836,250.25427,0.5193734340487166
Ki_1_57,7,4559,3704,5.393262208765778,29.08727725250111,111.380295,0.37449344885015273
Ki_1_57,7,4559,3705,5.644998211879428,31.86600481212195,266.35562,0.4465174924027969
Ki_1_57,7,4559,3706,6.441305598433963,41.4904178124167,267.29297,0.5161910607922942
Ki_1_57,7,4559,3707,4.475623484263553,20.031205572891423,150.05229,0.29659495846005546
Ki_1_57,7,4559,3708,4.843373941904804,23.458271141122466,134.86096,0.24756374941071502
Ki_1_57,7,4559,3709,5.94036866470921,35.287979872659065,201.66634,0.7503414951253446
Ki_1_57,7,4559,3710,4.461480174116846,19.904805344037683,106.57864,0.1912548127001445
Ki_1_57,7,4559,3711,5.8243507547870434,33.92306171478839,341.36697,0.5046341460614018
Ki_1_57,7,4559,3712,5.032813969239989,25.329216448977167,182.54388,0.2606104967630985
Ki_1_57,7,4559,3713,4.18310916422243,17.498402279801674,51.45335,0.21395754842377113
Ki_1_57,7,4559,3714,5.486836127642187,30.1053706915995,91.05472,0.2695167385343267
Ki_1_57,7,4559,3715,3.4337148983090517,11.790398002869537,51.12131,0.16894262798432944
Ki_1_57,7,4559,3716,6.326791379664358,40.02828916179523,359.65103,0.706830627931592
Ki_1_57,7,4559,3717,4.777838708666631,22.82774272603322,131.55731,0.2763326733594617
Ki_1_57,7,4559,3718,3.7283346925500855,13.90047957967254,66.01344,0.11483160549501067
Ki_1_57,7,4559,3719,4.383632987970327,19.21623817322166,102.217285,0.14047062375565492
Ki_1_57,7,4559,3720,4.570230804872868,20.887009609808906,310.9111,0.6352204645961436
Ki_1_57,7,4559,3721,4.9660209703846965,24.66136427830056,106.88766,0.45552742894641385
Ki_1_57,7,4559,3722,5.690506613495118,32.38186551823168,132.31133,0.21168708623472998
Ki_1_57,7,4559,3723,5.385809795606946,29.006947154455734,278.96127,0.49386576127454673
Ki_1_57,7,4559,3724,4.612072054014194,21.271208631418713,56.029716,0.14173853715560591
Ki_1_57,7,4559,3725,4.998052889164451,24.980532682885123,55.14436,0.25724947189787073
Ki_1_57,7,4559,3726,5.288105670700419,27.964061584493933,182.03616,0.5473769732626057
Ki_1_57,7,4559,3727,5.063957538157127,25.64366594825839,34.189747,0.4405411092775856
Ki_1_57,7,4559,3728,4.939676797187063,24.400406860668255,171.8366,0.5548598133014822
Ki_1_57,7,4559,3729,3.942458471656741,15.542978800738007,50.978397,0.1145630805523219
Ki_1_57,7,4559,3730,3.7467368191728134,14.038036792145208,10.387611,0.1123715701711135
Ki_1_57,7,4559,3731,4.168553045770556,17.376834495402985,280.32053,0.24837327735846537
Ki_1_57,7,4559,3732,4.523595095277531,20.46291258601894,104.68813,0.4003420588649168
Ki_1_57,7,4559,3733,4.178129166748639,17.456763334035685,95.31515,0.25595467671603483
Ki_1_57,7,4559,3734,4.675033283499909,21.85593620183194,31.92556,0.30199583406884567
Ki_1_57,7,4559,3735,5.1320348416085775,26.337781615484367,107.55918,0.551134025689718
Ki_1_57,7,4559,3736,4.428474620117871,19.611387461028126,247.195,0.25881830005871015
Ki_1_57,7,4559,3737,3.671925613329358,13.483037709824185,136.24976,0.38743961099808705
Ki_1_57,7,4559,3738,6.028184780064777,36.33901174260462,138.09808,0.23623144601478552
Ki_1_57,7,4559,3739,4.229016139769226,17.884577510428617,21.81572,0.33377839914524654
Ki_1_57,7,4559,3740,4.903052118284689,24.039920074615974,183.63992,0.5713996132101952
Ki_1_57,7,4559,3741,4.976275804687202,24.763320884315274,273.81573,0.5761691254099364
Ki_1_57,7,4559,3742,6.045519977009313,36.54831179241869,296.50662,0.7085573092968425
Ki_1_57,7,4559,3743,5.077027247351701,25.776205670351587,144.65166,0.4947676802450648
Ki_1_57,7,4559,3744,4.31383776468024,18.60919625998142,195.91646,0.3386748413073627
Ki_1_57,7,4559,3745,5.135585852894687,26.374242052452054,135.1241,0.34444793910439336
Ki_1_57,7,4559,3746,3.982217936058919,15.858059690269355,30.349352,0.13423923060736812
Ki_1_57,7,4559,3747,4.0803793561652215,16.64949569021932,92.17216,0.4009095456240065
Ki_1_57,7,4559,3748,4.664709903986948,21.759518488353923,149.2648,0.1694920099714207
Ki_1_57,7,4559,3749,6.3460239485037055,40.27201995498257,322.45325,0.700821240397749
