sequence_name,task_id,seed,frame,rg,rg_sq,ree_sq,asphericity
NTail,14,4937,0,3.9453640087878523,15.56589716183855,195.46371,0.7501629585790625
NTail,14,4937,1,3.5806465168958552,12.821029478958419,84.765076,0.34970938796941997
NTail,14,4937,2,3.4076870263198513,11.61233086934863,54.37059,0.5811508700396172
NTail,14,4937,3,3.0476872610395453,9.288397641102724,27.676092,0.12655899919816896
NTail,14,4937,4,3.5045405140742325,12.281804214787686,86.22828,0.6349464399858297
NTail,14,4937,5,2.9199594288046278,8.526163065865049,40.379227,0.3623786912029142
NTail,14,4937,6,3.125747148363012,9.770295235499507,61.71985,0.3956248045471986
NTail,14,4937,7,2.87383647345054,8.258936076134637,47.288803,0.2926763693037181
NTail,14,4937,8,2.0621839102343897,4.252602479629596,8.934664,0.1467915279770073
NTail,14,4937,9,3.530472346097193,12.464234986557015,27.835274,0.2995093596380134
NTail,14,4937,10,2.417922396435678,5.846348715185251,21.3747,0.17073383107561707
NTail,14,4937,11,2.918915561911852,8.520068057571184,49.964546,0.24687497688326737
NTail,14,4937,12,3.582448516144039,12.833937370822627,69.12321,0.5292129287671015
NTail,14,4937,13,2.953638519391773,8.723980503234824,84.674545,0.35259533131322707
NTail,14,4937,14,3.45899276914283,11.964630976982388,69.965,0.26683683805212105
NTail,14,4937,15,2.956263356091465,8.739493030569173,46.22643,0.25083869775655526
NTail,14,4937,16,2.8733693576279613,8.256251465355325,67.95333,0.2701918074881752
NTail,14,4937,17,2.4409358878222,5.958168008458351,9.487678,0.42347788503250217
NTail,14,4937,18,2.9313080497765402,8.592566882684745,38.498646,0.13877378609188953
NTail,14,4937,19,3.5822563814276576,12.832560782279177,67.49783,0.46105110034039665
NTail,14,4937,20,3.091210112125084,9.555579957304376,75.24713,0.3608003658175863
NTail,14,4937,21,3.4777149229436803,12.09450108526517,33.086395,0.635511056711479
NTail,14,4937,22,2.9601111721349933,8.762258151398402,47.454952,0.42686945981469593
NTail,14,4937,23,3.874557036665589,15.012192230374827,166.3416,0.7282221648806028
NTail,14,4937,24,5.22177746898966,27.26695993564805,230.74603,0.6827121526533826
NTail,14,4937,25,2.7986694742814633,7.832550826274881,68.93858,0.41908553866506826
NTail,14,4937,26,2.8731738906202517,8.255128205741915,31.148233,0.5710123545610608
NTail,14,4937,27,3.613038978309556,13.05405065878416,74.78134,0.5753882293124774
NTail,14,4937,28,3.529075299896734,12.454372472341221,62.948963,0.4198467681058793
NTail,14,4937,29,2.24980049228088,5.061602255067291,24.27277,0.2202457680983147
NTail,14,4937,30,4.325238488199923,18.707687979805954,193.11627,0.8105027797135009
NTail,14,4937,31,2.984522433525212,8.907374156215253,65.47974,0.3451572963259671
NTail,14,4937,32,3.069936714582038,9.424511431538757,56.29367,0.5920799028653358
NTail,14,4937,33,3.1806530659592003,10.116553925995659,102.57207,0.4867468021901401
NTail,14,4937,34,3.4252258850576878,11.732172363669221,41.409225,0.5338107369546934
NTail,14,4937,35,4.7173913558566625,22.25378120431117,233.21733,0.6794718988467272
NTail,14,4937,36,2.338656689734084,5.469315112437983,18.733566,0.200094466449238
NTail,14,4937,37,3.341362416113237,11.164702795814089,82.51755,0.3387118780436228
NTail,14,4937,38,4.067701385538963,16.546194561915602,77.84743,0.5576458787298096
NTail,14,4937,39,2.7913663729149203,7.791726227840199,7.496149,0.2174943168413876
NTail,14,4937,40,2.9985636099753976,8.991383723068688,71.511856,0.4023321272318311
NTail,14,4937,41,4.332634840303312,18.771724659410104,156.90094,0.5400026093779892
NTail,14,4937,42,3.530146112983693,12.46193157901388,60.579914,0.6199994569887968
NTail,14,4937,43,3.535574415852326,12.500286450029519,65.887146,0.5105069092859669
NTail,14,4937,44,2.474430485681893,6.1228062284719265,25.499582,0.22247872618549697
NTail,14,4937,45,3.252386364513174,10.578017064071219,12.286084,0.6860799759283811
NTail,14,4937,46,2.738450069803214,7.4991087848052285,13.613806,0.20312516415891874
NTail,14,4937,47,2.269223987266462,5.149377504385497,22.6155,0.29116793201083446
NTail,14,4937,48,2.9086921720262944,8.460490151607042,73.154205,0.5169892693455103
NTail,14,4937,49,3.6062356237011324,13.004935373651097,98.41767,0.5147905777334769
NTail,14,4937,50,4.038801851622938,16.311920396672864,94.09981,0.35495156968422104
NTail,14,4937,51,3.0487666293608044,9.294977960304042,32.22678,0.38879167287907457
NTail,14,4937,52,2.9649519257293337,8.790939921886086,53.51104,0.19007704431731137
NTail,14,4937,53,3.0121393687263027,9.07298357663089,42.448647,0.34044134655130054
NTail,14,4937,54,2.678813162440594,7.176039959264977,42.336296,0.2819903668788226
NTail,14,4937,55,3.2723842419940268,10.70849862725082,69.21626,0.20798601990999366
NTail,14,4937,56,2.7986116221832438,7.832227011819128,26.904692,0.2541046126870944
NTail,14,4937,57,3.598395790288056,12.948452263562796,56.136055,0.3400905807003825
NTail,14,4937,58,4.427776578088958,19.605205425473162,130.55093,0.7290826597717193
NTail,14,4937,59,3.6969073518906495,13.667123968463137,114.39802,0.5944620214470132
NTail,14,4937,60,3.168670416107516,10.040472205914982,66.784904,0.5953488753696273
NTail,14,4937,61,4.037252916234562,16.299411109644474,82.84557,0.6612612503217751
NTail,14,4937,62,3.448118639446263,11.889522151696744,118.03934,0.6077417481005257
NTail,14,4937,63,2.664895891350739,7.101670111738049,51.659782,0.15102473329342597
NTail,14,4937,64,3.2548859325140014,10.59428243367754,26.449804,0.31126117852858676
NTail,14,4937,65,2.5007953912806524,6.253977589050552,37.563606,0.16984129390013702
NTail,14,4937,66,2.9257083431537145,8.559769309199252,21.723099,0.21458431499925035
NTail,14,4937,67,3.730132094529016,13.913885442635419,99.43532,0.6392831119965211
NTail,14,4937,68,4.593587639629688,21.101047402958653,89.66606,0.6802997567668325
NTail,14,4937,69,4.069851874461988,16.56369428006176,110.69403,0.5344530519812203
NTail,14,4937,70,3.003960841363352,9.023780736444413,57.162506,0.2181012463551797
NTail,14,4937,71,2.743065146245978,7.524406396549468,86.17084,0.47286178424837844
NTail,14,4937,72,3.6687158397538275,13.45947591286063,58.81485,0.41044721430270714
NTail,14,4937,73,2.520677495563831,6.353815036641947,5.7002764,0.22146572649644303
NTail,14,4937,74,2.9589100028402417,8.755148404908041,54.95791,0.22614963687625345
NTail,14,4937,75,3.1126203440252973,9.68840540604016,35.308624,0.5504624516836006
NTail,14,4937,76,3.559136089772886,12.66744970552383,62.327538,0.3619909994122822
NTail,14,4937,77,2.361774661541987,5.577979551901766,39.439983,0.11298185001764278
NTail,14,4937,78,2.5795643902146304,6.654152443263381,26.806868,0.29846880298753775
NTail,14,4937,79,3.9781576555241354,15.825738332205287,155.74376,0.5884534801340923
NTail,14,4937,80,5.205468178981715,27.09689896239121,211.96054,0.6817813779807559
NTail,14,4937,81,3.8554349977858253,14.86437902215179,86.89937,0.4429824855807616
NTail,14,4937,82,3.30570839665892,10.92770800374129,73.97464,0.2207322559310106
NTail,14,4937,83,3.436049075385525,11.80643324845772,63.543053,0.5790848222576989
NTail,14,4937,84,2.7989816565626406,7.834298313774144,43.788307,0.3536350076889978
NTail,14,4937,85,3.242897650796591,10.51638517354205,48.0808,0.3775753349283338
NTail,14,4937,86,3.78658456994687,14.338222705359724,151.07541,0.7488523694893683
NTail,14,4937,87,3.1231677952745556,9.754177077440128,78.190636,0.3204064403628461
NTail,14,4937,88,3.704345121933023,13.72217278238898,95.538055,0.5647704738306614
NTail,14,4937,89,4.761021606164091,22.667326734361296,263.93698,0.8314883197533934
NTail,14,4937,90,4.606202615000556,21.217102530437966,127.60048,0.624513121024154
NTail,14,4937,91,3.2949443016820954,10.856657951187316,63.528946,0.46121616800366055
NTail,14,4937,92,3.6039572453686772,12.988507826445378,108.382126,0.2955524539394016
NTail,14,4937,93,2.7225032219250753,7.4120237933924145,75.67631,0.20940576541536346
NTail,14,4937,94,2.5219569408555262,6.360266811529365,41.036816,0.10987206373665351
NTail,14,4937,95,2.6332772948950947,6.934149311810028,79.728836,0.3339758384576537
NTail,14,4937,96,3.492171051818579,12.195258655159682,16.902588,0.3455355244726229
NTail,14,4937,97,2.8412085799069366,8.072466194536792,43.929043,0.49373280274103853
NTail,14,4937,98,3.0425139642777355,9.25689122282502,62.646202,0.2607282169882367
NTail,14,4937,99,3.5562222562857873,12.646716736102377,73.94704,0.4790163400761597
NTail,14,4937,100,2.7584784632844572,7.609203432404181,22.319374,0.35606443257317677
NTail,14,4937,101,3.4995702263559414,12.246991769196972,113.62556,0.6036986082292676
NTail,14,4937,102,2.4167216582874276,5.840543573635534,53.40845,0.08903763418338881
NTail,14,4937,103,3.4424764586804546,11.85064416856913,66.88574,0.15400137059554997
NTail,14,4937,104,3.6261973483578376,13.14930720923742,26.163887,0.6860306201718733
NTail,14,4937,105,3.819085321213765,14.585412690710447,68.3189,0.4615315233453804
NTail,14,4937,106,2.5549698185365135,6.527870773632506,22.010876,0.33784419936864685
NTail,14,4937,107,2.7927922957059645,7.799688806954592,39.54687,0.0958570259970285
NTail,14,4937,108,3.6011737916192295,12.96845267744522,107.55632,0.6327348224795131
NTail,14,4937,109,2.8533706139330794,8.141723860456839,43.514618,0.17182003543193428
NTail,14,4937,110,3.0565824807225734,9.342696461460159,76.511795,0.33705307363788783
NTail,14,4937,111,3.4228216052396156,11.7157077412951,40.49256,0.47329805324121343
NTail,14,4937,112,3.1529864365665117,9.941323469172392,43.549625,0.6469854985525836
NTail,14,4937,113,3.9339822163903344,15.476216078875405,68.53566,0.3315457358076679
NTail,14,4937,114,3.7183961217454704,13.826469718211754,152.98926,0.59806999780704
NTail,14,4937,115,2.7308077035586087,7.457310713815041,29.659489,0.21509936549157788
NTail,14,4937,116,2.8867641924298773,8.333407502695318,8.951278,0.26424031108128976
NTail,14,4937,117,3.134591555051245,9.825664216998584,34.965538,0.5600782748069756
NTail,14,4937,118,2.6746853399037462,7.15394166749602,22.158329,0.5195946213221107
NTail,14,4937,119,3.2756500483507565,10.729883239260317,61.244915,0.389285830345343
NTail,14,4937,120,2.3838062237797195,5.682532112530925,17.260712,0.1177633248074937
NTail,14,4937,121,2.990674713896989,8.944135244342837,23.087166,0.5556798066718344
NTail,14,4937,122,2.827761004347229,7.996232297706851,40.025295,0.2168948110064448
NTail,14,4937,123,2.618475189384612,6.85641231742278,19.599308,0.2892740370304234
NTail,14,4937,124,2.7868080717656083,7.766299228857948,53.17858,0.20459214746245014
NTail,14,4937,125,2.469221645439691,6.097055534307894,8.472532,0.1406550592802455
NTail,14,4937,126,2.097561072353362,4.399762452252189,8.120329,0.07272710687130715
NTail,14,4937,127,3.59589125910513,12.930433947308671,76.15305,0.5296079421399087
NTail,14,4937,128,4.068312595975637,16.551167378574025,93.15908,0.5277240462554498
NTail,14,4937,129,2.796062961543507,7.817968084915446,49.520073,0.422993849762745
NTail,14,4937,130,3.5672024220714125,12.724933120032153,136.89337,0.44505069126474156
NTail,14,4937,131,3.0470161952199653,9.284307693932751,45.15993,0.05623115567822876
NTail,14,4937,132,2.78093341980994,7.733590685415807,39.40762,0.3127947427497183
NTail,14,4937,133,4.040497021050646,16.325616177119148,150.4466,0.695661105453873
NTail,14,4937,134,3.720153547279955,13.839542415339631,55.84381,0.6814479464811192
NTail,14,4937,135,4.506996271207518,20.313015388678476,117.80467,0.615090019922814
NTail,14,4937,136,4.577045674761057,20.949347108848897,124.57205,0.7424842229848294
NTail,14,4937,137,2.699650183114675,7.2881111111911006,29.233637,0.2757705199050086
NTail,14,4937,138,3.0870585278427467,9.529930354326627,32.51977,0.29906751366350487
NTail,14,4937,139,2.4563894357965155,6.033849060292723,7.5666165,0.19115063452788858
NTail,14,4937,140,3.5578005164214335,12.657944514648618,97.98316,0.7101466938364334
NTail,14,4937,141,4.381302707623635,19.195813415830195,75.74454,0.6081252586156913
NTail,14,4937,142,3.790923635804611,14.37110201250205,21.634045,0.3206313957622026
NTail,14,4937,143,2.588087013804972,6.698194391025937,46.450684,0.16031124339809535
NTail,14,4937,144,4.4833213950462225,20.100170731279203,182.67885,0.4924791570862198
NTail,14,4937,145,3.9606689238159913,15.68689832408172,119.49352,0.5317584762781201
NTail,14,4937,146,4.419655032149094,19.53335060320081,191.95364,0.8301661391549815
NTail,14,4937,147,5.49662775821046,30.212916712329758,264.1222,0.7262638981335308
NTail,14,4937,148,3.20834370847446,10.293469351707651,103.28294,0.18400443847816497
NTail,14,4937,149,2.642787430643518,6.984325403567369,16.263592,0.43840407959855476
NTail,14,4937,150,2.686406956275793,7.216782334726974,69.26493,0.24910165409503715
NTail,14,4937,151,3.2166984078068905,10.347148646787385,8.83819,0.39344635195125266
NTail,14,4937,152,3.559163861340904,12.667647391875091,99.387535,0.27093833519794813
NTail,14,4937,153,4.042276609135116,16.340000184760893,55.793633,0.5746019443880115
NTail,14,4937,154,3.0092359060638443,9.055500738343886,20.37294,0.295498954381102
NTail,14,4937,155,3.9812220358270785,15.850128898555106,145.14442,0.5703143885632381
NTail,14,4937,156,3.2308535827665956,10.438414873275745,30.446064,0.3396482769226589
NTail,14,4937,157,2.3753697385052925,5.6423813946067005,8.745174,0.321401815772977
NTail,14,4937,158,3.1709428218395455,10.054878379375738,105.602234,0.37155841603897777
NTail,14,4937,159,3.2913404367057026,10.832921870294088,29.868011,0.20255149201415848
NTail,14,4937,160,2.466370629898599,6.082984084026412,13.713551,0.2858406132423734
NTail,14,4937,161,3.0998989867383986,9.609373727981751,27.390656,0.1693173935700813
NTail,14,4937,162,3.5232396572345683,12.413217682310355,80.00033,0.2973326915491782
NTail,14,4937,163,2.91808182865572,8.51520155873071,33.131134,0.3452608876542297
NTail,14,4937,164,2.372673607051183,5.629580045597272,25.01977,0.3326892828108181
NTail,14,4937,165,2.845860514242627,8.09892206652531,34.334427,0.24119251854792412
NTail,14,4937,166,3.23218149966593,10.446997246782702,124.86027,0.2743341057427921
NTail,14,4937,167,3.6619263847875527,13.409704847603237,45.66065,0.3077442721122787
NTail,14,4937,168,2.901338544335232,8.41776534884528,31.105429,0.059056438951849574
NTail,14,4937,169,2.4920414072008445,6.2102703752035655,56.35298,0.335299641367042
NTail,14,4937,170,3.451837607306251,11.915182867213746,63.257736,0.25550759371337517
NTail,14,4937,171,2.7572391081184064,7.602367499337584,56.374115,0.336955536481896
NTail,14,4937,172,2.8018332056516573,7.850269312292238,81.97597,0.2749065025977582
NTail,14,4937,173,4.101264254288724,16.82036848350645,158.65695,0.44137951836595224
NTail,14,4937,174,4.131898267362064,17.07258329182963,163.15347,0.6842709246248153
NTail,14,4937,175,4.047385244259474,16.38132731544933,44.895123,0.4195172588511866
NTail,14,4937,176,3.243420908474206,10.519779189527647,41.99978,0.5004256347824432
NTail,14,4937,177,2.7554220355762546,7.592350594139187,75.148926,0.2177940457762437
NTail,14,4937,178,2.9368364279837857,8.625008204732563,6.9832315,0.23358875854729355
NTail,14,4937,179,4.237250659332977,17.954293150017754,63.641777,0.5362512002286008
NTail,14,4937,180,2.475400207921501,6.1276061893778095,21.273937,0.1780144556990284
NTail,14,4937,181,3.461578619241408,11.982526537189255,38.42159,0.38461538543517965
NTail,14,4937,182,2.521581918506914,6.358375371741009,41.256924,0.08435683524393084
NTail,14,4937,183,2.6392807324530327,6.965802784697818,23.504824,0.13283939785345716
NTail,14,4937,184,3.4508006762923173,11.908025307499516,55.318733,0.28435027913778244
NTail,14,4937,185,2.2273588388403542,4.96112739696025,8.238667,0.23050930279555806
NTail,14,4937,186,3.051029329273255,9.308779968085608,38.22442,0.36453109969318004
NTail,14,4937,187,3.671620242503191,13.480795205159195,65.586494,0.5284355040722397
NTail,14,4937,188,3.2092233235721266,10.299114340559328,67.15642,0.5615874242054192
NTail,14,4937,189,2.5463687073797634,6.4839935939228885,16.546774,0.15633793818054217
NTail,14,4937,190,2.6125628247400923,6.8254845132139295,12.173685,0.3136811372192796
NTail,14,4937,191,3.4409435031616606,11.840092191950442,36.42771,0.15865454611661428
NTail,14,4937,192,2.192550164287612,4.807276222917635,23.286566,0.11661944990251566
NTail,14,4937,193,2.951891703595064,8.713664629753367,21.416882,0.22403708220891888
NTail,14,4937,194,2.700985837321559,7.295324493411645,21.656443,0.14956597991084833
NTail,14,4937,195,3.2400424955975917,10.497875373278271,85.65402,0.181024386032289
NTail,14,4937,196,4.016619590288126,16.133232933086354,158.6797,0.754285826835045
NTail,14,4937,197,2.507325170120056,6.28667950871757,18.359612,0.3160158889200746
NTail,14,4937,198,2.9112555899373667,8.475409109941566,16.646015,0.09967439569130801
NTail,14,4937,199,3.1112111193742584,9.679634629318025,27.395771,0.32840872685905226
NTail,14,4937,200,3.4776840460077114,12.094286323856563,48.503357,0.4077238571277516
NTail,14,4937,201,3.7182135365811333,13.825111903615175,43.997486,0.5536165180966461
NTail,14,4937,202,2.9678806715792114,8.808315680733468,26.109674,0.09666669354431315
NTail,14,4937,203,2.7644841274200265,7.642372490757267,23.164673,0.42471197660915644
NTail,14,4937,204,2.069765231489609,4.283928113483235,23.748379,0.05643173685654954
NTail,14,4937,205,4.008654298744444,16.069309286842316,142.77382,0.21865579701136545
NTail,14,4937,206,3.5520997627695814,12.617412724667716,38.351147,0.4809872268207507
NTail,14,4937,207,2.9338016055013107,8.607191860442068,51.972485,0.3221804581142074
NTail,14,4937,208,3.601077990041981,12.967762690364797,137.69714,0.5508453135633594
NTail,14,4937,209,2.928397630089646,8.575512679914654,19.854029,0.4924466392068418
NTail,14,4937,210,3.2687227977611326,10.68454872860337,26.016409,0.3806879340183126
NTail,14,4937,211,3.676891268482959,13.519529400246222,77.53876,0.6331925508573999
NTail,14,4937,212,2.627220111087978,6.902285512105128,15.960135,0.5381093495362048
NTail,14,4937,213,3.028753895438741,9.173350159135346,20.36915,0.2347590112880778
NTail,14,4937,214,2.6151415663729978,6.838965412171817,55.31938,0.235320380318585
NTail,14,4937,215,2.705050829086363,7.317299987940821,59.2923,0.24969992322988777
NTail,14,4937,216,3.3242480734186977,11.050625253627924,148.39763,0.38891699850416117
NTail,14,4937,217,2.6052681841396392,6.7874223112902525,69.42227,0.2675506853877457
NTail,14,4937,218,2.9140126610211077,8.491469788591317,14.268082,0.5154183377777519
NTail,14,4937,219,2.534273360314813,6.422541464801334,15.49925,0.15612701587952832
NTail,14,4937,220,3.0899619084151464,9.547864595456572,70.308075,0.4567602423815986
NTail,14,4937,221,3.278414020706199,10.747998491162987,63.382545,0.7093633973647806
NTail,14,4937,222,2.4387625540769946,5.947562795168148,31.687574,0.25694336118895644
NTail,14,4937,223,3.5367640107519343,12.508699667750108,91.48968,0.4109620574734999
NTail,14,4937,224,2.952428213076506,8.716832353370128,73.71568,0.2579014382335718
NTail,14,4937,225,3.496107272894393,12.222766063585071,48.897278,0.3564978377542111
NTail,14,4937,226,2.9844367756938213,8.906862868113732,65.41187,0.2806043772044821
NTail,14,4937,227,3.6267821866723,13.153549029563512,90.00984,0.5686985023792122
NTail,14,4937,228,4.418769927526161,19.525527672409552,93.142624,0.4435449268414327
NTail,14,4937,229,4.323889882347629,18.69602371466819,145.80893,0.6100263363994843
NTail,14,4937,230,4.431737818349533,19.640300090589474,107.86276,0.3893945278834152
NTail,14,4937,231,3.1513170246377973,9.93079898977202,54.91167,0.3713077171528754
NTail,14,4937,232,3.31361174380732,10.98002278869779,104.71059,0.4609742145296547
NTail,14,4937,233,2.900894168043141,8.415186974186703,7.513173,0.4788244592888178
NTail,14,4937,234,3.014566667917954,9.08761219532196,31.223755,0.3949508133938223
NTail,14,4937,235,3.114009823120503,9.697057178490988,88.993,0.42684813905947505
NTail,14,4937,236,3.766800348968988,14.188784868992887,92.58245,0.6506516870535265
NTail,14,4937,237,3.0579486720309963,9.351050080776137,42.546738,0.6394602747335959
NTail,14,4937,238,3.95192933222819,15.617745446925548,130.36702,0.33541966518469485
NTail,14,4937,239,3.9096909266243935,15.285683141729109,71.98365,0.6932555625493328
NTail,14,4937,240,4.492003302780222,20.178093672188417,153.10596,0.7406394323547196
NTail,14,4937,241,3.283774104068811,10.783172366552922,69.52343,0.4015555198541073
NTail,14,4937,242,3.9006627958954083,15.215170247282584,143.32191,0.5419582866653184
NTail,14,4937,243,2.8535533338202472,8.14276662895665,44.12807,0.2071888587184226
NTail,14,4937,244,3.457857027891603,11.956775225339351,70.265045,0.3743767422764896
NTail,14,4937,245,2.617130756468869,6.849373396455315,35.382988,0.20034927717728068
NTail,14,4937,246,2.638445811746666,6.9613963015235205,53.207115,0.44237607558564246
NTail,14,4937,247,4.215276119900212,17.768552767000987,159.0181,0.5150173623020955
NTail,14,4937,248,3.906514300783767,15.260853982228081,164.07051,0.7305987154550342
NTail,14,4937,249,3.794428873255245,14.397690474193062,97.77555,0.6922789311260841
NTail,14,4937,250,3.913464223920078,15.315202231902376,118.19685,0.694384110732406
NTail,14,4937,251,4.311026470868661,18.584949232530306,97.98716,0.6785913970839355
NTail,14,4937,252,3.763144759076388,14.161258477764086,87.344284,0.5555983492207182
NTail,14,4937,253,2.6194797225149493,6.861674016666996,45.429737,0.414960661229509
NTail,14,4937,254,3.869809900827258,14.975428668540676,105.46687,0.5048851143132803
NTail,14,4937,255,2.848039724975361,8.11133027503773,47.842995,0.3083587712266581
NTail,14,4937,256,2.4250965205926347,5.881093134190503,34.740997,0.2348100696069959
NTail,14,4937,257,2.2597895552526115,5.106648834028796,37.943676,0.29500571106776796
NTail,14,4937,258,2.8425424704513684,8.080047696319768,75.784195,0.269117980273347
NTail,14,4937,259,3.456279512474274,11.945868068349409,49.052765,0.2746151654096592
NTail,14,4937,260,3.0153308801809167,9.09222031697262,21.198044,0.253423664492192
NTail,14,4937,261,2.539235860461674,6.447718755054537,37.479656,0.2674948239723396
NTail,14,4937,262,2.3863426020430234,5.694631014325465,59.670937,0.3848981003161705
NTail,14,4937,263,3.0381889061877603,9.230591829682378,36.54932,0.4665136977131591
NTail,14,4937,264,2.492429077254249,6.212202705142465,26.111694,0.17214368380108508
NTail,14,4937,265,2.444467517131902,5.975421442313007,24.04631,0.0974224457420427
NTail,14,4937,266,2.2802566488181353,5.199570384479313,33.297928,0.1926511063681946
NTail,14,4937,267,3.4985855564339308,12.240100895688116,74.21669,0.42009094241652556
NTail,14,4937,268,3.2251971011553877,10.40189634130112,29.380314,0.2835448325833191
NTail,14,4937,269,3.5331820935267984,12.483375706018409,77.21953,0.3593325738578806
NTail,14,4937,270,3.3197462273257856,11.020715013843784,51.3657,0.19688626927236969
NTail,14,4937,271,3.0098172191175574,9.058999692496547,6.900834,0.40501610364766194
NTail,14,4937,272,2.980888906236286,8.885698671322563,58.553455,0.23221853059231679
NTail,14,4937,273,2.8038256936552783,7.861438520401502,14.071792,0.39469339049517427
NTail,14,4937,274,3.2570269157702882,10.60822433005211,23.162384,0.19253397740730438
NTail,14,4937,275,3.8177225022037877,14.575005103833146,24.625711,0.2400835120387643
NTail,14,4937,276,3.603328106522511,12.98397344325511,77.91059,0.4283295643551923
NTail,14,4937,277,2.7484391536486337,7.553917781308813,32.93902,0.28108366706719373
NTail,14,4937,278,3.148176611397623,9.911015976551024,33.237057,0.48409964635281066
NTail,14,4937,279,3.3462569454988302,11.19743554529916,138.58482,0.5883090184107623
NTail,14,4937,280,3.797506868727621,14.421058418033466,90.49435,0.4615501815159809
NTail,14,4937,281,2.8320648146178455,8.020591114196414,16.219788,0.17930439831682426
NTail,14,4937,282,2.218573160947618,4.922066870477106,20.047663,0.10042282722383133
NTail,14,4937,283,3.030299252842131,9.182713561775577,21.651834,0.42616035007018727
NTail,14,4937,284,2.8011871948716967,7.846649700713162,56.10826,0.2871699872788256
NTail,14,4937,285,2.8866667530006214,8.33284494287915,16.627237,0.14438727679948768
NTail,14,4937,286,2.098232640409531,4.402580213279952,17.196562,0.1092673499346189
NTail,14,4937,287,2.542157575803361,6.462565140214419,10.927397,0.1981116251522446
NTail,14,4937,288,2.3032676023855845,5.305041648199039,48.660927,0.2079086068844998
NTail,14,4937,289,3.5822430924744357,12.832465573580809,67.70107,0.35430375565241
NTail,14,4937,290,4.589017127142828,21.05907819321021,69.6803,0.7411992911867205
NTail,14,4937,291,3.834526588779615,14.703594160057838,75.498535,0.43419416098728003
NTail,14,4937,292,3.498405047024433,12.238837873046027,91.034004,0.420759154418593
NTail,14,4937,293,3.993497146808149,15.948019461564826,142.77002,0.7269658539538819
NTail,14,4937,294,3.9559844787451297,15.649813196072374,102.716156,0.3995476285707002
NTail,14,4937,295,3.2721530061076325,10.706985295379216,87.96322,0.50762128224162
NTail,14,4937,296,3.5258730476332643,12.43178074802668,118.258545,0.4238646012005097
NTail,14,4937,297,3.7517902110582524,14.075929787792523,124.54389,0.6028159690960201
NTail,14,4937,298,3.2555124155374924,10.598361087718757,82.462585,0.4554264368855746
NTail,14,4937,299,3.003584464888133,9.021519637717333,12.0149555,0.3532813477477836
NTail,14,4937,300,3.3477707581744442,11.207569049287896,51.1239,0.2193383555570384
NTail,14,4937,301,4.028402184031442,16.228024156309296,69.41623,0.4009372756322007
NTail,14,4937,302,3.576549044609926,12.791703068500176,61.78711,0.26363619148014494
NTail,14,4937,303,2.708407982439891,7.335473799344123,27.657936,0.21474079117603753
NTail,14,4937,304,2.7504202299068936,7.564811441081089,27.853195,0.22959002359686492
NTail,14,4937,305,3.9203175189136794,15.36888944910151,65.30542,0.32978514060826813
NTail,14,4937,306,3.5113138116421485,12.329324683828913,39.569824,0.186194292358391
NTail,14,4937,307,2.9516986364352946,8.712524840333977,55.302395,0.4787107356084126
NTail,14,4937,308,3.6981571501877104,13.676366307484495,37.485645,0.4078702260258278
NTail,14,4937,309,3.5453296547003634,12.569362360497799,131.76176,0.5930243167311434
NTail,14,4937,310,2.8956926626308688,8.385035996414253,68.6541,0.3558790535946209
NTail,14,4937,311,5.1671007806851685,26.69893047775727,270.91278,0.8799702896461149
NTail,14,4937,312,3.631484191386156,13.187677432287565,62.31537,0.6850430070278277
NTail,14,4937,313,3.3101423112061426,10.957042120437146,85.06499,0.5497648416364537
NTail,14,4937,314,2.8606105332403993,8.183092622885919,18.314213,0.31838123354239345
NTail,14,4937,315,2.645017332777138,6.996116690691484,43.7664,0.24847327730334212
NTail,14,4937,316,2.8409544723399245,8.071022313908216,12.13526,0.31879836843110965
NTail,14,4937,317,2.9620205933810486,8.773565995613419,41.287315,0.1139326164309734
NTail,14,4937,318,2.6545338964379406,7.0465502073379955,18.783047,0.24514007244355784
NTail,14,4937,319,2.2853826751442443,5.222973971849463,16.26102,0.12932421409556324
NTail,14,4937,320,3.6258181231029445,13.146557061821762,45.631832,0.32341165231615104
NTail,14,4937,321,3.197180664711101,10.221964202802518,123.16588,0.5411614224760549
NTail,14,4937,322,3.0668757424539255,9.405726819652315,45.859978,0.3730582033872032
NTail,14,4937,323,3.331937496015452,11.101807477353722,90.62137,0.6827380266121035
NTail,14,4937,324,2.801081661617876,7.846058475051961,32.34822,0.14303163171404867
NTail,14,4937,325,3.8400180944178794,14.74573896545672,93.85403,0.482416401649305
NTail,14,4937,326,3.141961119018633,9.871919673424818,50.803123,0.3520077322506897
NTail,14,4937,327,3.1748231518568857,10.079502045566494,101.45795,0.4424122692124115
NTail,14,4937,328,3.5358598594447797,12.502304945632856,78.01745,0.41176370805745427
NTail,14,4937,329,3.1061002293671467,9.647858634874638,47.53089,0.579178239086882
NTail,14,4937,330,3.173816533700483,10.073111389590554,89.87958,0.33162002858069417
NTail,14,4937,331,3.7266879925160525,13.888203393563323,96.83899,0.272112605959589
NTail,14,4937,332,2.928202104375601,8.574367564069696,92.39932,0.5251358033230105
NTail,14,4937,333,2.8842973069718387,8.319170955005001,74.81009,0.3221334587492729
NTail,14,4937,334,3.2550495224041094,10.595347393303218,59.561867,0.5203093428082862
NTail,14,4937,335,3.7813240023157997,14.298411210489576,70.501366,0.5228355780819611
NTail,14,4937,336,2.9052739250572905,8.440616579617794,89.47426,0.4611963283821505
NTail,14,4937,337,3.702848011052319,13.711083392954114,105.754395,0.6743640590432387
NTail,14,4937,338,5.369306558213583,28.82945291607539,157.88171,0.7034484653012156
NTail,14,4937,339,4.91564591526903,24.163574764301092,130.41333,0.7878526979440346
NTail,14,4937,340,2.740332428707844,7.5094218198278275,83.22093,0.4597450873800959
NTail,14,4937,341,2.937622646582186,8.629626813712525,2.6905308,0.2552899283173868
NTail,14,4937,342,2.9749660338424455,8.85042290251625,76.70786,0.2407101930079967
NTail,14,4937,343,4.280979445788241,18.326785015261397,65.77301,0.7177280243425672
NTail,14,4937,344,3.7483337283330016,14.050005738958777,105.96663,0.3708749221147656
NTail,14,4937,345,3.0908264841676543,9.553208355232185,16.573032,0.38664144439458376
NTail,14,4937,346,3.8287433583666046,14.659275704236387,43.3127,0.23533863084876433
NTail,14,4937,347,3.0254753416162647,9.153501042728053,40.726776,0.26324039601632143
NTail,14,4937,348,2.737108398910261,7.491762387385091,24.706646,0.2997847956499482
NTail,14,4937,349,2.6459349465376225,7.000971741309051,29.665203,0.285052404565097
NTail,14,4937,350,2.674799810797388,7.154554027841742,46.7704,0.3800376782990792
NTail,14,4937,351,2.669643391651421,7.126995838588101,5.9694943,0.18523381580161125
NTail,14,4937,352,2.839097503807154,8.060474636124011,53.835125,0.5484553232667362
NTail,14,4937,353,3.0832568374125784,9.506472725451415,48.281845,0.48300924890629204
NTail,14,4937,354,3.9336214605631126,15.473377795002675,163.35551,0.5866327096118998
NTail,14,4937,355,2.6000564140009397,6.760293355987423,3.7618225,0.1948473014639907
NTail,14,4937,356,3.1793449019618487,10.108234005630791,76.02516,0.17269413362756866
NTail,14,4937,357,3.6283156347806775,13.16467434559391,85.667145,0.3736030041859929
NTail,14,4937,358,4.120294893219703,16.976830007092367,26.887154,0.23183863765934076
NTail,14,4937,359,4.2711177620252325,18.242446937087433,109.168274,0.3665159197772438
NTail,14,4937,360,1.9807481699611111,3.9233633128042897,21.053455,0.10802881979172706
NTail,14,4937,361,3.197839883121512,10.226179918082607,57.789722,0.43564847058761036
NTail,14,4937,362,2.1696113348025667,4.707213344103774,16.403316,0.11902105928996237
NTail,14,4937,363,3.292603363223657,10.841236907511737,11.971521,0.24207265583467563
NTail,14,4937,364,2.6650569473795063,7.102528532775772,39.57387,0.11643265364016564
NTail,14,4937,365,4.177049221185104,17.447740196203085,126.512535,0.5117407776960742
NTail,14,4937,366,3.828907425911423,14.660532076199638,97.16474,0.7113826457653395
NTail,14,4937,367,2.4584241793415225,6.043849445571037,3.3563325,0.4095460152191757
NTail,14,4937,368,2.653486203183381,7.040989030484553,85.36412,0.31265188612894557
NTail,14,4937,369,3.4335717008348303,11.789414624773789,52.626595,0.25642292099983355
NTail,14,4937,370,4.662428396481391,21.738238552316037,238.305,0.6916517935720895
NTail,14,4937,371,4.008080030338146,16.06470552959543,149.59683,0.6433632087414842
NTail,14,4937,372,4.482983479353678,20.097140876158015,140.56363,0.49516893327403383
NTail,14,4937,373,2.847494704861075,8.108226094211858,35.6337,0.20176118813806515
NTail,14,4937,374,3.174631520729533,10.078285292409506,45.477745,0.17922522138578872
NTail,14,4937,375,4.141327069348545,17.150589895319012,126.13717,0.7204440262654102
NTail,14,4937,376,3.087425803749896,9.532198093660694,68.75901,0.4290913402367168
NTail,14,4937,377,4.057726698459078,16.465145959387613,53.214825,0.545205670199806
NTail,14,4937,378,2.718198706425788,7.388604207614829,46.63764,0.20563698869898644
NTail,14,4937,379,2.3993703238392152,5.7569779509203,33.18018,0.10495403698781816
NTail,14,4937,380,2.1087784460698686,4.4469465346088475,12.992421,0.07509997964156927
NTail,14,4937,381,3.7410835238176423,13.99570593217983,111.08498,0.5709049228740448
NTail,14,4937,382,4.261954883248885,18.164259426849018,153.65512,0.6855486141408076
NTail,14,4937,383,3.7120099505679947,13.779017873115805,88.09228,0.23786900826617596
NTail,14,4937,384,3.2890710098935743,10.817988108122336,60.115852,0.12133290541447439
NTail,14,4937,385,2.7965860566837852,7.820893572438162,79.60423,0.3956341078876468
NTail,14,4937,386,3.0375696228955293,9.226829213937686,74.10376,0.3011274845585141
NTail,14,4937,387,2.9677850162688593,8.807747902789952,30.761478,0.2746217886684237
NTail,14,4937,388,3.636746790153646,13.225927215692847,60.868553,0.5454285519068361
NTail,14,4937,389,3.49233900201356,12.196431704985068,93.63985,0.5918690381220003
NTail,14,4937,390,2.6175440806880994,6.8515370143453085,31.709929,0.2073549870958764
NTail,14,4937,391,2.288682650125953,5.238068272987557,8.977561,0.328700906506469
NTail,14,4937,392,2.26338882272178,5.122928962821886,21.487062,0.1476456067716301
NTail,14,4937,393,1.9835068709956163,3.9342995072868203,10.29477,0.10909192862455858
NTail,14,4937,394,2.94603095975054,8.679098415808685,46.27769,0.31732243674086913
NTail,14,4937,395,3.234132368125764,10.45961217455876,69.68263,0.3478992466219503
NTail,14,4937,396,3.2680527890194826,10.68016903181802,32.405632,0.3992243042253717
NTail,14,4937,397,3.0299776866821992,9.180764781792016,18.54877,0.21390876061186043
NTail,14,4937,398,2.6269274567314764,6.900747862929705,28.143198,0.3894489934711147
NTail,14,4937,399,3.036323362577764,9.21925956213554,49.706455,0.292957502002314
NTail,14,4937,400,2.8040260639302423,7.86256216720013,31.65159,0.11688952779931974
NTail,14,4937,401,2.971339996110543,8.828861372486202,59.205368,0.5998855102523538
NTail,14,4937,402,2.6952599737041454,7.26442632585167,29.938381,0.33050616193314397
NTail,14,4937,403,3.194555650503009,10.205185804160704,29.411705,0.3184386657503186
NTail,14,4937,404,4.228752875280675,17.882350880194576,125.70291,0.783226361731614
NTail,14,4937,405,3.5203048777088997,12.392546432021073,92.09386,0.5332304084923746
NTail,14,4937,406,3.568115216474393,12.731446198036103,82.038864,0.4140525536219611
NTail,14,4937,407,2.6551479845023005,7.049810819606629,21.641409,0.2134422454904173
NTail,14,4937,408,3.3881755363484674,11.479733465110222,65.21997,0.4729830797252135
NTail,14,4937,409,2.7655904100414794,7.6484903161134,5.4691396,0.14579062238499663
NTail,14,4937,410,2.5873490205591603,6.694374954188447,13.484881,0.32061231944544466
NTail,14,4937,411,2.9215662996677,8.535549643354017,15.276985,0.21815969218528225
NTail,14,4937,412,2.752546379083088,7.5765115690034195,42.25578,0.4119252523356553
NTail,14,4937,413,3.388781988665854,11.483843366706102,89.52841,0.3028127110140908
NTail,14,4937,414,3.913268735184702,15.313672193774073,185.2681,0.6010601593227053
NTail,14,4937,415,3.569205502329999,12.739227917862731,108.317566,0.487159558349352
NTail,14,4937,416,5.3546315576746935,28.672079118445694,236.74828,0.8065691003428772
NTail,14,4937,417,3.6381030767522615,13.235793997074273,117.493515,0.4801855551109253
NTail,14,4937,418,2.2062077109026914,4.867352463646493,20.881758,0.04186254358632342
NTail,14,4937,419,2.214225805075659,4.90279591586295,48.294415,0.2591398029835637
NTail,14,4937,420,3.419536249995839,11.693228165035606,76.2281,0.641372612225433
NTail,14,4937,421,4.328107950070956,18.732518427467415,108.990204,0.5657336088373903
NTail,14,4937,422,2.9389850426600175,8.637633080979308,42.666637,0.17541435007552225
NTail,14,4937,423,2.6241621569349682,6.886227025889585,47.366776,0.2496284871004344
NTail,14,4937,424,3.514761997344243,12.353551897975287,65.57483,0.5327735559144796
NTail,14,4937,425,2.30066801331546,5.293073307492905,14.489404,0.22614248244750346
NTail,14,4937,426,2.9122954550020683,8.481464817225705,59.29741,0.44338775423427285
NTail,14,4937,427,2.79051108922291,7.786952139076027,46.44102,0.34675494404440654
NTail,14,4937,428,3.3946589833461345,11.523709613212608,74.47775,0.4467791315760996
NTail,14,4937,429,4.139987209380838,17.139494093836937,69.0538,0.4200622568229233
NTail,14,4937,430,3.420489329521137,11.699747253367958,74.04002,0.38992260622992614
NTail,14,4937,431,2.852447915792592,8.136459112309504,60.39377,0.23553932828078178
NTail,14,4937,432,3.7463857776267737,14.035406394804165,69.19159,0.45022810695490556
NTail,14,4937,433,3.310811379279008,10.961471989163366,95.40098,0.5017186888959858
NTail,14,4937,434,3.0032341588454723,9.01941541285627,56.786076,0.2168499376779392
NTail,14,4937,435,3.4769506162542396,12.089185587870736,61.807438,0.6780983015853287
NTail,14,4937,436,3.737118345283579,13.966053526655077,37.825584,0.6913515935530501
NTail,14,4937,437,2.8396195469057304,8.063439171169106,7.131489,0.5078544713982279
NTail,14,4937,438,3.006496952750382,9.039023926897332,8.72355,0.4686222173250952
NTail,14,4937,439,1.858702915055479,3.454776526435735,20.056152,0.1255522923041471
NTail,14,4937,440,3.550799822954725,12.608179382695303,111.638016,0.2864207914563698
NTail,14,4937,441,2.9673935192705203,8.805424298208683,74.82195,0.45165303400526474
NTail,14,4937,442,4.4945811460851655,20.201259678744243,159.75165,0.47187408882689885
NTail,14,4937,443,3.904466451598142,15.244858271655389,89.277885,0.636753746704768
NTail,14,4937,444,3.2763944936546046,10.734760878050212,75.07389,0.3044962490983453
NTail,14,4937,445,3.341766045167912,11.167400300637185,21.815533,0.6204263331335694
NTail,14,4937,446,3.955516604773001,15.646111610634923,109.22815,0.5838005184541456
NTail,14,4937,447,3.885740938588912,15.09898264182584,97.43693,0.5276920650361777
NTail,14,4937,448,2.8202555110706635,7.9538411477244475,14.381863,0.23999206433572584
NTail,14,4937,449,2.800838910296343,7.844698601430007,42.794075,0.32266874510143595
NTail,14,4937,450,2.790375739943773,7.786196770066757,9.616916,0.27119094441292513
NTail,14,4937,451,2.330433550682424,5.4309205341462885,24.44707,0.09485532754210932
NTail,14,4937,452,2.037569363139822,4.15168890960602,16.868906,0.11941445297909661
NTail,14,4937,453,3.003179436428359,9.019086727386158,50.4015,0.17656327481019884
NTail,14,4937,454,3.35529044366436,11.25797396134538,75.962364,0.36436669749964673
NTail,14,4937,455,2.7337977926412282,7.473650371050053,10.762747,0.2141135671106948
NTail,14,4937,456,2.2635139964511986,5.123495612130475,8.017895,0.228744539776232
NTail,14,4937,457,2.270179230689495,5.153713739453946,3.9181383,0.12967682153861992
NTail,14,4937,458,3.3774731574051757,11.407324928992491,73.13218,0.3945226962728532
NTail,14,4937,459,2.579561469077502,6.654137372749284,48.655945,0.21322686911357763
NTail,14,4937,460,2.6235287468553885,6.882903085576607,14.855728,0.3141107674965801
NTail,14,4937,461,4.168147549004037,17.37345399026836,93.1673,0.49949317262809123
NTail,14,4937,462,4.225715749719515,17.856673597427566,228.79514,0.7614399767293307
NTail,14,4937,463,3.5008024574814405,12.255617846308091,99.70754,0.7420777620881966
NTail,14,4937,464,3.6822577952285944,13.559022470521752,130.23827,0.5216132669020914
NTail,14,4937,465,2.8908377811553887,8.356943076955412,62.55567,0.4494491692950965
NTail,14,4937,466,2.1759168648781353,4.734614202861093,11.594937,0.3131377859667699
NTail,14,4937,467,2.8688176881819523,8.230114928025639,45.688995,0.22377267485403432
NTail,14,4937,468,3.145849893683931,9.8963715535912,98.33838,0.3635065184730222
NTail,14,4937,469,3.282816999122771,10.776887449729434,61.204407,0.523900660622711
NTail,14,4937,470,3.769724403473225,14.21082207814156,102.74573,0.48074820312445415
NTail,14,4937,471,5.169008797622802,26.71865194990193,256.409,0.6440189816189904
NTail,14,4937,472,4.739330851493311,22.461256919916323,130.8447,0.6590102601499732
NTail,14,4937,473,2.459118837565548,6.047265457269734,65.22384,0.2371396934553065
NTail,14,4937,474,2.553826641715563,6.522030515936192,22.10921,0.34574933995501506
NTail,14,4937,475,3.309516700720033,10.952900792344813,66.86621,0.3377085350830672
NTail,14,4937,476,3.350966072664353,11.228973620147556,58.587345,0.38152269033684205
NTail,14,4937,477,3.4913910517421574,12.189811476185207,94.92595,0.6299657721844366
NTail,14,4937,478,4.11218740250846,16.910085233349278,161.2739,0.4349703269908591
NTail,14,4937,479,2.9661854101968,8.798255887664359,18.413391,0.2827710104662584
NTail,14,4937,480,3.2944733471624295,10.853554635163617,74.5959,0.2106784927709415
NTail,14,4937,481,4.576981853190784,20.94876288443774,168.07816,0.5220469129982883
NTail,14,4937,482,5.216169907403159,27.20842850289828,223.49374,0.6078072461031351
NTail,14,4937,483,3.7244419175522427,13.871467597220224,50.069736,0.5335380949543636
NTail,14,4937,484,2.6024222667490973,6.77260165447151,80.304756,0.46207010486110334
NTail,14,4937,485,3.248652052775822,10.553740160004565,43.89082,0.22432952764495873
NTail,14,4937,486,3.1981443896706923,10.22812753718212,69.717545,0.4616146444658336
NTail,14,4937,487,2.342835753849735,5.488879369516657,2.61029,0.26989630089729466
NTail,14,4937,488,2.939365998231429,8.639872471559048,29.661913,0.17662880155691582
NTail,14,4937,489,2.3540026168026102,5.5413283199135375,23.176825,0.2040224864026381
NTail,14,4937,490,2.9905232799431882,8.943229487882167,61.61633,0.30075618980903646
NTail,14,4937,491,2.965952705271471,8.796875449907157,84.620995,0.41348892578377305
NTail,14,4937,492,2.3992841786506545,5.756564569923346,54.54086,0.3428594024540478
NTail,14,4937,493,2.632035537848964,6.9276110724998885,7.88666,0.3835577595113654
NTail,14,4937,494,3.5327423421303115,12.480268455880363,84.28717,0.60562835068969
NTail,14,4937,495,4.204090027114025,17.674372956079598,67.281166,0.445104717202384
NTail,14,4937,496,3.979300490285856,15.834832391989252,41.902702,0.5543000714678259
NTail,14,4937,497,4.080297465339545,16.64882740565632,98.043816,0.6535040952163379
NTail,14,4937,498,2.9885564139685843,8.931469439472766,9.854689,0.3784927280217726
NTail,14,4937,499,4.202740772733283,17.663030002794763,87.38199,0.668346352188428
NTail,14,4937,500,4.729700582975497,22.37006760459876,149.59367,0.8442350095800473
NTail,14,4937,501,2.6469016628499564,7.006088412797868,16.329685,0.25968019770854395
NTail,14,4937,502,3.923329730494748,15.392516174183998,62.931065,0.5506310205858154
NTail,14,4937,503,2.841756455046044,8.07557974979586,33.762573,0.18829845474076906
NTail,14,4937,504,2.5046504623611288,6.273273938605816,32.495388,0.1644881881361241
NTail,14,4937,505,2.445375827749466,5.979862938941386,51.692955,0.21932165296609954
NTail,14,4937,506,3.2051995522200003,10.273304169551293,38.0621,0.40849444406718227
NTail,14,4937,507,2.882407460519843,8.30827276846045,51.44717,0.21075844398846139
NTail,14,4937,508,2.203033895999348,4.853358346922065,10.641457,0.3416620157383161
NTail,14,4937,509,2.8450999782984074,8.0945938865136,25.77413,0.4348132332169132
NTail,14,4937,510,2.642782509729187,6.984299393730497,28.537413,0.12995765276835
NTail,14,4937,511,2.874074111071361,8.260301995930634,26.719898,0.41532834162573984
NTail,14,4937,512,3.710644476781073,13.768882433065881,100.26566,0.4115479297389343
NTail,14,4937,513,2.7388210320643958,7.501140645678283,41.081184,0.18791974590863303
NTail,14,4937,514,4.219422860986659,17.803529279816832,119.127304,0.7176089180410894
NTail,14,4937,515,4.743943741776845,22.5050022251437,202.31383,0.792999389111471
NTail,14,4937,516,4.2696674491926006,18.23006012669485,90.2674,0.48312952452059627
NTail,14,4937,517,3.2559378966382835,10.60113158676533,35.98269,0.6323134586008798
NTail,14,4937,518,3.269747045043415,10.691245738570144,22.206491,0.3685131061204522
NTail,14,4937,519,3.336765310826618,11.13400273953585,58.68386,0.19426010183911413
NTail,14,4937,520,3.02491997066004,9.150140828897937,40.244446,0.5800768481592006
NTail,14,4937,521,3.1676139003919386,10.033777821956228,12.42402,0.39550328108308985
NTail,14,4937,522,2.964024795032082,8.785442985564975,32.254265,0.2666024173461477
NTail,14,4937,523,2.487851848670701,6.189406820934224,59.727737,0.27236035146353943
NTail,14,4937,524,4.436619977888508,19.683596828199423,58.27335,0.6748306539860107
NTail,14,4937,525,3.3803046012518982,11.426459197244753,60.741257,0.48146973127803894
NTail,14,4937,526,2.8681990882745865,8.22656600997917,42.063187,0.36558823840092514
NTail,14,4937,527,3.100485469079846,9.613010143975275,79.859764,0.45664139039400164
NTail,14,4937,528,3.7951408219240474,14.40309385823434,67.81125,0.3314476913669553
NTail,14,4937,529,2.2365797745756795,5.002289088040995,14.124026,0.1974563476427549
NTail,14,4937,530,2.7010912522096895,7.29589395276371,66.68236,0.35851480961802384
NTail,14,4937,531,2.4545437367454603,6.024784955596365,16.753231,0.30774545674354126
NTail,14,4937,532,3.2604036443599935,10.630231924155925,112.30807,0.4103701989814462
NTail,14,4937,533,3.551330747926671,12.611950081169404,52.630203,0.49029766326651125
NTail,14,4937,534,3.0216191452324015,9.130182258834985,26.971165,0.2576053618598956
NTail,14,4937,535,3.0062072940086986,9.037282294551103,19.128174,0.29855554144031515
NTail,14,4937,536,3.209367431851321,10.300039312627941,101.942406,0.4743304385228245
NTail,14,4937,537,3.69055905433477,13.620226133532356,79.04095,0.6192256984162092
NTail,14,4937,538,4.247699572039371,18.042951654303465,127.56862,0.5941291566405407
NTail,14,4937,539,4.479227759407306,20.063481320644993,146.76553,0.8222074122163834
NTail,14,4937,540,5.3640829663283816,28.77338606965429,166.71407,0.4822452596196264
NTail,14,4937,541,3.3776967362270556,11.4088352419189,79.94426,0.5088873217112695
NTail,14,4937,542,4.365186229342344,19.054850816840027,161.16919,0.6923062328946239
NTail,14,4937,543,4.866306893224984,23.680942779049005,191.83,0.7773325286030205
NTail,14,4937,544,4.089279370933492,16.72220577354222,153.13919,0.6356001581656874
NTail,14,4937,545,2.7084555437641242,7.335731432546619,23.081566,0.3722540522005847
NTail,14,4937,546,3.150459040516476,9.92539216597199,59.303528,0.33289825220148517
NTail,14,4937,547,3.6652307406381848,13.433916382119138,46.704964,0.5915923608589535
NTail,14,4937,548,3.1172878680740372,9.717483652441578,139.4636,0.2908082138245004
NTail,14,4937,549,2.8210842247327084,7.958516203035748,20.352901,0.22029726113652492
NTail,14,4937,550,3.304171360032243,10.917548376457322,8.826653,0.2896575632522324
NTail,14,4937,551,3.860906590573035,14.9065997011303,68.80391,0.3545890207941618
NTail,14,4937,552,4.788350625297114,22.928301710783266,142.70483,0.8481451418838865
NTail,14,4937,553,3.4232651300183177,11.718744150399328,84.2138,0.5450233695412728
NTail,14,4937,554,3.207254971973815,10.28648445525076,85.096344,0.4533851694162701
NTail,14,4937,555,3.688383911859433,13.60417588126349,168.03601,0.6827967742647773
NTail,14,4937,556,4.5078079462297325,20.320332480091913,219.69029,0.8251096477539055
NTail,14,4937,557,4.522691567504453,20.454739014775893,109.91564,0.716260621547595
NTail,14,4937,558,2.7751419932314536,7.701413082596645,58.518852,0.35317103627625307
NTail,14,4937,559,3.124933897632843,9.765211864574795,68.091515,0.253541583197742
NTail,14,4937,560,2.5643998874754006,6.576146782883851,19.700811,0.15465643731560746
NTail,14,4937,561,2.830725685452522,8.013007906280652,25.203196,0.36681274065423064
NTail,14,4937,562,2.1755341807591955,4.732948971651585,14.461435,0.16650087396213303
NTail,14,4937,563,3.5725795426540503,12.763324588590228,58.71536,0.2555612750408878
NTail,14,4937,564,2.990500600949405,8.943093844278748,19.29781,0.5938845363870091
NTail,14,4937,565,3.2355069967454186,10.468505525988556,47.240005,0.5496446820439703
NTail,14,4937,566,2.68296330871714,7.198292115922423,32.7723,0.23129616665783187
NTail,14,4937,567,3.0078467853829762,9.047142284338706,66.20582,0.37642162207839575
NTail,14,4937,568,3.818694465439494,14.582427420378217,99.38215,0.6116032748524384
NTail,14,4937,569,3.5597478076422853,12.671804454014058,84.58017,0.4633723744649925
NTail,14,4937,570,3.1636968129774115,10.00897752444343,32.814037,0.5250360021080827
NTail,14,4937,571,2.7887749926129852,7.777265959423556,16.245998,0.5092149444903724
NTail,14,4937,572,3.1340395873595135,9.822204135136587,39.800312,0.17119806229998455
NTail,14,4937,573,4.262356635880514,18.16768409143466,108.18205,0.4207047747174566
NTail,14,4937,574,3.606143524689402,13.004271120659306,79.46854,0.31063401426637094
NTail,14,4937,575,3.558048318965391,12.65970784009244,93.102936,0.3636014188078177
NTail,14,4937,576,3.014373210913983,9.086445854675876,26.502518,0.2867333893506322
NTail,14,4937,577,3.0720159738696258,9.43728214371014,24.960264,0.5832293092033018
NTail,14,4937,578,2.527074595274121,6.386106010079862,10.493265,0.16701244822781017
NTail,14,4937,579,2.0775858068243718,4.316362784718075,5.608112,0.13080680500536127
NTail,14,4937,580,3.8177716277080638,14.575380201332681,54.692253,0.6393285117113202
NTail,14,4937,581,3.5394815191178455,12.52792942417678,86.033035,0.3591418070995585
NTail,14,4937,582,3.1680659254413785,10.036641707942739,45.506363,0.566012061474028
NTail,14,4937,583,2.733920240702412,7.4743198825223365,72.48065,0.2639099571250961
NTail,14,4937,584,3.4943361007673617,12.210384785126053,69.87902,0.3378345096850277
NTail,14,4937,585,2.1444229436486766,4.598549761246856,16.189821,0.14760639809103016
NTail,14,4937,586,3.5139593590538034,12.34791037708182,107.51663,0.6992336351007212
NTail,14,4937,587,2.8799290483412654,8.293991323479828,29.241001,0.33622867247937144
NTail,14,4937,588,2.7192346225894575,7.39423693268923,17.898685,0.11553413788667893
NTail,14,4937,589,2.3509277085595612,5.52686109087311,27.195126,0.21745147074982474
NTail,14,4937,590,3.3663332885429003,11.332199809552057,65.83429,0.5201611661806095
NTail,14,4937,591,3.625059140697057,13.141053773551285,32.895515,0.21004574529823603
NTail,14,4937,592,4.0106611685499045,16.085403008914085,139.40804,0.6786054507901849
NTail,14,4937,593,3.1484112090204537,9.912493141085635,61.493996,0.32071436796162567
NTail,14,4937,594,3.1561235387316007,9.961115791735677,111.02679,0.2995897941767394
NTail,14,4937,595,2.8039852976501445,7.862333549438168,9.955744,0.33283401451823785
NTail,14,4937,596,3.057841381693191,9.35039391559532,28.810495,0.3324456808037835
NTail,14,4937,597,3.172511933977539,10.064831971229898,79.737,0.5641902431635409
NTail,14,4937,598,4.045172515871565,16.363420683162683,107.31571,0.698510138648724
NTail,14,4937,599,3.0895969594328148,9.545609371736498,81.77414,0.49211982060114895
NTail,14,4937,600,3.3829309583654723,11.444221869067535,76.13641,0.20729992052633767
NTail,14,4937,601,3.485558343354148,12.149116964925712,51.393665,0.5086418061702682
NTail,14,4937,602,4.978598132457451,24.786439364508823,88.21336,0.5212083350021463
NTail,14,4937,603,4.972359803344148,24.72436201391265,204.21959,0.8813762217583123
NTail,14,4937,604,3.19724733879605,10.222390545438424,25.3368,0.5330886503280364
NTail,14,4937,605,2.333660955184617,5.445973453753177,30.939238,0.09228549186665524
NTail,14,4937,606,2.2207741239064074,4.931837709412272,9.1919155,0.22574535762511172
NTail,14,4937,607,3.0690394232419167,9.41900298141308,25.766232,0.28421527367502764
NTail,14,4937,608,2.6418952526558495,6.979610526005513,6.933721,0.20143549441930111
NTail,14,4937,609,4.468737651519794,19.969616198110646,81.36025,0.6937592960224355
NTail,14,4937,610,4.573413148091261,20.916107823134013,170.38658,0.6414397349201979
NTail,14,4937,611,4.2142215451102585,17.759663231271492,150.16568,0.4454263459185009
NTail,14,4937,612,4.546047031858683,20.666543615871145,223.03783,0.765878215990226
NTail,14,4937,613,5.358867125850763,28.717456872524007,313.23212,0.7248226210983445
NTail,14,4937,614,3.5305227176719343,12.46459065999762,49.15982,0.6111481033100017
NTail,14,4937,615,2.3779347382765468,5.65457361950235,2.968064,0.34644985145921164
NTail,14,4937,616,2.658249014097298,7.066287820949256,33.48166,0.3875765780635264
NTail,14,4937,617,2.216117710749323,4.911177707896819,4.634509,0.06819782668596985
NTail,14,4937,618,3.627411653397694,13.158115303205392,47.562355,0.3662984624018706
NTail,14,4937,619,3.9601411328300014,15.682717791932086,78.47007,0.705243403303278
NTail,14,4937,620,3.445151001737505,11.869065424772932,38.047867,0.6944659699750052
NTail,14,4937,621,3.9951700456883334,15.96138369396532,67.33392,0.5027370417328968
NTail,14,4937,622,3.6031622569701174,12.982778250053991,68.92809,0.5823512133591802
NTail,14,4937,623,2.9682019913009796,8.810223061163097,24.817211,0.10304124415027555
NTail,14,4937,624,2.9102488939723514,8.469548624867295,30.354416,0.3975499363501247
NTail,14,4937,625,4.020981012371228,16.168288301849945,202.16754,0.8023968148864553
NTail,14,4937,626,3.2666774635481453,10.671181650853349,42.224907,0.26636514376627207
NTail,14,4937,627,3.1549761630267916,9.953874589267256,51.566925,0.2537654881208345
NTail,14,4937,628,2.665559033207363,7.105204959513373,44.624813,0.18129006040452295
NTail,14,4937,629,2.7224530578820767,7.411750652371472,16.010849,0.4972678243848205
NTail,14,4937,630,2.8532149128888853,8.14083533913153,37.87662,0.26632600589318606
NTail,14,4937,631,4.0142506994455065,16.114208677998736,128.95395,0.683748403950482
NTail,14,4937,632,3.590932546639451,12.894796554514498,70.93213,0.5030358356524931
NTail,14,4937,633,2.564997011851345,6.579209670806328,7.6180353,0.08418867671474731
NTail,14,4937,634,3.5122055339256324,12.335587712537833,59.785545,0.5179985006161579
NTail,14,4937,635,2.8151461515885003,7.925047854803544,54.74111,0.23189613404117826
NTail,14,4937,636,2.9166549516305458,8.506876106870983,54.991318,0.24110489224368892
NTail,14,4937,637,2.867584856622067,8.223042909928203,59.900124,0.4601347070197017
NTail,14,4937,638,4.160881005265992,17.312930739983333,92.573975,0.4501766181736554
NTail,14,4937,639,3.6639975931759565,13.424878362799204,124.543976,0.52046664919011
NTail,14,4937,640,3.209319088194844,10.299729009851786,41.434578,0.3867579632538831
NTail,14,4937,641,2.4260050370540958,5.885500439811845,8.048263,0.15155828700849813
NTail,14,4937,642,2.6314497436950854,6.9245277535929315,2.129012,0.3025123846388681
NTail,14,4937,643,2.5096384481276406,6.2982851403205125,4.201121,0.2188677367858584
NTail,14,4937,644,2.455933432428446,6.031609024519767,19.960768,0.13251238639540755
NTail,14,4937,645,3.025805450401234,9.155498623677815,51.415714,0.36903770508083805
NTail,14,4937,646,3.6411623521970697,13.258063275057294,71.06637,0.5175505267762858
NTail,14,4937,647,3.6580713974720274,13.381486349002946,95.37359,0.63944566837257
NTail,14,4937,648,4.038162028056267,16.306752564835506,156.63605,0.40412497645214773
NTail,14,4937,649,3.2858265568312395,10.796656161577435,96.49232,0.4238593884354094
NTail,14,4937,650,3.325550301263214,11.05928480623185,92.77434,0.3066470813698149
NTail,14,4937,651,5.68326255721196,32.29947329420743,255.33092,0.7041681295084141
NTail,14,4937,652,3.6536689089003747,13.349296495865255,90.14761,0.5741559638216489
NTail,14,4937,653,2.926813761469635,8.566238794328031,28.313145,0.4054824075719974
NTail,14,4937,654,2.9932787274137476,8.959717539987663,28.004595,0.2959748477594938
NTail,14,4937,655,3.484910974679962,12.14460450144484,57.235508,0.4455072116222113
NTail,14,4937,656,3.2968267020454665,10.86906630331999,71.97989,0.34477438419746065
NTail,14,4937,657,4.280825303470919,18.325465278836877,200.064,0.5103378190163124
NTail,14,4937,658,4.183457038087052,17.501312789520092,170.41544,0.7463293563477033
NTail,14,4937,659,3.8414146949731247,14.756466858755468,154.71805,0.5790635382098845
NTail,14,4937,660,3.3335866652587423,11.112800054790904,83.92876,0.4383025112706761
NTail,14,4937,661,3.3657839299979937,11.328501463432742,45.032425,0.18019614466337075
NTail,14,4937,662,3.572808796893049,12.764962699156357,54.94858,0.33742208933229
NTail,14,4937,663,3.6786293466355673,13.532313869928421,75.9155,0.618565286784126
NTail,14,4937,664,2.946263872701194,8.680470807584237,57.16427,0.462359115858647
NTail,14,4937,665,3.7415745271325274,13.999379942086998,69.08753,0.38961446593923765
NTail,14,4937,666,3.6711021134157056,13.476990727125264,43.084118,0.5757469101621071
NTail,14,4937,667,2.7449662405442945,7.534839661727877,42.278923,0.4140625830320759
NTail,14,4937,668,2.8195667702748546,7.949956772038174,46.994488,0.2247231791462792
NTail,14,4937,669,4.10765102995836,16.872796983917972,88.962,0.6696969227284291
NTail,14,4937,670,4.700836867485425,22.097867254710174,157.96161,0.4463050402806128
NTail,14,4937,671,3.680763257215712,13.548018155669217,80.18673,0.34958487420030915
NTail,14,4937,672,3.9649228953193396,15.720613565827497,110.12322,0.5914850077198844
NTail,14,4937,673,3.940901402755551,15.530703866240671,62.350117,0.2987844623244412
NTail,14,4937,674,4.354739138658665,18.96375296576561,140.68343,0.4031612201160706
NTail,14,4937,675,4.237033137601797,17.95244980913573,128.51498,0.5886691674622936
NTail,14,4937,676,4.22289085886647,17.832807205897996,140.26888,0.33721210019585646
NTail,14,4937,677,3.2723548357945265,10.708306171347827,33.414513,0.2884690179007676
NTail,14,4937,678,3.015093055728466,9.090786134702023,77.49177,0.6311538594829202
NTail,14,4937,679,2.1863010787094868,4.7799124067662655,9.002199,0.09269345904569955
NTail,14,4937,680,2.435990261119373,5.934048552268431,27.469984,0.20126887292211934
NTail,14,4937,681,4.221719147674611,17.822912561842443,75.21562,0.668565467184874
NTail,14,4937,682,5.173679514895357,26.766959722847858,218.50873,0.8742042717354916
NTail,14,4937,683,4.326946821017842,18.722468791916405,160.37617,0.48090827285832904
NTail,14,4937,684,4.37199907267371,19.11437589145979,202.20415,0.735572719645435
NTail,14,4937,685,4.342322538546844,18.85576502877191,106.81006,0.5342573666728017
NTail,14,4937,686,3.730805906629654,13.91891271294271,85.20331,0.5406950471771219
NTail,14,4937,687,5.769735526591986,33.2898480468177,229.26501,0.842694068195915
NTail,14,4937,688,4.2397891490361355,17.975812028284555,152.47874,0.6893915743036156
NTail,14,4937,689,3.8254314172134296,14.633925527803548,90.515884,0.507090300111677
NTail,14,4937,690,2.56988347574972,6.604301078931461,30.263897,0.43760899265162995
NTail,14,4937,691,2.687280553675643,7.221476774163272,17.08936,0.1860760041147746
NTail,14,4937,692,2.9480155387639235,8.690795616793546,38.815647,0.40373218579476206
NTail,14,4937,693,3.32032424197734,11.0245530718624,102.026764,0.6087157910265182
NTail,14,4937,694,2.8691588882593315,8.232072726077526,39.038765,0.2977650491822128
NTail,14,4937,695,3.3198080645658963,11.021125585556762,17.695896,0.6057373165304827
NTail,14,4937,696,3.5173891914124726,12.372026723865286,59.623856,0.5214204211424328
NTail,14,4937,697,2.637625038113266,6.957065841682005,2.3151731,0.18110383682234124
NTail,14,4937,698,2.158209402328509,4.65786782429918,19.772793,0.18796859572318017
NTail,14,4937,699,4.982981351695289,24.83010315134302,219.8357,0.8728948669896527
NTail,14,4937,700,2.4678384721699484,6.090226724722105,16.43009,0.39862933170980464
NTail,14,4937,701,2.330975661932504,5.433447536521677,21.524254,0.15001314853027886
NTail,14,4937,702,2.6994267354777266,7.286904700211934,28.872808,0.28508533782897827
NTail,14,4937,703,3.5689045864048885,12.73707994686185,57.585876,0.45062951140874374
NTail,14,4937,704,3.501124290257167,12.257871295828751,54.756203,0.26229696310516837
NTail,14,4937,705,2.631096384128858,6.922668182575951,39.265396,0.11945294001002091
NTail,14,4937,706,2.940257818067075,8.645116036704557,19.094994,0.2945741509409658
NTail,14,4937,707,2.7690574066648486,7.667678921405455,15.400192,0.11346092130720584
NTail,14,4937,708,2.617415231164194,6.850862492330308,26.80209,0.33588604201700056
NTail,14,4937,709,3.56113361029281,12.681672590357104,72.60925,0.28820801421951403
NTail,14,4937,710,3.963362569538507,15.708242857618878,98.42557,0.7069017592739861
NTail,14,4937,711,2.44771040891529,5.991286245912255,58.905426,0.2883215302217801
NTail,14,4937,712,2.9638378395162115,8.784334738948127,36.666363,0.30165402677901976
NTail,14,4937,713,3.277883172503763,10.744518092583338,70.16795,0.2905137180109144
NTail,14,4937,714,4.177630645504962,17.452597810262205,128.3447,0.48926443952575527
NTail,14,4937,715,3.919287111593156,15.360811463100223,150.16287,0.7074445174355701
NTail,14,4937,716,3.659736164257258,13.393668791972429,89.30508,0.2453506447844244
NTail,14,4937,717,3.408386243952181,11.617096787962456,71.50509,0.17525420149252224
NTail,14,4937,718,2.4717645037413414,6.109619761955677,61.649303,0.10812652332880887
NTail,14,4937,719,3.0759918766047716,9.461726024938544,13.979804,0.3534892829602039
NTail,14,4937,720,2.8431907114599793,8.083733421732303,23.073673,0.1753985219685578
NTail,14,4937,721,3.374632671547041,11.388145667872722,40.15841,0.32838213035174824
NTail,14,4937,722,4.485836182637634,20.122726257460975,181.55728,0.4634884634813735
NTail,14,4937,723,4.179328888688452,17.466789959825842,95.083466,0.7143709934487801
NTail,14,4937,724,2.691894048800051,7.246293569965131,50.09083,0.43912034373486053
NTail,14,4937,725,3.240030900930912,10.497800238987185,98.31617,0.3299218703697248
NTail,14,4937,726,2.574436933842655,6.627725526333174,12.389847,0.15941162242951462
NTail,14,4937,727,3.3056041437459642,10.927018755150488,12.708915,0.5325449902061756
NTail,14,4937,728,2.7401975567759886,7.508682650161099,26.30769,0.2983311219401507
NTail,14,4937,729,2.636600249988958,6.951660878241839,51.168037,0.11883735163937753
NTail,14,4937,730,2.912141620682067,8.480568818908779,95.86707,0.5142574759764431
NTail,14,4937,731,2.8056503897982026,7.871674109774807,59.829132,0.2939322296954859
NTail,14,4937,732,2.8100606072241017,7.896440616272684,39.09667,0.2624732701526205
NTail,14,4937,733,2.137967154313342,4.57090355292269,20.289566,0.23898054997676058
NTail,14,4937,734,3.3240732457765567,11.049462943287494,60.53007,0.4237822851449786
NTail,14,4937,735,3.30466674047652,10.920822265611706,56.750515,0.36646998402285563
NTail,14,4937,736,3.1917150422684766,10.18704491104286,78.71494,0.5460417542734708
NTail,14,4937,737,3.3114332448669397,10.965590135209988,31.325546,0.5700818831977125
NTail,14,4937,738,2.8194284052609015,7.9491765323920305,9.391936,0.3784341926434961
NTail,14,4937,739,4.652991281995821,21.650327870329107,152.67772,0.5329047350393223
NTail,14,4937,740,4.481734548983537,20.085944567552676,137.03993,0.7166883176407748
NTail,14,4937,741,2.4089662809289343,5.803118542652581,25.171535,0.18596720233543818
NTail,14,4937,742,2.6397288207043195,6.968168246857017,6.282333,0.3651701021858613
NTail,14,4937,743,2.8409826920797294,8.071182656696587,39.74629,0.4205725491389699
NTail,14,4937,744,4.612386928905995,21.274113181942866,165.75476,0.7169226015185304
NTail,14,4937,745,3.1884406573205797,10.166153825254892,86.06855,0.5611190058461251
NTail,14,4937,746,2.520092654141779,6.350866985459352,41.33747,0.25417128342581863
NTail,14,4937,747,4.071021918113073,16.573219457757038,124.99031,0.5624635704626895
NTail,14,4937,748,3.806538233955597,14.489733326565798,60.76394,0.47280418236237615
NTail,14,4937,749,4.709386682766333,22.17832292781688,182.68658,0.7007660135696059
NTail,14,4937,750,2.613648196689381,6.8311568960576565,7.7802205,0.3861452844973481
NTail,14,4937,751,2.559050258900539,6.548738227578917,73.828094,0.360477408809685
NTail,14,4937,752,2.8838242064263313,8.316442053570457,5.68307,0.2572866364542355
NTail,14,4937,753,2.833129233435673,8.026621253347805,61.69374,0.19161142343665166
NTail,14,4937,754,2.9893640635187313,8.936297504257224,15.496152,0.37334981324503813
NTail,14,4937,755,2.8827066821468152,8.309997815293901,11.017882,0.12522858802396034
NTail,14,4937,756,4.321922466138695,18.679013803314373,67.19465,0.5926861579540729
NTail,14,4937,757,3.7426764961624963,14.00762735492718,78.33026,0.7713445139034925
NTail,14,4937,758,3.849960748837294,14.822197767587818,54.868736,0.4715923991327845
NTail,14,4937,759,3.6367957793986263,13.226283541051663,33.066395,0.5793205522750218
NTail,14,4937,760,2.7220802430736466,7.409720849731884,17.443249,0.47018058138733176
NTail,14,4937,761,2.463117828090313,6.066949435056344,14.590373,0.2741095901957337
NTail,14,4937,762,3.289108558711468,10.818235110989027,78.22242,0.18450638997426255
NTail,14,4937,763,3.6231906562959177,13.12751053187004,11.328976,0.22906948253394613
NTail,14,4937,764,3.0204131179764624,9.122895403244295,72.90463,0.30391549317398
NTail,14,4937,765,4.156264251746333,17.2745325303445,104.75781,0.3675159200477478
NTail,14,4937,766,3.6898007714195598,13.614629732768378,33.646107,0.7066940460683936
NTail,14,4937,767,3.520666391450899,12.39509183989189,61.594963,0.4004989116602775
NTail,14,4937,768,3.9381415101717154,15.508958554137564,121.90987,0.6196214841932945
NTail,14,4937,769,3.549579101528469,12.59951179800765,109.24119,0.4311664313239394
NTail,14,4937,770,3.949763004790666,15.600627794012993,119.19428,0.5526803501941371
NTail,14,4937,771,3.4685367238089273,12.03074700441117,89.3867,0.41074555057232487
NTail,14,4937,772,2.083682276795216,4.341731830630497,21.017662,0.2208027431547892
NTail,14,4937,773,4.120141495637024,16.975565944070095,63.115097,0.30654731036650107
NTail,14,4937,774,4.771839882411907,22.770455863376874,144.79984,0.6007693771667861
NTail,14,4937,775,3.879645695871383,15.05165072549335,122.894264,0.621423578059338
NTail,14,4937,776,3.9414689591981875,15.535177556322846,141.93002,0.6426558895419897
NTail,14,4937,777,2.591488607396008,6.715813202263303,5.415723,0.0734959118131079
NTail,14,4937,778,2.859437580933071,8.176383279252374,51.262615,0.13699467420803624
NTail,14,4937,779,3.302318959818059,10.905310512373832,83.11979,0.300080127413256
NTail,14,4937,780,3.0945515381838495,9.576249222476031,26.263474,0.554393784039714
NTail,14,4937,781,2.6023367427200252,6.772156522510671,1.952321,0.32293170549244854
NTail,14,4937,782,3.2680941026232664,10.680439063600971,33.280743,0.21146458262433576
NTail,14,4937,783,3.104281189241187,9.636561701876678,80.63644,0.40204199801850715
NTail,14,4937,784,2.5463951620228706,6.484128321173483,68.14947,0.29180507066885636
NTail,14,4937,785,2.203227505233376,4.854211439816885,25.091236,0.12761342512585105
NTail,14,4937,786,3.184884059336649,10.143486471416693,42.711002,0.34153248083277593
NTail,14,4937,787,3.4609691354481353,11.978307356524615,82.50115,0.3280494037697296
NTail,14,4937,788,2.571778759375432,6.614045987174637,5.461912,0.36516071966713365
NTail,14,4937,789,2.9178501643130486,8.513849581381683,13.287722,0.24465133426706903
NTail,14,4937,790,4.193935601910843,17.58909583297526,173.304,0.6648507988008736
NTail,14,4937,791,3.1403667253581506,9.861903169736673,40.211197,0.4594761408658926
NTail,14,4937,792,4.454188867013702,19.839798463028806,172.11942,0.7153727239088866
NTail,14,4937,793,3.9453002203066263,15.565393828351512,123.183624,0.6441814735351482
NTail,14,4937,794,2.1127005538216026,4.463503630118109,29.124102,0.3265065860751135
NTail,14,4937,795,2.232322453241746,4.9832635352472465,5.5535803,0.06295132670159242
NTail,14,4937,796,2.746135003654811,7.541257458298206,39.622902,0.22989764156502018
NTail,14,4937,797,2.8131698311583,7.913924498939219,66.69225,0.3793668683773451
NTail,14,4937,798,2.4028236758686186,5.773561617314779,5.7713175,0.19430697061703428
NTail,14,4937,799,2.40182473426167,5.768762054111143,21.50204,0.28773888016073057
NTail,14,4937,800,2.2141664716015503,4.90253316396446,33.549957,0.15144319639764225
NTail,14,4937,801,2.383744916862417,5.6822398286674085,20.385464,0.26952172810784203
NTail,14,4937,802,2.6528997241551004,7.03787694642221,46.30823,0.2533457128452656
NTail,14,4937,803,2.3399099337729528,5.475178498169344,59.171032,0.10208523708038039
NTail,14,4937,804,2.9617012855051286,8.771674504562728,25.91652,0.15743301737772775
NTail,14,4937,805,2.4748973448948077,6.125116867767368,28.769566,0.14474095028974482
NTail,14,4937,806,3.0591500718746807,9.358399162250866,14.761506,0.5101769255855904
NTail,14,4937,807,2.483825627146677,6.169389746070583,7.3742757,0.2644642949474469
NTail,14,4937,808,3.634282360144255,13.208008273255698,36.658092,0.5007086929549456
NTail,14,4937,809,2.7276490525120165,7.440069353669702,26.197977,0.2682053626730455
NTail,14,4937,810,2.387566213477779,5.700472423740618,54.500275,0.19060224565734019
NTail,14,4937,811,2.43643630814891,5.9362218836662946,32.715824,0.054283557082878776
NTail,14,4937,812,2.711991144332395,7.354895966937335,18.964449,0.34772256800086354
NTail,14,4937,813,3.3374047275471135,11.138270315453827,20.797768,0.43833879236326057
NTail,14,4937,814,3.473057862949956,12.062130919398518,92.47266,0.36239676385282776
NTail,14,4937,815,3.2189059438816563,10.361355475556651,58.746456,0.47825542493032036
NTail,14,4937,816,3.0778111104614796,9.472921231680127,98.352745,0.18900734983551698
NTail,14,4937,817,4.482605184911791,20.093749243798076,116.868576,0.6080066794482394
NTail,14,4937,818,5.0428048931471094,25.42988119034842,211.05963,0.6891224405809426
NTail,14,4937,819,3.194389792981215,10.204126149502569,48.136513,0.22286300296548783
NTail,14,4937,820,3.116723003691144,9.713962281737544,46.44185,0.2841275404419512
NTail,14,4937,821,2.600961868507392,6.765002641429466,57.299374,0.10449070944674715
NTail,14,4937,822,2.5279924571238617,6.390745863275141,30.359453,0.23823448691606836
NTail,14,4937,823,2.4239188880467584,5.875382775829836,31.45632,0.029804351206845665
NTail,14,4937,824,3.6582520163432624,13.382807815079548,76.59995,0.30522685256758364
NTail,14,4937,825,3.0886244022216602,9.539600697999107,10.216139,0.44271876019413425
NTail,14,4937,826,3.263249363208907,10.64879640648334,74.11835,0.5382722649958166
NTail,14,4937,827,4.372597938882061,19.119612735115645,128.70026,0.6877127670443557
NTail,14,4937,828,3.763936245831249,14.167216062682234,157.5634,0.5880415625763415
NTail,14,4937,829,3.254552016795365,10.592108830026778,14.564702,0.5474176341180335
NTail,14,4937,830,2.7561540306825623,7.596385040847735,22.462387,0.23687787046074266
NTail,14,4937,831,2.529203413937112,6.396869909071144,2.6881711,0.4281648146196909
NTail,14,4937,832,4.203194143314343,17.666841006391998,134.86609,0.6616819284048018
NTail,14,4937,833,3.1068704565685468,9.652644033898447,38.477955,0.530904275749528
NTail,14,4937,834,3.3381636967572206,11.143336866347834,77.51907,0.22843048766771407
NTail,14,4937,835,3.058304815460026,9.353228344265982,14.977202,0.34346583061715213
NTail,14,4937,836,4.3904568051989505,19.276110958317776,52.431694,0.7220479029398201
NTail,14,4937,837,2.4546371475669084,6.02524352621541,28.55442,0.057747823847728266
NTail,14,4937,838,3.700161395860552,13.691194355416709,162.85176,0.5829714317852915
NTail,14,4937,839,2.63116325200147,6.923020058682951,54.929855,0.470791388249373
NTail,14,4937,840,3.0820352515322105,9.498941291687217,95.48274,0.2669604398193351
NTail,14,4937,841,2.7478728023111705,7.5508049376814474,40.547737,0.2096062611661113
NTail,14,4937,842,2.2596325787243634,5.105939390832517,5.433688,0.1717916974416767
NTail,14,4937,843,2.938352995130202,8.633918323990631,59.41127,0.5418893916404218
NTail,14,4937,844,3.420189902303587,11.697698967819425,9.622145,0.2762399759022474
NTail,14,4937,845,3.4011967791515905,11.568139530511148,82.316795,0.3292857406650395
NTail,14,4937,846,2.426941357518117,5.890044352831881,27.112364,0.17708144131986156
NTail,14,4937,847,2.758197237370421,7.607652000237824,38.471664,0.22154549069271243
NTail,14,4937,848,2.1881183363920265,4.78786185405501,32.428997,0.07002675656591732
NTail,14,4937,849,2.931536307351953,8.593905121322727,47.760834,0.5161709877855728
NTail,14,4937,850,3.295206332529981,10.85838477394569,83.88631,0.3608010630131704
NTail,14,4937,851,4.38609784325104,19.23785429057143,148.38593,0.7149326093932299
NTail,14,4937,852,3.908778024836781,15.278545647446927,97.92374,0.5908156244798046
NTail,14,4937,853,3.1902885629010522,10.177941114577258,78.394394,0.5335080007540447
NTail,14,4937,854,2.5743460380799785,6.627257523778082,34.86955,0.24934581080124496
NTail,14,4937,855,3.509549024091499,12.316934352501589,53.685486,0.2562556062630575
NTail,14,4937,856,2.8095565752801934,7.893608149700168,105.03041,0.46369528871322185
NTail,14,4937,857,3.964457465033162,15.716922992057167,84.591354,0.5043983691207135
NTail,14,4937,858,4.630705021526138,21.44342899638738,184.3221,0.8059616308936559
NTail,14,4937,859,4.633048257077965,21.46513615241317,132.53009,0.6326927885500536
NTail,14,4937,860,4.607964361607909,21.23333555784858,200.39622,0.7548448543258497
NTail,14,4937,861,3.642693896198891,13.269218821404658,66.79252,0.4947821552839275
NTail,14,4937,862,2.832204612234551,8.021382965562664,34.417686,0.1185868408773267
NTail,14,4937,863,2.5978880815822274,6.749022484426986,2.577228,0.556329204096844
NTail,14,4937,864,2.8297584962286315,8.007533146978126,14.131633,0.29125950578780757
NTail,14,4937,865,2.2633448045431357,5.122729704252404,23.49702,0.051108891018659966
NTail,14,4937,866,2.093942633290023,4.384595751509556,26.143284,0.1841546892775878
NTail,14,4937,867,2.4701802352289413,6.101790394515709,28.03377,0.17034213681410143
NTail,14,4937,868,2.972416598042155,8.835260432316497,26.514204,0.42218624826255546
NTail,14,4937,869,2.7061923134497143,7.323476837374317,26.66449,0.40051768628084705
NTail,14,4937,870,2.4509844941967414,6.007324990792854,25.177916,0.225545915886079
NTail,14,4937,871,2.958793198477228,8.754457191355106,22.729305,0.452778104060901
NTail,14,4937,872,2.5197353064256944,6.349066014448188,17.58618,0.09493199892224902
NTail,14,4937,873,3.536504985680336,12.506867513741874,83.95006,0.5206109644457185
NTail,14,4937,874,2.7567295532509695,7.599557829767289,11.268057,0.2340119876601575
NTail,14,4937,875,2.6434232312311106,6.987686379412325,8.085994,0.25092200171507073
NTail,14,4937,876,2.957739447011314,8.748222636406792,3.2105947,0.29985035142504113
NTail,14,4937,877,2.845067081832384,8.094406700126237,17.754559,0.24965917833543755
NTail,14,4937,878,3.8069616958468453,14.492957353645084,96.26718,0.6253263842429324
NTail,14,4937,879,2.990553175519231,8.943408295608158,47.369938,0.3340900590955606
NTail,14,4937,880,3.3499013769335124,11.22183923518104,51.1988,0.5077366095256214
NTail,14,4937,881,2.831740697749677,8.018755379291829,73.57498,0.20864844433865967
NTail,14,4937,882,3.028236862367238,9.170218494599778,55.828175,0.2836998996161999
NTail,14,4937,883,3.134484749875229,9.824994647200377,44.796055,0.6786986705456398
NTail,14,4937,884,2.691254290135952,7.242849654175167,40.07679,0.31772208494652276
NTail,14,4937,885,2.825593797593634,7.983980308999613,20.480494,0.1449056433489417
NTail,14,4937,886,3.022259693185543,9.134053653053973,113.79941,0.42763956548954934
NTail,14,4937,887,2.5303827049929923,6.402836633727653,24.622215,0.3203227321200888
NTail,14,4937,888,3.547839248561236,12.587163333631555,36.06723,0.5673612983961982
NTail,14,4937,889,3.1463230094048815,9.899348479510587,78.661415,0.5253050166323224
NTail,14,4937,890,2.626133731354407,6.896578374957422,19.907396,0.23420076730212047
NTail,14,4937,891,2.418750852574609,5.850355686830399,31.49095,0.1709476202037071
NTail,14,4937,892,2.9911355219385958,8.946891710602875,11.102451,0.47120111563435596
NTail,14,4937,893,3.8881222193580074,15.11749439266544,49.688324,0.6116624738112891
NTail,14,4937,894,4.096112941284951,16.778141227762056,97.6102,0.6634462948849422
NTail,14,4937,895,4.1180145393663015,16.958043746432256,249.45416,0.661571948302265
NTail,14,4937,896,3.7324177859262964,13.930942528698958,132.67479,0.4025896627097274
NTail,14,4937,897,3.3155175682829126,10.992656745592635,48.527092,0.40100329773971893
NTail,14,4937,898,3.4532623940445144,11.925021162122052,71.299835,0.6920103409171435
NTail,14,4937,899,3.4522355749852873,11.917930465193995,75.29805,0.3064501631009078
NTail,14,4937,900,2.73791375940454,7.4961717539367,53.035133,0.20792942060664843
NTail,14,4937,901,3.00162657502095,9.009762095872,137.81265,0.42021616152417407
NTail,14,4937,902,3.270848722071424,10.698451362676266,17.061272,0.19031558631675566
NTail,14,4937,903,4.149317808945396,17.216838279631418,57.093735,0.6792680274413917
NTail,14,4937,904,4.561454115541987,20.806863648194927,297.09998,0.7424395565083596
NTail,14,4937,905,3.3036116744026844,10.913850095249709,135.30855,0.588069668455187
NTail,14,4937,906,4.277023595648252,18.2929308377319,147.21184,0.4852861336301644
NTail,14,4937,907,2.2335182188932596,4.988603634128117,37.952682,0.1596514695615102
NTail,14,4937,908,2.848220218450311,8.112358412789138,56.70846,0.1722529431546637
NTail,14,4937,909,2.853670748273185,8.14343673955004,21.63089,0.22443573838119946
NTail,14,4937,910,2.767687346815904,7.66009324972486,51.198753,0.34933527560034694
NTail,14,4937,911,3.842839631517693,14.767416433563037,92.51876,0.6353877371558653
NTail,14,4937,912,3.7393979838014855,13.98309728125862,149.39078,0.6601209966105626
NTail,14,4937,913,3.608593067499937,13.021943926808607,141.12134,0.5754830412538965
NTail,14,4937,914,3.833872345851047,14.698577164281408,131.96902,0.674547772370868
NTail,14,4937,915,3.7643385009626664,14.170244349829854,94.27835,0.581067789218383
NTail,14,4937,916,3.158592277191828,9.976705173535853,22.83916,0.27280369152918693
NTail,14,4937,917,2.8511959448549726,8.129318315957441,41.482323,0.1437446255381742
NTail,14,4937,918,3.058183855645527,9.352488494930942,85.08449,0.5421023743727181
NTail,14,4937,919,3.5452435746081985,12.568752003300716,98.15476,0.4191039569398058
NTail,14,4937,920,4.257350784757082,18.125035704471742,104.15717,0.5515205662383845
NTail,14,4937,921,4.072893371697504,16.588460417217465,118.29896,0.52310105181057
NTail,14,4937,922,2.5054686164011204,6.277372987770945,16.891777,0.23935300019138284
NTail,14,4937,923,3.1485373074275413,9.913287176263069,114.560425,0.5494342023294956
NTail,14,4937,924,4.780326873727651,22.851525019682782,137.33589,0.8242304518254149
NTail,14,4937,925,3.3690869505815506,11.350746880578892,52.047497,0.4798015019642097
NTail,14,4937,926,4.3962944611661365,19.32740498928005,197.98865,0.5676172815203553
NTail,14,4937,927,4.2416728499530265,17.991788566028628,77.894196,0.7678775952755821
NTail,14,4937,928,3.4093304528782418,11.623534136922958,59.819145,0.6691010932807444
NTail,14,4937,929,4.287254732591511,18.38055314212831,143.33305,0.687583816745343
NTail,14,4937,930,4.439764791851496,19.711511406964156,114.386475,0.7747872441658006
NTail,14,4937,931,2.969351121401474,8.81704608216819,19.389494,0.20647374864237494
NTail,14,4937,932,2.946971426858754,8.684640590721921,21.778288,0.19066301564373578
NTail,14,4937,933,3.2720218351445363,10.706126889662617,84.51265,0.4286452195126452
NTail,14,4937,934,2.937045798331813,8.626238021498558,19.02686,0.42180716727404144
NTail,14,4937,935,3.0506330607065713,9.306362071075943,61.037205,0.367249318721277
NTail,14,4937,936,4.820100400550246,23.233367871384647,152.09906,0.7702598374996068
NTail,14,4937,937,3.651619813878498,13.33432726511004,56.246822,0.5214951035640003
NTail,14,4937,938,3.188904314289196,10.169110725692247,72.30438,0.5116699801110471
NTail,14,4937,939,2.7805557337991864,7.731490188763534,26.765528,0.41035862101157855
NTail,14,4937,940,2.7219280041302976,7.408892059668746,18.794714,0.2271940347746405
NTail,14,4937,941,3.4724373990495394,12.057821490317929,96.897064,0.3096995610454673
NTail,14,4937,942,3.5316253628544367,12.472377703556724,64.52421,0.4969559558230384
NTail,14,4937,943,3.172107110510817,10.062263520553282,41.537918,0.3148766089572599
NTail,14,4937,944,3.379310284014377,11.419737995645331,20.732906,0.110648634886608
NTail,14,4937,945,3.004283473875151,9.025719191399345,84.89603,0.3070456456543451
NTail,14,4937,946,3.1241783033768287,9.760490071290521,73.67957,0.22742708249986424
NTail,14,4937,947,3.0434114887194412,9.262353489669483,47.786736,0.23043309357560787
NTail,14,4937,948,2.6772502844277657,7.167669085468551,47.674484,0.20253539814654592
NTail,14,4937,949,2.873991131374968,8.25982502322197,21.718258,0.19112085463352962
NTail,14,4937,950,2.7942367768968697,7.807759165363009,32.687065,0.13984226506406558
NTail,14,4937,951,2.843929400985346,8.087934437788869,32.603237,0.1270681050464636
NTail,14,4937,952,2.221701239787249,4.935956398872199,10.865679,0.0870955697242344
NTail,14,4937,953,2.3115106201546025,5.343081347087516,5.647086,0.10356619118730348
NTail,14,4937,954,2.2296497675315066,4.9713380858533,21.574814,0.18631458873754453
NTail,14,4937,955,2.914013055649178,8.491472088493856,34.365913,0.35459144385523234
NTail,14,4937,956,3.9615183319900016,15.693627494692848,115.303116,0.7709289891915916
NTail,14,4937,957,3.5104562668488186,12.323303201458142,35.93653,0.5110933395399202
NTail,14,4937,958,2.9482972011867643,8.692456386525707,28.907457,0.45705619619730276
NTail,14,4937,959,4.1102049370333615,16.89378462441342,63.826347,0.7250687521628246
NTail,14,4937,960,4.629345820038458,21.430842721507556,125.626686,0.7718420338273182
NTail,14,4937,961,2.51039615129408,6.302088836432128,46.745506,0.06737555074487571
NTail,14,4937,962,2.6133000392557086,6.829337095173889,7.7160997,0.17098356137385423
NTail,14,4937,963,2.2750829640311245,5.176002493224649,40.753654,0.2064204185847558
NTail,14,4937,964,3.286079638994692,10.798319393815481,38.65973,0.3534074281042976
NTail,14,4937,965,3.4422504510021645,11.849088167424602,86.49956,0.6658481293258218
NTail,14,4937,966,3.670856411254595,13.475186792048962,109.17133,0.46950582804067614
NTail,14,4937,967,3.4195828165161353,11.693546639012423,73.03914,0.7143956534595931
NTail,14,4937,968,3.6485509738365534,13.31192420868366,134.8782,0.5940220451835504
NTail,14,4937,969,2.4684532574618117,6.09326148427383,10.859889,0.1916408325396531
NTail,14,4937,970,3.3016560055045328,10.900932378684146,139.42279,0.6818147859557347
NTail,14,4937,971,2.35719652827243,5.556375472899597,26.45362,0.10362579481954237
NTail,14,4937,972,2.896199355359798,8.387970705986504,22.855545,0.1905118129628124
NTail,14,4937,973,2.923135401830031,8.544720577432015,35.522717,0.19462340666144345
NTail,14,4937,974,3.3872320478709264,11.47334094612387,41.137703,0.5345360712358769
NTail,14,4937,975,3.1450901495499055,9.891592048795845,56.074516,0.24620357724762998
NTail,14,4937,976,2.922692807400361,8.542133246429803,52.651085,0.3211423480807015
NTail,14,4937,977,3.1502225641630055,9.923902203761738,60.166126,0.5440613175529501
NTail,14,4937,978,2.88036881039107,8.29652448387367,82.01003,0.3816705824500144
NTail,14,4937,979,3.5452230691919446,12.56860661033075,76.126366,0.4181040248908242
NTail,14,4937,980,3.822542183305042,14.61182874314648,33.507214,0.41217807521313543
NTail,14,4937,981,3.7288224775071575,13.904117068762606,73.136154,0.32913996308696214
NTail,14,4937,982,2.600559967472114,6.762912144418564,30.503483,0.14249175221789565
NTail,14,4937,983,2.933156098494746,8.603404698136922,40.105698,0.21258205247902678
NTail,14,4937,984,3.8802868546960827,15.05662607472722,134.68582,0.4463286339355511
NTail,14,4937,985,3.027453978090235,9.165477589454392,41.66629,0.2844229296701719
NTail,14,4937,986,3.0129086711886957,9.077618660924031,70.820526,0.5740711990188285
NTail,14,4937,987,2.6748667820478507,7.154912301703024,16.61949,0.33277058914694463
NTail,14,4937,988,2.5048319056783837,6.274182875704406,51.4307,0.4164777600340621
NTail,14,4937,989,3.7646334890943756,14.172465307210889,99.940125,0.3603166949828474
NTail,14,4937,990,2.9190635210818496,8.520931840110766,47.106777,0.3234478381102819
NTail,14,4937,991,3.929506512879747,15.441021434764352,102.62533,0.4012177004369268
NTail,14,4937,992,4.161289203191791,17.31632783260057,134.5594,0.7054566046041895
NTail,14,4937,993,2.5883178384623724,6.69938923290253,23.556026,0.38323067045342957
NTail,14,4937,994,3.7194687406382734,13.834447712585263,158.05876,0.4609309256876961
NTail,14,4937,995,4.192812814965552,17.579679301339347,63.608494,0.5405742293554713
NTail,14,4937,996,3.784452253725507,14.322078860728073,70.41168,0.624982850245121
NTail,14,4937,997,2.8879327993699895,8.340155853676983,8.694008,0.1334449293153803
NTail,14,4937,998,3.613059813505432,13.054201215967911,63.699963,0.4293468195287873
NTail,14,4937,999,2.1972366789514797,4.827849023329726,14.2945595,0.18699241938129824
NTail,14,4937,1000,3.669145811594884,13.462630986744276,74.22668,0.5372860992651187
NTail,14,4937,1001,3.8448419766994952,14.782809825790476,163.80652,0.5285076320488424
NTail,14,4937,1002,3.8504549632163014,14.826003423757049,127.60372,0.5968103646729144
NTail,14,4937,1003,3.031299449720511,9.188776353875875,25.42369,0.5022625261315099
NTail,14,4937,1004,2.8355319552353393,8.040241469160746,28.519009,0.3001840139470576
NTail,14,4937,1005,2.6615938197966034,7.08408166157947,71.15631,0.3568962721896223
NTail,14,4937,1006,2.9904696089859235,8.942908482268422,11.919115,0.3370156701611227
NTail,14,4937,1007,2.961891488882639,8.772801191915418,25.250359,0.3742194057086905
NTail,14,4937,1008,2.212529155331672,4.89528526319268,25.14059,0.13393850570921642
NTail,14,4937,1009,5.00760489826711,25.07610681714876,218.58759,0.8114714263949381
NTail,14,4937,1010,5.58951862090359,31.24271841342797,162.2064,0.8730164818361026
NTail,14,4937,1011,3.9739423288173543,15.792217632766294,138.19833,0.6578955272699413
NTail,14,4937,1012,3.627165551033634,13.156329934605127,37.787525,0.8236096916412717
NTail,14,4937,1013,3.181410579496439,10.121373275331864,75.58926,0.4072353351063575
NTail,14,4937,1014,4.0683479040879975,16.551454668697204,120.165016,0.629427618740064
NTail,14,4937,1015,4.0534552279527025,16.430499285017095,46.61876,0.21861326743320564
NTail,14,4937,1016,2.55473469741232,6.526669374162419,21.86762,0.34050018644989394
NTail,14,4937,1017,2.7626887114107537,7.632448916156406,36.886124,0.2558190933267084
NTail,14,4937,1018,3.142281178762252,9.87393100640349,79.723114,0.47603576067711795
NTail,14,4937,1019,2.9217911269437544,8.536863389487257,78.42575,0.47159684078375586
NTail,14,4937,1020,2.598119358487369,6.750224200946822,65.54224,0.24091769430701865
NTail,14,4937,1021,2.628980858139263,6.911540352462658,48.718895,0.15883660041647207
NTail,14,4937,1022,2.564738543980964,6.577883798981594,41.990692,0.185108173686144
NTail,14,4937,1023,3.1597801654925135,9.984210694239897,77.91489,0.2867087251587953
NTail,14,4937,1024,2.0739247594369115,4.30116390780545,14.186786,0.11763960751441781
NTail,14,4937,1025,3.1798684089042344,10.11156309794715,88.93869,0.33717243334740904
NTail,14,4937,1026,3.7666369981616596,14.187554275920279,130.86371,0.660443700482257
NTail,14,4937,1027,5.254141073989512,27.60599842538366,158.51949,0.7402307435616288
NTail,14,4937,1028,3.908874164562708,15.279297234385806,64.89444,0.636399738750168
NTail,14,4937,1029,3.389673628150178,11.489887305376792,48.525455,0.6840227875629419
NTail,14,4937,1030,3.9387544817041227,15.513786867144312,67.61689,0.4788895509813844
NTail,14,4937,1031,3.5927696168085097,12.907993519462362,123.99489,0.5207498649907484
NTail,14,4937,1032,2.9190273591508853,8.520720723471394,53.092983,0.39039102914562673
NTail,14,4937,1033,3.568825019802742,12.736512021970045,77.76109,0.5288629507176693
NTail,14,4937,1034,3.4240381042379835,11.724036939273644,54.704952,0.18262737953312405
NTail,14,4937,1035,2.2728857953128268,5.166009838534821,36.69114,0.16079585882936376
NTail,14,4937,1036,4.058159745129784,16.46866051699184,167.69843,0.8253276986489602
NTail,14,4937,1037,4.465768108287183,19.943084796994892,106.69545,0.8053767343036733
NTail,14,4937,1038,5.188452993325072,26.920044463943896,224.70636,0.8040160378777088
NTail,14,4937,1039,3.6116952890319474,13.044342860815563,59.986126,0.3821718538600577
NTail,14,4937,1040,3.782392997614986,14.30649678840688,116.76805,0.40123176832363616
NTail,14,4937,1041,3.124113343254347,9.760084181499852,68.737915,0.26120435277734283
NTail,14,4937,1042,4.384007501810806,19.219521775933423,197.36035,0.4688638479638563
NTail,14,4937,1043,3.5052194883045917,12.286563661190307,56.775196,0.5209002476384375
NTail,14,4937,1044,3.2526944226586902,10.58002100719495,100.746445,0.5776883010583774
NTail,14,4937,1045,5.1931623405239495,26.968935095036198,180.3831,0.7179829045605683
NTail,14,4937,1046,4.448613982712068,19.790166367181325,151.86842,0.6625771795111177
NTail,14,4937,1047,4.491119298509689,20.170152553446165,132.76794,0.6490597740364732
NTail,14,4937,1048,2.8913633667327825,8.359982118484327,33.02424,0.39273561074203206
NTail,14,4937,1049,2.947027400559614,8.684970499649157,47.2197,0.25948859784480827
NTail,14,4937,1050,3.9290552469571147,15.43747513364123,80.08745,0.5003178541342873
NTail,14,4937,1051,5.621476252618499,31.600995258753724,248.84659,0.7434618603560663
NTail,14,4937,1052,4.098812628737576,16.800264965498638,121.496185,0.6502960536786049
NTail,14,4937,1053,3.5408117230339085,12.53734765797436,167.46898,0.5340361889416088
NTail,14,4937,1054,3.2690701721796165,10.68681979063447,61.289886,0.6291832770252119
NTail,14,4937,1055,2.1396595487692975,4.5781429846396335,12.5762005,0.13852964771421025
NTail,14,4937,1056,2.5847198872298,6.6807768954412285,14.193378,0.20218325287184902
NTail,14,4937,1057,3.327771061133455,11.074060235317281,72.79961,0.23580795025010942
NTail,14,4937,1058,3.8000608467860686,14.440462439276452,91.77584,0.47940705569645176
NTail,14,4937,1059,3.990567674068089,15.924630361317195,72.319855,0.6306344367871767
NTail,14,4937,1060,4.44928688876648,19.7961538185493,135.60193,0.7743375026461676
NTail,14,4937,1061,3.6707732787502705,13.474576463987008,136.84201,0.6143419147351628
NTail,14,4937,1062,3.747669275904062,14.045025001555278,88.366486,0.606361261950586
NTail,14,4937,1063,3.0199947840319674,9.120368495580292,67.919525,0.3425382765862905
NTail,14,4937,1064,3.5811443151283,12.82459460577574,99.712204,0.4933043433540433
NTail,14,4937,1065,3.7581029212735864,14.123337566885064,46.438538,0.5319688149932332
NTail,14,4937,1066,4.095548520257995,16.773517681787453,142.35843,0.4390054851465808
NTail,14,4937,1067,4.639909515456701,21.528760311625636,161.08556,0.7585496383744177
NTail,14,4937,1068,5.099760526097526,26.00755742354253,144.39871,0.7752894538648927
NTail,14,4937,1069,3.9513018593027693,15.612786383329523,76.99795,0.5613075960666456
NTail,14,4937,1070,3.192947648892094,10.19491468856555,72.62511,0.5134657806062584
NTail,14,4937,1071,3.1478152715978136,9.908740984104417,103.62599,0.7073901278610297
NTail,14,4937,1072,3.415626225322487,11.66650251111074,84.12933,0.5242947676203726
NTail,14,4937,1073,2.0516374013215235,4.209216026501334,24.940426,0.2493413090616073
NTail,14,4937,1074,2.9382324891335423,8.633210160199893,122.76221,0.5469078764611988
NTail,14,4937,1075,3.1002804173580785,9.611738666253984,76.11937,0.37924104946193793
NTail,14,4937,1076,4.420594734344813,19.541657805317087,146.2263,0.669573465905677
NTail,14,4937,1077,2.468086487841807,6.091450911467308,34.129356,0.38845647667129957
NTail,14,4937,1078,2.0953623052564057,4.390543190289438,4.8286905,0.09901546153408067
NTail,14,4937,1079,4.020364383077506,16.163329772718175,73.59511,0.5473479511597913
NTail,14,4937,1080,3.1970862973048693,10.221360792414558,34.151527,0.5358581076048805
NTail,14,4937,1081,2.9948014910022716,8.968835970509431,33.348984,0.34030876216190525
NTail,14,4937,1082,3.1890976069968446,10.170343546953001,16.520979,0.24452016014990327
NTail,14,4937,1083,2.900383496828937,8.412224428677652,68.36725,0.21117040626261468
NTail,14,4937,1084,2.957377940378954,8.746084282240064,44.21017,0.1611172940028356
NTail,14,4937,1085,3.2087150360782055,10.295852182754363,89.900826,0.5558115745749309
NTail,14,4937,1086,2.8115181109910656,7.904634088430769,82.21256,0.40187594159135454
NTail,14,4937,1087,3.961647076490154,15.694647558662988,145.33139,0.728247258559964
NTail,14,4937,1088,2.926732653578159,8.565764025520654,76.7851,0.34361759520681784
NTail,14,4937,1089,2.9128270255824322,8.484561280963398,52.992638,0.3855311682571908
NTail,14,4937,1090,3.016462865663474,9.099048219926697,85.21196,0.25479914742841436
NTail,14,4937,1091,3.5256840793833986,12.430448227617568,29.690542,0.6245307187033786
NTail,14,4937,1092,2.464274547137798,6.072649043671197,58.28276,0.3205307152841451
NTail,14,4937,1093,3.257051043442518,10.608381499589997,48.60423,0.4973374590364382
NTail,14,4937,1094,2.9251179802124674,8.556315198162267,45.819122,0.2616341866538919
NTail,14,4937,1095,3.102420430621767,9.625012528339347,39.728172,0.11303633904038872
NTail,14,4937,1096,2.3777927937685552,5.65389857009767,9.886187,0.45492741322273617
NTail,14,4937,1097,2.2266394730124697,4.957923342777248,5.5869265,0.1564991795901884
NTail,14,4937,1098,2.176600679317001,4.737590517203229,6.77051,0.15767450839185948
NTail,14,4937,1099,3.5339369933715736,12.488710673120117,82.18349,0.4727089613923654
NTail,14,4937,1100,3.515364248098753,12.35778579681091,73.91626,0.3871828744629323
NTail,14,4937,1101,3.3384811048882375,11.145456087695784,119.93816,0.5391018320114809
NTail,14,4937,1102,2.9926280656687947,8.955822739428553,58.357513,0.461390151477855
NTail,14,4937,1103,2.1440242622885335,4.59684003728189,12.646054,0.12596074345804192
NTail,14,4937,1104,3.3021011685801764,10.903872127538575,49.607445,0.41696224322253617
NTail,14,4937,1105,4.414854493828953,19.490940201681703,135.33469,0.8465049624580838
NTail,14,4937,1106,2.7731686063170273,7.690464119062324,33.37387,0.21056856287357317
NTail,14,4937,1107,4.35738517070099,18.986805525844897,152.66718,0.5029201438298078
NTail,14,4937,1108,4.092684534825375,16.750066701598797,95.053566,0.5380527537942813
NTail,14,4937,1109,2.847273925904061,8.106968809133125,42.168884,0.2095792771046013
NTail,14,4937,1110,3.971120897781355,15.76980118479579,130.58855,0.751553533544536
NTail,14,4937,1111,4.128675563009468,17.04596190459154,162.35025,0.691353465233353
NTail,14,4937,1112,4.140281210403767,17.14192850122248,93.872925,0.6004306589573014
NTail,14,4937,1113,4.060361351189202,16.486534302230996,182.48521,0.49220197595211485
NTail,14,4937,1114,3.8838141372347508,15.084012252584513,94.37931,0.4778077165255361
NTail,14,4937,1115,2.544552601228256,6.474747940417483,64.21432,0.42097106917030414
NTail,14,4937,1116,2.67399900086097,7.150270656605466,24.718704,0.4272044511235955
NTail,14,4937,1117,2.5882952020126324,6.699272052761612,49.495556,0.10936524550588816
NTail,14,4937,1118,2.650931387195981,7.02743721962081,17.387493,0.1555826441749546
NTail,14,4937,1119,3.4865451210725573,12.155996881274854,52.472836,0.2819766899844204
NTail,14,4937,1120,3.5764560442499387,12.791037836451917,113.66861,0.6161622477808062
NTail,14,4937,1121,4.250114472997425,18.063473033582184,186.72446,0.6918628345940389
NTail,14,4937,1122,3.162699621428882,10.002668895386392,67.00126,0.47880917243856924
NTail,14,4937,1123,3.2401023320763587,10.498263122326662,5.5849237,0.20472182278665113
NTail,14,4937,1124,3.1141532220438126,9.697950290365858,37.748028,0.11714557581830912
NTail,14,4937,1125,3.9851668185606983,15.8815545717572,112.51242,0.7678320304378063
NTail,14,4937,1126,4.284089707361578,18.353424620721405,150.1337,0.7006397152352738
NTail,14,4937,1127,4.388969479135656,19.263053088784307,88.96088,0.559054657256177
NTail,14,4937,1128,4.333668900803303,18.78068614178971,138.84525,0.5843628770538536
NTail,14,4937,1129,3.3238360356583656,11.047885991941119,51.89889,0.3037953493771972
NTail,14,4937,1130,3.070315965116112,9.42684012564688,74.620415,0.262883065190454
NTail,14,4937,1131,5.6111698306035365,31.48522686787531,194.61464,0.6806544576181867
NTail,14,4937,1132,3.5852572023887523,12.854069207280423,106.09677,0.6023442663685628
NTail,14,4937,1133,4.144585001652002,17.177584835918726,104.5316,0.6885026316569757
NTail,14,4937,1134,3.1707586534512027,10.053710438435685,19.070509,0.4753474816833109
NTail,14,4937,1135,4.589169790769186,21.060479368508503,193.71672,0.6989277773088429
NTail,14,4937,1136,3.96159341809407,15.69422241028626,153.0956,0.7756201761958208
NTail,14,4937,1137,2.65131341841089,7.029462842645641,21.294502,0.22691911145066193
NTail,14,4937,1138,3.069520993213955,9.421959127781186,82.71894,0.46262510287097136
NTail,14,4937,1139,3.7773356359410326,14.268264506550043,73.14347,0.4756219250977255
NTail,14,4937,1140,3.7400798757480334,13.988197476975422,39.84066,0.725544157764803
NTail,14,4937,1141,4.792207351268589,22.965251297552705,201.30942,0.5800555590936639
NTail,14,4937,1142,4.162304217940843,17.32477640268813,212.21536,0.6301857895787767
NTail,14,4937,1143,2.529786958325357,6.399822054513061,34.1476,0.13937461659685899
NTail,14,4937,1144,2.7207239980508535,7.402339073569821,82.668816,0.18549588216554824
NTail,14,4937,1145,2.5028771274591795,6.264393915158312,8.630826,0.2173625971021687
NTail,14,4937,1146,2.7447612382272637,7.533714254874861,46.98918,0.26429610028895256
NTail,14,4937,1147,3.312290230099876,10.971266568415093,52.69199,0.39140392962183135
NTail,14,4937,1148,3.513914682821021,12.347596398145155,53.861904,0.524431661134821
NTail,14,4937,1149,3.4016687583219367,11.571350341343505,59.850803,0.6846347911827495
NTail,14,4937,1150,3.8709395736330885,14.984173182718722,94.504585,0.5683837172552527
NTail,14,4937,1151,4.060080812684254,16.484256205526837,120.50192,0.600016855848065
NTail,14,4937,1152,3.7499752066541965,14.062314050521186,77.2198,0.5993405425016616
NTail,14,4937,1153,3.6191268784864397,13.098079362583002,119.06914,0.5192947618318708
NTail,14,4937,1154,4.482614654886246,20.09383414420094,100.31688,0.7402566350084202
NTail,14,4937,1155,3.2388942726581043,10.490436109457468,99.22887,0.5038989358338722
NTail,14,4937,1156,3.1360121916289097,9.834572466045158,116.41479,0.48150358945822574
NTail,14,4937,1157,2.493356520172925,6.216826736688838,45.23442,0.35041363124061714
NTail,14,4937,1158,2.855432282238214,8.153493518448137,54.45494,0.45967367350400135
NTail,14,4937,1159,3.6901662127043156,13.61732667738452,69.81273,0.14351089024836433
NTail,14,4937,1160,3.6876421096863816,13.598704329132229,105.244965,0.31068311700605267
NTail,14,4937,1161,3.453598917294491,11.92734548153768,169.45082,0.5781955791654494
NTail,14,4937,1162,3.853292904842572,14.847866210510107,84.58355,0.6887114591796508
NTail,14,4937,1163,3.585871389529326,12.858473622244984,84.59869,0.5994956926275475
NTail,14,4937,1164,3.081112615702833,9.493254950643152,25.837889,0.4140030104433568
NTail,14,4937,1165,3.4323625839022682,11.781112907372252,89.96196,0.2606151330951046
NTail,14,4937,1166,2.607125150519488,6.797101550471263,14.428157,0.14129110559171115
NTail,14,4937,1167,3.208844973557073,10.296686064322495,61.33515,0.23331855514783462
NTail,14,4937,1168,2.768220623885143,7.66304542250305,15.205439,0.2724553292306815
NTail,14,4937,1169,3.7116786610862187,13.776558483162788,96.56222,0.6912440892314862
NTail,14,4937,1170,2.2854357365004367,5.223216505673294,30.476067,0.056826830952294974
NTail,14,4937,1171,3.2162096616753657,10.344004587853965,61.08213,0.5805020708193495
NTail,14,4937,1172,3.29543956315331,10.859921914396079,82.45616,0.5140835666748136
NTail,14,4937,1173,4.0904006018228865,16.73137708339303,106.15786,0.7748797597493602
NTail,14,4937,1174,4.9673263017031255,24.674330587591644,193.42447,0.72335584918754
NTail,14,4937,1175,3.9910325465108776,15.9283407873091,76.733765,0.5987897220233557
NTail,14,4937,1176,2.838236944837145,8.05558895503849,68.366104,0.49767274626638547
NTail,14,4937,1177,3.4174353596838625,11.678864437617577,78.86374,0.5084780189250446
NTail,14,4937,1178,3.0295114741293827,9.177939771881586,14.590254,0.39928176625797285
NTail,14,4937,1179,2.5074162713538426,6.287136357850005,4.9282336,0.10242984563734264
NTail,14,4937,1180,2.7006186168804325,7.293340913841178,31.93588,0.12519011583924788
NTail,14,4937,1181,3.174212224834414,10.075623248288238,49.35005,0.4084338388060125
NTail,14,4937,1182,3.5306494993425717,12.465485887207958,76.36072,0.6507334461322174
NTail,14,4937,1183,3.8123977348341715,14.534376488568723,140.73343,0.531749953972371
NTail,14,4937,1184,2.2198351987159297,4.927668309458191,9.942515,0.22802646646419203
NTail,14,4937,1185,3.100725370925755,9.61449782590266,25.527954,0.27403477985959934
NTail,14,4937,1186,3.1507121280952486,9.926986914126486,73.75426,0.3297090281859494
NTail,14,4937,1187,3.454892471824004,11.936281991866178,45.635933,0.5285821115560465
NTail,14,4937,1188,3.464999488605931,12.006221456039372,93.21726,0.2536152153136617
NTail,14,4937,1189,2.8281549992591812,7.998460699834702,39.880062,0.02714321457000584
NTail,14,4937,1190,2.198486951459821,4.833344875739097,19.50099,0.1403399895425223
NTail,14,4937,1191,4.43005517554467,19.62538885837011,80.8207,0.7796530521675349
NTail,14,4937,1192,3.5806135811949167,12.820793617837484,75.20181,0.5995623536286337
NTail,14,4937,1193,4.719659676932262,22.275187466060338,156.38115,0.6892277909988707
NTail,14,4937,1194,4.7379787331399115,22.44844247568608,198.29794,0.8014034717039811
NTail,14,4937,1195,5.070172133500439,25.706645463324385,164.27821,0.7698836406131864
NTail,14,4937,1196,5.169592505602362,26.724686673980113,153.76512,0.8465846978156115
NTail,14,4937,1197,3.114906578285969,9.702642991449208,104.78584,0.6531940291159712
NTail,14,4937,1198,3.977982035835215,15.824341077427682,129.4125,0.6793882774105332
NTail,14,4937,1199,3.4035519080861,11.58416559103653,82.40794,0.4720826465532819
NTail,14,4937,1200,3.400003099936748,11.560021079579494,39.12944,0.49646524148985594
NTail,14,4937,1201,3.0252233490066853,9.151976311375224,107.63135,0.2838887641409506
NTail,14,4937,1202,3.2794881716162876,10.755042667771143,57.83706,0.6696513180954564
NTail,14,4937,1203,4.314282359956074,18.613032281428147,192.195,0.5258247714280107
NTail,14,4937,1204,5.349611533921177,28.61834356386249,190.70477,0.7661667734996568
NTail,14,4937,1205,5.222706756434791,27.276665863709617,248.11154,0.7814142353109689
NTail,14,4937,1206,3.5354301070016794,12.49926604149391,119.41072,0.5509925557698383
NTail,14,4937,1207,3.9305974166425757,15.449596051717291,111.131134,0.4745552992050103
NTail,14,4937,1208,3.1303633070543286,9.799174434152114,86.37523,0.4689759265474801
NTail,14,4937,1209,4.076023195277342,16.613965088438903,97.728745,0.4355431722205385
NTail,14,4937,1210,3.525092077498388,12.426274154841902,59.713398,0.4117104531831166
NTail,14,4937,1211,2.907518652620384,8.453664715335451,18.011513,0.4216369274893467
NTail,14,4937,1212,2.8158865769754104,7.929217214390295,13.54756,0.4024767671824321
NTail,14,4937,1213,2.8233144676792308,7.9711045834068575,22.464306,0.48399338318448265
NTail,14,4937,1214,4.032112628382494,16.25793224796158,102.27131,0.43484045009932415
NTail,14,4937,1215,4.963587795773073,24.637203806347383,209.76257,0.5639397578725392
NTail,14,4937,1216,3.964376271357911,15.716279220905658,76.88279,0.7163951062068663
NTail,14,4937,1217,4.064592484380804,16.520912064084914,68.92421,0.5523227227774717
NTail,14,4937,1218,4.153369594242821,17.250478986380777,168.61847,0.7631253829241189
NTail,14,4937,1219,2.735456736666127,7.482723558172099,67.31221,0.33949154664296577
NTail,14,4937,1220,3.641207858354016,13.25839466773904,54.468227,0.34380983008392735
NTail,14,4937,1221,2.7818222144039426,7.738534832551257,65.29488,0.291109869652896
NTail,14,4937,1222,3.5885420664194365,12.877634162461876,95.301865,0.3324529195002338
NTail,14,4937,1223,3.1639973777059605,10.010879406130195,53.22572,0.39832904250307977
NTail,14,4937,1224,2.268987081219579,5.148302374741347,28.350529,0.05023302596621361
NTail,14,4937,1225,3.076203642004832,9.463028847083793,71.482086,0.2769396479208491
NTail,14,4937,1226,2.5620874891434697,6.564292302025489,35.484608,0.3518299204301542
NTail,14,4937,1227,2.393305699475977,5.727912171144196,6.1472397,0.24170068091518643
NTail,14,4937,1228,3.362960969366663,11.309506481483565,18.799265,0.548135500470022
NTail,14,4937,1229,2.616060695833699,6.843773564285896,74.79083,0.41874636107227453
NTail,14,4937,1230,2.703592661614,7.30941327993307,27.421228,0.205825385304979
NTail,14,4937,1231,3.648476143613612,13.311378170517655,89.62222,0.5946532570568671
NTail,14,4937,1232,2.8102701802388044,7.8976184859394385,67.36569,0.29976194634352943
NTail,14,4937,1233,2.2710148637140755,5.157508511210261,22.238071,0.0837669637344651
NTail,14,4937,1234,3.6436803794643726,13.276406707693633,106.596756,0.48736654769834464
NTail,14,4937,1235,2.639548328992371,6.967215381086419,7.0898256,0.5100654697473416
NTail,14,4937,1236,3.9125353314766236,15.307932720052895,72.85456,0.6776765976603084
NTail,14,4937,1237,3.785794618960797,14.332240896952532,103.527374,0.7227638003988943
NTail,14,4937,1238,3.709872867500678,13.763156693017697,68.34701,0.5516115597082802
NTail,14,4937,1239,4.17976877903423,17.470467046189306,62.03475,0.4049682883779575
NTail,14,4937,1240,3.1519422222694664,9.934739772524983,49.932438,0.23948964275849874
NTail,14,4937,1241,2.2033821324514244,4.854892821606188,13.702182,0.15399646709470244
NTail,14,4937,1242,2.3716999082489356,5.6249604547880105,29.106865,0.08981867388540878
NTail,14,4937,1243,3.473232784074957,12.063345972373076,140.39081,0.5161672606061007
NTail,14,4937,1244,3.8908622338081496,15.138808922474544,103.49742,0.7203083589603708
NTail,14,4937,1245,3.6548388036632407,13.35784668076255,71.9068,0.5983187822086681
NTail,14,4937,1246,2.7332027053410997,7.470397028483908,9.0554085,0.19097518011596903
NTail,14,4937,1247,4.114831453533356,16.931837890987428,99.30206,0.456817743596183
NTail,14,4937,1248,3.743364709967898,14.012779351833045,68.1749,0.389115692721028
NTail,14,4937,1249,2.6517781028182457,7.031927106586338,49.74232,0.4343553649083943
NTail,14,4937,1250,2.649822737211136,7.021560538641117,83.80975,0.26621268868123504
NTail,14,4937,1251,2.593730622327197,6.727438541197829,66.04268,0.34827751013041053
NTail,14,4937,1252,3.2806860423171527,10.76290090825458,36.961037,0.5167234419396068
NTail,14,4937,1253,3.06516762384086,9.395252562242222,66.34794,0.47125561577249886
NTail,14,4937,1254,2.7849256935222595,7.75581111844044,62.541542,0.4961005192780633
NTail,14,4937,1255,3.6712136858117956,13.477809926891837,88.731514,0.698498951506759
NTail,14,4937,1256,4.713034610177141,22.212695236727605,110.32885,0.5564027048942704
NTail,14,4937,1257,2.510301282092245,6.301612526873969,10.935299,0.18828491668312167
NTail,14,4937,1258,2.883535170948611,8.314775082097633,16.921597,0.23122611483089128
NTail,14,4937,1259,2.795438483498764,7.8144763150258685,90.42189,0.2724938102780479
NTail,14,4937,1260,2.9722344341869347,8.834177531766528,33.896957,0.28729193217493587
NTail,14,4937,1261,4.440717861327139,19.71997512390988,110.80248,0.7021419194666241
NTail,14,4937,1262,4.2015608906286595,17.653113917660292,119.07473,0.45100459667075243
NTail,14,4937,1263,4.118258010485242,16.960049040925867,124.73964,0.7403208660531875
NTail,14,4937,1264,2.847049264180572,8.105689512671136,31.483086,0.35346919298145446
NTail,14,4937,1265,3.165012838864656,10.017306270178107,105.88237,0.4260591024120518
NTail,14,4937,1266,3.8147825299028386,14.552565750451903,51.305656,0.7598648213879526
NTail,14,4937,1267,2.6778557026841865,7.170911164398218,8.504487,0.44660013516316427
NTail,14,4937,1268,3.0162607861108723,9.097829129830178,51.331387,0.2837990714879464
NTail,14,4937,1269,2.9520308408345697,8.714486085238457,79.259514,0.34255228046808905
NTail,14,4937,1270,2.9820226928528752,8.892459340689513,21.128124,0.20711951293338082
NTail,14,4937,1271,3.3003253041256038,10.892147113051758,72.04401,0.6734295512875554
NTail,14,4937,1272,2.4463382742025885,5.984570951828501,29.938244,0.3478380430208183
NTail,14,4937,1273,3.9207764728102883,15.372488149742686,32.433205,0.3207761218137338
NTail,14,4937,1274,3.390087863336719,11.492695721142917,102.305534,0.701134776955048
NTail,14,4937,1275,3.3540795875639504,11.249849879713159,91.490715,0.5833802260451042
NTail,14,4937,1276,2.83057938627476,8.012179662003597,19.80717,0.13670682561984263
NTail,14,4937,1277,3.9815482313301245,15.852726318408044,149.93074,0.42988495460171094
NTail,14,4937,1278,4.113805847060795,16.92339854731159,199.98651,0.7027673990464519
NTail,14,4937,1279,3.996689725299182,15.973528760312043,125.71567,0.7459309208885724
NTail,14,4937,1280,3.9847762837965632,15.878442031907548,115.11862,0.4518567897669204
NTail,14,4937,1281,2.4241850381806787,5.876673099339059,43.867466,0.2356617213816479
NTail,14,4937,1282,2.676785713429538,7.1651817556204795,4.0365896,0.2719838283272317
NTail,14,4937,1283,3.3538769029149416,11.248490279906324,69.66615,0.4832134313515888
NTail,14,4937,1284,3.1620425663632057,9.998513191492808,68.37557,0.4422291354416803
NTail,14,4937,1285,2.712713673774082,7.358815475880874,41.76157,0.17177627495784395
NTail,14,4937,1286,2.591930499543406,6.718103714463331,5.198995,0.16502465355601464
NTail,14,4937,1287,2.1748134740594445,4.729813646950509,57.241325,0.31354553573326305
NTail,14,4937,1288,3.1643081024301987,10.012845767105404,95.487335,0.33155493676208136
NTail,14,4937,1289,3.896882601487426,15.185694009775407,88.27241,0.5013832080054001
NTail,14,4937,1290,4.054418788442468,16.438311712075283,114.82419,0.5033617812868966
NTail,14,4937,1291,3.1722630362542836,10.063252771185242,50.683926,0.4115213626898784
NTail,14,4937,1292,3.0237415462361987,9.143012938434879,76.789085,0.40094789920224555
NTail,14,4937,1293,2.981078007934934,8.886826089393315,7.3926477,0.43030928801387225
NTail,14,4937,1294,3.175249099050047,10.082206841018133,99.16825,0.6563102356820363
NTail,14,4937,1295,3.318525799322629,11.012613480769888,136.62459,0.43069205024697355
NTail,14,4937,1296,4.2096859432721425,17.721455740983068,146.06955,0.7978008118780999
NTail,14,4937,1297,2.793710567843048,7.804818736877924,37.41253,0.346069769509325
NTail,14,4937,1298,2.8026432808467576,7.854809359675478,62.28201,0.23908416718429482
NTail,14,4937,1299,3.1836513643736946,10.13563600987849,43.099728,0.4800108605066263
NTail,14,4937,1300,3.216578971368377,10.346380279049246,15.046087,0.16631328709381582
NTail,14,4937,1301,4.082268098895065,16.664912831256323,132.09207,0.547547818969792
NTail,14,4937,1302,5.163186663263028,26.658496519697213,201.13278,0.8016934913283963
NTail,14,4937,1303,3.651917581889888,13.336502024916486,131.03755,0.5051445816858716
NTail,14,4937,1304,3.8065985224451397,14.490192311081524,51.894894,0.6212950199156708
NTail,14,4937,1305,4.64091620470615,21.53810321910413,150.75966,0.5142694513423641
NTail,14,4937,1306,5.081138501670287,25.817968473156174,219.14375,0.8498477047488167
NTail,14,4937,1307,4.68576545072494,21.9563978592075,152.00407,0.8457353586247094
NTail,14,4937,1308,2.998819600601769,8.992918996953353,18.518652,0.21138089850902497
NTail,14,4937,1309,3.710439271261891,13.767359585722469,56.219505,0.6247975442247236
NTail,14,4937,1310,3.715655523088896,13.806095966261017,93.95779,0.6142918449666377
NTail,14,4937,1311,2.9438731866615555,8.666389339144862,9.876268,0.18182140471605868
NTail,14,4937,1312,3.0795992355444217,9.483931451565786,21.21313,0.24177864797539955
NTail,14,4937,1313,3.3946764447566156,11.52382816458541,84.817764,0.34456170098952893
NTail,14,4937,1314,2.822372559678451,7.965786865625892,60.418102,0.45994017792614605
NTail,14,4937,1315,2.357925223374474,5.559811359025562,64.353546,0.13825788000226413
NTail,14,4937,1316,3.0972888068722413,9.593197953176073,94.16424,0.22166707252988394
NTail,14,4937,1317,3.2363313788674692,10.473840793842214,42.056747,0.39335934162739944
NTail,14,4937,1318,3.2805926588088314,10.762288193030397,88.76354,0.5725476862140662
NTail,14,4937,1319,3.2481866154234194,10.55071628861585,141.63086,0.6101851735439294
NTail,14,4937,1320,3.8385628038595265,14.734564399173907,93.64909,0.5335776493481313
NTail,14,4937,1321,2.9686778814945582,8.81304836407502,105.85336,0.29994684846335873
NTail,14,4937,1322,2.486181515682699,6.181098528922321,22.959526,0.1546563369284644
NTail,14,4937,1323,3.385236397854064,11.459825469355954,25.186972,0.5517439306581323
NTail,14,4937,1324,4.732460837127793,22.396185574948298,181.89133,0.5331798783963327
NTail,14,4937,1325,4.225990243933856,17.858993541824127,105.223694,0.7646073190345758
NTail,14,4937,1326,3.349189539088008,11.217070568736542,80.31578,0.39939725945555726
NTail,14,4937,1327,3.161821221037933,9.997113433805803,78.30747,0.32471608298208776
NTail,14,4937,1328,2.2992431858319646,5.286519227594725,5.2868495,0.2426389325184407
NTail,14,4937,1329,2.584004897539886,6.6770813105101166,12.627755,0.195299534051221
NTail,14,4937,1330,2.4407643092753615,5.957330413432429,30.074108,0.1463445704179247
NTail,14,4937,1331,2.592706710386085,6.722128086081034,31.165794,0.4873451695462248
NTail,14,4937,1332,3.1109021012627194,9.677711883640805,70.431335,0.27174172161230675
NTail,14,4937,1333,3.267022607342489,10.673436716886915,78.93754,0.27740509679318553
NTail,14,4937,1334,2.9865018203638387,8.919193123036527,35.183727,0.3919032676872203
NTail,14,4937,1335,2.963116951898206,8.780062070626514,97.356575,0.4706510648512818
NTail,14,4937,1336,3.3792026459103934,11.419010522127804,99.968,0.4991714348915035
NTail,14,4937,1337,3.2821441157183058,10.772469996344299,68.432816,0.45023228795935544
NTail,14,4937,1338,2.4763520239144596,6.1323193463452395,34.752888,0.15757678501546024
NTail,14,4937,1339,2.949071094980842,8.697020323251502,66.95364,0.5578150279982219
NTail,14,4937,1340,2.5988988376749527,6.75427516846822,30.617804,0.13524387535460447
NTail,14,4937,1341,3.229272570766069,10.428201336302095,47.439373,0.172437126187677
NTail,14,4937,1342,3.6800210337964465,13.542554809184267,74.93109,0.6179126964314869
NTail,14,4937,1343,3.8863111149812584,15.103414082426875,86.97569,0.5597678553696424
NTail,14,4937,1344,3.7388663923578354,13.979121899902895,109.197525,0.3108729707891546
NTail,14,4937,1345,2.451310193683726,6.0089216656577475,6.6533203,0.1271426457713732
NTail,14,4937,1346,3.3172265346489067,11.003991882178791,94.72966,0.48947294713391487
NTail,14,4937,1347,3.9706516587196963,15.766074594893476,110.61473,0.5962670296754735
NTail,14,4937,1348,2.435807134198939,5.933156395014449,30.146763,0.24297176231581902
NTail,14,4937,1349,2.7841007871676253,7.75121719310739,71.68521,0.23592907818428566
NTail,14,4937,1350,2.845070846030703,8.09442811893386,66.26505,0.5149345691626073
NTail,14,4937,1351,3.800864012961094,14.446567245022717,109.699234,0.5983958053383281
NTail,14,4937,1352,3.3707720247104223,11.362104042570405,100.81,0.29884673123026034
NTail,14,4937,1353,3.1202239274100227,9.735797357182024,36.642567,0.5434954656234072
NTail,14,4937,1354,3.813482636419293,14.54264981827144,116.350006,0.4291498855874559
NTail,14,4937,1355,3.618075523397387,13.090470493007274,122.49238,0.6615629002217976
NTail,14,4937,1356,3.0636621921290343,9.386026027480883,49.801476,0.49245689069739657
NTail,14,4937,1357,2.9631478614910107,8.780245249058751,66.7727,0.32041031328974123
NTail,14,4937,1358,3.7091073678430893,13.757477466187888,54.470097,0.6427240093308204
NTail,14,4937,1359,2.5019375904770964,6.25969170664234,16.200182,0.4130379253541765
NTail,14,4937,1360,2.4590876682503127,6.047112160140762,56.59779,0.2897603766420577
NTail,14,4937,1361,2.0574212222161896,4.23298208562556,26.139545,0.12750415494337838
NTail,14,4937,1362,3.8738010214904928,15.006334354100781,162.45288,0.6462901777208925
NTail,14,4937,1363,3.2909675788248896,10.830467604876556,62.575623,0.4754071805003983
NTail,14,4937,1364,3.946142069070781,15.572037229290226,194.99347,0.6664076584829526
NTail,14,4937,1365,3.388532231529704,11.482150684115673,41.889862,0.28945634692405464
NTail,14,4937,1366,3.6167198656655213,13.080662586699628,35.799507,0.6449609081930899
NTail,14,4937,1367,4.423787972612791,19.56990002663359,214.89221,0.7616474186842916
NTail,14,4937,1368,5.818145835397085,33.85082096194845,199.27402,0.8491475086608015
NTail,14,4937,1369,4.119183997515779,16.967676805390067,68.629715,0.4496835782137386
NTail,14,4937,1370,3.826796208518322,14.6443692215302,94.53458,0.4129702809133224
NTail,14,4937,1371,3.044754930045671,9.270532584037419,71.86252,0.3309484097864646
NTail,14,4937,1372,2.1866392372197487,4.781391153748963,59.009583,0.3384158728902639
NTail,14,4937,1373,2.7580312802649583,7.6067365429199665,85.281166,0.30113136148529174
NTail,14,4937,1374,2.711755762203208,7.353619313842301,31.031849,0.0905472166481234
NTail,14,4937,1375,3.4422081166194713,11.848796718120969,58.15386,0.4237139089218171
NTail,14,4937,1376,3.409670993728356,11.625856285472516,65.52196,0.5691360014894475
NTail,14,4937,1377,2.817657310106435,7.93919271719623,22.916004,0.31745315156836407
NTail,14,4937,1378,3.0472758111905627,9.285889869467102,60.262077,0.4332647463726209
NTail,14,4937,1379,2.3359996434215065,5.456894334065405,20.596754,0.19507497243509303
NTail,14,4937,1380,2.8347789748444296,8.035971836220037,83.56534,0.3706661808426398
NTail,14,4937,1381,2.8611775152431727,8.186336773733094,43.819588,0.5029365210462391
NTail,14,4937,1382,3.3538702523682824,11.248445669720887,107.61515,0.545945987701336
NTail,14,4937,1383,4.2820118018849875,18.33562507148232,144.73875,0.7696356351443868
NTail,14,4937,1384,3.3972159891034894,11.541076476620399,80.88832,0.5498425639556748
NTail,14,4937,1385,3.1948818188353734,10.207269836324826,63.959602,0.5003048385341675
NTail,14,4937,1386,3.2844177858258248,10.787400191849017,58.282948,0.2803002216358295
NTail,14,4937,1387,3.0151683806634173,9.091240363752457,37.379845,0.2883170707297127
NTail,14,4937,1388,2.745722575171009,7.53899245980372,11.853529,0.1679777874986726
NTail,14,4937,1389,2.320096990088469,5.382850043417575,8.693124,0.11980214623171344
NTail,14,4937,1390,2.278586277529413,5.191955424145349,15.847935,0.08666645851820892
NTail,14,4937,1391,2.7006743239238205,7.293641803901382,45.62205,0.2250305872925505
NTail,14,4937,1392,2.879782066520605,8.293144750653688,46.52599,0.19622328715559134
NTail,14,4937,1393,3.226619619308947,10.411074167709419,90.592285,0.5654777297813087
NTail,14,4937,1394,3.180072623800741,10.112861892646928,44.800674,0.45029867062740514
NTail,14,4937,1395,4.227246576692163,17.869613620155608,226.4349,0.7036982791126677
NTail,14,4937,1396,3.7384234706050177,13.975810045570466,119.90254,0.2904167222624817
NTail,14,4937,1397,3.4519698002182775,11.916095501619015,58.383575,0.4316234571576004
NTail,14,4937,1398,3.7575179428750785,14.118941091028162,87.95254,0.37614469154079133
NTail,14,4937,1399,3.762572467645041,14.156951574280491,100.09955,0.6122248338394173
NTail,14,4937,1400,2.723098781494795,7.4152669737784365,77.018906,0.5253674968389287
NTail,14,4937,1401,2.228617115434518,4.966734247207672,4.7447066,0.09935866065710823
NTail,14,4937,1402,2.8129725351895836,7.912814483730912,57.124405,0.32042525441096137
NTail,14,4937,1403,4.326820536950325,18.7213759589751,132.9267,0.3022966550678315
NTail,14,4937,1404,4.212197531202844,17.742608041871335,151.72427,0.4714433399883431
NTail,14,4937,1405,4.863648117908575,23.65507301483563,160.75943,0.7884541910116136
NTail,14,4937,1406,2.5785894101259172,6.649123346013526,45.083958,0.12473833724115602
NTail,14,4937,1407,2.9370848613908893,8.626467483011538,29.89413,0.1929481398883588
NTail,14,4937,1408,3.614191238633952,13.062378309418422,82.043076,0.635545933892266
NTail,14,4937,1409,4.299708204781439,18.487490646264824,90.30588,0.7144505799434622
NTail,14,4937,1410,4.974754679774606,24.748184123939335,151.31468,0.8526831257066763
NTail,14,4937,1411,3.8460689717933354,14.792246535791447,89.04056,0.4554907474157176
NTail,14,4937,1412,2.6555972421502805,7.052196712516175,7.211235,0.5365764113897675
NTail,14,4937,1413,3.033587376742473,9.20265237233128,113.56824,0.4742526510520242
NTail,14,4937,1414,3.8326834210430354,14.689462205938149,75.436844,0.3731573508188091
NTail,14,4937,1415,4.303723195911093,18.522033347023196,134.44656,0.4787152914106454
NTail,14,4937,1416,2.9303396887265896,8.586890691326246,33.00765,0.09384567898679355
NTail,14,4937,1417,2.887492020489514,8.337610168390617,7.1992917,0.07864589128555431
NTail,14,4937,1418,2.9705448748800016,8.824136853675846,21.828604,0.289011239145292
NTail,14,4937,1419,4.319137150831172,18.65494572769001,129.89514,0.5895370679866176
NTail,14,4937,1420,3.7495543141149934,14.059157554498357,89.54463,0.5123845456973841
NTail,14,4937,1421,3.2875755355861553,10.808152902184597,99.2989,0.2898488542392684
NTail,14,4937,1422,3.2366503609190236,10.475905558837242,84.46488,0.3827070564776137
NTail,14,4937,1423,4.8671226474422875,23.688882865245635,156.76453,0.5306588645009915
NTail,14,4937,1424,5.512673552740707,30.38956969908686,253.10938,0.7814296878095782
NTail,14,4937,1425,4.890244991670755,23.914496078560894,52.11406,0.6920964557702932
NTail,14,4937,1426,3.622030708320671,13.119106452017942,63.844955,0.5863120948637005
NTail,14,4937,1427,3.4759147136864805,12.081983096822169,93.84728,0.42980479474076816
NTail,14,4937,1428,3.376717371706216,11.402220208382541,17.8359,0.5497794866326264
NTail,14,4937,1429,2.9935623878694333,8.96141577006654,25.557278,0.32134400531930496
NTail,14,4937,1430,3.797585530516087,14.421655861585144,82.47998,0.3339538937150557
NTail,14,4937,1431,2.582529675585316,6.669459525278798,3.3506737,0.2049516391193982
NTail,14,4937,1432,2.1822353563775687,4.762151150624334,4.306387,0.14273159451698697
NTail,14,4937,1433,2.1853321948893845,4.7756768020200555,32.25613,0.1628737756936088
NTail,14,4937,1434,3.0026409343831086,9.01585258083307,16.137728,0.2277234028751388
NTail,14,4937,1435,3.346564393443869,11.199493239466335,73.07754,0.11390802377321026
NTail,14,4937,1436,3.7525556975391545,14.081674263133564,121.60549,0.6080738265052429
NTail,14,4937,1437,4.09802457075895,16.793805382544072,156.66396,0.5898027852987364
NTail,14,4937,1438,3.9100108681685093,15.28818498919586,116.9823,0.5416856735268509
NTail,14,4937,1439,4.387420365259412,19.249457461493023,140.58829,0.5232750125638463
NTail,14,4937,1440,4.5518638662080635,20.71946465649063,149.01492,0.7571349822385485
NTail,14,4937,1441,3.5812388131795645,12.825271437023774,117.068214,0.3943173483672758
NTail,14,4937,1442,2.9662106180211385,8.798405430461342,39.1232,0.16298736454278925
NTail,14,4937,1443,3.2139216210529824,10.329292186271827,100.394264,0.4745797073713184
NTail,14,4937,1444,3.238068010894618,10.485084443179025,49.05635,0.24663681060508846
NTail,14,4937,1445,3.6867919759109684,13.592435073641504,97.29772,0.46898112904716244
NTail,14,4937,1446,4.843639101687945,23.4608397474004,152.77519,0.7353351990383677
NTail,14,4937,1447,3.2201792547135026,10.36955443248721,80.02649,0.26249612062608413
NTail,14,4937,1448,2.897769497112608,8.397068058396256,72.96984,0.397278248256994
NTail,14,4937,1449,2.729504295862212,7.450193701130271,24.108728,0.1323236465091735
NTail,14,4937,1450,3.116899272160056,9.71506107279189,45.080772,0.287833375709471
NTail,14,4937,1451,2.7295731421190506,7.4505695381776675,20.420273,0.4436655145729691
NTail,14,4937,1452,2.5768859736288894,6.640341321085307,36.85163,0.09786032948641385
NTail,14,4937,1453,3.1356657407024326,9.83239963741494,23.661615,0.3196460345164859
NTail,14,4937,1454,3.0009411408813875,9.005647731034482,28.181164,0.31398684707318264
NTail,14,4937,1455,3.3045545554478344,10.920080809931033,29.731712,0.21206116118413862
NTail,14,4937,1456,5.04989576780607,25.50144726570565,213.62589,0.7526925325645428
NTail,14,4937,1457,3.269230028595078,10.687864979867777,126.17234,0.5915461518443121
NTail,14,4937,1458,3.1060560940351145,9.647584459292672,14.130351,0.1972104450759799
NTail,14,4937,1459,4.7362293753617735,22.431868696039775,98.78984,0.7564438256085706
NTail,14,4937,1460,3.8833623387836913,15.080503054283541,111.10138,0.5115154851107789
NTail,14,4937,1461,4.195605911130981,17.603108961517226,165.34207,0.5909522341556748
NTail,14,4937,1462,3.06437779192767,9.390411251659499,61.03962,0.4260201350069679
NTail,14,4937,1463,3.7985875867161574,14.429267653954085,103.933395,0.6430532503795445
NTail,14,4937,1464,2.556760921112015,6.537026407725555,31.366558,0.11141396475486112
NTail,14,4937,1465,2.905079656111234,8.43948780835136,8.72488,0.23583999147442844
NTail,14,4937,1466,3.1893709133110755,10.172086822674729,77.504974,0.3209425650618321
NTail,14,4937,1467,2.9592652208056,8.757250647069613,31.794512,0.18681992958920177
NTail,14,4937,1468,2.823384304020134,7.971498928187258,45.238777,0.2399227221851195
NTail,14,4937,1469,2.662670099605062,7.0898120593308285,20.90544,0.5992993649152187
NTail,14,4937,1470,3.155505798610546,9.95721684506478,70.331024,0.19410801507433195
NTail,14,4937,1471,3.7200886420376267,13.839059504617351,182.2406,0.545877935772846
NTail,14,4937,1472,5.224196936364277,27.29223362991789,239.95021,0.8225592239612156
NTail,14,4937,1473,3.319696874973537,11.020387341709066,52.509705,0.3524965713054308
NTail,14,4937,1474,3.1449578712564716,9.890760011978033,67.77192,0.5192236573644486
NTail,14,4937,1475,2.8984089699238784,8.400774556935193,75.15037,0.1926467499030146
NTail,14,4937,1476,4.803624315724399,23.074806566618687,102.96876,0.726537101797516
NTail,14,4937,1477,3.351598560741201,11.233212912362493,104.00537,0.5159664807482999
NTail,14,4937,1478,4.120449654517912,16.978105355416776,178.95236,0.5808110746083066
NTail,14,4937,1479,3.759284930509129,14.132223188753029,82.6982,0.6802100714465842
NTail,14,4937,1480,3.9993634014877095,15.994907617159344,123.364395,0.7727718505813931
NTail,14,4937,1481,2.5947956916165054,6.732964681231575,57.952114,0.15615910464329172
NTail,14,4937,1482,2.483007270601516,6.1653251058599885,25.18701,0.25564017511554804
NTail,14,4937,1483,3.433672934073825,11.790109818191157,93.70569,0.2746582550582677
NTail,14,4937,1484,2.3186166606715553,5.375983219143716,18.607855,0.12961476484101242
NTail,14,4937,1485,4.227928573091131,17.875380019160417,164.60931,0.47561105176063173
NTail,14,4937,1486,3.1712754304580595,10.056987855826952,107.4726,0.5088505006386783
NTail,14,4937,1487,4.471232248139149,19.991917816799468,148.28088,0.733115003572972
NTail,14,4937,1488,3.852914111814572,14.844947153019874,52.83319,0.6541455310066596
NTail,14,4937,1489,2.9382062924910777,8.633056217234166,74.59572,0.41165494972793615
NTail,14,4937,1490,2.4989776258063596,6.244889174280791,27.552635,0.17785682122321012
NTail,14,4937,1491,2.8119929303683784,7.90730424044174,38.36381,0.25555309148275335
NTail,14,4937,1492,3.0956967173772303,9.583338165980157,91.0192,0.3155744485849533
NTail,14,4937,1493,2.4056537402180163,5.787169917824929,34.858574,0.3784944359776839
NTail,14,4937,1494,2.546042619824265,6.482333021961608,55.002274,0.1271145907040086
NTail,14,4937,1495,3.210180577682017,10.305259341326854,123.59862,0.5182523200267612
NTail,14,4937,1496,3.047721048011239,9.288603586490726,124.66126,0.41273087405045156
NTail,14,4937,1497,3.195701575360715,10.212508558762957,50.923775,0.43095440561357323
NTail,14,4937,1498,3.0297170389888755,9.179185336339524,12.6827965,0.14184518348532246
NTail,14,4937,1499,3.4399776927870875,11.833446526872775,30.670273,0.3337536015424032
NTail,14,4937,1500,3.2841511736376177,10.785648931305344,6.0512896,0.6045771830056883
NTail,14,4937,1501,2.8361542824976342,8.043771114129667,62.39319,0.2923491643387274
NTail,14,4937,1502,2.5104482661528977,6.302350497030089,29.45623,0.2389058506510597
NTail,14,4937,1503,2.9413314303191127,8.651430582983078,51.57099,0.3641381664961403
NTail,14,4937,1504,3.7687480414595145,14.203461800004929,123.35281,0.4215629945908351
NTail,14,4937,1505,3.10150814421604,9.619352768638423,34.823814,0.3628919167424274
NTail,14,4937,1506,3.8206144361168404,14.597094669464399,88.08032,0.6809728235609737
NTail,14,4937,1507,4.653197546096843,21.652247403001677,241.60571,0.7339799361224126
NTail,14,4937,1508,4.195495311023516,17.60218090482031,138.59584,0.7292866307196533
NTail,14,4937,1509,2.8234730340716037,7.971999974129512,37.586624,0.27656645587269857
NTail,14,4937,1510,3.179123975061276,10.106829248809406,45.740974,0.33876111253080493
NTail,14,4937,1511,3.9647946141008004,15.719596332002716,140.01245,0.31444173999271113
NTail,14,4937,1512,3.932885128731738,15.467585435799256,105.487274,0.5247753529555613
NTail,14,4937,1513,3.541237136325803,12.540360455692975,73.81401,0.4224157364339972
NTail,14,4937,1514,2.834434828739206,8.034020798369847,16.85355,0.4571763229714627
NTail,14,4937,1515,4.292541012102624,18.42590834058302,169.10204,0.6667210756130624
NTail,14,4937,1516,4.488929077141104,20.15048425960288,84.656906,0.4921184694468288
NTail,14,4937,1517,2.4336243816510525,5.922527630966468,22.432161,0.09519108781949362
NTail,14,4937,1518,4.648716783457381,21.610567732798344,111.90802,0.7377414947230669
NTail,14,4937,1519,3.2501527753766033,10.563493063288238,89.830246,0.3696206430002501
NTail,14,4937,1520,2.279627404932797,5.1967011053206384,2.934443,0.14604904205501135
NTail,14,4937,1521,2.9425786195107935,8.658768932002047,64.60646,0.22658751962535978
NTail,14,4937,1522,2.5600954989316977,6.554088963650339,39.962685,0.16085191029341453
NTail,14,4937,1523,3.02476307921472,9.149191685380517,23.59533,0.19547032177325163
NTail,14,4937,1524,3.1881376146488694,10.164221449938983,29.641457,0.23680613609866316
NTail,14,4937,1525,3.917987129821615,15.350623149447818,122.64576,0.5482839177232023
NTail,14,4937,1526,4.18678494922775,17.529168211080012,194.76437,0.7633148708031591
NTail,14,4937,1527,4.314925982383185,18.618586233445495,155.61488,0.8132032672529457
NTail,14,4937,1528,3.2019485070631486,10.252474241883926,52.91828,0.41351026093128906
NTail,14,4937,1529,4.601642343255919,21.17511225524582,184.65373,0.5717607884264304
NTail,14,4937,1530,2.0783354296516916,4.31947815814548,44.60869,0.11897355316599079
NTail,14,4937,1531,2.493951121343307,6.219792195649538,13.765674,0.23994221528696874
NTail,14,4937,1532,3.4196286061833265,11.693859804227321,38.67421,0.22148636288593268
NTail,14,4937,1533,3.3411564964305365,11.163326733639979,115.56562,0.42029084110660886
NTail,14,4937,1534,3.203477001871663,10.26226490152066,77.79449,0.24668461020454668
NTail,14,4937,1535,3.3604761560111926,11.292799995119758,91.34903,0.3590540386591744
NTail,14,4937,1536,2.9868833408236686,8.921472091689958,83.32761,0.4541669130825986
NTail,14,4937,1537,3.3081900577246084,10.944121458027944,85.84944,0.2768043590026429
NTail,14,4937,1538,3.1396984967992996,9.857706650803783,35.334473,0.3076615781863775
NTail,14,4937,1539,2.718278975675647,7.389040589600245,36.742527,0.4326117896957572
NTail,14,4937,1540,4.123467859842041,17.002987191150293,172.43468,0.4682849819525092
NTail,14,4937,1541,3.733245594991124,13.937122672520633,123.258316,0.5582042143257478
NTail,14,4937,1542,2.160706020049611,4.668650505078631,6.186251,0.17916400767304566
NTail,14,4937,1543,2.656281311897035,7.055830407933435,10.797904,0.47508549120823784
NTail,14,4937,1544,3.2236054415220057,10.391632042610286,36.282227,0.2584458219363042
NTail,14,4937,1545,2.451922293939413,6.011922935517113,52.78211,0.14427536309531708
NTail,14,4937,1546,3.7438274684834143,14.016244113770933,72.27662,0.426712771437291
NTail,14,4937,1547,3.900522869964582,15.214078659116744,55.72331,0.4419867444393417
NTail,14,4937,1548,3.616845905576833,13.081574304687901,100.083275,0.571014516982037
NTail,14,4937,1549,3.452320345654214,11.918515769018029,85.75793,0.5500646047572516
NTail,14,4937,1550,3.4729483835621218,12.061370474886761,69.3309,0.384087710214159
NTail,14,4937,1551,3.848824999613452,14.813453877649488,180.41093,0.6547002512115118
NTail,14,4937,1552,3.4050096633020357,11.59409080718024,76.290924,0.6584388700163633
NTail,14,4937,1553,3.0276894305644504,9.166903287951685,50.650677,0.3986717642459411
NTail,14,4937,1554,3.7509150208902784,14.069363493940317,80.992256,0.6219027178877913
NTail,14,4937,1555,4.0503112574238616,16.405021282014463,131.27373,0.5677769862460067
NTail,14,4937,1556,3.1713918753821213,10.05772642723973,56.513794,0.4407926022604465
NTail,14,4937,1557,3.5632790902592695,12.696957875078931,50.707592,0.14464609470380843
NTail,14,4937,1558,2.1814655030638055,4.758791741057422,18.473278,0.19211876992812582
NTail,14,4937,1559,2.1349288651783964,4.557921259371916,19.995762,0.35545548298080715
NTail,14,4937,1560,3.1435932672824323,9.882178630103441,94.05132,0.4862173921391787
NTail,14,4937,1561,4.0969192967509125,16.784747724089986,59.27028,0.2528022796447318
NTail,14,4937,1562,4.038261980582137,16.30755982381517,200.48618,0.49006170621521217
NTail,14,4937,1563,3.5378899833294475,12.51666553414284,75.662415,0.2470897084436356
NTail,14,4937,1564,3.5562570579852184,12.646964262469679,86.95082,0.46291748847180536
NTail,14,4937,1565,3.625629039951422,13.14518593533907,77.867355,0.5344807678698372
NTail,14,4937,1566,3.2545311188941013,10.59197280385009,66.86368,0.28090821184725184
NTail,14,4937,1567,3.811292806119155,14.52595285397562,177.98898,0.5177309973094413
NTail,14,4937,1568,3.936689798960389,15.497526573238787,95.33575,0.6046353169968316
NTail,14,4937,1569,4.363254746571086,19.037991983475116,169.31053,0.7530460062253828
NTail,14,4937,1570,3.328690232516143,11.080178664048374,64.30957,0.26238121996215497
NTail,14,4937,1571,4.663596928718918,21.749136313556516,84.11424,0.500856931096002
NTail,14,4937,1572,3.610113513770084,13.032919582305382,68.65747,0.5835613172761633
NTail,14,4937,1573,3.67203576505168,13.483846659818678,86.116745,0.5914110758767154
NTail,14,4937,1574,2.894519565289672,8.37824351384471,49.95791,0.5118402531950116
NTail,14,4937,1575,3.3580332052561097,11.27638700760262,37.910362,0.18284574013460045
NTail,14,4937,1576,3.2821644277465425,10.77260333076479,41.294724,0.5150147920940344
NTail,14,4937,1577,3.373528089436784,11.380691770218997,46.371666,0.3431682326336766
NTail,14,4937,1578,3.063296845681146,9.383787564760057,38.992065,0.13178926274527444
NTail,14,4937,1579,3.9207919126177395,15.372609222048666,160.18619,0.605917120608518
NTail,14,4937,1580,3.818428900614839,14.580399269050645,72.2469,0.7216679987931958
NTail,14,4937,1581,4.458195124932982,19.875503771976206,130.61412,0.540402097402688
NTail,14,4937,1582,3.179813702510297,10.111215182672241,59.733803,0.32395352936519084
NTail,14,4937,1583,2.826846130429046,7.99105904512167,79.0603,0.32895376087776085
NTail,14,4937,1584,3.3430250477201735,11.175816469684468,81.98063,0.4927809833252801
NTail,14,4937,1585,4.043572583113304,16.3504792349056,123.036804,0.464144273744849
NTail,14,4937,1586,2.943550639772877,8.664490368907313,35.174454,0.4721258550749662
NTail,14,4937,1587,2.8801523358962395,8.295277477968567,103.22841,0.5705564653647561
NTail,14,4937,1588,3.157620622914004,9.970567998251822,56.217453,0.5862033182659363
NTail,14,4937,1589,2.783779425521848,7.749427889958748,88.73532,0.2094770602037903
NTail,14,4937,1590,3.525640162504724,12.430138555466337,58.638462,0.44957227139441325
NTail,14,4937,1591,4.569773448821603,20.882829373554888,158.34325,0.732933290057763
NTail,14,4937,1592,3.5440579001670085,12.560346399736185,81.894165,0.7013850194554282
NTail,14,4937,1593,3.226007308800389,10.40712315643353,79.07661,0.387773630275806
NTail,14,4937,1594,3.0803979969698854,9.488851819736082,35.038605,0.3497482484291092
NTail,14,4937,1595,3.6877647327262597,13.599608723939582,96.43266,0.6281159167081417
NTail,14,4937,1596,4.0493191974622595,16.39698596293639,193.43677,0.8102774415168039
NTail,14,4937,1597,4.606677320069274,21.22147593124061,156.53796,0.7075892121050588
NTail,14,4937,1598,4.362894864072821,19.034851594953007,152.05858,0.7334591691927799
NTail,14,4937,1599,3.6830064656527166,13.56453662603972,85.79969,0.5808639896623132
NTail,14,4937,1600,2.984868568038397,8.909440368463587,74.29926,0.4053843873325223
NTail,14,4937,1601,2.7552628371857395,7.591473301976809,2.1241126,0.13553289028876203
NTail,14,4937,1602,2.945644684627094,8.676822608071852,32.217525,0.22640331904494665
NTail,14,4937,1603,2.5040723388829806,6.270378278358881,45.614918,0.14595699898008546
NTail,14,4937,1604,2.475956799939809,6.130362075168181,53.754463,0.2144826989083418
NTail,14,4937,1605,3.3900624822190215,11.492523633348993,40.015663,0.20900582199615597
NTail,14,4937,1606,3.5121629961339553,12.33528891141264,45.797073,0.5167437770858591
NTail,14,4937,1607,3.7314361138400627,13.923615471669821,98.501915,0.6053703819397189
NTail,14,4937,1608,4.578752198906787,20.964971698993736,146.34023,0.5762151972799638
NTail,14,4937,1609,3.695337884654612,13.655522081763625,57.240498,0.5722797392035497
NTail,14,4937,1610,3.4372390525069,11.814612304078537,43.63758,0.4466042674583806
NTail,14,4937,1611,2.5230273652337822,6.365667085718518,27.463875,0.26615888700420925
NTail,14,4937,1612,3.8123052272685207,14.53367114585889,25.054035,0.37048774694148057
NTail,14,4937,1613,3.4987506207003323,12.241255905850958,53.09904,0.3857228598984598
NTail,14,4937,1614,4.253535243699576,18.092562069394408,163.22054,0.6442238604486037
NTail,14,4937,1615,3.4422874438673854,11.849342846207056,94.1248,0.43373526470762774
NTail,14,4937,1616,2.7576151572434386,7.604441355458756,57.85798,0.3683116460065506
NTail,14,4937,1617,2.7384354758867935,7.499028855595329,44.523666,0.18472612098667232
NTail,14,4937,1618,3.1534962952972023,9.944538884453177,30.571651,0.5238455826938377
NTail,14,4937,1619,2.1150167556008572,4.473295876472377,36.199665,0.25463783706535387
NTail,14,4937,1620,4.0125112336065225,16.100246399818545,84.32651,0.3861204039373406
NTail,14,4937,1621,3.288570600326975,10.814696593334917,32.434505,0.25986620273020444
NTail,14,4937,1622,2.6309893932496435,6.922105187392127,18.832375,0.35677289378845073
NTail,14,4937,1623,2.3248696290818662,5.405018792227254,7.3851666,0.12080551937508124
NTail,14,4937,1624,2.7568674449588904,7.60031810907416,44.55798,0.12748160022782268
NTail,14,4937,1625,3.139915372937729,9.859068549210676,39.788227,0.5331584045485409
NTail,14,4937,1626,4.6928644017920496,22.022976293607055,203.34396,0.7971950639536448
NTail,14,4937,1627,4.762316992242992,22.67966313460633,180.95222,0.768366195185213
NTail,14,4937,1628,2.9942667275694537,8.965633235829488,93.014755,0.4241965382503788
NTail,14,4937,1629,3.092258758960735,9.562064232369384,49.325768,0.4534095497934818
NTail,14,4937,1630,3.6338782482887395,13.205071123386038,60.168728,0.7130922924503654
NTail,14,4937,1631,3.130788298252097,9.801835368472261,119.15798,0.3545872431796368
NTail,14,4937,1632,4.959101014059372,24.5926828676447,91.9725,0.39367574498612046
NTail,14,4937,1633,4.672549115790331,21.832715239473,64.76238,0.5548686464916781
NTail,14,4937,1634,3.730893801002343,13.919568554357712,48.04906,0.5112264575534212
NTail,14,4937,1635,2.981308894992795,8.888202727363158,75.81914,0.31197271958355416
NTail,14,4937,1636,4.038427362250424,16.30889556017291,173.12076,0.609865581236547
NTail,14,4937,1637,3.6248168723415857,13.139297358012238,77.249275,0.6482806589741699
NTail,14,4937,1638,2.6230090715270284,6.880176589313083,2.333672,0.25962887843344695
NTail,14,4937,1639,2.959931968150704,8.7611972560805,35.04385,0.31246501747595046
NTail,14,4937,1640,2.589460536110284,6.705305868072559,37.39006,0.10659026610633593
NTail,14,4937,1641,2.7116777149460805,7.353196029735196,15.362146,0.30831198205972365
NTail,14,4937,1642,2.7690468668777095,7.667620550965265,17.1378,0.23890307505004754
NTail,14,4937,1643,2.3624604731375114,5.581219487137115,40.352512,0.08170917163067772
NTail,14,4937,1644,3.2354227731115586,10.467960520768889,19.410746,0.5472640713745349
NTail,14,4937,1645,3.4467396581027767,11.880014270738444,49.159447,0.20812634696347743
NTail,14,4937,1646,2.419639127117559,5.85465350547822,10.272882,0.2559751830920452
NTail,14,4937,1647,2.898950531086494,8.403914181686666,22.593203,0.43112813969351993
NTail,14,4937,1648,2.5826055673534807,6.669851516525193,3.554587,0.2357413458776399
NTail,14,4937,1649,2.921755660216713,8.536656138008404,9.42344,0.07504704628405517
NTail,14,4937,1650,4.213594911055911,17.75438207447627,44.80797,0.7193497090512464
NTail,14,4937,1651,3.472736216016508,12.059896826032656,116.70107,0.5444025455825635
NTail,14,4937,1652,2.549658757432755,6.500759779353542,13.55175,0.1482392444920261
NTail,14,4937,1653,2.2091907157208532,4.880523618427215,1.8355459,0.23212192703571954
NTail,14,4937,1654,2.991474600774814,8.948920287080831,28.384905,0.1439513769050896
NTail,14,4937,1655,2.8062356376189403,7.87495845384258,11.351166,0.2582987892477385
NTail,14,4937,1656,2.9891062672104107,8.934756276676557,18.341473,0.3524613073994909
NTail,14,4937,1657,2.894726615665316,8.379442179441176,22.873747,0.3652938210860088
NTail,14,4937,1658,3.6301570274104136,13.178040043657216,109.08698,0.347454444609806
NTail,14,4937,1659,3.639962081634105,13.24932395573409,76.43902,0.7103299177480442
NTail,14,4937,1660,3.5807045959111568,12.82144540317928,71.48663,0.6157858521022017
NTail,14,4937,1661,3.1881441228245055,10.164262947900434,78.88344,0.4393945382065299
NTail,14,4937,1662,2.5140912061754577,6.320654592968767,37.756866,0.1636729693412337
NTail,14,4937,1663,3.251226189200201,10.57047173334126,23.335857,0.19369853095268535
NTail,14,4937,1664,3.8208543895004516,14.598928265764869,85.274445,0.7276711302418972
NTail,14,4937,1665,2.869561540831312,8.234383436618176,54.78723,0.24546367083292706
NTail,14,4937,1666,3.043594044223535,9.263464706032973,57.450706,0.5075255294097765
NTail,14,4937,1667,2.8585332888703063,8.171212563579688,61.107964,0.1836706208375133
NTail,14,4937,1668,3.714751461766093,13.79937842269333,86.29429,0.27858205247904133
NTail,14,4937,1669,2.5968613080733216,6.743688653368283,67.26762,0.2113767960136621
NTail,14,4937,1670,3.045605608426399,9.275713522078336,43.66053,0.16180342619670562
NTail,14,4937,1671,2.74703366328604,7.546193947226717,40.483315,0.14670128485030903
NTail,14,4937,1672,3.10603044788762,9.64742514320497,23.831633,0.44006202621131313
NTail,14,4937,1673,2.9822451405141157,8.893786078120055,26.439129,0.18449688161791508
NTail,14,4937,1674,3.5791352924478685,12.81020944164589,26.591455,0.603333685096375
NTail,14,4937,1675,3.468592103786663,12.031131182451185,80.88522,0.5977248083204341
NTail,14,4937,1676,3.0930116222198354,9.566720895186975,89.48153,0.580092501064756
NTail,14,4937,1677,2.961092018433834,8.768065941632555,25.581911,0.29857892454292984
NTail,14,4937,1678,3.251970090275222,10.575309468044637,42.23063,0.5333253606359101
NTail,14,4937,1679,3.0422955387702384,9.255562145221296,9.720336,0.3385647436804758
NTail,14,4937,1680,3.036911608524721,9.222832117992212,65.06148,0.3434092521435668
NTail,14,4937,1681,3.444384694648456,11.863785924728537,36.29355,0.28731985423380263
NTail,14,4937,1682,4.527333468604405,20.496748335945586,146.33815,0.6289195745619927
NTail,14,4937,1683,2.6144963591089843,6.835591211794134,37.44367,0.17909885073395615
NTail,14,4937,1684,4.709190494282085,22.176475111436766,151.12746,0.5993012495408622
NTail,14,4937,1685,3.5330643993735436,12.482544050120737,43.206512,0.49172651895244657
NTail,14,4937,1686,3.141398712869383,9.868385873217417,49.443367,0.5484879524609808
NTail,14,4937,1687,3.926924052863509,15.420732516957965,80.209,0.47764237106440344
NTail,14,4937,1688,3.025817858266662,9.155573711405449,88.88846,0.38990369854652185
NTail,14,4937,1689,3.578325362713686,12.804412401440036,131.93552,0.34357595791443085
NTail,14,4937,1690,3.536298147127113,12.505404585374652,118.011765,0.5268465272857035
NTail,14,4937,1691,2.761076081301016,7.623541126732576,21.110401,0.39713320342392544
NTail,14,4937,1692,2.4174350477295428,5.843992209991137,24.026197,0.06754088886591968
NTail,14,4937,1693,2.620252149263581,6.865721325720417,11.248166,0.47761160494420507
NTail,14,4937,1694,3.482320471142697,12.126555863739492,45.622383,0.2458000882192924
NTail,14,4937,1695,3.0083161229104634,9.049965895363037,80.94466,0.4733148562973525
NTail,14,4937,1696,3.8923917262841305,15.150713350845159,128.25607,0.3850100924649238
NTail,14,4937,1697,3.587697977498294,12.87157677774535,105.29228,0.6661436401957603
NTail,14,4937,1698,2.943713108155266,8.665446863125137,12.002792,0.2686650699291412
NTail,14,4937,1699,3.717236705840715,13.817848727249524,86.384285,0.44404591242436275
NTail,14,4937,1700,3.6370266639362687,13.227962954183381,70.30067,0.5512907292889724
NTail,14,4937,1701,2.6182708793983145,6.8553423979052255,41.992493,0.2951968089536732
NTail,14,4937,1702,3.107294335732072,9.65527808887262,35.015755,0.29994477839664024
NTail,14,4937,1703,3.70120309631781,13.698904360192547,131.1704,0.5913829587310997
NTail,14,4937,1704,3.646307515578344,13.295558498163118,72.65379,0.28987732353342477
NTail,14,4937,1705,2.787143195178576,7.768167190430239,36.870346,0.37143658186046447
NTail,14,4937,1706,3.6787999414170174,13.533569008969856,59.61881,0.4277372863005445
NTail,14,4937,1707,3.012560861561815,9.075522944614066,34.20485,0.3406164947199328
NTail,14,4937,1708,2.3320009683922924,5.438228516582587,6.21243,0.07835236784752304
NTail,14,4937,1709,2.667354976445095,7.1147825703664145,5.8325815,0.10394581979419154
NTail,14,4937,1710,2.5392392221105533,6.447735827104609,10.5155115,0.28839346520251946
NTail,14,4937,1711,3.8552840451761434,14.863215068989724,71.04922,0.35202111523654434
NTail,14,4937,1712,4.67669749633724,21.871499472247006,120.81223,0.7655196973951096
NTail,14,4937,1713,4.32182658588999,18.67818503850552,178.97383,0.6460832418518354
NTail,14,4937,1714,3.378073996979743,11.411383929070695,88.46531,0.3034668409108862
NTail,14,4937,1715,2.951224149644152,8.709723981442849,41.365498,0.32894877079235896
NTail,14,4937,1716,2.481071437210151,6.1557154765400455,4.9195633,0.32091880134713385
NTail,14,4937,1717,3.338523849332412,11.145741492561305,50.353172,0.28052922980515504
NTail,14,4937,1718,3.0882051200405445,9.537010863444632,65.34825,0.47672211366480477
NTail,14,4937,1719,3.210814801926997,10.3093316922735,65.38574,0.5506704146827461
NTail,14,4937,1720,2.7613648217184186,7.625135678623997,14.926691,0.2768920592675605
NTail,14,4937,1721,2.7731085168129024,7.690130846020255,79.30063,0.25565436708860434
NTail,14,4937,1722,3.3430894150534605,11.17624683704249,79.72867,0.4527861471690321
NTail,14,4937,1723,4.456775125512203,19.862844519384304,180.11539,0.5787947070189183
NTail,14,4937,1724,4.556172146867088,20.75870463188745,148.99376,0.8099822140286665
NTail,14,4937,1725,3.064169879233762,9.389137048803448,37.752533,0.38168479822966284
NTail,14,4937,1726,3.6137276728588517,13.059027693585854,49.411995,0.5445160122604041
NTail,14,4937,1727,4.825501469130132,23.28546442857706,217.4884,0.7414020462257132
NTail,14,4937,1728,4.850661047534674,23.528912598070175,197.83241,0.8232672814756504
NTail,14,4937,1729,3.3200279366752086,11.02258550030384,45.28146,0.2691710335526616
NTail,14,4937,1730,3.160645439502313,9.989679594246772,62.12195,0.448251532684655
NTail,14,4937,1731,3.185099847792309,10.144861040406589,128.8273,0.3886988178150226
NTail,14,4937,1732,2.794600288336416,7.809790771569979,32.79158,0.27144773237806125
NTail,14,4937,1733,3.244837158701436,10.528968186489605,54.415657,0.5983716861707713
NTail,14,4937,1734,2.4555641090304214,6.029795093558368,53.017857,0.4031634614476627
NTail,14,4937,1735,2.824759222381148,7.979264664427345,14.059997,0.19162936112700718
NTail,14,4937,1736,3.109344343555076,9.668022246797948,30.006786,0.2531601642538456
NTail,14,4937,1737,2.4229568899791696,5.870720090697526,44.29125,0.3519604274119338
NTail,14,4937,1738,2.872993344760494,8.25409075903809,26.104248,0.561578006834172
NTail,14,4937,1739,2.207692973177143,4.873908263815733,27.057962,0.10850329074024863
NTail,14,4937,1740,2.5695468554492678,6.602571042349219,22.346561,0.03803395527527168
NTail,14,4937,1741,4.10246836963736,16.83024672387501,55.076477,0.7564520127488829
NTail,14,4937,1742,2.349001698948705,5.5178089816639035,23.510588,0.14239289368237393
NTail,14,4937,1743,3.0803914722768266,9.488811622475799,50.581833,0.45328616377781505
NTail,14,4937,1744,3.208358438323533,10.293563868761815,89.15847,0.6380478930822148
NTail,14,4937,1745,3.1747072753883123,10.078766284403484,90.47019,0.17148543278083705
NTail,14,4937,1746,2.799074821719107,7.83481985758185,21.04573,0.2526918939460263
NTail,14,4937,1747,2.9887235490028545,8.932468452364223,11.967768,0.4893894822828973
NTail,14,4937,1748,2.9936710785021643,8.96206652626031,15.12061,0.15037477297511478
NTail,14,4937,1749,2.9968295386181087,8.980987283534024,24.527794,0.3338333926231437
NTail,14,4937,1750,2.542646403583476,6.465050733655986,82.94623,0.1728672547534853
NTail,14,4937,1751,4.290552296097439,18.40883900554701,99.002846,0.6348726006792574
NTail,14,4937,1752,4.489160374011862,20.15256086359832,107.134445,0.583675362395072
NTail,14,4937,1753,4.368019756598286,19.079596594032946,143.26505,0.7948297775976496
NTail,14,4937,1754,3.1986498223164355,10.231360685804962,124.30139,0.2340933792926899
NTail,14,4937,1755,2.897796059747982,8.397222003890935,36.675053,0.36386099049115733
NTail,14,4937,1756,2.589647470816828,6.706274023107991,79.52221,0.17378336122513674
NTail,14,4937,1757,2.7705768375718542,7.676096012889658,38.765762,0.11778157735446905
NTail,14,4937,1758,3.6277376152561684,13.160480205144511,80.67555,0.5605217224408773
NTail,14,4937,1759,3.737250649107216,13.967042414252303,112.40642,0.6746639146822621
NTail,14,4937,1760,2.6843143036572847,7.205543280819091,33.81015,0.18421120563905818
NTail,14,4937,1761,2.7030634982653967,7.306552275654763,6.718717,0.14709138874150476
NTail,14,4937,1762,3.027987251356088,9.168706794375,66.022934,0.2213029959057446
NTail,14,4937,1763,2.1761896704158783,4.735801481624767,8.639246,0.1002339288000991
NTail,14,4937,1764,2.120111527932434,4.494872890871999,17.680685,0.2487385041124071
NTail,14,4937,1765,3.270286205066683,10.694771863049452,17.237772,0.5795412648369195
NTail,14,4937,1766,3.3161973914701592,10.997165139193486,89.532715,0.38051843178087247
NTail,14,4937,1767,4.981211251020961,24.81246552729781,140.26181,0.5275165760016212
NTail,14,4937,1768,3.520123309928461,12.391268117101701,82.58518,0.324812019160825
NTail,14,4937,1769,2.728596656547262,7.4452397141208975,3.14238,0.5409638254470903
NTail,14,4937,1770,2.955015732703448,8.732117980524897,3.6225395,0.4821359029082161
NTail,14,4937,1771,2.238663910741521,5.011616105256521,38.679234,0.13203620187013554
NTail,14,4937,1772,2.815441837770717,7.9267127418697525,43.353016,0.39297821658778365
NTail,14,4937,1773,2.3793347060406735,5.661233643369658,26.027483,0.3065042315431997
NTail,14,4937,1774,3.509185331772447,12.314381692726897,73.28691,0.44092445478064546
NTail,14,4937,1775,3.4277172716522033,11.749245694382822,74.25513,0.2874489098369911
NTail,14,4937,1776,3.8165549043246774,14.566091337724746,138.87842,0.5549829442075582
NTail,14,4937,1777,4.08903736277761,16.720226554191267,87.507744,0.6751954263801485
NTail,14,4937,1778,4.8953083924832805,23.964044257517248,232.27188,0.8300832682841315
NTail,14,4937,1779,3.1422065233206657,9.873461835198947,92.599815,0.5319308400687482
NTail,14,4937,1780,2.2579517922387358,5.098346296074117,17.609268,0.16056814097245128
NTail,14,4937,1781,2.33730785665984,5.463008016803813,18.65744,0.1219417025319903
NTail,14,4937,1782,2.963435512087295,8.781950034300086,50.174217,0.26540132501742686
NTail,14,4937,1783,3.4322440677955663,11.780299340917855,58.499004,0.6376606887362328
NTail,14,4937,1784,3.7573773135424138,14.117884276323208,54.766853,0.44719405057188555
NTail,14,4937,1785,3.119417181339661,9.730763551237075,67.589005,0.20243740037062596
NTail,14,4937,1786,3.1418885841842807,9.871463875427505,43.153767,0.384385050623676
NTail,14,4937,1787,3.2449163760564614,10.529482287599398,110.206375,0.37810924357069475
NTail,14,4937,1788,4.352489688192682,18.94416648582363,82.00109,0.3148712224449086
NTail,14,4937,1789,4.043467610493751,16.34963031711204,112.28203,0.37532002395015374
NTail,14,4937,1790,2.276176582291819,5.180979833773666,30.307402,0.0677169935035878
NTail,14,4937,1791,2.9951196866094123,8.97074193711527,37.910217,0.4375009889757142
NTail,14,4937,1792,4.02551212485877,16.204747867384974,127.17017,0.6826422346808897
NTail,14,4937,1793,5.162770685927913,26.654201155476574,195.2402,0.7457105815532223
NTail,14,4937,1794,3.252514158267694,10.578848349731809,98.54789,0.46452932890235
NTail,14,4937,1795,2.590806591663521,6.712278795407149,17.25672,0.23316003688566844
NTail,14,4937,1796,2.5116015537440513,6.308142364769536,52.17419,0.1398753258768612
NTail,14,4937,1797,3.95035967965864,15.605341598672716,123.56311,0.6034982939881719
NTail,14,4937,1798,2.6586455908811857,7.068396377911971,32.185608,0.16509493293785107
NTail,14,4937,1799,3.209675972253334,10.302019846860391,60.76713,0.40611212145114106
NTail,14,4937,1800,4.221232086267903,17.818800326137676,32.37413,0.5376503716280763
NTail,14,4937,1801,4.30713106817357,18.551378038426005,135.10414,0.7691541162316109
NTail,14,4937,1802,3.548450716074463,12.59150248440937,73.847336,0.40188568472254177
NTail,14,4937,1803,3.2228356604239137,10.386669694100043,65.115425,0.5137541412483178
NTail,14,4937,1804,2.111571705140751,4.458735065951019,9.404566,0.24370916429043366
NTail,14,4937,1805,3.2979907800806316,10.876743185496853,81.93588,0.31451738573284094
NTail,14,4937,1806,2.8357093288388313,8.041247397663577,41.492867,0.4046432608096265
NTail,14,4937,1807,4.07240275847577,16.584464227241046,88.38428,0.32480991717193924
NTail,14,4937,1808,4.359010524047981,19.00097274876106,120.55465,0.601010027539016
NTail,14,4937,1809,3.176190214601672,10.088184279331415,6.390652,0.4692706292541817
NTail,14,4937,1810,3.630797575200183,13.18269103207953,144.21178,0.42706649315960415
NTail,14,4937,1811,4.049358238360612,16.39730214257896,127.35778,0.6932316584429853
NTail,14,4937,1812,4.406113415416334,19.41383542951179,219.91824,0.7313437461821115
NTail,14,4937,1813,3.0315032137404896,9.190011734918919,30.331135,0.12190928463892467
NTail,14,4937,1814,2.842716889036278,8.081039311212095,28.04007,0.48429558436492604
NTail,14,4937,1815,3.4012997701858145,11.568840126666078,110.408554,0.5868957424557422
NTail,14,4937,1816,3.3737585628527835,11.382246840422486,62.723953,0.46654802476807855
NTail,14,4937,1817,3.1774400555904028,10.096125306870345,61.421585,0.510378370191881
NTail,14,4937,1818,4.329553036356736,18.745029494625836,122.48001,0.6234977647045512
NTail,14,4937,1819,3.8787525396132465,15.044721263556209,142.25891,0.4378256660704345
NTail,14,4937,1820,3.1949045013181614,10.207414772543046,37.396908,0.5939247224723307
NTail,14,4937,1821,2.1928252257719985,4.808482470782017,12.143556,0.24158953644504738
NTail,14,4937,1822,3.3837307272160486,11.449633634306046,91.32348,0.41118334880937224
NTail,14,4937,1823,4.02518851318951,16.202142566712777,123.62775,0.6292377772556328
NTail,14,4937,1824,3.767109099206689,14.19111096532583,77.54881,0.4864387203012382
NTail,14,4937,1825,3.1347773852302327,9.826829254950894,82.31241,0.193256732808617
NTail,14,4937,1826,2.971580452278816,8.83029038436557,21.413395,0.34634173226999543
NTail,14,4937,1827,4.236134717850697,17.944837347780002,102.36551,0.4837811847699318
NTail,14,4937,1828,4.74872865671058,22.550423855064267,130.65677,0.7908416541518583
NTail,14,4937,1829,4.284709735634535,18.358737518641366,162.51581,0.7490658028835186
NTail,14,4937,1830,4.421945690503209,19.55360368975991,87.03847,0.6306242220097722
NTail,14,4937,1831,4.639632317231641,21.526188039100244,89.40339,0.6358778468110385
NTail,14,4937,1832,2.4508999415248165,6.006910523366352,15.4373455,0.23913933371219107
NTail,14,4937,1833,3.287717874113333,10.809088819764296,115.305664,0.6746449947399118
NTail,14,4937,1834,3.341022953742076,11.162434377431424,85.87098,0.6313418345646351
NTail,14,4937,1835,3.078434357276913,9.476758092062921,64.11022,0.4005990506804492
NTail,14,4937,1836,3.6095450419227486,13.028815409669097,77.121925,0.22848115951521641
NTail,14,4937,1837,2.2595529913714363,5.105579720815606,3.2309363,0.2750435369036743
NTail,14,4937,1838,2.9229483077999694,8.543626810070705,64.595566,0.22763732454283858
NTail,14,4937,1839,3.8585324959009077,14.888273021923288,53.206417,0.7355806857476985
NTail,14,4937,1840,2.7437816846025567,7.528337932760442,9.825245,0.1702298017324992
NTail,14,4937,1841,3.370758590719884,11.3620134769119,41.99451,0.45111833350436603
NTail,14,4937,1842,5.346494832152361,28.585006990231904,189.37308,0.7630071651771344
NTail,14,4937,1843,3.0075940723979504,9.045622104323288,18.493204,0.44248026984454325
NTail,14,4937,1844,3.2028023548798195,10.257942924423713,19.094915,0.19492577284615883
NTail,14,4937,1845,3.8443089279315634,14.778711133374332,41.393356,0.47263185760673343
NTail,14,4937,1846,3.938079842225813,15.508472843745288,86.85864,0.46510486530530804
NTail,14,4937,1847,3.8938920820231915,15.162395546442903,57.361557,0.6272859490021154
NTail,14,4937,1848,4.0422461970530845,16.339754317590128,169.71892,0.6365362448810021
NTail,14,4937,1849,2.6990888948756644,7.2850808624411325,62.966915,0.3418178372570123
NTail,14,4937,1850,3.6679325434023022,13.453729142949683,102.34524,0.3550200908951797
NTail,14,4937,1851,3.2144259281880143,10.332534047807378,71.83241,0.3391495068630325
NTail,14,4937,1852,3.6561211699222476,13.36722200915362,50.838238,0.6502521056276099
NTail,14,4937,1853,3.3377397004936937,11.140506308251735,80.271904,0.40841151554508714
NTail,14,4937,1854,2.8503792006597974,8.124661587553986,44.710823,0.30324050293252386
NTail,14,4937,1855,2.951287389704714,8.710097256630066,61.048553,0.16480531159153405
NTail,14,4937,1856,3.2164061561904225,10.345268561579651,57.005173,0.43825367639536167
NTail,14,4937,1857,3.051183530722683,9.30972093815334,72.82064,0.3254854782741299
NTail,14,4937,1858,3.183029031423193,10.131673814882868,72.31084,0.4778196532280415
NTail,14,4937,1859,2.7548497083471846,7.589196915580569,28.94869,0.24209586594705534
NTail,14,4937,1860,3.5567962462656086,12.650799537449124,26.804554,0.5337401117638784
NTail,14,4937,1861,3.643547789755818,13.275440496234506,133.017,0.5523880301488886
NTail,14,4937,1862,3.7885204831901502,14.352887451551325,206.13902,0.7194330567333453
NTail,14,4937,1863,3.1923095535081276,10.190840285419265,62.940388,0.3227076752981441
NTail,14,4937,1864,2.9000838010169803,8.410486052921096,18.034132,0.17823161809152382
NTail,14,4937,1865,3.051605040493836,9.312293323167388,8.034045,0.23196469069768255
NTail,14,4937,1866,2.4971997618645747,6.236006650656489,29.800165,0.21114822763008828
NTail,14,4937,1867,2.7244344455568505,7.422543048136664,41.246506,0.15067948684844415
NTail,14,4937,1868,3.2257009530089844,10.405146638243071,77.57999,0.5214782304865149
NTail,14,4937,1869,3.8811558615169113,15.063370821387075,61.886967,0.3619715684837513
NTail,14,4937,1870,3.0546299547963067,9.330764160738887,32.480938,0.32106693307444634
NTail,14,4937,1871,2.223750986505963,4.945068449986245,6.0449424,0.34898710280796125
NTail,14,4937,1872,3.30730483073038,10.938265243372504,19.922998,0.22706318888730265
NTail,14,4937,1873,2.526665493006291,6.384038513548724,23.545586,0.20723043959697524
NTail,14,4937,1874,2.8873291046264464,8.33666935842296,49.44275,0.36762912760793465
NTail,14,4937,1875,3.363232077835659,11.311330009382761,56.900932,0.46630277030776934
NTail,14,4937,1876,2.84681214797955,8.104339405883938,51.73444,0.24660547976562258
NTail,14,4937,1877,2.310267785115421,5.337337238942115,6.93796,0.402840840821694
NTail,14,4937,1878,3.2652938648811394,10.662144024030411,54.24491,0.3491273427018883
NTail,14,4937,1879,3.3074787264006837,10.939415525593093,57.56109,0.12541161310993582
NTail,14,4937,1880,2.457692893231942,6.040254357442794,14.279837,0.2794818298031002
NTail,14,4937,1881,2.2191931971177192,4.924818446133564,7.9393244,0.2310036333197245
NTail,14,4937,1882,2.5741087181764306,6.626035692991906,80.60638,0.2387667689562698
NTail,14,4937,1883,4.453410331342475,19.832863579307897,127.789734,0.8147932706569371
NTail,14,4937,1884,4.792771254799223,22.970656300829724,222.16672,0.7418686719243672
NTail,14,4937,1885,4.315613216233469,18.62451743212899,158.99835,0.70238305731303
NTail,14,4937,1886,4.177766582430907,17.453733617276423,26.713314,0.49684384569672524
NTail,14,4937,1887,3.3050275565266434,10.92320714940047,32.9661,0.16945940706982787
NTail,14,4937,1888,2.4235621440594803,5.873653466118186,53.24552,0.13710633505165987
NTail,14,4937,1889,2.5100171527910535,6.300186107305306,19.280012,0.13932089130944367
NTail,14,4937,1890,4.220174297796085,17.80987110377868,82.61822,0.3009146630310027
NTail,14,4937,1891,3.7429131699010347,14.009398997418606,86.64486,0.44358294169778617
NTail,14,4937,1892,3.7173940321953296,13.819018390601455,99.48428,0.6855935615152691
NTail,14,4937,1893,3.6467003196530583,13.298423221357716,62.164185,0.5610395505823842
NTail,14,4937,1894,2.9845629387123576,8.907615935135345,72.354614,0.20056144379235957
NTail,14,4937,1895,3.6777687282207383,13.525982818278385,80.8339,0.18874820083916344
NTail,14,4937,1896,3.2986812335219535,10.881297880389917,78.54702,0.48812028739496266
NTail,14,4937,1897,3.4541471909807675,11.931132816960329,48.207703,0.5929005267460183
NTail,14,4937,1898,3.117351736187409,9.717881847110654,63.71559,0.18387347411918012
NTail,14,4937,1899,3.5820001692300214,12.830725212363904,69.16053,0.20718221191517344
NTail,14,4937,1900,3.380524539904344,11.427946164895474,26.070219,0.4131790448175407
NTail,14,4937,1901,4.098180674096866,16.79508483754104,71.773735,0.3803839924380343
NTail,14,4937,1902,2.831140658056762,8.015357425702076,47.19801,0.3693527250909089
NTail,14,4937,1903,3.229494418116263,10.429634196644098,83.77391,0.22774761980889577
NTail,14,4937,1904,3.189155221763401,10.170711028500769,16.366732,0.3418891031323904
NTail,14,4937,1905,4.19525715111979,17.600182564021736,77.34797,0.49348484395276637
NTail,14,4937,1906,2.7788743121579165,7.722142442771133,59.10045,0.43694409852753013
NTail,14,4937,1907,3.4935712413655913,12.205040018496724,69.56072,0.04237399732903535
NTail,14,4937,1908,3.8368304092088836,14.721267589030012,151.34073,0.826852739418337
NTail,14,4937,1909,3.9352711573640464,15.486359081981362,71.02394,0.5239447695532833
NTail,14,4937,1910,2.8118716266133643,7.906622044553286,64.05214,0.19169706718666576
NTail,14,4937,1911,3.0351627572837234,9.212212963202136,26.278337,0.450946039788947
NTail,14,4937,1912,2.4802777328088146,6.151777631867234,58.501347,0.22800660820167934
NTail,14,4937,1913,3.651838807528671,13.33592667617243,19.251778,0.5954988414861155
NTail,14,4937,1914,3.462041433972113,11.985730890539685,46.225594,0.4189745172037771
NTail,14,4937,1915,2.502561900550598,6.262816066087422,13.752342,0.13774992696926414
NTail,14,4937,1916,3.381204404085953,11.432543222210244,33.774433,0.45028626073470357
NTail,14,4937,1917,2.790960381718274,7.789459852321015,44.97908,0.21373098692654854
NTail,14,4937,1918,2.978970899062462,8.874267617461014,53.449387,0.3312140398522361
NTail,14,4937,1919,3.751939220411791,14.077047913664243,82.523056,0.40814930341011113
NTail,14,4937,1920,2.516919472079861,6.334883628934768,34.097523,0.2904838163034827
NTail,14,4937,1921,4.062239968831117,16.50179356436904,104.91123,0.665105051288842
NTail,14,4937,1922,3.943734729121599,15.553043613679817,133.62646,0.5938633430791722
NTail,14,4937,1923,4.094959209507983,16.768690927534248,126.46828,0.6066112745875867
NTail,14,4937,1924,2.4472819823076253,5.98918910092754,32.1499,0.22769138537724254
NTail,14,4937,1925,2.3369837070312296,5.461492846929427,22.289557,0.16488712453327076
NTail,14,4937,1926,3.1706706373507134,10.053152290557978,51.265892,0.22823694261900448
NTail,14,4937,1927,3.4135753755946547,11.652496844866187,134.93427,0.31774631663239433
NTail,14,4937,1928,3.243134012479107,10.517918222898833,113.48909,0.34965469769597984
NTail,14,4937,1929,4.168601017360828,17.377234441941734,90.34825,0.7076513883692666
NTail,14,4937,1930,2.9701910093358297,8.822034631939395,30.099472,0.40791112475026886
NTail,14,4937,1931,2.674253298191034,7.1516307028856225,35.00686,0.19131756997165938
NTail,14,4937,1932,2.89550369069638,8.383941622836357,55.587013,0.4901036035229813
NTail,14,4937,1933,2.5997140446576745,6.7585131139903645,61.59964,0.4784884096411942
NTail,14,4937,1934,3.7493875484049664,14.057906988134205,131.19363,0.503337429648157
NTail,14,4937,1935,4.084716536472752,16.68490918333395,135.6633,0.5519485639756623
NTail,14,4937,1936,3.0493863053393975,9.298756839191459,21.507431,0.45249437801814896
NTail,14,4937,1937,1.9117735214822544,3.654877997440662,19.54838,0.06811320099819052
NTail,14,4937,1938,2.311379957675903,5.3424773087458615,8.460888,0.21183442934802132
NTail,14,4937,1939,3.694635564418029,13.650331953862526,98.96846,0.6940002562491538
NTail,14,4937,1940,4.305394342990264,18.536420448652574,224.75232,0.7357103605328569
NTail,14,4937,1941,3.4986080752004254,12.240258463857625,40.557823,0.6072496347345461
NTail,14,4937,1942,2.9446762006178786,8.671117926485344,56.8122,0.15572828032330124
NTail,14,4937,1943,3.3412683084891697,11.164073909314082,75.468925,0.3654868313603032
NTail,14,4937,1944,3.980044407547445,15.840753486049698,100.75337,0.7729554967830605
NTail,14,4937,1945,3.3548062024709466,11.254724656137533,63.21397,0.4835624142511683
NTail,14,4937,1946,3.0862494476186124,9.52493565292619,38.906433,0.23960689903614896
NTail,14,4937,1947,2.785964584080692,7.761598663751904,98.62921,0.2661425004321824
NTail,14,4937,1948,1.916884198107915,3.6744450289558235,6.999565,0.2853906479016762
NTail,14,4937,1949,3.9440094219318453,15.555210320287173,97.93128,0.42441891934471665
NTail,14,4937,1950,4.491114524523331,20.170109672384424,174.31085,0.7865289293878861
NTail,14,4937,1951,4.82101412166087,23.24217716125353,130.05486,0.7439132422558609
NTail,14,4937,1952,4.715384595845457,22.234851886736635,219.94269,0.6976952556689964
NTail,14,4937,1953,3.350036262893511,11.222742962701522,84.56838,0.561754468146912
NTail,14,4937,1954,2.43491135647172,5.928793313874951,29.850063,0.4660387987683481
NTail,14,4937,1955,2.195037597766986,4.81819005561066,15.4365,0.2378202699654327
NTail,14,4937,1956,2.107921711065743,4.44333393998233,1.7361842,0.29590301486204984
NTail,14,4937,1957,2.931259397717011,8.592281656704296,57.05843,0.3436435083105337
NTail,14,4937,1958,2.5559937620449547,6.53310411161272,27.146175,0.39627014999697774
NTail,14,4937,1959,3.015607509258468,9.093888649896062,42.11545,0.09983777036266808
NTail,14,4937,1960,4.485356968047912,20.118427130815963,183.94485,0.605511929713063
NTail,14,4937,1961,3.1534448941699007,9.944214700566214,9.05935,0.460696421446723
NTail,14,4937,1962,2.772039485808825,7.684202910883256,37.080994,0.24808999187711728
NTail,14,4937,1963,3.4944688808160267,12.21131275899161,67.27197,0.6510431955512673
NTail,14,4937,1964,4.198616856137194,17.628383504639388,177.04022,0.7123788112089529
NTail,14,4937,1965,4.112266264786196,16.910733832498618,82.92281,0.31494715701289605
NTail,14,4937,1966,4.050724913097337,16.408372321587436,144.93948,0.5219726373608964
NTail,14,4937,1967,2.928382320614468,8.57542301568738,15.84053,0.13517918228242726
NTail,14,4937,1968,2.9734146049849532,8.841194413137826,17.086819,0.41195127669618453
NTail,14,4937,1969,4.301812331677794,18.505589336975135,141.15706,0.5505702734831267
NTail,14,4937,1970,4.040767797141037,16.327804390412037,132.58316,0.5499412988596688
NTail,14,4937,1971,3.9004450648452518,15.213471703875681,57.18875,0.6449271133113843
NTail,14,4937,1972,2.6984672999339145,7.281725768812629,10.658212,0.32139519894494367
NTail,14,4937,1973,2.8274091882088372,7.994242717567755,14.243017,0.46914613483094136
NTail,14,4937,1974,2.6081234096579164,6.802307720005636,37.284286,0.39259701705551575
NTail,14,4937,1975,3.8598646013324345,14.898554740619192,47.137783,0.6197438869062126
NTail,14,4937,1976,3.482101865651566,12.12503340277412,22.592035,0.3830653412933476
NTail,14,4937,1977,4.021301332742834,16.170864408719293,151.45235,0.4822792514838685
NTail,14,4937,1978,3.0935714424886163,9.570184269781096,26.577429,0.4321377524857837
NTail,14,4937,1979,2.886766734303395,8.333422178280685,36.857643,0.15814538828358288
NTail,14,4937,1980,3.62884398674535,13.168508680137887,132.94458,0.4577618085774888
NTail,14,4937,1981,4.475322253958531,20.02850927677646,150.9159,0.5804092798906719
NTail,14,4937,1982,2.646592663728384,7.0044527277009,49.83369,0.41666832689259004
NTail,14,4937,1983,2.9190075177407966,8.520604888627286,50.18459,0.20769795945287
NTail,14,4937,1984,3.086591818419081,9.527049053531611,23.317345,0.43912748914313815
NTail,14,4937,1985,3.837796637257173,14.728683028942461,190.49695,0.5791551614710951
NTail,14,4937,1986,3.634420081393319,13.209009328035023,16.433157,0.5145197761152878
NTail,14,4937,1987,2.7627819669313047,7.632964196800809,26.926987,0.42003064549363467
NTail,14,4937,1988,3.6616158320360244,13.407430501416867,86.4473,0.6251607004646221
NTail,14,4937,1989,4.86538743646309,23.671994906892873,186.1656,0.74319652595498
NTail,14,4937,1990,4.360797271676806,19.016552844663874,81.343605,0.733403613474763
NTail,14,4937,1991,3.553559477261009,12.627784958431533,109.27531,0.45406093413313103
NTail,14,4937,1992,2.2323909315604666,4.983569271313407,63.68958,0.2936211542132998
NTail,14,4937,1993,2.803029033559836,7.856971762979386,40.431736,0.21753083140616725
NTail,14,4937,1994,3.027163202606174,9.163717055212869,27.130217,0.20773196243370484
NTail,14,4937,1995,2.649593494522708,7.020345686217056,2.9285803,0.2079346482223762
NTail,14,4937,1996,2.2773002997147507,5.186096655080896,10.238564,0.23695257932928665
NTail,14,4937,1997,2.8722716774772272,8.249944589237844,25.837065,0.39626841595389484
NTail,14,4937,1998,3.2436522658971345,10.521280022059614,9.972077,0.4693047422357023
NTail,14,4937,1999,3.314314579090645,10.984681129172802,63.001534,0.5855706185737093
NTail,14,4937,2000,3.289038687682293,10.817775489070861,19.621477,0.2706744001179943
NTail,14,4937,2001,2.514317947566613,6.321794741455585,13.342797,0.21152961319023084
NTail,14,4937,2002,4.531225946320603,20.532008576609037,62.376907,0.5838202384191932
NTail,14,4937,2003,4.740843519043599,22.4755972720577,223.5667,0.7331116163069609
NTail,14,4937,2004,4.566944542210439,20.856982451625715,119.14585,0.6713889110169223
NTail,14,4937,2005,3.3525407300579793,11.239529346697687,64.07027,0.5021967309517922
NTail,14,4937,2006,2.769195873796022,7.668445787448911,26.162533,0.3657654673051966
NTail,14,4937,2007,2.617590805704605,6.851781626109285,62.2539,0.20041160675459713
NTail,14,4937,2008,2.1700907942514,4.70929405529467,10.606901,0.1907081522368797
NTail,14,4937,2009,3.1947112099931534,10.206179715255915,57.317814,0.43616181391315717
NTail,14,4937,2010,5.413770855521772,29.308914876096942,192.14587,0.6381245051301759
NTail,14,4937,2011,5.576234960050222,31.094396329686298,320.95963,0.7623248171773838
NTail,14,4937,2012,4.627568574309697,21.414390909938685,214.45891,0.7010174893554809
NTail,14,4937,2013,2.1246431653548594,4.5141085800891165,18.077219,0.1876758466053396
NTail,14,4937,2014,2.649077951740676,7.017613994398578,38.211346,0.11794385936251253
NTail,14,4937,2015,2.8096530942923463,7.894150510266559,7.480541,0.22620089284726647
NTail,14,4937,2016,3.2514719141913533,10.572069608775179,66.1018,0.4818476501668999
NTail,14,4937,2017,3.7870343843321423,14.341629428113928,53.824303,0.19799309689140399
NTail,14,4937,2018,3.562880069431997,12.694114389155745,136.74579,0.6949947948929934
NTail,14,4937,2019,3.9310893605805477,15.453463560869581,77.85985,0.5933798423672745
NTail,14,4937,2020,3.146719532620612,9.901843816976085,13.399916,0.383127042301477
NTail,14,4937,2021,3.5156415666419605,12.35973562510074,32.402172,0.4958333281268632
NTail,14,4937,2022,2.259624053629276,5.105900863740003,12.757566,0.1436365842189785
NTail,14,4937,2023,4.524147187177828,20.467907771249052,142.75964,0.7652353240039285
NTail,14,4937,2024,5.320578570612923,28.308556326065464,162.17639,0.7722885730169242
NTail,14,4937,2025,4.490796281237216,20.167251239574004,101.719246,0.6953842380263249
NTail,14,4937,2026,4.216666805202179,17.780278946093958,160.99326,0.4916029774304317
NTail,14,4937,2027,4.202410223553355,17.660251687025763,143.41876,0.6793203276832074
NTail,14,4937,2028,3.3267688052893196,11.067390683846126,65.27194,0.42146376541726205
NTail,14,4937,2029,2.197983752699636,4.831132577131576,21.21215,0.0469240275307069
NTail,14,4937,2030,3.420039418063132,11.696669621105608,11.462397,0.29748368679288834
NTail,14,4937,2031,3.9245615527467423,15.402183381297922,74.259,0.5190812722532393
NTail,14,4937,2032,3.407814760160475,11.613201439567597,64.24405,0.5150036545076452
NTail,14,4937,2033,3.066220471924437,9.401707982448515,47.50557,0.3019388365986942
NTail,14,4937,2034,4.937758387678085,24.38145789508528,128.31494,0.6838824588128153
NTail,14,4937,2035,4.170106799366824,17.389790718125422,125.64711,0.6550685187762127
NTail,14,4937,2036,3.699333425203726,13.685067790829535,88.70076,0.7424309170824842
NTail,14,4937,2037,3.5406950628642635,12.53652152819137,75.83867,0.6242408350022481
NTail,14,4937,2038,3.425240146705576,11.732270062603643,141.82164,0.6122459280395216
NTail,14,4937,2039,3.916431887696758,15.338438730967994,83.51265,0.7915631559610432
NTail,14,4937,2040,4.4181050119241965,19.51965189638971,90.32568,0.6664457196733069
NTail,14,4937,2041,4.309689488260126,18.57342348521983,116.734795,0.6248216524349219
NTail,14,4937,2042,3.3600632805846558,11.29002524953332,107.27544,0.4811088301013867
NTail,14,4937,2043,2.5881481980267735,6.698511094949234,67.47043,0.35224778765108605
NTail,14,4937,2044,4.416291357984408,19.503629358607768,174.08972,0.4840915987490758
NTail,14,4937,2045,4.791104421357987,22.95468157635606,116.16788,0.627043883824109
NTail,14,4937,2046,3.448063678065477,11.889143127994425,13.182531,0.26703621050072857
NTail,14,4937,2047,3.559872584679773,12.67269281915465,82.5486,0.602529797359717
NTail,14,4937,2048,4.3190648245591685,18.654320958744314,95.471344,0.31587593497513605
NTail,14,4937,2049,4.651447055144513,21.635959706812557,78.4998,0.8186436312884786
NTail,14,4937,2050,3.8277734323036863,14.65184944904994,91.39034,0.410114045366922
NTail,14,4937,2051,2.6471191317367255,7.007239697606595,8.053947,0.035116704228884736
NTail,14,4937,2052,2.912700717755022,8.483825471210622,52.78155,0.29253330888825896
NTail,14,4937,2053,4.619463365809612,21.339441788057066,135.74149,0.8464881788845691
NTail,14,4937,2054,3.721540688756737,13.849865098071973,94.21275,0.530206179910036
NTail,14,4937,2055,3.4723709953030384,12.05736032902182,85.164856,0.5309264228032473
NTail,14,4937,2056,2.8095333853490447,7.893477843390866,21.367716,0.2980079449027789
NTail,14,4937,2057,2.5717753031491997,6.614028209888158,9.903047,0.2982510947160305
NTail,14,4937,2058,2.919922165556554,8.525945452908475,56.59417,0.5120437596564456
NTail,14,4937,2059,2.4668407674858353,6.085303372130108,13.4361515,0.15945518795875196
NTail,14,4937,2060,2.816021314562209,7.9299760440686695,20.974308,0.22289638486476282
NTail,14,4937,2061,3.902154566714543,15.226810262531165,76.02471,0.627025386731329
NTail,14,4937,2062,3.981353855260111,15.851178520794555,74.82329,0.5254442579296896
NTail,14,4937,2063,3.4390641166942277,11.827161998733855,104.77114,0.7217065315380091
NTail,14,4937,2064,3.2991362168754566,10.884299777499299,85.43466,0.28485881621504505
NTail,14,4937,2065,3.366699757851789,11.334667259519296,93.92563,0.5320281945155446
NTail,14,4937,2066,3.106887245620444,9.65274835699899,54.46811,0.39527438588954744
NTail,14,4937,2067,3.6038097201011428,12.987444498695476,55.52002,0.44241729458007273
NTail,14,4937,2068,3.6638059980585798,13.423474391410027,78.74466,0.5302411239892706
NTail,14,4937,2069,3.215454919138369,10.339150337011134,31.09398,0.4910850110296881
NTail,14,4937,2070,4.397884516076994,19.34138821674977,108.049614,0.24066823797584408
NTail,14,4937,2071,3.3502765031956634,11.224352647864965,108.71513,0.4731834312122499
NTail,14,4937,2072,2.442165224808118,5.9641709852620854,17.773129,0.14860910470963432
NTail,14,4937,2073,3.1001490799370695,9.610924317834657,4.9336376,0.4609320513111814
NTail,14,4937,2074,2.5528442899657287,6.517013968810626,52.116974,0.33148556020696734
NTail,14,4937,2075,2.930053494849415,8.58521348267927,61.77144,0.4288906858380358
NTail,14,4937,2076,2.864042183804041,8.202737630609017,74.52429,0.31771516422608426
NTail,14,4937,2077,3.759254978521344,14.131997993537507,68.774475,0.6671340064246278
NTail,14,4937,2078,3.1233075014518246,9.755049748625241,50.683334,0.29890850809021524
NTail,14,4937,2079,3.6850813260372073,13.57982437950814,22.837713,0.654017197087682
NTail,14,4937,2080,2.8291673647177507,8.00418797758398,22.456558,0.31397493657689707
NTail,14,4937,2081,4.012222518018032,16.097929534090966,133.84216,0.6949549109638467
NTail,14,4937,2082,5.197879538630895,27.017951698117727,220.8228,0.6732817179272224
NTail,14,4937,2083,3.43821334362069,11.821310996251363,58.194153,0.41598634532044765
NTail,14,4937,2084,3.475991945416704,12.082520004601804,42.430634,0.3722816132179641
NTail,14,4937,2085,3.4534991885283657,11.926656645166071,53.5036,0.2898628209218299
NTail,14,4937,2086,3.86865760297824,14.966511649081342,70.08509,0.5018259177192765
NTail,14,4937,2087,3.619172009717492,13.09840603592255,45.14264,0.5467486398673321
NTail,14,4937,2088,2.57543693357931,6.632875398844399,50.80355,0.23173967944953416
NTail,14,4937,2089,4.351439001625517,18.935021384867674,165.55226,0.6915003379584169
NTail,14,4937,2090,3.7168268266714595,13.81480165946463,93.93482,0.6555256269322804
NTail,14,4937,2091,4.4433109682011205,19.74301236013638,192.45917,0.6897304269318077
NTail,14,4937,2092,3.8046664767377316,14.4754869992119,87.22974,0.5107430595289821
NTail,14,4937,2093,2.6599744785076194,7.07546422631188,54.65171,0.1777906048006044
NTail,14,4937,2094,2.666127029719641,7.108233338601674,74.44735,0.3365419901353143
NTail,14,4937,2095,2.7566904127931298,7.599342031985555,13.1959305,0.1959511366174473
NTail,14,4937,2096,2.1240381208519237,4.511537938832171,22.149963,0.2054159243334382
NTail,14,4937,2097,3.018083510499078,9.108828076346441,63.50681,0.384976376357577
NTail,14,4937,2098,3.053535904594438,9.324081520647375,52.124718,0.4097146216334103
NTail,14,4937,2099,3.1561674276863103,9.96139283158802,130.48444,0.3963683378136027
NTail,14,4937,2100,2.6218858988513065,6.8742856665953225,64.73103,0.32060876055285875
NTail,14,4937,2101,2.761878616373643,7.627973491581993,36.573616,0.1929148677886221
NTail,14,4937,2102,3.114035101045796,9.697214610545304,20.602774,0.35122599246326397
NTail,14,4937,2103,2.9054596738850584,8.44169591657227,69.15736,0.3371831463426709
NTail,14,4937,2104,3.6279943031402215,13.162342663617904,56.56416,0.21004203611656186
NTail,14,4937,2105,2.359322279728206,5.566401619621898,46.202282,0.11250216724608211
NTail,14,4937,2106,3.0999958156784913,9.609974057224155,3.0415914,0.36376637513809773
NTail,14,4937,2107,4.2298698522436675,17.891798966919865,127.53052,0.3859330352435355
NTail,14,4937,2108,4.059208770245817,16.47717584044056,116.59851,0.6741433919148659
NTail,14,4937,2109,3.6207960141699282,13.110163776228845,75.45187,0.4833680309609369
NTail,14,4937,2110,2.697016657287892,7.273898849688355,51.40211,0.3177091273724991
NTail,14,4937,2111,2.252199418208898,5.072402219380495,11.309094,0.21311793884279798
NTail,14,4937,2112,3.3944454710073892,11.522260055642576,104.96956,0.4007693378989878
NTail,14,4937,2113,3.7491565739163484,14.056175015740175,121.87099,0.6590483103341009
NTail,14,4937,2114,3.4759347046247595,12.08212207081481,55.20673,0.44150303789131434
NTail,14,4937,2115,3.1115739619861715,9.681892520910317,71.33795,0.20535670860814736
NTail,14,4937,2116,2.8083852951194253,7.887027965843021,48.444664,0.14975545615215263
NTail,14,4937,2117,2.4312904186506312,5.91117309982236,19.456427,0.13073904665170794
NTail,14,4937,2118,3.9162744989906586,15.33720595144453,71.24473,0.49083741058004354
NTail,14,4937,2119,2.3756702605115954,5.643809186679232,46.988037,0.31542079226727615
NTail,14,4937,2120,2.6502870105520846,7.024021238301104,50.502525,0.16645889698531352
NTail,14,4937,2121,3.0274656142468186,9.165548045446867,49.77511,0.29653054720174127
NTail,14,4937,2122,3.3141950225022323,10.983888647178572,84.04402,0.6693692155337823
NTail,14,4937,2123,3.317661019391445,11.006874639589482,108.17732,0.45112833858656914
NTail,14,4937,2124,3.1947395765284066,10.206360961836902,68.8968,0.3850663603708253
NTail,14,4937,2125,3.881761791906562,15.068074609105643,121.272354,0.6099610614621718
NTail,14,4937,2126,2.665226947358083,7.103434680923689,43.937656,0.19298073221256679
NTail,14,4937,2127,2.78451085953981,7.753500726895128,38.03951,0.45453345639881537
NTail,14,4937,2128,3.3965676473830504,11.536671783249231,81.68875,0.46172158613123476
NTail,14,4937,2129,4.069863155335796,16.563786103159835,109.350685,0.4698967353311201
NTail,14,4937,2130,3.262815093380105,10.645962333589026,61.518253,0.2250467331822761
NTail,14,4937,2131,2.5028626661310516,6.264321525512637,15.48184,0.060631118694904396
NTail,14,4937,2132,3.6098972293249387,13.031358006287872,34.46673,0.6751606232787082
NTail,14,4937,2133,3.3072877073916844,10.938151979464147,60.25967,0.4029138736085641
NTail,14,4937,2134,2.9541526972535643,8.72701815869051,36.133755,0.33067481641961316
NTail,14,4937,2135,2.875757990105778,8.269984017657224,27.08726,0.22023392679245674
NTail,14,4937,2136,2.839129081017735,8.060653938680606,34.009647,0.33169613346687304
NTail,14,4937,2137,3.442161241746611,11.848474014182568,29.564125,0.3110905602321439
NTail,14,4937,2138,3.7810778501185958,14.29654970865746,41.097633,0.3133403426584879
NTail,14,4937,2139,4.4507103966336015,19.808823034702424,166.90436,0.7134676527766264
NTail,14,4937,2140,3.4275342349645657,11.747990931854122,48.55391,0.5266437434988421
NTail,14,4937,2141,3.0566779154436055,9.343279878760665,38.74061,0.46091460013094193
NTail,14,4937,2142,2.7701164361395274,7.673545069770355,30.211018,0.34915058633153856
NTail,14,4937,2143,2.5177514848895406,6.339072539663486,63.020935,0.38225050170305563
NTail,14,4937,2144,2.8529983290471757,8.139599465545976,76.0892,0.542705019656291
NTail,14,4937,2145,2.5588276120062403,6.54759874796556,9.279148,0.18231370631351385
NTail,14,4937,2146,3.299066601230543,10.883840439354849,41.652782,0.50036909246574
NTail,14,4937,2147,3.0535739152265107,9.32431365575176,34.339252,0.32806143606246485
NTail,14,4937,2148,3.5956363124401487,12.92860049133819,48.023235,0.48575112479099464
NTail,14,4937,2149,2.377940563193859,5.654601322082727,36.914852,0.1566585927520867
NTail,14,4937,2150,3.0415091178477915,9.25077771395125,13.583744,0.26245819988138475
NTail,14,4937,2151,2.8252683502384355,7.982141250859012,18.21442,0.19940159210028754
NTail,14,4937,2152,3.8908193508923303,15.13847522127821,104.770355,0.5916223249701704
NTail,14,4937,2153,3.3866422840288526,11.469345959972161,89.268684,0.22010668386316928
NTail,14,4937,2154,1.939317704840411,3.76095316030748,12.290796,0.06826622164035628
NTail,14,4937,2155,2.6718845957513007,7.1389672930130885,31.935513,0.18013637408840558
NTail,14,4937,2156,3.1116922889718133,9.682628901246641,111.56544,0.4988538290325738
NTail,14,4937,2157,3.7898699030581855,14.36311388210626,115.26033,0.6835619445138408
NTail,14,4937,2158,3.9461720423295152,15.572273787663097,103.53139,0.6470934425779515
NTail,14,4937,2159,3.8385482851330415,14.734452937297819,136.27971,0.6081256101880368
NTail,14,4937,2160,3.464249800903692,12.001026683061266,40.81125,0.44625836177984235
NTail,14,4937,2161,3.6269509484548212,13.154773182497326,101.42611,0.5026775017970995
NTail,14,4937,2162,4.094418590967166,16.76426359805755,166.78413,0.6539934132679035
NTail,14,4937,2163,3.2323342708771614,10.447984838686992,27.536907,0.39004638652891477
NTail,14,4937,2164,2.535019900097058,6.426325893888098,19.397444,0.3781297692439969
NTail,14,4937,2165,3.366476455881274,11.333163728002946,91.240105,0.2695858235917571
NTail,14,4937,2166,3.359173823936764,11.284048779421937,41.34883,0.4044795983723155
NTail,14,4937,2167,3.732534936316637,13.931817050824241,19.795456,0.5452491680706926
NTail,14,4937,2168,4.386731014359241,19.24340899234126,62.811775,0.38615331515481666
NTail,14,4937,2169,3.789341377880354,14.359108078116183,165.58263,0.7377496484058574
NTail,14,4937,2170,2.3813029347344865,5.670603666975078,12.960504,0.20989913742412364
NTail,14,4937,2171,3.2165539690143143,10.346219435581737,63.927975,0.3895564955287781
NTail,14,4937,2172,3.7386302310921895,13.977356004836441,86.62371,0.4509542352424875
NTail,14,4937,2173,3.052327401715072,9.316702567260682,76.67099,0.42101014015750116
NTail,14,4937,2174,2.4071213782868615,5.79423332980564,35.401802,0.21505181579342508
NTail,14,4937,2175,2.981801772303781,8.891141809313972,24.636898,0.231557184064092
NTail,14,4937,2176,3.8665453037852933,14.950172586224104,160.41922,0.4070594493601627
NTail,14,4937,2177,2.3363480815439996,5.458522358134329,15.430115,0.29448266580251675
NTail,14,4937,2178,3.015393443968587,9.09259762192874,51.647594,0.3056134350458767
NTail,14,4937,2179,2.8150466328215007,7.92448754495967,9.946022,0.20238486105375808
NTail,14,4937,2180,2.6998680085735733,7.289287263719032,5.691691,0.317081225036405
NTail,14,4937,2181,2.3326766629149214,5.441380413707895,20.050867,0.1846913809944751
NTail,14,4937,2182,3.42622654679084,11.739028349934284,94.17762,0.4694847593315881
NTail,14,4937,2183,2.925101596804166,8.55621935162628,29.541464,0.42084777340300883
NTail,14,4937,2184,3.184300783371692,10.139771478981572,31.672722,0.14443392380095949
NTail,14,4937,2185,2.877953902187082,8.282618663113853,47.595142,0.5384857108508256
NTail,14,4937,2186,3.3697307465664146,11.355085304355047,88.11072,0.15110304084425852
NTail,14,4937,2187,2.5279624615264917,6.390594206887077,42.226402,0.22974728699990268
NTail,14,4937,2188,2.445761132656166,5.981747518011569,7.551731,0.23950206719795675
NTail,14,4937,2189,3.335813221122647,11.127649846216649,93.232254,0.4593887196628629
NTail,14,4937,2190,3.978745412403808,15.830415056724348,113.23477,0.7390356976465343
NTail,14,4937,2191,4.383132239423377,19.211848228272583,156.75267,0.8005791801226758
NTail,14,4937,2192,4.906443936085093,24.073192097946176,209.41666,0.8547830323063379
NTail,14,4937,2193,5.2219935250075356,27.269216375220623,200.17322,0.894020657925839
NTail,14,4937,2194,4.866080746909546,23.678741835443763,113.354416,0.5320658651613582
NTail,14,4937,2195,4.216329466788642,17.7774341725102,92.071266,0.7133954396697683
NTail,14,4937,2196,5.176615892083152,26.79735209416785,193.96242,0.8271370724050713
NTail,14,4937,2197,2.4430032094910854,5.968264681583744,22.643986,0.0673157247562773
NTail,14,4937,2198,3.291798470379897,10.835937169595423,87.50119,0.41037820456890317
NTail,14,4937,2199,2.969160434917222,8.815913688277824,38.058495,0.43469399751253723
NTail,14,4937,2200,2.1420151895098614,4.588229072090969,10.634384,0.09724495672934946
NTail,14,4937,2201,3.970187308945675,15.762387268113299,75.65709,0.7250257686823016
NTail,14,4937,2202,3.2350350863302877,10.465452009788011,84.76003,0.5498720812101359
NTail,14,4937,2203,3.041945130831669,9.2534301789905,31.415693,0.30022497222086386
NTail,14,4937,2204,3.0699940560616077,9.424863504253603,52.94603,0.4917134174135682
NTail,14,4937,2205,2.8211301513232936,7.958775330705389,20.93698,0.22147467084326145
NTail,14,4937,2206,2.9863858637801575,8.918500527385955,103.4102,0.7040971396622213
NTail,14,4937,2207,2.2730286053133417,5.166659040572716,44.264847,0.2888227664914475
NTail,14,4937,2208,2.9863772742102155,8.918449223919236,62.015507,0.33132679544859944
NTail,14,4937,2209,3.436269754310414,11.807949824388555,70.98876,0.25088289983498097
NTail,14,4937,2210,2.9120488719604465,8.480028632686112,64.34342,0.5227575305133288
NTail,14,4937,2211,4.015101303427015,16.121038476781308,114.84946,0.4532541227916137
NTail,14,4937,2212,3.6341800953430314,13.207264965387488,100.25894,0.4432534403117241
NTail,14,4937,2213,3.2736817515577012,10.716992210481902,41.205967,0.3836951064185249
NTail,14,4937,2214,2.6141184815072354,6.833615435357691,30.914276,0.26509722742609854
NTail,14,4937,2215,2.926536644379293,8.564616730894812,56.463703,0.3278751794996505
NTail,14,4937,2216,2.8394314633228914,8.062371034907981,41.34039,0.18749292444280158
NTail,14,4937,2217,2.204601250833981,4.860266675178752,54.405663,0.22803944445270502
NTail,14,4937,2218,3.1510478939911923,9.929102830226327,78.07765,0.45719655843169443
NTail,14,4937,2219,3.2703667842221136,10.695298903343287,78.45388,0.33248127050790416
NTail,14,4937,2220,2.564285016489007,6.575557645790027,28.746548,0.16329534521914213
NTail,14,4937,2221,3.0176056910933378,9.1059441069189,37.147545,0.4208968368725572
NTail,14,4937,2222,3.614713707535635,13.06615518744602,87.294815,0.49299922142917635
NTail,14,4937,2223,4.351991264243459,18.939827964051375,166.82803,0.4438306141319679
NTail,14,4937,2224,3.1011406625526767,9.617073408937657,84.74664,0.2537471185137615
NTail,14,4937,2225,3.127635422165248,9.782103333982786,31.008556,0.5535284813141306
NTail,14,4937,2226,3.9575976500882835,15.6625791599843,83.41979,0.7539997954579425
NTail,14,4937,2227,4.21776379516247,17.789531431783313,80.75474,0.7327404869715334
NTail,14,4937,2228,4.885438708921292,23.867511378626546,241.51697,0.8834210510050744
NTail,14,4937,2229,3.296207172169704,10.864981721862998,61.31328,0.26583190738677076
NTail,14,4937,2230,2.77011631465338,7.673544396708824,49.3529,0.34705694071636495
NTail,14,4937,2231,4.097608840902814,16.790398213044902,92.75349,0.7831556887555204
NTail,14,4937,2232,3.498142674913297,12.237002174049554,42.254475,0.28011016974335845
NTail,14,4937,2233,2.267404587901557,5.14112356523703,15.424882,0.16520346182224221
NTail,14,4937,2234,2.641674884919395,6.978446197613899,90.81352,0.279132995541701
NTail,14,4937,2235,4.247236239323985,18.03901567262695,193.8228,0.36350155087032454
NTail,14,4937,2236,4.745657550375545,22.521265585436414,138.74535,0.7693582634615124
NTail,14,4937,2237,3.105561293887423,9.644510950091725,74.28305,0.39799317041767596
NTail,14,4937,2238,2.7242003205460157,7.421267386463015,112.853485,0.5102904436329405
NTail,14,4937,2239,2.685315430294455,7.210918960177494,77.86682,0.3043207287759644
NTail,14,4937,2240,4.236099961948834,17.944542887622912,149.54953,0.6825087985165189
NTail,14,4937,2241,3.329752987014673,11.087254954533137,43.762608,0.3230070324473104
NTail,14,4937,2242,2.6966595632124357,7.271972799865085,33.913322,0.2699703552914098
NTail,14,4937,2243,3.1016486837430315,9.62022455736488,64.72393,0.31721057814036013
NTail,14,4937,2244,3.1509857419761698,9.928711146137113,23.796993,0.5012081976024905
NTail,14,4937,2245,3.682683788005197,13.562159882436307,46.736595,0.25146204161473507
NTail,14,4937,2246,3.2311864231686624,10.440565701269488,54.19792,0.29415533626903523
NTail,14,4937,2247,3.172547727920168,10.065059085931418,91.13186,0.4740424194995506
NTail,14,4937,2248,3.3028867749569817,10.90906104818573,70.127785,0.5596693297146204
NTail,14,4937,2249,4.32189161677156,18.678747147120287,63.69108,0.7278140443418616
NTail,14,4937,2250,3.640399004573727,13.252504912501381,98.07309,0.3063823950430895
NTail,14,4937,2251,2.2863153711291297,5.227237976261331,9.094812,0.14088584451467345
NTail,14,4937,2252,2.0822114625147083,4.335604574627642,25.763926,0.10345376044975718
NTail,14,4937,2253,2.223456032671047,4.943756729221271,3.6207757,0.09869389129765994
NTail,14,4937,2254,2.597240568071545,6.745658568436598,14.009781,0.16396589431447262
NTail,14,4937,2255,2.652840875410702,7.0375647102498196,14.619802,0.17258531159871152
NTail,14,4937,2256,3.543734335288751,12.558053039104406,129.5241,0.6013744229035365
NTail,14,4937,2257,3.6386746586419836,13.239953271443357,63.040848,0.47278260494569935
NTail,14,4937,2258,3.7171284027656397,13.817043562647038,118.523865,0.6770239197755424
NTail,14,4937,2259,2.664678034689414,7.100509028556235,46.18691,0.1654800161004798
NTail,14,4937,2260,2.355776055872295,5.549680825421226,53.298088,0.13767873653589074
NTail,14,4937,2261,2.304826339165338,5.312224453710289,19.28552,0.13613939612600176
NTail,14,4937,2262,2.5124375986224847,6.312342686971916,45.98989,0.0743923372474042
NTail,14,4937,2263,3.640901599944999,13.256164460482054,89.65361,0.4225960333154615
NTail,14,4937,2264,3.276532558991286,10.735665610129985,67.76069,0.18107551794658694
NTail,14,4937,2265,3.2962509915732663,10.865270599447737,86.7695,0.47132870500514956
NTail,14,4937,2266,2.9243887050012423,8.552049297938842,58.32541,0.18990224199356262
NTail,14,4937,2267,3.576865041731223,12.793963526758905,132.10822,0.4709483400995098
NTail,14,4937,2268,3.3563569078978284,11.26513169319347,36.22239,0.14564540691699446
NTail,14,4937,2269,2.917300314135256,8.510641122853661,31.959051,0.5332589327973639
NTail,14,4937,2270,5.069465659745988,25.699482075343816,194.8821,0.7055334713261079
NTail,14,4937,2271,3.508900706775941,12.312384170012697,92.444046,0.61190258088563
NTail,14,4937,2272,2.2007967432012663,4.843506304885299,21.851706,0.2069537941777078
NTail,14,4937,2273,3.3278959367890497,11.074891366097065,54.04962,0.10711830928042765
NTail,14,4937,2274,3.393057089798709,11.512836414633284,45.733803,0.3704366456057443
NTail,14,4937,2275,3.090517647128183,9.55129932721072,53.193115,0.13004746393035818
NTail,14,4937,2276,2.907864610369255,8.455676592237936,18.537521,0.18970019067329047
NTail,14,4937,2277,3.353498227349277,11.245950360834742,49.992184,0.3733828088331905
NTail,14,4937,2278,4.1514825051158155,17.23480699028269,60.513573,0.4112436732967061
NTail,14,4937,2279,4.680377901090126,21.905937297012816,190.45619,0.7688348964428731
NTail,14,4937,2280,4.523357030125405,20.460758821984925,138.0007,0.5798581266631753
NTail,14,4937,2281,2.7099034167464087,7.3435765280938625,43.22096,0.08905069289573558
NTail,14,4937,2282,2.8808396580083175,8.299237135153481,20.83532,0.2278686117124179
NTail,14,4937,2283,2.797634884346472,7.826760946112295,21.658058,0.6061604119661466
NTail,14,4937,2284,4.120122673082121,16.975410841245363,106.58895,0.7918044971596587
NTail,14,4937,2285,4.2922701330778565,18.423582895312204,165.262,0.7530223092730381
NTail,14,4937,2286,4.736489187966785,22.434329827726245,207.54066,0.7272816722549488
NTail,14,4937,2287,4.451066963600333,19.811997114454282,114.52339,0.5798827870048673
NTail,14,4937,2288,3.636477421511325,13.223968037161661,45.00027,0.4190795898301214
NTail,14,4937,2289,3.4432502580460125,11.855972339533933,113.188614,0.4311097850944803
NTail,14,4937,2290,2.5932785890529373,6.72509384044039,7.0516834,0.2516008432826071
NTail,14,4937,2291,2.3195704212982573,5.380406939361776,23.658611,0.10925382038230552
NTail,14,4937,2292,2.53643508085985,6.433502919416515,37.3096,0.11320846437774484
NTail,14,4937,2293,2.54958608621425,6.500389211017298,46.61686,0.13958888412303058
NTail,14,4937,2294,3.053250412608421,9.322338082093491,61.959488,0.23911946056633337
NTail,14,4937,2295,2.7345190632308034,7.477594507172672,33.443855,0.24431577538170773
NTail,14,4937,2296,2.9225168192347852,8.541104558710206,70.370544,0.210428199697633
NTail,14,4937,2297,3.0476646717338003,9.288259951334293,36.68914,0.36018599812661134
NTail,14,4937,2298,2.1514424493479343,4.6287046128562395,11.236443,0.11407971136666518
NTail,14,4937,2299,3.7051518245046196,13.728150042629911,177.94989,0.6907374168829932
NTail,14,4937,2300,3.8386431491574022,14.73518122657306,139.98044,0.539225719149066
NTail,14,4937,2301,4.2293768237755875,17.88762831749008,108.521225,0.7823032299282193
NTail,14,4937,2302,3.811574362511536,14.528099120955225,53.764355,0.579815629031061
NTail,14,4937,2303,4.447018253972767,19.775971351166998,106.47253,0.6418977800929742
NTail,14,4937,2304,2.524825808862042,6.374745365095866,59.312057,0.20156721459274982
NTail,14,4937,2305,3.1396742393610637,9.857554329307474,53.09478,0.6043279497153017
NTail,14,4937,2306,4.75018698009343,22.564276345849134,210.49635,0.7225506837295156
NTail,14,4937,2307,4.169775313195223,17.387026162532322,89.09354,0.5014790868836745
NTail,14,4937,2308,2.899604755283245,8.407707736861205,37.840157,0.3821076555743275
NTail,14,4937,2309,3.1916926406637294,10.186901912467006,53.669598,0.3788414899984729
NTail,14,4937,2310,4.2663156170501635,18.201448944286124,77.72726,0.6990726919231126
NTail,14,4937,2311,4.778321903994805,22.832360218196538,193.90793,0.82744069033817
NTail,14,4937,2312,4.340640498323328,18.84115993568459,137.76964,0.8129536856473882
NTail,14,4937,2313,3.978605462047157,15.829301422631467,97.79939,0.5609054018512201
NTail,14,4937,2314,5.16352856301273,26.662027221048312,222.33289,0.747505678318853
NTail,14,4937,2315,4.89987287241982,24.008754165875665,222.32382,0.5783047273232994
NTail,14,4937,2316,2.7238226964248766,7.419210081559285,46.360046,0.5550011676651719
NTail,14,4937,2317,2.6799493268229537,7.182128394338802,46.93106,0.06250547923877943
NTail,14,4937,2318,3.271263891457229,10.701167447551894,42.051235,0.5465629739867077
NTail,14,4937,2319,4.282172709349571,18.337003112698245,43.66662,0.7181625470185993
NTail,14,4937,2320,3.3700817569866595,11.357451048774289,30.270855,0.35249127402658836
NTail,14,4937,2321,3.780996878179831,14.295937392805632,121.01572,0.4383663345642159
NTail,14,4937,2322,3.8773285821652115,15.033676934075288,106.78353,0.31515885189468595
NTail,14,4937,2323,3.8686322348683393,14.966315368662402,112.450356,0.4781053672919877
NTail,14,4937,2324,3.1384465172542195,9.849846541665137,125.32221,0.5242119944347348
NTail,14,4937,2325,2.357623539355767,5.558388753324413,34.33905,0.17824822688310837
NTail,14,4937,2326,2.597977202663789,6.749485545560769,18.621212,0.2548407573561306
NTail,14,4937,2327,2.707223095363345,7.329056888068692,67.791916,0.21079319658391205
NTail,14,4937,2328,3.1242192953780186,9.76074620561232,37.860207,0.2624232828371366
NTail,14,4937,2329,3.74430389866479,14.019811685556345,87.505554,0.5968675373216089
NTail,14,4937,2330,3.3619592457679213,11.30276997020441,59.52605,0.26547658548802355
NTail,14,4937,2331,2.656248152086371,7.055654245462262,33.625866,0.3038478528275258
NTail,14,4937,2332,3.541605115265513,12.542966792474841,14.243391,0.24413138941414278
NTail,14,4937,2333,4.682552962423732,21.926302245903273,108.12416,0.821938210273024
NTail,14,4937,2334,3.166829793236374,10.028810939329533,60.160423,0.48060969959572747
NTail,14,4937,2335,4.925706108138703,24.262580663754925,141.14444,0.6493064274684022
NTail,14,4937,2336,3.2399081255508895,10.497004662010681,102.11038,0.4128362937819583
NTail,14,4937,2337,2.842018292957143,8.077067977503031,3.989145,0.34438640329039316
NTail,14,4937,2338,2.7957978919953472,7.816485852885626,21.90723,0.4759180230464683
NTail,14,4937,2339,2.793050362994821,7.801130330225502,28.633514,0.24893676424419642
NTail,14,4937,2340,2.0920586854031757,4.376709543170865,39.67436,0.061348376488857985
NTail,14,4937,2341,2.6577879561479403,7.063836819845042,0.8574769,0.479145253075716
NTail,14,4937,2342,2.394002680245642,5.731248833023317,37.735516,0.1565778968022797
NTail,14,4937,2343,3.599373779715906,12.955491606106373,101.99252,0.343971623358781
NTail,14,4937,2344,4.057578741055352,16.46394523986433,85.32125,0.4294680353044348
NTail,14,4937,2345,2.416545368408727,5.839691517577671,33.10609,0.31057685507468225
NTail,14,4937,2346,2.6046044214155644,6.783964192057507,19.194592,0.09739128111780881
NTail,14,4937,2347,2.854704581311955,8.14933824656346,13.457725,0.39698123496578863
NTail,14,4937,2348,2.0130318050234552,4.05229704803599,28.057877,0.1287312989031678
NTail,14,4937,2349,2.5459851842414802,6.4820405583771254,22.160805,0.13691843406522128
NTail,14,4937,2350,3.648488191816607,13.311466085825213,27.307823,0.6917766076915783
NTail,14,4937,2351,3.577824549200596,12.800828504862446,144.06439,0.44805648952501287
NTail,14,4937,2352,3.1347437587152713,9.826618432804347,110.5842,0.5802627191068406
NTail,14,4937,2353,3.379226029765929,11.419168560247604,25.908863,0.3899596956465815
NTail,14,4937,2354,3.429108574550921,11.758785616058649,48.02065,0.502073338992675
NTail,14,4937,2355,2.6272222648431893,6.902296828887778,43.675884,0.08906353325969285
NTail,14,4937,2356,3.38890370552083,11.484668325292807,86.72279,0.37773726487687054
NTail,14,4937,2357,3.1545036108353344,9.950893030773162,123.77691,0.6202446195226388
NTail,14,4937,2358,3.9374441641727875,15.503466545978343,56.91799,0.5603654008125853
NTail,14,4937,2359,3.3728391792489885,11.376044129076988,53.410378,0.5775222144568
NTail,14,4937,2360,2.8302968846883094,8.010580455476347,55.988102,0.3751274858101502
NTail,14,4937,2361,3.964420249198359,15.716627912253982,104.78316,0.5703260134075727
NTail,14,4937,2362,4.1505104365454475,17.226736883872682,74.33003,0.5310089638747257
NTail,14,4937,2363,3.3773402574905784,11.406427214866527,41.08642,0.4662514394524863
NTail,14,4937,2364,2.7015497516022444,7.2983710603821494,48.576397,0.3701233799754929
NTail,14,4937,2365,3.2191131807214606,10.362689670294642,76.96414,0.515935282192765
NTail,14,4937,2366,3.4436467999728815,11.85870328296347,108.556435,0.6913442090029946
NTail,14,4937,2367,2.8561210474108307,8.157427437463141,50.644627,0.3319674962986229
NTail,14,4937,2368,2.6057953230958337,6.790169265868121,35.178493,0.11694918261332876
NTail,14,4937,2369,2.0090711407971646,4.036366848784021,8.783891,0.08489748556894137
NTail,14,4937,2370,3.2737478197105903,10.717424787059844,56.115585,0.5490316257867558
NTail,14,4937,2371,4.249329003137579,18.05679697690621,124.76935,0.4966901802806594
NTail,14,4937,2372,4.411857511979856,19.46448670601309,138.71454,0.49537717973767403
NTail,14,4937,2373,3.438087106722295,11.82044295341008,95.47917,0.4189537262544174
NTail,14,4937,2374,3.1586187365556446,9.976872322920377,43.316147,0.4149196202350638
NTail,14,4937,2375,2.5444951105006037,6.474455367361481,43.866108,0.25302921244893367
NTail,14,4937,2376,2.726178831106335,7.432051019172302,29.42981,0.3707777013580714
NTail,14,4937,2377,2.901328751376085,8.417708523561513,90.64601,0.18952660811871813
NTail,14,4937,2378,3.2565743326374803,10.605276383993251,9.329116,0.4221047322407634
NTail,14,4937,2379,3.1383659824622745,9.849341039876396,62.021946,0.4243437656059108
NTail,14,4937,2380,3.679806071027336,13.540972720369643,98.67003,0.5509710914991875
NTail,14,4937,2381,3.4476333293408055,11.886175573581566,92.72636,0.551557294248838
NTail,14,4937,2382,3.0993188910999794,9.605777588729206,12.646091,0.570047739694964
NTail,14,4937,2383,3.4247778631687837,11.729103412050936,54.04797,0.3651707478847203
NTail,14,4937,2384,4.147710606694039,17.203503276882238,157.01335,0.7006365526594426
NTail,14,4937,2385,3.0200578585634172,9.120749469070653,26.761137,0.1248246220776188
NTail,14,4937,2386,3.4657339187914826,12.011311595861772,116.645676,0.562093675669781
NTail,14,4937,2387,4.329366892651405,18.74341769118609,119.23836,0.6926274203378615
NTail,14,4937,2388,3.5374635510073933,12.513648374705832,23.77789,0.17696162039201074
NTail,14,4937,2389,3.426265679922594,11.739296509415436,109.68877,0.46948106186191274
NTail,14,4937,2390,2.5829992697374102,6.671885227463994,31.817734,0.31016613317866637
NTail,14,4937,2391,3.495913178753031,12.22140895337912,59.63188,0.18408893632596177
NTail,14,4937,2392,4.2157925278987225,17.772906638286695,133.38599,0.41669700875325527
NTail,14,4937,2393,3.8887232747468943,15.122168707558211,90.73288,0.19135355649915248
NTail,14,4937,2394,3.4613183008300115,11.980724379660757,21.632393,0.5262329995870396
NTail,14,4937,2395,2.592322247974536,6.72013463734375,24.602665,0.23156266169649434
NTail,14,4937,2396,3.0404747424790255,9.244486659652896,11.178033,0.14581984307781332
NTail,14,4937,2397,2.4727489783829664,6.114487510094001,20.19717,0.32550518992269817
NTail,14,4937,2398,2.56225141812834,6.565132329700692,31.720804,0.339463590137303
NTail,14,4937,2399,2.6066343853662413,6.794542818973644,42.448486,0.19033486826188256
NTail,14,4937,2400,2.6858344836044696,7.213706873318889,29.174736,0.5353993858623194
NTail,14,4937,2401,3.0261407573681467,9.157527883404661,11.279014,0.15167096267683147
NTail,14,4937,2402,3.2096102328046916,10.301597846524583,63.834732,0.6032998091368034
NTail,14,4937,2403,3.270161891646988,10.693958797580205,66.37952,0.473063128840543
NTail,14,4937,2404,4.073171449171444,16.59072565434541,143.38635,0.7052363583396424
NTail,14,4937,2405,3.033837206153842,9.204168193443351,77.664474,0.27647265028306034
NTail,14,4937,2406,2.6214804274731778,6.872159631624957,45.353134,0.3008346626903232
NTail,14,4937,2407,3.3560945887657585,11.263370888742804,67.353325,0.6795538632015808
NTail,14,4937,2408,3.2853524453065543,10.793540689881755,75.22264,0.34250696040067047
NTail,14,4937,2409,3.5418412883749375,12.544639712037442,96.91281,0.2035630742085904
NTail,14,4937,2410,4.147723462893408,17.203609924636485,141.52829,0.5328633388929593
NTail,14,4937,2411,3.6323072559405527,13.193656001558388,95.40822,0.39843836885201384
NTail,14,4937,2412,3.0856956560001274,9.521517681458057,41.18194,0.29586472874540415
NTail,14,4937,2413,2.3950470899274356,5.736250562969878,29.935928,0.201116857370287
NTail,14,4937,2414,2.2366042254425964,5.002398461267676,49.088093,0.2387104607704135
NTail,14,4937,2415,3.546209257974046,12.575600101340832,96.802055,0.2751483670285535
NTail,14,4937,2416,2.2639457358941386,5.125450295073254,23.391535,0.3255978716560742
NTail,14,4937,2417,2.4907429665776553,6.2038005255560575,43.551025,0.12886423684856133
NTail,14,4937,2418,3.355542066189761,11.259662557969053,95.819046,0.6166393089260191
NTail,14,4937,2419,3.2147401813050593,10.334554433297281,82.31454,0.3353347235823274
NTail,14,4937,2420,2.6778248586463254,7.170745973584213,54.56761,0.2796233214594558
NTail,14,4937,2421,3.2046245678534784,10.269618620890098,32.329548,0.3035416117967449
NTail,14,4937,2422,2.5723626706185923,6.617049709192015,56.47707,0.4073954986299094
NTail,14,4937,2423,3.9214861432735275,15.378053571886282,146.88422,0.6580075599173469
NTail,14,4937,2424,2.734526809483363,7.477636871783255,42.601543,0.32495835768402326
NTail,14,4937,2425,3.06559513774907,9.397873548590741,59.00599,0.3307230770234101
NTail,14,4937,2426,3.6293134207028857,13.17191590569408,75.65564,0.3153824465774685
NTail,14,4937,2427,3.130066002930039,9.797313182698431,46.22285,0.599335991450582
NTail,14,4937,2428,2.758851622797803,7.611262276614072,18.360054,0.15084355344333994
NTail,14,4937,2429,3.8229400584460658,14.614870690471612,37.090607,0.316420698317937
NTail,14,4937,2430,4.175205720421149,17.432342807837482,83.089554,0.5513800467259913
NTail,14,4937,2431,2.8321848712087023,8.021271144703457,56.73941,0.2367867568407559
NTail,14,4937,2432,2.2364097364867486,5.001528509452728,27.967896,0.16062604441479642
NTail,14,4937,2433,3.0277947751714005,9.167541200555231,39.043255,0.6794482758784732
NTail,14,4937,2434,2.7638025764981995,7.6386046818580855,16.65062,0.32343249374982247
NTail,14,4937,2435,3.8100232502508917,14.516277167452373,129.35568,0.520010697814832
NTail,14,4937,2436,2.6749986462739694,7.155617757567568,25.614868,0.11998772806718994
NTail,14,4937,2437,2.7210710211801996,7.40422750230665,2.7716112,0.2526864841892881
NTail,14,4937,2438,2.2721854723567314,5.162826820788986,30.735723,0.38358036488353014
NTail,14,4937,2439,2.546916589977813,6.486784116304212,44.16594,0.14101127752681042
NTail,14,4937,2440,3.0473875238143724,9.286570720299496,82.015144,0.2532452006655119
NTail,14,4937,2441,2.6342243924105926,6.939138149570956,45.84073,0.1505063288852594
NTail,14,4937,2442,3.133765982217547,9.820489231303908,48.295143,0.3637983369485617
NTail,14,4937,2443,2.524487815791674,6.373038732080617,12.069626,0.1586334149398075
NTail,14,4937,2444,3.993399050224333,15.947235974332605,90.54762,0.42674700197412657
NTail,14,4937,2445,2.758369773615189,7.608603807993908,53.163254,0.49484623846613973
NTail,14,4937,2446,3.68836197628534,13.604014068107505,73.93483,0.23324404984098554
NTail,14,4937,2447,2.9657134955591293,8.795456537741549,20.745792,0.14040383840970896
NTail,14,4937,2448,3.3797646295707464,11.422808951297485,23.970833,0.399828519256165
NTail,14,4937,2449,2.9915464518641306,8.949350173660866,61.05077,0.23502604398720722
NTail,14,4937,2450,2.3940961277068227,5.731696268700802,15.469044,0.07568637688485393
NTail,14,4937,2451,2.6966643311925504,7.271998515126167,36.025383,0.1999584027176847
NTail,14,4937,2452,2.8843778157990916,8.319635384273942,7.5683365,0.15083707852085612
NTail,14,4937,2453,2.867485742476899,8.222474483308291,17.917215,0.384448822290954
NTail,14,4937,2454,3.2957192579070433,10.861765426939355,71.10194,0.423540319396916
NTail,14,4937,2455,3.053927196891736,9.326471323915014,32.216045,0.3817033549933396
NTail,14,4937,2456,3.139984697123002,9.859503898166631,68.9517,0.44029763655402565
NTail,14,4937,2457,4.309618200216669,18.57280903163876,192.79262,0.6057317968103775
NTail,14,4937,2458,3.7322211184036163,13.929474476657937,92.28344,0.5594489923866377
NTail,14,4937,2459,3.2767595787240307,10.73715333675969,82.809265,0.6378881701774151
NTail,14,4937,2460,3.4871967446328975,12.160541135778278,84.90927,0.5633980836412203
NTail,14,4937,2461,3.479637875978274,12.10787974794259,16.78977,0.3862034494216853
NTail,14,4937,2462,2.859032041929857,8.174064216781607,55.79375,0.39771878086285395
NTail,14,4937,2463,3.4495467659601453,11.899372890546095,26.218771,0.5203039013942445
NTail,14,4937,2464,2.4878802118051246,6.18954794829151,19.08705,0.21212798481331305
NTail,14,4937,2465,3.029442118118982,9.17751954703323,59.38613,0.46272173960468593
NTail,14,4937,2466,3.595201257910709,12.925472084882747,104.831024,0.6786583250549727
NTail,14,4937,2467,3.7332155544441004,13.936898375943368,84.64195,0.3167133522109844
NTail,14,4937,2468,2.8605103981669715,8.182519738021366,59.313526,0.29935108867537585
NTail,14,4937,2469,4.211187474370398,17.73409994429413,178.21935,0.5855384951236194
NTail,14,4937,2470,3.9184158891400473,15.353983080265193,104.12085,0.5111556185463272
NTail,14,4937,2471,2.863056089088591,8.197090169267257,2.8891711,0.48778980731455124
NTail,14,4937,2472,4.5238469681325375,20.46519139108195,189.94646,0.5386520875791896
NTail,14,4937,2473,3.9552754878283016,15.644204184615406,87.256035,0.4679810107721263
NTail,14,4937,2474,2.2621327779362255,5.117244705013463,39.233833,0.3649557804943831
NTail,14,4937,2475,2.2938104705771774,5.261566474929492,3.7900434,0.06045357306511626
NTail,14,4937,2476,2.669250158528539,7.12489640880463,75.3881,0.3934860037307657
NTail,14,4937,2477,2.915351407013842,8.499273826377589,19.605988,0.18819769400758166
NTail,14,4937,2478,2.45894605017379,6.046415677665282,7.307819,0.21133227320556153
NTail,14,4937,2479,3.1911686469645297,10.18355733336943,39.991814,0.20378016261269638
NTail,14,4937,2480,2.961206233388213,8.768742356657205,47.72047,0.2520076718443256
NTail,14,4937,2481,2.5006772451332098,6.25338668432702,23.09037,0.14507366811026923
NTail,14,4937,2482,3.3695850589984544,11.354103469825619,80.4717,0.4005281550314003
NTail,14,4937,2483,5.1366718658608805,26.3853978575267,188.1318,0.6342854026746473
NTail,14,4937,2484,4.280571106130012,18.32328899463511,122.7738,0.7038786516350883
NTail,14,4937,2485,3.767698941765387,14.195555315780025,118.745346,0.7621517474250559
NTail,14,4937,2486,4.689231563995052,21.98889266076748,89.4386,0.6285378114885463
NTail,14,4937,2487,3.647225660089279,13.302255015613675,87.026276,0.4044375336809687
NTail,14,4937,2488,3.9544646503359417,15.637790670756566,136.50227,0.6721958151481877
NTail,14,4937,2489,4.108804330563511,16.882273026857458,61.86916,0.6657185747181931
NTail,14,4937,2490,4.1114781473674205,16.904252556279843,125.00399,0.7932005841473707
NTail,14,4937,2491,4.127320969852659,17.034778388185487,105.88573,0.4358254125767667
NTail,14,4937,2492,3.4857940203851334,12.150759952552756,101.210754,0.30618242378262367
NTail,14,4937,2493,2.870609550561256,8.240399191773497,55.434227,0.5486596402176592
NTail,14,4937,2494,3.404429981114305,11.59014349630995,36.876713,0.5278750170339416
NTail,14,4937,2495,3.1674237343907325,10.032573113181735,49.828857,0.3400263384004027
NTail,14,4937,2496,3.47472050198988,12.073682566948795,46.636127,0.5476016768202825
NTail,14,4937,2497,2.979652436698515,8.878328643523398,60.813637,0.3191968420037712
NTail,14,4937,2498,3.692220196662413,13.632489980641832,73.7998,0.5587297384484244
NTail,14,4937,2499,3.572013010590147,12.759276947825283,148.60841,0.5985517941135876
NTail,14,4937,2500,4.563641586576948,20.82682453073455,116.065605,0.6826555516282591
NTail,14,4937,2501,3.8083696287503868,14.50367922918836,118.79042,0.4348080460617467
NTail,14,4937,2502,4.888785252223733,23.90022124236027,124.38197,0.521541777794204
NTail,14,4937,2503,4.11175111903846,16.906497264914027,159.52698,0.6886585460621871
NTail,14,4937,2504,3.930485902921013,15.44871943306081,95.05812,0.649357673555532
NTail,14,4937,2505,4.772000935157749,22.771992925146424,149.45671,0.723511338128944
NTail,14,4937,2506,2.32732351951796,5.416434764501465,36.170288,0.054734260160768634
NTail,14,4937,2507,4.501242509929114,20.26118413319295,215.33284,0.6012891946184719
NTail,14,4937,2508,3.536338838663989,12.505692381843373,109.4969,0.6344367551739911
NTail,14,4937,2509,5.13009381338681,26.31786253414963,94.18225,0.828109700917595
NTail,14,4937,2510,4.198843289289082,17.630284968007953,87.084816,0.7632616473006237
NTail,14,4937,2511,3.020835088650791,9.125444632823832,86.95774,0.5317067715229425
NTail,14,4937,2512,3.405713126238932,11.598881898236154,86.59331,0.4592722373504794
NTail,14,4937,2513,3.6190547809564544,13.09755750756377,85.89995,0.38924967447090925
NTail,14,4937,2514,3.09780373526855,9.596387982243781,112.71628,0.5324455645326545
NTail,14,4937,2515,3.017215945513004,9.103592061857931,69.7517,0.290917908497504
NTail,14,4937,2516,3.4391182638215945,11.82753443255126,56.770996,0.5694954665685351
NTail,14,4937,2517,2.8381010766673738,8.054817721380505,29.732944,0.345551432749783
NTail,14,4937,2518,2.479366461297286,6.147258049405826,9.56343,0.2877884799770684
NTail,14,4937,2519,3.656730401071634,13.371677226121514,88.85955,0.21775623646335274
NTail,14,4937,2520,4.913381481056888,24.141317578392773,225.49246,0.8214218755016929
NTail,14,4937,2521,3.7222861630747897,13.855414279818042,148.48099,0.49166957409389134
NTail,14,4937,2522,3.152416074337775,9.937727105743184,30.248,0.3093833911328802
NTail,14,4937,2523,3.4386615959730062,11.82439357161962,112.84634,0.5080186953679281
NTail,14,4937,2524,3.643499964721416,13.275091992924963,104.41686,0.6561161555944242
NTail,14,4937,2525,3.8204471612608537,14.595816511986119,109.335754,0.5776123219485243
NTail,14,4937,2526,2.9566510061691846,8.74178517228125,95.55684,0.3042854376737687
NTail,14,4937,2527,3.7633588641646383,14.162869940486557,25.664688,0.2578276235487532
NTail,14,4937,2528,3.3395843726954486,11.152823782351655,74.63851,0.20957188015684958
NTail,14,4937,2529,4.254253593264546,18.098673635804303,66.13527,0.4596178727222048
NTail,14,4937,2530,4.312566411189749,18.598229050922036,130.076,0.3442761246641022
NTail,14,4937,2531,4.05530829109869,16.44552533585378,65.09707,0.4607439638914228
NTail,14,4937,2532,2.501689338619999,6.258449546964967,50.904366,0.31051408840338185
NTail,14,4937,2533,2.831181079583734,8.015586305392919,14.242614,0.20977616420483364
NTail,14,4937,2534,2.4307601082701655,5.908594703957587,37.631554,0.25499031462824734
NTail,14,4937,2535,2.5321860985305906,6.411966437591573,32.281544,0.30275466272676743
NTail,14,4937,2536,2.4196239887753577,5.854580247057171,27.468622,0.10245023403690826
NTail,14,4937,2537,2.8694905189984232,8.23397583862184,47.89974,0.35182238160427703
NTail,14,4937,2538,3.5594852341991663,12.669935132481898,64.65598,0.590367953057505
NTail,14,4937,2539,2.5140028839700848,6.320210500609902,27.841705,0.19222344031515903
NTail,14,4937,2540,3.0961732609290817,9.586288861692221,32.162243,0.49558278872412287
NTail,14,4937,2541,2.782796796141159,7.743958008613496,52.25974,0.5971904820840992
NTail,14,4937,2542,2.932173571695387,8.597641854548884,13.268301,0.2494760432862268
NTail,14,4937,2543,4.172979395709483,17.413757037015877,115.442444,0.456923252741404
NTail,14,4937,2544,2.548712770078043,6.495936784358892,22.393892,0.14310497783414167
NTail,14,4937,2545,3.3364372964267806,11.13181383298765,31.157816,0.16366290667080904
NTail,14,4937,2546,3.6343765170447058,13.208692667646009,71.369316,0.6155790902521214
NTail,14,4937,2547,3.6074460807762407,13.013667225707865,119.93591,0.657968105622841
NTail,14,4937,2548,2.685210509950633,7.210355482749339,45.191673,0.40122735219933403
NTail,14,4937,2549,2.5288481568339716,6.395073000322574,22.54432,0.3195741010240183
NTail,14,4937,2550,2.9582165507788623,8.751045161301988,49.659027,0.19880098197556453
NTail,14,4937,2551,3.179577044443932,10.10971018155481,58.118607,0.35092579302117055
NTail,14,4937,2552,4.114953185449592,16.93283971844175,92.82609,0.4254525326934919
NTail,14,4937,2553,3.2743611866418156,10.721441180586393,119.75864,0.44751990405710573
NTail,14,4937,2554,3.222150442149718,10.38225347184562,14.186894,0.37697236869907996
NTail,14,4937,2555,4.337629568048308,18.815030269606943,187.07164,0.680473569397033
NTail,14,4937,2556,3.218282679944503,10.357343408030774,67.322044,0.37992226102886917
NTail,14,4937,2557,4.0060169906224266,16.048172129155564,82.53925,0.6886928962616475
NTail,14,4937,2558,4.628114659882533,21.41944530501961,182.02155,0.3874745899627028
NTail,14,4937,2559,4.716688692160112,22.24715221875107,125.632545,0.7363742100489129
NTail,14,4937,2560,2.823365072786942,7.971390334233213,44.555706,0.1218966504579519
NTail,14,4937,2561,3.0214088697972485,9.128911558489486,17.44041,0.5081955465408539
NTail,14,4937,2562,4.067017773976563,16.54063357384127,156.29158,0.7322973200960003
NTail,14,4937,2563,3.0426709602229796,9.25784657218423,32.176815,0.48063203019385337
NTail,14,4937,2564,3.327840375381664,11.074521564020372,58.419407,0.30522375279811126
NTail,14,4937,2565,4.389903662635539,19.271254167220924,149.0267,0.50326208982802
NTail,14,4937,2566,3.7574592671583984,14.11850014435453,158.73077,0.5637926808556744
NTail,14,4937,2567,3.6812186658064996,13.551370865482186,122.7062,0.6773532533171213
NTail,14,4937,2568,4.025232688164526,16.20249819386822,140.49303,0.7275627880296361
NTail,14,4937,2569,2.8102323042828434,7.897405604034857,16.328314,0.17272661269453446
NTail,14,4937,2570,3.692980692831531,13.638106397626455,83.67521,0.46706429974764396
NTail,14,4937,2571,4.326073474300216,18.714911705043942,182.9673,0.7239786526664198
NTail,14,4937,2572,3.8845667977034095,15.089859205819723,126.39557,0.5736822017625931
NTail,14,4937,2573,3.3499372818723585,11.22207979247837,56.63002,0.2897379622067478
NTail,14,4937,2574,3.0713082728122654,9.432934506645061,30.620152,0.20400256075472684
NTail,14,4937,2575,3.354476866268257,11.252515046328902,83.02881,0.49802137606128216
NTail,14,4937,2576,3.3342706429075495,11.117360720155121,19.685915,0.5522117586319388
NTail,14,4937,2577,3.356873422004093,11.268599171357474,26.24223,0.3066961976532637
NTail,14,4937,2578,2.61920458036809,6.860232633821181,22.923677,0.21086500171348796
NTail,14,4937,2579,3.2148633909228272,10.335346622295821,21.540937,0.33205800951957687
NTail,14,4937,2580,3.2327092447962626,10.450409061391225,69.84479,0.33342160590339176
NTail,14,4937,2581,3.43005597454989,11.76528398854539,62.65811,0.71318934410601
NTail,14,4937,2582,3.4032423475911306,11.582058476437592,73.67884,0.6829813295250623
NTail,14,4937,2583,3.044498623986868,9.26897187145793,12.474991,0.2893404887866303
NTail,14,4937,2584,3.088723459354072,9.540212608364186,59.656284,0.5445606393537883
NTail,14,4937,2585,5.285049605265454,27.931749330116528,291.00427,0.8463774972450153
NTail,14,4937,2586,5.379705092444784,28.941226881676346,212.47688,0.7937590583051441
NTail,14,4937,2587,4.322938793257744,18.687799810252713,131.73805,0.7476256941481352
NTail,14,4937,2588,4.120540918073912,16.978857457521396,101.36053,0.6448422451334189
NTail,14,4937,2589,4.938750174974146,24.39125329080715,203.80344,0.688848268501951
NTail,14,4937,2590,4.252990707423809,18.087929957433257,199.81352,0.690212319842817
NTail,14,4937,2591,4.588709756463947,21.056257229067423,180.3782,0.40362539482807813
NTail,14,4937,2592,3.925633112279425,15.410595332224643,80.20215,0.597460673843529
NTail,14,4937,2593,3.923676216107324,15.395235048846287,115.96786,0.6461800577625235
NTail,14,4937,2594,2.829912468613178,8.008404580012332,51.9781,0.4774956717167797
NTail,14,4937,2595,2.1264972748272375,4.521990659847667,17.729055,0.17804722278834786
NTail,14,4937,2596,2.225788465156145,4.9541342916221485,13.021009,0.21836333349662435
NTail,14,4937,2597,2.371781109377518,5.62534563080005,3.88767,0.13527293151268804
NTail,14,4937,2598,3.809071113866623,14.50902275049312,142.23834,0.5299375653038729
NTail,14,4937,2599,5.7658010678308855,33.24446195379978,221.07535,0.810580767756272
NTail,14,4937,2600,3.3236508210151325,11.046654780034569,131.07104,0.5054100447275358
NTail,14,4937,2601,3.091702297570202,9.558623096800867,12.294271,0.09444855585704073
NTail,14,4937,2602,2.614170118606676,6.833885409016043,47.817665,0.5177868878042047
NTail,14,4937,2603,2.5642135440130036,6.575191099299728,41.87386,0.08377509037365234
NTail,14,4937,2604,3.010191363172619,9.061252042919033,11.133806,0.5201516382751622
NTail,14,4937,2605,2.8538940669723147,8.144711345499777,30.883797,0.27980163965774174
NTail,14,4937,2606,3.0865477009592426,9.526776710296785,75.94551,0.19578771492059766
NTail,14,4937,2607,3.0390561660476973,9.23586238039253,24.705952,0.3762121256280943
NTail,14,4937,2608,2.6453976481308406,6.99812871673618,10.230216,0.3130679335597368
NTail,14,4937,2609,2.861835225551304,8.190100858206284,25.005255,0.39112774673535644
NTail,14,4937,2610,2.7842760939115,7.75219336712708,30.0095,0.10519627966351165
NTail,14,4937,2611,3.090425473073911,9.550729604624108,59.842274,0.5395618539275916
NTail,14,4937,2612,2.4948948764390186,6.2245004444816665,7.558201,0.3028723159704608
NTail,14,4937,2613,3.372818909302772,11.375907394950339,76.43932,0.29769805159482016
NTail,14,4937,2614,3.929899277225051,15.444108329133975,143.18036,0.6332021834499861
NTail,14,4937,2615,2.717237168186721,7.38337782817539,33.277344,0.28572573682132685
NTail,14,4937,2616,2.64753408840345,7.009436749258288,31.963541,0.22741087095857004
NTail,14,4937,2617,4.010611261334587,16.085002689543803,101.125015,0.46467199681606
NTail,14,4937,2618,4.897428473492151,23.98480565297166,189.98975,0.721690589165991
NTail,14,4937,2619,4.3934877135131885,19.30273428879134,230.17474,0.7809400977474257
NTail,14,4937,2620,4.089096209545495,16.720707810919336,118.01845,0.5355507992750563
NTail,14,4937,2621,3.9373794287479114,15.502956765927225,81.936485,0.5543124648715215
NTail,14,4937,2622,4.6305215505047235,21.441729829688658,151.61368,0.574296669334146
NTail,14,4937,2623,4.084014610819373,16.679175341386106,152.91171,0.6024517287687432
NTail,14,4937,2624,3.485984745461672,12.152089645591474,19.809486,0.3760420028264933
NTail,14,4937,2625,3.8261542000065485,14.63945596222775,137.80035,0.5815611580075271
NTail,14,4937,2626,2.6743503799114983,7.152149954532773,21.631477,0.3178055834672391
NTail,14,4937,2627,3.7037338911398385,13.71764473637785,128.34863,0.6204976788440177
NTail,14,4937,2628,3.862253688839198,14.917003556951991,95.77844,0.742086815295281
NTail,14,4937,2629,2.862142828460506,8.191861570507909,57.50763,0.524930856343528
NTail,14,4937,2630,2.257253906610518,5.095195198908446,21.915712,0.2552535727426018
NTail,14,4937,2631,2.7688507669393254,7.666534569580492,42.541615,0.16791802414708643
NTail,14,4937,2632,2.7818457605666103,7.738665835582421,38.741222,0.1600919798151075
NTail,14,4937,2633,3.020699954763082,9.124628216705684,18.632645,0.5241486677515799
NTail,14,4937,2634,2.691421529112308,7.243749847369233,4.135957,0.12304619348078223
NTail,14,4937,2635,3.622052646105832,13.119265371162257,47.86888,0.27654164124650116
NTail,14,4937,2636,3.8436519268578766,14.773660134838266,44.57521,0.6679964812895449
NTail,14,4937,2637,4.6317175573005605,21.452807530606268,201.83931,0.6737382902539368
NTail,14,4937,2638,3.2333438153581318,10.45451222831468,106.124794,0.4346707462445332
NTail,14,4937,2639,3.3239451757164256,11.0486115311685,113.72716,0.5597781600510907
NTail,14,4937,2640,2.628534570911226,6.909193990475465,12.996458,0.4116845601519675
NTail,14,4937,2641,3.7712657228055493,14.22244515200806,115.946236,0.5138224240913225
NTail,14,4937,2642,4.975901374430587,24.759594488060202,185.88426,0.7331624335952397
NTail,14,4937,2643,3.36740394458752,11.33940932602359,97.42705,0.6152270880469115
NTail,14,4937,2644,2.7987818929652386,7.833180084390084,16.74552,0.14364201261618656
NTail,14,4937,2645,2.433844817234573,5.923600594379592,4.4539394,0.18551442718664124
NTail,14,4937,2646,2.9627089271519407,8.777644187025803,80.164825,0.3116175243802071
NTail,14,4937,2647,2.910036474047709,8.468312280288021,35.053165,0.2793520865443079
NTail,14,4937,2648,3.786436230118305,14.33709932475252,53.99233,0.5587977259795986
NTail,14,4937,2649,3.4005925928915626,11.564029982828961,38.4188,0.5448406736997841
NTail,14,4937,2650,2.5956336613167075,6.737314103760375,31.139765,0.30203878539973555
NTail,14,4937,2651,2.968871999342958,8.814200948482652,58.51213,0.1572927328810697
NTail,14,4937,2652,3.018280678555924,9.110018254544011,12.1776905,0.17928185330040164
NTail,14,4937,2653,2.7403359554239897,7.509441148589513,37.693787,0.05040067043395931
NTail,14,4937,2654,2.189782171390979,4.7951459581417915,11.363189,0.304991947145575
NTail,14,4937,2655,2.646680718531736,7.004918825847667,50.108284,0.10050904116241693
NTail,14,4937,2656,2.4465364985933094,5.985540838949206,11.004966,0.2094380021061525
NTail,14,4937,2657,2.812472638673641,7.910002343287873,39.1373,0.14168326665564082
NTail,14,4937,2658,3.764225003428022,14.169389876432692,123.50111,0.5159707911045711
NTail,14,4937,2659,3.1762816950746946,10.08876540646657,0.48525658,0.4508923202537022
NTail,14,4937,2660,3.0975284985255476,9.594682799177933,103.45438,0.6226622509818182
NTail,14,4937,2661,3.695530863106971,13.656948360176155,134.54648,0.36330655395740397
NTail,14,4937,2662,4.071235624502452,16.57495951021787,63.13835,0.6583450467081369
NTail,14,4937,2663,3.8880828650158046,15.117188365229504,167.28813,0.5781434067165633
NTail,14,4937,2664,3.1944601490403657,10.204575643806997,38.660576,0.28963281695363385
NTail,14,4937,2665,3.897627413107934,15.191499451410444,131.62158,0.45398671775720323
NTail,14,4937,2666,4.29435385117689,18.44147499911778,87.53325,0.775144969201438
NTail,14,4937,2667,3.7343347448520507,13.945255986609231,139.76006,0.6831116625476712
NTail,14,4937,2668,3.11087547921195,9.677546247162184,32.697544,0.45766327067330326
NTail,14,4937,2669,3.267871503021666,10.678984160261082,68.919106,0.5034212088050973
NTail,14,4937,2670,3.7506373487824027,14.067280522081488,88.211655,0.40077748403327573
NTail,14,4937,2671,4.501692050281506,20.265231315567718,135.68805,0.639275293281085
NTail,14,4937,2672,2.9143676018022973,8.493538518434875,69.39514,0.3610076002507712
NTail,14,4937,2673,2.9824608532838366,8.895072741370551,93.13619,0.4492693255279623
NTail,14,4937,2674,3.1397246584991345,9.85787093118751,32.59796,0.3431757637484556
NTail,14,4937,2675,3.561362395573597,12.683302112605713,68.269646,0.20741821255605752
NTail,14,4937,2676,3.7689734315217027,14.205160727516477,115.899414,0.49916199258699256
NTail,14,4937,2677,3.9101637220517174,15.289380333249342,68.53561,0.6406153332862823
NTail,14,4937,2678,2.5915158118970734,6.715954203312546,32.079014,0.26810378339659147
NTail,14,4937,2679,2.349279570777107,5.519114501670667,21.585497,0.24264007017175748
NTail,14,4937,2680,3.3694521177820884,11.353207574026204,98.06344,0.4291862718428622
NTail,14,4937,2681,3.184617683309889,10.141789788850046,94.99468,0.5126528689012503
NTail,14,4937,2682,4.122361671982621,16.993865754631347,119.246796,0.6258974087654179
NTail,14,4937,2683,3.0725426390845265,9.440518268992506,31.950329,0.45287329749824684
NTail,14,4937,2684,3.0836118172740723,9.508661839632305,76.112366,0.4259216080108814
NTail,14,4937,2685,3.3194204442448245,11.018552085670507,47.921272,0.48663822082231256
NTail,14,4937,2686,3.4787067496041217,12.101400649741276,82.959885,0.3884782613751693
NTail,14,4937,2687,3.819589956163711,14.589267433226702,81.86661,0.6146158248519844
NTail,14,4937,2688,4.108587276532297,16.880489408883065,69.571075,0.4490201784531227
NTail,14,4937,2689,3.252814518870061,10.580802294171864,76.834885,0.3013241892151274
NTail,14,4937,2690,3.491359734796895,12.189592797761044,42.589317,0.6587665246889746
NTail,14,4937,2691,2.639439368171587,6.966640178254025,47.512802,0.40424051546076595
NTail,14,4937,2692,3.72476618912223,13.873883163628138,66.92021,0.32285012241682187
NTail,14,4937,2693,3.356123245595657,11.263563239627524,76.968216,0.407324571064876
NTail,14,4937,2694,3.1563440694190357,9.962507884556716,92.648384,0.4724522269375343
NTail,14,4937,2695,3.18837723916603,10.165749419231995,65.69601,0.4903030010016314
NTail,14,4937,2696,3.7356926384190694,13.955399488738431,104.40477,0.5733774193401592
NTail,14,4937,2697,3.0675559146454248,9.409899289476126,94.131516,0.3689182817219447
NTail,14,4937,2698,2.806664887918002,7.877367793071771,13.716213,0.41104385438220925
NTail,14,4937,2699,3.680283474606711,13.544486453463248,74.808044,0.6125933144898608
NTail,14,4937,2700,3.5471370433659515,12.58218120441894,99.71588,0.6940687208254195
NTail,14,4937,2701,3.2974821392549103,10.873388458705138,73.92804,0.20734097966955864
NTail,14,4937,2702,3.826529363804522,14.642326972058244,177.40256,0.5301396146287206
NTail,14,4937,2703,3.243793558159766,10.522196647958793,50.941864,0.1035828315102048
NTail,14,4937,2704,3.5700146511599873,12.745004609496966,81.716736,0.3273052879554447
NTail,14,4937,2705,3.2014108796754863,10.249031620504573,67.563126,0.6376662372431976
NTail,14,4937,2706,3.8832115126746785,15.079331652169168,132.73822,0.6202176356536827
NTail,14,4937,2707,3.9574124614248873,15.661113389840985,90.1404,0.7617209501600142
NTail,14,4937,2708,4.199915895147804,17.639293526315175,132.31447,0.5834406636382731
NTail,14,4937,2709,2.795018562496084,7.812128764697675,75.57853,0.5249086965721161
NTail,14,4937,2710,4.0024942306199005,16.019960066145597,47.69622,0.6065907057967163
NTail,14,4937,2711,3.888201444327887,15.118110471673464,143.10654,0.4856624215562474
NTail,14,4937,2712,3.5951158433080033,12.924857926804219,108.34912,0.6225970235383181
NTail,14,4937,2713,3.638819040946795,13.241004012756955,32.254288,0.4307674415626102
NTail,14,4937,2714,3.977280267675038,15.81875832763722,158.43924,0.4893590246293034
NTail,14,4937,2715,2.3943325083506197,5.732828160544571,25.053469,0.06760015187244388
NTail,14,4937,2716,3.1701454124166792,10.049821935866516,15.4599,0.23602950572387865
NTail,14,4937,2717,3.523506005137087,12.415094568237107,55.88066,0.4977296021518454
NTail,14,4937,2718,3.496648556275557,12.226551126103937,51.514618,0.48972101992831446
NTail,14,4937,2719,4.199742951579299,17.637840859340006,146.90675,0.2202346788106504
NTail,14,4937,2720,2.307369725357798,5.3239550494977195,13.542689,0.06342170783970799
NTail,14,4937,2721,2.929215613092435,8.580304107984492,31.306643,0.20253950849179447
NTail,14,4937,2722,2.7542239896001792,7.585749784889126,42.361336,0.310204899349403
NTail,14,4937,2723,2.8858320877413193,8.328026838637422,1.0383997,0.2245581724165077
NTail,14,4937,2724,4.397820668765489,19.340826634620928,156.62172,0.6739353299253519
NTail,14,4937,2725,4.885301330574016,23.866169090508254,189.55113,0.5248350189192923
NTail,14,4937,2726,3.0442380951307,9.267385579844994,23.308037,0.6478449995700885
NTail,14,4937,2727,2.893381901414705,8.371658827434175,30.594868,0.2449074917983108
NTail,14,4937,2728,2.4953039155049472,6.226541630734323,40.68288,0.17108876733297348
NTail,14,4937,2729,3.272864868095701,10.71164444481509,83.54932,0.30281102835231954
NTail,14,4937,2730,3.16083586185776,9.99088334560609,31.97836,0.15531435757451512
NTail,14,4937,2731,2.4829911038245944,6.165244821672077,23.83645,0.30780816106149084
NTail,14,4937,2732,3.67447046486824,13.501733197189017,102.706635,0.4558786587225596
NTail,14,4937,2733,2.669316257838684,7.1252492843619155,48.08603,0.23504001031755362
NTail,14,4937,2734,3.6948143438506955,13.651653035524843,73.52437,0.6631620429715704
NTail,14,4937,2735,2.7879189197517453,7.7724919031097395,64.03964,0.3333266789858003
NTail,14,4937,2736,2.9670962146274515,8.80365994685655,24.857748,0.12179569432026419
NTail,14,4937,2737,2.897177716645528,8.393638721827397,22.744934,0.27218848873230406
NTail,14,4937,2738,2.415840405136691,5.836284863091011,37.75038,0.2440107754773564
NTail,14,4937,2739,2.520897562198537,6.354924519098525,21.239716,0.19907820214992772
NTail,14,4937,2740,2.389573703099079,5.710062482542645,30.297852,0.3758259628343289
NTail,14,4937,2741,3.3845863155955076,11.455424527716376,47.70789,0.4335682380950918
NTail,14,4937,2742,4.179686130526575,17.46977614971621,148.4477,0.7939731973837278
NTail,14,4937,2743,4.3760537254033425,19.149846207616466,165.047,0.6069257077560051
NTail,14,4937,2744,3.1793550022315573,10.108298230214825,99.42381,0.6509466760098113
NTail,14,4937,2745,3.579892251327998,12.815628531118234,53.50705,0.6175561808182539
NTail,14,4937,2746,4.212640199866165,17.746337453528437,91.33594,0.5799657966986362
NTail,14,4937,2747,4.411010764022016,19.45701596031809,75.619446,0.6222811186222148
NTail,14,4937,2748,3.7394910651703044,13.983793426488537,166.61244,0.4747361482712945
NTail,14,4937,2749,3.7283791701578135,13.90081123646667,115.389465,0.3488075083467118
NTail,14,4937,2750,3.3870795170401515,11.472307654752944,64.96911,0.4155344124334419
NTail,14,4937,2751,3.0973182607680756,9.593380408487379,84.655045,0.344260994634678
NTail,14,4937,2752,3.3868548740338595,11.470785937766909,71.88346,0.2461989031493927
NTail,14,4937,2753,3.6978124744533964,13.673817096223143,59.31853,0.6672603902842211
NTail,14,4937,2754,3.1045925786888637,9.638495079649966,91.77752,0.22976952067359915
NTail,14,4937,2755,3.143456407897916,9.881318188354467,14.548614,0.35824449885859005
NTail,14,4937,2756,3.493612519535778,12.20532843665713,71.92097,0.5930102799152475
NTail,14,4937,2757,2.1669330600616337,4.6955988867880745,19.677166,0.1600614149722037
NTail,14,4937,2758,2.8731140541018703,8.254784367877688,55.178226,0.306985264797467
NTail,14,4937,2759,2.800794748335661,7.844451222304619,50.738815,0.32749708061186766
NTail,14,4937,2760,4.066526062009408,16.536634213001737,89.800385,0.3167015492979416
NTail,14,4937,2761,3.4482839483027785,11.890662188122594,34.7566,0.30900760634186414
NTail,14,4937,2762,2.2794586985316583,5.19593195831164,24.624624,0.11770472424853319
NTail,14,4937,2763,3.201277429558654,10.248177181001662,89.49913,0.6286832645207379
NTail,14,4937,2764,3.780781859354798,14.294311468026324,127.42007,0.6404702455987596
NTail,14,4937,2765,3.4664747888741037,12.016447461899757,33.60467,0.45240544142537525
NTail,14,4937,2766,5.698023073530608,32.46746694648719,192.53957,0.8124073181468059
NTail,14,4937,2767,4.36580149967425,19.060222734557925,179.87766,0.6935517346717154
NTail,14,4937,2768,3.6200902536057966,13.10505344425168,45.149185,0.6943136575815916
NTail,14,4937,2769,3.453233324516714,11.924820393552755,86.68795,0.4331622992289633
NTail,14,4937,2770,3.3316890074084458,11.10015164208627,34.9486,0.5354627703081908
NTail,14,4937,2771,3.5300596409202467,12.461321068453982,132.4904,0.7354114565467225
NTail,14,4937,2772,3.58813589025335,12.874719166924201,42.87081,0.3532082270541994
NTail,14,4937,2773,3.3432144069749317,11.177082571004743,64.54741,0.5499396864443274
NTail,14,4937,2774,4.880862885871541,23.82282251067827,141.07597,0.6860324400643917
NTail,14,4937,2775,4.686208571179529,21.960550772596477,198.15674,0.8596204556460181
NTail,14,4937,2776,3.7164641794012057,13.812105996772276,54.34888,0.23800299938293204
NTail,14,4937,2777,1.9466725618247815,3.7895340629614576,11.2880335,0.06279742662024244
NTail,14,4937,2778,3.6624626874631554,13.41363293705984,74.259094,0.15945221072699567
NTail,14,4937,2779,2.663573018559584,7.0946212251986145,47.304016,0.36477487095547356
NTail,14,4937,2780,2.3662991120510344,5.599371487693514,11.292716,0.28110287157409347
NTail,14,4937,2781,3.407814980579132,11.61320294185955,83.83525,0.5993113381984724
NTail,14,4937,2782,3.28190739402787,10.770916142974801,85.060905,0.40628637868504824
NTail,14,4937,2783,3.153661322084513,9.945579734411838,84.19046,0.240008568364593
NTail,14,4937,2784,2.7749893389066003,7.70056583104529,4.9907923,0.20061049161399205
NTail,14,4937,2785,2.659496394757489,7.0729210737280805,17.596502,0.22720572513654402
NTail,14,4937,2786,2.679061053289441,7.177368127252329,10.27814,0.22076703420651592
NTail,14,4937,2787,2.5526644778325562,6.516095936388155,15.104915,0.14890107776952208
NTail,14,4937,2788,2.6579634182092073,7.064769532538375,34.9536,0.5223738003609395
NTail,14,4937,2789,2.758161779798834,7.607456403543071,30.085455,0.4011120256333153
NTail,14,4937,2790,3.844784569216313,14.78236838368387,78.35174,0.68391771212031
NTail,14,4937,2791,3.475245897348604,12.077334047038306,56.13448,0.5963181351256269
NTail,14,4937,2792,3.508898946802653,12.312371818872768,84.84163,0.6223726085809593
NTail,14,4937,2793,3.1075860962662794,9.657091345707492,102.22149,0.3196322660355513
NTail,14,4937,2794,3.026011045532061,9.156742847682034,71.807526,0.5441333603952445
NTail,14,4937,2795,2.6831717137355904,7.199410445390787,27.288898,0.2271104033978163
NTail,14,4937,2796,3.4626375485928276,11.989858792924947,60.17955,0.6213556392673112
NTail,14,4937,2797,3.6128279467312607,13.052525772682422,92.12674,0.574196486369982
NTail,14,4937,2798,3.9768826037448957,15.815595243968783,121.650696,0.40279444757513705
NTail,14,4937,2799,3.4725362966298374,12.05850833141167,71.124146,0.30552697857092326
NTail,14,4937,2800,2.739834861976086,7.506695070899514,34.321102,0.1642459996044625
NTail,14,4937,2801,2.9252893027844498,8.557317504985132,56.591415,0.5430917983171558
NTail,14,4937,2802,4.40463606986672,19.400818907970944,187.36406,0.6767926371167153
NTail,14,4937,2803,5.0112720168630105,25.112847226994266,210.58371,0.6811085712688068
NTail,14,4937,2804,3.5176075391764714,12.373562799671152,47.814316,0.5813414800329602
NTail,14,4937,2805,3.4415369482399054,11.844176566100442,95.76933,0.5810997909900797
NTail,14,4937,2806,4.57129388349266,20.8967277692574,152.97752,0.7405267674085503
NTail,14,4937,2807,3.5887512749265595,12.879135713287004,94.68988,0.5193830036841302
NTail,14,4937,2808,4.353557110154917,18.95345951138043,132.69205,0.8043690281524352
NTail,14,4937,2809,5.150261409763093,26.52519258889491,222.64896,0.8192258579693834
NTail,14,4937,2810,4.90011554727141,24.011132376610984,220.28963,0.6731353080162694
NTail,14,4937,2811,4.246152661818457,18.02981242746797,171.97719,0.6972891244275136
NTail,14,4937,2812,2.6447668559215574,6.9947917221811995,68.91709,0.14989814981270105
NTail,14,4937,2813,2.9453889695880817,8.67531618217114,92.868805,0.3209517066014912
NTail,14,4937,2814,4.53408282508204,20.55790706470394,136.97209,0.7776024108027031
NTail,14,4937,2815,3.104036537520916,9.635042826264838,53.245617,0.26261991942329765
NTail,14,4937,2816,2.680859800283957,7.187009268778539,53.62302,0.17508149353590838
NTail,14,4937,2817,2.223804214098258,4.945305182641171,36.93739,0.09493211443846993
NTail,14,4937,2818,2.2197797717067327,4.927422234878395,31.577755,0.2108264973962765
NTail,14,4937,2819,2.425658487864025,5.8838190997467885,32.638145,0.13008321530854866
NTail,14,4937,2820,2.6853983518069096,7.211364307887267,6.1116767,0.08556378973420642
NTail,14,4937,2821,2.914788928448853,8.495994497408011,89.530655,0.4340726352134033
NTail,14,4937,2822,4.587598092827353,21.046056261313165,128.99597,0.5864436821340651
NTail,14,4937,2823,4.209860344648562,17.72292412144451,200.91353,0.7244174514223334
NTail,14,4937,2824,4.165070478290995,17.347812089131185,65.622246,0.7902371419140956
NTail,14,4937,2825,3.802844138331863,14.46162354044501,120.28146,0.5556577742646995
NTail,14,4937,2826,4.723939774002484,22.31560698840264,235.05185,0.6295923606205737
NTail,14,4937,2827,3.7908804171753676,14.370774337323692,90.051956,0.5363582165995419
NTail,14,4937,2828,2.897892132616514,8.397778812280688,29.353432,0.4306711282956298
NTail,14,4937,2829,2.6030493218231445,6.7758657718439315,20.984125,0.11630531366517383
NTail,14,4937,2830,5.071167058713205,25.716735337377937,256.3991,0.8149941677382476
NTail,14,4937,2831,4.968937084785053,24.690335752552183,157.84631,0.836886915383033
NTail,14,4937,2832,3.4957742858001017,12.220437857261212,104.55693,0.441160355845886
NTail,14,4937,2833,4.336495617644136,18.805194241846795,121.09582,0.7781156351932059
NTail,14,4937,2834,3.843970992103987,14.776112988136907,127.17966,0.5469830772342233
NTail,14,4937,2835,2.67697621485269,7.166201654887033,48.788826,0.1229703269344139
NTail,14,4937,2836,2.5373659139269087,6.4382257811581365,57.44816,0.2549744002473584
NTail,14,4937,2837,3.420899605884056,11.702554113537685,64.96954,0.3761161403920047
NTail,14,4937,2838,4.031396380800605,16.25215677913222,69.34921,0.6346521815258809
NTail,14,4937,2839,2.3654440208751533,5.595325415894013,40.672813,0.2653682281167326
NTail,14,4937,2840,3.985017870908183,15.880367431457586,132.47514,0.5128192607089854
NTail,14,4937,2841,4.004174343343065,16.033412171886862,31.298523,0.4440716796969106
NTail,14,4937,2842,4.276235835665464,18.286192922229503,132.09543,0.5419157503434289
NTail,14,4937,2843,4.065076416806755,16.524846274478442,103.512276,0.6144681490997754
NTail,14,4937,2844,3.341186989468482,11.163530498593456,136.70834,0.4839903307519453
NTail,14,4937,2845,3.048164713199598,9.291308118795188,47.48813,0.3732956685295061
NTail,14,4937,2846,2.804949459081272,7.867741468000318,71.32245,0.22590528533283924
NTail,14,4937,2847,2.7266272462990027,7.434496140260079,20.513447,0.2043154441838462
NTail,14,4937,2848,2.559528831812582,6.55118784087988,50.673294,0.1745937264235118
NTail,14,4937,2849,3.3283150195618334,11.077680869440885,63.162064,0.39877888505579345
NTail,14,4937,2850,3.3670927492047076,11.337313581746917,81.49255,0.36899072340601446
NTail,14,4937,2851,3.1832218973049207,10.13290164748154,38.699352,0.4766640861724265
NTail,14,4937,2852,3.353708803513502,11.247362738763966,97.73975,0.5184836374115052
NTail,14,4937,2853,3.4684286492697143,12.029997295074931,21.23412,0.1926146188303243
NTail,14,4937,2854,2.715895812086344,7.376090062108143,38.75526,0.11689359700067092
NTail,14,4937,2855,3.4548361757618515,11.935893001352774,50.281998,0.11976270012799739
NTail,14,4937,2856,3.580697274482413,12.821392971485775,73.42854,0.2742756687520824
NTail,14,4937,2857,3.4446893318185112,11.865884592744262,76.35047,0.5719494718666466
NTail,14,4937,2858,3.981362360681288,15.851246247049675,112.66717,0.7116316689304023
NTail,14,4937,2859,4.201744931459163,17.654660469042767,63.16904,0.6379488833321537
NTail,14,4937,2860,2.945684314082226,8.677056078230073,50.442917,0.3296986646646174
NTail,14,4937,2861,3.369516570856416,11.353641921275978,62.316887,0.20903075301623836
NTail,14,4937,2862,4.0792052667306296,16.63991560812291,147.78656,0.7074159493688127
NTail,14,4937,2863,2.864531506332078,8.205540750769126,42.352158,0.46663108475806647
NTail,14,4937,2864,3.7800001627556057,14.288401230432411,161.70728,0.6207156662813123
NTail,14,4937,2865,3.2254116097631207,10.403280052394726,94.6246,0.5584904182515168
NTail,14,4937,2866,3.0455371401032485,9.27529647174827,50.817505,0.31709147522140974
NTail,14,4937,2867,3.3272633779019847,11.07068158592773,76.79639,0.6004798897111245
NTail,14,4937,2868,3.2549756669153087,10.594866592210758,54.742016,0.3184168840196875
NTail,14,4937,2869,2.8602981578347695,8.181305551712978,11.255871,0.2164454933953735
NTail,14,4937,2870,3.1939116749086147,10.201071787117554,42.808033,0.21012351153456788
NTail,14,4937,2871,3.63103471893627,13.1844131301206,103.069824,0.49678973332536863
NTail,14,4937,2872,3.4440773023496227,11.861668464559854,108.53736,0.3607892328798683
NTail,14,4937,2873,2.7806283716519604,7.731894141235836,38.858627,0.1721123877935213
NTail,14,4937,2874,2.7000779820100784,7.290421108935618,39.381683,0.20719334521458252
NTail,14,4937,2875,3.122207935273938,9.748182391087546,32.804497,0.3744471570798198
NTail,14,4937,2876,4.130346329179604,17.05976079896744,98.653275,0.39412505629142347
NTail,14,4937,2877,4.244005871035857,18.011585833386835,147.19931,0.6994832870278158
NTail,14,4937,2878,3.7206176262863613,13.842995521032758,90.48022,0.6288271634964495
NTail,14,4937,2879,3.5337231056112994,12.487198987131165,111.29621,0.6216566153004265
NTail,14,4937,2880,3.856742100175076,14.874459627262857,63.445557,0.5076920865973367
NTail,14,4937,2881,3.435066070461508,11.799678908435865,59.67861,0.16707443448484915
NTail,14,4937,2882,3.202839862059049,10.258183181994426,40.352512,0.5440563885100255
NTail,14,4937,2883,4.394758335807614,19.31390083015051,178.15164,0.5038138445570393
NTail,14,4937,2884,4.8297110161389964,23.326108499414392,210.07404,0.7301763394181479
NTail,14,4937,2885,5.334279583918949,28.454538679414515,162.91208,0.7600415324462078
NTail,14,4937,2886,3.4315338010532668,11.775424227771085,62.13514,0.3888509877735453
NTail,14,4937,2887,3.1127493177892753,9.689208315397602,75.30181,0.3738709435182493
NTail,14,4937,2888,3.059612853054169,9.361230810574275,21.682392,0.26494444999560357
NTail,14,4937,2889,3.6015553759748045,12.97120112621301,49.71013,0.5746827822486662
NTail,14,4937,2890,4.552687502032943,20.72696349116696,118.87631,0.4806634196792117
NTail,14,4937,2891,2.716075710064612,7.377067262802985,21.339207,0.22164381777115028
NTail,14,4937,2892,3.9448448985039173,15.561801273252389,231.60686,0.7372097026657166
NTail,14,4937,2893,4.404346023923658,19.398263898452132,68.101074,0.8025655413656392
NTail,14,4937,2894,3.3742191868596976,11.38535512097212,17.424395,0.4555826494248968
NTail,14,4937,2895,3.7913429977947515,14.374281726927293,94.93283,0.6727654261656664
NTail,14,4937,2896,3.6487243142938954,13.313189121719459,85.33287,0.48123595711384004
NTail,14,4937,2897,4.244286563334497,18.013968431701755,134.6399,0.7255109074149015
NTail,14,4937,2898,3.8144897265113786,14.550331873660854,60.977757,0.6515949695093243
NTail,14,4937,2899,3.3993755335263947,11.555754017937863,48.58473,0.39358905009156775
NTail,14,4937,2900,2.831303065225216,8.016277047153705,55.945908,0.5596605912311325
NTail,14,4937,2901,3.065922893003259,9.39988318584147,49.698887,0.38784096707690496
NTail,14,4937,2902,3.4238823256234654,11.722970179716754,10.686575,0.5515850956267077
NTail,14,4937,2903,2.559347898069091,6.550261663350674,24.599167,0.16438477206870727
NTail,14,4937,2904,2.959370404007219,8.757873188113848,28.928614,0.5143988305935538
NTail,14,4937,2905,4.118097560799985,16.95872752026678,64.33303,0.39445794865523853
NTail,14,4937,2906,3.91357647674458,15.316080839328523,27.50338,0.5852139693921881
NTail,14,4937,2907,2.8898333492799235,8.35113678661042,14.9509535,0.34623722209888697
NTail,14,4937,2908,3.5603763566914273,12.676279801287322,89.642815,0.6200179304495059
NTail,14,4937,2909,4.7674165938977,22.728260979771147,113.59387,0.7058111264884783
NTail,14,4937,2910,2.680079563980952,7.182826469268327,70.16539,0.4643307838619801
NTail,14,4937,2911,3.8281201703226677,14.654504038431256,104.24167,0.6399289965149837
NTail,14,4937,2912,4.132513950497517,17.07767155105659,106.567505,0.5243499720661684
NTail,14,4937,2913,4.155412233809979,17.26745083289763,83.09908,0.5782399277723987
NTail,14,4937,2914,3.1420216731949497,9.87230019482679,84.16202,0.46567316626628147
NTail,14,4937,2915,3.6494452562375272,13.318450678274592,60.882942,0.4043475276935963
NTail,14,4937,2916,2.7664149811904304,7.653051848154851,25.555416,0.16089899147803602
NTail,14,4937,2917,2.5256259208017866,6.378786291825871,28.282784,0.30319989562397637
NTail,14,4937,2918,3.097695614400768,9.595718119477754,59.978676,0.227790522522265
NTail,14,4937,2919,5.25898655097139,27.656939543297952,267.33463,0.8031080074270016
NTail,14,4937,2920,3.8499095855739527,14.821803817094205,125.95674,0.5845059313319387
NTail,14,4937,2921,3.3468329135274226,11.201290551070459,78.80212,0.5485624034656569
NTail,14,4937,2922,2.1970985452897334,4.827242017714263,14.606688,0.08058085440125354
NTail,14,4937,2923,4.614474269031195,21.293372779550985,107.98689,0.6817434288750772
NTail,14,4937,2924,5.036732124649948,25.368670495480774,226.64658,0.886274831864481
NTail,14,4937,2925,3.8610839185744568,14.907969026274284,97.196846,0.3443935565846316
NTail,14,4937,2926,2.2519972025842603,5.071491400447337,40.82077,0.1482453707411267
NTail,14,4937,2927,2.5089295923078656,6.294727699158109,26.694466,0.2315246526934514
NTail,14,4937,2928,3.8481719437997977,14.808427309047914,115.76057,0.5186565924123392
NTail,14,4937,2929,3.2736175571885986,10.716571910733446,60.32293,0.4533876411545422
NTail,14,4937,2930,3.026392195255756,9.159049719504955,25.696304,0.5612214570831222
NTail,14,4937,2931,3.4535877284154246,11.927268197861617,65.52423,0.49701538440989235
NTail,14,4937,2932,3.120559967536509,9.73789451099146,85.94056,0.4761048266733443
NTail,14,4937,2933,4.061292060312024,16.49409319915348,60.876072,0.6777061079296602
NTail,14,4937,2934,3.154924274721412,9.95354717922643,36.405262,0.18277698019119148
NTail,14,4937,2935,2.6997074468774747,7.288420298725692,14.676239,0.2758531270150735
NTail,14,4937,2936,3.7255438297433074,13.879676827338434,137.18327,0.4589430370779358
NTail,14,4937,2937,4.305034515792958,18.53332218216871,97.48548,0.716888172910843
NTail,14,4937,2938,4.523475789144482,20.461833214976284,101.01314,0.7716110135573473
NTail,14,4937,2939,2.931838359000827,8.595676163308658,31.773125,0.3501249523161783
NTail,14,4937,2940,3.8699048167472583,14.976163290683628,160.74815,0.6308917555279018
NTail,14,4937,2941,3.7568642349885786,14.11402888013632,145.0279,0.585508866680573
NTail,14,4937,2942,3.764244655137197,14.169537823728957,198.64044,0.6535259244642961
NTail,14,4937,2943,4.519963605379606,20.430070993956207,177.5863,0.8440855141703542
NTail,14,4937,2944,4.5646637007999225,20.836154701400446,67.29755,0.746196520777404
NTail,14,4937,2945,2.658904872458447,7.069775120783267,24.906195,0.20538567046038658
NTail,14,4937,2946,3.3385511546839233,11.145923812441358,15.871781,0.29732741977082444
NTail,14,4937,2947,2.2902069030881798,5.245047658952751,30.69352,0.05863667800580041
NTail,14,4937,2948,3.706950760551414,13.741483941152705,61.19141,0.33637454873107064
NTail,14,4937,2949,3.4972600622850356,12.23082794325393,68.40717,0.24661265376653063
NTail,14,4937,2950,4.077821806102522,16.628630682325237,84.73688,0.7095273163176177
NTail,14,4937,2951,3.4073555672563063,11.610071961712546,116.105576,0.4453829040223174
NTail,14,4937,2952,2.814474466271137,7.921266521292205,42.15854,0.2618566534298976
NTail,14,4937,2953,2.5893485653057513,6.704725992650952,31.608503,0.41451125056885285
NTail,14,4937,2954,3.0512600893493866,9.310188132856428,109.08444,0.19182159700216406
NTail,14,4937,2955,2.696265374236568,7.26984696830706,39.108784,0.18646762532362307
NTail,14,4937,2956,2.679800132758512,7.1813287515325355,60.565376,0.3547919851529296
NTail,14,4937,2957,3.173624961686217,10.071895397437842,60.819622,0.4817529481337811
NTail,14,4937,2958,2.7470943736859565,7.546527497937037,54.240204,0.19537163639206262
NTail,14,4937,2959,2.699530410206721,7.287464435630865,38.029396,0.31144165517527833
NTail,14,4937,2960,2.866552991265414,8.217126051732693,22.122791,0.22413978701238013
NTail,14,4937,2961,3.4766083828742276,12.08680584787135,95.00912,0.40403430897841763
NTail,14,4937,2962,3.3136969521768385,10.980587490866071,86.39019,0.31114822212882665
NTail,14,4937,2963,3.958355501511834,15.668578276348999,67.33297,0.4299018531205725
NTail,14,4937,2964,3.896293846833904,15.181105740875736,113.49374,0.6031883716736989
NTail,14,4937,2965,4.890167908395734,23.913742172303497,251.62279,0.8250285358251097
NTail,14,4937,2966,4.0262190917144824,16.2104401744862,122.337265,0.46131397852665956
NTail,14,4937,2967,3.4758038800750075,12.08121261274448,108.59109,0.46215516257925193
NTail,14,4937,2968,3.872582871944206,14.996898100075642,123.140564,0.3752262076953401
NTail,14,4937,2969,4.733862345617553,22.409452707255717,131.13782,0.4909770885379088
NTail,14,4937,2970,4.1415367036366515,17.152326267569546,118.766106,0.6607146519475349
NTail,14,4937,2971,4.215721282559837,17.772305932227958,145.56311,0.7723416278038229
NTail,14,4937,2972,3.624343890130414,13.135868633925657,94.86393,0.5456462884035491
NTail,14,4937,2973,4.590527450218393,21.07294227120858,101.96321,0.6511962966342066
NTail,14,4937,2974,3.608656273960601,13.02240010359521,120.96179,0.5098581408511982
NTail,14,4937,2975,2.60762209087571,6.79969296882301,28.531286,0.4909677806777466
NTail,14,4937,2976,3.0724507442285756,9.439953575710728,47.662613,0.293243661682449
NTail,14,4937,2977,3.2120317106229463,10.317147710047376,64.09412,0.3885292572078814
NTail,14,4937,2978,3.4704510570115574,12.044030539112635,112.19662,0.45619580005546906
NTail,14,4937,2979,4.611491616000367,21.265854924441676,224.78763,0.6461373388653114
NTail,14,4937,2980,3.386783800334796,11.470304510210198,60.659294,0.45670395985137124
NTail,14,4937,2981,2.819835003319519,7.951469445945992,65.341675,0.5775930742835605
NTail,14,4937,2982,3.355331569891945,11.258249943913542,60.733864,0.3467153221903643
NTail,14,4937,2983,3.8601319288268883,14.9006185079488,78.99188,0.32962794580220867
NTail,14,4937,2984,3.0741762578837672,9.45055966453624,96.84034,0.6137988118606779
NTail,14,4937,2985,3.85992140017045,14.898993215493803,105.82907,0.6544117204573402
NTail,14,4937,2986,2.4900996451188924,6.200596242621233,23.32779,0.3803412661289132
NTail,14,4937,2987,2.9243213446230745,8.551655326618103,78.96503,0.3091922191358533
NTail,14,4937,2988,3.0201879077516747,9.121534998129443,20.84683,0.2721800329493552
NTail,14,4937,2989,2.6708658501227776,7.133524389352068,31.15241,0.09662694919726267
NTail,14,4937,2990,3.2180574246454765,10.355893588315876,71.54344,0.2911154846337017
NTail,14,4937,2991,3.840500053071895,14.749440657645227,131.7015,0.7246833835561949
NTail,14,4937,2992,3.320559186332355,11.026113309936191,41.811287,0.23878095863605467
NTail,14,4937,2993,4.239534427085949,17.97365215844698,183.79129,0.7478592141994678
NTail,14,4937,2994,3.7746487433118956,14.247973135386074,130.8715,0.5323752454521726
NTail,14,4937,2995,3.884645010029161,15.09046685394446,136.14482,0.7204712428607036
NTail,14,4937,2996,3.527459953173021,12.442973721239404,140.53339,0.4164314844181204
NTail,14,4937,2997,4.076837782423321,16.62060630419431,116.89787,0.3220590792219321
NTail,14,4937,2998,4.222442175983848,17.82901792952721,71.437325,0.5314778846069671
NTail,14,4937,2999,3.158282045244442,9.974745477313414,46.99438,0.3077849404707319
NTail,14,4937,3000,3.782686853942738,14.308719834991203,78.55036,0.4789610659581337
NTail,14,4937,3001,4.304185502042098,18.52601283598939,108.0742,0.4695793939478021
NTail,14,4937,3002,3.6540866744107703,13.352349424106364,107.94828,0.39301821042373314
NTail,14,4937,3003,3.9543769008839185,15.637096674244301,70.10556,0.7209821133919461
NTail,14,4937,3004,3.0092790320774716,9.055760292901125,74.8676,0.35382426493564867
NTail,14,4937,3005,3.7645365929154946,14.1717357593998,87.69097,0.44014347431606216
NTail,14,4937,3006,3.037470585944834,9.226227560480051,36.017338,0.589896448237891
NTail,14,4937,3007,3.4307296453204112,11.769905899280317,38.82745,0.4521844618987959
NTail,14,4937,3008,3.284439899052764,10.78754545048973,44.85508,0.4025195406472154
NTail,14,4937,3009,3.512737927981619,12.3393277506806,24.01401,0.5991572656173542
NTail,14,4937,3010,3.4390999524573713,11.827408482992293,70.9412,0.6710102524193488
NTail,14,4937,3011,3.362272188432745,11.304874269108321,69.37503,0.40793275057231715
NTail,14,4937,3012,2.7708678761443553,7.677708787048727,65.21137,0.24269268353361825
NTail,14,4937,3013,2.7455271103026404,7.537919113406769,11.828379,0.2606153442180825
NTail,14,4937,3014,2.4129992906064808,5.822565576467377,32.30406,0.19343485100286312
NTail,14,4937,3015,2.471456744007354,6.108098437499432,17.421383,0.3256123407530327
NTail,14,4937,3016,2.5551181705225203,6.52862886533435,6.9970875,0.11350397300049912
NTail,14,4937,3017,3.029779529297268,9.179563996148774,56.727844,0.44726908466581106
NTail,14,4937,3018,2.518738716514175,6.344044722067472,12.070323,0.2833576197612553
NTail,14,4937,3019,2.18814565293657,4.787981398465209,4.885252,0.2695144859765083
NTail,14,4937,3020,3.3948286449260423,11.524861528410389,72.66259,0.48901676936373073
NTail,14,4937,3021,3.9946680964744874,15.957373200991105,153.73483,0.6114088848890891
NTail,14,4937,3022,4.687841455102019,21.975857508173014,237.84467,0.8433564470190962
NTail,14,4937,3023,3.4514222217305006,11.912315352655106,88.07747,0.575446932263519
NTail,14,4937,3024,4.331997931984245,18.766206082715776,113.36552,0.7496455945877405
NTail,14,4937,3025,3.648731454432208,13.313241226562983,57.99972,0.6979511007792387
NTail,14,4937,3026,3.691078315593627,13.624059131845485,58.81536,0.5671317602008645
NTail,14,4937,3027,3.1747936781856025,10.079314899047267,124.34006,0.4091780354693353
NTail,14,4937,3028,4.010904750485091,16.087356917463868,65.07141,0.43549591789328845
NTail,14,4937,3029,2.603509468212572,6.778261551072507,56.46805,0.33283083470196884
NTail,14,4937,3030,3.227985315456307,10.41988919680156,66.843735,0.44837923217661246
NTail,14,4937,3031,2.4807360794789464,6.1540514960285755,70.429085,0.21993460214202426
NTail,14,4937,3032,2.5787389379392724,6.649894510044163,19.358608,0.16941029124824594
NTail,14,4937,3033,2.823010960303896,7.969390881995924,50.306313,0.17047231290437198
NTail,14,4937,3034,3.025855946739032,9.155804210415964,29.95783,0.26797918097877643
NTail,14,4937,3035,4.445678178320106,19.764054465191577,161.26183,0.8117966103445838
NTail,14,4937,3036,3.437303878410947,11.815057952538941,90.85704,0.4978334240957719
NTail,14,4937,3037,3.0325936472521176,9.196624229353901,34.16948,0.14555911197617716
NTail,14,4937,3038,2.7946108323927814,7.809849704527077,11.253717,0.1589258292445998
NTail,14,4937,3039,2.8629630777300226,8.196557584445362,26.550352,0.21347257213785598
NTail,14,4937,3040,2.439881880277545,5.953023589706688,23.433594,0.05701323163899179
NTail,14,4937,3041,2.9145884510761224,8.494825839146314,42.47429,0.37477912186227247
NTail,14,4937,3042,3.249981901035341,10.562382357057292,85.5508,0.6294838083529972
NTail,14,4937,3043,1.8933679563999501,3.5848422183221222,10.572609,0.06460875438081085
NTail,14,4937,3044,4.673259414217166,21.839353552569378,245.4573,0.7665941825703602
NTail,14,4937,3045,3.780396403664739,14.291396968841292,124.900826,0.6957048502423725
NTail,14,4937,3046,4.369623528872919,19.09360978407982,109.19388,0.41220847458131127
NTail,14,4937,3047,3.961670064564724,15.694829700468267,167.26927,0.7410993580803069
NTail,14,4937,3048,3.9060994850835495,15.25761318736997,101.65318,0.7393348350767811
NTail,14,4937,3049,4.195460830109428,17.601891576982492,182.45515,0.6228640029510412
NTail,14,4937,3050,3.2492658300290636,10.557728434194459,83.11213,0.20687312436280558
NTail,14,4937,3051,2.8657931970984527,8.212770648535772,46.51815,0.1940892945390177
NTail,14,4937,3052,3.0979537446656766,9.597317404088086,94.79578,0.31465902194060286
NTail,14,4937,3053,2.30242556676688,5.301163490501789,15.298673,0.18221133867300532
NTail,14,4937,3054,3.1567108443216365,9.96482335465782,45.105995,0.4442327626740328
NTail,14,4937,3055,2.0463852667042293,4.187692659784141,10.081558,0.08243736439877944
NTail,14,4937,3056,2.251894280410249,5.071027850144394,6.189659,0.19933702548648838
NTail,14,4937,3057,3.212965718594711,10.323148708864824,34.215218,0.5769976570203141
NTail,14,4937,3058,3.9117385090889867,15.301698163489723,121.5872,0.5686382942154765
NTail,14,4937,3059,3.357595322807088,11.273446351736032,91.82166,0.38212814330891237
NTail,14,4937,3060,2.48589696223033,6.179683706825981,46.435738,0.13810835827214113
NTail,14,4937,3061,2.877524729789476,8.280148570549997,8.585625,0.3909283611551916
NTail,14,4937,3062,2.7608672588445224,7.622388020959665,13.911101,0.4456822357299526
NTail,14,4937,3063,2.2952429487371497,5.268140193727606,31.272776,0.20959781199563837
NTail,14,4937,3064,2.316610350639448,5.366683516689827,10.400343,0.1942947883213707
NTail,14,4937,3065,2.5135738298347468,6.318053398030113,17.506886,0.1946668908057188
NTail,14,4937,3066,2.991924047829496,8.951609507980434,59.42047,0.2141656808548346
NTail,14,4937,3067,2.6897986022153537,7.235016520479671,14.87261,0.11131434118456193
NTail,14,4937,3068,3.5171385333830685,12.370263463008007,99.46549,0.5411072935552179
NTail,14,4937,3069,3.119814620038448,9.733243263405646,40.135815,0.1227464931322653
NTail,14,4937,3070,3.1501607440081796,9.923512713090167,98.812645,0.31255408605844825
NTail,14,4937,3071,2.7680723535112692,7.6622245542734175,50.659462,0.12128676263714055
NTail,14,4937,3072,2.9980129096729735,8.988081406565808,20.35719,0.352630089639001
NTail,14,4937,3073,2.7039621901999773,7.3114115260310575,41.214706,0.09927090908709252
NTail,14,4937,3074,4.858114692652343,23.601278366964564,202.11359,0.5007002958911655
NTail,14,4937,3075,3.5279217502151585,12.446231875641185,99.33481,0.46798277077789174
NTail,14,4937,3076,2.0524455320572668,4.212532662061838,3.090712,0.17542790468365765
NTail,14,4937,3077,2.314336663278715,5.356154190996056,29.899675,0.318491013456888
NTail,14,4937,3078,4.330049935978579,18.749332448068095,141.14412,0.6451294914843367
NTail,14,4937,3079,4.015620018569875,16.125204133539118,108.111374,0.623863665892534
NTail,14,4937,3080,3.8300761000812384,14.66948293241351,140.66704,0.4128057460128304
NTail,14,4937,3081,4.072218840187929,16.582966282381527,97.8196,0.4160162875661797
NTail,14,4937,3082,2.8007842706052912,7.84439253047001,45.31832,0.1949597707960768
NTail,14,4937,3083,3.0624589093558643,9.378654571493112,35.427055,0.2163603553490668
NTail,14,4937,3084,2.226374433977597,4.9567431202690635,79.751144,0.1462968069298305
NTail,14,4937,3085,2.9739409973403235,8.844325055661555,93.50734,0.43844432671423306
NTail,14,4937,3086,3.901459228115565,15.2213841086481,142.62611,0.7244474292680186
NTail,14,4937,3087,5.103940268905925,26.050206268559485,158.80641,0.7856335134474269
NTail,14,4937,3088,3.6988293689250193,13.681338700422256,104.934265,0.31883585525309033
NTail,14,4937,3089,3.187474452453209,10.159993385041883,41.431896,0.26889997916009645
NTail,14,4937,3090,2.833692458339357,8.029812948449347,41.329014,0.3702135986774784
NTail,14,4937,3091,2.6867951817614797,7.218868348736702,46.455154,0.1390066377681094
NTail,14,4937,3092,2.7170198392974783,7.3821968071360935,34.13477,0.28313754789400253
NTail,14,4937,3093,2.5467170319031673,6.485767640585681,37.436897,0.14285562154252363
NTail,14,4937,3094,2.6070735602286024,6.796832548443039,22.789682,0.38818353093745733
NTail,14,4937,3095,3.4122365445362925,11.643358235868977,68.27226,0.40484813852741647
NTail,14,4937,3096,3.788306728832328,14.351267871716296,154.05261,0.4922995411312634
NTail,14,4937,3097,4.327482829899638,18.72710764307618,86.45499,0.6868724479818831
NTail,14,4937,3098,3.5631844161425046,12.696283183440798,102.4679,0.7720710437345835
NTail,14,4937,3099,3.2368994725621207,10.477518195472936,78.7395,0.3445766479696835
NTail,14,4937,3100,2.456582316891648,6.034796679664739,24.196007,0.2745837581212675
NTail,14,4937,3101,3.85742228820255,14.879706709521797,128.74791,0.536613045323198
NTail,14,4937,3102,3.281418754295448,10.767709041041885,56.6977,0.3156412105640839
NTail,14,4937,3103,2.689238706295296,7.2320048194367965,63.092224,0.2406309504459455
NTail,14,4937,3104,3.0184366752523886,9.110959962508694,62.016064,0.3509166269254984
NTail,14,4937,3105,4.549815211823942,20.70081846174454,175.54173,0.5108789801127788
NTail,14,4937,3106,3.0076619628328145,9.046030482671338,43.583103,0.28803193975794034
NTail,14,4937,3107,2.9729310590047677,8.838319081595209,36.27667,0.13518399981011983
NTail,14,4937,3108,3.3209106421624566,11.028447493227858,47.45932,0.3259102556739024
NTail,14,4937,3109,3.357051468702265,11.269794563516033,65.5957,0.34454698396061423
NTail,14,4937,3110,2.837867547500562,8.053492217156853,70.58019,0.2836085474486084
NTail,14,4937,3111,3.005463142001673,9.032808697930568,77.45495,0.3867783658544308
NTail,14,4937,3112,3.396631686084754,11.537106810914963,87.40941,0.6351352474837094
NTail,14,4937,3113,2.818728887675548,7.94523254221663,32.741146,0.17072274180602906
NTail,14,4937,3114,2.6190301750142315,6.8593190576350755,46.490253,0.06503774812606228
NTail,14,4937,3115,2.591813897593035,6.7174992797564,29.026169,0.2919722232079719
NTail,14,4937,3116,2.2397486250086915,5.016473903228324,11.507483,0.24466794899300967
NTail,14,4937,3117,3.09305165819688,9.56696856027447,13.572732,0.3913211341475141
NTail,14,4937,3118,3.2034771211366926,10.262265665646227,68.23368,0.24281362622177025
NTail,14,4937,3119,3.3179831791618564,11.00901237720102,47.042225,0.3913036434658348
NTail,14,4937,3120,2.291546219929293,5.251184078072231,49.52392,0.2610032401502273
NTail,14,4937,3121,3.543710737932868,12.557885794140708,42.9092,0.4076369140878321
NTail,14,4937,3122,3.178457951800275,10.102594951362395,46.522205,0.46372717132405694
NTail,14,4937,3123,2.889549730640517,8.349497645844682,67.00618,0.4379270451532215
NTail,14,4937,3124,4.177774824003313,17.45380248007591,107.51779,0.7118293814835929
NTail,14,4937,3125,3.3372557968709096,11.13727625374849,46.018417,0.4321368038161153
NTail,14,4937,3126,3.6880491513139253,13.601706542507369,104.31058,0.39269377495890634
NTail,14,4937,3127,4.504362683835982,20.28928318753409,156.65813,0.8001920232467772
NTail,14,4937,3128,2.6752821867768892,7.1571347788857365,33.574326,0.20776692656170642
NTail,14,4937,3129,3.157970894284886,9.972780169150482,30.022692,0.2221702411053757
NTail,14,4937,3130,2.8363917137307895,8.045117953720686,42.55786,0.4641661433867447
NTail,14,4937,3131,2.531697526743894,6.40949236692115,27.14995,0.19306227772981896
NTail,14,4937,3132,2.923902670412537,8.549206826045564,74.07276,0.4664332363962682
NTail,14,4937,3133,2.9774637824836354,8.865290576001753,52.71063,0.42946395406740107
NTail,14,4937,3134,3.9772906228838663,15.818840698879935,82.20995,0.6502055237480255
NTail,14,4937,3135,4.579353136932344,20.970475152732092,160.54994,0.647303002767253
NTail,14,4937,3136,5.242644312575695,27.48531938818228,195.41803,0.7824726046091256
NTail,14,4937,3137,4.753106563337643,22.59202200244338,128.81158,0.588962731877914
NTail,14,4937,3138,3.307786688298954,10.94145277528776,94.541084,0.4083585095139437
NTail,14,4937,3139,3.1273195101913025,9.780127318823169,53.597076,0.30598136428867906
NTail,14,4937,3140,3.43793026893118,11.819364534033223,109.44005,0.3276405287895924
NTail,14,4937,3141,2.523840181865978,6.369769263601292,26.880632,0.2062034997711995
NTail,14,4937,3142,2.5613048502551266,6.560282535940435,11.85395,0.36634309530898446
NTail,14,4937,3143,3.696700967229444,13.665598041115109,75.700264,0.4631484366518579
NTail,14,4937,3144,3.456389539138882,11.946628646268696,63.20729,0.6059174477956857
NTail,14,4937,3145,3.77514741715462,14.251738021249196,70.97165,0.42983484653571435
NTail,14,4937,3146,2.4112216838358873,5.81399000860037,46.18083,0.30253708168973836
NTail,14,4937,3147,3.3368188844140327,11.13436026738211,87.07053,0.5301288851125974
NTail,14,4937,3148,3.364376627480248,11.319030091535366,42.783226,0.5254653970675331
NTail,14,4937,3149,3.108250022032858,9.661218199467262,74.44016,0.34941467589975816
NTail,14,4937,3150,2.763938050446592,7.6393535467065075,17.60215,0.16324273841080209
NTail,14,4937,3151,2.613728462190705,6.831576474065786,14.078274,0.33909727228618036
NTail,14,4937,3152,3.0974779569791413,9.594369693971672,61.27449,0.3527554456784922
NTail,14,4937,3153,2.5591044584191427,6.549015629100735,3.962671,0.1817020045854104
NTail,14,4937,3154,2.8724671336918135,8.251067434139664,15.709766,0.40561016434275954
NTail,14,4937,3155,2.7327543112245807,7.467946125516535,34.672363,0.3060233294776273
NTail,14,4937,3156,2.915373298549058,8.499401469892819,60.286934,0.21683441045730972
NTail,14,4937,3157,3.4055131532797547,11.59751983716142,61.638306,0.5358552841014514
NTail,14,4937,3158,3.9269209867069867,15.420708435839774,38.636288,0.514704494264536
NTail,14,4937,3159,3.443409159923243,11.857066642643293,100.68775,0.26939827966142793
NTail,14,4937,3160,3.407367633184584,11.610154187673913,99.69231,0.5059680479386481
NTail,14,4937,3161,3.5157648191725452,12.360602263731362,73.005936,0.5935445272079949
NTail,14,4937,3162,4.07264461178207,16.586434133877532,100.71306,0.4424803325838178
NTail,14,4937,3163,4.470775375483796,19.987832458032283,66.55173,0.46420681259024943
NTail,14,4937,3164,5.025499787935937,25.255648118544144,212.14006,0.7947724396993145
NTail,14,4937,3165,4.499437710405692,20.244939709820823,232.28787,0.6787537962743994
NTail,14,4937,3166,2.0317085847201586,4.12783977322559,21.34164,0.1178303166986638
NTail,14,4937,3167,2.9097441273414453,8.466610886598028,85.7488,0.2460512038252684
NTail,14,4937,3168,2.5657546627798853,6.583096989576722,28.26039,0.28307152645513783
NTail,14,4937,3169,3.209002968072422,10.297700049097617,45.674637,0.4335405526002951
NTail,14,4937,3170,2.594390103259751,6.730860007892141,12.707561,0.28095634491549193
NTail,14,4937,3171,2.4400587018773745,5.9538864686074975,23.060196,0.2924462968233449
NTail,14,4937,3172,3.3377511505308997,11.14058274287034,33.077393,0.175365062541772
NTail,14,4937,3173,4.038666542732707,16.310827443388558,112.65394,0.6891395003813212
NTail,14,4937,3174,5.487599868438991,30.11375231609163,158.48427,0.6119250039376231
NTail,14,4937,3175,2.954314675833566,8.727975203845588,123.39639,0.496663144214726
NTail,14,4937,3176,2.7715071248725756,7.68125174321945,34.259697,0.2618706730244733
NTail,14,4937,3177,2.616819803336793,6.8477458831356115,31.799608,0.358130699444692
NTail,14,4937,3178,2.20824482175697,4.876345192816473,4.7097316,0.11496051274569018
NTail,14,4937,3179,4.146241819569844,17.191321226349853,122.73606,0.7198389706878393
NTail,14,4937,3180,4.889239980711659,23.904667588989337,76.62595,0.6919012521834991
NTail,14,4937,3181,3.288390876192171,10.813514554623914,87.70715,0.38348682031031534
NTail,14,4937,3182,3.9161623202157823,15.336327318277858,128.74182,0.6413117571229927
NTail,14,4937,3183,2.8167956917075956,7.934337968822473,93.01187,0.514429758250287
NTail,14,4937,3184,3.2043654591531516,10.267957995813788,92.19672,0.4811554176390978
NTail,14,4937,3185,3.773725111424997,14.241001216599606,89.36584,0.30508378151430027
NTail,14,4937,3186,2.4154504015247933,5.834400642226287,51.967922,0.3152929684972368
NTail,14,4937,3187,2.2251813366745115,4.951431981084565,9.006944,0.1810484745356739
NTail,14,4937,3188,2.665322040644222,7.103941580343879,35.161755,0.3584947092389723
NTail,14,4937,3189,2.7299807852087943,7.452795087609226,36.625313,0.3600314563200496
NTail,14,4937,3190,3.3106370607927347,10.960317748294356,39.382454,0.27893681563390704
NTail,14,4937,3191,2.955871036420867,8.737173583951774,44.030647,0.45972606293992946
NTail,14,4937,3192,3.123912515803695,9.758829406394971,38.604126,0.4064314723619546
NTail,14,4937,3193,3.236006580993698,10.471738592234523,83.793304,0.4970809613310875
NTail,14,4937,3194,3.983760321774575,15.870346301345466,29.713776,0.6195135068588015
NTail,14,4937,3195,2.7141230203460127,7.36646376957216,64.05786,0.541886347993671
NTail,14,4937,3196,4.1046500454725345,16.848151995797682,125.6924,0.5644590835371911
NTail,14,4937,3197,3.184819113002895,10.143072782548549,98.84383,0.42371439127348953
NTail,14,4937,3198,2.881694237583327,8.304161678920957,51.718395,0.5146981458334442
NTail,14,4937,3199,3.007219571702005,9.043369552427592,25.257967,0.5360174980642567
NTail,14,4937,3200,2.736834906922739,7.490265307750798,98.92399,0.44748683611799744
NTail,14,4937,3201,4.352617820122665,18.945281888049383,168.45499,0.7070870515486389
NTail,14,4937,3202,2.868187157427232,8.226497570030507,24.49958,0.19744673220700443
NTail,14,4937,3203,3.4304196758552368,11.767779152494748,39.111656,0.6160201707182446
NTail,14,4937,3204,3.0390362863401243,9.235741549691975,57.755096,0.25858080242040915
NTail,14,4937,3205,3.097679067149695,9.595615603057404,22.956543,0.1688608514525155
NTail,14,4937,3206,2.6062679284297685,6.792632514761596,78.25787,0.1554907140504863
NTail,14,4937,3207,2.897498562239653,8.39549791818086,18.86596,0.28240064404180587
NTail,14,4937,3208,3.5981541778676203,12.946713487706209,27.413612,0.4171582276419358
NTail,14,4937,3209,3.7743579395677087,14.245777855977805,55.073627,0.3977373931368673
NTail,14,4937,3210,2.996078098155987,8.97648397025,59.47242,0.27985640356417696
NTail,14,4937,3211,3.479595681889094,12.107586109421232,120.21435,0.5323987194231546
NTail,14,4937,3212,3.937183925597651,15.501417263984527,145.92476,0.5344776009568505
NTail,14,4937,3213,2.8943374236956756,8.377189122205321,50.0151,0.41416438502462316
NTail,14,4937,3214,3.135635844412025,9.832212148761514,90.60819,0.2723362288776603
NTail,14,4937,3215,2.816123076290367,7.930549180815124,20.774166,0.1461936099981944
NTail,14,4937,3216,2.8579793178295336,8.168045781141366,46.936024,0.15620868483180905
NTail,14,4937,3217,3.0438318682997814,9.264912442477337,29.333979,0.37337976740235174
NTail,14,4937,3218,2.8594251070957926,8.176311943089786,62.685127,0.46971317734218454
NTail,14,4937,3219,2.8766663456902037,8.27520926442663,46.725235,0.40316950078358765
NTail,14,4937,3220,2.637415363282711,6.955959798479671,34.439743,0.2507891036304482
NTail,14,4937,3221,3.1390852924218455,9.853856473099142,75.903114,0.452075036396866
NTail,14,4937,3222,3.1615058401861513,9.995119177531143,72.87437,0.32333721685192474
NTail,14,4937,3223,3.5968240597358836,12.937143316694923,73.03101,0.5018882503505642
NTail,14,4937,3224,3.054466093565494,9.329763116741251,100.45665,0.4925154315853858
NTail,14,4937,3225,2.522196062914831,6.3614729797830725,51.506966,0.22268284000559674
NTail,14,4937,3226,2.7844880243951917,7.753373558000239,76.99241,0.41847085544343277
NTail,14,4937,3227,2.965525819534773,8.794343386327386,74.4792,0.22768763992550625
NTail,14,4937,3228,2.4595972758574636,6.049618759405458,38.605415,0.14898687646312073
NTail,14,4937,3229,3.3410035527790467,11.16230473968221,70.37868,0.521900981898314
NTail,14,4937,3230,4.59380493715981,21.103043800673845,119.371544,0.7795042454947416
NTail,14,4937,3231,3.826768466872581,14.644156899050326,100.98062,0.6131335360872037
NTail,14,4937,3232,3.4969105951289436,12.228383710325058,44.615685,0.3329782332901103
NTail,14,4937,3233,4.45787558875475,19.87265476481551,109.86246,0.5733371098958333
NTail,14,4937,3234,3.9611157685560636,15.690438131903496,137.7233,0.6214119716387483
NTail,14,4937,3235,3.228943664715629,10.426077189907197,80.31222,0.5289640071609367
NTail,14,4937,3236,3.4432464130582137,11.855945861038254,52.501472,0.10919897312532814
NTail,14,4937,3237,2.070100019111715,4.285314089126322,2.6605608,0.10782905525982951
NTail,14,4937,3238,2.968684209902482,8.813085938124326,49.75193,0.5236330025523028
NTail,14,4937,3239,2.2120955599671306,4.893366766426294,27.70516,0.17941309434930858
NTail,14,4937,3240,3.5736730519265665,12.771139082066139,43.410873,0.37378845592082743
NTail,14,4937,3241,3.924678565326064,15.403101841129853,80.13196,0.6489989327529901
NTail,14,4937,3242,3.4375211612687044,11.816551734170142,61.93948,0.38272392168340147
NTail,14,4937,3243,2.6461429945933554,7.002072747835486,40.86264,0.31791159714489836
NTail,14,4937,3244,3.4353091095409023,11.801348678094707,47.549225,0.4120749920474208
NTail,14,4937,3245,3.2451278224974294,10.530854584346908,63.655678,0.27794463290254173
NTail,14,4937,3246,4.508475403125054,20.326350460583612,212.64153,0.669071393262218
NTail,14,4937,3247,3.4201438048708956,11.697383645996766,73.392494,0.5714258739542701
NTail,14,4937,3248,3.495767524696569,12.220390586723177,96.54604,0.3793482408780654
NTail,14,4937,3249,3.2262099196812963,10.40843044585,35.181473,0.5855465174724849
NTail,14,4937,3250,2.6199887152837444,6.864340868214163,29.949104,0.23100653540358018
NTail,14,4937,3251,3.256345261572796,10.603784462567596,52.65058,0.6382169280150347
NTail,14,4937,3252,3.729328729513787,13.907892772776913,16.696878,0.6721492280862995
NTail,14,4937,3253,3.3406137397160522,11.159700157979673,112.70974,0.20018279965134544
NTail,14,4937,3254,2.841863748649619,8.076189565888868,41.210266,0.27160294237931737
NTail,14,4937,3255,2.2295343742187415,4.970823525822956,6.9951334,0.16501025341341513
NTail,14,4937,3256,2.2347820927256103,4.994251001967059,10.182441,0.3371999807563835
NTail,14,4937,3257,2.555722771750488,6.531718886043997,35.608555,0.1832298480234482
NTail,14,4937,3258,3.6036754361564665,12.986476649157499,80.84576,0.42115428530127563
NTail,14,4937,3259,3.0126978427800846,9.076348291891778,31.162458,0.31331493917590925
NTail,14,4937,3260,3.1652602251957798,10.018872293206439,22.255278,0.31960924609282637
NTail,14,4937,3261,2.760016923591763,7.617693418512937,59.34137,0.3991085337215873
NTail,14,4937,3262,3.4102948841062686,11.630111196561387,80.45954,0.6150248524622123
NTail,14,4937,3263,3.8020663471307206,14.45570850798394,75.931305,0.44784159456008554
NTail,14,4937,3264,4.160446503042581,17.30931510467924,144.77313,0.5756819747956947
NTail,14,4937,3265,4.5326149725662,20.54459848953129,160.65533,0.6330076159610117
NTail,14,4937,3266,3.328144918335968,11.076548597445527,37.710323,0.45353984495564675
NTail,14,4937,3267,3.1698472381960476,10.047931513499112,58.798782,0.4827951070282511
NTail,14,4937,3268,2.8812567690022948,8.301640568921542,44.947964,0.32221958472655593
NTail,14,4937,3269,2.6599756455313517,7.075470434819929,9.404478,0.43191485424878484
NTail,14,4937,3270,3.275574689106125,10.72938954391269,81.42798,0.24870227334312245
NTail,14,4937,3271,3.259743524413554,10.6259278449561,29.486168,0.6657237946669717
NTail,14,4937,3272,3.889435094079005,15.127705351053363,117.51602,0.6289425864354179
NTail,14,4937,3273,2.988509240655169,8.931187481481334,38.598198,0.32490387896648915
NTail,14,4937,3274,3.42217970050952,11.71131390257943,79.38621,0.3660945567330865
NTail,14,4937,3275,2.331257454105297,5.43476131732151,30.535818,0.13195773923205462
NTail,14,4937,3276,3.6344833004862624,13.209468861513516,16.844948,0.5472459849804502
NTail,14,4937,3277,2.409523101821807,5.805801578212983,18.35351,0.40595938911696017
NTail,14,4937,3278,2.367687712405582,5.605945103476376,42.03972,0.17938826009076952
NTail,14,4937,3279,2.6773786936629618,7.168356669280386,10.977746,0.4111213316916436
NTail,14,4937,3280,2.189545110041032,4.794107788904596,9.376777,0.12506371039516004
NTail,14,4937,3281,2.624677493009783,6.888931942312118,21.482676,0.3195123868503446
NTail,14,4937,3282,2.778982501304652,7.72274374255746,11.868118,0.17094140332569785
NTail,14,4937,3283,2.972723229728236,8.837083400565877,33.333496,0.23494676733291134
NTail,14,4937,3284,3.7665669350564666,14.187026476260664,80.608185,0.529768430821444
NTail,14,4937,3285,2.5021213803561815,6.26061140203552,11.991673,0.1897965373929161
NTail,14,4937,3286,2.8272870107844743,7.993551841350608,61.37087,0.3125051504093012
NTail,14,4937,3287,3.712012834921512,13.77903928662204,55.24716,0.3401420105352369
NTail,14,4937,3288,3.9574502285365263,15.661412311343806,84.45696,0.6242594514296691
NTail,14,4937,3289,3.438087658026385,11.820446744273355,42.11759,0.39937933656007485
NTail,14,4937,3290,3.2095115310729523,10.300964268090247,30.452045,0.36736337402026065
NTail,14,4937,3291,3.3071852411679212,10.93747421939892,24.856775,0.49077843521674347
NTail,14,4937,3292,3.458178678712555,11.958999773902109,32.72542,0.4261935127248939
NTail,14,4937,3293,3.546416487848692,12.577069905285049,73.22483,0.31656413644859827
NTail,14,4937,3294,3.4102907420190927,11.630082945101137,42.320244,0.2479235938980792
NTail,14,4937,3295,2.137494333928974,4.568882027578469,15.560814,0.0827538342263667
NTail,14,4937,3296,3.3694837394689165,11.353420670545432,60.884754,0.2740777288372441
NTail,14,4937,3297,3.255111017241129,10.59574773456457,75.37745,0.29876932661889527
NTail,14,4937,3298,3.4096499127622955,11.625712527599932,42.01564,0.4615612774460033
NTail,14,4937,3299,2.085302865216638,4.348488039680719,2.8149655,0.15218263648531877
NTail,14,4937,3300,2.2262588926210722,4.956228656974402,13.930395,0.11694027629299028
NTail,14,4937,3301,3.5796845017027517,12.81414113173087,19.611034,0.507940387495856
NTail,14,4937,3302,2.9513027789730977,8.710188093174331,22.664972,0.30746617426390643
NTail,14,4937,3303,3.3465533434344157,11.19941928045207,112.97845,0.45632937957439657
NTail,14,4937,3304,3.73982267482701,13.986273639150252,68.304,0.49130073802271046
NTail,14,4937,3305,3.3276924721274437,11.073537189053656,97.41623,0.5250752442870508
NTail,14,4937,3306,4.715982775484994,22.240493538671142,147.09543,0.7547117453509437
NTail,14,4937,3307,4.03783909307396,16.30414454155634,130.90845,0.5592961038128862
NTail,14,4937,3308,3.690687608088923,13.621175020501132,47.54668,0.3761348742934714
NTail,14,4937,3309,3.1280117411602206,9.784457452836195,40.418728,0.3289592904460718
NTail,14,4937,3310,4.6912734673089656,22.00804674507708,142.62047,0.669876914900287
NTail,14,4937,3311,3.9103304282897176,15.290684058408447,108.01851,0.6853364267736843
NTail,14,4937,3312,3.7706880856127416,14.218088638981884,62.62365,0.36531083304438244
NTail,14,4937,3313,2.4381211997182852,5.9444349845157305,19.310007,0.14050606174603097
NTail,14,4937,3314,3.139743531849315,9.85798944578961,99.33096,0.3218632293998727
NTail,14,4937,3315,3.518114887682465,12.377132362932997,31.500689,0.5139390872826837
NTail,14,4937,3316,3.5197972362174603,12.388972584084069,101.32582,0.5357260755998753
NTail,14,4937,3317,3.2541642569667,10.589585011319636,86.50773,0.6367681266886915
NTail,14,4937,3318,3.3469123951893187,11.201822581071905,22.642193,0.5324817777158806
NTail,14,4937,3319,2.7222409355447006,7.410595711155286,23.04433,0.19903682280966184
NTail,14,4937,3320,2.038568707668095,4.155762375883567,31.537952,0.14353512745719757
NTail,14,4937,3321,4.203359794927763,17.668233565615164,130.65099,0.6884232659354079
NTail,14,4937,3322,3.816246310496578,14.56373590237874,108.811485,0.560277340948273
NTail,14,4937,3323,4.339147297262624,18.828199267341525,85.76784,0.6956489068382439
NTail,14,4937,3324,3.1138239470479343,9.695899573209179,50.62053,0.29403062077927034
NTail,14,4937,3325,3.095470378102158,9.581936861707918,32.06034,0.1609461803005411
NTail,14,4937,3326,3.4381429136146795,11.820826694438836,94.72403,0.3606102581590419
NTail,14,4937,3327,2.816657721135188,7.933560718030472,20.471867,0.5080184515479959
NTail,14,4937,3328,3.249133836123535,10.556870685042838,86.49046,0.37283108004057824
NTail,14,4937,3329,4.029587003369755,16.23757141772645,39.404964,0.6396157281674097
NTail,14,4937,3330,3.007755430620054,9.046592730424427,56.49019,0.3779739220641144
NTail,14,4937,3331,4.023630702113851,16.1896040269932,75.40294,0.428896751002698
NTail,14,4937,3332,3.3368157463472747,11.13433932507112,31.460262,0.309657889185893
NTail,14,4937,3333,3.7264472313574903,13.88640896809191,85.784775,0.5079744363237639
NTail,14,4937,3334,2.9721299740319496,8.83355658253916,49.063538,0.1641023752740547
NTail,14,4937,3335,2.8727406262780266,8.252638705868264,36.99666,0.2849089544308622
NTail,14,4937,3336,2.9524583935024205,8.71701056536289,79.236305,0.3067185464550702
NTail,14,4937,3337,3.611572854218362,13.043458481326972,77.112564,0.7192897168281276
NTail,14,4937,3338,3.729383658106108,13.908302469348893,103.772194,0.6283286931642256
NTail,14,4937,3339,3.6893202663083766,13.611084027393712,99.70685,0.5259220044604224
NTail,14,4937,3340,4.565345896316131,20.84238315301054,181.00385,0.813984056924289
NTail,14,4937,3341,2.5828016962960256,6.670864602389627,70.95266,0.25697817420926156
NTail,14,4937,3342,2.412839409224369,5.821794014706202,22.524874,0.2968148803925713
NTail,14,4937,3343,3.0961775473024304,9.586315404419693,92.241165,0.1605446702015555
NTail,14,4937,3344,3.109160765619887,9.666880666470044,15.80659,0.2965117003495018
NTail,14,4937,3345,2.670227659435536,7.130115753214583,19.835873,0.2531573853906966
NTail,14,4937,3346,2.9514008704449584,8.710767098063256,60.7694,0.5083025174975591
NTail,14,4937,3347,3.14166290033916,9.87004577936746,49.780838,0.4117563257513208
NTail,14,4937,3348,2.2295268100827514,4.97078979687777,12.583867,0.22923899261992323
NTail,14,4937,3349,3.849499013211884,14.81864265271927,109.18131,0.6125230251071888
NTail,14,4937,3350,3.044319932763606,9.267883853021807,70.41572,0.23772279681979178
NTail,14,4937,3351,3.196333008184861,10.216544699212081,96.92361,0.5368672083135442
NTail,14,4937,3352,3.1970836143245602,10.221343636982594,29.084518,0.31909330517381784
NTail,14,4937,3353,2.765146870963795,7.646037218000863,3.6811361,0.2224790782434475
NTail,14,4937,3354,2.148085441335626,4.614271063278071,2.4500902,0.08933625670722808
NTail,14,4937,3355,3.2950633106225666,10.857442221010949,44.252743,0.38543397181165645
NTail,14,4937,3356,2.9424032626954184,8.657736960320642,32.40881,0.3622794177639423
NTail,14,4937,3357,3.0652762195094225,9.39591830188998,53.14322,0.1556536526151651
NTail,14,4937,3358,2.533304641985018,6.41763240910284,18.643688,0.44780487659586476
NTail,14,4937,3359,3.0760582297826997,9.462134233013877,27.226564,0.352744688919033
NTail,14,4937,3360,3.180274055187401,10.114143066098116,32.96879,0.5705854829383089
NTail,14,4937,3361,2.9705531511547076,8.82418602383516,84.66785,0.5787952904778604
NTail,14,4937,3362,4.507684389503694,20.319218555375297,211.13852,0.7142712143168106
NTail,14,4937,3363,3.570096289436287,12.745587515846744,83.472946,0.6041046433591846
NTail,14,4937,3364,4.200262097684972,17.642201689248953,195.81882,0.7029829907652352
NTail,14,4937,3365,3.998002904062148,15.984027220889363,91.652405,0.7593201547415138
NTail,14,4937,3366,4.39636337568532,19.328010931067226,162.22319,0.7395309318565401
NTail,14,4937,3367,2.582892700410469,6.671334701833685,14.787489,0.24537040671709065
NTail,14,4937,3368,2.32572608377601,5.409001816756097,35.149273,0.17556501228964516
NTail,14,4937,3369,3.2983024458806423,10.878799024502225,34.031456,0.6001923664796122
NTail,14,4937,3370,3.9193780291652236,15.36152413550307,96.1366,0.5479587640640036
NTail,14,4937,3371,3.658978116583669,13.388120857638167,63.84759,0.4624888870220943
NTail,14,4937,3372,3.700094602999056,13.69070007114274,70.236206,0.2982777059921705
NTail,14,4937,3373,3.840971545846072,14.753062415999166,78.526596,0.4907567468806808
NTail,14,4937,3374,3.619159439723176,13.098315050137373,64.01129,0.19017480329321346
NTail,14,4937,3375,3.851517743622677,14.834188929440318,76.03609,0.5689330104693148
NTail,14,4937,3376,3.9519564176197233,15.617959526765716,108.07501,0.6999719992423987
NTail,14,4937,3377,3.5107116819617397,12.325096513862622,68.11401,0.6665310076470123
NTail,14,4937,3378,3.3384213657054116,11.145057214998385,45.78646,0.5267318734074502
NTail,14,4937,3379,3.8288590106332934,14.660161323307763,73.3851,0.6606647696590429
NTail,14,4937,3380,4.46299635111695,19.91833643008321,188.51018,0.634471236651025
NTail,14,4937,3381,5.286382687395648,27.945841917596425,143.40016,0.4270796992689446
NTail,14,4937,3382,3.3493665834236066,11.218256510154726,32.115875,0.46155819939821097
NTail,14,4937,3383,4.113332487784307,16.919504155061833,86.110794,0.5451042020662288
NTail,14,4937,3384,2.775849421990169,7.7053400135631565,26.667425,0.23630114478035455
NTail,14,4937,3385,2.5157145189941885,6.328819541078159,31.248219,0.310961104487673
NTail,14,4937,3386,3.6647477926627783,13.430376383826703,40.997883,0.41922995058241663
NTail,14,4937,3387,3.140062352373839,9.859991576795528,30.064009,0.2129968218354276
NTail,14,4937,3388,2.8011627146593043,7.846512553997483,45.865818,0.3897115140694032
NTail,14,4937,3389,3.2399869742542253,10.497515593337049,92.00094,0.2724046163578321
NTail,14,4937,3390,4.9757809234897294,24.75839579856431,322.43286,0.8448305141701666
NTail,14,4937,3391,3.2482245534542655,10.550962749663164,66.81854,0.5367548911892631
NTail,14,4937,3392,3.128442337237115,9.787151457417622,55.151405,0.3063040259059917
NTail,14,4937,3393,2.6068984813624243,6.795919692129717,40.07691,0.18420542705719362
NTail,14,4937,3394,3.2470622324767455,10.543413141576867,20.346634,0.3429312585346813
NTail,14,4937,3395,3.214634862894344,10.33387730173574,106.7284,0.630147220205924
NTail,14,4937,3396,3.7212025927836523,13.847348736539777,107.70468,0.5045704092911778
NTail,14,4937,3397,3.3074884088194225,10.93947957447483,68.49398,0.39451380962336113
NTail,14,4937,3398,2.8434697621323646,8.085320288161084,45.232754,0.41836373386478565
NTail,14,4937,3399,3.9464755002036296,15.574668873707491,94.57691,0.5802420441601419
NTail,14,4937,3400,3.3441347849410814,11.18323745985293,76.46782,0.23189110032464844
NTail,14,4937,3401,3.209077676102249,10.298179531257816,36.663834,0.538130201719196
NTail,14,4937,3402,3.5683361097643416,12.733022592248117,83.074,0.47336735292498233
NTail,14,4937,3403,2.9286853049681056,8.577197615536125,27.793219,0.3435472131390815
NTail,14,4937,3404,4.314672132968559,18.61639561501545,179.63712,0.7626694058898726
NTail,14,4937,3405,2.6634555212976685,7.093995313931037,81.50653,0.2542353071660982
NTail,14,4937,3406,2.5307413428261434,6.404651744289471,21.298187,0.16315200822080836
NTail,14,4937,3407,4.254298536495244,18.099056037625573,160.9839,0.5271132392578011
NTail,14,4937,3408,4.243515436839883,18.00742326269838,175.55887,0.47015591087681097
NTail,14,4937,3409,2.795091999396697,7.812539285091426,24.226503,0.28938536924591446
NTail,14,4937,3410,4.214328958418568,17.76056856976533,93.219475,0.5012268612157653
NTail,14,4937,3411,2.537396572291388,6.438381365076084,64.03783,0.28139385359726227
NTail,14,4937,3412,2.943561967622989,8.664557057236523,20.625416,0.13603417916748445
NTail,14,4937,3413,3.016081404985515,9.0967470414994,83.54154,0.3069032176608519
NTail,14,4937,3414,3.23289868979148,10.45163393845547,54.209827,0.2229840383256897
NTail,14,4937,3415,2.877524106070728,8.280144981018143,65.13713,0.2667360597604358
NTail,14,4937,3416,3.143904640909994,9.884136391135401,17.923784,0.5551407128256379
NTail,14,4937,3417,2.6926155385622224,7.250178438506727,35.10241,0.13722367654507844
NTail,14,4937,3418,3.742832538049736,14.00879540788382,75.16852,0.4596962645814944
NTail,14,4937,3419,3.59570625189715,12.929103449932253,155.72733,0.566335725472193
NTail,14,4937,3420,3.664532567708255,13.428798939794452,190.09225,0.730668105522355
NTail,14,4937,3421,3.492424244848466,12.197027106005384,79.857635,0.1875288725463971
NTail,14,4937,3422,2.934213786003256,8.609610541971561,53.58766,0.16596290998259777
NTail,14,4937,3423,2.4261255657752856,5.886085260908448,18.165442,0.23419321734298582
NTail,14,4937,3424,2.089528570555247,4.366129647166655,15.033314,0.09257371056027727
NTail,14,4937,3425,2.5769158919043815,6.640495513949354,61.451233,0.2907993852966739
NTail,14,4937,3426,3.700137212530636,13.69101539155399,92.18764,0.7078585410986616
NTail,14,4937,3427,4.058634168941596,16.472511317300246,72.9843,0.7420317480603583
NTail,14,4937,3428,4.2347253555653195,17.932898837067825,156.8336,0.7745161281814614
NTail,14,4937,3429,2.937383450551475,8.628221535573685,78.3396,0.29113394754315824
NTail,14,4937,3430,2.3743202139273416,5.637396478263975,9.124452,0.169967572269332
NTail,14,4937,3431,2.3878896331983217,5.702016900336015,31.753027,0.2236458001163527
NTail,14,4937,3432,4.230303621532365,17.895468730349844,127.96728,0.6697714852843831
NTail,14,4937,3433,4.3187843155733106,18.651897964442025,261.02106,0.7350987723990112
NTail,14,4937,3434,2.6063931266476414,6.793285130636068,30.370527,0.16469439841581154
NTail,14,4937,3435,4.118947293939362,16.96572681025039,101.32449,0.4699531402093804
NTail,14,4937,3436,2.8436088791560836,8.086111457615317,24.70518,0.4483604606950656
NTail,14,4937,3437,4.265136308291352,18.19138772830517,131.82588,0.7275492862725134
NTail,14,4937,3438,4.389509404239122,19.26779280990369,119.16972,0.5118840201859026
NTail,14,4937,3439,2.542124979809409,6.462399412970989,1.2334642,0.4147948190863576
NTail,14,4937,3440,2.804381684255955,7.864556630990267,15.427351,0.26742067870120917
NTail,14,4937,3441,2.9143436382248815,8.493398841661838,25.835426,0.2589380212706801
NTail,14,4937,3442,3.262185450496959,10.641853913434044,48.03024,0.2948798098688025
NTail,14,4937,3443,2.8016588053181937,7.8492920614169694,10.670642,0.41335751748447946
NTail,14,4937,3444,2.596405685745614,6.74132248497215,26.839415,0.1970051369835679
NTail,14,4937,3445,3.2983593965264175,10.879174708654112,24.023397,0.30644670319234507
NTail,14,4937,3446,3.4638062452452876,11.997953704600263,53.26714,0.2232954787474637
NTail,14,4937,3447,2.1289788086501207,4.532550767681288,16.452389,0.16775964069216526
NTail,14,4937,3448,3.3167560849036906,11.000870926745657,63.075455,0.10243453185356455
NTail,14,4937,3449,3.532723318512768,12.480134045163865,139.80649,0.4800358405351387
NTail,14,4937,3450,3.866744575904741,14.951713615288734,115.133385,0.755110144438864
NTail,14,4937,3451,4.508495161238384,20.326528618909922,115.9432,0.8034277835744776
NTail,14,4937,3452,5.164955409785378,26.67676438507124,195.15884,0.8487400144140518
NTail,14,4937,3453,3.4183170327014794,11.684891336057047,90.487686,0.44102240324981423
NTail,14,4937,3454,2.7956342497031748,7.815570858113431,99.981026,0.3722690632827845
NTail,14,4937,3455,2.7596850704325657,7.615861687968393,18.6818,0.33551026052771726
NTail,14,4937,3456,3.383935003933237,11.451016110844632,74.878624,0.5203655802393983
NTail,14,4937,3457,4.118249948308718,16.959982636744762,89.424255,0.5315900207862774
NTail,14,4937,3458,3.4579634121565257,11.9575109598132,59.981544,0.2142714280381619
NTail,14,4937,3459,4.983038029118294,24.830667999639132,197.61952,0.8299402149699693
NTail,14,4937,3460,2.883515204104408,8.31465993230129,66.23198,0.4756639196043638
NTail,14,4937,3461,3.304826973960812,10.921881327818978,110.43382,0.41732144598288
NTail,14,4937,3462,3.0676607529279916,9.410542495054733,48.8898,0.41258249369568023
NTail,14,4937,3463,3.774701607815803,14.248372228047206,66.46124,0.25092428894125607
NTail,14,4937,3464,2.372613199186959,5.629293392956176,36.551403,0.30510352190302253
NTail,14,4937,3465,4.731186077470074,22.384121699646673,135.70322,0.6155840756736718
NTail,14,4937,3466,3.9217780748973,15.380343268745175,92.43234,0.7099936688892837
NTail,14,4937,3467,3.1006085923276125,9.613773642815818,85.06561,0.27960107660056505
NTail,14,4937,3468,2.5922774186604114,6.719902215296683,8.939152,0.24120699515691874
NTail,14,4937,3469,3.1296161958670665,9.794497533433447,74.86865,0.19148704016201157
NTail,14,4937,3470,3.1749086008834246,10.080044623963543,29.135147,0.16101523951117164
NTail,14,4937,3471,4.19683916589764,17.613458984412397,97.337746,0.5140602933704854
NTail,14,4937,3472,3.873568712853,15.004534573193643,86.82375,0.3172847857813506
NTail,14,4937,3473,2.698262023142103,7.280617945530914,69.79599,0.36264448184302767
NTail,14,4937,3474,3.0551318619361822,9.33383069381764,34.211876,0.4260068834917448
NTail,14,4937,3475,3.489374166971703,12.17573207712947,115.27605,0.5119830803679285
NTail,14,4937,3476,2.9432354545242037,8.662634940768292,99.529915,0.3748477204253377
NTail,14,4937,3477,3.5844357840181855,12.848179889750064,98.6371,0.5011178532589748
NTail,14,4937,3478,3.5473667393804424,12.583810783662633,153.05112,0.717101471534985
NTail,14,4937,3479,3.575647018435433,12.785251600446204,71.301895,0.2968949937337648
NTail,14,4937,3480,4.643354724607689,21.560743098536555,184.26483,0.521361181783393
NTail,14,4937,3481,5.165885154361224,26.686369428049677,178.55798,0.7122877984613927
NTail,14,4937,3482,4.0203979278260285,16.163599498067825,152.9083,0.5740968608712554
NTail,14,4937,3483,2.7613233636050407,7.624906718391056,14.481602,0.26230688378450373
NTail,14,4937,3484,3.151358757087364,9.931062015871216,59.819427,0.09219963802422575
NTail,14,4937,3485,2.80029564282225,7.841655687209276,53.656357,0.35632897387153867
NTail,14,4937,3486,3.3865079878364215,11.46843635167989,159.64072,0.5988327620713287
NTail,14,4937,3487,5.023237634065731,25.23291632829429,159.03033,0.7767506534205011
NTail,14,4937,3488,4.7072404225652935,22.158112395832696,177.01637,0.7766726860702031
NTail,14,4937,3489,3.9441939681446248,15.556666058348439,191.48099,0.5535482040406756
NTail,14,4937,3490,2.5019916594026568,6.25996226372046,42.71247,0.17599191822395174
NTail,14,4937,3491,3.88016070591488,15.055647103725859,92.87446,0.5539415830598453
NTail,14,4937,3492,3.6397798468284766,13.247997333378727,92.74946,0.2842862953363623
NTail,14,4937,3493,3.9831256931187644,15.86529028718284,116.52121,0.7572176374504596
NTail,14,4937,3494,4.771335503662632,22.765642488511546,160.97545,0.7264536598236484
NTail,14,4937,3495,4.114651729742461,16.930358857072626,166.23871,0.6532695264937334
NTail,14,4937,3496,3.715803615544674,13.807196509294878,75.86749,0.5091955460803845
NTail,14,4937,3497,3.1559562520747635,9.960059865009788,63.45045,0.14561104055205215
NTail,14,4937,3498,3.7062175886122133,13.736048814138533,107.2829,0.6460250909621944
NTail,14,4937,3499,3.0027186056536728,9.016319024738735,95.657776,0.5004562016312719
NTail,14,4937,3500,3.5259372374258806,12.432233402266451,40.780514,0.32233696445083604
NTail,14,4937,3501,4.710048735336941,22.184559089249117,175.13354,0.601059302691427
NTail,14,4937,3502,2.9190063969843414,8.520598345635506,20.570164,0.5338797172783584
NTail,14,4937,3503,3.0260009144117275,9.15668153402061,75.79032,0.5095429964354194
NTail,14,4937,3504,4.070002074885671,16.564916889573666,44.860863,0.5565904396891639
NTail,14,4937,3505,3.811096795545295,14.524458785015616,102.80825,0.5685162127142164
NTail,14,4937,3506,2.6899316614502786,7.235732343272658,6.480374,0.20512415991193172
NTail,14,4937,3507,2.140165925603625,4.5803101891148215,19.939886,0.05382933599034444
NTail,14,4937,3508,2.8183324294214853,7.94299768272881,61.998646,0.24889650275799416
NTail,14,4937,3509,2.310132882224399,5.336713933534413,26.383574,0.08008971055628422
NTail,14,4937,3510,2.3022015318360074,5.3001318931880546,22.903673,0.1250366783755088
NTail,14,4937,3511,4.13322137467858,17.083518932099896,76.41609,0.6816603003593745
NTail,14,4937,3512,3.69754765987354,13.671858697036285,75.522224,0.3346880634215801
NTail,14,4937,3513,3.0875824074572673,9.533165122839618,100.32862,0.5150392113237574
NTail,14,4937,3514,2.9748203492482244,8.849556110301329,36.375553,0.35884243532156157
NTail,14,4937,3515,4.894850310351687,23.959559560750012,168.72475,0.7074481104368623
NTail,14,4937,3516,4.411390643789333,19.460367412112063,124.8827,0.746359096046417
NTail,14,4937,3517,3.340819516861078,11.161075044239888,101.18815,0.4653619161708386
NTail,14,4937,3518,2.344567601933208,5.49699724003483,26.969559,0.18452644911123653
NTail,14,4937,3519,3.227194846466599,10.414786577060575,81.91084,0.3377705301519397
NTail,14,4937,3520,5.027569524644143,25.27645532513054,241.41806,0.8408193545213287
NTail,14,4937,3521,3.214828339636029,10.335121253326944,110.39041,0.47888583914662386
NTail,14,4937,3522,2.584144052792702,6.677800485583891,64.78591,0.13173516328394502
NTail,14,4937,3523,4.247794321302318,18.043756596088226,170.42722,0.28097681985905554
NTail,14,4937,3524,4.894836581075353,23.959425155433458,293.69794,0.8366535633161065
NTail,14,4937,3525,3.404189247153557,11.5885044304359,119.87244,0.6329171891118219
NTail,14,4937,3526,3.2664373154166433,10.669612735546284,26.584396,0.25236035178553107
NTail,14,4937,3527,2.84197012152296,8.076794171629228,6.0474496,0.3360901358507227
NTail,14,4937,3528,2.9207027224394806,8.530504392865394,3.448451,0.18020765742086817
NTail,14,4937,3529,2.5076836501550273,6.288477289254842,11.817562,0.27587700312819785
NTail,14,4937,3530,3.2856226666779844,10.795316307788148,17.93765,0.3542314927346241
NTail,14,4937,3531,3.731368255855337,13.923109060804903,99.52071,0.17143923074065975
NTail,14,4937,3532,3.1470559156341658,9.903960936127994,26.913818,0.4415451892040333
NTail,14,4937,3533,3.5177833760739015,12.374799880981895,106.00503,0.4199998258267811
NTail,14,4937,3534,3.600073463152533,12.960528940095074,88.13724,0.7104877728407921
NTail,14,4937,3535,3.4866158795463598,12.156490291504836,74.18932,0.4062303850170985
NTail,14,4937,3536,2.190404185949595,4.797870497825508,24.01681,0.38661554909968654
NTail,14,4937,3537,2.5206167962005943,6.3535090332885495,50.55267,0.22795550217728378
NTail,14,4937,3538,4.061839055471808,16.498536512556104,132.28607,0.4076034146517066
NTail,14,4937,3539,3.8399551759334596,14.745255753178164,42.151485,0.3516971685494309
NTail,14,4937,3540,2.811535580156984,7.904732318488668,32.679237,0.25977914102930955
NTail,14,4937,3541,2.4469947247331882,5.987783182872049,30.549877,0.3141617296634788
NTail,14,4937,3542,3.6714439356716815,13.479500572780369,101.270905,0.3569704376953105
NTail,14,4937,3543,3.535363290738932,12.49879359750441,37.755295,0.5809187972756769
NTail,14,4937,3544,3.534160354854654,12.490289413826382,53.483936,0.6192908463893505
NTail,14,4937,3545,4.246416719292139,18.032054953883804,139.58923,0.62980682519948
NTail,14,4937,3546,2.754964902028562,7.5898316114092435,26.422203,0.3148543226809167
NTail,14,4937,3547,3.5594341167712136,12.669571231634869,34.410862,0.3627121095606947
NTail,14,4937,3548,2.6798887412455628,7.181803665454726,4.694952,0.21478156929964343
NTail,14,4937,3549,3.995283166229509,15.962287578356893,98.510315,0.5421077204647775
NTail,14,4937,3550,3.977730691326116,15.822341452717742,83.91876,0.5720921463827809
NTail,14,4937,3551,3.6658501857447874,13.438457584325096,71.49341,0.5536223841327075
NTail,14,4937,3552,3.367582168720452,11.340609663083946,110.11502,0.5235706844021
NTail,14,4937,3553,4.5136131967796045,20.372704090143003,139.00171,0.3543059249043427
NTail,14,4937,3554,3.21843074295924,10.358296447225168,22.244347,0.32064326518155023
NTail,14,4937,3555,2.728439243055713,7.444380703046433,18.329609,0.14432841015796638
NTail,14,4937,3556,2.6046885904110852,6.784402653017685,30.81083,0.4700062819948717
NTail,14,4937,3557,2.4185970265299086,5.8496115767393135,2.3064167,0.11530354216580865
NTail,14,4937,3558,3.0413723283644067,9.24994563974073,83.80889,0.4311777230923491
NTail,14,4937,3559,3.496457564517342,12.225215500470545,148.12639,0.7815559868790654
NTail,14,4937,3560,3.2029922706495317,10.259159485840641,50.54052,0.4467348672934317
NTail,14,4937,3561,3.311515429345968,10.966134438796411,115.67234,0.4843445228417118
NTail,14,4937,3562,4.627322752132354,21.412115852401744,105.5489,0.5426820378116295
NTail,14,4937,3563,3.691846307868857,13.629729160924915,104.09378,0.6337809901018735
NTail,14,4937,3564,3.1307736229016903,9.801743477856972,88.31774,0.6802816443240933
NTail,14,4937,3565,3.02112854376657,9.127217677961116,57.191395,0.14920892394737198
NTail,14,4937,3566,2.1466146302380418,4.6079543707520045,11.94415,0.1354939721105004
NTail,14,4937,3567,3.4202076179535843,11.697820149907733,20.506548,0.20367768256269111
NTail,14,4937,3568,3.2189994461174414,10.361957434104395,96.21562,0.45563168084969574
NTail,14,4937,3569,3.300434853803686,10.892870224202158,20.183458,0.3163679040647514
NTail,14,4937,3570,3.846778890506138,14.79770783244363,125.78647,0.33690164281095103
NTail,14,4937,3571,2.6207811923850746,6.868494058359334,85.39585,0.43045265111176634
NTail,14,4937,3572,3.496432217532299,12.225038251797823,28.176617,0.5161372732423379
NTail,14,4937,3573,3.2793225132750643,10.753956146072683,90.78537,0.26414952974495515
NTail,14,4937,3574,3.0110347468397363,9.066330246676234,35.613766,0.40886370348130885
NTail,14,4937,3575,2.71135238416041,7.351431751092343,31.0803,0.22331555270030046
NTail,14,4937,3576,3.1003672168387464,9.612276879248435,23.50418,0.3463006199371805
NTail,14,4937,3577,2.569139248333233,6.600476477326248,48.373077,0.30352282614910886
NTail,14,4937,3578,4.386599968969471,19.242259287762963,76.970825,0.675724084824299
NTail,14,4937,3579,3.801604818319958,14.452199194673518,58.967377,0.304153868181121
NTail,14,4937,3580,2.829862329991043,8.008120806702337,82.63234,0.40992651472537633
NTail,14,4937,3581,3.482073208299659,12.124833827958279,52.730827,0.2981588103798146
NTail,14,4937,3582,3.6252493944455133,13.14243317192756,61.209457,0.588889688650893
NTail,14,4937,3583,2.113220458176715,4.465700704856605,31.077528,0.046253880121804807
NTail,14,4937,3584,2.3434614871395603,5.491811741706361,6.388936,0.3532984009230632
NTail,14,4937,3585,2.4683764867915707,6.0928824805454935,14.690555,0.1258947242962121
NTail,14,4937,3586,2.5698353595113335,6.604053774994746,4.264715,0.24646721974552321
NTail,14,4937,3587,2.7312510380605723,7.459732232906954,27.216972,0.15371731076098685
NTail,14,4937,3588,2.6169108642452117,6.848222471404621,42.209244,0.16530513458079
NTail,14,4937,3589,2.5674307394907365,6.591700602081948,19.301271,0.08740871853737911
NTail,14,4937,3590,3.3385377589927576,11.145834368220381,105.07963,0.1479889222680524
NTail,14,4937,3591,3.7919069165623287,14.378558063873232,102.17819,0.26486054618638394
NTail,14,4937,3592,2.358163515486323,5.560935165770815,25.647694,0.09316455752454114
NTail,14,4937,3593,3.1076505621059742,9.657492016157576,71.218445,0.20423074360164423
NTail,14,4937,3594,3.618763484393377,13.095449155978892,59.11651,0.22450904958887358
NTail,14,4937,3595,2.37388917131398,5.635349797681775,44.45506,0.14688507660248243
NTail,14,4937,3596,2.9373760483063305,8.628178049163715,50.440804,0.21514903374943534
NTail,14,4937,3597,2.573451322304855,6.622651708272605,15.44413,0.15066193350614163
NTail,14,4937,3598,2.758211237622568,7.607729231347418,72.28812,0.2150802077923591
NTail,14,4937,3599,2.708887572826967,7.3380718822163775,27.005054,0.18886850037385805
NTail,14,4937,3600,2.437314656379412,5.940502734201892,27.342249,0.14566034067539355
NTail,14,4937,3601,2.3315132222348898,5.435953905456119,18.511625,0.15790603785530044
NTail,14,4937,3602,2.6260563899545644,6.896172163221201,64.20141,0.5251168172113558
NTail,14,4937,3603,4.393469595434477,19.30257508600719,110.67768,0.6005433754328118
NTail,14,4937,3604,4.4053918083375105,19.407476984967243,135.2284,0.6569875325992793
NTail,14,4937,3605,4.162554899596528,17.326863292155057,135.48663,0.7470160424568317
NTail,14,4937,3606,3.617369968682362,13.08536549032503,153.44258,0.4419849451117719
NTail,14,4937,3607,4.7277843780064215,22.351945124921574,165.08203,0.7909333215734287
NTail,14,4937,3608,3.61802954255231,13.090137770781281,27.5876,0.4992288643676457
NTail,14,4937,3609,3.762533370836592,14.156657366658967,34.102463,0.3462306487353341
NTail,14,4937,3610,5.117828164025893,26.192165116496646,223.67592,0.8119774071333263
NTail,14,4937,3611,4.402324746205548,19.380463171053737,158.33653,0.842769300942114
NTail,14,4937,3612,3.9842547029157767,15.874285537706486,44.021046,0.5557937202660296
NTail,14,4937,3613,4.040882341166984,16.328730095155166,136.05142,0.5017946898928298
NTail,14,4937,3614,3.830860019156302,14.675488486370222,133.94354,0.7874063120715824
NTail,14,4937,3615,3.4372373742307714,11.814600766808853,105.3562,0.3443444133652482
NTail,14,4937,3616,4.301431244646131,18.502310752417962,127.35048,0.6268894844392601
NTail,14,4937,3617,3.958032816911453,15.666023779748006,188.84825,0.5736020902717789
NTail,14,4937,3618,3.0612900853137788,9.371496986440443,46.91092,0.2827284478126378
NTail,14,4937,3619,2.6060249863309726,6.791366229381344,2.0903492,0.2709321000762773
NTail,14,4937,3620,3.0319903785665434,9.192965655720092,134.45372,0.45146486259029117
NTail,14,4937,3621,5.055234238926119,25.555393210410948,165.4545,0.6027886000286111
NTail,14,4937,3622,4.419531118814179,19.532255310166907,132.5343,0.6215526080770994
NTail,14,4937,3623,3.5342612266474154,12.491002418183294,84.62802,0.309703589651035
NTail,14,4937,3624,2.3073436445717985,5.323834694145868,2.679367,0.13913838910166793
NTail,14,4937,3625,2.0539417281981605,4.218676622833648,5.151631,0.21773359316030844
NTail,14,4937,3626,3.422774781356866,11.715387203892536,46.13867,0.34304537557519127
NTail,14,4937,3627,3.3576783160574357,11.274003674122298,42.916267,0.6434495924423992
NTail,14,4937,3628,4.129572660598672,17.053370359163992,213.6371,0.6930030092549486
NTail,14,4937,3629,3.4457793612112306,11.873395406149278,60.86757,0.4488803543377442
NTail,14,4937,3630,3.4778823351967585,12.095665537473657,53.253048,0.29672083503285995
NTail,14,4937,3631,3.533382651579501,12.484792962482985,27.538137,0.25703564048044875
NTail,14,4937,3632,3.9282750514870384,15.431344880135496,80.61704,0.4817041757381024
NTail,14,4937,3633,3.2711793758205396,10.700614508793656,77.09455,0.21331784177359947
NTail,14,4937,3634,2.652637086502973,7.036483512690982,15.854124,0.4422883955953115
NTail,14,4937,3635,4.500788995109739,20.257101578500933,237.04794,0.5547289462766444
NTail,14,4937,3636,4.182819158919894,17.495976116227332,92.19981,0.7264977263873517
NTail,14,4937,3637,2.7084081964650757,7.335474958679204,20.449242,0.2727923167019022
NTail,14,4937,3638,2.7613106278641175,7.6248363835553254,15.181746,0.3441935026103522
NTail,14,4937,3639,3.1114567979330325,9.681163405403678,63.055897,0.4745408813779684
NTail,14,4937,3640,3.195920017853976,10.21390476051976,40.404922,0.42990782923778015
NTail,14,4937,3641,3.443341033969288,11.856597476216685,72.890854,0.2768704752919389
NTail,14,4937,3642,3.035211568230276,9.212509263918896,26.027487,0.36650145747087914
NTail,14,4937,3643,2.9938146228775357,8.962925996155363,66.160065,0.4309726878263308
NTail,14,4937,3644,2.9820852416902697,8.892832388706914,33.407757,0.18259875161767064
NTail,14,4937,3645,3.102817471511558,9.627476261517378,71.17174,0.36387033867506596
NTail,14,4937,3646,3.9336968956664027,15.473971266975491,149.51349,0.3176457176356097
NTail,14,4937,3647,2.573872038039131,6.624817268199712,6.4572845,0.17814654015199363
NTail,14,4937,3648,2.9601607845603874,8.762551870449169,25.4618,0.22491294508735768
NTail,14,4937,3649,3.0565005762763042,9.342195772777382,12.676238,0.32340152551041684
NTail,14,4937,3650,3.212984123238763,10.32326697618436,72.94736,0.4563181873986779
NTail,14,4937,3651,5.08418167315286,25.848903285623408,159.52446,0.5042875086103963
NTail,14,4937,3652,4.159471806942491,17.301205712749432,152.19193,0.5843086588281647
NTail,14,4937,3653,4.215810050656482,17.773054383216213,66.82667,0.5305864236796868
NTail,14,4937,3654,3.047081194185702,9.284703803960163,108.29854,0.44765878100443335
NTail,14,4937,3655,2.746324744740855,7.542299603575922,35.332672,0.19662333680053884
NTail,14,4937,3656,2.8531174949555322,8.140279440021333,11.641648,0.5117077580141665
NTail,14,4937,3657,3.359057533598804,11.283267514026878,60.64297,0.46017750162019827
NTail,14,4937,3658,2.6843402665463505,7.205682666602133,38.91147,0.07917747190742735
NTail,14,4937,3659,2.240801005277481,5.021189145252569,37.057537,0.12108875286527482
NTail,14,4937,3660,3.716929178340728,13.815562516800679,150.34149,0.6047444957803813
NTail,14,4937,3661,4.317590574813252,18.64158837171622,126.86163,0.7221855602011173
NTail,14,4937,3662,4.730977299488827,22.3821462082786,174.99162,0.5369130986367681
NTail,14,4937,3663,3.913240957926603,15.31345479479432,130.13754,0.534636044488304
NTail,14,4937,3664,3.2413250328703676,10.506187968712089,20.350744,0.3325048731851787
NTail,14,4937,3665,3.034554860816294,9.2085232033038,62.32614,0.2603596790176753
NTail,14,4937,3666,4.2283813305046065,17.879208676159916,114.91732,0.5592924361055697
NTail,14,4937,3667,2.9844583446005166,8.906991610655654,19.361267,0.2974101417475796
NTail,14,4937,3668,3.6080759768339603,13.018212254606341,93.85942,0.4878319275127406
NTail,14,4937,3669,2.738906454171342,7.501608564701429,34.54151,0.3120649404122524
NTail,14,4937,3670,3.00383115415097,9.023001602647948,68.06079,0.20012091262745835
NTail,14,4937,3671,2.669498078653487,7.1262199919346605,17.312614,0.4081812717606116
NTail,14,4937,3672,3.3644761293311265,11.31969962483896,63.191757,0.13825350444826467
NTail,14,4937,3673,2.910711356890863,8.47224060313345,18.06252,0.2940202246355596
NTail,14,4937,3674,2.8682850318206383,8.22705902376632,76.79675,0.335926657045474
NTail,14,4937,3675,3.474912248277614,12.07501513322978,51.500484,0.6622103458917364
NTail,14,4937,3676,3.1596778068974882,9.983563843400521,21.701557,0.46365531281107086
NTail,14,4937,3677,2.5547773694455436,6.526887407431091,47.96421,0.2167229977725208
NTail,14,4937,3678,3.8583363025626345,14.886759023672697,83.3594,0.4436346844194917
NTail,14,4937,3679,5.033169487531152,25.3327950902146,136.63857,0.7701158545697833
NTail,14,4937,3680,3.3802130806613078,11.425840470673807,42.70134,0.5001805365671486
NTail,14,4937,3681,2.964579105686713,8.78872927387423,28.107399,0.1573543359700008
NTail,14,4937,3682,2.490735602882321,6.203763843465556,32.32731,0.26538666940036154
NTail,14,4937,3683,2.293336848717305,5.259393901684618,3.7854097,0.11220688146463018
NTail,14,4937,3684,2.776812210888974,7.71068605454211,71.30695,0.3809192807395958
NTail,14,4937,3685,2.7765692848940944,7.709336993817301,12.771044,0.34081919533032196
NTail,14,4937,3686,2.2732832052944847,5.1678165314739655,17.08574,0.11387035055375623
NTail,14,4937,3687,3.5822126095744027,12.832247180193853,49.974,0.46878515358440853
NTail,14,4937,3688,4.237908950438155,17.95987227220382,88.69139,0.5536806648738529
NTail,14,4937,3689,5.418209866195768,29.35699815414115,199.89441,0.8824995654002672
NTail,14,4937,3690,3.5104528917912585,12.323279505485608,59.714943,0.675758581048753
NTail,14,4937,3691,2.5631962605860794,6.569975070282458,45.43295,0.32592261619625
NTail,14,4937,3692,3.3516036760585854,11.233247201369421,51.4933,0.3930926192618759
NTail,14,4937,3693,2.754798606357949,7.588915361591698,37.150726,0.2989919625564571
NTail,14,4937,3694,2.6328267007732795,6.931776436304713,30.260124,0.31163916342621245
NTail,14,4937,3695,3.4504020535106394,11.905274330870439,40.63062,0.3153831126320566
NTail,14,4937,3696,2.925569448076443,8.558956595518305,33.618935,0.4318250656234744
NTail,14,4937,3697,3.5333404647512627,12.484494839848674,106.08584,0.6206959422416917
NTail,14,4937,3698,2.214598399970036,4.904446073149844,7.2318125,0.14939305464200425
NTail,14,4937,3699,3.029903634346585,9.180316033426648,21.824625,0.18024436279357242
NTail,14,4937,3700,2.6217243930392886,6.873438793057226,62.78472,0.06307872332672643
NTail,14,4937,3701,2.2484934160734156,5.0557226421255,24.513943,0.11069720151952357
NTail,14,4937,3702,2.710280542430026,7.345620618674794,11.1120205,0.24565208730233198
NTail,14,4937,3703,2.40156470889764,5.767513051022607,8.076927,0.2832280215113108
NTail,14,4937,3704,2.89564947825383,8.384785900911679,23.02855,0.1631297832364856
NTail,14,4937,3705,3.03277689999391,9.197735725136672,86.13115,0.5318459881210928
NTail,14,4937,3706,3.405264978698953,11.595829575153585,103.88876,0.2776892810849239
NTail,14,4937,3707,3.439532884659622,11.830386464654937,134.84122,0.5622926018818568
NTail,14,4937,3708,2.416206475210893,5.8380537308510485,22.860573,0.29288807501994846
NTail,14,4937,3709,2.1624597342016267,4.676232102043369,33.94664,0.26055583762032836
NTail,14,4937,3710,2.3593862721496035,5.566703581208002,31.984344,0.1680669084361634
NTail,14,4937,3711,2.966591709427218,8.80066637044231,29.920488,0.3926889500469475
NTail,14,4937,3712,2.899946167365329,8.409687773616863,23.653223,0.3707622761255305
NTail,14,4937,3713,3.8759843229493933,15.023254471749471,85.47915,0.4624606789985525
NTail,14,4937,3714,2.4155576215409,5.834918622984328,19.373314,0.26200459483884203
NTail,14,4937,3715,1.9044092080928232,3.6267744318687343,8.529027,0.17636057879622488
NTail,14,4937,3716,3.640055995009582,13.250007646805196,119.796005,0.5243320373050203
NTail,14,4937,3717,4.00346610363703,16.02774084297066,164.22514,0.6118222857662607
NTail,14,4937,3718,2.888300310033299,8.342278680938447,56.05445,0.2963075675133455
NTail,14,4937,3719,3.8751032527952347,15.01642521982421,103.33485,0.27530366744931595
NTail,14,4937,3720,4.086465538679123,16.69920059881206,70.832214,0.7345057871489109
NTail,14,4937,3721,2.438993169689978,5.948687681794367,8.158696,0.3153185376885058
NTail,14,4937,3722,2.781020776723577,7.734076560568206,5.9773,0.35747729725513944
NTail,14,4937,3723,2.972922444132036,8.838267858824,50.910736,0.17912084436865242
NTail,14,4937,3724,2.9616538014146396,8.771393239433786,17.25314,0.5204836350572606
NTail,14,4937,3725,2.8542060483546026,8.146492166463997,37.80246,0.26574828402266704
NTail,14,4937,3726,3.5572903965887894,12.654314965662833,73.09516,0.2666227586459592
NTail,14,4937,3727,3.896975537057359,15.186418336423491,70.54914,0.459679007728581
NTail,14,4937,3728,3.826034454689287,14.638539648469555,68.27954,0.5006528989742316
NTail,14,4937,3729,3.509017180762675,12.313201574887637,102.90538,0.6212665617802589
NTail,14,4937,3730,3.736547439822117,13.96178677004122,59.710236,0.5586524366251151
NTail,14,4937,3731,2.5609219371270586,6.558321168058606,15.20095,0.1998569867809949
NTail,14,4937,3732,3.008811507260772,9.052946686224843,7.3095703,0.1545337132840144
NTail,14,4937,3733,3.1502797316810347,9.924262387840335,28.775745,0.1307733552120678
NTail,14,4937,3734,4.40395835262308,19.3948491716386,223.93872,0.7232628833357713
NTail,14,4937,3735,2.6575095624911835,7.062357074732082,61.429405,0.245842538757173
NTail,14,4937,3736,3.4357703588956183,11.804517959065732,90.28972,0.2037675844580363
NTail,14,4937,3737,2.8248780792154715,7.979936162432091,20.242826,0.4351753851225459
NTail,14,4937,3738,3.9396147108119144,15.520564069645639,84.331345,0.6034684116766783
NTail,14,4937,3739,2.485030383173987,6.175376005297852,42.728943,0.18304754950853772
NTail,14,4937,3740,2.8389193489027624,8.059463069574486,18.962187,0.07049421421128876
NTail,14,4937,3741,2.320653300221613,5.385431739829464,27.0935,0.1530937584436147
NTail,14,4937,3742,4.275320883961221,18.278368660834957,87.16625,0.6122666221591009
NTail,14,4937,3743,3.4002632949514258,11.561790474993925,105.09502,0.6383541020818552
NTail,14,4937,3744,4.567302302607732,20.860250323405896,210.18527,0.8157119239961477
NTail,14,4937,3745,3.7045954050320784,13.724027114984784,117.67326,0.6804964466837347
NTail,14,4937,3746,4.177385548707729,17.450550022552175,95.38093,0.7771115032844643
NTail,14,4937,3747,3.58966446374599,12.885690962280785,92.18987,0.42638539763493966
NTail,14,4937,3748,3.556135479801095,12.646099550700166,108.00889,0.6270961601282221
NTail,14,4937,3749,3.4610700427974663,11.979005841150055,74.20738,0.4223300789841201
