sequence_name,task_id,seed,frame,rg,rg_sq,ree_sq,asphericity
A1_LCD_plus_2R,18,8814,0,2.636360851841216,6.950398541120941,61.087288,0.33168404603064855
A1_LCD_plus_2R,18,8814,1,2.616707190658266,6.847156521642675,7.28958,0.12891132224582486
A1_LCD_plus_2R,18,8814,2,3.0657890027611945,9.399062209451479,84.91861,0.19846898270293373
A1_LCD_plus_2R,18,8814,3,3.0779752948305172,9.473931915587007,61.37463,0.18044011141568675
A1_LCD_plus_2R,18,8814,4,2.613891912112961,6.8324309282095514,33.7792,0.27039394592630056
A1_LCD_plus_2R,18,8814,5,3.2791928649242243,10.75310584536994,95.724594,0.48040203134868165
A1_LCD_plus_2R,18,8814,6,4.135472026933163,17.102128885546684,94.72944,0.3984012496903233
A1_LCD_plus_2R,18,8814,7,4.456400412701845,19.85950463832917,83.31448,0.7044293029264228
A1_LCD_plus_2R,18,8814,8,3.7812806318842305,14.298083217062807,112.28078,0.7358903380486388
A1_LCD_plus_2R,18,8814,9,2.9002449790229368,8.411420938347755,66.815865,0.5357157931422731
A1_LCD_plus_2R,18,8814,10,2.9496584252388653,8.700484825582622,13.841854,0.42527048152726876
A1_LCD_plus_2R,18,8814,11,3.5517649064615715,12.615033950771972,89.0909,0.4671951896289027
A1_LCD_plus_2R,18,8814,12,4.268534846832963,18.220389738627304,166.43306,0.6917931315374152
A1_LCD_plus_2R,18,8814,13,3.3566066891342907,11.266808465541061,103.83122,0.11506303376482885
A1_LCD_plus_2R,18,8814,14,3.5123662645593794,12.33671677641481,94.67521,0.32785956508513686
A1_LCD_plus_2R,18,8814,15,3.9692367999042206,15.754840773713896,40.220562,0.4122046829551807
A1_LCD_plus_2R,18,8814,16,4.44995412193984,19.802091687369376,110.17818,0.6055111410195861
A1_LCD_plus_2R,18,8814,17,2.417131863766695,5.842526446836254,36.391895,0.1868260821233011
A1_LCD_plus_2R,18,8814,18,3.920760166533077,15.372360283472476,95.70946,0.32338849515755363
A1_LCD_plus_2R,18,8814,19,2.726331063033211,7.4328810652598,24.486479,0.38196530611634244
A1_LCD_plus_2R,18,8814,20,4.397936218259757,19.341842979880926,191.62698,0.511752319955381
A1_LCD_plus_2R,18,8814,21,4.309324750240763,18.570279803037607,198.90486,0.547378201698965
A1_LCD_plus_2R,18,8814,22,2.8127054626568424,7.911312019659641,24.602007,0.14783499020004415
A1_LCD_plus_2R,18,8814,23,2.841831974678584,8.07600897230558,52.089466,0.3299240783347057
A1_LCD_plus_2R,18,8814,24,3.479447253941098,12.10655319295825,48.34787,0.448846723659721
A1_LCD_plus_2R,18,8814,25,5.465387883898689,29.870464721466583,286.63162,0.7736104092352848
A1_LCD_plus_2R,18,8814,26,3.3969011907444107,11.538937699680794,31.490803,0.4573293569564244
A1_LCD_plus_2R,18,8814,27,3.756193997109848,14.108993343924057,113.103546,0.5397789995922907
A1_LCD_plus_2R,18,8814,28,2.8820287524334685,8.306089729853213,59.25784,0.2350622787219323
A1_LCD_plus_2R,18,8814,29,2.1368587010992504,4.566165108463575,19.917122,0.12089749905057834
A1_LCD_plus_2R,18,8814,30,2.735500946081368,7.4829654260120595,21.22826,0.19930348428372782
A1_LCD_plus_2R,18,8814,31,3.5286202709101078,12.451161016277721,153.71524,0.46966755446287556
A1_LCD_plus_2R,18,8814,32,2.365959652109173,5.5977650754085575,23.739893,0.14650353610052935
A1_LCD_plus_2R,18,8814,33,3.132965296781753,9.815471550838781,69.250656,0.5105049495779194
A1_LCD_plus_2R,18,8814,34,3.6511396864088614,13.330821009669805,82.03126,0.3503192443837987
A1_LCD_plus_2R,18,8814,35,2.9330664382422653,8.602878731143171,18.658642,0.24575868940027834
A1_LCD_plus_2R,18,8814,36,4.023412761570348,16.187850249967127,84.54294,0.2618163883186292
A1_LCD_plus_2R,18,8814,37,2.870771262413012,8.241327641096401,1.8645991,0.19400445829976054
A1_LCD_plus_2R,18,8814,38,3.709772519056396,13.762412143146037,121.65376,0.4039947034159386
A1_LCD_plus_2R,18,8814,39,3.4377353142297946,11.818024090702627,19.703402,0.3841364039555942
A1_LCD_plus_2R,18,8814,40,4.014553869007456,16.116642767162727,206.48355,0.7993003899367128
A1_LCD_plus_2R,18,8814,41,4.232167471594932,17.91124150762624,55.000065,0.42497144074204213
A1_LCD_plus_2R,18,8814,42,2.642747387278781,6.984113752968821,24.51135,0.35678941575977735
A1_LCD_plus_2R,18,8814,43,3.5519183799079457,12.616124177527885,58.35041,0.40672350615358865
A1_LCD_plus_2R,18,8814,44,3.7202172797148756,13.840016608289147,134.80623,0.5520142672176686
A1_LCD_plus_2R,18,8814,45,5.239132497902729,27.448509330580492,175.01056,0.7978162720801005
A1_LCD_plus_2R,18,8814,46,3.014253778236692,9.085725839614172,44.609238,0.3033209398856553
A1_LCD_plus_2R,18,8814,47,3.038410565513467,9.23193876462387,43.912514,0.3792703213344905
A1_LCD_plus_2R,18,8814,48,3.0826047660484646,9.50245214366471,43.63547,0.4194794751656311
A1_LCD_plus_2R,18,8814,49,3.1037720942223035,9.633401212873105,77.60596,0.277629619955146
A1_LCD_plus_2R,18,8814,50,2.631128705672902,6.922838265815957,38.310287,0.3024054131421625
A1_LCD_plus_2R,18,8814,51,3.386755037309834,11.470109682743537,144.21156,0.4482137284278831
A1_LCD_plus_2R,18,8814,52,2.9616652195711874,8.771460872817649,37.607727,0.10827577400535912
A1_LCD_plus_2R,18,8814,53,2.6961609629700307,7.269283938243483,60.24896,0.45446975289647085
A1_LCD_plus_2R,18,8814,54,3.058193849805186,9.352549622986265,40.84597,0.450836159716756
A1_LCD_plus_2R,18,8814,55,3.0921858870151686,9.561613559855788,15.298126,0.3499388228915529
A1_LCD_plus_2R,18,8814,56,3.4173277146820955,11.678128709534354,96.87009,0.447554569273485
A1_LCD_plus_2R,18,8814,57,4.1384571267957,17.12682739032612,139.2599,0.7129855309746567
A1_LCD_plus_2R,18,8814,58,2.9369316193702586,8.62556733685681,16.759422,0.22604412379426442
A1_LCD_plus_2R,18,8814,59,3.5610968077235263,12.681410473978689,12.314465,0.6722576635120299
A1_LCD_plus_2R,18,8814,60,4.568472039110116,20.870936772130936,130.32205,0.39878172711966586
A1_LCD_plus_2R,18,8814,61,3.5577662979017113,12.657701030485248,134.59573,0.33466332481965555
A1_LCD_plus_2R,18,8814,62,4.320188301447053,18.664026959959976,128.2247,0.5364745361326038
A1_LCD_plus_2R,18,8814,63,4.847096519167451,23.494344666125233,159.92429,0.7508197122284671
A1_LCD_plus_2R,18,8814,64,3.1687976637263655,10.04127863363767,40.114246,0.32078808068317766
A1_LCD_plus_2R,18,8814,65,4.320784784712798,18.669181155805617,93.14168,0.6407219780635874
A1_LCD_plus_2R,18,8814,66,3.045720150369338,9.27641123436582,23.957127,0.495629159468158
A1_LCD_plus_2R,18,8814,67,3.504529324450182,12.281725785931252,98.99949,0.44375906859001524
A1_LCD_plus_2R,18,8814,68,3.4273099460977745,11.746453466620729,67.106,0.23699827034739063
A1_LCD_plus_2R,18,8814,69,2.9337152434738862,8.606685129791044,55.555042,0.07441919614526098
A1_LCD_plus_2R,18,8814,70,3.0444728322348507,9.268814826216092,65.151,0.2570291866940742
A1_LCD_plus_2R,18,8814,71,2.3835893419129546,5.681498150881031,72.37128,0.2894299589378094
A1_LCD_plus_2R,18,8814,72,2.595781602581383,6.738082128299972,1.6649663,0.1906821818595057
A1_LCD_plus_2R,18,8814,73,4.361648512863444,19.023977749763894,120.50137,0.4003362451622561
A1_LCD_plus_2R,18,8814,74,3.026714717218242,9.161001979425503,60.88778,0.5329933710858858
A1_LCD_plus_2R,18,8814,75,3.303749689887041,10.914762013428719,75.327065,0.5733218789869232
A1_LCD_plus_2R,18,8814,76,3.7701567289936952,14.214081761176436,95.31692,0.4177057821394119
A1_LCD_plus_2R,18,8814,77,3.9006891468680074,15.215375820493858,114.158844,0.6487670843194784
A1_LCD_plus_2R,18,8814,78,3.7390628125791374,13.98059071641221,100.41696,0.6911903547964342
A1_LCD_plus_2R,18,8814,79,4.57346720443917,20.91660227008064,150.5975,0.652497474232123
A1_LCD_plus_2R,18,8814,80,4.180163473417226,17.473766664491563,101.323425,0.6191555456850151
A1_LCD_plus_2R,18,8814,81,2.404603963189547,5.7821202197868775,16.058445,0.09559369463152256
A1_LCD_plus_2R,18,8814,82,2.4903502122611623,6.201844179709216,8.644634,0.21957551774386175
A1_LCD_plus_2R,18,8814,83,2.5564480494519333,6.535426629546594,35.033546,0.533632622146041
A1_LCD_plus_2R,18,8814,84,2.864258018171145,8.203973994657693,56.1821,0.3225091585997163
A1_LCD_plus_2R,18,8814,85,2.8362608999412244,8.044375892535406,52.03213,0.4455750168057162
A1_LCD_plus_2R,18,8814,86,3.4375050067895434,11.816440671703182,36.903763,0.39075092305897197
A1_LCD_plus_2R,18,8814,87,2.6004283813061586,6.762227766302568,56.570866,0.1308331216065267
A1_LCD_plus_2R,18,8814,88,3.536247481957752,12.50504625365254,122.04837,0.5103385868045557
A1_LCD_plus_2R,18,8814,89,4.4886564174684285,20.148036434080502,115.575584,0.4531324304247907
A1_LCD_plus_2R,18,8814,90,3.3632318751152344,11.311328645791138,94.76197,0.34447435596423415
A1_LCD_plus_2R,18,8814,91,3.9184170157154097,15.35399190904806,115.94882,0.6132807938489091
A1_LCD_plus_2R,18,8814,92,3.6984791277073827,13.678747858087164,96.38759,0.29686353717688035
A1_LCD_plus_2R,18,8814,93,4.179483128545951,17.46807922180025,176.35239,0.550581887558007
A1_LCD_plus_2R,18,8814,94,4.001455495414753,16.011646081784935,182.74536,0.640890973684997
A1_LCD_plus_2R,18,8814,95,2.935005729122111,8.614258629979615,46.59207,0.13940901236497688
A1_LCD_plus_2R,18,8814,96,2.8038473330018414,7.86155986678154,21.434025,0.33265156102122184
A1_LCD_plus_2R,18,8814,97,2.2694349504095808,5.150334994140534,1.7405367,0.14943133052430507
A1_LCD_plus_2R,18,8814,98,3.035601975577757,9.214879354131583,67.70314,0.42676904085617023
A1_LCD_plus_2R,18,8814,99,3.4712658122441358,12.049686339254938,45.687973,0.28909640699533257
A1_LCD_plus_2R,18,8814,100,3.428141099678221,11.752151399303004,92.988754,0.40741826703901574
A1_LCD_plus_2R,18,8814,101,5.444945314757232,29.647429480696736,208.9886,0.6806016332728421
A1_LCD_plus_2R,18,8814,102,4.471684008200889,19.995957869199568,166.44046,0.7478158284475426
A1_LCD_plus_2R,18,8814,103,5.3376334226256565,28.49033055433048,252.45624,0.8300456508202076
A1_LCD_plus_2R,18,8814,104,4.112750069964125,16.914713137989917,156.82335,0.5824031480823988
A1_LCD_plus_2R,18,8814,105,4.178940253915966,17.46354164579924,159.43402,0.5940073177117846
A1_LCD_plus_2R,18,8814,106,3.0855853732857033,9.52083709583467,111.30333,0.3543190576575125
A1_LCD_plus_2R,18,8814,107,3.489860325899431,12.179125094286887,140.72943,0.6586493720424451
A1_LCD_plus_2R,18,8814,108,4.943320780284415,24.436420336791702,221.53809,0.7166453490712841
A1_LCD_plus_2R,18,8814,109,3.768485312084657,14.201481547397794,78.72386,0.6920555167359556
A1_LCD_plus_2R,18,8814,110,3.294868875361261,10.856160905824376,92.0719,0.3752047166846347
A1_LCD_plus_2R,18,8814,111,3.0449544137002924,9.271747381512892,11.177326,0.27257104065951515
A1_LCD_plus_2R,18,8814,112,5.864077614840962,34.38740627287886,313.48218,0.8766750311469531
A1_LCD_plus_2R,18,8814,113,3.081048809626701,9.492861767302108,36.47596,0.4194629435071118
A1_LCD_plus_2R,18,8814,114,3.274647843372514,10.723318498104257,74.375114,0.44880198970524476
A1_LCD_plus_2R,18,8814,115,2.6792284467838754,7.178265070055938,1.8441381,0.38304662200986916
A1_LCD_plus_2R,18,8814,116,2.8275590033201,7.995089917256559,51.559578,0.20407532247807542
A1_LCD_plus_2R,18,8814,117,3.7332327562863195,13.937026812609147,131.22528,0.6802619385851336
A1_LCD_plus_2R,18,8814,118,3.404068012807174,11.587679035816985,66.1007,0.4848546709606609
A1_LCD_plus_2R,18,8814,119,3.2165885803022696,10.34644209493097,45.947075,0.4438065638355382
A1_LCD_plus_2R,18,8814,120,3.567053279389713,12.723869098004906,122.63957,0.32240208385904057
A1_LCD_plus_2R,18,8814,121,3.132862455708559,9.814827166388264,27.13857,0.6054320724864874
A1_LCD_plus_2R,18,8814,122,3.6161633863619387,13.07663763686465,19.917568,0.6709541423571022
A1_LCD_plus_2R,18,8814,123,2.583679177517003,6.675398092334936,20.33717,0.1772217896287656
A1_LCD_plus_2R,18,8814,124,2.5810846492751054,6.661997966723594,10.7495575,0.15666904555024241
A1_LCD_plus_2R,18,8814,125,2.3282867266744316,5.420919081608337,5.5050817,0.33016558281911285
A1_LCD_plus_2R,18,8814,126,2.894535655622278,8.378336661668692,68.88476,0.3066101007748406
A1_LCD_plus_2R,18,8814,127,2.9114855533455652,8.47674812733993,17.77193,0.15390262556204454
A1_LCD_plus_2R,18,8814,128,2.213389877074016,4.899094747933728,13.810137,0.1798852577223745
A1_LCD_plus_2R,18,8814,129,4.48881903623559,20.149496340071003,91.432365,0.3537298444802316
A1_LCD_plus_2R,18,8814,130,4.505793250281839,20.30217281428538,81.16232,0.6061659255576113
A1_LCD_plus_2R,18,8814,131,4.166257712637171,17.357703328108713,119.82283,0.7230338572841547
A1_LCD_plus_2R,18,8814,132,3.5327186436135394,12.480101014934686,71.37277,0.5252965401033354
A1_LCD_plus_2R,18,8814,133,4.545647604839967,20.662912147387328,202.22786,0.5493679791153685
A1_LCD_plus_2R,18,8814,134,4.409241554813764,19.441411088696494,133.73308,0.6898361162988212
A1_LCD_plus_2R,18,8814,135,3.88011228255637,15.055271325244801,104.28117,0.37255058479052455
A1_LCD_plus_2R,18,8814,136,3.2374423142856426,10.481032738327176,24.076256,0.34070536413295716
A1_LCD_plus_2R,18,8814,137,2.560008050137216,6.553641216767353,24.523031,0.3164133014231064
A1_LCD_plus_2R,18,8814,138,2.422360296949685,5.867829408238167,50.279408,0.0979112929729612
A1_LCD_plus_2R,18,8814,139,4.104999087565486,16.851017508913472,143.79015,0.284032200021272
A1_LCD_plus_2R,18,8814,140,4.178714267021136,17.461652925405996,92.95906,0.5547090896275321
A1_LCD_plus_2R,18,8814,141,2.677918604055276,7.171248049945359,53.67398,0.2669206939213523
A1_LCD_plus_2R,18,8814,142,2.8772190795333454,8.278389631630713,30.942442,0.3452660723365366
A1_LCD_plus_2R,18,8814,143,3.5165868573036243,12.36638312496058,55.056786,0.252208622475464
A1_LCD_plus_2R,18,8814,144,3.1291233741737368,9.79141309080043,11.8421,0.3914765169311687
A1_LCD_plus_2R,18,8814,145,4.2171267665363334,17.78415816503719,190.64227,0.57190138711421
A1_LCD_plus_2R,18,8814,146,3.344669334742448,11.18681295876649,98.20192,0.596398365269484
A1_LCD_plus_2R,18,8814,147,3.670707152145666,13.474090996813343,122.819786,0.5793038355052508
A1_LCD_plus_2R,18,8814,148,3.4110978875697486,11.635588798582795,11.359187,0.3016538456250625
A1_LCD_plus_2R,18,8814,149,3.7123142058429295,13.78127676290322,101.76294,0.5613383439933907
A1_LCD_plus_2R,18,8814,150,4.451551316789032,19.816309126006164,94.56,0.3121745505040405
A1_LCD_plus_2R,18,8814,151,3.1402902971896354,9.861423150623365,94.628845,0.2350309537486015
A1_LCD_plus_2R,18,8814,152,3.656574130515389,13.37053437195437,47.555832,0.23521610750702582
A1_LCD_plus_2R,18,8814,153,2.3226252780963956,5.3945881824523605,9.585762,0.12232779687052006
A1_LCD_plus_2R,18,8814,154,2.8747889081277838,8.264411266294536,47.118515,0.32464954768775267
A1_LCD_plus_2R,18,8814,155,2.941170119481148,8.650481671728754,25.266512,0.2805666971762466
A1_LCD_plus_2R,18,8814,156,2.8054403170237614,7.870495372382385,31.001308,0.36680008851397705
A1_LCD_plus_2R,18,8814,157,2.97133964966195,8.828859313653197,51.06286,0.2755502519955815
A1_LCD_plus_2R,18,8814,158,3.6493865916203503,13.318022495098399,38.122917,0.718847938185132
A1_LCD_plus_2R,18,8814,159,4.240843933733179,17.98475727028151,104.872856,0.797352213001844
A1_LCD_plus_2R,18,8814,160,3.6913003453014057,13.625698239222277,19.362556,0.3300538831360464
A1_LCD_plus_2R,18,8814,161,5.775847674997827,33.360416364777805,271.88058,0.842257651520182
A1_LCD_plus_2R,18,8814,162,5.583204997861626,31.172178048147032,198.46796,0.7829539870105201
A1_LCD_plus_2R,18,8814,163,4.029567805073314,16.237416695683372,56.620598,0.5768299089194857
A1_LCD_plus_2R,18,8814,164,3.1254738350681426,9.768586693695564,45.50914,0.15477924259236758
A1_LCD_plus_2R,18,8814,165,3.3230939244138904,11.042953230476506,52.204346,0.46580410477789314
A1_LCD_plus_2R,18,8814,166,3.9431770490532,15.5486452401799,95.55313,0.5412453634335477
A1_LCD_plus_2R,18,8814,167,4.55816875637706,20.776902411612,129.67856,0.4144811875886182
A1_LCD_plus_2R,18,8814,168,2.3156520155343703,5.362244257048391,15.7948,0.11952453928363668
A1_LCD_plus_2R,18,8814,169,2.754091013966322,7.585017313210043,94.78331,0.3671173893736746
A1_LCD_plus_2R,18,8814,170,2.7014766585871595,7.297976136891247,22.273218,0.35677780499841866
A1_LCD_plus_2R,18,8814,171,4.0958702312091235,16.776152950905082,46.934387,0.2448486534051996
A1_LCD_plus_2R,18,8814,172,2.741880223571945,7.517907160414944,37.356297,0.17252590432245202
A1_LCD_plus_2R,18,8814,173,3.4918774174466747,12.193207898474057,42.64396,0.41011204623084263
A1_LCD_plus_2R,18,8814,174,2.8836197514575135,8.315262870995895,72.03667,0.19112377823980248
A1_LCD_plus_2R,18,8814,175,3.7061582610919137,13.73560905625984,61.98028,0.5201176531200438
A1_LCD_plus_2R,18,8814,176,2.2364188924550095,5.001569462529693,32.571953,0.11364191597517653
A1_LCD_plus_2R,18,8814,177,2.8817700420143346,8.3045985750513,32.20582,0.3331079112095098
A1_LCD_plus_2R,18,8814,178,3.991482674293512,15.93193393918529,99.095055,0.6924358845708962
A1_LCD_plus_2R,18,8814,179,3.6839749319207202,13.571671299020277,62.593582,0.23123307659537712
A1_LCD_plus_2R,18,8814,180,4.051557284905183,16.415116432868253,127.52635,0.7452286590509152
A1_LCD_plus_2R,18,8814,181,2.4051191715959597,5.784598229578434,7.1102667,0.17662474574883183
A1_LCD_plus_2R,18,8814,182,2.884660926244083,8.321268659399374,32.176373,0.35589713378305643
A1_LCD_plus_2R,18,8814,183,2.8998343035470553,8.409038988028232,22.758186,0.23798441210344298
A1_LCD_plus_2R,18,8814,184,4.022133506554962,16.177557944552117,130.21475,0.3929360787587337
A1_LCD_plus_2R,18,8814,185,3.61610882741028,13.076243051674549,85.37647,0.6401543823421108
A1_LCD_plus_2R,18,8814,186,3.4767523002752303,12.087806557469111,47.220177,0.5253579631902612
A1_LCD_plus_2R,18,8814,187,3.872031676334043,14.99262930253422,86.252975,0.30673011687600443
A1_LCD_plus_2R,18,8814,188,3.351791821005911,11.234508411362123,81.140236,0.11969018660741747
A1_LCD_plus_2R,18,8814,189,2.199300270070844,4.836921677933686,14.054512,0.23818908114652282
A1_LCD_plus_2R,18,8814,190,4.870676279688511,23.72348742152031,184.1549,0.7717768177553801
A1_LCD_plus_2R,18,8814,191,2.7534425163334544,7.581445690752704,11.578292,0.2086587661043956
A1_LCD_plus_2R,18,8814,192,2.521415817401886,6.357537724244423,10.166213,0.3364298353713879
A1_LCD_plus_2R,18,8814,193,3.6947406901816606,13.651108767684054,124.67581,0.17274566264846025
A1_LCD_plus_2R,18,8814,194,3.2036166324728903,10.26315952785694,3.7862327,0.41636754652320207
A1_LCD_plus_2R,18,8814,195,4.944828000551149,24.45132395503467,198.85715,0.6843085958075891
A1_LCD_plus_2R,18,8814,196,4.9528125042646325,24.530351702400097,128.44183,0.7264838745148281
A1_LCD_plus_2R,18,8814,197,2.877732598152971,8.281344906472249,44.131603,0.3044143361662014
A1_LCD_plus_2R,18,8814,198,3.008756809281728,9.052617537399163,49.126293,0.1863769212809658
A1_LCD_plus_2R,18,8814,199,3.901203490585582,15.219388674957132,46.605278,0.5889044781778195
A1_LCD_plus_2R,18,8814,200,3.876761923107595,15.029283008456897,169.60239,0.46076201634436553
A1_LCD_plus_2R,18,8814,201,3.5238082420581303,12.417224526796804,114.696754,0.34795854008159083
A1_LCD_plus_2R,18,8814,202,2.858488944371266,8.170959045092754,17.181274,0.14861252593697533
A1_LCD_plus_2R,18,8814,203,2.6819085134238434,7.19263327437529,13.868172,0.37191335628248257
A1_LCD_plus_2R,18,8814,204,4.165861565435147,17.35440258236978,148.19952,0.6332023336569653
A1_LCD_plus_2R,18,8814,205,2.7632465646775395,7.635531577202224,59.5569,0.5290941083031271
A1_LCD_plus_2R,18,8814,206,3.203295062356615,10.261099256518271,45.972084,0.12948607367344372
A1_LCD_plus_2R,18,8814,207,3.0179139985440613,9.107804902608205,44.96775,0.441308766042591
A1_LCD_plus_2R,18,8814,208,2.8351772637712966,8.038230117005694,37.242153,0.18059650681087477
A1_LCD_plus_2R,18,8814,209,3.2211917976115876,10.376076597000168,49.2045,0.4237483341503274
A1_LCD_plus_2R,18,8814,210,3.4662346831972832,12.014782878999766,87.75731,0.33669042318951226
A1_LCD_plus_2R,18,8814,211,3.148011437892553,9.90997601310234,91.99381,0.36089990360040874
A1_LCD_plus_2R,18,8814,212,4.883126033165553,23.844919855779146,151.00693,0.7320747739325661
A1_LCD_plus_2R,18,8814,213,3.4647963920656597,12.004814038471212,103.11281,0.387654646056652
A1_LCD_plus_2R,18,8814,214,2.8106979008011757,7.900022689568136,17.277992,0.30891450618486316
A1_LCD_plus_2R,18,8814,215,3.686746884211352,13.59210258824211,97.235886,0.31523171643891124
A1_LCD_plus_2R,18,8814,216,3.9476621161205054,15.584036183053028,80.91894,0.45286295477501926
A1_LCD_plus_2R,18,8814,217,3.723941632217861,13.867741280165422,35.363205,0.39197934750060015
A1_LCD_plus_2R,18,8814,218,3.04563369678273,9.275884614978441,60.509655,0.19986177673504568
A1_LCD_plus_2R,18,8814,219,3.744940451115843,14.024578982403728,63.89054,0.5662393051575151
A1_LCD_plus_2R,18,8814,220,3.7940339077030125,14.394693292800191,59.654015,0.5419805108271003
A1_LCD_plus_2R,18,8814,221,2.9578058043804094,8.748615176426442,32.268314,0.16243816987114426
A1_LCD_plus_2R,18,8814,222,2.771263059816175,7.6798989467017105,12.72434,0.16515559138467195
A1_LCD_plus_2R,18,8814,223,3.2326426124313508,10.449978259706986,127.98448,0.584648023577163
A1_LCD_plus_2R,18,8814,224,2.639280127424056,6.965799591015543,3.242326,0.13475058357824757
A1_LCD_plus_2R,18,8814,225,3.2114257976891407,10.313255654063335,37.20076,0.18687024895585158
A1_LCD_plus_2R,18,8814,226,4.93610222239163,24.36510514989959,193.74603,0.7049497613563348
A1_LCD_plus_2R,18,8814,227,4.62207580584067,21.36358475493768,96.246346,0.7119800718778463
A1_LCD_plus_2R,18,8814,228,2.9115916262265817,8.477365797912752,59.15684,0.39823389084003163
A1_LCD_plus_2R,18,8814,229,4.002941152536058,16.023537870666704,60.87974,0.3932911009286626
A1_LCD_plus_2R,18,8814,230,3.2792274557366268,10.753332706456911,105.22682,0.535788956111519
A1_LCD_plus_2R,18,8814,231,3.2875904149217674,10.808250736285478,19.703472,0.2334859462038167
A1_LCD_plus_2R,18,8814,232,2.6644490730816712,7.0992888630457776,17.470732,0.30491446604199895
A1_LCD_plus_2R,18,8814,233,3.5461831119804836,12.575414663695593,126.61575,0.5767772144039143
A1_LCD_plus_2R,18,8814,234,2.4991013885484916,6.245507750244999,46.8606,0.2699469492540317
A1_LCD_plus_2R,18,8814,235,2.5854508927685904,6.684556318917901,7.6935477,0.31395063593691164
A1_LCD_plus_2R,18,8814,236,4.03199107404235,16.256952021157176,35.965145,0.26205523313728274
A1_LCD_plus_2R,18,8814,237,4.934586218421023,24.350141147030705,169.40536,0.7536369606525578
A1_LCD_plus_2R,18,8814,238,4.731187078006666,22.384131167097248,131.57703,0.7112679966110523
A1_LCD_plus_2R,18,8814,239,3.0036068562415306,9.02165414686113,91.884964,0.3119654733777115
A1_LCD_plus_2R,18,8814,240,3.1939783021307093,10.201497394481773,65.59534,0.3765771112333528
A1_LCD_plus_2R,18,8814,241,2.847486346797552,8.108178495198466,22.928003,0.2659924905306219
A1_LCD_plus_2R,18,8814,242,3.720809850993973,13.844425947253795,86.14609,0.41282340691274233
A1_LCD_plus_2R,18,8814,243,3.317051283971377,11.002829220496158,13.499815,0.31126827069253304
A1_LCD_plus_2R,18,8814,244,2.5799147864935494,6.65596030556806,56.32857,0.13959581233939342
A1_LCD_plus_2R,18,8814,245,2.9704619171820164,8.82364400142866,86.46115,0.16352758911172388
A1_LCD_plus_2R,18,8814,246,2.948029727655885,8.69087927514283,17.975166,0.10833392972704073
A1_LCD_plus_2R,18,8814,247,3.406024042059899,11.600999775090054,73.02589,0.17780326485541334
A1_LCD_plus_2R,18,8814,248,4.090106019224578,16.728967248497124,128.62915,0.5371533367508934
A1_LCD_plus_2R,18,8814,249,3.7118103754489145,13.777536263290214,134.70088,0.7549354505246322
A1_LCD_plus_2R,18,8814,250,2.775700993426085,7.704516004906555,18.118364,0.27894894685426674
A1_LCD_plus_2R,18,8814,251,4.491466349915901,20.173269972426862,238.4633,0.5657874694456475
A1_LCD_plus_2R,18,8814,252,3.931438030222327,15.456204985478411,75.47354,0.5895092280619878
A1_LCD_plus_2R,18,8814,253,3.011555361193097,9.069465693530885,64.75156,0.2334961699111308
A1_LCD_plus_2R,18,8814,254,2.701727550529264,7.299331757288856,20.450415,0.10041501436652248
A1_LCD_plus_2R,18,8814,255,3.232351477673137,10.448096075215714,24.494865,0.48972736889234997
A1_LCD_plus_2R,18,8814,256,2.579937505044177,6.6560775299335715,29.970413,0.43273264827478264
A1_LCD_plus_2R,18,8814,257,3.1791930058647906,10.107268168539601,43.93448,0.22385728760521312
A1_LCD_plus_2R,18,8814,258,4.092169219825746,16.745848923689255,144.70819,0.5682549576842175
A1_LCD_plus_2R,18,8814,259,4.38350817055619,19.21514388133287,212.0667,0.7260459883968118
A1_LCD_plus_2R,18,8814,260,2.9535382758938575,8.723388347170063,74.038635,0.44344136489454794
A1_LCD_plus_2R,18,8814,261,3.0832623413906215,9.506506665837579,34.60761,0.25954500314159185
A1_LCD_plus_2R,18,8814,262,3.395239727007084,11.527652803847138,71.15111,0.2947761931264785
A1_LCD_plus_2R,18,8814,263,3.2091225776796346,10.298467718573185,56.370865,0.472540739938748
A1_LCD_plus_2R,18,8814,264,2.7637389317356,7.638252882791034,17.00536,0.1207684785489925
A1_LCD_plus_2R,18,8814,265,4.014004640044985,16.11223325030267,60.374546,0.5488196511598875
A1_LCD_plus_2R,18,8814,266,6.383409297733047,40.74791426238471,284.94003,0.8649332463325646
A1_LCD_plus_2R,18,8814,267,2.474490330223156,6.123102394367902,19.177773,0.19927228663554536
A1_LCD_plus_2R,18,8814,268,2.7737181126134827,7.6935121682400975,58.43798,0.46933536795162223
A1_LCD_plus_2R,18,8814,269,4.132553067462516,17.077994855393857,52.932804,0.36415862057518894
A1_LCD_plus_2R,18,8814,270,3.7620387955970047,14.152935899576962,98.966805,0.5376168177990699
A1_LCD_plus_2R,18,8814,271,3.0123958399001105,9.074528696247494,28.375738,0.277709301688016
A1_LCD_plus_2R,18,8814,272,3.9497769799946116,15.600738191695354,194.00537,0.7416060612684799
A1_LCD_plus_2R,18,8814,273,3.91338648139185,15.314593752740487,84.39928,0.35424202046348685
A1_LCD_plus_2R,18,8814,274,3.431354221431621,11.774191792936602,31.606804,0.21393993065621442
A1_LCD_plus_2R,18,8814,275,3.9213401273383406,15.376908394273872,87.00557,0.4768476595507267
A1_LCD_plus_2R,18,8814,276,3.3742038959846834,11.385251931678221,68.293045,0.3741713746276587
A1_LCD_plus_2R,18,8814,277,3.018958416312573,9.11410991942452,37.43309,0.37896765988799874
A1_LCD_plus_2R,18,8814,278,3.1922626444521356,10.190540791164542,42.033417,0.2559776892199688
A1_LCD_plus_2R,18,8814,279,3.5650676028493855,12.70970701288626,131.38104,0.7357474430558556
A1_LCD_plus_2R,18,8814,280,5.788418905828498,33.505793429352785,366.9161,0.7166651340052722
A1_LCD_plus_2R,18,8814,281,3.2381642128737615,10.485707469536349,83.687584,0.3267740983530749
A1_LCD_plus_2R,18,8814,282,2.507748291227453,6.288801492154212,32.4271,0.4299155203938153
A1_LCD_plus_2R,18,8814,283,2.98896925712862,8.933937220060015,95.56018,0.26012723252667624
A1_LCD_plus_2R,18,8814,284,2.931521056792968,8.59381570642056,16.437641,0.49416409041619325
A1_LCD_plus_2R,18,8814,285,3.8192749765010277,14.586861346126927,112.7699,0.3231525728214194
A1_LCD_plus_2R,18,8814,286,2.9396839976702154,8.641742006158337,21.965752,0.30499414754369314
A1_LCD_plus_2R,18,8814,287,3.7688073668515067,14.203908968434192,34.88533,0.5313127228236705
A1_LCD_plus_2R,18,8814,288,2.777631490184836,7.715236695266431,41.35852,0.17141157609003554
A1_LCD_plus_2R,18,8814,289,2.1886806799818253,4.790323118925704,45.4669,0.2955357958585283
A1_LCD_plus_2R,18,8814,290,3.9457607566406394,15.569027948645312,154.94485,0.3900855051429779
A1_LCD_plus_2R,18,8814,291,3.2376075646919804,10.48210274295074,22.65916,0.2978291970421659
A1_LCD_plus_2R,18,8814,292,2.7172355341030854,7.383368947792482,51.205658,0.33615820422700093
A1_LCD_plus_2R,18,8814,293,2.7641888917833835,7.64074022945865,26.85877,0.24524951410653942
A1_LCD_plus_2R,18,8814,294,2.507066797823842,6.2853839287506945,11.956087,0.18169946960351652
A1_LCD_plus_2R,18,8814,295,3.45784337711517,11.956680820659244,34.512184,0.3675030414754459
A1_LCD_plus_2R,18,8814,296,2.1914606267266508,4.802499678493166,39.135567,0.11696838685804034
A1_LCD_plus_2R,18,8814,297,3.1880309678360077,10.16354145188139,35.517025,0.1774976736818831
A1_LCD_plus_2R,18,8814,298,2.2211438231983047,4.933479883331981,6.9553404,0.13006403898232827
A1_LCD_plus_2R,18,8814,299,4.3072651850111665,18.552533374009275,71.07293,0.22714371606627434
A1_LCD_plus_2R,18,8814,300,3.478536768873579,12.100218052405443,49.961037,0.3300286331141381
A1_LCD_plus_2R,18,8814,301,2.962991349200674,8.77931773543803,7.498369,0.1720905090737335
A1_LCD_plus_2R,18,8814,302,3.053246227271702,9.322312524348884,36.51305,0.2510488391055389
A1_LCD_plus_2R,18,8814,303,3.6555086097770473,13.362743196154124,116.58971,0.4951664156578409
A1_LCD_plus_2R,18,8814,304,5.0448522154551005,25.450533875782234,242.14001,0.7781571666531182
A1_LCD_plus_2R,18,8814,305,4.402424109369482,19.381338038757676,128.62474,0.7292778475111997
A1_LCD_plus_2R,18,8814,306,3.870330445488681,14.97945775727661,101.150894,0.6059603825410154
A1_LCD_plus_2R,18,8814,307,4.2955399635339715,18.451663578317433,53.87298,0.6726881921809303
A1_LCD_plus_2R,18,8814,308,3.000699008662966,9.004194540590907,99.0231,0.3672000315199742
A1_LCD_plus_2R,18,8814,309,3.1182080381415216,9.723221369130398,79.359665,0.5461781564340225
A1_LCD_plus_2R,18,8814,310,2.9529545488355655,8.719940567488658,35.341293,0.3967791130215799
A1_LCD_plus_2R,18,8814,311,5.255330351041265,27.61849709857551,273.52423,0.7386045158629525
A1_LCD_plus_2R,18,8814,312,3.8855987233026363,15.097877438531075,101.85607,0.40625267362201534
A1_LCD_plus_2R,18,8814,313,3.833338369031606,14.694483051489893,139.82549,0.625093260440986
A1_LCD_plus_2R,18,8814,314,3.6344939351420797,13.209546164584559,23.356861,0.5763976235619238
A1_LCD_plus_2R,18,8814,315,3.351563587275992,11.232978479554314,82.86742,0.49897371110204497
A1_LCD_plus_2R,18,8814,316,3.0599291008908502,9.363166102478685,66.88033,0.20101190463683116
A1_LCD_plus_2R,18,8814,317,3.024622365306646,9.148340452713173,48.884747,0.2180092194639358
A1_LCD_plus_2R,18,8814,318,2.9328277697739824,8.601478727157431,84.33709,0.1908121857945685
A1_LCD_plus_2R,18,8814,319,3.5780090176555626,12.802148530424525,107.54691,0.6944876536209075
A1_LCD_plus_2R,18,8814,320,2.5201692881333035,6.351253240850323,1.6819026,0.3035201857933503
A1_LCD_plus_2R,18,8814,321,3.486219406556058,12.15372575064807,122.004776,0.4948812019511618
A1_LCD_plus_2R,18,8814,322,3.912948133894104,15.31116309854535,147.73445,0.5904583554614737
A1_LCD_plus_2R,18,8814,323,2.738250236182655,7.498014355954366,55.436058,0.4198735087215061
A1_LCD_plus_2R,18,8814,324,5.03298681135255,25.330956243248714,240.09464,0.7873185475825074
A1_LCD_plus_2R,18,8814,325,3.8837637801009652,15.083621099624137,88.07767,0.5977997128347856
A1_LCD_plus_2R,18,8814,326,4.96004602884417,24.60205660825281,163.20537,0.8080540903224057
A1_LCD_plus_2R,18,8814,327,3.0994372371002,9.606511186723319,28.007612,0.30654823292727185
A1_LCD_plus_2R,18,8814,328,3.8187822208286573,14.583097650117052,143.78232,0.5934133564271723
A1_LCD_plus_2R,18,8814,329,2.579863188763817,6.655694072738612,23.225563,0.33342738852961507
A1_LCD_plus_2R,18,8814,330,2.8127470315520857,7.911545863505069,40.50943,0.3907897460880646
A1_LCD_plus_2R,18,8814,331,3.1436867805862247,9.882766574432582,54.20333,0.43259966751422957
A1_LCD_plus_2R,18,8814,332,3.9262730847656533,15.4156203361552,97.20549,0.5006244950702621
A1_LCD_plus_2R,18,8814,333,3.2284743760901584,10.423046797070738,53.34795,0.16040481908245727
A1_LCD_plus_2R,18,8814,334,2.8129571260831643,7.912727793182056,3.474191,0.4134231782289225
A1_LCD_plus_2R,18,8814,335,3.7590398514129015,14.13038060451033,109.55289,0.5394991591558878
A1_LCD_plus_2R,18,8814,336,3.1489457070442883,9.915859065912654,41.119244,0.3838618213781046
A1_LCD_plus_2R,18,8814,337,3.176990666526101,10.093269695193959,81.00756,0.4366224350345918
A1_LCD_plus_2R,18,8814,338,2.374172914527943,5.636697028078109,36.965847,0.0730155763293162
A1_LCD_plus_2R,18,8814,339,2.862780100437455,8.195509903460687,97.58974,0.3053365843464305
A1_LCD_plus_2R,18,8814,340,2.84972191770209,8.120915008231679,52.674873,0.22483483131400206
A1_LCD_plus_2R,18,8814,341,2.4910998494350385,6.205578459855272,46.868176,0.5126412085116545
A1_LCD_plus_2R,18,8814,342,2.8116792915549618,7.9055404385590125,17.328388,0.2717814781484016
A1_LCD_plus_2R,18,8814,343,2.7077155136467073,7.33172330284305,63.50596,0.17318698582369207
A1_LCD_plus_2R,18,8814,344,4.032506786733383,16.261110985050795,109.2117,0.47730680170945716
A1_LCD_plus_2R,18,8814,345,3.099082567366412,9.604312759354393,35.812347,0.3240022236204636
A1_LCD_plus_2R,18,8814,346,3.7437415089089967,14.01560048552821,145.95975,0.5439873783136524
A1_LCD_plus_2R,18,8814,347,3.2009752015616977,10.246242241012954,25.662333,0.1783562665854841
A1_LCD_plus_2R,18,8814,348,3.2257460188279863,10.405437377984605,36.184635,0.3156268202885647
A1_LCD_plus_2R,18,8814,349,3.5357790670595484,12.50173361105649,92.87942,0.4510181506798876
A1_LCD_plus_2R,18,8814,350,3.7252913622879835,13.877795733937464,55.875713,0.6576424672838461
A1_LCD_plus_2R,18,8814,351,4.285080793295855,18.36191740507303,113.77799,0.5424781482870255
A1_LCD_plus_2R,18,8814,352,5.372803096856932,28.86701311759543,168.73593,0.8978723337862407
A1_LCD_plus_2R,18,8814,353,2.878737112810054,8.287127364669963,13.536288,0.23900860484868292
A1_LCD_plus_2R,18,8814,354,3.4802551356318463,12.11217580909184,103.494995,0.3735408879342751
A1_LCD_plus_2R,18,8814,355,3.899386816112712,15.205217541673633,105.036285,0.6597993359945739
A1_LCD_plus_2R,18,8814,356,3.812018511901068,14.531485135076434,91.54593,0.46350230241990953
A1_LCD_plus_2R,18,8814,357,3.2417122100698568,10.508698052915994,31.08745,0.2382951932952093
A1_LCD_plus_2R,18,8814,358,2.313967905750655,5.3544474688440715,32.258877,0.07228014669103758
A1_LCD_plus_2R,18,8814,359,2.9867560619239,8.920711773439162,34.894917,0.42244981981766355
A1_LCD_plus_2R,18,8814,360,2.882062487835897,8.30628418379084,24.167253,0.40164865794430804
A1_LCD_plus_2R,18,8814,361,3.681205496155138,13.551273904922796,72.455505,0.6267088017827018
A1_LCD_plus_2R,18,8814,362,3.5952477788446893,12.925806591287673,77.4853,0.35416059600839545
A1_LCD_plus_2R,18,8814,363,5.1205286059260695,26.21981320410718,152.20107,0.778753616644923
A1_LCD_plus_2R,18,8814,364,3.576967098448719,12.794693623384651,53.64788,0.46072437156638635
A1_LCD_plus_2R,18,8814,365,2.6165239652327346,6.846197660637234,27.22843,0.19842959815902972
A1_LCD_plus_2R,18,8814,366,2.5551763406554033,6.52892613184514,50.79456,0.3018105555839672
A1_LCD_plus_2R,18,8814,367,3.075660360122652,9.459686650829802,27.103397,0.316916773294987
A1_LCD_plus_2R,18,8814,368,3.4271242661803067,11.74518073584191,57.769867,0.44000045469475646
A1_LCD_plus_2R,18,8814,369,4.528983108743477,20.51168799928374,154.99168,0.6394394747170545
A1_LCD_plus_2R,18,8814,370,3.6308699175756014,13.183216358355455,79.33567,0.4524329731522657
A1_LCD_plus_2R,18,8814,371,3.036273544367287,9.218957036224683,26.094345,0.2347645918337295
A1_LCD_plus_2R,18,8814,372,3.447368284972662,11.884348092235353,36.4194,0.3587101146327127
A1_LCD_plus_2R,18,8814,373,3.9283653813808947,15.432054569631864,97.02942,0.6746199624073792
A1_LCD_plus_2R,18,8814,374,4.79565856026035,22.998341026598368,167.60762,0.4946104710490884
A1_LCD_plus_2R,18,8814,375,3.2015105309600544,10.249669679848132,50.036346,0.4809176699287252
A1_LCD_plus_2R,18,8814,376,2.701106220642555,7.295974815193906,20.477345,0.14836347322039786
A1_LCD_plus_2R,18,8814,377,2.5822805721017192,6.668172953053982,19.478338,0.1824069492876743
A1_LCD_plus_2R,18,8814,378,2.726836620713547,7.4356379560644745,6.1309247,0.30398015036815085
A1_LCD_plus_2R,18,8814,379,4.227540889818648,17.872101975088647,85.81406,0.5996588056503028
A1_LCD_plus_2R,18,8814,380,3.271575684217852,10.70320745756551,98.039345,0.4944466471349937
A1_LCD_plus_2R,18,8814,381,2.639730377962671,6.968176468338947,34.92581,0.44360652909547527
A1_LCD_plus_2R,18,8814,382,2.8713382910063245,8.244583581399121,14.374825,0.19615905563369962
A1_LCD_plus_2R,18,8814,383,4.555828062570669,20.755569335706415,238.60434,0.7206929598537373
A1_LCD_plus_2R,18,8814,384,4.0526476333338834,16.42395283996673,71.67589,0.6042039258109954
A1_LCD_plus_2R,18,8814,385,4.001075018441116,16.00860130319358,128.9851,0.567325654522618
A1_LCD_plus_2R,18,8814,386,3.1460633663530158,9.89771470510847,118.26428,0.30004477259938983
A1_LCD_plus_2R,18,8814,387,2.7304759447204168,7.45549888469685,26.820868,0.1983833617590134
A1_LCD_plus_2R,18,8814,388,2.8562155003578864,8.15796698448465,73.780495,0.5285116111840108
A1_LCD_plus_2R,18,8814,389,3.581657645846044,12.828271492047431,111.338264,0.4696282202114842
A1_LCD_plus_2R,18,8814,390,3.258224879121671,10.616029362927428,97.65135,0.5105893285199019
A1_LCD_plus_2R,18,8814,391,4.272503395804655,18.254285267162306,170.34866,0.6629347305723572
A1_LCD_plus_2R,18,8814,392,3.923924525118782,15.39718367882866,81.371086,0.6937957604707135
A1_LCD_plus_2R,18,8814,393,4.279879126248462,18.317365335297293,165.63148,0.6920103368733623
A1_LCD_plus_2R,18,8814,394,3.2378299810121396,10.48354298594107,62.770943,0.546416285960241
A1_LCD_plus_2R,18,8814,395,3.698951193178215,13.682239929514541,157.25204,0.3667937179477147
A1_LCD_plus_2R,18,8814,396,3.3805495821766245,11.428115477554549,42.246246,0.45967739675623587
A1_LCD_plus_2R,18,8814,397,4.77675944368331,22.81743078281769,162.60112,0.8077234776224473
A1_LCD_plus_2R,18,8814,398,4.184472724693946,17.50981198370758,184.79541,0.7637131509120751
A1_LCD_plus_2R,18,8814,399,3.321810850978782,11.034427329680376,107.5768,0.5959276377182359
A1_LCD_plus_2R,18,8814,400,2.937053580858941,8.626283736836326,46.46497,0.23586466472480017
A1_LCD_plus_2R,18,8814,401,2.312804632829359,5.349065269636945,18.488413,0.16686115435691867
A1_LCD_plus_2R,18,8814,402,2.8772343848464157,8.278477705342532,57.10636,0.33945967449604797
A1_LCD_plus_2R,18,8814,403,2.843041842302384,8.082886917082133,16.472313,0.17385109448903435
A1_LCD_plus_2R,18,8814,404,2.519676478342852,6.348769555514238,26.03356,0.17274683404756186
A1_LCD_plus_2R,18,8814,405,2.3743452321188223,5.637515281285385,22.937046,0.2509220260810926
A1_LCD_plus_2R,18,8814,406,2.9071091104964046,8.451283380331196,30.125658,0.22499140123653538
A1_LCD_plus_2R,18,8814,407,2.8936461025864757,8.3731877670139,65.74011,0.4625441441163049
A1_LCD_plus_2R,18,8814,408,5.547171151358602,30.771107782465116,230.9968,0.8742762084918989
A1_LCD_plus_2R,18,8814,409,4.522013459589166,20.448605728705584,173.60815,0.6406635490457273
A1_LCD_plus_2R,18,8814,410,3.4391279869748406,11.827601310793618,79.151245,0.15465414748013886
A1_LCD_plus_2R,18,8814,411,2.633133062227418,6.933389723395137,38.964256,0.12527104656428487
A1_LCD_plus_2R,18,8814,412,4.084721225722988,16.684947491871903,142.2388,0.3998321097515587
A1_LCD_plus_2R,18,8814,413,3.859699452801235,14.89727986595416,156.86789,0.33900494105805806
A1_LCD_plus_2R,18,8814,414,2.516516469734991,6.332855142447463,53.270615,0.3549301492945637
A1_LCD_plus_2R,18,8814,415,3.320203145755008,11.02374892908145,109.68738,0.09344242085656695
A1_LCD_plus_2R,18,8814,416,2.963841443983698,8.784356105075371,42.421963,0.3621647174030552
A1_LCD_plus_2R,18,8814,417,2.8754329982867874,8.268114927636544,19.520126,0.3603281812020934
A1_LCD_plus_2R,18,8814,418,3.599490856702724,12.956334427486516,76.938354,0.49756998762948557
A1_LCD_plus_2R,18,8814,419,3.248722312000635,10.55419666049075,117.46091,0.545492225482238
A1_LCD_plus_2R,18,8814,420,3.721785067397342,13.851684087901841,105.71578,0.4025468374699196
A1_LCD_plus_2R,18,8814,421,2.9223834031758957,8.540324755157933,51.221684,0.4219511834322522
A1_LCD_plus_2R,18,8814,422,3.4936225070504485,12.205398221769457,40.452263,0.4048839312528195
A1_LCD_plus_2R,18,8814,423,4.157992894554786,17.288904911168085,160.10262,0.727148850135506
A1_LCD_plus_2R,18,8814,424,4.8914319679866685,23.926106697441927,172.92612,0.7147367992008141
A1_LCD_plus_2R,18,8814,425,5.184448154752303,26.87850266931456,240.98964,0.8456665761476185
A1_LCD_plus_2R,18,8814,426,3.0021076340024333,9.012650246135685,88.73894,0.4096979633437097
A1_LCD_plus_2R,18,8814,427,3.2010914429000934,10.246986425808203,38.4639,0.4360120999356019
A1_LCD_plus_2R,18,8814,428,3.966258248717385,15.7312044955187,39.51523,0.28998902830168666
A1_LCD_plus_2R,18,8814,429,3.7728357495787694,14.234289593299597,135.80557,0.5898187824945572
A1_LCD_plus_2R,18,8814,430,3.0548796094985193,9.33228942852983,43.406067,0.18987191532800485
A1_LCD_plus_2R,18,8814,431,3.2757648584792434,10.73063540804754,83.32268,0.5016934061662783
A1_LCD_plus_2R,18,8814,432,3.37317699120329,11.37832301398328,8.572792,0.2905624210379124
A1_LCD_plus_2R,18,8814,433,2.318262928106205,5.374343003831555,32.787624,0.19268136509067318
A1_LCD_plus_2R,18,8814,434,2.6740607398189886,7.150600840241278,32.11866,0.1536202068952797
A1_LCD_plus_2R,18,8814,435,2.383931701211594,5.683130356041604,11.91916,0.06147875626593134
A1_LCD_plus_2R,18,8814,436,2.870927649774818,8.242225570241557,34.433666,0.35179389060659444
A1_LCD_plus_2R,18,8814,437,3.9249518891278976,15.405247331968651,196.7047,0.729401665886903
A1_LCD_plus_2R,18,8814,438,3.6329684951256263,13.198460086575357,105.92715,0.2912885620644394
A1_LCD_plus_2R,18,8814,439,3.6969884473795567,13.667723580057906,73.81991,0.46506971245043616
A1_LCD_plus_2R,18,8814,440,4.620842653812763,21.35218683129538,143.72849,0.6970597602875668
A1_LCD_plus_2R,18,8814,441,3.743708614568307,14.015354190792957,105.2088,0.40492787411682385
A1_LCD_plus_2R,18,8814,442,4.68252159176094,21.92600845730741,233.98592,0.7953323057799512
A1_LCD_plus_2R,18,8814,443,3.960270960998131,15.68374608452506,125.40785,0.6500318128867062
A1_LCD_plus_2R,18,8814,444,5.1772577455727795,26.803997764093335,184.36823,0.44992551669696845
A1_LCD_plus_2R,18,8814,445,3.433885846442706,11.791572006399539,68.7881,0.432031480226196
A1_LCD_plus_2R,18,8814,446,3.289154291587039,10.81853595386544,18.313847,0.36199639001629075
A1_LCD_plus_2R,18,8814,447,3.201339120164188,10.248572162293614,36.394432,0.24767923584256452
A1_LCD_plus_2R,18,8814,448,3.861896395962326,14.914243773146802,56.963646,0.6121704282895903
A1_LCD_plus_2R,18,8814,449,3.150772402972518,9.927366735333216,53.42634,0.23578072583291665
A1_LCD_plus_2R,18,8814,450,3.3270567230381407,11.069306438313294,21.894268,0.34508474516451637
A1_LCD_plus_2R,18,8814,451,3.3403360079211595,11.15784464581467,36.6336,0.3959302030289066
A1_LCD_plus_2R,18,8814,452,2.2685416003181813,5.146280992374175,17.730282,0.15740317922408237
A1_LCD_plus_2R,18,8814,453,4.149332040694601,17.216956383934818,129.45824,0.4033513172235609
A1_LCD_plus_2R,18,8814,454,3.884879027919202,15.092285061566445,77.628944,0.3890312724113504
A1_LCD_plus_2R,18,8814,455,2.908432714305049,8.458980853639835,12.971738,0.29095501874721497
A1_LCD_plus_2R,18,8814,456,2.6317622766880295,6.926172680998163,42.304527,0.1581223329110106
A1_LCD_plus_2R,18,8814,457,2.853548260835654,8.142737676918186,62.034008,0.4128073437392179
A1_LCD_plus_2R,18,8814,458,3.290833121826385,10.82958263570959,106.320305,0.44583630179857703
A1_LCD_plus_2R,18,8814,459,2.9379957094358837,8.63181878866366,68.64239,0.3754557207830497
A1_LCD_plus_2R,18,8814,460,3.1209278748710427,9.740190800147083,32.413452,0.07452939827865963
A1_LCD_plus_2R,18,8814,461,2.3901478783429435,5.712806880347276,43.139194,0.10365730282400257
A1_LCD_plus_2R,18,8814,462,3.9343669577672986,15.479243358371106,110.02853,0.5851132963442095
A1_LCD_plus_2R,18,8814,463,3.6560277056457986,13.366538584449685,81.278244,0.7408584855881659
A1_LCD_plus_2R,18,8814,464,3.466395258425155,12.015896087632397,93.64375,0.45973098486252373
A1_LCD_plus_2R,18,8814,465,3.51466153767378,12.352845724403418,33.357407,0.2916643366044864
A1_LCD_plus_2R,18,8814,466,2.278290894415149,5.19060939957498,12.1837635,0.07046478067513386
A1_LCD_plus_2R,18,8814,467,3.1571379513232785,9.967520043685749,68.07609,0.37783026767097977
A1_LCD_plus_2R,18,8814,468,3.6481353341730474,13.308891416441892,124.04792,0.40484331525756967
A1_LCD_plus_2R,18,8814,469,2.852312532524996,8.135686783199159,68.354454,0.44539718062624845
A1_LCD_plus_2R,18,8814,470,3.3706293045977116,11.361141909012847,57.3879,0.29206085241114993
A1_LCD_plus_2R,18,8814,471,2.909713972408028,8.466435401226503,53.635895,0.42952639793067304
A1_LCD_plus_2R,18,8814,472,3.109221099910192,9.667255848126741,86.4562,0.2573003935154202
A1_LCD_plus_2R,18,8814,473,3.658043306863694,13.381280834890271,89.01122,0.35275033564179004
A1_LCD_plus_2R,18,8814,474,5.1054753710465395,26.06587876436281,217.4952,0.7469991819491755
A1_LCD_plus_2R,18,8814,475,4.1177019390663405,16.9554692589907,217.80525,0.5824859754227598
A1_LCD_plus_2R,18,8814,476,3.651239068700935,13.331546736808066,84.0895,0.3811328762089124
A1_LCD_plus_2R,18,8814,477,3.5647665958732873,12.707560883054025,105.46944,0.3923608053125509
A1_LCD_plus_2R,18,8814,478,2.937757175610492,8.630417222850935,51.14273,0.22229281016591879
A1_LCD_plus_2R,18,8814,479,3.970889646123596,15.767964581691585,91.00505,0.42561617717040623
A1_LCD_plus_2R,18,8814,480,3.1928492599733875,10.194286396912611,15.770107,0.16623963709911802
A1_LCD_plus_2R,18,8814,481,4.144014944571618,17.172859860832904,146.37064,0.5566104215352597
A1_LCD_plus_2R,18,8814,482,4.063080276629529,16.508621334335896,99.80339,0.5630590350220886
A1_LCD_plus_2R,18,8814,483,3.785975162698891,14.333607932572898,68.683136,0.7209842583790734
A1_LCD_plus_2R,18,8814,484,3.718994425322794,13.830919535582018,80.431595,0.43456796025175315
A1_LCD_plus_2R,18,8814,485,4.747824883126144,22.54184112083178,209.7611,0.7029919976972228
A1_LCD_plus_2R,18,8814,486,3.688745573253716,13.606843904198882,66.03018,0.40161911523813726
A1_LCD_plus_2R,18,8814,487,2.644644510508165,6.994144586960973,9.453723,0.39480182539100367
A1_LCD_plus_2R,18,8814,488,3.4800988751425557,12.111088180768482,136.35861,0.4532822429161135
A1_LCD_plus_2R,18,8814,489,4.004613894931224,16.036932447476225,114.49489,0.2568406324731336
A1_LCD_plus_2R,18,8814,490,3.3093564721773494,10.951840259942111,40.10951,0.5142065089076854
A1_LCD_plus_2R,18,8814,491,2.5160730889638465,6.330623789008071,36.955368,0.3933427973416793
A1_LCD_plus_2R,18,8814,492,2.371988827906375,5.626330999712657,22.732594,0.3887681399584988
A1_LCD_plus_2R,18,8814,493,3.8432209566743674,14.77034732182104,100.14895,0.6705505161594365
A1_LCD_plus_2R,18,8814,494,3.6985129004232613,13.67899767459728,31.355604,0.42184088740748193
A1_LCD_plus_2R,18,8814,495,4.8634277972979545,23.65292993953043,196.25125,0.7581110374136425
A1_LCD_plus_2R,18,8814,496,3.5472625228509633,12.583071406022986,27.612242,0.5843448852575323
A1_LCD_plus_2R,18,8814,497,3.3576231410874535,11.273633157565978,26.684866,0.36507046902537793
A1_LCD_plus_2R,18,8814,498,4.009988448597417,16.080007357884718,74.42995,0.6663840643063448
A1_LCD_plus_2R,18,8814,499,4.155991521010067,17.27226552270757,110.95417,0.6746521267563812
A1_LCD_plus_2R,18,8814,500,4.322768956938496,18.68633145507114,105.350914,0.5519246881578269
A1_LCD_plus_2R,18,8814,501,4.750958830220979,22.571609806454696,226.76825,0.7520286650825625
A1_LCD_plus_2R,18,8814,502,2.9561144184986468,8.738612455255591,91.068016,0.5752713618166743
A1_LCD_plus_2R,18,8814,503,3.732095037630287,13.92853336990462,138.76752,0.6174318990639067
A1_LCD_plus_2R,18,8814,504,3.5168464200892617,12.368208742494655,18.92249,0.21354031359982195
A1_LCD_plus_2R,18,8814,505,3.8304799517343406,14.672576660638722,69.65822,0.44962640496515793
A1_LCD_plus_2R,18,8814,506,3.447018146933567,11.881934105289323,115.60449,0.3227073826551398
A1_LCD_plus_2R,18,8814,507,4.186892422867287,17.530068160663493,143.67438,0.7174795130949122
A1_LCD_plus_2R,18,8814,508,3.6812760652254397,13.551793468401694,92.61955,0.43141192674349216
A1_LCD_plus_2R,18,8814,509,2.9903831080004233,8.942391132614267,29.063513,0.1111549943573404
A1_LCD_plus_2R,18,8814,510,3.4618595307601976,11.98447141071522,68.352425,0.355824040318646
A1_LCD_plus_2R,18,8814,511,3.825352919714576,14.633324960368826,68.2637,0.39734378267410864
A1_LCD_plus_2R,18,8814,512,3.4262337847893867,11.739077948032206,60.87163,0.2974173462063125
A1_LCD_plus_2R,18,8814,513,3.767012408304927,14.190382484323282,133.35826,0.6538353388866578
A1_LCD_plus_2R,18,8814,514,4.792553194504671,22.96856612215693,201.39145,0.7044276334050864
A1_LCD_plus_2R,18,8814,515,2.9340539200252254,8.608672405615392,35.805424,0.32463220228367917
A1_LCD_plus_2R,18,8814,516,4.444343708261632,19.752190997164764,169.03044,0.8108538503123842
A1_LCD_plus_2R,18,8814,517,3.3833923706917806,11.447343934055347,118.928505,0.47530237089697147
A1_LCD_plus_2R,18,8814,518,2.6879427040168546,7.22503598007744,39.329964,0.09272516449034578
A1_LCD_plus_2R,18,8814,519,3.746577578850529,14.036843554345488,92.474884,0.48362729284495093
A1_LCD_plus_2R,18,8814,520,3.34561919257526,11.193167781727931,127.70645,0.5827715419151858
A1_LCD_plus_2R,18,8814,521,4.4820050974506485,20.08836969357359,121.58032,0.6036713349999554
A1_LCD_plus_2R,18,8814,522,3.707922607775973,13.748690065256167,92.51593,0.633105956674048
A1_LCD_plus_2R,18,8814,523,3.5911266700375752,12.896190760255163,38.647633,0.31688013801036036
A1_LCD_plus_2R,18,8814,524,2.871778672136409,8.247112741737558,6.674943,0.4129176082010031
A1_LCD_plus_2R,18,8814,525,3.9170982503143534,15.343658702615768,35.73842,0.47823999388027716
A1_LCD_plus_2R,18,8814,526,3.698739171987013,13.680671462391173,71.52525,0.4095768069880935
A1_LCD_plus_2R,18,8814,527,2.9347023634755196,8.612477962188802,81.10658,0.44880412257156116
A1_LCD_plus_2R,18,8814,528,4.031608860272387,16.253870002226815,184.95752,0.6688902509061928
A1_LCD_plus_2R,18,8814,529,3.2262623696025075,10.408768877513184,94.72838,0.4126917461370101
A1_LCD_plus_2R,18,8814,530,2.8123247589172005,7.90917054961869,15.9822035,0.11119717857778344
A1_LCD_plus_2R,18,8814,531,4.1903186627019124,17.558770494987943,106.678406,0.5290337081754913
A1_LCD_plus_2R,18,8814,532,4.868586413048207,23.703133661317608,214.10632,0.776157516704143
A1_LCD_plus_2R,18,8814,533,3.047561874800962,9.287633380740354,47.123726,0.3989738331758181
A1_LCD_plus_2R,18,8814,534,2.8303639024736076,8.01095982042563,80.21773,0.4063336445858201
A1_LCD_plus_2R,18,8814,535,3.1241563596862796,9.760352959768225,134.64624,0.3963469924720811
A1_LCD_plus_2R,18,8814,536,3.7781690681146536,14.274561507258351,103.45689,0.5667011602629696
A1_LCD_plus_2R,18,8814,537,3.080664697753934,9.490494979987336,56.53297,0.15687034895656654
A1_LCD_plus_2R,18,8814,538,2.7269822960190524,7.436432442801342,30.86786,0.18051654108228274
A1_LCD_plus_2R,18,8814,539,2.8166842939536774,7.933710411805324,51.656246,0.5679655470092864
A1_LCD_plus_2R,18,8814,540,4.071027943943312,16.57326852036731,171.79404,0.7565333553946423
A1_LCD_plus_2R,18,8814,541,3.260381607212709,10.630088224650923,78.45123,0.5177790136906452
A1_LCD_plus_2R,18,8814,542,3.9039446805741598,15.24078406898328,98.60369,0.4088972946571124
A1_LCD_plus_2R,18,8814,543,4.018222297004297,16.146110428142492,53.48311,0.5512434253672023
A1_LCD_plus_2R,18,8814,544,3.914848091785205,15.326035581754258,88.173386,0.43962431619784625
A1_LCD_plus_2R,18,8814,545,4.546086392038415,20.666901483876856,210.4956,0.7893728885553648
A1_LCD_plus_2R,18,8814,546,4.264877291489878,18.189178311466033,98.504776,0.289275495231284
A1_LCD_plus_2R,18,8814,547,4.681461444008294,21.916081251736223,168.40555,0.5765919425919912
A1_LCD_plus_2R,18,8814,548,4.376769603242993,19.156112159871828,91.953094,0.7068344640298343
A1_LCD_plus_2R,18,8814,549,2.6673271930142985,7.1146343545935355,12.794582,0.4015460173877937
A1_LCD_plus_2R,18,8814,550,2.491951817360059,6.2098238600441,9.03104,0.11991841478617415
A1_LCD_plus_2R,18,8814,551,3.215095105718325,10.33683653881393,37.005802,0.2459982502161255
A1_LCD_plus_2R,18,8814,552,3.0534084396269376,9.32330309918501,27.383627,0.3892964186731088
A1_LCD_plus_2R,18,8814,553,3.1506156749169825,9.92637913103259,65.61728,0.41835709588047293
A1_LCD_plus_2R,18,8814,554,4.537514247660033,20.589035547717796,150.13554,0.586998053971827
A1_LCD_plus_2R,18,8814,555,3.1505620739282687,9.926041381675196,37.06883,0.33800573915912846
A1_LCD_plus_2R,18,8814,556,3.3579631051378427,11.275916215466982,27.76569,0.3326936238228315
A1_LCD_plus_2R,18,8814,557,3.85398485165677,14.85319923679985,100.42407,0.5614651578913883
A1_LCD_plus_2R,18,8814,558,3.821751884575467,14.60578746725613,170.48714,0.6830138083051316
A1_LCD_plus_2R,18,8814,559,4.268162313892912,18.217209537735698,98.481606,0.5711712489986056
A1_LCD_plus_2R,18,8814,560,3.4638690972465005,11.998389122859283,78.59585,0.2711778412491072
A1_LCD_plus_2R,18,8814,561,3.8995595276568915,15.206564509739643,65.138374,0.297531906680365
A1_LCD_plus_2R,18,8814,562,3.3310107385517114,11.095632540346816,116.44793,0.6240902543750251
A1_LCD_plus_2R,18,8814,563,3.2071705430982544,10.285942892517154,47.62481,0.5207568909058486
A1_LCD_plus_2R,18,8814,564,3.3458323421716223,11.194594061921643,72.12394,0.41487445143733065
A1_LCD_plus_2R,18,8814,565,4.721878567833451,22.296137209364872,154.7703,0.5910076535384985
A1_LCD_plus_2R,18,8814,566,4.233191844549355,17.919913192759164,175.74152,0.5851301913541131
A1_LCD_plus_2R,18,8814,567,3.167749655575352,10.034637880397757,24.791008,0.6547721905236127
A1_LCD_plus_2R,18,8814,568,2.9756621463851354,8.854565209429389,18.697954,0.4016725306257759
A1_LCD_plus_2R,18,8814,569,2.855592863831294,8.15441060396421,18.54469,0.23302382684898004
A1_LCD_plus_2R,18,8814,570,3.061548177989212,9.37307724614906,58.657425,0.3368613302956345
A1_LCD_plus_2R,18,8814,571,2.946984365646336,8.684716851363936,25.913202,0.3268557077901462
A1_LCD_plus_2R,18,8814,572,3.488159444271526,12.167256308660635,64.57646,0.2552424482137494
A1_LCD_plus_2R,18,8814,573,3.612540281028663,13.050447282054646,62.942455,0.686372801265107
A1_LCD_plus_2R,18,8814,574,2.782435220133116,7.741945754237221,79.908745,0.43938910065721803
A1_LCD_plus_2R,18,8814,575,3.474935127164703,12.075174138003172,41.472603,0.15848015053429562
A1_LCD_plus_2R,18,8814,576,2.6554837069805055,7.0515937180389265,35.693497,0.1686388515418413
A1_LCD_plus_2R,18,8814,577,2.9198130338137394,8.525308152428595,30.19562,0.12115744509891982
A1_LCD_plus_2R,18,8814,578,3.242186703159461,10.511774618144015,55.07525,0.3366865920970832
A1_LCD_plus_2R,18,8814,579,4.625576312933297,21.395956226769595,122.06598,0.5440400040846533
A1_LCD_plus_2R,18,8814,580,3.6428218669585792,13.270151154391588,54.80373,0.5876184520950651
A1_LCD_plus_2R,18,8814,581,3.7234496731042688,13.864077468140286,137.89658,0.48215905156110217
A1_LCD_plus_2R,18,8814,582,4.298949590666554,18.48096758309213,111.13698,0.5289034750918249
A1_LCD_plus_2R,18,8814,583,4.171964950995728,17.405291552336788,122.09619,0.5813412797403474
A1_LCD_plus_2R,18,8814,584,4.0348380095670455,16.279917763446957,128.95987,0.7233919829519386
A1_LCD_plus_2R,18,8814,585,3.3506150112298614,11.226620953478884,106.004654,0.43424489150263285
A1_LCD_plus_2R,18,8814,586,2.951713453370494,8.712612310808366,32.944485,0.22382822866356855
A1_LCD_plus_2R,18,8814,587,3.4819830155721117,12.124205720732657,152.17784,0.43203600863070324
A1_LCD_plus_2R,18,8814,588,4.308438628129577,18.562643412359073,123.93876,0.6843555463121224
A1_LCD_plus_2R,18,8814,589,4.2276143165517945,17.872722809513697,213.05579,0.7459579523311066
A1_LCD_plus_2R,18,8814,590,3.405642384261676,11.598400049479553,57.581882,0.27646387870253525
A1_LCD_plus_2R,18,8814,591,3.495401808458579,12.217833802575502,150.18483,0.49426521867051276
A1_LCD_plus_2R,18,8814,592,3.4337190813631935,11.790426729717693,56.747456,0.6396584405007056
A1_LCD_plus_2R,18,8814,593,3.686136972760366,13.587605781950952,100.48561,0.6229511699092813
A1_LCD_plus_2R,18,8814,594,4.595262617825481,21.116438526784297,172.42677,0.6403112314829925
A1_LCD_plus_2R,18,8814,595,3.068286101567426,9.414379601071834,79.985054,0.372533240924069
A1_LCD_plus_2R,18,8814,596,2.9222687750132925,8.539654793417688,27.19764,0.5115952691939598
A1_LCD_plus_2R,18,8814,597,3.1599508641430565,9.985289463798448,16.55434,0.332055024019392
A1_LCD_plus_2R,18,8814,598,4.807539402301277,23.11243510467932,179.44601,0.6500634905411048
A1_LCD_plus_2R,18,8814,599,2.766304277706364,7.6524393568565285,66.451965,0.13097895588760017
A1_LCD_plus_2R,18,8814,600,3.480149499426861,12.111440538361034,83.04587,0.18197357718917906
A1_LCD_plus_2R,18,8814,601,2.378021433903217,5.654985940103111,30.473412,0.1242892698757849
A1_LCD_plus_2R,18,8814,602,4.34057590853849,18.840599217784735,130.03226,0.478907510350971
A1_LCD_plus_2R,18,8814,603,5.483717626053276,30.071159002287366,206.84445,0.49254510057675904
A1_LCD_plus_2R,18,8814,604,3.4375876413360618,11.817008791866424,53.915207,0.2570240998061688
A1_LCD_plus_2R,18,8814,605,2.7487991427493523,7.555896727179573,23.247862,0.3733730924042053
A1_LCD_plus_2R,18,8814,606,2.8998301055019216,8.40901464077528,30.043617,0.21956741332476748
A1_LCD_plus_2R,18,8814,607,2.8191896560771026,7.947830316932132,33.279366,0.2884053324094108
A1_LCD_plus_2R,18,8814,608,3.4762325558595792,12.084192782418029,25.251543,0.5782731109672966
A1_LCD_plus_2R,18,8814,609,3.68939327818191,13.611622761093866,61.387714,0.6959254071001969
A1_LCD_plus_2R,18,8814,610,3.4129201883384566,11.648024211968208,16.383633,0.30512523105771183
A1_LCD_plus_2R,18,8814,611,2.510727842471275,6.303754298960468,23.290564,0.13613458775265702
A1_LCD_plus_2R,18,8814,612,4.152641135248642,17.244428398159133,151.30586,0.4948007146656327
A1_LCD_plus_2R,18,8814,613,3.2708905686825314,10.698725112296334,35.58448,0.18018261076836126
A1_LCD_plus_2R,18,8814,614,3.2545001855546345,10.591771457775149,44.030113,0.29201910275291093
A1_LCD_plus_2R,18,8814,615,3.4810026266652776,12.117379286850564,105.29875,0.33660497721109583
A1_LCD_plus_2R,18,8814,616,3.3309787957483263,11.09541973772497,97.11937,0.2965219361848849
A1_LCD_plus_2R,18,8814,617,2.8442632141788127,8.08983323153079,75.09067,0.49189842816548807
A1_LCD_plus_2R,18,8814,618,2.713565582478001,7.363438170409171,19.732975,0.1498883561675956
A1_LCD_plus_2R,18,8814,619,3.3235625884505806,11.046068279348322,23.686691,0.15733283354471128
A1_LCD_plus_2R,18,8814,620,3.7297512853933004,13.911044650892977,90.87292,0.25915424169590845
A1_LCD_plus_2R,18,8814,621,3.3356239378124726,11.126387054507585,90.98093,0.4595170723489287
A1_LCD_plus_2R,18,8814,622,2.980955787128948,8.886097404817567,27.868294,0.2958624338448834
A1_LCD_plus_2R,18,8814,623,3.1672491511964775,10.03146718575481,24.443306,0.2210030790345368
A1_LCD_plus_2R,18,8814,624,3.4194397955672384,11.69256851550892,106.41344,0.5276994239173634
A1_LCD_plus_2R,18,8814,625,2.7675075944192478,7.659098285168212,43.431107,0.40584117061356884
A1_LCD_plus_2R,18,8814,626,3.179326131138701,10.108114648141383,72.45848,0.31176501829419284
A1_LCD_plus_2R,18,8814,627,2.9787645192565897,8.873038061181937,16.163233,0.11778144984229713
A1_LCD_plus_2R,18,8814,628,2.501399439071009,6.256999153784758,30.52517,0.2606917066548935
A1_LCD_plus_2R,18,8814,629,2.600640811351153,6.763332629665183,37.134315,0.19578332909614116
A1_LCD_plus_2R,18,8814,630,4.2561062735517545,18.1144406117666,65.645645,0.6467521193146066
A1_LCD_plus_2R,18,8814,631,3.7412358591349575,13.996845753677283,101.03665,0.5786648311287614
A1_LCD_plus_2R,18,8814,632,3.9529147552476798,15.625535062254823,157.06075,0.5392896733863403
A1_LCD_plus_2R,18,8814,633,3.7687491923563967,14.203470474886995,43.250305,0.5851757479453019
A1_LCD_plus_2R,18,8814,634,3.3253545744721054,11.057983045962557,83.36436,0.3731982960805948
A1_LCD_plus_2R,18,8814,635,2.789817541289362,7.783081913685821,50.181885,0.4157551274412069
A1_LCD_plus_2R,18,8814,636,2.992547745113729,8.955342006785264,54.1174,0.20872098830948854
A1_LCD_plus_2R,18,8814,637,3.220563205027112,10.372027357574497,19.910934,0.5196093778420935
A1_LCD_plus_2R,18,8814,638,2.1069697196372057,4.439321399468085,7.010008,0.1296961406884491
A1_LCD_plus_2R,18,8814,639,4.957973711740054,24.58150332630544,204.63565,0.7529746982395225
A1_LCD_plus_2R,18,8814,640,4.9000825881746115,24.010809370932,259.22095,0.809859081870598
A1_LCD_plus_2R,18,8814,641,5.340345230254988,28.519287178307195,228.95613,0.7571734646385382
A1_LCD_plus_2R,18,8814,642,3.3748287319838406,11.389468970223659,71.58788,0.476526478058563
A1_LCD_plus_2R,18,8814,643,2.5979240073742975,6.749209148091729,11.747627,0.21126212024731522
A1_LCD_plus_2R,18,8814,644,1.9051637931404009,3.6296490786931215,1.5077426,0.0606297161829949
A1_LCD_plus_2R,18,8814,645,3.2209106703266626,10.37426554622415,59.718353,0.45146418595884097
A1_LCD_plus_2R,18,8814,646,4.171366100281561,17.400295142578194,189.65411,0.5551117589188559
A1_LCD_plus_2R,18,8814,647,4.171756679374727,17.40355379190765,106.28607,0.40747177244015165
A1_LCD_plus_2R,18,8814,648,3.5049020958212216,12.284338701291988,62.137325,0.561372189864202
A1_LCD_plus_2R,18,8814,649,4.001324606285877,16.010598604868825,184.4848,0.6475519724050693
A1_LCD_plus_2R,18,8814,650,2.9682008626617606,8.81021636110602,66.41181,0.45612923834661157
A1_LCD_plus_2R,18,8814,651,4.218338723669755,17.79438158761178,89.173744,0.6012954352403163
A1_LCD_plus_2R,18,8814,652,3.0989996198570977,9.603798643874434,69.84506,0.3925921515763934
A1_LCD_plus_2R,18,8814,653,3.538504854861185,12.521016607876177,125.39202,0.6587980059284096
A1_LCD_plus_2R,18,8814,654,4.407240949432667,19.42377278635616,132.0675,0.46481557704627186
A1_LCD_plus_2R,18,8814,655,4.150575405057557,17.22727619306871,94.774605,0.6099151310428038
A1_LCD_plus_2R,18,8814,656,2.3818017946344385,5.672979788923831,7.7298884,0.24465854063539144
A1_LCD_plus_2R,18,8814,657,2.941579405656127,8.652889399780255,26.217926,0.17077747545267727
A1_LCD_plus_2R,18,8814,658,3.2184827719186253,10.358631353136998,43.043186,0.37934022136396445
A1_LCD_plus_2R,18,8814,659,2.7357952784415223,7.484575805542927,23.197365,0.18765873745434145
A1_LCD_plus_2R,18,8814,660,3.499722183757776,12.248055363486296,60.982758,0.5484915076943465
A1_LCD_plus_2R,18,8814,661,4.424334235697655,19.57473342916636,201.9516,0.7364296214955169
A1_LCD_plus_2R,18,8814,662,2.5900873401728206,6.708552429723519,31.593246,0.16743240005332463
A1_LCD_plus_2R,18,8814,663,3.473461179708068,12.064932566938962,78.059525,0.544489539610383
A1_LCD_plus_2R,18,8814,664,4.2867613303232766,18.37632270315499,183.10837,0.5877494178511086
A1_LCD_plus_2R,18,8814,665,3.182631066247669,10.129140503844773,27.052237,0.3611883225797563
A1_LCD_plus_2R,18,8814,666,5.029828660461498,25.299176353599908,207.93045,0.8397290163683545
A1_LCD_plus_2R,18,8814,667,4.229078091080615,17.885101500458056,141.38847,0.6523813069264349
A1_LCD_plus_2R,18,8814,668,2.9166096151531757,8.506611647203957,38.65203,0.2846963132801811
A1_LCD_plus_2R,18,8814,669,3.1353653008172646,9.830515569568936,28.49778,0.2469050950331742
A1_LCD_plus_2R,18,8814,670,3.417394880368886,11.678587768371473,34.144043,0.4516880126690518
A1_LCD_plus_2R,18,8814,671,3.8158500429907436,14.56071155059246,129.76662,0.48922761268178394
A1_LCD_plus_2R,18,8814,672,2.4193738883758886,5.853370011755067,12.4812975,0.269275823626989
A1_LCD_plus_2R,18,8814,673,4.053309831614584,16.429320591063448,95.888885,0.8176696790798675
A1_LCD_plus_2R,18,8814,674,4.9190641146950105,24.19719176448021,208.31834,0.7774414310784052
A1_LCD_plus_2R,18,8814,675,5.757567929946799,33.14958846795187,323.51157,0.7572930058705201
A1_LCD_plus_2R,18,8814,676,3.5073224095114246,12.301310484261027,108.45875,0.4602135742621305
A1_LCD_plus_2R,18,8814,677,4.0404566831477,16.32529020839291,144.30283,0.3631210994440688
A1_LCD_plus_2R,18,8814,678,4.9868479002120765,24.868651979849602,234.29099,0.8533600307324652
A1_LCD_plus_2R,18,8814,679,4.841190783209681,23.437128199434365,180.60077,0.6857013781427459
A1_LCD_plus_2R,18,8814,680,4.627513778676284,21.413883771838858,124.7455,0.32811804238994496
A1_LCD_plus_2R,18,8814,681,5.39400890121083,29.095332026341676,314.84924,0.778198598415057
A1_LCD_plus_2R,18,8814,682,2.944495189436575,8.670051920615133,8.683142,0.2392663283050993
A1_LCD_plus_2R,18,8814,683,2.601064057280802,6.765534230078063,33.787655,0.1470067086365387
A1_LCD_plus_2R,18,8814,684,2.9518881319511863,8.713643543554264,54.21374,0.21513323711580082
A1_LCD_plus_2R,18,8814,685,2.722512657441619,7.412075169929828,14.052253,0.123849820886519
A1_LCD_plus_2R,18,8814,686,3.2643109209934225,10.655725788916925,67.713806,0.510619691432998
A1_LCD_plus_2R,18,8814,687,5.582600747696342,31.165431108179767,213.29398,0.3723615504070956
A1_LCD_plus_2R,18,8814,688,2.689658427596659,7.234262457141732,11.678545,0.11714655143525299
A1_LCD_plus_2R,18,8814,689,3.064166620549021,9.389117078486809,67.632904,0.28250478271273693
A1_LCD_plus_2R,18,8814,690,4.156266431947011,17.274550653329545,108.28533,0.4920770624549842
A1_LCD_plus_2R,18,8814,691,4.882553865059965,23.839332245212,200.77814,0.7073680478313445
A1_LCD_plus_2R,18,8814,692,4.569612020713901,20.881354019852985,81.229836,0.6526715169550815
A1_LCD_plus_2R,18,8814,693,3.737152367550722,13.966307818289971,143.94432,0.43412668604341237
A1_LCD_plus_2R,18,8814,694,4.911656373609616,24.124368332419962,116.418236,0.5326964065382886
A1_LCD_plus_2R,18,8814,695,4.852253178096034,23.544360904343065,183.59995,0.7141700928659521
A1_LCD_plus_2R,18,8814,696,4.0629377562552085,16.5074632112041,96.67751,0.6126857938467993
A1_LCD_plus_2R,18,8814,697,3.374725272720027,11.388770666335262,75.670944,0.3308124331780635
A1_LCD_plus_2R,18,8814,698,3.56685904802398,12.722483468470532,144.04852,0.6598616390018085
A1_LCD_plus_2R,18,8814,699,4.522970342210128,20.457260716512412,136.25981,0.5389321930800036
A1_LCD_plus_2R,18,8814,700,4.4258368604824785,19.588031915605406,151.92313,0.6482355713149237
A1_LCD_plus_2R,18,8814,701,2.4591921129078966,6.047625848188404,47.198547,0.3458278380508703
A1_LCD_plus_2R,18,8814,702,2.745965409577131,7.540326030594099,60.57794,0.39260211918530585
A1_LCD_plus_2R,18,8814,703,3.4306414174378816,11.769300535040196,69.838005,0.3588012238190573
A1_LCD_plus_2R,18,8814,704,3.2287603647577496,10.4248934930306,55.85915,0.2316404505449406
A1_LCD_plus_2R,18,8814,705,3.1498883525213945,9.921796633349945,99.87141,0.5084351517238739
A1_LCD_plus_2R,18,8814,706,3.1232999167051934,9.755002369690668,85.550354,0.1944874915259351
A1_LCD_plus_2R,18,8814,707,3.590272215138948,12.890054578798733,65.79879,0.23572203530289632
A1_LCD_plus_2R,18,8814,708,3.634958858115799,13.212925900194508,116.19821,0.3234476368645723
A1_LCD_plus_2R,18,8814,709,4.729728091969914,22.37032782396937,169.28323,0.841612405651792
A1_LCD_plus_2R,18,8814,710,3.3042271812319237,10.91791726519186,35.69432,0.39420825001348236
A1_LCD_plus_2R,18,8814,711,3.2366060704580706,10.475618855326035,42.399162,0.43598591151800625
A1_LCD_plus_2R,18,8814,712,2.5691606442656383,6.600586416043431,46.767807,0.2721280030957382
A1_LCD_plus_2R,18,8814,713,2.157066426899422,4.6529355700566395,14.632271,0.10178535186252871
A1_LCD_plus_2R,18,8814,714,3.4748732701928584,12.074744243900811,43.92666,0.25853657910646144
A1_LCD_plus_2R,18,8814,715,2.556655177651993,6.536485697414744,43.92594,0.16612559340333638
A1_LCD_plus_2R,18,8814,716,3.132205612967171,9.810712001903052,67.39166,0.31264623600624497
A1_LCD_plus_2R,18,8814,717,2.754177250385731,7.585492326542305,44.71586,0.2881771422998601
A1_LCD_plus_2R,18,8814,718,3.389117218844565,11.486115523068712,25.06541,0.4707548689056949
A1_LCD_plus_2R,18,8814,719,2.900484036010875,8.412807643153933,37.570415,0.1643477272493111
A1_LCD_plus_2R,18,8814,720,3.129661498887295,9.794781097617472,7.4301004,0.525561052021022
A1_LCD_plus_2R,18,8814,721,3.2371092226018465,10.478876119053934,85.02693,0.5995336757274328
A1_LCD_plus_2R,18,8814,722,3.5606121689399823,12.677959017603486,148.93628,0.3398869537344851
A1_LCD_plus_2R,18,8814,723,3.5277172026037484,12.444788661546413,98.985596,0.41272889499451526
A1_LCD_plus_2R,18,8814,724,3.6117607402193537,13.044815644589853,47.936928,0.24552097845260762
A1_LCD_plus_2R,18,8814,725,3.5770429294868102,12.795236119391578,160.26027,0.41518830661273864
A1_LCD_plus_2R,18,8814,726,3.84259820011716,14.765560927543639,61.097218,0.6593130969011674
A1_LCD_plus_2R,18,8814,727,3.056311492324544,9.341039938115077,82.638695,0.4489238478112042
A1_LCD_plus_2R,18,8814,728,3.858427526696888,14.887462978772264,66.48544,0.6835090177977815
A1_LCD_plus_2R,18,8814,729,3.7088703958579434,13.755719613271463,20.404026,0.29928109225530813
A1_LCD_plus_2R,18,8814,730,3.0933092046626616,9.568561835650751,34.827778,0.12799610326372002
A1_LCD_plus_2R,18,8814,731,2.955111238893548,8.73268243423496,4.6581345,0.3664177961125924
A1_LCD_plus_2R,18,8814,732,3.921268928312796,15.376350008151382,51.991936,0.40040997867093064
A1_LCD_plus_2R,18,8814,733,4.090978193743359,16.73610258168368,166.18729,0.4384006798345882
A1_LCD_plus_2R,18,8814,734,3.5276482842952093,12.444302417690936,85.32279,0.5586449658058824
A1_LCD_plus_2R,18,8814,735,4.2609001650029,18.15527021612174,160.93558,0.36727691069081314
A1_LCD_plus_2R,18,8814,736,4.044326451599124,16.356576447104366,181.03632,0.521055324376246
A1_LCD_plus_2R,18,8814,737,3.8431259026186146,14.769616703378137,127.79041,0.6994419531272593
A1_LCD_plus_2R,18,8814,738,3.8138837960248386,14.545709609580836,97.298,0.687806677681241
A1_LCD_plus_2R,18,8814,739,4.4190619625826795,19.52810862914508,95.51983,0.6918171280486476
A1_LCD_plus_2R,18,8814,740,3.635942804927092,13.22008008070109,89.32265,0.5236754435935865
A1_LCD_plus_2R,18,8814,741,3.7690315319630656,14.205598688931849,204.26643,0.6620711074290762
A1_LCD_plus_2R,18,8814,742,3.8505464737854598,14.826708146781641,127.00359,0.6016132511662922
A1_LCD_plus_2R,18,8814,743,3.599389939812205,12.955607938821307,135.68246,0.6712087103317288
A1_LCD_plus_2R,18,8814,744,2.8704759879352393,8.239632397312787,53.508934,0.15043671223513555
A1_LCD_plus_2R,18,8814,745,3.5279313693715215,12.446299746995619,22.957417,0.22888984218478836
A1_LCD_plus_2R,18,8814,746,3.6070907041518905,13.011103347978985,57.646126,0.6510264006463936
A1_LCD_plus_2R,18,8814,747,5.998113821196569,35.97736941202932,265.1664,0.756857784020154
A1_LCD_plus_2R,18,8814,748,3.7066080412386238,13.738943171374826,79.67262,0.5969158593160387
A1_LCD_plus_2R,18,8814,749,2.9438102825534695,8.666018979667538,18.884027,0.15787139651499937
A1_LCD_plus_2R,18,8814,750,3.287956444951942,10.810657583901012,96.125015,0.37062074903407216
A1_LCD_plus_2R,18,8814,751,3.0169926530619815,9.102244668629975,19.730942,0.44813490949712964
A1_LCD_plus_2R,18,8814,752,3.9861402260883585,15.889313902039751,118.67683,0.5442266713198616
A1_LCD_plus_2R,18,8814,753,3.5522639605642468,12.618579245523584,31.493599,0.17396179311634344
A1_LCD_plus_2R,18,8814,754,3.5595794718521616,12.670606016431313,116.23903,0.539385631036026
A1_LCD_plus_2R,18,8814,755,2.3695181240892995,5.614616140387674,55.98835,0.15254639910477963
A1_LCD_plus_2R,18,8814,756,3.5901765682619735,12.88936779129732,67.12683,0.4488600389154235
A1_LCD_plus_2R,18,8814,757,3.806263198057246,14.487639532884971,28.324179,0.2025396131011947
A1_LCD_plus_2R,18,8814,758,2.8576060020814773,8.165912063132087,44.09923,0.32931098046727686
A1_LCD_plus_2R,18,8814,759,2.749635059580123,7.560492960872192,34.091534,0.12423873987388741
A1_LCD_plus_2R,18,8814,760,2.412997686116504,5.822557833203602,21.380806,0.18135870781341518
A1_LCD_plus_2R,18,8814,761,3.709236269822039,13.758433705363315,133.96713,0.3691103507730849
A1_LCD_plus_2R,18,8814,762,3.9886333260588067,15.909195809746944,101.06898,0.7245374869471835
A1_LCD_plus_2R,18,8814,763,3.679712982143884,13.540287630958234,78.15602,0.5254778565196796
A1_LCD_plus_2R,18,8814,764,5.098237546427082,25.99202607979884,218.43062,0.8196902732871675
A1_LCD_plus_2R,18,8814,765,5.005061978694482,25.05064541057313,184.04103,0.8305331975552821
A1_LCD_plus_2R,18,8814,766,3.2149766543873834,10.336074888255895,103.5505,0.3758920229944493
A1_LCD_plus_2R,18,8814,767,3.050538187512583,9.305783233472557,15.02825,0.5104839385844618
A1_LCD_plus_2R,18,8814,768,2.717952402116247,7.3872652601694755,28.143433,0.3960452166770525
A1_LCD_plus_2R,18,8814,769,4.207829844059059,17.705831996554082,147.31459,0.36478457037136847
A1_LCD_plus_2R,18,8814,770,4.434138069440436,19.661580418860964,174.9916,0.8220256489956774
A1_LCD_plus_2R,18,8814,771,5.40274732955023,29.18967870696214,219.28244,0.7480503626156244
A1_LCD_plus_2R,18,8814,772,3.492574225695294,12.198074721991082,27.860308,0.6284499603761214
A1_LCD_plus_2R,18,8814,773,3.0933430761087326,9.56877138650984,23.66829,0.47939694334481275
A1_LCD_plus_2R,18,8814,774,2.7507828938508068,7.56680652910222,40.84804,0.18532295117913936
A1_LCD_plus_2R,18,8814,775,3.1192925250959767,9.729985857119633,55.610825,0.3042282667521958
A1_LCD_plus_2R,18,8814,776,3.512935360803947,12.340714849186755,112.58199,0.5905750442309528
A1_LCD_plus_2R,18,8814,777,4.007887586216213,16.063162903746022,93.76125,0.2815901684825326
A1_LCD_plus_2R,18,8814,778,3.8669939818671613,14.95364245579684,36.40389,0.341606610615677
A1_LCD_plus_2R,18,8814,779,3.601124840090023,12.968100113913398,188.51653,0.5944981518875025
A1_LCD_plus_2R,18,8814,780,2.638555677482727,6.961976063176331,43.11654,0.22778156245685982
A1_LCD_plus_2R,18,8814,781,3.563443449350731,12.698129216720638,34.816677,0.609484276652696
A1_LCD_plus_2R,18,8814,782,4.193919670612146,17.58896220354749,96.49246,0.5802744182406652
A1_LCD_plus_2R,18,8814,783,3.630238607317317,13.178632346057178,52.70746,0.5679064276719672
A1_LCD_plus_2R,18,8814,784,3.02398067863451,9.144459144754832,39.58808,0.4049396919310453
A1_LCD_plus_2R,18,8814,785,3.919076487952641,15.359160518423208,107.09886,0.5639586882343054
A1_LCD_plus_2R,18,8814,786,2.1565621244224347,4.650760196493405,6.677994,0.2016818743572496
A1_LCD_plus_2R,18,8814,787,2.857703002694776,8.166466451610738,42.420425,0.4423739777216569
A1_LCD_plus_2R,18,8814,788,2.3573716026946663,5.557200873191219,11.793342,0.22516600833678627
A1_LCD_plus_2R,18,8814,789,3.34615017416885,11.196720988090226,101.51373,0.4114853128121643
A1_LCD_plus_2R,18,8814,790,2.8592266409189686,8.17517698414077,18.297482,0.15068052303942997
A1_LCD_plus_2R,18,8814,791,3.1092625158790668,9.667513392650624,10.880311,0.22915567878536053
A1_LCD_plus_2R,18,8814,792,3.581212406922771,12.825082303497584,44.30775,0.2501597942760366
A1_LCD_plus_2R,18,8814,793,3.0139398089950595,9.083833172245173,24.879705,0.6105779975566799
A1_LCD_plus_2R,18,8814,794,3.2685399592957753,10.683353465513227,121.54201,0.5383361942446496
A1_LCD_plus_2R,18,8814,795,4.019703124205095,16.1580132067442,83.48234,0.6602251790567172
A1_LCD_plus_2R,18,8814,796,3.4389232801925735,11.826193327050447,66.11993,0.3445425916542201
A1_LCD_plus_2R,18,8814,797,4.613188794146422,21.28151085043812,116.304855,0.500408464723236
A1_LCD_plus_2R,18,8814,798,4.010428009301898,16.08353281779319,214.27907,0.5124303775664916
A1_LCD_plus_2R,18,8814,799,2.7022736785522015,7.302283033796046,73.90422,0.275900171317799
A1_LCD_plus_2R,18,8814,800,3.833600763058959,14.69649481052623,143.80537,0.5786467739907545
A1_LCD_plus_2R,18,8814,801,2.987205903494918,8.92339910987489,68.96341,0.5677224037573881
A1_LCD_plus_2R,18,8814,802,3.0766822704652395,9.465973793395138,44.405964,0.5327368111885459
A1_LCD_plus_2R,18,8814,803,5.0961622957951915,25.97087014508452,224.47487,0.6478513084162986
A1_LCD_plus_2R,18,8814,804,3.142284642332947,9.873952773441491,52.00483,0.6440526288301005
A1_LCD_plus_2R,18,8814,805,3.5702476950570237,12.746668604059987,155.2316,0.5433365712112812
A1_LCD_plus_2R,18,8814,806,3.3059070880093357,10.929021674550365,58.97905,0.4797831981429488
A1_LCD_plus_2R,18,8814,807,3.036752910289327,9.221868238150698,28.164944,0.43944755375774347
A1_LCD_plus_2R,18,8814,808,3.2915821652781787,10.834513150777385,57.24669,0.2647499496139782
A1_LCD_plus_2R,18,8814,809,4.867263654839748,23.69025548572398,228.7497,0.7513880731217705
A1_LCD_plus_2R,18,8814,810,3.870569243372757,14.981306267743156,100.93272,0.48757998454571927
A1_LCD_plus_2R,18,8814,811,4.405728239557236,19.4104413208321,237.36151,0.7246360351617949
A1_LCD_plus_2R,18,8814,812,3.751936176840622,14.07702507508542,51.382668,0.3165335716106763
A1_LCD_plus_2R,18,8814,813,3.9958149480063567,15.966537098711047,116.40971,0.44613702282788914
A1_LCD_plus_2R,18,8814,814,5.424003602672393,29.4198150818031,152.11829,0.8415079395708711
A1_LCD_plus_2R,18,8814,815,3.760018152985357,14.137736510779419,44.7362,0.1707517588773474
A1_LCD_plus_2R,18,8814,816,4.836272184356252,23.389528641177986,103.43092,0.7318953220802473
A1_LCD_plus_2R,18,8814,817,5.439609882456977,29.589355673323606,251.00537,0.8470063945537218
A1_LCD_plus_2R,18,8814,818,3.3598558419589915,11.288631278745964,85.45647,0.6654008957942369
A1_LCD_plus_2R,18,8814,819,2.842170362873277,8.077932371595216,30.604753,0.2644566299618146
A1_LCD_plus_2R,18,8814,820,4.090131024962175,16.729171801358138,57.77728,0.3498893873131447
A1_LCD_plus_2R,18,8814,821,3.960510173873809,15.68564083735795,97.95596,0.47240587873165574
A1_LCD_plus_2R,18,8814,822,2.6286172245687482,6.9096285132995074,38.01594,0.38297942222165726
A1_LCD_plus_2R,18,8814,823,3.5212843736238715,12.399443639927664,21.909113,0.5902433910332467
A1_LCD_plus_2R,18,8814,824,3.150512181043619,9.925727002904223,50.656433,0.5257195502212827
A1_LCD_plus_2R,18,8814,825,4.363138782863687,19.03698003852922,172.92207,0.5243579636357705
A1_LCD_plus_2R,18,8814,826,4.144738831652445,17.178859982607673,167.57016,0.7422594328798122
A1_LCD_plus_2R,18,8814,827,4.204818568411659,17.68049919325947,113.00329,0.8437474640371108
A1_LCD_plus_2R,18,8814,828,3.747623975066593,14.044685458493932,96.702614,0.6073809383026917
A1_LCD_plus_2R,18,8814,829,4.47005852093044,19.98142318054283,74.157974,0.24692592996899132
A1_LCD_plus_2R,18,8814,830,3.2938424068764003,10.849397801337318,43.590878,0.5635501707608185
A1_LCD_plus_2R,18,8814,831,3.7694465863581503,14.20872756740711,120.47319,0.5831109149580936
A1_LCD_plus_2R,18,8814,832,3.654101244227737,13.352455903066694,103.7702,0.36171610627034695
A1_LCD_plus_2R,18,8814,833,2.799983177464348,7.839905794083347,65.84832,0.48827532658432904
A1_LCD_plus_2R,18,8814,834,2.9842616321880526,8.905817489349701,46.211502,0.49149372960888993
A1_LCD_plus_2R,18,8814,835,3.366399125593027,11.332643072793497,80.77194,0.3623043864115335
A1_LCD_plus_2R,18,8814,836,4.074571458172273,16.602132567752122,95.0869,0.6540666220156734
A1_LCD_plus_2R,18,8814,837,3.983876030502647,15.871268226413529,63.470463,0.5407283398497418
A1_LCD_plus_2R,18,8814,838,2.96534620203199,8.79327809790555,61.40686,0.48072684626857987
A1_LCD_plus_2R,18,8814,839,3.3267320728597443,11.067146284593688,34.95257,0.44662230162957534
A1_LCD_plus_2R,18,8814,840,3.234155963125935,10.459764793823044,67.75862,0.2490147443219194
A1_LCD_plus_2R,18,8814,841,2.4945087827181793,6.222574067058133,15.647308,0.20337428950034322
A1_LCD_plus_2R,18,8814,842,3.131703715369451,9.807568160858823,61.562717,0.443089541390352
A1_LCD_plus_2R,18,8814,843,3.7117650752161384,13.77719997359427,121.8272,0.7106071006236416
A1_LCD_plus_2R,18,8814,844,4.087741515208287,16.709630695157344,81.10039,0.46964173510417695
A1_LCD_plus_2R,18,8814,845,3.3043648659383744,10.918827167247933,97.128685,0.3893988094719381
A1_LCD_plus_2R,18,8814,846,3.1133116509254917,9.692709435788412,113.68026,0.31160140095938027
A1_LCD_plus_2R,18,8814,847,3.023318994742468,9.14045774397061,58.717705,0.5652235546266228
A1_LCD_plus_2R,18,8814,848,2.763349727142195,7.636101714496846,44.306015,0.2700798159245816
A1_LCD_plus_2R,18,8814,849,2.795699678116279,7.815936690219466,4.8334117,0.38783055485801216
A1_LCD_plus_2R,18,8814,850,3.3574065202978187,11.272178542538311,55.87135,0.23360490006553766
A1_LCD_plus_2R,18,8814,851,2.8521011941770573,8.134481221826197,16.504652,0.24525288271840934
A1_LCD_plus_2R,18,8814,852,2.3745405350982565,5.638442752824714,18.471436,0.42198516504649874
A1_LCD_plus_2R,18,8814,853,3.0058329014436764,9.03503143140131,27.507875,0.1393130760474867
A1_LCD_plus_2R,18,8814,854,4.116948263737834,16.949263006293968,167.80463,0.7392438913099175
A1_LCD_plus_2R,18,8814,855,3.5719386991248507,12.758746070305735,49.73965,0.523116946462074
A1_LCD_plus_2R,18,8814,856,3.5911589269391624,12.896422438534838,49.486473,0.650735343144685
A1_LCD_plus_2R,18,8814,857,3.972128937834836,15.777808298784901,194.8761,0.6522173409261647
A1_LCD_plus_2R,18,8814,858,3.8670073249564814,14.953745651267079,86.912186,0.5388485713979041
A1_LCD_plus_2R,18,8814,859,3.4163603966834875,11.671518360027354,84.07615,0.4713918070956874
A1_LCD_plus_2R,18,8814,860,2.852561905533728,8.137109424902215,18.71344,0.12341348792783885
A1_LCD_plus_2R,18,8814,861,2.9245104511219933,8.552761378721764,48.008816,0.18440946903448702
A1_LCD_plus_2R,18,8814,862,2.97556088801242,8.853962598269261,59.51539,0.05471816188935301
A1_LCD_plus_2R,18,8814,863,2.2492046470906475,5.058921544494165,29.633026,0.09072438443137427
A1_LCD_plus_2R,18,8814,864,3.5945206046210108,12.920578377045002,94.85275,0.31650065226137797
A1_LCD_plus_2R,18,8814,865,3.1531014736013114,9.94204890282676,81.27955,0.2860522761565092
A1_LCD_plus_2R,18,8814,866,3.418017447232931,11.682843269588723,108.37169,0.44478538233724485
A1_LCD_plus_2R,18,8814,867,3.411187216661537,11.63619822711509,106.82988,0.7035824263557173
A1_LCD_plus_2R,18,8814,868,3.7505256043330975,14.066442308758143,128.99883,0.7316098468248493
A1_LCD_plus_2R,18,8814,869,2.538326343587357,6.443100626549561,25.180248,0.4172075053253166
A1_LCD_plus_2R,18,8814,870,3.044200630812237,9.267157480637621,36.115276,0.20131917964260987
A1_LCD_plus_2R,18,8814,871,3.246496804914312,10.53974150431884,64.08098,0.48303625218240753
A1_LCD_plus_2R,18,8814,872,4.28682520981114,18.37687037947232,166.11205,0.72705230414391
A1_LCD_plus_2R,18,8814,873,2.902357268298267,8.423677712843778,28.214376,0.596151346607455
A1_LCD_plus_2R,18,8814,874,2.6206887199606226,6.868009366928845,34.47091,0.27966115296250527
A1_LCD_plus_2R,18,8814,875,2.6346060599940824,6.941149091357544,44.346996,0.16976641420947938
A1_LCD_plus_2R,18,8814,876,2.4465204589417033,5.985462356020323,56.622147,0.3892609922874276
A1_LCD_plus_2R,18,8814,877,3.428246878712846,11.752876661404372,57.897224,0.5809198757916882
A1_LCD_plus_2R,18,8814,878,3.6457027484647995,13.291148530163793,86.63017,0.41609374820782663
A1_LCD_plus_2R,18,8814,879,2.453188268571385,6.01813268105627,26.929686,0.14347841788250018
A1_LCD_plus_2R,18,8814,880,3.5453484537775712,12.569495658703016,198.79926,0.6942927657876714
A1_LCD_plus_2R,18,8814,881,3.9180472915608404,15.35109457890724,89.755356,0.5315611216587354
A1_LCD_plus_2R,18,8814,882,3.4808587709895993,12.116377783575224,74.46952,0.42642474202691777
A1_LCD_plus_2R,18,8814,883,3.7115298776941987,13.775454033016715,88.37919,0.4386043292893397
A1_LCD_plus_2R,18,8814,884,4.021770778843552,16.174640197559874,172.30298,0.645111182774166
A1_LCD_plus_2R,18,8814,885,3.8058703479819225,14.484649105648042,156.73187,0.7481398838271214
A1_LCD_plus_2R,18,8814,886,4.365326851714101,19.05607852229615,88.477684,0.6898100682612125
A1_LCD_plus_2R,18,8814,887,4.089062154593102,16.72042930412558,135.305,0.46170204252585023
A1_LCD_plus_2R,18,8814,888,2.7646583669161187,7.643335885759301,61.93109,0.4093707032502881
A1_LCD_plus_2R,18,8814,889,2.4420454767309576,5.96358611042213,37.42064,0.2194992994403511
A1_LCD_plus_2R,18,8814,890,3.544707045730189,12.564948040049241,95.551544,0.7044484237293096
A1_LCD_plus_2R,18,8814,891,3.425952905991138,11.737153314069126,39.98726,0.2983630412894515
A1_LCD_plus_2R,18,8814,892,3.1827455608903104,10.129869305366975,1.0896893,0.3407769179176508
A1_LCD_plus_2R,18,8814,893,2.6963498510251136,7.270302519123152,21.13501,0.5482503799509091
A1_LCD_plus_2R,18,8814,894,3.458943250813463,11.964288412348001,92.48615,0.45780524536386824
A1_LCD_plus_2R,18,8814,895,3.600374816271089,12.96269881763908,63.632393,0.5230736649548537
A1_LCD_plus_2R,18,8814,896,3.646426287258203,13.29642466840764,90.918686,0.6312170299096952
A1_LCD_plus_2R,18,8814,897,3.014501758695698,9.087220853179453,22.413263,0.08663982023781445
A1_LCD_plus_2R,18,8814,898,3.0392200031145826,9.236858227331803,57.388317,0.3456882898524011
A1_LCD_plus_2R,18,8814,899,3.7432057951254163,14.011589624660502,163.63535,0.6692718101406576
A1_LCD_plus_2R,18,8814,900,4.428690550844765,19.613299995141713,123.18454,0.3735359086452495
A1_LCD_plus_2R,18,8814,901,3.421987058043389,11.70999542541645,74.467636,0.5885696992742888
A1_LCD_plus_2R,18,8814,902,4.194601346705473,17.59468045778337,138.04588,0.3917231479977754
A1_LCD_plus_2R,18,8814,903,3.193605209259819,10.199114232611455,54.580086,0.48201083570702136
A1_LCD_plus_2R,18,8814,904,3.1734775215383855,10.07095957970941,72.14034,0.16221486370800442
A1_LCD_plus_2R,18,8814,905,3.062344243441501,9.377952265339301,54.499187,0.20723011289402238
A1_LCD_plus_2R,18,8814,906,2.4889173944270917,6.194709796281744,28.276203,0.1693968824457387
A1_LCD_plus_2R,18,8814,907,3.0545920824263866,9.330532790021966,52.667923,0.2822078203566819
A1_LCD_plus_2R,18,8814,908,5.267244386942001,27.743863431772017,289.3069,0.8067995586682581
A1_LCD_plus_2R,18,8814,909,5.630305137672487,31.7003359433012,325.97763,0.6697199956998002
A1_LCD_plus_2R,18,8814,910,3.707015278948652,13.741962278358747,23.443495,0.7680563465902535
A1_LCD_plus_2R,18,8814,911,2.604701880002755,6.784471883689887,71.89982,0.1659067416627698
A1_LCD_plus_2R,18,8814,912,3.355236447235663,11.257611616858595,102.75375,0.3398665727504545
A1_LCD_plus_2R,18,8814,913,3.0145031880844635,9.087229470971394,65.13845,0.46552673821725976
A1_LCD_plus_2R,18,8814,914,2.6575830162704492,7.062747488369139,6.055894,0.3194444136149503
A1_LCD_plus_2R,18,8814,915,2.775088286541966,7.701114998102422,34.03319,0.1717242095534296
A1_LCD_plus_2R,18,8814,916,3.3088252052754066,10.948324239065837,24.119186,0.41393211953820086
A1_LCD_plus_2R,18,8814,917,4.17641675930506,17.442456947404175,171.7123,0.5725222739170872
A1_LCD_plus_2R,18,8814,918,4.444221789046497,19.75110731023565,170.03264,0.5993664603188212
A1_LCD_plus_2R,18,8814,919,4.513034275144615,20.36747836863008,212.10516,0.6917496620222837
A1_LCD_plus_2R,18,8814,920,4.597880300683232,21.140503259410927,119.15023,0.7656766541618586
A1_LCD_plus_2R,18,8814,921,3.8396069381370554,14.742581439390214,167.84805,0.6061863288864137
A1_LCD_plus_2R,18,8814,922,3.497884355406676,12.235194963798776,127.905716,0.38779392983322003
A1_LCD_plus_2R,18,8814,923,4.291377473768158,18.41592062236477,180.96391,0.5949655579448042
A1_LCD_plus_2R,18,8814,924,4.489635305731162,20.15682517846775,187.21101,0.7266887744655681
A1_LCD_plus_2R,18,8814,925,2.879800404372169,8.293250369022111,36.895702,0.13142670022926953
A1_LCD_plus_2R,18,8814,926,2.5245309272203276,6.373256402491927,17.827204,0.3512593167767934
A1_LCD_plus_2R,18,8814,927,3.886186043295929,15.102441963108067,119.82014,0.5415291659954735
A1_LCD_plus_2R,18,8814,928,3.063270275254086,9.383624779255246,94.99558,0.27887925867362146
A1_LCD_plus_2R,18,8814,929,3.2134276312647754,10.326117141375944,89.472496,0.3438470356658445
A1_LCD_plus_2R,18,8814,930,3.208138327702275,10.292151529672353,75.70334,0.43851137159572695
A1_LCD_plus_2R,18,8814,931,2.5463908135496887,6.484106175330247,33.746223,0.12608285030252422
A1_LCD_plus_2R,18,8814,932,2.944958802206972,8.672782346696323,113.95847,0.5021538285230871
A1_LCD_plus_2R,18,8814,933,3.4515661836474654,11.913309120098727,55.07911,0.624954129468159
A1_LCD_plus_2R,18,8814,934,4.584410340977906,21.016818174465154,122.148834,0.6739118623474369
A1_LCD_plus_2R,18,8814,935,3.9035017915940986,15.237326236978344,166.6573,0.39742179722938115
A1_LCD_plus_2R,18,8814,936,3.3949758821173197,11.525861240158275,114.70642,0.34909467873337374
A1_LCD_plus_2R,18,8814,937,2.502327872246248,6.261644780220434,53.57606,0.05502092870723159
A1_LCD_plus_2R,18,8814,938,2.6204333520111014,6.866670952332136,25.630976,0.2327281741112171
A1_LCD_plus_2R,18,8814,939,3.3139592876097645,10.982326159935017,38.311096,0.328007757229815
A1_LCD_plus_2R,18,8814,940,3.238559551888662,10.488267971129288,115.678055,0.45329425230109005
A1_LCD_plus_2R,18,8814,941,3.387161211406463,11.472861072056501,133.37596,0.4722291171313951
A1_LCD_plus_2R,18,8814,942,2.5156968159537185,6.328730469799677,55.891586,0.2811052969286999
A1_LCD_plus_2R,18,8814,943,4.009118277378668,16.073029362011695,163.93787,0.6376586717685437
A1_LCD_plus_2R,18,8814,944,3.3304741382980483,11.092057985872126,98.298965,0.5870006962775648
A1_LCD_plus_2R,18,8814,945,3.592566502355492,12.906534073846775,38.57468,0.31124596753629064
A1_LCD_plus_2R,18,8814,946,5.030359442129902,25.30451611702546,234.40234,0.7085411347385205
A1_LCD_plus_2R,18,8814,947,3.1592687875811407,9.98097927218441,36.616177,0.41322319987851186
A1_LCD_plus_2R,18,8814,948,3.352519183968599,11.239384878877479,99.24994,0.23787875575022888
A1_LCD_plus_2R,18,8814,949,3.5813678738393477,12.826195847768568,18.74485,0.4644265208673615
A1_LCD_plus_2R,18,8814,950,2.6491828202159415,7.018169614927287,15.923565,0.39854542893468003
A1_LCD_plus_2R,18,8814,951,3.4771358255714944,12.090473549472755,51.565125,0.5303721050346764
A1_LCD_plus_2R,18,8814,952,2.5505909727776364,6.505514310414769,37.18354,0.17050611342055033
A1_LCD_plus_2R,18,8814,953,4.364533964218723,19.049156724818808,114.10991,0.5826918544760494
A1_LCD_plus_2R,18,8814,954,4.060430941823293,16.487099433315997,126.49333,0.5341240475210615
A1_LCD_plus_2R,18,8814,955,4.119809921279644,16.972833787474187,122.24334,0.45101399436205064
A1_LCD_plus_2R,18,8814,956,3.2064571406342797,10.281367394724564,52.589474,0.22164162229441292
A1_LCD_plus_2R,18,8814,957,4.364913518227222,19.05247002160274,94.51708,0.3673671520560746
A1_LCD_plus_2R,18,8814,958,3.558022022043709,12.659520709348005,87.53703,0.6429980139395812
A1_LCD_plus_2R,18,8814,959,3.1993628659703526,10.23592274815003,26.74966,0.3439395440638329
A1_LCD_plus_2R,18,8814,960,4.044507434990412,16.35804039169271,33.293,0.47756692947591495
A1_LCD_plus_2R,18,8814,961,4.070628642878113,16.5700175482197,105.902756,0.5640952742513577
A1_LCD_plus_2R,18,8814,962,3.8457588671951464,14.789861264610094,68.519745,0.6145070537906518
A1_LCD_plus_2R,18,8814,963,4.092548529190333,16.748953463777955,198.24823,0.6718042667111226
A1_LCD_plus_2R,18,8814,964,3.6952748210715933,13.655056003245697,98.80525,0.5763844766951447
A1_LCD_plus_2R,18,8814,965,3.880658114137338,15.059507398819967,85.35565,0.48588048105129455
A1_LCD_plus_2R,18,8814,966,4.41262877616577,19.471292716246214,149.90709,0.6169515414966023
A1_LCD_plus_2R,18,8814,967,2.5290876865619634,6.396284526319344,26.340229,0.21546136291016366
A1_LCD_plus_2R,18,8814,968,3.587347915142074,12.869065064274189,95.26558,0.26832865582632354
A1_LCD_plus_2R,18,8814,969,3.6079737613820426,13.017474662821291,38.72884,0.42012572259963743
A1_LCD_plus_2R,18,8814,970,2.3346170048053305,5.4504365591262145,21.49922,0.07251546520174901
A1_LCD_plus_2R,18,8814,971,3.91790604068328,15.349987743622536,89.75921,0.5440846335783067
A1_LCD_plus_2R,18,8814,972,2.489963329662314,6.199917383063039,38.26775,0.2503546864704848
A1_LCD_plus_2R,18,8814,973,3.258629232759545,10.618664476595061,66.97013,0.46962219268793526
A1_LCD_plus_2R,18,8814,974,4.143778182157898,17.17089762292781,128.46771,0.6783461014001692
A1_LCD_plus_2R,18,8814,975,2.800459732255921,7.842574711986905,53.245865,0.46878496363624944
A1_LCD_plus_2R,18,8814,976,3.080999414570935,9.492557392586445,40.71843,0.2518709021856269
A1_LCD_plus_2R,18,8814,977,4.050913528506621,16.409900415437967,15.962232,0.4591686863998272
A1_LCD_plus_2R,18,8814,978,3.3937676657523292,11.517658969106012,55.152588,0.3218870526896494
A1_LCD_plus_2R,18,8814,979,3.9582245050522578,15.667541232396191,63.40019,0.4615170824018181
A1_LCD_plus_2R,18,8814,980,2.5577121307590645,6.541891343832073,14.873427,0.14292701643987127
A1_LCD_plus_2R,18,8814,981,3.546933793970888,12.580739338812716,100.334656,0.24868309713890902
A1_LCD_plus_2R,18,8814,982,3.2479917548914883,10.549450439843094,62.236668,0.4997694365929728
A1_LCD_plus_2R,18,8814,983,3.1640845090646423,10.011430780502844,79.77924,0.3596062110570567
A1_LCD_plus_2R,18,8814,984,3.2884908207619192,10.814171878235403,129.90486,0.30385779550538716
A1_LCD_plus_2R,18,8814,985,4.062438868740755,16.503409562255666,105.91621,0.47409644881774565
A1_LCD_plus_2R,18,8814,986,3.835862017734658,14.7138374190994,52.587643,0.7809622919681742
A1_LCD_plus_2R,18,8814,987,2.8729504155242105,8.253844090060737,68.072586,0.2514296259489911
A1_LCD_plus_2R,18,8814,988,4.212767963580193,17.747413914967602,112.575424,0.4615359443680024
A1_LCD_plus_2R,18,8814,989,2.6287159720082944,6.9101476614915125,83.20331,0.3671403959812042
A1_LCD_plus_2R,18,8814,990,3.706498588123275,13.73813178375983,92.877335,0.2740250938965739
A1_LCD_plus_2R,18,8814,991,3.4698250062420004,12.039685573942299,110.39824,0.574908479956037
A1_LCD_plus_2R,18,8814,992,3.499048912364009,12.243343291115751,93.26735,0.3389845054852714
A1_LCD_plus_2R,18,8814,993,2.833694217330959,8.029822917334917,19.473656,0.1647470739448807
A1_LCD_plus_2R,18,8814,994,3.08779982765025,9.534507775636916,47.904007,0.358142153069799
A1_LCD_plus_2R,18,8814,995,3.4303190329197717,11.767088667611636,70.95269,0.14560757079084075
A1_LCD_plus_2R,18,8814,996,4.085740272778261,16.693273576602177,106.89107,0.5457269544251763
A1_LCD_plus_2R,18,8814,997,2.670043476077341,7.12913216414317,10.928792,0.26306186177133595
A1_LCD_plus_2R,18,8814,998,3.162276598682273,9.999993286573526,27.621717,0.24489334495112292
A1_LCD_plus_2R,18,8814,999,2.766393995233261,7.652935736862644,47.807137,0.3334313941669659
A1_LCD_plus_2R,18,8814,1000,2.684260303183102,7.205253375244636,23.480244,0.23468028464972218
A1_LCD_plus_2R,18,8814,1001,3.4040546775191,11.58758824753966,83.15669,0.35661948594893
A1_LCD_plus_2R,18,8814,1002,3.5434486406911474,12.55602826921594,121.4494,0.6500327527769707
A1_LCD_plus_2R,18,8814,1003,2.3745269777656457,5.638378368136851,3.1609602,0.1638483585352472
A1_LCD_plus_2R,18,8814,1004,2.9733075171179943,8.840557591350374,39.021626,0.22386173479853344
A1_LCD_plus_2R,18,8814,1005,2.515128392247585,6.325870829489919,6.4669228,0.1481632362942285
A1_LCD_plus_2R,18,8814,1006,3.4646480308859586,12.003785977921948,53.08541,0.5351381610480076
A1_LCD_plus_2R,18,8814,1007,2.3003968716897463,5.291825767279971,7.114499,0.2283136570737125
A1_LCD_plus_2R,18,8814,1008,3.3704564497463516,11.359976679636777,86.525955,0.3774580440846629
A1_LCD_plus_2R,18,8814,1009,2.756452006497994,7.598027664126817,4.2443204,0.15725948774671095
A1_LCD_plus_2R,18,8814,1010,2.719136907726287,7.393705522959274,31.001781,0.289354033277583
A1_LCD_plus_2R,18,8814,1011,2.658312450824458,7.0666250862083375,7.672698,0.2637443700745945
A1_LCD_plus_2R,18,8814,1012,4.3973524638728385,19.336708691528525,155.67647,0.6157985487519009
A1_LCD_plus_2R,18,8814,1013,4.613849064790907,21.28760319267192,182.41528,0.688732381675121
A1_LCD_plus_2R,18,8814,1014,3.37286215521759,11.376199118099045,45.52691,0.5728029679621693
A1_LCD_plus_2R,18,8814,1015,2.3341585372329923,5.4482960769376625,11.484159,0.13263146270355497
A1_LCD_plus_2R,18,8814,1016,2.7032259073853098,7.30743030635913,87.29159,0.12098748074734503
A1_LCD_plus_2R,18,8814,1017,5.133340041141824,26.35117997798994,198.35596,0.39322627498763446
A1_LCD_plus_2R,18,8814,1018,3.197818804857914,10.226045108702897,112.679054,0.3133529037941517
A1_LCD_plus_2R,18,8814,1019,3.7987332006544463,14.430373929754374,91.52607,0.4489970193763616
A1_LCD_plus_2R,18,8814,1020,2.8053998422951842,7.870268275149845,32.531254,0.4482453401061107
A1_LCD_plus_2R,18,8814,1021,3.143574705626615,9.882061929855455,134.28943,0.5187950401434794
A1_LCD_plus_2R,18,8814,1022,4.173915470213403,17.421570352486775,232.4427,0.7191099218978362
A1_LCD_plus_2R,18,8814,1023,3.9178050244468765,15.349196209581192,96.75405,0.5811777831273568
A1_LCD_plus_2R,18,8814,1024,4.389058516630463,19.263834662406403,80.42177,0.4335197446181848
A1_LCD_plus_2R,18,8814,1025,4.761824430750858,22.67497190929573,233.14566,0.701287598368179
A1_LCD_plus_2R,18,8814,1026,3.043487399333587,9.26281554990232,81.06664,0.4329283752863014
A1_LCD_plus_2R,18,8814,1027,3.306835898247122,10.935163657935849,113.9181,0.7100444303238269
A1_LCD_plus_2R,18,8814,1028,3.832183472773621,14.685630168999289,45.37996,0.34825669356038436
A1_LCD_plus_2R,18,8814,1029,2.952446090458107,8.716937917061362,46.632065,0.1642695228265511
A1_LCD_plus_2R,18,8814,1030,2.6700613692333057,7.129227715472034,9.806667,0.18481828451734597
A1_LCD_plus_2R,18,8814,1031,3.8032552942567612,14.464750833292083,100.28298,0.6127733422679023
A1_LCD_plus_2R,18,8814,1032,5.208530282648934,27.128787705270984,125.56062,0.7944387151740442
A1_LCD_plus_2R,18,8814,1033,3.573069904977716,12.766828545857466,30.483232,0.36434243087678775
A1_LCD_plus_2R,18,8814,1034,4.701371927310431,22.1028979989026,185.69914,0.7440065492597224
A1_LCD_plus_2R,18,8814,1035,3.761256082570364,14.147047318672556,105.09622,0.7168475848339797
A1_LCD_plus_2R,18,8814,1036,3.703967818547924,13.719377600838667,133.14862,0.7646380151851184
A1_LCD_plus_2R,18,8814,1037,3.1600437731880935,9.985876648464838,36.36308,0.2669286398756441
A1_LCD_plus_2R,18,8814,1038,3.454848644858618,11.935979158881432,33.17581,0.5630326482881349
A1_LCD_plus_2R,18,8814,1039,3.267348811933785,10.675568258845116,63.791523,0.2415332070024252
A1_LCD_plus_2R,18,8814,1040,4.178368775860109,17.458765627082713,84.71994,0.4094235643708196
A1_LCD_plus_2R,18,8814,1041,3.2183837994255127,10.357994280404599,57.672237,0.27469543343889663
A1_LCD_plus_2R,18,8814,1042,4.042865398959674,16.34476063410536,140.70316,0.647946009541257
A1_LCD_plus_2R,18,8814,1043,3.30778578948201,10.941446829099124,82.98297,0.6863276434912262
A1_LCD_plus_2R,18,8814,1044,3.329404656702892,11.0849353680749,73.06277,0.2290769323223801
A1_LCD_plus_2R,18,8814,1045,2.7826393575259116,7.74308179405222,14.011701,0.340451186664365
A1_LCD_plus_2R,18,8814,1046,2.8193570763662956,7.948774324056706,61.67009,0.3782268799398251
A1_LCD_plus_2R,18,8814,1047,3.2781230331682623,10.74609062058829,82.934784,0.45136801044304065
A1_LCD_plus_2R,18,8814,1048,4.716116019730599,22.241750311559592,140.30452,0.662621890593316
A1_LCD_plus_2R,18,8814,1049,3.288454365386651,10.813932113230521,104.293686,0.40611921171957666
A1_LCD_plus_2R,18,8814,1050,2.3936547674889543,5.729583145922604,41.45873,0.17666090800090678
A1_LCD_plus_2R,18,8814,1051,2.946383727821395,8.681177071570703,73.85876,0.49854723008402
A1_LCD_plus_2R,18,8814,1052,3.0991695433223594,9.60485185825692,76.26279,0.46962246375872285
A1_LCD_plus_2R,18,8814,1053,3.2871412215602716,10.805297410480751,105.67336,0.3381089214258494
A1_LCD_plus_2R,18,8814,1054,4.696730847267753,22.059280651676463,77.37406,0.651785260156399
A1_LCD_plus_2R,18,8814,1055,4.573475189630527,20.91667531016599,217.91634,0.5637383564368809
A1_LCD_plus_2R,18,8814,1056,4.285562096042061,18.366042479032423,85.66896,0.7287191375238664
A1_LCD_plus_2R,18,8814,1057,2.7833847184055527,7.747230490653557,29.055136,0.24683843227108954
A1_LCD_plus_2R,18,8814,1058,2.3213939047762118,5.388869661132146,45.67137,0.1874429282167921
A1_LCD_plus_2R,18,8814,1059,2.350113504355221,5.523033483352779,28.019403,0.12581602276830914
A1_LCD_plus_2R,18,8814,1060,2.5279278522091255,6.390419225974642,26.354029,0.198075901306529
A1_LCD_plus_2R,18,8814,1061,3.6726643908037344,13.488463727477768,108.36482,0.4835827827695326
A1_LCD_plus_2R,18,8814,1062,4.033095377259819,16.265858322074525,151.90863,0.22448203865576824
A1_LCD_plus_2R,18,8814,1063,3.287980996800293,10.81081903531985,19.123806,0.30079173271573245
A1_LCD_plus_2R,18,8814,1064,2.991521764924045,8.949202470014274,58.376297,0.3587720104829471
A1_LCD_plus_2R,18,8814,1065,3.815675875813148,14.559382389262431,95.43611,0.43695674576205723
A1_LCD_plus_2R,18,8814,1066,3.3216265014803827,11.033202615336808,73.95392,0.450547260571462
A1_LCD_plus_2R,18,8814,1067,3.4806089105134275,12.114638387945467,51.968452,0.4668023046003732
A1_LCD_plus_2R,18,8814,1068,2.7868434947923935,7.76649666446668,42.911415,0.2823677170492481
A1_LCD_plus_2R,18,8814,1069,3.938214794462927,15.509535767326673,137.30188,0.29134205384618606
A1_LCD_plus_2R,18,8814,1070,4.301350055323848,18.50161229843448,121.6344,0.5463392794798815
A1_LCD_plus_2R,18,8814,1071,3.9150233520226196,15.327407846882432,127.50439,0.3259626546041333
A1_LCD_plus_2R,18,8814,1072,2.9944653052093644,8.966822464102615,7.6726665,0.29921435764542303
A1_LCD_plus_2R,18,8814,1073,3.1737588531179415,10.072745257744506,42.897953,0.12441067476162684
A1_LCD_plus_2R,18,8814,1074,2.591609983927653,6.716442308793493,22.668358,0.16798979249254012
A1_LCD_plus_2R,18,8814,1075,3.2102717425230356,10.305844660841885,118.695854,0.37617033593056326
A1_LCD_plus_2R,18,8814,1076,3.976459282787867,15.812228427669801,58.525146,0.3565768361243084
A1_LCD_plus_2R,18,8814,1077,3.7459925161971337,14.032459931404935,131.61148,0.754344934285058
A1_LCD_plus_2R,18,8814,1078,2.6721756568282014,7.140522740945233,66.80497,0.5001301509120182
A1_LCD_plus_2R,18,8814,1079,2.456646118004511,6.035110149106634,30.117626,0.083259145256979
A1_LCD_plus_2R,18,8814,1080,2.4670974679708078,6.086569916467971,22.398228,0.2320330008548684
A1_LCD_plus_2R,18,8814,1081,4.8517886237037295,23.53985284910093,290.18842,0.7843533603628254
A1_LCD_plus_2R,18,8814,1082,3.1221527465635552,9.74783777287435,27.917202,0.34555745665753984
A1_LCD_plus_2R,18,8814,1083,3.4736873749595607,12.066503978953444,101.43691,0.2511396471677962
A1_LCD_plus_2R,18,8814,1084,3.1315972218030232,9.806901159604415,65.31031,0.3608953949297321
A1_LCD_plus_2R,18,8814,1085,3.273900852452667,10.718426791690302,39.59311,0.38709670305605004
A1_LCD_plus_2R,18,8814,1086,3.7547659664020347,14.098267462451007,43.99258,0.5423369505412818
A1_LCD_plus_2R,18,8814,1087,2.9078313315136213,8.455483052532283,37.41791,0.38436735597471056
A1_LCD_plus_2R,18,8814,1088,2.7952030460637554,7.813160068724095,56.830994,0.18370717460337593
A1_LCD_plus_2R,18,8814,1089,5.989754345565211,35.87715712021733,349.47925,0.8080128297891104
A1_LCD_plus_2R,18,8814,1090,4.800174232985838,23.04167266702118,182.99472,0.7051534564675142
A1_LCD_plus_2R,18,8814,1091,3.551194920790385,12.610985365447428,81.9079,0.5467241796718565
A1_LCD_plus_2R,18,8814,1092,2.9311605024617773,8.59170189119198,34.372047,0.26105118677703465
A1_LCD_plus_2R,18,8814,1093,4.018402072098186,16.147555213042995,19.726482,0.22297770217766166
A1_LCD_plus_2R,18,8814,1094,3.325116100708194,11.056397083188866,58.06718,0.3519893919471809
A1_LCD_plus_2R,18,8814,1095,3.771597726253842,14.224949408683148,54.595955,0.38076946521651345
A1_LCD_plus_2R,18,8814,1096,5.092105063719871,25.92953397996156,115.061966,0.4002979733360319
A1_LCD_plus_2R,18,8814,1097,2.8759813733710886,8.271268859977454,23.653797,0.47495299089329446
A1_LCD_plus_2R,18,8814,1098,2.995078506988677,8.970495263025525,46.13351,0.3288956185819753
A1_LCD_plus_2R,18,8814,1099,2.5106046643102053,6.303135780456159,12.575768,0.3331998927930243
A1_LCD_plus_2R,18,8814,1100,2.887464607336271,8.337451858619607,31.53655,0.27934102862413507
A1_LCD_plus_2R,18,8814,1101,3.429378583491531,11.76063746891038,28.710714,0.1960748080292683
A1_LCD_plus_2R,18,8814,1102,2.527785406769713,6.389699062677924,43.916943,0.18431830056040796
A1_LCD_plus_2R,18,8814,1103,4.1914861828366385,17.568556420910458,133.57835,0.4172974789328866
A1_LCD_plus_2R,18,8814,1104,3.717473249137428,13.819607358052393,45.29796,0.2523060916113623
A1_LCD_plus_2R,18,8814,1105,3.505043248615099,12.285328174662283,27.47356,0.2743786964442538
A1_LCD_plus_2R,18,8814,1106,2.788559259277594,7.776062742502805,24.230762,0.37247652566958184
A1_LCD_plus_2R,18,8814,1107,2.792576449126916,7.798483224218293,15.736702,0.24695813124552526
A1_LCD_plus_2R,18,8814,1108,2.2062655875906976,4.867607842986927,18.37875,0.13225411841351595
A1_LCD_plus_2R,18,8814,1109,2.917318640249258,8.51074804874578,31.94727,0.28655249361565094
A1_LCD_plus_2R,18,8814,1110,2.482044068538538,6.160542758167338,18.176464,0.22819274102177783
A1_LCD_plus_2R,18,8814,1111,4.748315676022992,22.546501759165686,134.67708,0.565195770001825
A1_LCD_plus_2R,18,8814,1112,3.3339977366015328,11.115540907664146,33.314144,0.19273443233288956
A1_LCD_plus_2R,18,8814,1113,3.342738036653421,11.173897581689562,104.64431,0.6653541612582892
A1_LCD_plus_2R,18,8814,1114,3.572031733838589,12.759410707549918,128.97078,0.6858653106618887
A1_LCD_plus_2R,18,8814,1115,4.895093420325406,23.961939593713076,132.84929,0.708211455503635
A1_LCD_plus_2R,18,8814,1116,3.7707966455096575,14.218907341786887,83.797935,0.6753725595355181
A1_LCD_plus_2R,18,8814,1117,2.9792893989295393,8.876165322573934,13.077316,0.27285516056591985
A1_LCD_plus_2R,18,8814,1118,3.589284223027928,12.882961233677197,75.77729,0.7173085336865525
A1_LCD_plus_2R,18,8814,1119,3.8249342891152396,14.630122316049503,46.360363,0.4866604573850003
A1_LCD_plus_2R,18,8814,1120,3.1202407070296547,9.735902069804917,30.20224,0.4164291220252182
A1_LCD_plus_2R,18,8814,1121,3.376841002420873,11.403055155630806,55.06497,0.49724756062543535
A1_LCD_plus_2R,18,8814,1122,2.8729171870835426,8.253653163840015,71.340096,0.22649200544258374
A1_LCD_plus_2R,18,8814,1123,2.7099249074294662,7.343693003906601,61.63348,0.4174750655396099
A1_LCD_plus_2R,18,8814,1124,4.765991219133689,22.714672300859426,211.4236,0.5718796425054656
A1_LCD_plus_2R,18,8814,1125,3.3651566903748362,11.32427955077452,40.196907,0.6035266852857107
A1_LCD_plus_2R,18,8814,1126,2.4709562885503336,6.105624979926438,30.335804,0.19214291624164534
A1_LCD_plus_2R,18,8814,1127,3.965226944159847,15.72302471869124,130.63037,0.5807486917454558
A1_LCD_plus_2R,18,8814,1128,3.8737020331555834,15.005567441673703,162.18378,0.6846616224945171
A1_LCD_plus_2R,18,8814,1129,4.547522092535519,20.67995718209862,214.97415,0.6736034302709921
A1_LCD_plus_2R,18,8814,1130,4.160348190924795,17.308497069731217,136.53786,0.5722507745127767
A1_LCD_plus_2R,18,8814,1131,4.149483024010484,17.218209366551193,58.25353,0.5209689418699508
A1_LCD_plus_2R,18,8814,1132,3.5452181224632024,12.568571535841514,53.483177,0.7257362634749943
A1_LCD_plus_2R,18,8814,1133,3.215159440907973,10.33725023045967,45.20056,0.5476699493806526
A1_LCD_plus_2R,18,8814,1134,3.4060516554526226,11.601187879611551,86.09863,0.49834680387822566
A1_LCD_plus_2R,18,8814,1135,3.325400291165635,11.058287096484488,85.618835,0.37901313065506126
A1_LCD_plus_2R,18,8814,1136,3.2890656325196352,10.817952735021786,100.248,0.4795748380950887
A1_LCD_plus_2R,18,8814,1137,3.2526128917926322,10.579490623855628,111.377686,0.4643673312605232
A1_LCD_plus_2R,18,8814,1138,4.305269601439831,18.53534634108188,145.86656,0.5171994307389703
A1_LCD_plus_2R,18,8814,1139,4.296493479577685,18.459856220053563,127.30055,0.5770603465991093
A1_LCD_plus_2R,18,8814,1140,3.1707077180191,10.053387433105884,79.34422,0.5006949624552975
A1_LCD_plus_2R,18,8814,1141,3.5418503167782642,12.54470366646229,96.2565,0.46288677218826413
A1_LCD_plus_2R,18,8814,1142,3.628099181255292,13.163103669025318,47.986217,0.6366397501438235
A1_LCD_plus_2R,18,8814,1143,2.601159322167348,6.766029819298097,14.766025,0.12025393924261464
A1_LCD_plus_2R,18,8814,1144,3.1938747370299057,10.200835835837847,26.06163,0.22458544290858862
A1_LCD_plus_2R,18,8814,1145,3.604128713203747,12.9897437813397,8.8909645,0.27184072323488634
A1_LCD_plus_2R,18,8814,1146,2.8163333540044944,7.9317335608782065,33.029274,0.2306634630329368
A1_LCD_plus_2R,18,8814,1147,4.828839131182813,23.31768735484239,222.4588,0.5091271618938205
A1_LCD_plus_2R,18,8814,1148,4.595880480313335,21.122117389325133,93.29509,0.7168536667045944
A1_LCD_plus_2R,18,8814,1149,4.170665529452042,17.394450958559485,89.9061,0.7094889949893826
A1_LCD_plus_2R,18,8814,1150,4.762164316468237,22.67820897704339,197.81757,0.7515616974754121
A1_LCD_plus_2R,18,8814,1151,4.818329693110177,23.2163010315072,249.2196,0.5488105365933487
A1_LCD_plus_2R,18,8814,1152,4.22768625860632,17.873331101208702,112.81903,0.6729546719974372
A1_LCD_plus_2R,18,8814,1153,3.4776893303757865,12.09432307860959,51.548046,0.5469786860416528
A1_LCD_plus_2R,18,8814,1154,3.218926580255257,10.361488329073806,84.748726,0.39518929768574285
A1_LCD_plus_2R,18,8814,1155,3.2329882591641095,10.452213083892977,112.98281,0.4755289342916754
A1_LCD_plus_2R,18,8814,1156,4.281628993147736,18.3323468349633,69.3745,0.28240696416944716
A1_LCD_plus_2R,18,8814,1157,4.384784448268529,19.226334657777542,73.25362,0.7586771505702361
A1_LCD_plus_2R,18,8814,1158,4.5875733714283236,21.045829438238233,176.45164,0.7097964559053984
A1_LCD_plus_2R,18,8814,1159,2.5995664387137203,6.757745669286734,48.993187,0.23066796633936232
A1_LCD_plus_2R,18,8814,1160,3.7614335628874724,14.148382448016347,67.166695,0.4268521482656785
A1_LCD_plus_2R,18,8814,1161,3.071442531161149,9.433759222225609,42.834396,0.2470869204489148
A1_LCD_plus_2R,18,8814,1162,3.988783530247586,15.910394051174398,84.13545,0.4881701956310158
A1_LCD_plus_2R,18,8814,1163,3.0136668293749644,9.082187758474946,2.774654,0.4608507060798548
A1_LCD_plus_2R,18,8814,1164,2.649094690060416,7.017702676906294,36.520725,0.23459421007521594
A1_LCD_plus_2R,18,8814,1165,3.329497946050783,11.085556572756383,65.53906,0.2703994501512549
A1_LCD_plus_2R,18,8814,1166,3.5184335696723856,12.379374784197571,92.22892,0.48779333834217986
A1_LCD_plus_2R,18,8814,1167,4.680364348778694,21.905810437318603,117.99987,0.7192025270143997
A1_LCD_plus_2R,18,8814,1168,5.07756761366893,25.781692871379594,144.00127,0.7549213565962323
A1_LCD_plus_2R,18,8814,1169,2.838436158134621,8.056719823806029,13.878517,0.11003155518406113
A1_LCD_plus_2R,18,8814,1170,2.61803112269159,6.854086959381788,30.656967,0.20155027005301182
A1_LCD_plus_2R,18,8814,1171,2.528968184095416,6.395680076166866,57.65891,0.19309676724928285
A1_LCD_plus_2R,18,8814,1172,3.212995509785025,10.323340145898733,52.97283,0.22412738082065609
A1_LCD_plus_2R,18,8814,1173,3.4094357971598113,11.624252454954757,69.09679,0.49036774472399014
A1_LCD_plus_2R,18,8814,1174,2.6366223923041803,6.951777639599818,12.914672,0.166317866507036
A1_LCD_plus_2R,18,8814,1175,3.6162851706280237,13.07751843530415,126.73732,0.6849786406897406
A1_LCD_plus_2R,18,8814,1176,2.3869582851842766,5.697569855209859,6.00378,0.08379142058760489
A1_LCD_plus_2R,18,8814,1177,3.3247585970827855,11.054019728875891,56.159058,0.34406123979045966
A1_LCD_plus_2R,18,8814,1178,3.649345906522763,13.317725545454447,81.91097,0.5496851292429099
A1_LCD_plus_2R,18,8814,1179,3.268091373053314,10.680421222625498,68.02592,0.3935984430784561
A1_LCD_plus_2R,18,8814,1180,3.504858259534942,12.284031419430304,72.34699,0.629014748035156
A1_LCD_plus_2R,18,8814,1181,2.4775302652745443,6.138156215351352,11.728076,0.18851905585079637
A1_LCD_plus_2R,18,8814,1182,2.555877815052265,6.53251140547634,23.22134,0.25173909402684297
A1_LCD_plus_2R,18,8814,1183,2.7492069983821064,7.55813911995315,30.465084,0.13937166896669534
A1_LCD_plus_2R,18,8814,1184,3.173468633375066,10.070903167015407,95.8125,0.6181011436088653
A1_LCD_plus_2R,18,8814,1185,4.834781426790415,23.37511144483756,215.16132,0.25330965978268605
A1_LCD_plus_2R,18,8814,1186,3.595375270019245,12.926723332265958,123.638725,0.1781582652898757
A1_LCD_plus_2R,18,8814,1187,4.540082524671125,20.61234933082415,171.36343,0.7534088552791239
A1_LCD_plus_2R,18,8814,1188,4.115616242538245,16.938297055844618,96.923584,0.602017171527863
A1_LCD_plus_2R,18,8814,1189,4.14681066654364,17.19603870416011,165.97806,0.45874320343048725
A1_LCD_plus_2R,18,8814,1190,3.152740920857345,9.93977531404842,69.58225,0.11077823256100022
A1_LCD_plus_2R,18,8814,1191,3.520259132842664,12.39222436236218,33.901207,0.42042115463050334
A1_LCD_plus_2R,18,8814,1192,2.558167484970265,6.54422088115909,27.950415,0.28528355114869963
A1_LCD_plus_2R,18,8814,1193,4.571374420910071,20.89746409615089,140.17001,0.4806753628035789
A1_LCD_plus_2R,18,8814,1194,3.219499953191916,10.365179948602746,30.793182,0.3661459796183503
A1_LCD_plus_2R,18,8814,1195,3.398095759001807,11.547054787346063,58.38099,0.5830136375781134
A1_LCD_plus_2R,18,8814,1196,2.982937910566454,8.89791857829456,51.6503,0.4247125125688301
A1_LCD_plus_2R,18,8814,1197,2.880149410809628,8.295260628587044,1.8925635,0.27217518273967745
A1_LCD_plus_2R,18,8814,1198,2.618590580907252,6.85701663041618,15.119354,0.23327938018756916
A1_LCD_plus_2R,18,8814,1199,2.280069443872026,5.19871666887889,9.498815,0.10245518323035693
A1_LCD_plus_2R,18,8814,1200,2.684985880661796,7.2091491793532,51.4528,0.3513024179080549
A1_LCD_plus_2R,18,8814,1201,3.671133668985891,13.477222415561812,80.59445,0.3872348238242368
A1_LCD_plus_2R,18,8814,1202,3.7835279151507293,14.315083484724825,19.27425,0.21990387115342866
A1_LCD_plus_2R,18,8814,1203,2.8556670393105708,8.154834239404803,11.198609,0.14574447982490796
A1_LCD_plus_2R,18,8814,1204,4.276521630247132,18.288637253971583,67.54706,0.4652358021537061
A1_LCD_plus_2R,18,8814,1205,3.67968936522315,13.540113824536352,36.328552,0.460155265829851
A1_LCD_plus_2R,18,8814,1206,3.792771940473197,14.385118992440825,117.76454,0.3577290125611868
A1_LCD_plus_2R,18,8814,1207,3.140931737938478,9.865452182389228,64.024055,0.34314224096365564
A1_LCD_plus_2R,18,8814,1208,4.340383767913092,18.838931252763455,106.35366,0.43517390861428223
A1_LCD_plus_2R,18,8814,1209,2.6318202129726815,6.9264776334115705,44.410927,0.0711519631310024
A1_LCD_plus_2R,18,8814,1210,3.4721673986752166,12.05594644442302,43.007492,0.5816313900445788
A1_LCD_plus_2R,18,8814,1211,3.797681701636072,14.422386306941453,85.81375,0.26677584085485717
A1_LCD_plus_2R,18,8814,1212,4.930938265871967,24.314152181840438,81.706184,0.7970361328606248
A1_LCD_plus_2R,18,8814,1213,4.116089315935831,16.942191256761095,191.4017,0.6685831983749135
A1_LCD_plus_2R,18,8814,1214,3.092551950609265,9.563877567217165,63.03511,0.40769263643049575
A1_LCD_plus_2R,18,8814,1215,4.1773599932407635,17.450336513128466,115.60896,0.5033223746593884
A1_LCD_plus_2R,18,8814,1216,2.2146850080701674,4.904829684970756,14.65476,0.22354007193130898
A1_LCD_plus_2R,18,8814,1217,3.484992257664869,12.145171035984077,122.92346,0.4910046740876365
A1_LCD_plus_2R,18,8814,1218,2.674502057525433,7.1529612557077735,40.693657,0.17520678914499332
A1_LCD_plus_2R,18,8814,1219,3.476282316451654,12.084538743674473,83.309395,0.3324709995170234
A1_LCD_plus_2R,18,8814,1220,3.326730022465654,11.067132642374329,72.66019,0.28742879572618657
A1_LCD_plus_2R,18,8814,1221,3.671783676957849,13.481995370374102,191.57397,0.49371292999565985
A1_LCD_plus_2R,18,8814,1222,4.306027765165265,18.541875114374164,134.5173,0.3011849797456209
A1_LCD_plus_2R,18,8814,1223,3.7505295736784174,14.066472083036412,108.50993,0.5311444068464711
A1_LCD_plus_2R,18,8814,1224,3.2376249460260125,10.48221529112994,77.25681,0.4461588613024049
A1_LCD_plus_2R,18,8814,1225,2.940931874317848,8.649080289378691,12.33427,0.17235103811175595
A1_LCD_plus_2R,18,8814,1226,3.487493523690862,12.162611077785709,71.87118,0.4674746536702083
A1_LCD_plus_2R,18,8814,1227,3.448161809758175,11.889819866274772,86.99915,0.3487451122097672
A1_LCD_plus_2R,18,8814,1228,4.464895923058633,19.935295603745605,171.5917,0.674761708848703
A1_LCD_plus_2R,18,8814,1229,3.111652755731791,9.682382872253248,50.229187,0.2584389332232967
A1_LCD_plus_2R,18,8814,1230,2.9840825896507486,8.904748901856717,30.023418,0.21961025204102824
A1_LCD_plus_2R,18,8814,1231,2.5401178031921923,6.452198454093931,28.73977,0.18759342955038869
A1_LCD_plus_2R,18,8814,1232,2.988997146991455,8.934103944723057,119.66966,0.22825086355272226
A1_LCD_plus_2R,18,8814,1233,3.8463011224199013,14.794032324328592,169.22449,0.7637988688283245
A1_LCD_plus_2R,18,8814,1234,3.1781330684420785,10.100529800725061,14.878645,0.31522445953842126
A1_LCD_plus_2R,18,8814,1235,3.1079894147244325,9.65959820203912,53.04934,0.3313365162340888
A1_LCD_plus_2R,18,8814,1236,2.2240879287824833,4.9465671149559585,35.46129,0.09900914655761517
A1_LCD_plus_2R,18,8814,1237,3.5213936890029682,12.400213512949932,88.9444,0.24353413300724497
A1_LCD_plus_2R,18,8814,1238,4.59062850487356,21.073870069757646,171.64908,0.6946124710281917
A1_LCD_plus_2R,18,8814,1239,4.314629596793788,18.61602855752892,145.3089,0.6586940390754974
A1_LCD_plus_2R,18,8814,1240,3.0905558672812914,9.551535568786814,59.342247,0.39421302540348635
A1_LCD_plus_2R,18,8814,1241,3.880190009394564,15.055874509005386,8.522068,0.6765617635521151
A1_LCD_plus_2R,18,8814,1242,3.9064276314170625,15.260176839498723,116.44914,0.4998817446431435
A1_LCD_plus_2R,18,8814,1243,3.932246618824117,15.462563471253697,145.78377,0.6582040327935454
A1_LCD_plus_2R,18,8814,1244,4.193547395794434,17.585839760774288,160.23578,0.7698046403039742
A1_LCD_plus_2R,18,8814,1245,2.768723411792138,7.665829331005896,20.615486,0.1439542228799549
A1_LCD_plus_2R,18,8814,1246,3.4229022649935605,11.716259915698046,141.18852,0.5272313621384879
A1_LCD_plus_2R,18,8814,1247,3.4451485638048176,11.869048626686396,88.96213,0.32786479351850784
A1_LCD_plus_2R,18,8814,1248,3.5040180678723685,12.278142619976004,136.67506,0.44892897388040964
A1_LCD_plus_2R,18,8814,1249,2.1874043526989952,4.78473780220651,22.206558,0.3896058194668673
A1_LCD_plus_2R,18,8814,1250,3.836218611455241,14.716573234875574,117.9728,0.36821070063472927
A1_LCD_plus_2R,18,8814,1251,4.786151015372742,22.90724154195353,147.58449,0.8081677476533506
A1_LCD_plus_2R,18,8814,1252,6.0031206986298855,36.03745812231856,317.0551,0.9212140026541936
A1_LCD_plus_2R,18,8814,1253,3.6456019396042767,13.290413502046471,126.96982,0.2608669989245495
A1_LCD_plus_2R,18,8814,1254,3.2024085054737226,10.255420235930439,32.936028,0.3796999935194265
A1_LCD_plus_2R,18,8814,1255,3.0479184740312424,9.289807024340936,56.740765,0.3275797962633053
A1_LCD_plus_2R,18,8814,1256,2.431748455945984,5.913400552995674,57.99002,0.125321977073177
A1_LCD_plus_2R,18,8814,1257,2.3909984817822907,5.7168737398852185,22.526949,0.07194346427853465
A1_LCD_plus_2R,18,8814,1258,3.011235328299979,9.067538202401881,38.29834,0.43037059186633375
A1_LCD_plus_2R,18,8814,1259,3.5132042786479305,12.342604303510122,87.67622,0.21601909181197188
A1_LCD_plus_2R,18,8814,1260,3.3650291509222208,11.323421186556317,117.01346,0.4165666261290351
A1_LCD_plus_2R,18,8814,1261,2.9608587609331605,8.76668460219465,76.551346,0.2589968910101661
A1_LCD_plus_2R,18,8814,1262,2.8784870729049508,8.285687828880913,19.34861,0.13929610010980248
A1_LCD_plus_2R,18,8814,1263,2.5226864459762055,6.3639469047120585,10.2347,0.16249770379091028
A1_LCD_plus_2R,18,8814,1264,3.472892723881738,12.060983871590716,66.25425,0.5102367662044881
A1_LCD_plus_2R,18,8814,1265,4.297550729428589,18.468942272012196,197.90865,0.7740340417612552
A1_LCD_plus_2R,18,8814,1266,4.296698902855551,18.461621461800096,140.14842,0.4339807087958131
A1_LCD_plus_2R,18,8814,1267,2.3292909152097785,5.4255961676788065,12.11011,0.09074282146824977
A1_LCD_plus_2R,18,8814,1268,3.370887944076402,11.362885531519632,21.209301,0.5317069549114656
A1_LCD_plus_2R,18,8814,1269,3.751746897863281,14.075604785626753,108.30602,0.6258117748350766
A1_LCD_plus_2R,18,8814,1270,3.273195712938486,10.713810175198878,76.19753,0.2536240173260562
A1_LCD_plus_2R,18,8814,1271,2.6181990159092026,6.854966086907915,44.72501,0.2928772451726957
A1_LCD_plus_2R,18,8814,1272,3.8216344787830447,14.604890089423355,91.53623,0.7388150232795195
A1_LCD_plus_2R,18,8814,1273,2.646683595972519,7.004934057190022,30.690603,0.27430669032362115
A1_LCD_plus_2R,18,8814,1274,3.326709705285732,11.066997463242284,66.40091,0.2322415629708689
A1_LCD_plus_2R,18,8814,1275,2.9770004452982457,8.862531651305956,9.695912,0.5869617787215919
A1_LCD_plus_2R,18,8814,1276,2.9758421823534684,8.855636694274255,59.37927,0.2610785922500359
A1_LCD_plus_2R,18,8814,1277,2.5722056579710713,6.616241946898392,38.64653,0.18706104965648931
A1_LCD_plus_2R,18,8814,1278,3.5774352663886737,12.798043085201396,74.942,0.49698921985966266
A1_LCD_plus_2R,18,8814,1279,3.682791252215017,13.56295140739145,96.725266,0.32270319557034083
A1_LCD_plus_2R,18,8814,1280,2.8818021657617874,8.304783722589328,29.501165,0.21126140414540745
A1_LCD_plus_2R,18,8814,1281,2.6244190667799425,6.8875754380781045,7.223685,0.33106191383778594
A1_LCD_plus_2R,18,8814,1282,3.869144852481322,14.970281889482717,134.86444,0.6089326229563963
A1_LCD_plus_2R,18,8814,1283,2.93324215271816,8.603909526482663,115.81853,0.21183239184509808
A1_LCD_plus_2R,18,8814,1284,4.563375069668689,20.824392026473713,126.07936,0.49277120230825044
A1_LCD_plus_2R,18,8814,1285,3.8107000919509244,14.521435190794778,137.30066,0.3617709909878839
A1_LCD_plus_2R,18,8814,1286,4.798806724204773,23.02854597627295,179.064,0.7317858322431178
A1_LCD_plus_2R,18,8814,1287,4.0881538944499685,16.713002264706443,105.25522,0.5537500460880252
A1_LCD_plus_2R,18,8814,1288,3.466506385443012,12.016666520317175,31.097733,0.4393330541325581
A1_LCD_plus_2R,18,8814,1289,3.3165280654472236,10.999358408899106,67.63436,0.24184572012075495
A1_LCD_plus_2R,18,8814,1290,1.9286439045954606,3.7196673107332234,4.134096,0.15560385647579167
A1_LCD_plus_2R,18,8814,1291,2.8272742657915146,7.993479774006949,64.11175,0.276024644212393
A1_LCD_plus_2R,18,8814,1292,3.519586039730011,12.387485891062386,172.56628,0.5392385573018066
A1_LCD_plus_2R,18,8814,1293,3.731995914515705,13.927793505961914,53.28012,0.3423603582880721
A1_LCD_plus_2R,18,8814,1294,4.135355862281077,17.101168107702474,20.173393,0.5736370284233704
A1_LCD_plus_2R,18,8814,1295,3.4028357347125255,11.579291037436533,84.99704,0.38246240066803316
A1_LCD_plus_2R,18,8814,1296,3.645707675618641,13.291184456064673,80.88603,0.11087417409634578
A1_LCD_plus_2R,18,8814,1297,2.6978145842218737,7.2782035308402415,51.698563,0.12968928753908293
A1_LCD_plus_2R,18,8814,1298,2.616335774102276,6.845212882847356,37.53948,0.1577782869843288
A1_LCD_plus_2R,18,8814,1299,3.694996989313426,13.653002751035281,82.45091,0.36880314927797186
A1_LCD_plus_2R,18,8814,1300,3.5301575147510205,12.462012078953098,80.579765,0.5578082480428477
A1_LCD_plus_2R,18,8814,1301,3.006636008541454,9.039860087858086,5.5305877,0.28611475640859096
A1_LCD_plus_2R,18,8814,1302,3.546432571727042,12.577183985806487,48.507854,0.5421125483511045
A1_LCD_plus_2R,18,8814,1303,4.695428368718103,22.04704756576274,191.84128,0.7998413165726217
A1_LCD_plus_2R,18,8814,1304,3.877856655355456,15.037772239484603,103.544304,0.5631356049576198
A1_LCD_plus_2R,18,8814,1305,3.136118828845736,9.835241308640748,17.661005,0.41210798626395223
A1_LCD_plus_2R,18,8814,1306,2.8645711477106617,8.205767860296376,41.351532,0.11697990847533898
A1_LCD_plus_2R,18,8814,1307,3.9561122255933907,15.65082394148949,94.57049,0.5122846025909743
A1_LCD_plus_2R,18,8814,1308,3.0386899253622186,9.233636462497843,31.93911,0.39819100506665606
A1_LCD_plus_2R,18,8814,1309,3.243647104357196,10.521246537604823,82.839264,0.4790815339986104
A1_LCD_plus_2R,18,8814,1310,3.6116748364937665,13.044195124562274,129.40346,0.4338005983018867
A1_LCD_plus_2R,18,8814,1311,3.482080773419968,12.124886512621002,75.66863,0.4701022764150785
A1_LCD_plus_2R,18,8814,1312,3.301931071304848,10.902748799648384,46.194885,0.5306702552143824
A1_LCD_plus_2R,18,8814,1313,2.82825688021219,7.999036980467588,70.66858,0.3093262695090031
A1_LCD_plus_2R,18,8814,1314,3.5038956921398223,12.277285021396008,111.68485,0.35497528319658456
A1_LCD_plus_2R,18,8814,1315,2.7935881018362485,7.804134482721051,45.261375,0.21952020115206333
A1_LCD_plus_2R,18,8814,1316,3.730068027869632,13.913407492535246,7.986087,0.5518118094469611
A1_LCD_plus_2R,18,8814,1317,3.765363640762532,14.17796334717647,123.77163,0.5954184609891708
A1_LCD_plus_2R,18,8814,1318,3.1975832071880004,10.224538366890695,11.263848,0.30606361393789094
A1_LCD_plus_2R,18,8814,1319,3.1227825659784556,9.751770954378987,40.11017,0.18718023593103095
A1_LCD_plus_2R,18,8814,1320,3.215801392786315,10.3413785978464,134.6262,0.42683383422786114
A1_LCD_plus_2R,18,8814,1321,2.7093452784535783,7.340551837878698,47.312008,0.44934669426396445
A1_LCD_plus_2R,18,8814,1322,4.279208215664792,18.311622953013053,104.72339,0.6000231950295347
A1_LCD_plus_2R,18,8814,1323,3.056051221826159,9.339449070425157,30.9512,0.2820436151739335
A1_LCD_plus_2R,18,8814,1324,3.115881444832879,9.708717178253826,29.462822,0.22387766563358263
A1_LCD_plus_2R,18,8814,1325,3.7685186514093987,14.201732826020509,94.985054,0.6115164107460813
A1_LCD_plus_2R,18,8814,1326,4.638611679990906,21.516718317748058,141.91809,0.8212102238014221
A1_LCD_plus_2R,18,8814,1327,5.3546523850221845,28.672302164423776,244.55023,0.8228768113629684
A1_LCD_plus_2R,18,8814,1328,3.1189656064696205,9.72794645434041,42.402317,0.46364200483122664
A1_LCD_plus_2R,18,8814,1329,3.475842905288359,12.081483902243424,27.86254,0.4083321055900898
A1_LCD_plus_2R,18,8814,1330,3.172619781921597,10.065516280640242,66.17583,0.14116529545135104
A1_LCD_plus_2R,18,8814,1331,3.7004830501852006,13.69357480470797,84.16202,0.5076756953674316
A1_LCD_plus_2R,18,8814,1332,4.449221360026123,19.79557071051271,94.992,0.43139911897425
A1_LCD_plus_2R,18,8814,1333,2.945670012176891,8.676971820638203,56.095432,0.5749595811399163
A1_LCD_plus_2R,18,8814,1334,2.4990879202638903,6.245440433208897,11.840024,0.4168949826714311
A1_LCD_plus_2R,18,8814,1335,3.722176539333386,13.854598189963856,85.369934,0.6246355028087445
A1_LCD_plus_2R,18,8814,1336,2.774129647743723,7.6957953024907155,54.300003,0.22314069009964826
A1_LCD_plus_2R,18,8814,1337,3.3078849597649906,10.942102907039434,39.328327,0.409729160758064
A1_LCD_plus_2R,18,8814,1338,3.316144762968027,10.99681608896027,61.99594,0.3157551880637226
A1_LCD_plus_2R,18,8814,1339,3.3308494507698683,11.09455806369393,42.025337,0.3496134799739105
A1_LCD_plus_2R,18,8814,1340,3.9369216380448555,15.499351984105784,135.05598,0.5419398479210449
A1_LCD_plus_2R,18,8814,1341,4.328082844503623,18.732301108886574,156.03085,0.5899086340692203
A1_LCD_plus_2R,18,8814,1342,3.59323460801726,12.911334948252952,117.31091,0.6337721278897026
A1_LCD_plus_2R,18,8814,1343,3.7217832424904183,13.851670504082492,88.41087,0.5615013365306395
A1_LCD_plus_2R,18,8814,1344,4.007281053565015,16.05830144226114,180.39217,0.6613645659109786
A1_LCD_plus_2R,18,8814,1345,2.346504969267005,5.506085570794748,1.3042272,0.20576492429813426
A1_LCD_plus_2R,18,8814,1346,3.1418775779496264,9.87139471482261,9.686041,0.24664154939689137
A1_LCD_plus_2R,18,8814,1347,4.503789162059041,20.28411681628048,121.66327,0.34419210814810675
A1_LCD_plus_2R,18,8814,1348,4.359974434532358,19.009377069775756,49.198627,0.6993193572601735
A1_LCD_plus_2R,18,8814,1349,3.1341866859388547,9.823126182316383,70.5317,0.30473939520414306
A1_LCD_plus_2R,18,8814,1350,3.0186410950007687,9.11219406042744,87.81055,0.42388434371653316
A1_LCD_plus_2R,18,8814,1351,2.6132468061627767,6.829058869919954,11.042842,0.26599125297187143
A1_LCD_plus_2R,18,8814,1352,3.799369346738211,14.43520743293394,79.430466,0.6981335587240836
A1_LCD_plus_2R,18,8814,1353,3.563200289344037,12.69639630198143,76.47533,0.6107367105697685
A1_LCD_plus_2R,18,8814,1354,4.072867057299717,16.58824606643726,137.0706,0.4786040181152839
A1_LCD_plus_2R,18,8814,1355,3.1165158273448546,9.712670902090984,66.4797,0.36477659793346473
A1_LCD_plus_2R,18,8814,1356,3.457417127107499,11.953733190816276,45.76038,0.26666343256620684
A1_LCD_plus_2R,18,8814,1357,3.045140386771998,9.272879975149909,21.546432,0.15516114424149166
A1_LCD_plus_2R,18,8814,1358,2.945021005368631,8.673148722062463,73.702354,0.264705273194272
A1_LCD_plus_2R,18,8814,1359,2.875922775062574,8.270931808123617,16.391048,0.22097269634737038
A1_LCD_plus_2R,18,8814,1360,3.057040702745257,9.345497858241217,26.199766,0.1826903906597998
A1_LCD_plus_2R,18,8814,1361,3.1365694945797777,9.838068194328443,40.641167,0.20522648531702498
A1_LCD_plus_2R,18,8814,1362,3.4548451923573618,11.935955303154774,64.982376,0.3582475390513338
A1_LCD_plus_2R,18,8814,1363,2.7278260875044693,7.44103516366994,59.562878,0.1994444483476614
A1_LCD_plus_2R,18,8814,1364,2.897056188209147,8.392934557640912,48.113934,0.3331693565381195
A1_LCD_plus_2R,18,8814,1365,3.9446352264419042,15.560147069686373,168.90848,0.6898643225447559
A1_LCD_plus_2R,18,8814,1366,4.189926574302003,17.555484698042125,185.33415,0.565049037805757
A1_LCD_plus_2R,18,8814,1367,4.122848051396603,16.997876054904758,107.33062,0.4474011171140686
A1_LCD_plus_2R,18,8814,1368,3.653536933249348,13.348332122617048,108.316315,0.4456871546585046
A1_LCD_plus_2R,18,8814,1369,3.3606894827926426,11.294233799753078,65.445564,0.30236395054994925
A1_LCD_plus_2R,18,8814,1370,3.8654970989449615,14.942067821951909,113.32302,0.5979899291482093
A1_LCD_plus_2R,18,8814,1371,3.763394485063322,14.163138050205022,87.51083,0.472227418862022
A1_LCD_plus_2R,18,8814,1372,3.4647905607069345,12.004773629563875,53.34866,0.2872474882594096
A1_LCD_plus_2R,18,8814,1373,3.221006871505013,10.374885266282508,58.60425,0.36753612512292216
A1_LCD_plus_2R,18,8814,1374,3.358745540847904,11.28117160816568,54.405098,0.29704747657013764
A1_LCD_plus_2R,18,8814,1375,2.94427812216186,8.668773660640968,44.768543,0.2891388354642096
A1_LCD_plus_2R,18,8814,1376,4.330961295435769,18.757225742562667,138.10753,0.6337837550467993
A1_LCD_plus_2R,18,8814,1377,4.228360677570559,17.87903401962496,148.32986,0.4794045066143555
A1_LCD_plus_2R,18,8814,1378,4.411995833710219,19.465707236676327,147.50865,0.469215089854913
A1_LCD_plus_2R,18,8814,1379,2.6169170755342424,6.848254980222692,19.952848,0.1698045118829554
A1_LCD_plus_2R,18,8814,1380,2.6582404613357062,7.066242350282269,50.814518,0.40029180863385505
A1_LCD_plus_2R,18,8814,1381,3.119147167972829,9.729079055472916,29.689135,0.25433329678949657
A1_LCD_plus_2R,18,8814,1382,4.348177058426833,18.906643731429423,164.5246,0.7763620749315843
A1_LCD_plus_2R,18,8814,1383,3.147639504851477,9.90763445250165,87.43192,0.40609267810232086
A1_LCD_plus_2R,18,8814,1384,2.963874319407864,8.78455098124543,24.654099,0.24797536919343688
A1_LCD_plus_2R,18,8814,1385,2.8306302738071674,8.012467746993641,31.06247,0.21783111906301045
A1_LCD_plus_2R,18,8814,1386,3.1621046037801195,9.998905525247425,55.47361,0.5453325639064213
A1_LCD_plus_2R,18,8814,1387,2.468983837487729,6.095881189775632,48.557632,0.23615185654016882
A1_LCD_plus_2R,18,8814,1388,3.517377415998674,12.371943886577514,40.034283,0.2618144986333434
A1_LCD_plus_2R,18,8814,1389,5.043407498920133,25.435959200163833,188.28973,0.7436220363017056
A1_LCD_plus_2R,18,8814,1390,3.350289434653627,11.224439295951719,112.83683,0.4042867100598516
A1_LCD_plus_2R,18,8814,1391,4.094394050478056,16.764062640590097,64.32002,0.5942647354906024
A1_LCD_plus_2R,18,8814,1392,3.666593510657458,13.443907972395376,81.67692,0.5923471806499244
A1_LCD_plus_2R,18,8814,1393,2.67593506449652,7.160628469401995,40.204784,0.12880807906092856
A1_LCD_plus_2R,18,8814,1394,3.7149210797090078,13.800638628466338,47.984615,0.553024351946795
A1_LCD_plus_2R,18,8814,1395,2.7328524327462085,7.468482419166868,7.0369167,0.25529947105571826
A1_LCD_plus_2R,18,8814,1396,4.606898965650864,21.223518079715006,139.27165,0.3789310938165323
A1_LCD_plus_2R,18,8814,1397,3.5473850605643027,12.583940767914802,71.11951,0.6155013966192953
A1_LCD_plus_2R,18,8814,1398,4.995558241441339,24.95560214363248,241.26683,0.7606233522729362
A1_LCD_plus_2R,18,8814,1399,4.994556358585053,24.945593219082387,219.78358,0.8460148770022118
A1_LCD_plus_2R,18,8814,1400,4.348916140152747,18.91307159408107,136.90756,0.6864311731475025
A1_LCD_plus_2R,18,8814,1401,3.1784805505564404,10.102738610265577,63.11396,0.2304262112263787
A1_LCD_plus_2R,18,8814,1402,3.206842566363135,10.283839245438498,62.943127,0.2535604707784431
A1_LCD_plus_2R,18,8814,1403,3.1087464041868134,9.66430420554444,20.602514,0.23133702860408836
A1_LCD_plus_2R,18,8814,1404,2.685575402214785,7.212315240981104,20.642344,0.21038632543175265
A1_LCD_plus_2R,18,8814,1405,2.819233634938953,7.9480782883711,74.59671,0.24325083469483486
A1_LCD_plus_2R,18,8814,1406,2.944271155128002,8.66873263491878,48.22232,0.487680970462106
A1_LCD_plus_2R,18,8814,1407,3.428695324668095,11.755951629400853,58.537224,0.3380534268541403
A1_LCD_plus_2R,18,8814,1408,3.214838986576593,10.335189709612818,104.45345,0.6081150749835647
A1_LCD_plus_2R,18,8814,1409,3.7328614429062243,13.934254551935936,93.039314,0.4987933024747454
A1_LCD_plus_2R,18,8814,1410,5.360189532769477,28.731631827211462,249.40427,0.8046949588313992
A1_LCD_plus_2R,18,8814,1411,4.361679408715718,19.02424726441469,75.657776,0.7673468006658252
A1_LCD_plus_2R,18,8814,1412,4.274219728138782,18.268954284410757,61.590485,0.7173924262458158
A1_LCD_plus_2R,18,8814,1413,2.3657099837238813,5.596583727090846,35.560734,0.18935665608098984
A1_LCD_plus_2R,18,8814,1414,2.324941458671185,5.4053527862480975,18.072418,0.16863805861504727
A1_LCD_plus_2R,18,8814,1415,2.769962007692795,7.672689524061498,32.774292,0.24866695772825198
A1_LCD_plus_2R,18,8814,1416,4.442567172232321,19.73640307979628,158.82135,0.4364392175124927
A1_LCD_plus_2R,18,8814,1417,2.3048456307917458,5.3123133817798,15.225101,0.364940837416058
A1_LCD_plus_2R,18,8814,1418,4.083155535823952,16.672159129729785,108.92446,0.5002207513472113
A1_LCD_plus_2R,18,8814,1419,4.254369395927423,18.09965895700387,100.97946,0.5213265678850165
A1_LCD_plus_2R,18,8814,1420,3.398854430041374,11.552211436611875,49.10305,0.31893192223856975
A1_LCD_plus_2R,18,8814,1421,2.8870255398263773,8.334916467609789,42.66585,0.2719023618273629
A1_LCD_plus_2R,18,8814,1422,3.1602880703543472,9.987420687624002,15.511214,0.44738537025659386
A1_LCD_plus_2R,18,8814,1423,3.9156439684199316,15.33226768742339,73.046135,0.5662335481004916
A1_LCD_plus_2R,18,8814,1424,4.242581411203924,17.99949703069308,90.14579,0.6630052353576497
A1_LCD_plus_2R,18,8814,1425,4.267616380653733,18.212549572424066,199.80493,0.7317317652860007
A1_LCD_plus_2R,18,8814,1426,3.2367557311626616,10.476587663214337,78.212616,0.3602853673674079
A1_LCD_plus_2R,18,8814,1427,2.71445301068846,7.368255147235647,28.407478,0.09170319696684004
A1_LCD_plus_2R,18,8814,1428,2.938054350256691,8.632163365062265,16.813852,0.1532284510429559
A1_LCD_plus_2R,18,8814,1429,2.882108734081925,8.306550755071314,44.71167,0.17049437816162422
A1_LCD_plus_2R,18,8814,1430,3.3184048688499446,11.011810873607017,15.592791,0.38641235764308834
A1_LCD_plus_2R,18,8814,1431,4.529268864278459,20.51427644492228,132.99792,0.7980226439203272
A1_LCD_plus_2R,18,8814,1432,4.022943784150193,16.18407669043268,107.745964,0.6794028336105933
A1_LCD_plus_2R,18,8814,1433,2.434684397269473,5.927688114307418,75.49324,0.15762163547966823
A1_LCD_plus_2R,18,8814,1434,2.7901928054828615,7.785175891768321,27.841816,0.1496588538086808
A1_LCD_plus_2R,18,8814,1435,4.027765681029862,16.22289638128195,76.04564,0.7233190367767539
A1_LCD_plus_2R,18,8814,1436,3.74303378481802,14.010301914289109,84.05459,0.44472341422456163
A1_LCD_plus_2R,18,8814,1437,3.572609769843416,12.763540567580621,83.55695,0.3999784701515387
A1_LCD_plus_2R,18,8814,1438,4.131199721535076,17.066811139211488,114.12005,0.6554267358529959
A1_LCD_plus_2R,18,8814,1439,3.894735810510578,15.168967033673491,80.86257,0.6116614787739472
A1_LCD_plus_2R,18,8814,1440,3.0853752957385114,9.519540715553507,19.653511,0.22104788227366462
A1_LCD_plus_2R,18,8814,1441,4.250224268891756,18.064406335876466,138.00343,0.7297829309777357
A1_LCD_plus_2R,18,8814,1442,3.6719098708882236,13.482922099926373,91.61344,0.5367138207341495
A1_LCD_plus_2R,18,8814,1443,3.1804712375688196,10.115397293002538,94.14044,0.4283891692747386
A1_LCD_plus_2R,18,8814,1444,3.5574849759689036,12.65569935424447,51.10337,0.6314383459642647
A1_LCD_plus_2R,18,8814,1445,3.7118233515692576,13.777632593254832,66.049286,0.634913086883196
A1_LCD_plus_2R,18,8814,1446,3.47584509610182,12.081499132095066,72.31972,0.35436954481059996
A1_LCD_plus_2R,18,8814,1447,3.424359144983724,11.726235553833662,42.126633,0.37312050586696105
A1_LCD_plus_2R,18,8814,1448,3.417038003106212,11.67614871467209,24.350088,0.39630805175887546
A1_LCD_plus_2R,18,8814,1449,3.0832956734898485,9.50671221016122,31.466087,0.2565628310638851
A1_LCD_plus_2R,18,8814,1450,4.022738800701613,16.182427458670244,97.30736,0.5176549057934852
A1_LCD_plus_2R,18,8814,1451,4.48323973326305,20.099438505908537,237.87009,0.672967746098488
A1_LCD_plus_2R,18,8814,1452,3.0601927664643873,9.364779767920961,16.367645,0.12240621376136118
A1_LCD_plus_2R,18,8814,1453,3.734275724360255,13.94481518554631,135.90367,0.5978349533654513
A1_LCD_plus_2R,18,8814,1454,3.0169469197281966,9.101968716457455,68.33267,0.14965586825738203
A1_LCD_plus_2R,18,8814,1455,2.6337087498447693,6.936421779008897,59.17775,0.21158131454157741
A1_LCD_plus_2R,18,8814,1456,2.4382920824218672,5.945268279201165,14.109209,0.12229185536137736
A1_LCD_plus_2R,18,8814,1457,3.4541511223259946,11.931159975865924,109.41002,0.4984088327011328
A1_LCD_plus_2R,18,8814,1458,4.222578195925459,17.83016662070511,135.87192,0.8032465979434413
A1_LCD_plus_2R,18,8814,1459,4.041262457834192,16.331802253100054,123.855576,0.4676656231659253
A1_LCD_plus_2R,18,8814,1460,4.12360446590355,17.004113791219698,100.277435,0.4853310317784464
A1_LCD_plus_2R,18,8814,1461,2.995742874243728,8.97447536858207,75.7959,0.13173205355779663
A1_LCD_plus_2R,18,8814,1462,5.299184301557639,28.081354261874917,209.7353,0.7556424071361019
A1_LCD_plus_2R,18,8814,1463,2.356698609399611,5.55402833554606,9.9372635,0.27091761476722587
A1_LCD_plus_2R,18,8814,1464,3.0565791674109306,9.342676206650497,46.874992,0.32676395606201236
A1_LCD_plus_2R,18,8814,1465,4.298425457998229,18.47646141796728,102.77898,0.4094556327734754
A1_LCD_plus_2R,18,8814,1466,4.1281935685119615,17.041982139103524,84.51572,0.5632065973988363
A1_LCD_plus_2R,18,8814,1467,2.80649721936681,7.8764266423136355,21.037052,0.15748939366330375
A1_LCD_plus_2R,18,8814,1468,3.04343336652491,9.262486656477147,68.82527,0.26050042610537316
A1_LCD_plus_2R,18,8814,1469,3.2079805746233134,10.291139367160522,80.00411,0.4709537313492541
A1_LCD_plus_2R,18,8814,1470,3.3862292313431217,11.466548407202628,122.43554,0.5328242996863054
A1_LCD_plus_2R,18,8814,1471,4.397639087711222,19.33922954576559,132.33078,0.8149117030166626
A1_LCD_plus_2R,18,8814,1472,3.248155173586743,10.550512031698323,89.72981,0.47876695218343324
A1_LCD_plus_2R,18,8814,1473,3.221031370568497,10.375043090186367,44.506393,0.11965301357776739
A1_LCD_plus_2R,18,8814,1474,3.7892921534997743,14.358735024574953,37.678627,0.624903521615696
A1_LCD_plus_2R,18,8814,1475,3.5833807643850144,12.840617702564533,62.800568,0.3927423742544092
A1_LCD_plus_2R,18,8814,1476,3.5130929373967086,12.341821986786634,115.826065,0.44991290892158653
A1_LCD_plus_2R,18,8814,1477,3.580466812180486,12.819742593125891,77.287636,0.672685258704635
A1_LCD_plus_2R,18,8814,1478,4.760029482395728,22.65788067327654,127.42231,0.441231490824061
A1_LCD_plus_2R,18,8814,1479,2.657061335759012,7.059974941985463,62.24299,0.32569405576794774
A1_LCD_plus_2R,18,8814,1480,3.104476293838413,9.63777305900469,76.629684,0.4265323657577031
A1_LCD_plus_2R,18,8814,1481,2.957475441378247,8.746660986355455,61.82711,0.15530903421699366
A1_LCD_plus_2R,18,8814,1482,3.3826808623472395,11.44252981649027,61.475037,0.39387499684180827
A1_LCD_plus_2R,18,8814,1483,3.075914058906149,9.461247297776499,76.13497,0.6136352168329386
A1_LCD_plus_2R,18,8814,1484,3.4691215340169217,12.034804217779923,30.399076,0.18509038943825357
A1_LCD_plus_2R,18,8814,1485,3.709645329598982,13.761468471415542,23.588564,0.26982577597031376
A1_LCD_plus_2R,18,8814,1486,2.7249131529523294,7.425151691132604,22.144943,0.2948799792655531
A1_LCD_plus_2R,18,8814,1487,3.930046144598858,15.445262698676352,88.522766,0.5201293879605925
A1_LCD_plus_2R,18,8814,1488,3.524257552478391,12.420391296200984,4.713402,0.2378465545127702
A1_LCD_plus_2R,18,8814,1489,2.705923039608232,7.322019496282654,30.002056,0.30078481102492344
A1_LCD_plus_2R,18,8814,1490,4.748998367213752,22.552985491798886,166.77768,0.7547975814359775
A1_LCD_plus_2R,18,8814,1491,3.6229998077364267,13.126127606858184,47.63453,0.4724972461952885
A1_LCD_plus_2R,18,8814,1492,2.7460559838894962,7.54082346665531,24.738688,0.48896074391125255
A1_LCD_plus_2R,18,8814,1493,3.5109647733875,12.326873639967937,105.895935,0.5116518499169533
A1_LCD_plus_2R,18,8814,1494,3.235214673316978,10.466613982445482,103.74328,0.3927873756488554
A1_LCD_plus_2R,18,8814,1495,4.927473879618815,24.279998834325696,131.89569,0.6847512559136991
A1_LCD_plus_2R,18,8814,1496,3.168745293355358,10.040946734161734,36.212105,0.16249910588633404
A1_LCD_plus_2R,18,8814,1497,2.8922199115327385,8.36493601666644,33.816525,0.26397353805041557
A1_LCD_plus_2R,18,8814,1498,3.9211933798402354,15.375757522102893,150.81447,0.5941710453405357
A1_LCD_plus_2R,18,8814,1499,4.4994646458424885,20.245182099186476,164.20633,0.7004347860932851
A1_LCD_plus_2R,18,8814,1500,4.321456728537593,18.67498825662284,146.40062,0.6684152949445885
A1_LCD_plus_2R,18,8814,1501,3.473541874854532,12.065493156367939,90.024605,0.7366057816973882
A1_LCD_plus_2R,18,8814,1502,2.6906765313095673,7.239740196140083,4.2800274,0.23535702433327868
A1_LCD_plus_2R,18,8814,1503,2.9901767502931165,8.941156997993502,64.69371,0.22010473179246018
A1_LCD_plus_2R,18,8814,1504,2.599723716088651,6.758563399993784,13.573416,0.2872654231134716
A1_LCD_plus_2R,18,8814,1505,3.436514672933722,11.809633097288767,49.201687,0.3113192463841861
A1_LCD_plus_2R,18,8814,1506,3.7254546714574563,13.879012509084182,91.74065,0.4459094214110182
A1_LCD_plus_2R,18,8814,1507,3.59157409601627,12.899404487175087,123.72085,0.6605432985198778
A1_LCD_plus_2R,18,8814,1508,2.5576133103185894,6.541385845118813,40.9971,0.3926187983338457
A1_LCD_plus_2R,18,8814,1509,3.1952566487087846,10.209665051117696,2.6569424,0.46305803140566965
A1_LCD_plus_2R,18,8814,1510,4.137608714297207,17.119805872628188,125.28277,0.4068628319778456
A1_LCD_plus_2R,18,8814,1511,3.4721235616650743,12.055642027469764,62.647087,0.1985939520950805
A1_LCD_plus_2R,18,8814,1512,3.569088821551404,12.738395016123187,75.71444,0.44987293993861655
A1_LCD_plus_2R,18,8814,1513,3.865738978930003,14.943937853218785,68.916245,0.4832628923820049
A1_LCD_plus_2R,18,8814,1514,3.434587381735515,11.79639048277682,106.68822,0.5785846500840783
A1_LCD_plus_2R,18,8814,1515,2.747931748713168,7.551128895585809,28.711618,0.14078941757260763
A1_LCD_plus_2R,18,8814,1516,2.201819087976369,4.848007296177087,5.2607236,0.19007153745973296
A1_LCD_plus_2R,18,8814,1517,3.5981110099306797,12.946402839784376,34.65301,0.28168470046459015
A1_LCD_plus_2R,18,8814,1518,3.1915566442983185,10.186033813764743,50.777145,0.6089441229384739
A1_LCD_plus_2R,18,8814,1519,3.6487762278165885,13.313567960679455,112.48451,0.5708925365607942
A1_LCD_plus_2R,18,8814,1520,3.183636537574816,10.135541603381368,81.05433,0.49739313775970606
A1_LCD_plus_2R,18,8814,1521,3.5279076361636372,12.446132289301698,82.68657,0.25506458477778815
A1_LCD_plus_2R,18,8814,1522,3.4526850451573794,11.921034021053414,110.62919,0.4008839303854496
A1_LCD_plus_2R,18,8814,1523,3.0282476322789553,9.170283722403099,54.81273,0.5556787324184665
A1_LCD_plus_2R,18,8814,1524,3.5152339864531594,12.356869979515366,96.840355,0.3692735239089865
A1_LCD_plus_2R,18,8814,1525,4.673587151942151,21.84241686679874,212.79803,0.7671511776207347
A1_LCD_plus_2R,18,8814,1526,3.2110288476563644,10.310706260481362,50.219273,0.3745615573930611
A1_LCD_plus_2R,18,8814,1527,3.0357059584966106,9.215510666451825,61.82387,0.2947764127743245
A1_LCD_plus_2R,18,8814,1528,4.550482552382951,20.70689145954165,138.44653,0.7461881426393673
A1_LCD_plus_2R,18,8814,1529,4.774066704355092,22.791712897631893,156.76617,0.6906390916248089
A1_LCD_plus_2R,18,8814,1530,4.084962494578712,16.68691858211474,108.38679,0.319355606924624
A1_LCD_plus_2R,18,8814,1531,3.0652374197828207,9.395680439636841,68.31382,0.3194938187116985
A1_LCD_plus_2R,18,8814,1532,3.391933130927346,11.50521036468259,62.871674,0.46837111327649794
A1_LCD_plus_2R,18,8814,1533,2.8012468190813493,7.846983741413379,98.89914,0.371876142892725
A1_LCD_plus_2R,18,8814,1534,2.678593151027963,7.174861268733911,28.904404,0.10567771689856245
A1_LCD_plus_2R,18,8814,1535,4.363821104971297,19.04293463619291,93.69483,0.37673901364958556
A1_LCD_plus_2R,18,8814,1536,2.71312834554691,7.361065419410112,14.596075,0.14299630544198358
A1_LCD_plus_2R,18,8814,1537,2.9058421463868522,8.443918579718149,41.83346,0.1679500808233214
A1_LCD_plus_2R,18,8814,1538,3.040675693557496,9.245708673391361,47.027916,0.17522798119342636
A1_LCD_plus_2R,18,8814,1539,4.419279217992899,19.530028806583918,92.58856,0.7663554693565084
A1_LCD_plus_2R,18,8814,1540,4.656957718498765,21.687255191885214,113.6884,0.6632710770995746
A1_LCD_plus_2R,18,8814,1541,3.870408068389547,14.980058615854903,75.12902,0.32210963688187055
A1_LCD_plus_2R,18,8814,1542,2.637598901732075,6.95692796641825,31.523327,0.26791582211394477
A1_LCD_plus_2R,18,8814,1543,3.3128657457906696,10.975079449633174,66.01349,0.26717543629516344
A1_LCD_plus_2R,18,8814,1544,3.5508403955430374,12.608467514620235,33.257607,0.6550161114331443
A1_LCD_plus_2R,18,8814,1545,3.2373062175622827,10.480151546267415,107.7001,0.2831777455308914
A1_LCD_plus_2R,18,8814,1546,3.131336580013692,9.805268777331843,24.00253,0.38707175970566465
A1_LCD_plus_2R,18,8814,1547,3.8575433609777403,14.88064078182344,90.31223,0.4773368606305439
A1_LCD_plus_2R,18,8814,1548,4.975390191676162,24.754507559427356,198.88734,0.7040589951431322
A1_LCD_plus_2R,18,8814,1549,4.8321708170249345,23.349874804907422,152.2949,0.7293112998524723
A1_LCD_plus_2R,18,8814,1550,3.7657358670527814,14.180766620407756,58.019188,0.4479721012803143
A1_LCD_plus_2R,18,8814,1551,3.5641679550167584,12.703293211568337,123.55037,0.5649452745641579
A1_LCD_plus_2R,18,8814,1552,3.359830638848208,11.288461921743162,45.868454,0.46101200293619204
A1_LCD_plus_2R,18,8814,1553,2.573695688330513,6.623909496131069,39.823635,0.2823901639568681
A1_LCD_plus_2R,18,8814,1554,4.119261579065671,16.96831595676661,55.521915,0.7521779522591001
A1_LCD_plus_2R,18,8814,1555,3.7616566726049125,14.150060922553061,121.34688,0.6168794487125784
A1_LCD_plus_2R,18,8814,1556,2.617577002340879,6.85170936318386,30.72513,0.09791123200781184
A1_LCD_plus_2R,18,8814,1557,3.1735845533247686,10.07163891710157,98.12534,0.30866209813060735
A1_LCD_plus_2R,18,8814,1558,2.178114495684002,4.744182756308775,3.2043393,0.13275429107250863
A1_LCD_plus_2R,18,8814,1559,3.349362949757609,11.218232169208994,59.639084,0.24303371828503045
A1_LCD_plus_2R,18,8814,1560,2.2531039147496923,5.076477250660388,25.250517,0.19208595992347954
A1_LCD_plus_2R,18,8814,1561,3.471071884137366,12.048340024848923,82.730545,0.5193321292253295
A1_LCD_plus_2R,18,8814,1562,5.106563435172123,26.076990117436917,225.04149,0.6571983693960171
A1_LCD_plus_2R,18,8814,1563,2.5961654888661467,6.7400752455795985,34.11015,0.20928673978284174
A1_LCD_plus_2R,18,8814,1564,3.375147648080228,11.391621646341493,36.94132,0.37007435887248197
A1_LCD_plus_2R,18,8814,1565,2.937649274337711,8.629783259016879,28.05838,0.4650060603320921
A1_LCD_plus_2R,18,8814,1566,2.497286545264083,6.236440089157018,21.140533,0.2154664959048435
A1_LCD_plus_2R,18,8814,1567,2.7108540261730685,7.348729551218736,9.421237,0.3848347414674063
A1_LCD_plus_2R,18,8814,1568,3.266545336718744,10.670318436838972,49.542233,0.27034994880821034
A1_LCD_plus_2R,18,8814,1569,3.2818880149201193,10.770788942476317,113.77249,0.5205426057345209
A1_LCD_plus_2R,18,8814,1570,4.052135743521537,16.419804083924838,64.1281,0.8018156078052807
A1_LCD_plus_2R,18,8814,1571,2.118723547664399,4.488989471427615,39.384468,0.1381486006175414
A1_LCD_plus_2R,18,8814,1572,3.196026372609881,10.214584574417874,70.859055,0.5390153820414935
A1_LCD_plus_2R,18,8814,1573,3.6181453998834443,13.09097613469773,47.91699,0.4307736047324826
A1_LCD_plus_2R,18,8814,1574,3.415690795579296,11.666943611005122,33.243095,0.1502959060626342
A1_LCD_plus_2R,18,8814,1575,3.5322835060242093,12.477026766930676,40.26827,0.4394877432029078
A1_LCD_plus_2R,18,8814,1576,3.4019345381698995,11.573158601993248,106.61754,0.18148882486550433
A1_LCD_plus_2R,18,8814,1577,2.935487348091118,8.617085970803025,34.58053,0.17062830644373372
A1_LCD_plus_2R,18,8814,1578,3.112226431170813,9.685953358878212,93.86159,0.17675594023241348
A1_LCD_plus_2R,18,8814,1579,3.44523579398223,11.869649676136365,136.53435,0.460254459805001
A1_LCD_plus_2R,18,8814,1580,4.267846767778105,18.21451603323402,173.21829,0.7066757039567649
A1_LCD_plus_2R,18,8814,1581,2.876405775937263,8.273710187845245,35.169518,0.1582442569413216
A1_LCD_plus_2R,18,8814,1582,3.210101713508535,10.304753011070432,40.96888,0.2963496703893173
A1_LCD_plus_2R,18,8814,1583,3.8912463517802434,15.141798170243055,79.47253,0.44373279535471444
A1_LCD_plus_2R,18,8814,1584,2.9565949991628186,8.741453989074587,70.41084,0.4118930982468568
A1_LCD_plus_2R,18,8814,1585,3.1245051715013936,9.762532566738953,78.305786,0.3741072892046937
A1_LCD_plus_2R,18,8814,1586,2.5928424448209273,6.722831943664964,33.079685,0.18765299261300944
A1_LCD_plus_2R,18,8814,1587,3.058400866449119,9.353815859896718,24.5103,0.5236652635981228
A1_LCD_plus_2R,18,8814,1588,2.902876639474413,8.426692784006262,27.768541,0.3340544171176166
A1_LCD_plus_2R,18,8814,1589,3.5466176478467464,12.578496740017988,59.62481,0.43111082404152046
A1_LCD_plus_2R,18,8814,1590,4.265377976846659,18.193449285368498,132.16023,0.6843511961074065
A1_LCD_plus_2R,18,8814,1591,4.51237684039469,20.361544749730363,142.10034,0.6362504905937687
A1_LCD_plus_2R,18,8814,1592,2.7066689750913957,7.326056940722306,51.864483,0.41956788863062133
A1_LCD_plus_2R,18,8814,1593,3.158519511442708,9.976245504164282,95.61978,0.5051260061068501
A1_LCD_plus_2R,18,8814,1594,5.1700417532447505,26.729331730294046,171.59341,0.7754784858428789
A1_LCD_plus_2R,18,8814,1595,4.2467838850170825,18.035173366040787,174.90065,0.5031295367300268
A1_LCD_plus_2R,18,8814,1596,4.262772119510677,18.17122614287755,116.46697,0.7553800126639147
A1_LCD_plus_2R,18,8814,1597,3.424912450233738,11.730025291766065,87.622696,0.5928474370158193
A1_LCD_plus_2R,18,8814,1598,2.7499958492744057,7.562477171026458,28.371801,0.16917336532640043
A1_LCD_plus_2R,18,8814,1599,3.7042696350823947,13.721613529393453,54.0961,0.4808765343766104
A1_LCD_plus_2R,18,8814,1600,3.536481072229645,12.50669837423854,108.29114,0.22464199709802404
A1_LCD_plus_2R,18,8814,1601,2.6721027198574294,7.140132945469472,22.2154,0.531631757561123
A1_LCD_plus_2R,18,8814,1602,3.187293847076498,10.158842067611706,51.958168,0.5182110808364142
A1_LCD_plus_2R,18,8814,1603,3.292888877068687,10.843117156722677,54.296448,0.6134022815103308
A1_LCD_plus_2R,18,8814,1604,2.757057989343477,7.601368756602697,29.579933,0.26900737714057943
A1_LCD_plus_2R,18,8814,1605,3.1256286186508246,9.769554261729063,58.791588,0.32422971284445845
A1_LCD_plus_2R,18,8814,1606,4.228422586144856,17.879557567019962,140.32843,0.551381232378381
A1_LCD_plus_2R,18,8814,1607,2.6361455943163334,6.949263594433414,83.83609,0.2900390745084892
A1_LCD_plus_2R,18,8814,1608,3.866621446820728,14.950761413014023,62.929344,0.22526122449159353
A1_LCD_plus_2R,18,8814,1609,5.12844846135929,26.300983620818478,305.69803,0.830898840207352
A1_LCD_plus_2R,18,8814,1610,3.4819270721969433,12.123816136097977,98.16101,0.4331098745088227
A1_LCD_plus_2R,18,8814,1611,3.3035693853865644,10.91357068406336,107.520485,0.49173163638235445
A1_LCD_plus_2R,18,8814,1612,3.7297619885168922,13.911124490985477,113.971466,0.44460365998826734
A1_LCD_plus_2R,18,8814,1613,3.3457750163665034,11.194210460142276,99.10028,0.6541418176999578
A1_LCD_plus_2R,18,8814,1614,3.0110600476643046,9.066482610640163,13.567997,0.3289255141235727
A1_LCD_plus_2R,18,8814,1615,2.953689526964221,8.724281821698124,25.615456,0.16440058900797544
A1_LCD_plus_2R,18,8814,1616,2.4899790969020934,6.199995903009363,18.43094,0.2755219162507324
A1_LCD_plus_2R,18,8814,1617,3.2838939783385843,10.783959660968414,119.66473,0.19297705362065937
A1_LCD_plus_2R,18,8814,1618,4.773598773805871,22.787245253280915,197.78633,0.5902485626789606
A1_LCD_plus_2R,18,8814,1619,3.6691370421171423,13.462566633836133,69.17988,0.48190313022393305
A1_LCD_plus_2R,18,8814,1620,4.001246882638735,16.009976615826194,77.85001,0.4725612818248972
A1_LCD_plus_2R,18,8814,1621,3.089987767772262,9.548024404982204,106.40978,0.48556995668167346
A1_LCD_plus_2R,18,8814,1622,3.4228669115109622,11.716017893916591,96.05525,0.5295474663927862
A1_LCD_plus_2R,18,8814,1623,3.594767558989467,12.922353803163091,97.50867,0.4305955966992314
A1_LCD_plus_2R,18,8814,1624,2.6028006798423236,6.774571378987663,22.210833,0.16731067244405437
A1_LCD_plus_2R,18,8814,1625,2.606024010075128,6.7913611410880526,27.038088,0.22439886542098492
A1_LCD_plus_2R,18,8814,1626,2.5050132379146093,6.275091322127432,36.921253,0.19417952727340232
A1_LCD_plus_2R,18,8814,1627,2.9786093180533837,8.872113469594442,94.1901,0.38657212364012095
A1_LCD_plus_2R,18,8814,1628,3.1123981263200604,9.687022096720623,47.91827,0.33809995100773604
A1_LCD_plus_2R,18,8814,1629,4.113071684330249,16.917358680439275,68.741486,0.36592643644500156
A1_LCD_plus_2R,18,8814,1630,2.6557333731387516,7.05291974920293,16.463737,0.18033052341695213
A1_LCD_plus_2R,18,8814,1631,2.9728459543719996,8.83781306842596,89.58248,0.4184140992949409
A1_LCD_plus_2R,18,8814,1632,3.8033572810642204,14.465526607424218,109.37089,0.46887061999605745
A1_LCD_plus_2R,18,8814,1633,3.0505928724630733,9.306116873522507,86.83161,0.3589306987255006
A1_LCD_plus_2R,18,8814,1634,2.954950856521158,8.731734564455124,61.519485,0.28044625154899955
A1_LCD_plus_2R,18,8814,1635,4.145116861106096,17.18199379222605,71.24045,0.6430525583066486
A1_LCD_plus_2R,18,8814,1636,2.786177776685193,7.762786603294448,57.02832,0.14901269038505732
A1_LCD_plus_2R,18,8814,1637,2.764799331078595,7.6441153411326495,2.94549,0.25530166676642324
A1_LCD_plus_2R,18,8814,1638,2.930726996217136,8.589160726355912,36.367466,0.34605545721941433
A1_LCD_plus_2R,18,8814,1639,3.5945874254968797,12.921058759540287,54.3717,0.40160548518225203
A1_LCD_plus_2R,18,8814,1640,2.7919465275069038,7.7949654124578585,21.781876,0.08994858182503507
A1_LCD_plus_2R,18,8814,1641,3.876159753124663,15.02461443174345,53.713573,0.5450611241997724
A1_LCD_plus_2R,18,8814,1642,4.8194836596943835,23.227422746061173,213.55515,0.7249859514177632
A1_LCD_plus_2R,18,8814,1643,3.239371023886724,10.493524630396923,79.19955,0.32094431669628287
A1_LCD_plus_2R,18,8814,1644,2.468534342464397,6.093661799926134,39.914047,0.2255283909759127
A1_LCD_plus_2R,18,8814,1645,3.490879489572663,12.186239610719092,109.031845,0.1838422710082432
A1_LCD_plus_2R,18,8814,1646,3.3566502014790958,11.267100575089653,75.1476,0.11568245444745859
A1_LCD_plus_2R,18,8814,1647,2.2176347433750587,4.9179038550241625,41.836258,0.042170343835752876
A1_LCD_plus_2R,18,8814,1648,2.909401016826028,8.464614276708325,78.32405,0.448777481389499
A1_LCD_plus_2R,18,8814,1649,4.636646738245864,21.49849297528601,118.606255,0.7206854518182132
A1_LCD_plus_2R,18,8814,1650,3.1217533325158704,9.74534386907394,65.726944,0.43856044430542573
A1_LCD_plus_2R,18,8814,1651,3.1836537975119437,10.135651502412221,13.821478,0.32921017488183135
A1_LCD_plus_2R,18,8814,1652,2.5404880282873044,6.454079421871115,15.086233,0.31450356725474427
A1_LCD_plus_2R,18,8814,1653,2.7153808512135247,7.373293167137082,52.961952,0.19720208582866466
A1_LCD_plus_2R,18,8814,1654,2.9519686340569637,8.714118816456136,13.491077,0.19535773971915063
A1_LCD_plus_2R,18,8814,1655,3.5591483995741826,12.667537330191472,20.68787,0.2106582708309933
A1_LCD_plus_2R,18,8814,1656,4.4206021347481865,19.541723233740214,210.14229,0.5817525738035849
A1_LCD_plus_2R,18,8814,1657,4.52786733452429,20.5015825990521,128.84737,0.7625929131628029
A1_LCD_plus_2R,18,8814,1658,3.8415502747026355,14.757508513067895,77.78302,0.2674764442359429
A1_LCD_plus_2R,18,8814,1659,3.694631682634865,13.650303270329333,68.86742,0.6396172873093819
A1_LCD_plus_2R,18,8814,1660,3.8551851798261683,14.862452770751322,42.45614,0.5452011622499376
A1_LCD_plus_2R,18,8814,1661,4.775996293508099,22.810140595603094,196.193,0.6219570623962624
A1_LCD_plus_2R,18,8814,1662,4.53549394206031,20.57070529846577,125.34166,0.4968490232760814
A1_LCD_plus_2R,18,8814,1663,2.111673452083874,4.4591647682358255,6.746261,0.1929754880896505
A1_LCD_plus_2R,18,8814,1664,3.7314367800684716,13.923620443647762,35.882256,0.37958539230265687
A1_LCD_plus_2R,18,8814,1665,4.4136218634864415,19.480057953845524,127.48882,0.7376761479618299
A1_LCD_plus_2R,18,8814,1666,3.7900750102051175,14.364668582981317,68.813934,0.6664866623207331
A1_LCD_plus_2R,18,8814,1667,4.078738573413151,16.636108350248357,122.74852,0.49660390359432455
A1_LCD_plus_2R,18,8814,1668,2.7867439034401125,7.765941583360634,63.60449,0.1910698861188589
A1_LCD_plus_2R,18,8814,1669,3.824493643810418,14.626751631546288,28.393383,0.649147897388944
A1_LCD_plus_2R,18,8814,1670,2.362627111983759,5.582006870280717,5.3023825,0.1757205592025487
A1_LCD_plus_2R,18,8814,1671,3.0632696755386095,9.383621105074416,22.293728,0.3308809506570094
A1_LCD_plus_2R,18,8814,1672,3.9603573963761365,15.684430707031172,108.16223,0.2701128877062636
A1_LCD_plus_2R,18,8814,1673,3.819902901609722,14.59165817772637,103.30317,0.4859522979564185
A1_LCD_plus_2R,18,8814,1674,3.02369219438595,9.14271448639052,6.8028502,0.414195847407157
A1_LCD_plus_2R,18,8814,1675,3.394541142253827,11.522909566453919,13.204783,0.4521059864983424
A1_LCD_plus_2R,18,8814,1676,2.666366845270661,7.109512153558616,61.32129,0.3176260450899129
A1_LCD_plus_2R,18,8814,1677,4.137995063308503,17.123003143965548,91.78406,0.34437206662688485
A1_LCD_plus_2R,18,8814,1678,3.3997114614824664,11.558038021335243,85.92711,0.6098751698211954
A1_LCD_plus_2R,18,8814,1679,2.814962856246177,7.9240158820456355,49.305096,0.3139422236630004
A1_LCD_plus_2R,18,8814,1680,3.095751985523848,9.583680355874845,58.46423,0.3707860524100539
A1_LCD_plus_2R,18,8814,1681,2.976757788894208,8.861086933742335,57.530376,0.3052311992988367
A1_LCD_plus_2R,18,8814,1682,4.1760702935827805,17.439563096944575,193.04906,0.5614459396476826
A1_LCD_plus_2R,18,8814,1683,4.007617483689025,16.06099789556995,103.29983,0.5326591667780934
A1_LCD_plus_2R,18,8814,1684,4.594292869583452,21.10752697150535,195.4378,0.704119675567731
A1_LCD_plus_2R,18,8814,1685,3.4246663673379203,11.728339727575506,77.89192,0.5349144433459766
A1_LCD_plus_2R,18,8814,1686,3.769657452377379,14.21031730826431,52.255245,0.4214034338757394
A1_LCD_plus_2R,18,8814,1687,3.2727893652198583,10.711150229096203,51.461014,0.5316904453114176
A1_LCD_plus_2R,18,8814,1688,2.4182338671683072,5.8478550363197845,13.52099,0.10339029321165083
A1_LCD_plus_2R,18,8814,1689,3.354723967051605,11.254172895110457,84.534744,0.6408353408141481
A1_LCD_plus_2R,18,8814,1690,4.534913161368389,20.56543738115224,160.87613,0.8402056369552313
A1_LCD_plus_2R,18,8814,1691,4.743029818520249,22.496331859372223,223.11458,0.7895159496867659
A1_LCD_plus_2R,18,8814,1692,4.014244778105437,16.11416113854677,175.52112,0.6816326729591415
A1_LCD_plus_2R,18,8814,1693,2.9497333215801986,8.700926668440552,59.60063,0.17189221249932013
A1_LCD_plus_2R,18,8814,1694,3.7841380880684854,14.319701069570607,140.28964,0.6131698589315072
A1_LCD_plus_2R,18,8814,1695,5.170622358049557,26.735335569561972,185.77776,0.8075470352782056
A1_LCD_plus_2R,18,8814,1696,3.8145330000844897,14.550662008733573,131.04454,0.4526781892419876
A1_LCD_plus_2R,18,8814,1697,4.677734919160322,21.881203973931825,203.65813,0.7047116993628805
A1_LCD_plus_2R,18,8814,1698,3.158341983168024,9.975124082641726,88.476135,0.3221410084317114
A1_LCD_plus_2R,18,8814,1699,3.9868757016035192,15.895177860036553,115.789764,0.7232497605286209
A1_LCD_plus_2R,18,8814,1700,2.800531830108534,7.842978531451052,17.536415,0.21039620729408198
A1_LCD_plus_2R,18,8814,1701,2.1566937141351734,4.651327776590168,16.445969,0.11112983232101586
A1_LCD_plus_2R,18,8814,1702,2.9708796864690705,8.82612611147456,27.547602,0.16235823048454118
A1_LCD_plus_2R,18,8814,1703,3.1737672568057396,10.072798600372225,30.897713,0.21063371275526083
A1_LCD_plus_2R,18,8814,1704,3.502756680728434,12.269304364387674,29.922813,0.19994232200200682
A1_LCD_plus_2R,18,8814,1705,2.4012413038661715,5.765959799392912,30.13556,0.16005173286902036
A1_LCD_plus_2R,18,8814,1706,3.5889563177200934,12.880607450502971,45.656143,0.5570612138640155
A1_LCD_plus_2R,18,8814,1707,3.7266528206158953,13.88794124540441,120.06658,0.710689090321713
A1_LCD_plus_2R,18,8814,1708,3.5808484904203457,12.822475911345672,97.73138,0.5161234634038792
A1_LCD_plus_2R,18,8814,1709,5.197252990880239,27.011438651213584,284.51312,0.7695699508777905
A1_LCD_plus_2R,18,8814,1710,3.8263818664325484,14.641198187763838,110.049545,0.6566061008043212
A1_LCD_plus_2R,18,8814,1711,2.8591984859062713,8.175015981808714,51.572536,0.3378987580744209
A1_LCD_plus_2R,18,8814,1712,3.8006552680979526,14.44498046692072,103.37887,0.7289715149817009
A1_LCD_plus_2R,18,8814,1713,2.7680913319797433,7.662329622181391,34.16785,0.19593960093499588
A1_LCD_plus_2R,18,8814,1714,3.7786248866418224,14.278006033948923,134.54991,0.29265503386300024
A1_LCD_plus_2R,18,8814,1715,3.3705087495024015,11.360329230472242,68.254776,0.6062249146545686
A1_LCD_plus_2R,18,8814,1716,3.8368119801605376,14.721126171103423,45.7532,0.4482201088764035
A1_LCD_plus_2R,18,8814,1717,2.8274628268101347,7.994546036993159,26.400822,0.3011507077965634
A1_LCD_plus_2R,18,8814,1718,2.852050894492273,8.134194304774175,57.850525,0.2898343519723115
A1_LCD_plus_2R,18,8814,1719,3.575356803158534,12.783176269892012,109.028244,0.532552811971134
A1_LCD_plus_2R,18,8814,1720,3.94749474753495,15.58271478181602,136.02513,0.28892742395614884
A1_LCD_plus_2R,18,8814,1721,3.515623394796472,12.359607854040268,116.807,0.37309442385594677
A1_LCD_plus_2R,18,8814,1722,2.8649765189068743,8.20809045388775,35.295456,0.24250711370137615
A1_LCD_plus_2R,18,8814,1723,2.931424498248641,8.593249588932293,82.22303,0.4293905685465881
A1_LCD_plus_2R,18,8814,1724,3.39991129775954,11.559396832632956,98.14792,0.5322379390640677
A1_LCD_plus_2R,18,8814,1725,4.484176919268359,20.10784264329907,117.70278,0.7692490557355605
A1_LCD_plus_2R,18,8814,1726,2.7679100244682586,7.661325903551873,34.020145,0.36380322272111265
A1_LCD_plus_2R,18,8814,1727,3.2787772692731934,10.750380381502579,42.4768,0.4847030334007137
A1_LCD_plus_2R,18,8814,1728,2.6956893081873607,7.266740846275651,45.5058,0.1556165290757502
A1_LCD_plus_2R,18,8814,1729,3.474974828792025,12.075450060738161,22.302616,0.4680180802459506
A1_LCD_plus_2R,18,8814,1730,4.503944391898647,20.28551508531527,186.91309,0.7443521972828314
A1_LCD_plus_2R,18,8814,1731,3.3856659195207457,11.462733718604253,34.062183,0.3303468925929431
A1_LCD_plus_2R,18,8814,1732,3.851743635131749,14.835929030777937,36.938187,0.6417459453076955
A1_LCD_plus_2R,18,8814,1733,4.026628459870439,16.213736753838585,128.05835,0.5589064218915765
A1_LCD_plus_2R,18,8814,1734,4.880224607978664,23.81659222432051,70.50527,0.5552363694351607
A1_LCD_plus_2R,18,8814,1735,3.120074035010351,9.734861983945773,52.62724,0.4456344446670194
A1_LCD_plus_2R,18,8814,1736,3.163789529774712,10.009564188712094,74.49353,0.499516788102893
A1_LCD_plus_2R,18,8814,1737,3.346099923551633,11.196384698392249,51.57108,0.20022457695479173
A1_LCD_plus_2R,18,8814,1738,2.9607351164820557,8.765952429970012,23.634676,0.2707404254452799
A1_LCD_plus_2R,18,8814,1739,2.2358685520721373,4.999108182145157,25.956493,0.04783179004686997
A1_LCD_plus_2R,18,8814,1740,2.410175009839899,5.808943578056757,15.789278,0.02294104349129647
A1_LCD_plus_2R,18,8814,1741,4.250351678334473,18.06548938952067,147.1308,0.361798823755415
A1_LCD_plus_2R,18,8814,1742,2.9596703180686994,8.759648391656876,12.065749,0.28733698377269395
A1_LCD_plus_2R,18,8814,1743,4.346394488469943,18.891145049401896,143.68188,0.580085835644141
A1_LCD_plus_2R,18,8814,1744,4.462924815704616,19.91769791063208,201.44778,0.6398892235782302
A1_LCD_plus_2R,18,8814,1745,3.1850907554539516,10.144803120478224,85.38205,0.38083684450371785
A1_LCD_plus_2R,18,8814,1746,2.2962927585324895,5.27296043288875,15.978409,0.22464735726648927
A1_LCD_plus_2R,18,8814,1747,3.2773805681032897,10.741223388181039,142.43669,0.41588710015116126
A1_LCD_plus_2R,18,8814,1748,3.102014448164693,9.622493636622503,37.91234,0.09392420338927379
A1_LCD_plus_2R,18,8814,1749,2.9502594828290176,8.704031016022544,80.28451,0.32877987667801173
A1_LCD_plus_2R,18,8814,1750,2.8956557091807285,8.384821986110948,57.92643,0.2638905208169154
A1_LCD_plus_2R,18,8814,1751,3.6299896070198527,13.176824547072147,87.5907,0.5271679107062427
A1_LCD_plus_2R,18,8814,1752,4.382826020611029,19.209163926945106,138.38037,0.7221493812775708
A1_LCD_plus_2R,18,8814,1753,4.540145849182619,20.612924331850163,201.34521,0.6346732123947871
A1_LCD_plus_2R,18,8814,1754,4.7069535689327635,22.155411900088886,139.68845,0.6445258431028538
A1_LCD_plus_2R,18,8814,1755,3.3073881313301188,10.938816251263336,72.49817,0.5613099473034522
A1_LCD_plus_2R,18,8814,1756,2.9616585109289972,8.771421135358164,12.357716,0.44137111290358555
A1_LCD_plus_2R,18,8814,1757,3.993458118100411,15.947707741022082,44.798416,0.39821295862941264
A1_LCD_plus_2R,18,8814,1758,3.2487764560574637,10.55454846143329,41.975727,0.44437357583918635
A1_LCD_plus_2R,18,8814,1759,4.134773400707514,17.09635107519838,77.97969,0.5076212724478409
A1_LCD_plus_2R,18,8814,1760,3.922119692508127,15.383022882360041,95.34528,0.41003553317639363
A1_LCD_plus_2R,18,8814,1761,3.8741533700143704,15.009064334393704,108.190765,0.5301877419398928
A1_LCD_plus_2R,18,8814,1762,3.414680436749964,11.660042485122924,83.487854,0.30920049119859294
A1_LCD_plus_2R,18,8814,1763,4.189624398054821,17.55295259677623,71.96363,0.31901530449410487
A1_LCD_plus_2R,18,8814,1764,2.582565993104356,6.669647108739088,40.20871,0.2961562740510564
A1_LCD_plus_2R,18,8814,1765,3.225658464480855,10.404872529476986,114.56415,0.41241948554023755
A1_LCD_plus_2R,18,8814,1766,2.9672937389308283,8.804832133098092,16.17967,0.43055334478163737
A1_LCD_plus_2R,18,8814,1767,3.0110188444820127,9.066234481825795,12.07225,0.36360895812967586
A1_LCD_plus_2R,18,8814,1768,2.9701210236024975,8.821618894845551,37.74958,0.32193796544641706
A1_LCD_plus_2R,18,8814,1769,2.8236858217769396,7.973201620104107,8.454534,0.22229548554266387
A1_LCD_plus_2R,18,8814,1770,3.7838098726845826,14.317217152625318,61.724274,0.5939596085969867
A1_LCD_plus_2R,18,8814,1771,3.8498424146758436,14.821286617837126,187.98334,0.42442914842413204
A1_LCD_plus_2R,18,8814,1772,3.7070455077439877,13.742186396484877,82.982735,0.5679613914392071
A1_LCD_plus_2R,18,8814,1773,4.527334277263256,20.4967556580828,169.30643,0.6197765227541706
A1_LCD_plus_2R,18,8814,1774,3.7878266553870734,14.347630771260823,124.38885,0.6161102137992219
A1_LCD_plus_2R,18,8814,1775,3.167047255186324,10.030188316583224,68.80611,0.1838347432687831
A1_LCD_plus_2R,18,8814,1776,2.9067264438141733,8.449058619168591,106.53373,0.31628893233169897
A1_LCD_plus_2R,18,8814,1777,4.166417148082726,17.359031851837788,78.42271,0.6793745101370903
A1_LCD_plus_2R,18,8814,1778,5.089295034443953,25.90092394761588,119.89314,0.7176304979505673
A1_LCD_plus_2R,18,8814,1779,4.028231568758262,16.226649571540644,146.59189,0.5256469053215224
A1_LCD_plus_2R,18,8814,1780,2.720080373001177,7.398837235586222,12.862791,0.30374412738861195
A1_LCD_plus_2R,18,8814,1781,3.7726762128241345,14.233085806809056,123.34097,0.8118528917483939
A1_LCD_plus_2R,18,8814,1782,4.162881676509289,17.329583852616793,96.44355,0.7206758691998001
A1_LCD_plus_2R,18,8814,1783,3.876160199655435,15.024617893392858,129.97736,0.4838009448822339
A1_LCD_plus_2R,18,8814,1784,4.332335946258173,18.769134751240692,252.23825,0.7282304873551892
A1_LCD_plus_2R,18,8814,1785,3.0407910901794524,9.246410454114743,51.096638,0.31098858596265827
A1_LCD_plus_2R,18,8814,1786,3.167268612938097,10.031590466502815,77.60939,0.410796567800819
A1_LCD_plus_2R,18,8814,1787,4.4270948613717644,19.599168911584286,125.58736,0.6397182086350337
A1_LCD_plus_2R,18,8814,1788,2.2013818071323685,4.846081860773372,2.643156,0.0849655524762471
A1_LCD_plus_2R,18,8814,1789,3.6426828475838584,13.269138328081649,49.358795,0.3448918198209079
A1_LCD_plus_2R,18,8814,1790,4.770574384533995,22.758379958371897,199.40991,0.8247094439417073
A1_LCD_plus_2R,18,8814,1791,3.321906988891509,11.03506604284625,18.276014,0.3200550760817855
A1_LCD_plus_2R,18,8814,1792,4.486446631113357,20.128203373828395,121.41625,0.3972464521544714
A1_LCD_plus_2R,18,8814,1793,3.09667872161009,9.589419104872704,103.62266,0.5075466541094793
A1_LCD_plus_2R,18,8814,1794,3.209992500884777,10.304051855736502,53.751865,0.26331794197929315
A1_LCD_plus_2R,18,8814,1795,3.3419711494056026,11.168771163459404,44.17476,0.5857676170761968
A1_LCD_plus_2R,18,8814,1796,4.965359092492889,24.654790917401808,117.845764,0.6722377659415193
A1_LCD_plus_2R,18,8814,1797,3.877712814391725,15.036656670897793,89.45769,0.3359809458078106
A1_LCD_plus_2R,18,8814,1798,2.8522944229834315,8.135583475382386,31.285913,0.07471702086331733
A1_LCD_plus_2R,18,8814,1799,2.9558013437237913,8.736761583559373,60.865276,0.17130255151888302
A1_LCD_plus_2R,18,8814,1800,2.904804136407953,8.437887070892755,23.469511,0.1085168584843956
A1_LCD_plus_2R,18,8814,1801,5.2177592724215875,27.225011824941447,289.99387,0.6455911764252865
A1_LCD_plus_2R,18,8814,1802,3.8208578352032965,14.598954596834414,74.52318,0.4941307541840162
A1_LCD_plus_2R,18,8814,1803,2.2760385390256572,5.180351431130047,35.09984,0.16259727247247893
A1_LCD_plus_2R,18,8814,1804,2.8882497299044227,8.341986502292976,25.521383,0.27593795729762205
A1_LCD_plus_2R,18,8814,1805,3.1492859688795796,9.918002113781794,56.324482,0.32523941368512566
A1_LCD_plus_2R,18,8814,1806,4.12647359799058,17.02778435491333,120.79269,0.5742764023115079
A1_LCD_plus_2R,18,8814,1807,4.971942190108221,24.720209141778138,197.86382,0.694312821700211
A1_LCD_plus_2R,18,8814,1808,3.2807949720048684,10.763615648332424,116.13747,0.528815420941813
A1_LCD_plus_2R,18,8814,1809,4.069876004038221,16.56389068824611,73.70237,0.4448732148826337
A1_LCD_plus_2R,18,8814,1810,3.3302185204545887,11.090355393978749,94.24434,0.5940153285978604
A1_LCD_plus_2R,18,8814,1811,2.7518895691963086,7.572896201051443,24.060137,0.211000938361885
A1_LCD_plus_2R,18,8814,1812,2.9294687471558376,8.581787140562794,33.389313,0.2424564065156532
A1_LCD_plus_2R,18,8814,1813,2.944483504684629,8.66998310935988,72.93979,0.3234380659354636
A1_LCD_plus_2R,18,8814,1814,4.118037070554843,16.958229314463907,87.76909,0.4803233350934094
A1_LCD_plus_2R,18,8814,1815,3.7072372044265043,13.743607689884048,69.1241,0.351775937035124
A1_LCD_plus_2R,18,8814,1816,4.0856552010988665,16.692578422266216,52.41565,0.47142996139642546
A1_LCD_plus_2R,18,8814,1817,3.7684518201116286,14.201229120502648,51.278717,0.2862996238098232
A1_LCD_plus_2R,18,8814,1818,2.522634300796942,6.363683815557276,19.863337,0.3020539927842174
A1_LCD_plus_2R,18,8814,1819,3.192842590611458,10.194243808422488,49.122875,0.1328997519931875
A1_LCD_plus_2R,18,8814,1820,3.0117138154039504,9.070420105895023,46.768215,0.11201689080835506
A1_LCD_plus_2R,18,8814,1821,4.313271527739581,18.604311272008943,98.57269,0.6300200153474216
A1_LCD_plus_2R,18,8814,1822,3.461564851587617,11.982431221746802,108.462296,0.5120708249451776
A1_LCD_plus_2R,18,8814,1823,2.8842414722201126,8.318848870074444,23.067219,0.2352756894235229
A1_LCD_plus_2R,18,8814,1824,4.094483796092367,16.764797556462963,39.032803,0.22525311138319035
A1_LCD_plus_2R,18,8814,1825,3.0408449616931104,9.246738081054371,26.392803,0.5094152208449925
A1_LCD_plus_2R,18,8814,1826,2.709130396455349,7.339387504998314,53.533436,0.3877319079126128
A1_LCD_plus_2R,18,8814,1827,2.7557365694693843,7.5940840403108885,32.84079,0.4543912255907362
A1_LCD_plus_2R,18,8814,1828,3.2904339055234857,10.826955286618539,69.15758,0.3014952419195196
A1_LCD_plus_2R,18,8814,1829,4.42980588101666,19.623180143489787,116.128586,0.5622711945351964
A1_LCD_plus_2R,18,8814,1830,3.3741149989608443,11.38465202621254,116.464645,0.607919635533057
A1_LCD_plus_2R,18,8814,1831,3.6699377258238486,13.468442911425123,66.27528,0.6293824981562672
A1_LCD_plus_2R,18,8814,1832,3.9673353491179273,15.739749772360662,147.00188,0.6054964441504386
A1_LCD_plus_2R,18,8814,1833,4.286702459388867,18.375817975330563,155.18115,0.6713635806771315
A1_LCD_plus_2R,18,8814,1834,3.9426307527774718,15.544337252746653,163.81873,0.5096713405095562
A1_LCD_plus_2R,18,8814,1835,4.2694169830404824,18.22792137507449,88.04326,0.3925883341182349
A1_LCD_plus_2R,18,8814,1836,3.0358841047990355,9.216592297771442,25.088322,0.4291035529232481
A1_LCD_plus_2R,18,8814,1837,2.8522370785059294,8.135256352004038,61.92258,0.22786690752291894
A1_LCD_plus_2R,18,8814,1838,2.5693308529791237,6.601461032070434,48.20034,0.10468642851818649
A1_LCD_plus_2R,18,8814,1839,2.6546131685134386,7.046971074444958,22.713074,0.161320661998348
A1_LCD_plus_2R,18,8814,1840,4.368543112022476,19.084168921599016,108.82954,0.3306774032420225
A1_LCD_plus_2R,18,8814,1841,2.935682063836781,8.618229179932984,50.820244,0.22673288824114746
A1_LCD_plus_2R,18,8814,1842,2.9664784565413664,8.799994433124047,65.82644,0.3263734660568169
A1_LCD_plus_2R,18,8814,1843,2.367471708001033,5.604922288185329,38.666214,0.10201657858830022
A1_LCD_plus_2R,18,8814,1844,2.9348049562643728,8.613080131313925,55.92345,0.24133190034706914
A1_LCD_plus_2R,18,8814,1845,3.3317898743482157,11.1008237668093,69.454765,0.15165419249289067
A1_LCD_plus_2R,18,8814,1846,3.311426915619812,10.965548217491339,84.46573,0.28938708383772094
A1_LCD_plus_2R,18,8814,1847,3.091860664048945,9.559602365893182,28.369396,0.21577463342955022
A1_LCD_plus_2R,18,8814,1848,2.5827465051598457,6.670579509915395,20.91975,0.14077004622749273
A1_LCD_plus_2R,18,8814,1849,2.983821902518161,8.903193145947098,9.738863,0.1732304509186441
A1_LCD_plus_2R,18,8814,1850,2.710812237182355,7.348502985257603,42.604305,0.26726806891667787
A1_LCD_plus_2R,18,8814,1851,2.914515044525974,8.49439794476824,32.59897,0.16921664496198066
A1_LCD_plus_2R,18,8814,1852,3.246992242877787,10.542958625308525,70.20361,0.4152201111123525
A1_LCD_plus_2R,18,8814,1853,3.095888721951982,9.584526978709478,54.103302,0.36225019530808533
A1_LCD_plus_2R,18,8814,1854,3.256739654463478,10.606353176954894,104.04912,0.5266529069846457
A1_LCD_plus_2R,18,8814,1855,2.551894296596787,6.5121645010032125,41.605682,0.2732682585495103
A1_LCD_plus_2R,18,8814,1856,2.5241412252224253,6.371288924867363,30.045353,0.09976312646566964
A1_LCD_plus_2R,18,8814,1857,3.231328191580333,10.441481881701826,43.89402,0.4204142920300273
A1_LCD_plus_2R,18,8814,1858,4.396282176927005,19.32729697916604,186.58759,0.30211032423612
A1_LCD_plus_2R,18,8814,1859,3.82816990788252,14.654884843617264,64.6915,0.4815912096752334
A1_LCD_plus_2R,18,8814,1860,3.692765453354765,13.636516693490426,40.221615,0.24441329353907593
A1_LCD_plus_2R,18,8814,1861,2.7118939755037132,7.354368934373332,107.08354,0.36403827518744825
A1_LCD_plus_2R,18,8814,1862,2.539258936615374,6.447835947181041,13.644896,0.14710278657017234
A1_LCD_plus_2R,18,8814,1863,3.039284933700756,9.23725290822041,104.80034,0.2846487700850057
A1_LCD_plus_2R,18,8814,1864,4.631190749273322,21.447927756154794,135.57513,0.7133214678493762
A1_LCD_plus_2R,18,8814,1865,2.674204487753349,7.15136964232015,23.116632,0.4746211974561657
A1_LCD_plus_2R,18,8814,1866,2.9824125518849343,8.894784629640807,63.8172,0.1262259408014944
A1_LCD_plus_2R,18,8814,1867,3.5320733678478815,12.475542275860274,67.368324,0.617751397595158
A1_LCD_plus_2R,18,8814,1868,3.2495919381006315,10.559847764168621,32.427338,0.3032444171990819
A1_LCD_plus_2R,18,8814,1869,2.726479082734139,7.433688188586791,19.47168,0.20025459397345324
A1_LCD_plus_2R,18,8814,1870,3.0961136654784154,9.585919829562185,45.69693,0.17223077330929576
A1_LCD_plus_2R,18,8814,1871,3.6985026502713976,13.678921854064551,158.54964,0.6059405461680395
A1_LCD_plus_2R,18,8814,1872,4.018876216168291,16.151366040883158,94.97304,0.32468477181129307
A1_LCD_plus_2R,18,8814,1873,3.267436049988978,10.676138340767574,39.664272,0.5615164717034639
A1_LCD_plus_2R,18,8814,1874,2.647587235689577,7.009718170586374,21.60957,0.28297045705959567
A1_LCD_plus_2R,18,8814,1875,2.5697193584725238,6.603457581308439,20.41246,0.1508444641091138
A1_LCD_plus_2R,18,8814,1876,3.162023176254441,9.998390567170226,71.695435,0.2775350285569923
A1_LCD_plus_2R,18,8814,1877,3.9730551046039686,15.78516686421965,84.53535,0.37900036543033405
A1_LCD_plus_2R,18,8814,1878,4.968083479000243,24.68185345431516,230.53893,0.6126039476183308
A1_LCD_plus_2R,18,8814,1879,4.56497628380118,20.839008471667224,209.28983,0.576926896708465
A1_LCD_plus_2R,18,8814,1880,2.9320893160256682,8.597147757151872,22.903084,0.26212069582411845
A1_LCD_plus_2R,18,8814,1881,2.3987088491918476,5.753804143191277,20.656874,0.20049230730784254
A1_LCD_plus_2R,18,8814,1882,2.668523421026941,7.121017248569326,45.321644,0.1688176352973328
A1_LCD_plus_2R,18,8814,1883,2.6297094929084452,6.915372017092793,8.556415,0.23211929801281095
A1_LCD_plus_2R,18,8814,1884,3.951554813218038,15.61478544186664,117.33297,0.5751381061957751
A1_LCD_plus_2R,18,8814,1885,4.512403239789391,20.361782998461788,58.76183,0.7096797445364137
A1_LCD_plus_2R,18,8814,1886,3.472081869178337,12.05535250627694,26.801638,0.3744262155476995
A1_LCD_plus_2R,18,8814,1887,3.2893676090608053,10.819939267538398,43.33512,0.18617373894245404
A1_LCD_plus_2R,18,8814,1888,3.326447659020917,11.065254028205734,54.84558,0.6973095388512258
A1_LCD_plus_2R,18,8814,1889,3.9891131625016687,15.913023823244064,47.085606,0.4497260172935275
A1_LCD_plus_2R,18,8814,1890,3.2784723366547714,10.748380862210595,130.98297,0.5941849384350382
A1_LCD_plus_2R,18,8814,1891,3.551997908452374,12.61668914165004,43.635017,0.516923660352437
A1_LCD_plus_2R,18,8814,1892,3.4889214515179763,12.172572894862304,68.07859,0.2968353365192732
A1_LCD_plus_2R,18,8814,1893,3.0438525641410306,9.26503843222793,52.335384,0.4775458422185894
A1_LCD_plus_2R,18,8814,1894,2.8359609106066146,8.042674286488698,30.47518,0.23266587459144178
A1_LCD_plus_2R,18,8814,1895,3.230352646861065,10.43517822308229,86.51628,0.3513383111271356
A1_LCD_plus_2R,18,8814,1896,2.8198483081857506,7.951544481178038,26.0622,0.09365851307375406
A1_LCD_plus_2R,18,8814,1897,2.987648129987548,8.926041348618096,69.546104,0.22799652372582496
A1_LCD_plus_2R,18,8814,1898,3.0885101611393417,9.538895015460964,11.31429,0.19003350601310043
A1_LCD_plus_2R,18,8814,1899,2.4787008120637255,6.143957715725375,18.57586,0.263151737515955
A1_LCD_plus_2R,18,8814,1900,2.8428421903596677,8.081751719288953,43.3233,0.24033790485944367
A1_LCD_plus_2R,18,8814,1901,4.265077186081138,18.19088340322979,217.3887,0.7894708151143714
A1_LCD_plus_2R,18,8814,1902,3.9386252963934187,15.512769225390148,102.84728,0.5111954789902433
A1_LCD_plus_2R,18,8814,1903,4.260456348725776,18.151488299397766,177.54385,0.6381976110713339
A1_LCD_plus_2R,18,8814,1904,3.495646399972546,12.219543753641021,95.74057,0.27291168679558325
A1_LCD_plus_2R,18,8814,1905,3.781139743035763,14.297017756364559,46.009106,0.4152525175630288
A1_LCD_plus_2R,18,8814,1906,3.7977243064743473,14.422709907986066,94.228386,0.4827045410937617
A1_LCD_plus_2R,18,8814,1907,4.360246945311353,19.011753424096984,88.20356,0.3579135590581789
A1_LCD_plus_2R,18,8814,1908,3.4886162387016904,12.170443260933128,65.72017,0.6155467539355204
A1_LCD_plus_2R,18,8814,1909,3.4737304702963994,12.066803380265643,52.82707,0.48972051072674916
A1_LCD_plus_2R,18,8814,1910,3.4082144768660134,11.615925920319071,50.210945,0.3465907060314738
A1_LCD_plus_2R,18,8814,1911,3.774957432741854,14.250303619012968,74.727196,0.3531634311863845
A1_LCD_plus_2R,18,8814,1912,3.525177365227271,12.426875456310677,128.7463,0.2446445053081131
A1_LCD_plus_2R,18,8814,1913,4.957513151869402,24.576936650958086,229.30414,0.7715710731130028
A1_LCD_plus_2R,18,8814,1914,5.683136122984597,32.29803619237239,307.53616,0.7710452710821045
A1_LCD_plus_2R,18,8814,1915,2.5545333768689864,6.525640773537666,3.043624,0.2721077102806127
A1_LCD_plus_2R,18,8814,1916,3.2903618892609754,10.826481362301056,110.64516,0.3949566551154031
A1_LCD_plus_2R,18,8814,1917,2.9396159043449988,8.641341665078066,28.548788,0.2472589824856451
A1_LCD_plus_2R,18,8814,1918,3.25691183212029,10.607474682205146,45.881657,0.47173174457515676
A1_LCD_plus_2R,18,8814,1919,2.554467055636454,6.525301938331972,50.052525,0.06727701774905495
A1_LCD_plus_2R,18,8814,1920,3.718811816380076,13.829561325648081,113.7831,0.586658634561363
A1_LCD_plus_2R,18,8814,1921,2.5848805421881798,6.681607417383058,18.892284,0.5075985642570211
A1_LCD_plus_2R,18,8814,1922,2.8013011893800552,7.847288353622112,41.47086,0.19957443060817753
A1_LCD_plus_2R,18,8814,1923,2.699974950541172,7.289864733549805,57.663742,0.24942798544291062
A1_LCD_plus_2R,18,8814,1924,4.173585986701834,17.418819988393928,105.82121,0.4596600020741223
A1_LCD_plus_2R,18,8814,1925,2.916200949534811,8.504227978067732,44.850357,0.39058130717144346
A1_LCD_plus_2R,18,8814,1926,3.5367477918953054,12.508584943476322,16.522736,0.4409028154365837
A1_LCD_plus_2R,18,8814,1927,3.4903213879933497,12.182343391483824,48.049225,0.47134189037605934
A1_LCD_plus_2R,18,8814,1928,3.205309279288807,10.274007575894931,56.864883,0.47444150383562733
A1_LCD_plus_2R,18,8814,1929,3.0097072069485864,9.05833747155826,52.008205,0.3164724367814155
A1_LCD_plus_2R,18,8814,1930,3.9307181786783243,15.450545400192246,76.58538,0.21103476995797005
A1_LCD_plus_2R,18,8814,1931,2.9729092802950148,8.838189588864223,61.21092,0.19404532742913722
A1_LCD_plus_2R,18,8814,1932,3.0433905528706977,9.262226057302613,88.82972,0.344087676092578
A1_LCD_plus_2R,18,8814,1933,3.677226496951069,13.521994709879023,145.62619,0.38913274587815716
A1_LCD_plus_2R,18,8814,1934,3.481600605427222,12.121542775711198,40.97518,0.21616114276521553
A1_LCD_plus_2R,18,8814,1935,2.189624374373339,4.7944549008498365,16.98072,0.06156163244016942
A1_LCD_plus_2R,18,8814,1936,3.0675836250679134,9.4100692967848,56.26737,0.3552797490393572
A1_LCD_plus_2R,18,8814,1937,2.8356229218404065,8.040757354866727,41.96256,0.34376232264232004
A1_LCD_plus_2R,18,8814,1938,3.785385853925686,14.329146063100696,105.19503,0.5332546217390368
A1_LCD_plus_2R,18,8814,1939,3.6260279738485877,13.14807886713249,82.20747,0.6443880731896459
A1_LCD_plus_2R,18,8814,1940,3.795658313681085,14.407022034216336,91.21406,0.6244323316444788
A1_LCD_plus_2R,18,8814,1941,3.4136539152934673,11.653033053398417,104.85868,0.3907414925964371
A1_LCD_plus_2R,18,8814,1942,3.504239187615117,12.279692284017454,87.378006,0.6256424622607034
A1_LCD_plus_2R,18,8814,1943,2.3977978569982454,5.749434563025378,17.565886,0.31439306934898903
A1_LCD_plus_2R,18,8814,1944,3.601879816969254,12.973538215890466,44.145332,0.27823713051000465
A1_LCD_plus_2R,18,8814,1945,2.4299203768246618,5.904513037707706,16.92009,0.23203354073668908
A1_LCD_plus_2R,18,8814,1946,3.6030053107477,12.981647269276133,169.21765,0.5350995844727078
A1_LCD_plus_2R,18,8814,1947,3.683345703044931,13.567035568139554,90.25146,0.4653224005327402
A1_LCD_plus_2R,18,8814,1948,3.5606102991096504,12.677945702125713,56.549362,0.30126197638458574
A1_LCD_plus_2R,18,8814,1949,2.752382564217909,7.575609779810753,68.69717,0.22830337197271147
A1_LCD_plus_2R,18,8814,1950,2.779982683259001,7.728303719219914,38.56392,0.23448108516144864
A1_LCD_plus_2R,18,8814,1951,4.290939895343417,18.412165185449773,75.55905,0.4612970030473591
A1_LCD_plus_2R,18,8814,1952,3.3148605253608867,10.988300302595858,102.183655,0.3753691348834277
A1_LCD_plus_2R,18,8814,1953,3.5847719622088845,12.850590021038931,123.68341,0.5285064062026565
A1_LCD_plus_2R,18,8814,1954,3.2859913723815795,10.797739299366178,123.563286,0.5365507561592423
A1_LCD_plus_2R,18,8814,1955,3.906866472081647,15.263605630675695,103.79416,0.4417496887924486
A1_LCD_plus_2R,18,8814,1956,2.964414443577092,8.787752993288477,75.81273,0.3096822999922301
A1_LCD_plus_2R,18,8814,1957,3.7095106258334694,13.760469083171415,134.87997,0.7029852310810578
A1_LCD_plus_2R,18,8814,1958,3.034724687524792,9.209553929072449,47.48034,0.3117632240362037
A1_LCD_plus_2R,18,8814,1959,2.933981301604813,8.608246278166668,30.243313,0.165857235227643
A1_LCD_plus_2R,18,8814,1960,2.7609653409155466,7.622929613736902,0.71847785,0.14442098141063242
A1_LCD_plus_2R,18,8814,1961,2.6581701649215868,7.065868625679254,37.185158,0.19144818277839543
A1_LCD_plus_2R,18,8814,1962,3.3957972892696993,11.531439229811438,73.97832,0.5133814712744355
A1_LCD_plus_2R,18,8814,1963,4.020907355501181,16.167695961523496,113.20515,0.6379697074235159
A1_LCD_plus_2R,18,8814,1964,4.047663213952847,16.383577493587087,110.200806,0.5161625961352779
A1_LCD_plus_2R,18,8814,1965,2.9751684002819996,8.851627010036554,69.78647,0.28973824808940896
A1_LCD_plus_2R,18,8814,1966,2.268526562493976,5.146212764740735,13.036556,0.11367733635772234
A1_LCD_plus_2R,18,8814,1967,3.266751897250576,10.671667958190236,3.2673986,0.2678423819759019
A1_LCD_plus_2R,18,8814,1968,2.7352215548814063,7.481436954287857,24.72874,0.350857396301367
A1_LCD_plus_2R,18,8814,1969,2.951035040293213,8.708607809038366,29.484,0.466886528068935
A1_LCD_plus_2R,18,8814,1970,3.0598962841746276,9.362965269905692,22.036522,0.43678169466033895
A1_LCD_plus_2R,18,8814,1971,3.1046269742232115,9.638708649074374,78.292946,0.18846353641859426
A1_LCD_plus_2R,18,8814,1972,3.2032414872783175,10.260756025821008,77.21898,0.3170019103103792
A1_LCD_plus_2R,18,8814,1973,4.47225825199557,20.001093872542477,68.18598,0.5663562469703748
A1_LCD_plus_2R,18,8814,1974,3.8397579353260025,14.743741001899002,95.452286,0.48604080234087965
A1_LCD_plus_2R,18,8814,1975,3.022869689079326,9.13774115715454,58.21107,0.534138510689243
A1_LCD_plus_2R,18,8814,1976,2.6747192014444487,7.154122806575628,101.944016,0.3940018909321711
A1_LCD_plus_2R,18,8814,1977,3.0005453951653807,9.00327266844817,53.677483,0.24475803541291924
A1_LCD_plus_2R,18,8814,1978,3.438724253539907,11.824824491883586,113.58209,0.34935085060311055
A1_LCD_plus_2R,18,8814,1979,3.482123815262543,12.125186264818566,106.715256,0.3704515941374926
A1_LCD_plus_2R,18,8814,1980,2.7113595215219854,7.35147045494793,15.431509,0.32579818975055336
A1_LCD_plus_2R,18,8814,1981,3.2107233946980616,10.308744717261447,13.791771,0.33024425383934175
A1_LCD_plus_2R,18,8814,1982,3.276995511826454,10.738699584530721,36.00109,0.2714518671396286
A1_LCD_plus_2R,18,8814,1983,3.7238105188698034,13.866764780445394,92.87168,0.42569640811223697
A1_LCD_plus_2R,18,8814,1984,2.65346754035022,7.040889987692248,53.513275,0.22344504949599348
A1_LCD_plus_2R,18,8814,1985,3.847465827667579,14.802993295069768,137.45511,0.44684862280257087
A1_LCD_plus_2R,18,8814,1986,4.335068121923208,18.79281562171481,113.82525,0.7949733140254447
A1_LCD_plus_2R,18,8814,1987,2.7984133863399396,7.831117480846568,37.18639,0.1301595703265023
A1_LCD_plus_2R,18,8814,1988,2.9249909471254454,8.555572040765808,78.75935,0.14319300231500465
A1_LCD_plus_2R,18,8814,1989,2.6637475537631885,7.095551030179372,19.914932,0.21714312755670095
A1_LCD_plus_2R,18,8814,1990,3.139969008471241,9.859405374159868,96.78116,0.31892972560970867
A1_LCD_plus_2R,18,8814,1991,3.4649986196668374,12.006215434293088,89.77534,0.4223352615015801
A1_LCD_plus_2R,18,8814,1992,3.784058562137259,14.319099201684299,87.88663,0.48593436040791316
A1_LCD_plus_2R,18,8814,1993,3.755452941016724,14.103426792191163,103.94253,0.38414069759805336
A1_LCD_plus_2R,18,8814,1994,3.649091039125386,13.31586541182519,52.635857,0.4987415158255478
A1_LCD_plus_2R,18,8814,1995,2.7878629859006816,7.7721800281550655,116.124405,0.4158190697954777
A1_LCD_plus_2R,18,8814,1996,2.5377292240686535,6.440069614692088,12.332773,0.5710604455883573
A1_LCD_plus_2R,18,8814,1997,3.955294966476279,15.644358271832585,99.788025,0.4454965195482361
A1_LCD_plus_2R,18,8814,1998,2.284721253855503,5.2199512078190615,38.211494,0.09629407697208628
A1_LCD_plus_2R,18,8814,1999,3.1570702483826065,9.967092553222614,57.510475,0.347671897756736
A1_LCD_plus_2R,18,8814,2000,3.070741820519598,9.429455328288016,50.855045,0.37171968299961833
A1_LCD_plus_2R,18,8814,2001,3.506748872426339,12.297287654263396,77.79512,0.37594923200861075
A1_LCD_plus_2R,18,8814,2002,5.03216927049624,25.32272756692666,167.40176,0.8192017352935135
A1_LCD_plus_2R,18,8814,2003,3.957210955774842,15.659518548504442,113.00553,0.6127448911200991
A1_LCD_plus_2R,18,8814,2004,3.331205674824506,11.09693124798299,81.72087,0.52410352239323
A1_LCD_plus_2R,18,8814,2005,2.8360577651519887,8.043223647278891,62.84271,0.3178515450759779
A1_LCD_plus_2R,18,8814,2006,2.3834963999706753,5.681055088673169,5.929192,0.2025937347803402
A1_LCD_plus_2R,18,8814,2007,3.711465288318871,13.77497458639588,33.117607,0.4716914022377272
A1_LCD_plus_2R,18,8814,2008,5.437045682062875,29.561465748838554,162.03215,0.8507044690475902
A1_LCD_plus_2R,18,8814,2009,3.9362881299634975,15.494364242091528,133.87033,0.40515227678859445
A1_LCD_plus_2R,18,8814,2010,3.46579014982587,12.01170136263003,122.46275,0.5745479376916593
A1_LCD_plus_2R,18,8814,2011,3.1846283089177088,10.14185746596007,64.76108,0.5255736408305944
A1_LCD_plus_2R,18,8814,2012,2.261557864024834,5.114643972332571,40.83654,0.07318443373852897
A1_LCD_plus_2R,18,8814,2013,3.1331990005079433,9.816935976783977,74.95042,0.445999419772023
A1_LCD_plus_2R,18,8814,2014,3.6578014768935097,13.37951164436434,52.838642,0.5714023700974795
A1_LCD_plus_2R,18,8814,2015,3.5276276141052856,12.444156583798149,47.5875,0.48392072142315856
A1_LCD_plus_2R,18,8814,2016,4.38837374609176,19.25782413538743,141.43538,0.507953799537749
A1_LCD_plus_2R,18,8814,2017,4.1588167091299,17.295756420138055,143.8947,0.5999511960043327
A1_LCD_plus_2R,18,8814,2018,3.8202228695380653,14.594102772941651,43.85253,0.46098417908910466
A1_LCD_plus_2R,18,8814,2019,3.148292395886135,9.91174500999446,62.01875,0.20015013605948506
A1_LCD_plus_2R,18,8814,2020,3.0901203368917316,9.548843696471868,77.27375,0.40183507429946963
A1_LCD_plus_2R,18,8814,2021,4.272054864827698,18.250452768098,130.5345,0.290008446481693
A1_LCD_plus_2R,18,8814,2022,3.1398664168810777,9.858761115857618,81.81902,0.25073863159071885
A1_LCD_plus_2R,18,8814,2023,2.9167493600656855,8.50742682944359,27.63874,0.18913680503223818
A1_LCD_plus_2R,18,8814,2024,3.0791226446737476,9.480996260942652,68.90233,0.47826188179702955
A1_LCD_plus_2R,18,8814,2025,3.2717227285093102,10.704169612244401,43.863426,0.22906561206360065
A1_LCD_plus_2R,18,8814,2026,3.5529959771580963,12.623780413701613,64.43863,0.4184505932732202
A1_LCD_plus_2R,18,8814,2027,2.6406728887659487,6.973153305463499,59.414497,0.4005571425446108
A1_LCD_plus_2R,18,8814,2028,3.637199208347074,13.229218081200582,97.05338,0.640077761706189
A1_LCD_plus_2R,18,8814,2029,3.673651357794829,13.49571429862779,52.365543,0.3410928964615686
A1_LCD_plus_2R,18,8814,2030,5.3582702708905,28.711060295908947,294.78583,0.7074589928011299
A1_LCD_plus_2R,18,8814,2031,4.278286700904226,18.303737095133968,189.03099,0.706350169434157
A1_LCD_plus_2R,18,8814,2032,4.141196121707327,17.149505318443804,200.02786,0.7236825685238958
A1_LCD_plus_2R,18,8814,2033,3.1550176284634244,9.954136235914973,99.98392,0.28445525250559833
A1_LCD_plus_2R,18,8814,2034,3.1505196602127064,9.92577412938679,10.079923,0.5858883422965391
A1_LCD_plus_2R,18,8814,2035,2.553083043197503,6.518233025462623,9.971528,0.2286987774852522
A1_LCD_plus_2R,18,8814,2036,2.6331860840547647,6.933668953259666,61.760506,0.2870472425445868
A1_LCD_plus_2R,18,8814,2037,3.106812783008379,9.652285668664273,69.93387,0.29734343994438306
A1_LCD_plus_2R,18,8814,2038,4.30630620533886,18.54427313413997,70.13781,0.4701701106234376
A1_LCD_plus_2R,18,8814,2039,3.403678081595091,11.585024483130837,134.85571,0.5014154409416605
A1_LCD_plus_2R,18,8814,2040,3.296743205310864,10.868515761763351,111.954285,0.5115015844891639
A1_LCD_plus_2R,18,8814,2041,3.5728564708739046,12.76530336146553,74.54997,0.3510532458411487
A1_LCD_plus_2R,18,8814,2042,3.2695238377746048,10.689786125776381,99.009796,0.32867000785084144
A1_LCD_plus_2R,18,8814,2043,3.8874725528950194,15.11244284951212,48.210358,0.18334377205345778
A1_LCD_plus_2R,18,8814,2044,3.7381925825909494,13.974083784537992,109.36319,0.3600778082114563
A1_LCD_plus_2R,18,8814,2045,3.618436556943614,13.093083116625955,91.33737,0.523571975186663
A1_LCD_plus_2R,18,8814,2046,4.350759554942292,18.929108704921653,136.53712,0.5267112059065744
A1_LCD_plus_2R,18,8814,2047,3.6833634040219154,13.567165966087913,63.44756,0.5822376952062704
A1_LCD_plus_2R,18,8814,2048,2.9846432096407276,8.908095088854505,35.026653,0.20156630410828674
A1_LCD_plus_2R,18,8814,2049,3.4078967192758336,11.613760049250995,68.92569,0.17001449364754714
A1_LCD_plus_2R,18,8814,2050,5.02896603539759,25.290499385182564,275.21497,0.7463118221546956
A1_LCD_plus_2R,18,8814,2051,4.02427212454318,16.194766132375282,166.01756,0.6579784572135745
A1_LCD_plus_2R,18,8814,2052,3.2216602602081625,10.379094832204528,18.845337,0.303355677263674
A1_LCD_plus_2R,18,8814,2053,2.7004807835619045,7.292596462387117,26.827127,0.3124838225991725
A1_LCD_plus_2R,18,8814,2054,4.101381790531762,16.82133259170552,91.37825,0.5196719512440139
A1_LCD_plus_2R,18,8814,2055,3.5934333361830206,12.912763141591434,42.699223,0.5539573395310711
A1_LCD_plus_2R,18,8814,2056,3.048248167505899,9.291816890703071,28.302834,0.24291767174723328
A1_LCD_plus_2R,18,8814,2057,3.6477421207038416,13.306022579156961,114.639404,0.48160381068198505
A1_LCD_plus_2R,18,8814,2058,4.150942149048807,17.230320724749927,174.77403,0.7410938179685701
A1_LCD_plus_2R,18,8814,2059,3.2713743043043984,10.701889838863087,64.38842,0.19779706365372962
A1_LCD_plus_2R,18,8814,2060,3.5543110713289976,12.633127191771884,46.637703,0.18612579094804088
A1_LCD_plus_2R,18,8814,2061,3.0491728726617757,9.297455207376466,100.819595,0.6126031211732466
A1_LCD_plus_2R,18,8814,2062,2.7022869166373784,7.30235457982955,46.088852,0.11395452113321133
A1_LCD_plus_2R,18,8814,2063,3.168583232376903,10.039919700500063,95.04082,0.2998904230809908
A1_LCD_plus_2R,18,8814,2064,3.733002508078951,13.935307725323739,31.012383,0.2729479018957325
A1_LCD_plus_2R,18,8814,2065,3.809551675287117,14.512683966682879,36.033398,0.49876285675362125
A1_LCD_plus_2R,18,8814,2066,3.9278481607752833,15.427991174105776,207.88062,0.5557139583812893
A1_LCD_plus_2R,18,8814,2067,2.3778404425455486,5.654125170205213,35.734158,0.1454158870483492
A1_LCD_plus_2R,18,8814,2068,3.3904000572182764,11.494812547985692,89.31755,0.2007335257282229
A1_LCD_plus_2R,18,8814,2069,3.4778558062492198,12.095481009061409,21.83982,0.18200279761916816
A1_LCD_plus_2R,18,8814,2070,2.221528976113588,4.935190991712286,40.636,0.12418717581762648
A1_LCD_plus_2R,18,8814,2071,3.0919159980846684,9.559944539211912,69.10675,0.28914376843291945
A1_LCD_plus_2R,18,8814,2072,3.406936929850987,11.60721924398247,72.10996,0.2965203552346238
A1_LCD_plus_2R,18,8814,2073,4.2251344665385355,17.85176126033187,156.869,0.4777001506602677
A1_LCD_plus_2R,18,8814,2074,3.6284088844556903,13.165351032796986,123.538925,0.46146116862744546
A1_LCD_plus_2R,18,8814,2075,3.266272733623721,10.668537570413777,66.127045,0.28561973698962473
A1_LCD_plus_2R,18,8814,2076,3.5666590846008495,12.72105702576577,43.1394,0.4040714002492902
A1_LCD_plus_2R,18,8814,2077,3.273726951361429,10.717288152070196,122.53386,0.3118520550292982
A1_LCD_plus_2R,18,8814,2078,4.263730597219746,18.17939860566785,163.42807,0.5633479618787315
A1_LCD_plus_2R,18,8814,2079,5.59140532544987,31.263813513469174,287.0448,0.8038578856827583
A1_LCD_plus_2R,18,8814,2080,4.80947642097323,23.131063443897467,137.2174,0.6341321127890149
A1_LCD_plus_2R,18,8814,2081,3.6589267239119945,13.38774477095736,155.05142,0.5805963900559613
A1_LCD_plus_2R,18,8814,2082,3.899792276255347,15.20837979794086,135.27678,0.5032776334871638
A1_LCD_plus_2R,18,8814,2083,4.841371560931045,23.438878590991898,139.2577,0.6828869006225816
A1_LCD_plus_2R,18,8814,2084,4.6493747570510795,21.61668563150378,202.11444,0.6561743121826937
A1_LCD_plus_2R,18,8814,2085,4.187017277095098,17.53111367869285,120.352585,0.6867294570881863
A1_LCD_plus_2R,18,8814,2086,3.7451750121569742,14.02633587168499,89.74224,0.70150943520824
A1_LCD_plus_2R,18,8814,2087,3.957726843474117,15.663601767555601,83.080025,0.4471257079609581
A1_LCD_plus_2R,18,8814,2088,3.1160908336663997,9.71002208365976,20.51455,0.341135065600357
A1_LCD_plus_2R,18,8814,2089,4.434042674085782,19.66073443561379,130.31892,0.6998790950372734
A1_LCD_plus_2R,18,8814,2090,5.19859327447742,27.025372033441865,208.71489,0.8323674119282235
A1_LCD_plus_2R,18,8814,2091,4.681749808459685,21.918781269012296,134.00215,0.42596024339678173
A1_LCD_plus_2R,18,8814,2092,4.499827060119197,20.248443570980978,83.04866,0.493137630704385
A1_LCD_plus_2R,18,8814,2093,3.4444412759338356,11.864175703356716,107.0979,0.5241255992365705
A1_LCD_plus_2R,18,8814,2094,3.0082536386301433,9.049589954331497,19.894915,0.21096115784806185
A1_LCD_plus_2R,18,8814,2095,4.0476570758163115,16.383527803405848,135.08382,0.7189143547076704
A1_LCD_plus_2R,18,8814,2096,2.598797658527046,6.753749269965658,16.370535,0.20446570098746497
A1_LCD_plus_2R,18,8814,2097,4.713449222166236,22.216603569939494,162.13594,0.8168643014333735
A1_LCD_plus_2R,18,8814,2098,5.162987714745745,26.65644214261548,238.25043,0.6405302728176562
A1_LCD_plus_2R,18,8814,2099,2.8466628400892144,8.103489325144793,32.842163,0.22771681794418608
A1_LCD_plus_2R,18,8814,2100,3.045535274178134,9.27528510626328,47.223137,0.37211815179593916
A1_LCD_plus_2R,18,8814,2101,3.6242314997573337,13.135053963833291,18.72384,0.38848875832458346
A1_LCD_plus_2R,18,8814,2102,2.581489637287594,6.664088747423234,25.784565,0.2102245693761569
A1_LCD_plus_2R,18,8814,2103,2.8642211585420156,8.203762845039769,25.5135,0.3451796309145678
A1_LCD_plus_2R,18,8814,2104,3.4986986964359357,12.240892568442515,46.313576,0.2646367726307879
A1_LCD_plus_2R,18,8814,2105,2.963085889207234,8.779877986819024,56.261528,0.1851998776569056
A1_LCD_plus_2R,18,8814,2106,3.9820941983398135,15.857074204451601,109.49637,0.6786586539665165
A1_LCD_plus_2R,18,8814,2107,3.8653671487918633,14.941063194959337,116.32631,0.5647656600007697
A1_LCD_plus_2R,18,8814,2108,3.1088562184946755,9.664986987273007,72.82137,0.3900543389491325
A1_LCD_plus_2R,18,8814,2109,3.127595228752763,9.781851914917048,39.382,0.19239852888023895
A1_LCD_plus_2R,18,8814,2110,4.667428649324351,21.784890196533734,216.37369,0.7065256659229908
A1_LCD_plus_2R,18,8814,2111,3.8449269987101236,14.783463625410038,111.68059,0.5849556891529318
A1_LCD_plus_2R,18,8814,2112,4.449985623826517,19.80237205226268,164.2807,0.5789710492486537
A1_LCD_plus_2R,18,8814,2113,4.2560355658063775,18.113838737408813,97.46435,0.5835218112965112
A1_LCD_plus_2R,18,8814,2114,4.433630011724548,19.657075080864615,201.13623,0.706135728374556
A1_LCD_plus_2R,18,8814,2115,3.124094090781036,9.759963888052988,33.93869,0.2939869105851042
A1_LCD_plus_2R,18,8814,2116,2.838085189658413,8.05472754375843,74.64379,0.15064526823273733
A1_LCD_plus_2R,18,8814,2117,3.5723903629188296,12.761972905075325,59.436996,0.2813812982423579
A1_LCD_plus_2R,18,8814,2118,4.683411367023813,21.93434203276786,138.27635,0.6382463933714001
A1_LCD_plus_2R,18,8814,2119,2.9727793943750465,8.837417327620864,77.61665,0.33624344686375707
A1_LCD_plus_2R,18,8814,2120,3.2651336280671237,10.66109760913478,49.475452,0.3627737965978898
A1_LCD_plus_2R,18,8814,2121,3.17725034076354,10.094919727882031,42.51078,0.15299422028509901
A1_LCD_plus_2R,18,8814,2122,2.8356697534476134,8.041022950617648,25.496626,0.510169429628857
A1_LCD_plus_2R,18,8814,2123,3.742653644067021,14.00745629944815,53.73963,0.47602943324390823
A1_LCD_plus_2R,18,8814,2124,3.1934248169884256,10.19796206175756,50.31762,0.2594739908695158
A1_LCD_plus_2R,18,8814,2125,2.693182098236768,7.253229814262996,52.001606,0.3338061621641293
A1_LCD_plus_2R,18,8814,2126,3.1972112283200427,10.222159638495755,58.12068,0.6027813822759096
A1_LCD_plus_2R,18,8814,2127,2.371472345783906,5.623881086817821,20.610676,0.27513683784167636
A1_LCD_plus_2R,18,8814,2128,2.8770609582482156,8.277479757476144,12.809252,0.2668042764040606
A1_LCD_plus_2R,18,8814,2129,2.673934022042516,7.1499231542364665,39.34516,0.5576868662427409
A1_LCD_plus_2R,18,8814,2130,2.5320290336532874,6.411171027263199,25.455652,0.3019569676445028
A1_LCD_plus_2R,18,8814,2131,3.7712723954927068,14.2224954810053,149.43494,0.46940982195740477
A1_LCD_plus_2R,18,8814,2132,4.096990300186305,16.785329519820667,106.728485,0.20577551944890782
A1_LCD_plus_2R,18,8814,2133,4.971935842556554,24.720146022498543,109.82468,0.8183892344548668
A1_LCD_plus_2R,18,8814,2134,2.998541321805034,8.991250058572282,35.729237,0.4313506953946534
A1_LCD_plus_2R,18,8814,2135,2.897609707308293,8.39614201588725,41.984154,0.3572732827581749
A1_LCD_plus_2R,18,8814,2136,2.6888220660755238,7.229764103014649,0.44792762,0.14278412256437262
A1_LCD_plus_2R,18,8814,2137,3.163252352564444,10.006165446004488,108.48693,0.25189472251656686
A1_LCD_plus_2R,18,8814,2138,2.592151277120466,6.719248243477263,14.427444,0.37289887270671573
A1_LCD_plus_2R,18,8814,2139,3.2817904113937675,10.770148304316074,67.093315,0.41566186903709734
A1_LCD_plus_2R,18,8814,2140,4.598492964058889,21.146137540499108,154.42784,0.7057121077786853
A1_LCD_plus_2R,18,8814,2141,2.7265288236093017,7.433959425972324,39.685028,0.26971159756340435
A1_LCD_plus_2R,18,8814,2142,4.16483256854767,17.345830324035383,175.99771,0.7282892922452594
A1_LCD_plus_2R,18,8814,2143,4.118977955100852,16.965979394606794,74.02768,0.7845137450611898
A1_LCD_plus_2R,18,8814,2144,3.282881138616888,10.77730857028652,57.453613,0.3275562396604483
A1_LCD_plus_2R,18,8814,2145,2.7628326828086927,7.633244433195878,33.987854,0.4399539194760397
A1_LCD_plus_2R,18,8814,2146,3.252984344472491,10.581907145383123,61.307076,0.37139176703493226
A1_LCD_plus_2R,18,8814,2147,4.448350434870855,19.78782159141572,85.08016,0.7993655456142419
A1_LCD_plus_2R,18,8814,2148,3.4877974002147982,12.164730704945107,23.64782,0.5880641098105124
A1_LCD_plus_2R,18,8814,2149,2.5469253004844807,6.486828486247963,24.130676,0.1861885649575835
A1_LCD_plus_2R,18,8814,2150,3.0196308698568455,9.118170590192406,94.63669,0.2407561590193189
A1_LCD_plus_2R,18,8814,2151,3.2002901114256592,10.241856797288861,33.271626,0.44048466513590046
A1_LCD_plus_2R,18,8814,2152,3.745606823950196,14.029570479622276,135.91573,0.5971787315174546
A1_LCD_plus_2R,18,8814,2153,3.3626064850610486,11.307122373374622,86.548386,0.1999985636146671
A1_LCD_plus_2R,18,8814,2154,2.7659076518188153,7.650245138389874,9.077555,0.3174268672299774
A1_LCD_plus_2R,18,8814,2155,2.5711298910615676,6.610708916710267,39.72418,0.24615474287028244
A1_LCD_plus_2R,18,8814,2156,3.180191344445279,10.113616987284672,44.68889,0.48239222126956893
A1_LCD_plus_2R,18,8814,2157,3.9675174933888053,15.741195060346191,122.92442,0.636880058982591
A1_LCD_plus_2R,18,8814,2158,4.50179325586324,20.266142518535755,212.40144,0.809158945625708
A1_LCD_plus_2R,18,8814,2159,3.4142167327748156,11.656875898359537,129.05502,0.5589046400949746
A1_LCD_plus_2R,18,8814,2160,3.3641102976722785,11.317238094904669,41.33725,0.17511094080685172
A1_LCD_plus_2R,18,8814,2161,3.2622856434925502,10.642507619737604,88.2515,0.1947490205536408
A1_LCD_plus_2R,18,8814,2162,2.565236443869605,6.580438012956776,15.0344305,0.09341107519170286
A1_LCD_plus_2R,18,8814,2163,2.6660733616018293,7.107947169442879,18.8555,0.17391405041597585
A1_LCD_plus_2R,18,8814,2164,3.734687955848294,13.947894127558303,19.391611,0.5291756311199244
A1_LCD_plus_2R,18,8814,2165,2.9030130236247236,8.427484615334762,38.490044,0.30655014336699404
A1_LCD_plus_2R,18,8814,2166,4.003076819329194,16.024624021450744,170.53476,0.7936349174769375
A1_LCD_plus_2R,18,8814,2167,4.5980712938440345,21.14225962327255,143.22627,0.7243940230169938
A1_LCD_plus_2R,18,8814,2168,3.2417876678653457,10.509187283523842,67.24826,0.5770665739932015
A1_LCD_plus_2R,18,8814,2169,4.932577795483334,24.330323708495225,108.68097,0.5176807469468583
A1_LCD_plus_2R,18,8814,2170,2.615179649668158,6.839164600038471,56.126152,0.2820540914825469
A1_LCD_plus_2R,18,8814,2171,3.358857292683025,11.28192231260994,24.356833,0.20427540881114617
A1_LCD_plus_2R,18,8814,2172,3.757659163159953,14.120002386479959,149.1682,0.4412269003683304
A1_LCD_plus_2R,18,8814,2173,4.576954057818045,20.948508447377073,87.32097,0.4286389385781884
A1_LCD_plus_2R,18,8814,2174,4.935792798856285,24.36205055324156,112.57135,0.7959234929479916
A1_LCD_plus_2R,18,8814,2175,3.6564180351520186,13.369392847784944,59.51096,0.6681887120339726
A1_LCD_plus_2R,18,8814,2176,3.3375810774289523,11.1394474484118,128.49918,0.5237655548378487
A1_LCD_plus_2R,18,8814,2177,2.8498506512604553,8.121648734489641,62.41376,0.07593869528183056
A1_LCD_plus_2R,18,8814,2178,2.8288083093233403,8.002156450896774,71.25291,0.3412316102658017
A1_LCD_plus_2R,18,8814,2179,4.458085751978216,19.87452857199117,140.55118,0.5542890807425165
A1_LCD_plus_2R,18,8814,2180,4.407141919863695,19.422899901819854,240.64203,0.5943453636827375
A1_LCD_plus_2R,18,8814,2181,3.6847121788764166,13.577103841160188,70.457504,0.4469467576113121
A1_LCD_plus_2R,18,8814,2182,4.413193064926599,19.47627302831623,55.11331,0.4327845432948515
A1_LCD_plus_2R,18,8814,2183,3.02589778335412,9.156057395307373,48.751728,0.23967080054317405
A1_LCD_plus_2R,18,8814,2184,3.702945423620886,13.711804810314865,84.147995,0.37465828777817306
A1_LCD_plus_2R,18,8814,2185,2.5550419435075655,6.5282393330829205,50.069847,0.32890378622019956
A1_LCD_plus_2R,18,8814,2186,3.0595683726372767,9.360958626842315,62.398605,0.28775420123523493
A1_LCD_plus_2R,18,8814,2187,4.431857574817027,19.641361563463064,150.52701,0.7757532000176501
A1_LCD_plus_2R,18,8814,2188,3.744037701322832,14.017818308926755,105.68522,0.4610225624838037
A1_LCD_plus_2R,18,8814,2189,3.3010883491316876,10.897184288772971,25.20695,0.32874168035083023
A1_LCD_plus_2R,18,8814,2190,3.42297336882648,11.716746683695296,125.55325,0.5778776224287436
A1_LCD_plus_2R,18,8814,2191,5.01208960252018,25.12104218369089,174.15182,0.6906575340399916
A1_LCD_plus_2R,18,8814,2192,4.056006174488164,16.451186087486107,34.25615,0.6237170968270129
A1_LCD_plus_2R,18,8814,2193,4.484051677231367,20.106719444081435,54.134495,0.3156646984235307
A1_LCD_plus_2R,18,8814,2194,3.2960968621719924,10.864254524820053,73.00324,0.5432571434258535
A1_LCD_plus_2R,18,8814,2195,4.538749325011125,20.60024543528894,215.61278,0.5422131983817556
A1_LCD_plus_2R,18,8814,2196,5.146180350266472,26.483172197468747,256.11346,0.845820451002023
A1_LCD_plus_2R,18,8814,2197,3.3042458948759625,10.918040933804651,127.94072,0.38404983322478603
A1_LCD_plus_2R,18,8814,2198,4.293873648974939,18.437350913361357,75.41447,0.39659935278483227
A1_LCD_plus_2R,18,8814,2199,2.556023017075089,6.533253663817642,24.267845,0.18709001157081168
A1_LCD_plus_2R,18,8814,2200,3.1042796474628194,9.636552129651887,15.533325,0.25941074832546507
A1_LCD_plus_2R,18,8814,2201,3.192025010085648,10.189023665012282,35.200943,0.4879816552537783
A1_LCD_plus_2R,18,8814,2202,3.836345924949823,14.71755005587911,131.21027,0.6481272893534784
A1_LCD_plus_2R,18,8814,2203,3.272508148612843,10.709309582737463,112.54889,0.42606872434532245
A1_LCD_plus_2R,18,8814,2204,2.907337893768033,8.452613628539545,37.363235,0.5056395393340958
A1_LCD_plus_2R,18,8814,2205,2.9775905175719064,8.866045290334135,15.737327,0.2805024707049062
A1_LCD_plus_2R,18,8814,2206,2.795568740423453,7.815204582432771,12.573291,0.16983491976961076
A1_LCD_plus_2R,18,8814,2207,2.7426332026093405,7.522036884055169,34.631912,0.3837808304899032
A1_LCD_plus_2R,18,8814,2208,3.830721554512092,14.674427628203537,79.04979,0.5107462501524054
A1_LCD_plus_2R,18,8814,2209,3.2344062975443633,10.461384097594637,42.304455,0.4551214248569847
A1_LCD_plus_2R,18,8814,2210,4.474648961045718,20.02248332458752,117.23093,0.45686580907384844
A1_LCD_plus_2R,18,8814,2211,2.8020142969179935,7.851284120132838,26.319078,0.37999544213074593
A1_LCD_plus_2R,18,8814,2212,3.8499406940827727,14.822043347954542,132.43707,0.4771551678475724
A1_LCD_plus_2R,18,8814,2213,3.617235909697732,13.084395626406776,60.575485,0.5392571621501467
A1_LCD_plus_2R,18,8814,2214,3.7756187157160506,14.255296686465318,141.04948,0.7490310952622847
A1_LCD_plus_2R,18,8814,2215,5.018641515511812,25.1867626612187,192.72127,0.7973382564966482
A1_LCD_plus_2R,18,8814,2216,3.8363528567783494,14.717603241711398,118.02027,0.49930728678798064
A1_LCD_plus_2R,18,8814,2217,3.0553238195448813,9.335003642278323,39.67412,0.24406335284373454
A1_LCD_plus_2R,18,8814,2218,3.5110237229146453,12.327287582869415,60.82387,0.20930248950593658
A1_LCD_plus_2R,18,8814,2219,4.047950305040126,16.38590167207445,60.635727,0.2195181345362049
A1_LCD_plus_2R,18,8814,2220,5.038398719032903,25.385461651952404,307.21573,0.7676451909956201
A1_LCD_plus_2R,18,8814,2221,5.418524793464318,29.36041093738752,235.56502,0.8120352574242253
A1_LCD_plus_2R,18,8814,2222,3.6413645465968663,13.2595357612126,115.167694,0.6008394787251959
A1_LCD_plus_2R,18,8814,2223,3.8086209551927284,14.505593580333171,105.99768,0.20220486198417076
A1_LCD_plus_2R,18,8814,2224,3.2373270339552565,10.480286324777534,65.12462,0.4581737631587516
A1_LCD_plus_2R,18,8814,2225,4.428851664149948,19.61472706304377,152.10832,0.582943434724164
A1_LCD_plus_2R,18,8814,2226,4.091707997745194,16.742074338811985,171.00877,0.5206019330421446
A1_LCD_plus_2R,18,8814,2227,3.1698542889772257,10.047976213347313,39.02166,0.482853855989883
A1_LCD_plus_2R,18,8814,2228,3.386125987841963,11.465849205538715,153.25998,0.6595542557182857
A1_LCD_plus_2R,18,8814,2229,3.4073658576904062,11.610142088154277,91.78255,0.6584878700082712
A1_LCD_plus_2R,18,8814,2230,2.5663877155349963,6.586345906448938,12.045981,0.293675478873757
A1_LCD_plus_2R,18,8814,2231,3.138830915341587,9.852259515104103,95.982056,0.33989343920440357
A1_LCD_plus_2R,18,8814,2232,2.7051680086949346,7.3179339552665175,10.23054,0.33201969896468536
A1_LCD_plus_2R,18,8814,2233,2.856392707611527,8.158979300096311,55.85886,0.5545187260036857
A1_LCD_plus_2R,18,8814,2234,3.367110099296885,11.337430420787078,28.796326,0.393978575863008
A1_LCD_plus_2R,18,8814,2235,2.850770278463888,8.126891180573077,18.082333,0.14876775341709642
A1_LCD_plus_2R,18,8814,2236,3.2227872617503524,10.386357734500335,38.31838,0.3183150737164232
A1_LCD_plus_2R,18,8814,2237,4.7365031182061665,22.434461788776737,164.27989,0.5695832090188699
A1_LCD_plus_2R,18,8814,2238,5.251421400178397,27.577426722251634,198.7716,0.681588051057661
A1_LCD_plus_2R,18,8814,2239,4.433701988194307,19.65771332011815,180.153,0.6824113260707487
A1_LCD_plus_2R,18,8814,2240,3.101498319158248,9.619291823741438,37.704895,0.3665591657788043
A1_LCD_plus_2R,18,8814,2241,4.891560860054897,23.927367647621008,142.11699,0.6458881222476532
A1_LCD_plus_2R,18,8814,2242,4.328334419238811,18.73447884476737,121.07392,0.6631914314367485
A1_LCD_plus_2R,18,8814,2243,3.996163965999913,15.969326443156152,131.72058,0.5878713721399412
A1_LCD_plus_2R,18,8814,2244,2.640891771497348,6.9743093487624,30.322693,0.4220026923679083
A1_LCD_plus_2R,18,8814,2245,3.653831176313314,13.350482264999133,134.56458,0.6902986216325988
A1_LCD_plus_2R,18,8814,2246,4.1705780555840875,17.393721317719546,160.49182,0.6276845411274152
A1_LCD_plus_2R,18,8814,2247,4.296497326389651,18.459889275673422,150.19774,0.39450764573886643
A1_LCD_plus_2R,18,8814,2248,4.662039094457147,21.734608518246816,175.39215,0.7259937998258295
A1_LCD_plus_2R,18,8814,2249,3.6786168444209353,13.532221888057435,145.8892,0.6053103771111261
A1_LCD_plus_2R,18,8814,2250,3.5384983233276093,12.520970384192307,68.39149,0.320278271717807
A1_LCD_plus_2R,18,8814,2251,3.735921993426191,13.957113140965525,84.117744,0.2848740144006281
A1_LCD_plus_2R,18,8814,2252,2.905081018048046,8.439495721423073,33.45537,0.16335530778201288
A1_LCD_plus_2R,18,8814,2253,3.903820842122411,15.239817167389333,71.75947,0.40822267115678607
A1_LCD_plus_2R,18,8814,2254,3.9753222329580926,15.803186855850912,145.78963,0.771703355297098
A1_LCD_plus_2R,18,8814,2255,4.298798999210791,18.4796728356157,107.318344,0.6320516864231467
A1_LCD_plus_2R,18,8814,2256,2.98780117246167,8.92695584616333,45.31138,0.23172167701765475
A1_LCD_plus_2R,18,8814,2257,2.9686283712912473,8.812754406835326,75.446,0.18386304214751734
A1_LCD_plus_2R,18,8814,2258,2.303875690071046,5.3078431953003395,20.777603,0.1881090056867079
A1_LCD_plus_2R,18,8814,2259,2.9902214911645553,8.941424566222377,22.075434,0.24157260198192235
A1_LCD_plus_2R,18,8814,2260,2.6333574507383126,6.934571463358985,54.393723,0.4602102099749652
A1_LCD_plus_2R,18,8814,2261,3.123428317417236,9.755804454043865,61.05327,0.403537404581337
A1_LCD_plus_2R,18,8814,2262,4.1649471166356715,17.34678448437179,151.77263,0.5778152959760265
A1_LCD_plus_2R,18,8814,2263,5.291279976227057,27.997643786821413,205.11696,0.6959566293952153
A1_LCD_plus_2R,18,8814,2264,2.6224150037782383,6.877060452041214,40.73052,0.03601266498409633
A1_LCD_plus_2R,18,8814,2265,2.63058469554221,6.9199758404209,6.3274975,0.24851955473541365
A1_LCD_plus_2R,18,8814,2266,2.6956204136620348,7.2663694145514794,28.914679,0.27802467458085234
A1_LCD_plus_2R,18,8814,2267,2.8085319719959716,7.887851837723579,13.052127,0.3744375783810982
A1_LCD_plus_2R,18,8814,2268,4.04550966450326,16.366148445589282,104.171936,0.40626654323241634
A1_LCD_plus_2R,18,8814,2269,4.925361494426685,24.259185850781055,187.72783,0.4857773982124626
A1_LCD_plus_2R,18,8814,2270,2.9383854398862717,8.63410899333564,109.74703,0.3206386704683847
A1_LCD_plus_2R,18,8814,2271,3.9377109186263533,15.505567278669194,132.64473,0.34177870879906125
A1_LCD_plus_2R,18,8814,2272,3.745218132140882,14.02665885731684,193.31929,0.8044016222985072
A1_LCD_plus_2R,18,8814,2273,4.033783434378653,16.271408795467632,131.81223,0.4882723255208611
A1_LCD_plus_2R,18,8814,2274,3.075773493649387,9.460382584236148,65.02988,0.3738473511624025
A1_LCD_plus_2R,18,8814,2275,2.6137302333773085,6.831585732870602,39.327103,0.25651397119282826
A1_LCD_plus_2R,18,8814,2276,3.0007086995205148,9.0042526993781,37.529175,0.3563576306369503
A1_LCD_plus_2R,18,8814,2277,3.902042536243844,15.225935954656283,94.829475,0.701842769800894
A1_LCD_plus_2R,18,8814,2278,4.871131701012448,23.72792404860842,164.23737,0.7292273103112776
A1_LCD_plus_2R,18,8814,2279,4.682640956553181,21.92712632798929,204.93446,0.5536619257353321
A1_LCD_plus_2R,18,8814,2280,4.823501099830397,23.26616286006504,204.7536,0.5758417013416083
A1_LCD_plus_2R,18,8814,2281,4.15235781576665,17.242075430158387,167.89336,0.3606941448126926
A1_LCD_plus_2R,18,8814,2282,3.8728887407934702,14.999267198564832,88.90423,0.6962537709878841
A1_LCD_plus_2R,18,8814,2283,2.914278382843442,8.493018492708593,60.350998,0.3939392818809528
A1_LCD_plus_2R,18,8814,2284,3.4244223199416157,11.726668225314317,72.81131,0.5130109978361068
A1_LCD_plus_2R,18,8814,2285,3.31446287588054,10.985664155590298,49.263573,0.47306563259013806
A1_LCD_plus_2R,18,8814,2286,3.1244490018445013,9.762181565127099,104.98711,0.5818337580913664
A1_LCD_plus_2R,18,8814,2287,3.845523968523622,14.788054592489667,43.415554,0.3851455900297984
A1_LCD_plus_2R,18,8814,2288,2.850750184061938,8.126776611929174,55.577667,0.35813964793351266
A1_LCD_plus_2R,18,8814,2289,4.08932785445644,16.722602301233312,145.81787,0.43658056811193774
A1_LCD_plus_2R,18,8814,2290,3.9358567972617293,15.490968728551355,151.08008,0.6413940729126661
A1_LCD_plus_2R,18,8814,2291,3.742939497918395,14.00959608507761,148.32878,0.307398973215848
A1_LCD_plus_2R,18,8814,2292,2.9562661000512596,8.739509254312285,91.765625,0.31563097550806996
A1_LCD_plus_2R,18,8814,2293,3.9380829503524706,15.50849732385682,83.77415,0.42530244607223056
A1_LCD_plus_2R,18,8814,2294,2.9336291407527937,8.606179935473975,78.26586,0.48602633925855043
A1_LCD_plus_2R,18,8814,2295,3.5626340677393245,12.69236150061684,93.8696,0.22961622213877564
A1_LCD_plus_2R,18,8814,2296,3.8320828789280466,14.684859190973466,43.915764,0.5244495637958679
A1_LCD_plus_2R,18,8814,2297,2.9021661472158087,8.422568346045452,72.93353,0.22968688121560388
A1_LCD_plus_2R,18,8814,2298,2.708181039284345,7.334244541539231,47.13289,0.4496783128167533
A1_LCD_plus_2R,18,8814,2299,4.533316234056115,20.55095607795672,154.22632,0.47087811840102733
A1_LCD_plus_2R,18,8814,2300,5.404307153122188,29.206535805287636,182.06969,0.6593532665597716
A1_LCD_plus_2R,18,8814,2301,4.572496959881901,20.907728448129227,216.8989,0.7323067228180179
A1_LCD_plus_2R,18,8814,2302,4.072747331341516,16.587270824949435,119.18532,0.4153334063992626
A1_LCD_plus_2R,18,8814,2303,3.757466755856552,14.118556421367158,148.78297,0.5991871915544685
A1_LCD_plus_2R,18,8814,2304,3.579338532731522,12.811664331896644,81.91288,0.4229961833083661
A1_LCD_plus_2R,18,8814,2305,3.3270454370121976,11.069231339943684,42.12213,0.30528890303790157
A1_LCD_plus_2R,18,8814,2306,3.188783280980767,10.168338813062464,25.971294,0.24736273055193178
A1_LCD_plus_2R,18,8814,2307,3.9534789260182435,15.629995618470364,95.6914,0.5857676870349353
A1_LCD_plus_2R,18,8814,2308,3.7267217987925556,13.888455365595622,47.28927,0.22975825349104184
A1_LCD_plus_2R,18,8814,2309,3.3060315655294046,10.929844712276806,77.92199,0.3745371086306418
A1_LCD_plus_2R,18,8814,2310,3.2014893353496783,10.249533964357727,85.08431,0.31677746161951703
A1_LCD_plus_2R,18,8814,2311,3.7559689205439586,14.107302532092149,125.70742,0.4321216129763668
A1_LCD_plus_2R,18,8814,2312,2.6367562113533367,6.952483318110403,12.478205,0.1781737730812754
A1_LCD_plus_2R,18,8814,2313,3.717569339937517,13.820321797243462,77.52762,0.31405819037810156
A1_LCD_plus_2R,18,8814,2314,3.1057766528214352,9.645848617210715,38.6608,0.39919618094599646
A1_LCD_plus_2R,18,8814,2315,2.742854575471907,7.523251222187174,43.479786,0.26931638981979344
A1_LCD_plus_2R,18,8814,2316,3.3690908040827274,11.350772846154799,29.844822,0.6136193502837926
A1_LCD_plus_2R,18,8814,2317,3.4636983064120646,11.997205957841805,93.84171,0.5306125571824549
A1_LCD_plus_2R,18,8814,2318,2.708912027463807,7.338204372538073,53.663914,0.12576711660614526
A1_LCD_plus_2R,18,8814,2319,3.816019142071503,14.562002092656128,134.0621,0.6771396327044426
A1_LCD_plus_2R,18,8814,2320,3.559174849874332,12.667725611977975,19.708391,0.38165225370513933
A1_LCD_plus_2R,18,8814,2321,2.475790287045614,6.129537545429404,53.169918,0.45049381810242434
A1_LCD_plus_2R,18,8814,2322,2.887742592626663,8.339057281270163,26.976116,0.27323270864500876
A1_LCD_plus_2R,18,8814,2323,2.7679641640391788,7.661625613405111,16.951136,0.27622117192083495
A1_LCD_plus_2R,18,8814,2324,3.2534103679129203,10.58467902204328,44.868797,0.29739089886196657
A1_LCD_plus_2R,18,8814,2325,2.9462206100686408,8.680215883193233,59.727356,0.2868814610809225
A1_LCD_plus_2R,18,8814,2326,4.568842101175798,20.874318145476476,91.28237,0.4355412477852876
A1_LCD_plus_2R,18,8814,2327,4.22037445887493,17.811560573123863,148.85162,0.4857192402216288
A1_LCD_plus_2R,18,8814,2328,2.9935034489013925,8.961062898584535,52.581367,0.38691722190340216
A1_LCD_plus_2R,18,8814,2329,3.484459647695127,12.141459036415648,61.574196,0.5535811305905823
A1_LCD_plus_2R,18,8814,2330,4.434371256863691,19.66364844369887,152.83537,0.7337039108715693
A1_LCD_plus_2R,18,8814,2331,3.7869879537371345,14.34127776175017,48.06194,0.5182234740599388
A1_LCD_plus_2R,18,8814,2332,3.7472007795418336,14.041513682198925,93.7167,0.5651403563496029
A1_LCD_plus_2R,18,8814,2333,3.108252815273887,9.66123556365804,35.4831,0.2137358820733522
A1_LCD_plus_2R,18,8814,2334,2.994487555967976,8.966955722847063,44.259155,0.6292574020726609
A1_LCD_plus_2R,18,8814,2335,2.5203904023970747,6.352367780495289,16.133024,0.18089801582195492
A1_LCD_plus_2R,18,8814,2336,3.5670219870858912,12.72364585635418,74.23456,0.2517098239001275
A1_LCD_plus_2R,18,8814,2337,3.663216537094445,13.419155397642218,113.655914,0.5094929064228286
A1_LCD_plus_2R,18,8814,2338,3.7977873903923007,14.423189062622765,45.752396,0.45953855510264185
A1_LCD_plus_2R,18,8814,2339,4.64696913308235,21.594322123820128,190.42462,0.8223885876134558
A1_LCD_plus_2R,18,8814,2340,2.5866765734142416,6.690895695450041,39.33868,0.2827185110797889
A1_LCD_plus_2R,18,8814,2341,2.74156722918715,7.516190872152908,17.959507,0.20746537059243553
A1_LCD_plus_2R,18,8814,2342,3.689147871014946,13.609812014214109,73.87682,0.42356579682917456
A1_LCD_plus_2R,18,8814,2343,2.8703213112613266,8.238744429880942,7.8561926,0.25614637481639785
A1_LCD_plus_2R,18,8814,2344,3.4153471138290428,11.664595907940374,110.51749,0.27255491430641854
A1_LCD_plus_2R,18,8814,2345,2.7749933884419766,7.700588305896681,45.17063,0.22901198919089455
A1_LCD_plus_2R,18,8814,2346,2.6993196873840097,7.286326774698908,33.48777,0.07790472768843304
A1_LCD_plus_2R,18,8814,2347,3.4727226583151727,12.0598026615756,71.146355,0.35019807652656176
A1_LCD_plus_2R,18,8814,2348,3.879527319282968,15.05073222106289,100.530426,0.655392003968065
A1_LCD_plus_2R,18,8814,2349,4.4159432499381746,19.50055478667453,66.06593,0.6403590044572184
A1_LCD_plus_2R,18,8814,2350,3.683888277378134,13.571032840204035,114.84107,0.5618865039910719
A1_LCD_plus_2R,18,8814,2351,2.7688793100626903,7.6666926336932395,7.749692,0.30708059199268367
A1_LCD_plus_2R,18,8814,2352,4.156066804782929,17.272891285818588,97.081696,0.6157444224444599
A1_LCD_plus_2R,18,8814,2353,3.333684388348582,11.113451601119058,55.359608,0.31225755143219575
A1_LCD_plus_2R,18,8814,2354,3.4644810789131544,12.002629146147253,27.99662,0.29876056915144833
A1_LCD_plus_2R,18,8814,2355,3.5870629352594285,12.867020501511988,75.72209,0.6247016244126964
A1_LCD_plus_2R,18,8814,2356,3.2274882226135353,10.416680227109076,69.14479,0.5701326723982131
A1_LCD_plus_2R,18,8814,2357,4.161136960487231,17.315060803932916,102.31749,0.5571926324257697
A1_LCD_plus_2R,18,8814,2358,3.419822701593596,11.695187310334925,48.357048,0.41373522976040317
A1_LCD_plus_2R,18,8814,2359,4.780479385258691,22.85298315288331,157.95338,0.7055878754639632
A1_LCD_plus_2R,18,8814,2360,4.570573032239128,20.890137843031578,133.98824,0.7425707088950908
A1_LCD_plus_2R,18,8814,2361,3.8371977322545576,14.724086436419519,109.823456,0.540303678972075
A1_LCD_plus_2R,18,8814,2362,3.8736155084117443,15.004897107007968,30.42025,0.648120735007861
A1_LCD_plus_2R,18,8814,2363,3.9211448958134616,15.375377293963957,115.37889,0.4666695498710637
A1_LCD_plus_2R,18,8814,2364,3.3857672236000242,11.463419692404221,61.415348,0.2483755700582977
A1_LCD_plus_2R,18,8814,2365,3.577724573289304,12.80011312231813,84.762024,0.33174561018081505
A1_LCD_plus_2R,18,8814,2366,2.5621878831240767,6.564806748427839,37.83168,0.10614133509680901
A1_LCD_plus_2R,18,8814,2367,2.5379337661440715,6.441107801334232,24.89231,0.11818033813200843
A1_LCD_plus_2R,18,8814,2368,4.083140830827107,16.672039044367477,80.21208,0.7678672868631595
A1_LCD_plus_2R,18,8814,2369,3.800632987614452,14.444811106543154,73.3063,0.5697993054673196
A1_LCD_plus_2R,18,8814,2370,3.9874622090536165,15.899854868630753,97.58235,0.6464269447921837
A1_LCD_plus_2R,18,8814,2371,3.7671507905627575,14.191425078837607,85.203865,0.5147153551658518
A1_LCD_plus_2R,18,8814,2372,2.358111563440998,5.56069014563415,48.24038,0.23692158665498764
A1_LCD_plus_2R,18,8814,2373,3.6510303732274387,13.33002278622929,86.00144,0.3155885527749483
A1_LCD_plus_2R,18,8814,2374,2.640736091559409,6.973487105264465,47.206017,0.06927141785818881
A1_LCD_plus_2R,18,8814,2375,3.036018564440355,9.217408723626473,89.63736,0.3432539063879172
A1_LCD_plus_2R,18,8814,2376,2.9671623001968777,8.804052115709627,45.170364,0.2698165748721991
A1_LCD_plus_2R,18,8814,2377,3.9889335712359593,15.911591035733261,109.64021,0.6577085529499656
A1_LCD_plus_2R,18,8814,2378,3.008253504953778,9.049589150066693,14.515696,0.503689115963983
A1_LCD_plus_2R,18,8814,2379,2.2425339781464184,5.028958643141199,0.53959966,0.27824048695171044
A1_LCD_plus_2R,18,8814,2380,2.3173722789921465,5.370214279441257,10.793089,0.19034155268382386
A1_LCD_plus_2R,18,8814,2381,3.4135438011306762,11.652281282237665,51.472034,0.32004797913157534
A1_LCD_plus_2R,18,8814,2382,3.82365076760121,14.620305192577323,143.32086,0.5426006422505858
A1_LCD_plus_2R,18,8814,2383,3.804225207982684,14.472129433050897,131.69434,0.6977492638622376
A1_LCD_plus_2R,18,8814,2384,4.0744478300856315,16.601125120089513,47.28105,0.4150551831175985
A1_LCD_plus_2R,18,8814,2385,3.4330682790811493,11.785957808833205,74.42916,0.27271442844155297
A1_LCD_plus_2R,18,8814,2386,4.547061896787201,20.675771893214023,150.60878,0.7157645485770213
A1_LCD_plus_2R,18,8814,2387,3.843284446481563,14.77083533656709,73.676796,0.4077996116178939
A1_LCD_plus_2R,18,8814,2388,2.3259028134132818,5.409823897443819,16.11635,0.14706500335735334
A1_LCD_plus_2R,18,8814,2389,3.7958955360022526,14.408822920241823,138.25388,0.34826731270198347
A1_LCD_plus_2R,18,8814,2390,3.498281663594891,12.23797459784424,45.118767,0.5146263866128773
A1_LCD_plus_2R,18,8814,2391,3.6326426919286168,13.196092927222386,21.824162,0.649764082853579
A1_LCD_plus_2R,18,8814,2392,2.8442689182207075,8.089865679156395,41.35307,0.38889980035691674
A1_LCD_plus_2R,18,8814,2393,3.102362616127612,9.62465380194616,42.10077,0.21903401226376304
A1_LCD_plus_2R,18,8814,2394,3.1297321335143673,9.795223227552391,83.76008,0.35079649833334003
A1_LCD_plus_2R,18,8814,2395,3.5043174709912974,12.280240937494844,95.17938,0.6011152826165841
A1_LCD_plus_2R,18,8814,2396,4.257279134643676,18.124425630272412,111.04348,0.7497016357714329
A1_LCD_plus_2R,18,8814,2397,2.460953032614894,6.056289828736445,84.697296,0.30178319959040734
A1_LCD_plus_2R,18,8814,2398,3.177070031586102,10.093773985602514,43.90707,0.3228212267633192
A1_LCD_plus_2R,18,8814,2399,3.6060878779110133,13.003869783216754,143.27469,0.4846166075972745
A1_LCD_plus_2R,18,8814,2400,3.599698903474014,12.957832195672015,79.020645,0.5002015142310856
A1_LCD_plus_2R,18,8814,2401,4.6632487802359375,21.74588918637195,126.24199,0.7908170054876913
A1_LCD_plus_2R,18,8814,2402,4.590761637620175,21.075092413445077,132.18225,0.6349612317426453
A1_LCD_plus_2R,18,8814,2403,2.9468659731417017,8.684019063660388,56.840656,0.1053156416780344
A1_LCD_plus_2R,18,8814,2404,3.6315386795112303,13.188073180786171,62.43057,0.2738839587014365
A1_LCD_plus_2R,18,8814,2405,3.4607815175954557,11.977008712530303,136.41916,0.6358525294795223
A1_LCD_plus_2R,18,8814,2406,3.0088187475977506,9.052990255895693,64.73259,0.4726803186379992
A1_LCD_plus_2R,18,8814,2407,4.392501991623755,19.294073746418647,110.89882,0.4492915212231524
A1_LCD_plus_2R,18,8814,2408,3.2883868529604747,10.813488094723294,50.81929,0.33845322915062437
A1_LCD_plus_2R,18,8814,2409,2.8456234609846174,8.097572881706073,6.174564,0.35575894889283516
A1_LCD_plus_2R,18,8814,2410,2.2576444227980295,5.096958339791048,29.660583,0.1446083145654623
A1_LCD_plus_2R,18,8814,2411,2.8174049561452663,7.937770686911908,30.418701,0.30116802263527437
A1_LCD_plus_2R,18,8814,2412,2.894755738338948,8.379610784646268,61.77061,0.2636137962175381
A1_LCD_plus_2R,18,8814,2413,3.7855139621830576,14.33011595788287,35.78886,0.7162497469623711
A1_LCD_plus_2R,18,8814,2414,2.142011286482039,4.58821235141644,26.254766,0.17167699964368627
A1_LCD_plus_2R,18,8814,2415,3.1470193368297537,9.903730706380381,40.19164,0.4313917791289011
A1_LCD_plus_2R,18,8814,2416,2.9041517205505802,8.434097215976896,18.88528,0.5437118674700826
A1_LCD_plus_2R,18,8814,2417,2.759882551104758,7.616951695892505,35.903397,0.4140009093518596
A1_LCD_plus_2R,18,8814,2418,2.995769618751133,8.974635608632308,65.46375,0.5648234688669687
A1_LCD_plus_2R,18,8814,2419,3.2503007654487592,10.564455065876789,47.18392,0.3119977247097929
A1_LCD_plus_2R,18,8814,2420,4.105950276625967,16.858827674124854,146.85986,0.4336002221200931
A1_LCD_plus_2R,18,8814,2421,3.3391429219557276,11.14987545324703,80.41145,0.5400891615832274
A1_LCD_plus_2R,18,8814,2422,2.800142209955401,7.840796395973918,35.64397,0.18709222792381566
A1_LCD_plus_2R,18,8814,2423,3.3635539877791576,11.313495428705075,50.275864,0.19998132904829974
A1_LCD_plus_2R,18,8814,2424,3.139504844373163,9.856490667842557,48.218395,0.3507909771374317
A1_LCD_plus_2R,18,8814,2425,2.49519494364487,6.225997806790927,21.803207,0.19464722950689695
A1_LCD_plus_2R,18,8814,2426,3.2250004793279237,10.400628091665338,52.55376,0.4702826808382686
A1_LCD_plus_2R,18,8814,2427,2.87053425719139,8.239966921709325,34.302673,0.30297400262761626
A1_LCD_plus_2R,18,8814,2428,3.0740942868539194,9.450055684467907,105.560555,0.5253082537191678
A1_LCD_plus_2R,18,8814,2429,2.9238758035506525,8.549049714588975,42.91848,0.174510327523254
A1_LCD_plus_2R,18,8814,2430,2.79162910903919,7.79319308243494,50.567448,0.2253753070479662
A1_LCD_plus_2R,18,8814,2431,2.3404508289698156,5.477710082825498,8.527442,0.3028367709649344
A1_LCD_plus_2R,18,8814,2432,3.278378001744551,10.747762322322593,49.755577,0.2065604153319802
A1_LCD_plus_2R,18,8814,2433,4.055178709477503,16.444474365799625,79.08395,0.3186835512215469
A1_LCD_plus_2R,18,8814,2434,3.680846712871157,13.548632523654401,118.877655,0.6329951110672322
A1_LCD_plus_2R,18,8814,2435,4.004010086976992,16.0320967766135,64.51045,0.7097691548937178
A1_LCD_plus_2R,18,8814,2436,2.4700292816958944,6.101044652435137,26.232698,0.1403678559669537
A1_LCD_plus_2R,18,8814,2437,3.206443764345134,10.281281613907794,34.35692,0.5861227088380153
A1_LCD_plus_2R,18,8814,2438,2.7965926316897676,7.820930347621501,32.477737,0.17268276952350065
A1_LCD_plus_2R,18,8814,2439,3.038805299605851,9.234337648912609,56.177193,0.4263672397483238
A1_LCD_plus_2R,18,8814,2440,2.4881337759409705,6.190809686978273,57.335102,0.2468450508741532
A1_LCD_plus_2R,18,8814,2441,3.5314607631771207,12.471215121859531,62.644547,0.2602408988814141
A1_LCD_plus_2R,18,8814,2442,3.3081464081588097,10.943832657814033,81.78299,0.4741440229363722
A1_LCD_plus_2R,18,8814,2443,3.699712344845506,13.687871434602227,29.895893,0.35960217868570965
A1_LCD_plus_2R,18,8814,2444,2.9248362458078403,8.5546670647913,32.793686,0.477147331717208
A1_LCD_plus_2R,18,8814,2445,3.771235416833412,14.222216569178679,164.38216,0.6291408888388164
A1_LCD_plus_2R,18,8814,2446,3.4661514085814544,12.014205587211194,62.533623,0.3239499112025505
A1_LCD_plus_2R,18,8814,2447,2.5581745776441247,6.544257169704699,41.090984,0.14349409649851458
A1_LCD_plus_2R,18,8814,2448,3.3197740581424267,11.020899797115433,44.24695,0.6155385264423969
A1_LCD_plus_2R,18,8814,2449,2.996115659427775,8.97670904466833,44.97488,0.433067230097833
A1_LCD_plus_2R,18,8814,2450,2.525325499532142,6.37726887858726,47.686024,0.2215748462761456
A1_LCD_plus_2R,18,8814,2451,3.010707059518602,9.064356998235148,18.03862,0.4099186737200736
A1_LCD_plus_2R,18,8814,2452,2.859870096219795,8.17885696725222,132.72453,0.46729140614498477
A1_LCD_plus_2R,18,8814,2453,2.9053197960512414,8.440883117327228,6.2348204,0.4580443565841481
A1_LCD_plus_2R,18,8814,2454,3.2140252204060253,10.329958117406,28.21007,0.446784621783353
A1_LCD_plus_2R,18,8814,2455,3.951733846217368,15.616200391339913,106.58584,0.8211729446977912
A1_LCD_plus_2R,18,8814,2456,5.142933897356792,26.449769072581525,104.177956,0.5609907050755695
A1_LCD_plus_2R,18,8814,2457,4.043237362725841,16.34776837134222,103.239914,0.41207783537815884
A1_LCD_plus_2R,18,8814,2458,3.8520685871045326,14.838432399757512,99.657906,0.5967319668453208
A1_LCD_plus_2R,18,8814,2459,3.0374350503478174,9.226011685081453,46.36097,0.24859443925552888
A1_LCD_plus_2R,18,8814,2460,2.988014102295379,8.928228275516059,3.2739508,0.20922262641259123
A1_LCD_plus_2R,18,8814,2461,2.230938175659628,4.9770851436155095,10.699238,0.14295415878547835
A1_LCD_plus_2R,18,8814,2462,3.0351436852109908,9.21209718987615,78.25356,0.31233132273357317
A1_LCD_plus_2R,18,8814,2463,3.1252109492537192,9.766943477335332,36.91246,0.2532081753844323
A1_LCD_plus_2R,18,8814,2464,4.721405107101309,22.291666185362327,230.94966,0.805986972203685
A1_LCD_plus_2R,18,8814,2465,4.40007180063832,19.36063185077255,132.35498,0.6809388394634961
A1_LCD_plus_2R,18,8814,2466,4.138786956570913,17.129557471881515,136.90074,0.791604805681952
A1_LCD_plus_2R,18,8814,2467,4.599627686345678,21.156574852997696,131.40996,0.5494543365313997
A1_LCD_plus_2R,18,8814,2468,4.192013828834996,17.572979941143853,93.97067,0.755760616466217
A1_LCD_plus_2R,18,8814,2469,2.788795198676179,7.7773786601593065,7.043171,0.41292532883653477
A1_LCD_plus_2R,18,8814,2470,3.5779152859460934,12.801477793406715,136.2976,0.6172091707510005
A1_LCD_plus_2R,18,8814,2471,2.5753885337346345,6.63262609969183,45.649044,0.18402190138359867
A1_LCD_plus_2R,18,8814,2472,3.951682853088582,15.615797371394315,98.28135,0.26604743243568624
A1_LCD_plus_2R,18,8814,2473,4.775324634826952,22.803725367985166,142.37003,0.6510789435395501
A1_LCD_plus_2R,18,8814,2474,3.3356415690447747,11.126504677139485,52.697254,0.20085226342972762
A1_LCD_plus_2R,18,8814,2475,2.926892944249143,8.566702307095415,79.29447,0.23110077628907427
A1_LCD_plus_2R,18,8814,2476,4.79879836509031,23.02846574879344,164.97514,0.5520668944111733
A1_LCD_plus_2R,18,8814,2477,2.269072887822042,5.148691770249063,24.387224,0.18918599028264202
A1_LCD_plus_2R,18,8814,2478,2.980201237709576,8.881599417245688,22.831121,0.2664787344205155
A1_LCD_plus_2R,18,8814,2479,3.478683600739734,12.101239594055565,62.086365,0.45109116350353395
A1_LCD_plus_2R,18,8814,2480,4.267020161464335,18.207461058343117,172.37344,0.6800452674856471
A1_LCD_plus_2R,18,8814,2481,4.952133278265662,24.52362400570621,112.06056,0.6512270392917856
A1_LCD_plus_2R,18,8814,2482,3.5036208629971055,12.275359151628582,93.64869,0.3405087598259428
A1_LCD_plus_2R,18,8814,2483,4.6103515531593935,21.255341443719225,99.33302,0.6937400738958965
A1_LCD_plus_2R,18,8814,2484,3.2677145663939613,10.677958487423275,69.68907,0.4294409873669288
A1_LCD_plus_2R,18,8814,2485,3.6791116637114047,13.535862634057299,65.20804,0.3958377164227895
A1_LCD_plus_2R,18,8814,2486,3.1051832712000365,9.64216314774056,38.31185,0.18576023433920935
A1_LCD_plus_2R,18,8814,2487,4.357193287345319,18.98513334328711,132.83429,0.7070152076047744
A1_LCD_plus_2R,18,8814,2488,3.764560809800447,14.171918090685393,108.85468,0.6348847011546471
A1_LCD_plus_2R,18,8814,2489,3.3119549310247494,10.96904546513915,31.743607,0.4241608186817294
A1_LCD_plus_2R,18,8814,2490,5.2383978632174415,27.440812173361067,222.73212,0.7315521271395494
A1_LCD_plus_2R,18,8814,2491,2.448774441194638,5.996496263848112,12.121967,0.2869212254882636
A1_LCD_plus_2R,18,8814,2492,3.62216401816714,13.120072174504726,114.86962,0.463734501464369
A1_LCD_plus_2R,18,8814,2493,4.273077827419664,18.25919411918555,163.60829,0.5713529765440917
A1_LCD_plus_2R,18,8814,2494,2.0008161102357374,4.0032651069788665,9.651798,0.1531526380604678
A1_LCD_plus_2R,18,8814,2495,3.2654826895542666,10.663377195778569,36.69037,0.20562632596527466
A1_LCD_plus_2R,18,8814,2496,4.49972042188971,20.247483875171305,94.190186,0.4714535540290764
A1_LCD_plus_2R,18,8814,2497,5.047448318599749,25.476734528935438,247.05971,0.8211175629328792
A1_LCD_plus_2R,18,8814,2498,3.998563748546786,15.988512051192526,111.71736,0.5620261608330808
A1_LCD_plus_2R,18,8814,2499,2.7379283669834917,7.4962517427328885,35.73284,0.34211442301361866
A1_LCD_plus_2R,18,8814,2500,3.6557750539433203,13.364691245034283,80.38256,0.16913153304521225
A1_LCD_plus_2R,18,8814,2501,3.3870811917601444,11.472318999575316,64.1343,0.1917544553513051
A1_LCD_plus_2R,18,8814,2502,3.771232180146361,14.222192156571474,61.73468,0.5706086099615874
A1_LCD_plus_2R,18,8814,2503,2.875237013591807,8.266987884328334,13.650253,0.2401280092159344
A1_LCD_plus_2R,18,8814,2504,3.463336097556093,11.994696924635072,63.0804,0.2673444026460115
A1_LCD_plus_2R,18,8814,2505,3.4790527388074466,12.103807959403595,98.552635,0.2724119000830732
A1_LCD_plus_2R,18,8814,2506,3.2381739154869162,10.485770306939868,81.71796,0.521276678173848
A1_LCD_plus_2R,18,8814,2507,2.671414970089148,7.1364579424164045,17.685644,0.31149821981896997
A1_LCD_plus_2R,18,8814,2508,2.023847221338356,4.095957575318985,9.931627,0.12339677753911435
A1_LCD_plus_2R,18,8814,2509,3.3961807403468476,11.534043621102859,53.96934,0.46090826990473177
A1_LCD_plus_2R,18,8814,2510,3.3555479228697775,11.25970186267568,59.99078,0.22492268976727892
A1_LCD_plus_2R,18,8814,2511,3.6369195408575767,13.227183746671688,79.4821,0.508420737477955
A1_LCD_plus_2R,18,8814,2512,4.9044083677637405,24.053221437790995,326.26562,0.6206725676818924
A1_LCD_plus_2R,18,8814,2513,5.446400336485406,29.66327662526835,164.31905,0.8598731442764589
A1_LCD_plus_2R,18,8814,2514,3.836846278694391,14.721389366330996,92.52257,0.250802213771336
A1_LCD_plus_2R,18,8814,2515,2.6826741929961604,7.196740825767603,6.150865,0.24887099615342556
A1_LCD_plus_2R,18,8814,2516,3.2640395006954463,10.65395386210018,72.610565,0.5035682434799581
A1_LCD_plus_2R,18,8814,2517,3.693509159151707,13.642009908737549,68.26693,0.4230250794609575
A1_LCD_plus_2R,18,8814,2518,3.983372801823312,15.8672588783057,143.7564,0.66608501336421
A1_LCD_plus_2R,18,8814,2519,4.3455197958072365,18.883542295752566,156.08104,0.49841170004217533
A1_LCD_plus_2R,18,8814,2520,3.2710168435427014,10.699551190740058,86.48036,0.29392435220911517
A1_LCD_plus_2R,18,8814,2521,2.716744284351294,7.380699506555425,30.597668,0.2443779746398504
A1_LCD_plus_2R,18,8814,2522,2.730748154284304,7.456985482127133,20.920948,0.2179563784171185
A1_LCD_plus_2R,18,8814,2523,2.6513017766022497,7.029401110614245,33.63971,0.2283454456990699
A1_LCD_plus_2R,18,8814,2524,3.733716330819008,13.940637639024558,90.16942,0.3843483726258906
A1_LCD_plus_2R,18,8814,2525,2.3652144682044525,5.59423948060367,2.2312074,0.15641555404776797
A1_LCD_plus_2R,18,8814,2526,3.5282780945103713,12.448746312201735,75.30796,0.3897731948641231
A1_LCD_plus_2R,18,8814,2527,3.3632744743295264,11.311615189676552,114.8329,0.7432855583732887
A1_LCD_plus_2R,18,8814,2528,4.128516086967651,17.044645080350683,110.34477,0.42400833562468243
A1_LCD_plus_2R,18,8814,2529,3.6314451667367957,13.187393999016034,106.543884,0.22939105840953494
A1_LCD_plus_2R,18,8814,2530,3.0627641913123287,9.380524491585064,31.97686,0.5328965342479977
A1_LCD_plus_2R,18,8814,2531,3.18657187303272,10.15424030200326,98.78908,0.33418069462887595
A1_LCD_plus_2R,18,8814,2532,4.15365369818315,17.252839044430555,73.7731,0.4576265913432248
A1_LCD_plus_2R,18,8814,2533,4.420745737472451,19.542992875380854,177.8269,0.7671806118129734
A1_LCD_plus_2R,18,8814,2534,3.669721184259286,13.46685357020138,93.80472,0.49022561635998674
A1_LCD_plus_2R,18,8814,2535,3.6164322028223683,13.078581877610647,46.034,0.41153229272515013
A1_LCD_plus_2R,18,8814,2536,3.319180539449422,11.016959453459753,61.793713,0.5274076350440545
A1_LCD_plus_2R,18,8814,2537,3.4840264371029037,12.138440214431952,106.69194,0.23274886188068722
A1_LCD_plus_2R,18,8814,2538,3.3531037455689674,11.243304728548638,14.764936,0.23769690882364197
A1_LCD_plus_2R,18,8814,2539,3.074842247728374,9.454654848415275,12.168957,0.4553126203989005
A1_LCD_plus_2R,18,8814,2540,3.4173223345112382,11.67809193794934,99.98929,0.6062686884308282
A1_LCD_plus_2R,18,8814,2541,3.721034951789389,13.846101112438255,84.156876,0.5568588812613555
A1_LCD_plus_2R,18,8814,2542,4.711516180592196,22.198384719982062,238.45116,0.8107964165174637
A1_LCD_plus_2R,18,8814,2543,3.5683838265660004,12.733363133697814,98.00109,0.4771216906717056
A1_LCD_plus_2R,18,8814,2544,3.3869825835971694,11.471651021590558,21.630068,0.40876779487103243
A1_LCD_plus_2R,18,8814,2545,3.342669820444204,11.173441528508487,13.5647955,0.2321406091208457
A1_LCD_plus_2R,18,8814,2546,3.611785947672553,13.044997731804923,87.80974,0.29373850254206046
A1_LCD_plus_2R,18,8814,2547,3.0959903004761413,9.585155940642348,48.297295,0.2607655787838644
A1_LCD_plus_2R,18,8814,2548,3.4144078417909216,11.65818091008334,46.992542,0.36182317853760615
A1_LCD_plus_2R,18,8814,2549,3.0451328330472407,9.27283397090231,41.70795,0.2624093210574309
A1_LCD_plus_2R,18,8814,2550,2.4562016014048993,6.032926306743992,3.33817,0.2916842232800901
A1_LCD_plus_2R,18,8814,2551,3.946366645899744,15.573809703869998,52.653076,0.2737530953457109
A1_LCD_plus_2R,18,8814,2552,3.4700358706891152,12.041148943869167,87.25423,0.4636282612669643
A1_LCD_plus_2R,18,8814,2553,5.16748451890742,26.70289625314784,155.21188,0.7323034482383446
A1_LCD_plus_2R,18,8814,2554,5.909394003720232,34.920937491204626,287.64432,0.7917804883234073
A1_LCD_plus_2R,18,8814,2555,4.532207557555235,20.540905344760795,137.19234,0.5561220317862201
A1_LCD_plus_2R,18,8814,2556,3.397923989177057,11.545887436224927,74.16875,0.29198442687508247
A1_LCD_plus_2R,18,8814,2557,3.933368274050643,15.471385979308131,57.78116,0.36684234893112844
A1_LCD_plus_2R,18,8814,2558,3.0701368612590216,9.425740346861394,74.30282,0.3794706068806464
A1_LCD_plus_2R,18,8814,2559,3.12618106178763,9.773008031079634,88.67235,0.5174026819899922
A1_LCD_plus_2R,18,8814,2560,4.154639740363073,17.261031372204133,75.097084,0.5316344580544698
A1_LCD_plus_2R,18,8814,2561,3.195201162354724,10.209310467912978,81.55005,0.326345459718048
A1_LCD_plus_2R,18,8814,2562,3.1458504013992314,9.896374747983707,49.999016,0.42617571426599143
A1_LCD_plus_2R,18,8814,2563,3.1058645080966985,9.646394342654744,26.821693,0.27964448332140357
A1_LCD_plus_2R,18,8814,2564,3.9090806130436118,15.280911239273419,78.47561,0.4215899388342249
A1_LCD_plus_2R,18,8814,2565,3.992257918374924,15.938123286827278,51.740654,0.3701885108395258
A1_LCD_plus_2R,18,8814,2566,3.8645874629119112,14.935036258495924,108.36275,0.3125521493526428
A1_LCD_plus_2R,18,8814,2567,3.278418784791903,10.748029728476416,31.732374,0.42160677248615025
A1_LCD_plus_2R,18,8814,2568,4.680078830970492,21.90313786409813,179.75778,0.8542726739505263
A1_LCD_plus_2R,18,8814,2569,3.542237127509852,12.547443867509246,111.84659,0.4292430294227391
A1_LCD_plus_2R,18,8814,2570,2.8714188661717186,8.245046305006879,44.698307,0.53822115679775
A1_LCD_plus_2R,18,8814,2571,2.8180391778654132,7.941344807984374,29.866503,0.10179944688111638
A1_LCD_plus_2R,18,8814,2572,2.6093337093002793,6.8086224064907555,22.231163,0.10605618347833115
A1_LCD_plus_2R,18,8814,2573,4.561583214060195,20.80804141879574,108.09993,0.42763929088062336
A1_LCD_plus_2R,18,8814,2574,2.696899013654992,7.27326428985327,34.42147,0.15031086518751952
A1_LCD_plus_2R,18,8814,2575,4.077804552687825,16.62848996992155,172.37611,0.7079470409204914
A1_LCD_plus_2R,18,8814,2576,3.9452521927023714,15.56501486402287,92.98667,0.2516522735383623
A1_LCD_plus_2R,18,8814,2577,2.5271533018827794,6.386503811217034,19.924421,0.08527624736743876
A1_LCD_plus_2R,18,8814,2578,3.865616070879265,14.94298760744005,126.88338,0.173289144307941
A1_LCD_plus_2R,18,8814,2579,3.3805397115090754,11.428048741089864,71.210266,0.28586031721521393
A1_LCD_plus_2R,18,8814,2580,3.1652353426422315,10.018714774311487,45.91045,0.37511425719472147
A1_LCD_plus_2R,18,8814,2581,3.097929121308459,9.597164840651,42.886627,0.2668355867001599
A1_LCD_plus_2R,18,8814,2582,2.8730663059270958,8.254509998253566,63.353127,0.23834633157130297
A1_LCD_plus_2R,18,8814,2583,2.577642875707787,6.64424279468711,14.130962,0.1804342709181725
A1_LCD_plus_2R,18,8814,2584,3.5437443212550397,12.558123814427347,108.59431,0.30844407564348275
A1_LCD_plus_2R,18,8814,2585,3.096558657551102,9.588675519654682,89.719696,0.2501257840259528
A1_LCD_plus_2R,18,8814,2586,3.225293978112064,10.40252124524595,21.425692,0.2625084749160951
A1_LCD_plus_2R,18,8814,2587,2.8048467155651995,7.867165097816888,48.550526,0.23404684311709537
A1_LCD_plus_2R,18,8814,2588,3.14829805442752,9.911780639512106,96.78974,0.4536327086996742
A1_LCD_plus_2R,18,8814,2589,3.7554103098749243,14.103106595514873,89.42014,0.4152758681749559
A1_LCD_plus_2R,18,8814,2590,3.703971786966281,13.719406998642182,120.16247,0.6500617380179718
A1_LCD_plus_2R,18,8814,2591,3.8582511768169763,14.886102143409579,128.97675,0.6134884886032153
A1_LCD_plus_2R,18,8814,2592,3.8410295018881917,14.753507634375445,100.33815,0.4842877688747833
A1_LCD_plus_2R,18,8814,2593,3.0376903523114187,9.22756267652587,55.411472,0.3449307096497232
A1_LCD_plus_2R,18,8814,2594,2.6371538009822735,6.954580170035255,11.873921,0.23435037090943125
A1_LCD_plus_2R,18,8814,2595,3.3412318584613443,11.163830331997048,61.48363,0.23202137108709514
A1_LCD_plus_2R,18,8814,2596,2.749383628409057,7.55911033616375,8.308638,0.3415796145716994
A1_LCD_plus_2R,18,8814,2597,2.7992716865156324,7.835921974928072,39.778683,0.1110274723472797
A1_LCD_plus_2R,18,8814,2598,3.6084705625432862,13.021059800741458,37.621124,0.3805279961685635
A1_LCD_plus_2R,18,8814,2599,4.635313784300058,21.486133878922132,126.47064,0.672320927510168
A1_LCD_plus_2R,18,8814,2600,2.829132265036098,8.003989373068286,14.279863,0.36559405740076756
A1_LCD_plus_2R,18,8814,2601,4.000615602786857,16.004925201261646,136.09286,0.4074913467579566
A1_LCD_plus_2R,18,8814,2602,2.69877959521265,7.283411303536155,51.48191,0.17968940275935066
A1_LCD_plus_2R,18,8814,2603,3.6458530623263816,13.292244552074656,51.955894,0.4118377737245834
A1_LCD_plus_2R,18,8814,2604,2.951404183661953,8.710786655337277,54.207947,0.2141856661531248
A1_LCD_plus_2R,18,8814,2605,2.91988957639683,8.52575513835086,72.67792,0.11863419898167285
A1_LCD_plus_2R,18,8814,2606,3.573456167010843,12.769588977547828,77.7239,0.4887787080399655
A1_LCD_plus_2R,18,8814,2607,3.2832755393104045,10.779898267034028,44.8397,0.5463858408536905
A1_LCD_plus_2R,18,8814,2608,3.2925861754155914,10.84112372253787,92.59776,0.47563218391741885
A1_LCD_plus_2R,18,8814,2609,4.700683103431114,22.096421638882774,129.077,0.7536113551303406
A1_LCD_plus_2R,18,8814,2610,2.9407570597022934,8.648052084188878,47.316517,0.33705577655477126
A1_LCD_plus_2R,18,8814,2611,2.450243414344773,6.003692789539931,31.417927,0.18504135511504485
A1_LCD_plus_2R,18,8814,2612,3.192250976119023,10.19046629453285,45.83323,0.3449340744033438
A1_LCD_plus_2R,18,8814,2613,3.184787033640846,10.142868449646862,103.24606,0.21392214726739117
A1_LCD_plus_2R,18,8814,2614,3.118277049330849,9.723651756383504,67.82391,0.21983235561036124
A1_LCD_plus_2R,18,8814,2615,3.483147746800886,12.132318226044086,61.42274,0.5069525222107196
A1_LCD_plus_2R,18,8814,2616,2.6338171686284615,6.936992877762048,17.915272,0.2727501073518634
A1_LCD_plus_2R,18,8814,2617,3.708228326886721,13.75095732432509,120.09169,0.46425291669721547
A1_LCD_plus_2R,18,8814,2618,3.0071043986289427,9.042676864253533,49.91379,0.27602870940409807
A1_LCD_plus_2R,18,8814,2619,3.1560297938396946,9.960524059603827,18.4558,0.6715777378244719
A1_LCD_plus_2R,18,8814,2620,4.086654944224215,16.700748633152216,206.21172,0.6066695205181488
A1_LCD_plus_2R,18,8814,2621,2.9913399435003196,8.948114657580492,39.39533,0.21611382274363267
A1_LCD_plus_2R,18,8814,2622,2.7373177846048526,7.492908653914019,46.459843,0.19655377099343468
A1_LCD_plus_2R,18,8814,2623,3.1207587840585878,9.739135388278836,20.916906,0.29945390266059685
A1_LCD_plus_2R,18,8814,2624,3.1083297314834777,9.661713719624148,32.55347,0.3517487130885102
A1_LCD_plus_2R,18,8814,2625,3.531024635844268,12.468134978939148,125.98514,0.516385646803863
A1_LCD_plus_2R,18,8814,2626,4.087569851943101,16.708227294514153,195.19484,0.568964823989907
A1_LCD_plus_2R,18,8814,2627,3.100060531484393,9.610375298867297,14.845318,0.17121290751802265
A1_LCD_plus_2R,18,8814,2628,2.9151177318872312,8.497911390763356,22.152428,0.2490643652209691
A1_LCD_plus_2R,18,8814,2629,2.74953953486799,7.559967653802082,11.8404255,0.23624185912882134
A1_LCD_plus_2R,18,8814,2630,3.3941795590004173,11.520454878736267,127.39695,0.38103698131370384
A1_LCD_plus_2R,18,8814,2631,4.413628090148629,19.480112918149036,229.78476,0.7572515098036348
A1_LCD_plus_2R,18,8814,2632,3.446409889696764,11.877741127799661,45.158615,0.45264407278303875
A1_LCD_plus_2R,18,8814,2633,3.7814431367508203,14.299312196479885,85.81718,0.6257433716619697
A1_LCD_plus_2R,18,8814,2634,3.514229568287555,12.34980945862653,40.083397,0.5011792652927651
A1_LCD_plus_2R,18,8814,2635,2.914905650930405,8.49667495382601,10.52378,0.37436590537754083
A1_LCD_plus_2R,18,8814,2636,2.9242058121884997,8.550979632037004,43.084614,0.14473689042386778
A1_LCD_plus_2R,18,8814,2637,4.870264305395792,23.71947440441235,202.44089,0.6905628949887136
A1_LCD_plus_2R,18,8814,2638,3.2384082145752098,10.487287764228194,76.502045,0.42161324565427494
A1_LCD_plus_2R,18,8814,2639,2.825133723681655,7.9813805566833755,56.862747,0.11329610720413391
A1_LCD_plus_2R,18,8814,2640,2.452283862859513,6.013696144041173,18.073212,0.10166155112195902
A1_LCD_plus_2R,18,8814,2641,3.9686621385932823,15.750279170303802,179.68733,0.6523264848821484
A1_LCD_plus_2R,18,8814,2642,3.5178708829880536,12.375415549375154,75.0287,0.6704587559172699
A1_LCD_plus_2R,18,8814,2643,4.026568556092042,16.213254336909152,65.8035,0.6059434691798106
A1_LCD_plus_2R,18,8814,2644,4.450411037181447,19.806158399866444,179.92047,0.6667453164340026
A1_LCD_plus_2R,18,8814,2645,3.8343082298733155,14.701919601674241,52.76758,0.6099182720283258
A1_LCD_plus_2R,18,8814,2646,3.5384155403242175,12.52038453600792,68.33706,0.11628665380381481
A1_LCD_plus_2R,18,8814,2647,2.787020613682521,7.767483901091295,10.299517,0.4505743294185882
A1_LCD_plus_2R,18,8814,2648,3.3695537203429606,11.353892274277083,84.49826,0.40403728451041665
A1_LCD_plus_2R,18,8814,2649,3.0547636872207846,9.331581184762724,53.17129,0.5309014491035077
A1_LCD_plus_2R,18,8814,2650,4.03105374133406,16.24939426552332,121.240036,0.6694849242914567
A1_LCD_plus_2R,18,8814,2651,4.3787239113842995,19.173223092128616,184.41327,0.7037255442751085
A1_LCD_plus_2R,18,8814,2652,3.251162026298586,10.570054521245929,89.16788,0.3507544913644364
A1_LCD_plus_2R,18,8814,2653,2.668447847538072,7.120613915030568,46.353455,0.35618598937623847
A1_LCD_plus_2R,18,8814,2654,2.5264438216828062,6.382918384119223,55.43425,0.29932580940959924
A1_LCD_plus_2R,18,8814,2655,2.5906715155734528,6.71157890160365,29.599838,0.23713533956761434
A1_LCD_plus_2R,18,8814,2656,3.4108312754112067,11.633769989323238,46.543102,0.16492182832900665
A1_LCD_plus_2R,18,8814,2657,3.6229041213165285,13.125434272252287,37.418633,0.31848935734817263
A1_LCD_plus_2R,18,8814,2658,3.5341032443733678,12.489885741890369,21.628635,0.5919105949855616
A1_LCD_plus_2R,18,8814,2659,4.459167345674496,19.884173416729727,124.72049,0.8492436885410914
A1_LCD_plus_2R,18,8814,2660,3.762484169686787,14.156287127143676,75.25365,0.33608589657526466
A1_LCD_plus_2R,18,8814,2661,4.137619960149143,17.119898934624594,105.37028,0.5458830471085043
A1_LCD_plus_2R,18,8814,2662,3.7595598086057773,14.134289954483913,55.278183,0.527381757643941
A1_LCD_plus_2R,18,8814,2663,3.6020032223360365,12.97442721371919,63.669617,0.3414820062012892
A1_LCD_plus_2R,18,8814,2664,2.5708942971283997,6.60949748700733,20.394455,0.2112615033380564
A1_LCD_plus_2R,18,8814,2665,3.151392742212894,9.931276215672105,30.64959,0.46430312226143106
A1_LCD_plus_2R,18,8814,2666,3.855814042610495,14.867301931192289,95.26561,0.5722787550004178
A1_LCD_plus_2R,18,8814,2667,4.362932522234339,19.035180193570095,213.80757,0.7456272550967744
A1_LCD_plus_2R,18,8814,2668,4.706007314699535,22.146504846005534,282.01306,0.6818104247871126
A1_LCD_plus_2R,18,8814,2669,5.948893565081454,35.38933464866752,199.99324,0.7882907900481857
A1_LCD_plus_2R,18,8814,2670,5.229876151089958,27.351604555739513,239.16524,0.8035872711238827
A1_LCD_plus_2R,18,8814,2671,4.519367946580811,20.424686636582067,150.10408,0.704413916581619
A1_LCD_plus_2R,18,8814,2672,2.5142360829023427,6.321383080568112,9.790848,0.11287196047849166
A1_LCD_plus_2R,18,8814,2673,3.33986130506126,11.154673537045504,14.057118,0.11323971755842074
A1_LCD_plus_2R,18,8814,2674,2.713585652696055,7.363547094517873,34.877487,0.2902339534159866
A1_LCD_plus_2R,18,8814,2675,2.9886117801879255,8.931800372678039,19.16014,0.4548894764172714
A1_LCD_plus_2R,18,8814,2676,4.868315624229863,23.700497017120593,151.8674,0.8506016369962881
A1_LCD_plus_2R,18,8814,2677,3.9408578703948143,15.530360754652754,136.62967,0.5335906052721415
A1_LCD_plus_2R,18,8814,2678,5.5058643494378146,30.31454223441029,252.80887,0.8098829277091755
A1_LCD_plus_2R,18,8814,2679,4.256406408133726,18.116995511201846,148.51349,0.8013692524456371
A1_LCD_plus_2R,18,8814,2680,3.692232218879679,13.632578758133159,63.74019,0.41548402845312515
A1_LCD_plus_2R,18,8814,2681,4.811005113335131,23.145770200536784,159.26285,0.716711899671887
A1_LCD_plus_2R,18,8814,2682,4.24996602981507,18.062211254582063,82.521774,0.5421912025020597
A1_LCD_plus_2R,18,8814,2683,4.049250900620917,16.396432856179302,130.40315,0.4725804386656211
A1_LCD_plus_2R,18,8814,2684,3.4870699394660227,12.159656762727572,121.77478,0.39221893472948766
A1_LCD_plus_2R,18,8814,2685,3.302110317611544,10.903932549676613,59.804516,0.31185516492101706
A1_LCD_plus_2R,18,8814,2686,2.759884813329564,7.616964182847162,58.72818,0.15994085719873652
A1_LCD_plus_2R,18,8814,2687,2.7942430266217415,7.807794091824229,22.742079,0.31334101521914764
A1_LCD_plus_2R,18,8814,2688,3.2295962275042265,10.430291792709532,63.703964,0.5185662527916282
A1_LCD_plus_2R,18,8814,2689,4.1983057050986945,17.62577079346424,150.62126,0.5317460895062118
A1_LCD_plus_2R,18,8814,2690,3.9603187277831764,15.684124425630152,94.85875,0.5657668434550123
A1_LCD_plus_2R,18,8814,2691,3.2304858308489193,10.436038703315631,52.54442,0.42906652451562843
A1_LCD_plus_2R,18,8814,2692,3.3795931649378392,11.421649960494559,39.87967,0.42284790345844253
A1_LCD_plus_2R,18,8814,2693,3.1187498942546688,9.726600902913507,27.83782,0.3737112482753011
A1_LCD_plus_2R,18,8814,2694,3.658987600579012,13.388190261190957,168.50174,0.5274560112949458
A1_LCD_plus_2R,18,8814,2695,2.6304688845861555,6.919366552775936,34.832726,0.23788545370389036
A1_LCD_plus_2R,18,8814,2696,3.145600196656388,9.894800597204707,19.743925,0.15269655074014207
A1_LCD_plus_2R,18,8814,2697,3.395511933349802,11.52950128952091,55.947105,0.430154140920178
A1_LCD_plus_2R,18,8814,2698,4.19101753005819,17.56462793725505,136.86508,0.559420916543865
A1_LCD_plus_2R,18,8814,2699,3.1868507326704187,10.15601759232198,19.804005,0.5550529484387199
A1_LCD_plus_2R,18,8814,2700,3.909552595677128,15.28460149836577,133.0529,0.6428520053756581
A1_LCD_plus_2R,18,8814,2701,3.6014354971893474,12.970337640415483,29.455688,0.35170145578626966
A1_LCD_plus_2R,18,8814,2702,3.2783211369446352,10.747389476937965,48.649803,0.24850645188350806
A1_LCD_plus_2R,18,8814,2703,2.373914981193547,5.6354723379351555,27.143383,0.2831991714652227
A1_LCD_plus_2R,18,8814,2704,3.2117400270806904,10.315274001552273,123.72003,0.4505607713521904
A1_LCD_plus_2R,18,8814,2705,4.11381761939937,16.923495405680704,165.86894,0.38701828132625293
A1_LCD_plus_2R,18,8814,2706,3.4358335690882913,11.804952314473988,77.483154,0.589864162062739
A1_LCD_plus_2R,18,8814,2707,4.43424863758052,19.662560979884695,139.50227,0.701225036423964
A1_LCD_plus_2R,18,8814,2708,3.5312513109024053,12.469735820749955,40.37725,0.6566240665152085
A1_LCD_plus_2R,18,8814,2709,3.1985098164094596,10.230465045667676,90.84746,0.4132210828350681
A1_LCD_plus_2R,18,8814,2710,3.1151947259186983,9.704438180391676,33.989502,0.40271657979101855
A1_LCD_plus_2R,18,8814,2711,3.3646127114038595,11.320618697740432,83.00603,0.3196779104686909
A1_LCD_plus_2R,18,8814,2712,2.288029380682245,5.235078446865175,31.988106,0.32079641932020875
A1_LCD_plus_2R,18,8814,2713,2.4707666606200265,6.104687891231438,57.47787,0.37468047100229485
A1_LCD_plus_2R,18,8814,2714,3.141064977475707,9.866289192724464,50.894753,0.5883955694105016
A1_LCD_plus_2R,18,8814,2715,2.526357139762223,6.3824803976275595,48.69598,0.16873110580959416
A1_LCD_plus_2R,18,8814,2716,4.042727540418305,16.34364596605664,50.07114,0.5493633212542167
A1_LCD_plus_2R,18,8814,2717,5.111947323851966,26.132005441837272,182.29951,0.7699566637938589
A1_LCD_plus_2R,18,8814,2718,3.826232347339445,14.640053975826719,54.684097,0.27500243081900494
A1_LCD_plus_2R,18,8814,2719,3.8503604275268404,14.825275421864674,106.95515,0.28480198236936444
A1_LCD_plus_2R,18,8814,2720,5.62397834736535,31.629132451634288,190.09456,0.6584638224460693
A1_LCD_plus_2R,18,8814,2721,4.167312426880744,17.366492863234676,166.73157,0.7064618952851212
A1_LCD_plus_2R,18,8814,2722,4.729544247492676,22.368588788991058,275.30972,0.7795196103681454
A1_LCD_plus_2R,18,8814,2723,2.7516314762963114,7.571475781344619,36.05237,0.32462564802425836
A1_LCD_plus_2R,18,8814,2724,3.0236205011133848,9.142280934753158,34.794746,0.08773852727268133
A1_LCD_plus_2R,18,8814,2725,2.8414216306099758,8.073676882898251,69.11864,0.4490957458191066
A1_LCD_plus_2R,18,8814,2726,2.3249931712788006,5.405593246493055,9.218565,0.12496472916759965
A1_LCD_plus_2R,18,8814,2727,2.6280919077294493,6.906867075473015,6.3160973,0.1752086168851438
A1_LCD_plus_2R,18,8814,2728,4.041149654627826,16.330890531098596,134.53963,0.5846065073763816
A1_LCD_plus_2R,18,8814,2729,3.5390807482418207,12.52509254257588,99.38028,0.4769857298176028
A1_LCD_plus_2R,18,8814,2730,4.393333236544858,19.301376927329713,131.17316,0.3967908165510238
A1_LCD_plus_2R,18,8814,2731,3.880299931441149,15.056727557942184,106.75787,0.3114377110217018
A1_LCD_plus_2R,18,8814,2732,3.7068751180484503,13.74092314080671,115.890045,0.698293943095362
A1_LCD_plus_2R,18,8814,2733,4.612489246697199,21.27505705089729,143.81786,0.45356929065676843
A1_LCD_plus_2R,18,8814,2734,3.9864922944076735,15.892120813371763,80.49698,0.3818948535883564
A1_LCD_plus_2R,18,8814,2735,3.938365938011509,15.510726261689275,89.1772,0.48580534357307203
A1_LCD_plus_2R,18,8814,2736,3.1753186355970113,10.082648437569665,9.296861,0.5734336922680996
A1_LCD_plus_2R,18,8814,2737,3.554040435770748,12.631203419093525,69.61678,0.2156945332166974
A1_LCD_plus_2R,18,8814,2738,4.362424644068468,19.030748775175894,109.04507,0.570915535900606
A1_LCD_plus_2R,18,8814,2739,4.444447179004633,19.753110726962234,163.518,0.7332579943864981
A1_LCD_plus_2R,18,8814,2740,2.9182607655522546,8.516245895761632,55.833633,0.25563568128668285
A1_LCD_plus_2R,18,8814,2741,3.676008138310625,13.513035832925953,142.93658,0.4456632280901699
A1_LCD_plus_2R,18,8814,2742,4.090708036773596,16.733892242124085,223.1411,0.5502916011198103
A1_LCD_plus_2R,18,8814,2743,3.7955251787784925,14.406011382741507,57.08577,0.4166874107525519
A1_LCD_plus_2R,18,8814,2744,3.209501158819924,10.300897688466433,65.69348,0.2267093106404523
A1_LCD_plus_2R,18,8814,2745,2.9517428712710427,8.712785978099419,26.500252,0.15456622409999238
A1_LCD_plus_2R,18,8814,2746,4.158362110494709,17.29197544199801,122.739716,0.7725763517798845
A1_LCD_plus_2R,18,8814,2747,2.5859584379783738,6.6871810429515515,8.068797,0.02658053862539214
A1_LCD_plus_2R,18,8814,2748,2.086727977609794,4.354433652539459,12.48075,0.1278133473940926
A1_LCD_plus_2R,18,8814,2749,3.566110539164289,12.717144377538618,46.140648,0.15146885375288469
A1_LCD_plus_2R,18,8814,2750,3.3935904165464668,11.51645591527602,88.9641,0.2786149731679646
A1_LCD_plus_2R,18,8814,2751,2.840332535922278,8.067488914618679,90.203606,0.31361208073639013
A1_LCD_plus_2R,18,8814,2752,2.5592109944799275,6.549560914266939,11.354885,0.1906973197645175
A1_LCD_plus_2R,18,8814,2753,3.555193108112321,12.639398035969347,53.992912,0.5510089119631723
A1_LCD_plus_2R,18,8814,2754,3.351718567039549,11.234017352637647,111.22044,0.32483110158012596
A1_LCD_plus_2R,18,8814,2755,3.1266348609775623,9.775845553880178,89.22801,0.44074591288106724
A1_LCD_plus_2R,18,8814,2756,4.14923590146226,17.216158565983335,28.853317,0.7103270903295379
A1_LCD_plus_2R,18,8814,2757,4.01252774870991,16.10037893416702,143.31732,0.5117255294045279
A1_LCD_plus_2R,18,8814,2758,3.81165404536735,14.528706561565286,136.762,0.41360335759714684
A1_LCD_plus_2R,18,8814,2759,2.8660739683660896,8.21437999214574,50.244377,0.3317589323241723
A1_LCD_plus_2R,18,8814,2760,3.873852435458661,15.006732691708995,61.127396,0.6333938176697298
A1_LCD_plus_2R,18,8814,2761,4.0518442444444105,16.417441781237294,120.19369,0.49120546929258857
A1_LCD_plus_2R,18,8814,2762,2.9092593002395697,8.463789676030432,25.1891,0.5293747857465101
A1_LCD_plus_2R,18,8814,2763,3.863381456127671,14.925716275551165,99.270905,0.4550480362918412
A1_LCD_plus_2R,18,8814,2764,4.464841887227145,19.934813077938056,119.600624,0.7446415364683496
A1_LCD_plus_2R,18,8814,2765,2.394898531868146,5.735538977944202,12.90831,0.34700155779791375
A1_LCD_plus_2R,18,8814,2766,5.791598966424979,33.542618587894886,198.90393,0.8188336074320424
A1_LCD_plus_2R,18,8814,2767,4.9363702806889815,24.36775154806941,133.74652,0.5458256484986335
A1_LCD_plus_2R,18,8814,2768,3.8886854633079677,15.121874632542704,143.15219,0.6903919531587447
A1_LCD_plus_2R,18,8814,2769,3.951584996548503,15.615023984947229,84.35766,0.6257380903568399
A1_LCD_plus_2R,18,8814,2770,4.3578195072692525,18.99059085793643,152.32446,0.3874063623414415
A1_LCD_plus_2R,18,8814,2771,2.430033501545834,5.905062818635109,56.464146,0.12850390169392217
A1_LCD_plus_2R,18,8814,2772,4.314149939016408,18.61188969631527,235.94028,0.7033271071256332
A1_LCD_plus_2R,18,8814,2773,4.9651438967342125,24.652653915277003,166.05252,0.7859827646382276
A1_LCD_plus_2R,18,8814,2774,3.1677049713159797,10.034354785299973,33.372726,0.32055097398279286
A1_LCD_plus_2R,18,8814,2775,3.7570383540792855,14.115337194022787,66.88469,0.6729676057570102
A1_LCD_plus_2R,18,8814,2776,4.192033862625322,17.57314790539737,125.424706,0.5717089285948912
A1_LCD_plus_2R,18,8814,2777,3.5734719165135482,12.769701538111013,106.35241,0.46740641095503976
A1_LCD_plus_2R,18,8814,2778,5.160336334603401,26.629071086228066,145.81917,0.48251118966411033
A1_LCD_plus_2R,18,8814,2779,3.418562487794825,11.68656948295794,78.49242,0.4358953285541846
A1_LCD_plus_2R,18,8814,2780,3.5490143547087434,12.595502889928715,99.06711,0.7612456158378722
A1_LCD_plus_2R,18,8814,2781,2.8292065145948344,8.004409502225851,46.20659,0.1975933327263713
A1_LCD_plus_2R,18,8814,2782,3.2137888912573356,10.328439037569053,22.960472,0.42712367933012185
A1_LCD_plus_2R,18,8814,2783,3.5015613046590537,12.260931570285614,100.60175,0.3088059542016728
A1_LCD_plus_2R,18,8814,2784,3.37685369518276,11.403140878669461,91.038284,0.32855362981373726
A1_LCD_plus_2R,18,8814,2785,3.356169270694825,11.263872173556233,101.33515,0.38131087903123173
A1_LCD_plus_2R,18,8814,2786,4.339743664450761,18.833375073140527,194.18626,0.70745134986718
A1_LCD_plus_2R,18,8814,2787,3.1998432766356033,10.238996995030075,60.868015,0.17799143056413527
A1_LCD_plus_2R,18,8814,2788,4.012082318824392,16.096804533023306,52.07502,0.4763417064667983
A1_LCD_plus_2R,18,8814,2789,3.9604782339602447,15.685387841672858,106.96259,0.7017280224471164
A1_LCD_plus_2R,18,8814,2790,4.316689129201625,18.633805038167477,114.050354,0.7701049395579196
A1_LCD_plus_2R,18,8814,2791,4.063063018637187,16.50848109341713,62.769615,0.6830199907613166
A1_LCD_plus_2R,18,8814,2792,5.098407656909968,25.993760636038193,113.1309,0.6921783201254339
A1_LCD_plus_2R,18,8814,2793,3.8827632455730887,15.075850421173268,135.04549,0.620078111616723
A1_LCD_plus_2R,18,8814,2794,2.8801825172324733,8.295451332571586,48.75876,0.29104373047895193
A1_LCD_plus_2R,18,8814,2795,2.6325418607126196,6.930276648404261,67.725945,0.39886481935661633
A1_LCD_plus_2R,18,8814,2796,3.194892524830088,10.207338245215176,18.597313,0.19285264069087804
A1_LCD_plus_2R,18,8814,2797,4.188205624347325,17.541066351814564,126.82272,0.5482066649851071
A1_LCD_plus_2R,18,8814,2798,4.111988947068533,16.90845310081378,79.92619,0.46161274232125277
A1_LCD_plus_2R,18,8814,2799,2.464319412493545,6.0728701667925336,27.486265,0.21210786172836382
A1_LCD_plus_2R,18,8814,2800,3.983552028504317,15.868686763800861,123.32473,0.537557314553139
A1_LCD_plus_2R,18,8814,2801,3.5694494561171264,12.74096941977485,46.13284,0.4138615956963416
A1_LCD_plus_2R,18,8814,2802,2.5353294064759146,6.427895199341515,36.817856,0.33315123405489144
A1_LCD_plus_2R,18,8814,2803,3.075532404010934,9.458899568121275,103.97444,0.39106338224861265
A1_LCD_plus_2R,18,8814,2804,3.8186553504427385,14.582128685464953,80.045395,0.5997873885530679
A1_LCD_plus_2R,18,8814,2805,3.368311059463965,11.34551939330726,56.96857,0.5595435715526678
A1_LCD_plus_2R,18,8814,2806,2.983406578607488,8.900714813278437,29.396862,0.24697341971526882
A1_LCD_plus_2R,18,8814,2807,2.552374491888726,6.514615546844233,51.153324,0.2500473940536626
A1_LCD_plus_2R,18,8814,2808,2.8653777705859382,8.210389768168042,6.0689807,0.41764539486232843
A1_LCD_plus_2R,18,8814,2809,4.207631396413157,17.70416196808173,59.14064,0.28527798645436886
A1_LCD_plus_2R,18,8814,2810,3.5403860951511144,12.534333702739353,61.273365,0.471631907822527
A1_LCD_plus_2R,18,8814,2811,4.152924467455551,17.246781632390974,120.27588,0.6731069241990517
A1_LCD_plus_2R,18,8814,2812,5.114319109263258,26.156259951375336,160.6244,0.7733461770997987
A1_LCD_plus_2R,18,8814,2813,4.910788881197605,24.11584743569403,155.2521,0.7920337044281889
A1_LCD_plus_2R,18,8814,2814,2.6499958714740193,7.022478118829347,46.252216,0.1469985716990454
A1_LCD_plus_2R,18,8814,2815,3.2486894651477005,10.553983240961653,40.123657,0.5996244892530838
A1_LCD_plus_2R,18,8814,2816,2.452849628793798,6.01647130147387,26.065878,0.30716890254172374
A1_LCD_plus_2R,18,8814,2817,3.524063273556781,12.419021956031735,67.69873,0.3383403388897384
A1_LCD_plus_2R,18,8814,2818,3.4990924301172543,12.243647834503872,138.70401,0.5868405261503048
A1_LCD_plus_2R,18,8814,2819,4.109585929294486,16.88869651025523,88.52545,0.4589808178502136
A1_LCD_plus_2R,18,8814,2820,4.761175287260662,22.668790116021643,172.33887,0.65594574512513
A1_LCD_plus_2R,18,8814,2821,5.846519114897189,34.18178576085821,254.75964,0.64993496426819
A1_LCD_plus_2R,18,8814,2822,4.813350210743606,23.168340251265516,200.95938,0.7869028752415053
A1_LCD_plus_2R,18,8814,2823,3.4099775748024865,11.627947060655847,66.102554,0.6263086049886128
A1_LCD_plus_2R,18,8814,2824,3.9094056824377144,15.283452789876286,56.94672,0.21681712854774077
A1_LCD_plus_2R,18,8814,2825,3.5269543788560678,12.439407190531993,3.7358937,0.5778765884161275
A1_LCD_plus_2R,18,8814,2826,3.084525778270618,9.51429927681596,102.89902,0.36993510335277685
A1_LCD_plus_2R,18,8814,2827,2.2923972399673205,5.255085105809786,14.807298,0.10871002411391623
A1_LCD_plus_2R,18,8814,2828,2.5842279106678805,6.6782338942748805,19.631443,0.1424504124024284
A1_LCD_plus_2R,18,8814,2829,3.648791208614348,13.313677284061352,90.11901,0.5978150668015569
A1_LCD_plus_2R,18,8814,2830,4.258079952852957,18.13124488488823,64.8576,0.7777708477534591
A1_LCD_plus_2R,18,8814,2831,5.024024244917537,25.24081961351922,240.06317,0.8400714215791707
A1_LCD_plus_2R,18,8814,2832,4.015967509065316,16.12799503386828,196.56561,0.7437774549864702
A1_LCD_plus_2R,18,8814,2833,3.6603756631394653,13.398349995303676,27.36204,0.48848915060741926
A1_LCD_plus_2R,18,8814,2834,4.176860981294259,17.446167657058446,146.7871,0.6912011158252758
A1_LCD_plus_2R,18,8814,2835,2.941425513092412,8.65198404907096,72.541214,0.3951229128435668
A1_LCD_plus_2R,18,8814,2836,2.9145738915886623,8.494740969530278,23.54264,0.2769317497986239
A1_LCD_plus_2R,18,8814,2837,2.6726944914969653,7.143295844878224,37.720776,0.19699116589544008
A1_LCD_plus_2R,18,8814,2838,3.0122172172762034,9.073452564055197,21.598936,0.26845030946965875
A1_LCD_plus_2R,18,8814,2839,3.3575956681679155,11.273448670899953,71.09981,0.1900169519272534
A1_LCD_plus_2R,18,8814,2840,4.577171868940642,20.950502317821574,160.74905,0.5591598615022191
A1_LCD_plus_2R,18,8814,2841,4.241634360838015,17.99146205104172,93.821396,0.5948367231888423
A1_LCD_plus_2R,18,8814,2842,3.5816411516117697,12.828153338918883,140.78737,0.3218264639954386
A1_LCD_plus_2R,18,8814,2843,2.960995532487641,8.767494543411772,15.340767,0.2390573889569408
A1_LCD_plus_2R,18,8814,2844,3.4779365373878623,12.096042558097471,78.27357,0.39424849395724837
A1_LCD_plus_2R,18,8814,2845,3.142524691563658,9.875461437087266,8.853798,0.192932858416336
A1_LCD_plus_2R,18,8814,2846,2.5182675423706393,6.34167141495746,1.8799322,0.2927221823676465
A1_LCD_plus_2R,18,8814,2847,3.84178794610131,14.759334622809323,118.30109,0.7991769525749008
A1_LCD_plus_2R,18,8814,2848,3.6262395376473995,13.149613184397225,113.37367,0.5206410367558294
A1_LCD_plus_2R,18,8814,2849,4.085255604039836,16.689313350338878,149.73297,0.5997521547040554
A1_LCD_plus_2R,18,8814,2850,4.001382705778815,16.011063558105793,50.603355,0.5072982589609955
A1_LCD_plus_2R,18,8814,2851,3.400810526373195,11.565512236290724,61.64973,0.20366298679267347
A1_LCD_plus_2R,18,8814,2852,3.3320607519901078,11.102628854952883,46.066364,0.5780094698384387
A1_LCD_plus_2R,18,8814,2853,4.276660714821215,18.2898268696951,143.43614,0.7374160564605114
A1_LCD_plus_2R,18,8814,2854,3.6029925900937387,12.981555604270387,65.24686,0.49752442882132597
A1_LCD_plus_2R,18,8814,2855,3.0505454721545386,9.305827677682561,10.172122,0.3721711970038525
A1_LCD_plus_2R,18,8814,2856,2.7433150027798194,7.525777204476841,15.964662,0.19207625317380772
A1_LCD_plus_2R,18,8814,2857,2.742659410174603,7.5221806402192986,9.697059,0.26044130351852474
A1_LCD_plus_2R,18,8814,2858,3.2670921705345046,10.673891250767864,42.28952,0.4653017319271862
A1_LCD_plus_2R,18,8814,2859,2.87998374017227,8.294306343656656,61.12021,0.20537302656689316
A1_LCD_plus_2R,18,8814,2860,3.6262700537922403,13.149834503030377,118.33908,0.3999678682829003
A1_LCD_plus_2R,18,8814,2861,5.016131891850318,25.161579156437845,184.11107,0.7479957702440065
A1_LCD_plus_2R,18,8814,2862,3.6218779733880617,13.118000054113617,57.329086,0.4323540057050601
A1_LCD_plus_2R,18,8814,2863,3.7941680392702115,14.39571111021956,132.31049,0.52599841797901
A1_LCD_plus_2R,18,8814,2864,3.503001019119432,12.27101613995178,139.08281,0.45944300343854183
A1_LCD_plus_2R,18,8814,2865,2.603385499452916,6.777616058761709,22.107845,0.11346535625941111
A1_LCD_plus_2R,18,8814,2866,2.4022862440052912,5.770979198137048,44.048676,0.265844731497932
A1_LCD_plus_2R,18,8814,2867,4.3038708079186865,18.523303931254645,147.30896,0.6968916987130659
A1_LCD_plus_2R,18,8814,2868,3.098002286809291,9.597618169075599,100.33122,0.4876309791855553
A1_LCD_plus_2R,18,8814,2869,4.061365868733266,16.494692719711516,122.099846,0.5810520989344956
A1_LCD_plus_2R,18,8814,2870,3.2891508153649265,10.818513086215763,57.241978,0.22790838061270843
A1_LCD_plus_2R,18,8814,2871,4.617846080149403,21.324502419951198,171.85002,0.8115938759016578
A1_LCD_plus_2R,18,8814,2872,4.193597898256979,17.586263332265343,124.87537,0.7087975996440312
A1_LCD_plus_2R,18,8814,2873,4.011934612765594,16.09561933710662,131.08917,0.6879151302975393
A1_LCD_plus_2R,18,8814,2874,3.8015049381474757,14.451439794759642,55.617172,0.4191502166861786
A1_LCD_plus_2R,18,8814,2875,3.886914329233196,15.10810300279835,97.88699,0.4232830009393955
A1_LCD_plus_2R,18,8814,2876,4.118071804985708,16.958515391018246,54.501358,0.4779540914617449
A1_LCD_plus_2R,18,8814,2877,2.6747872630448493,7.154486902546957,84.972015,0.22646131364376387
A1_LCD_plus_2R,18,8814,2878,3.2562661835163205,10.603269457911944,44.599255,0.08449663294758891
A1_LCD_plus_2R,18,8814,2879,2.876693544666819,8.275365749927749,20.642921,0.5078406298003687
A1_LCD_plus_2R,18,8814,2880,4.507526926612192,20.31779899413394,112.70994,0.6695523708780049
A1_LCD_plus_2R,18,8814,2881,5.438642635836291,29.578833720336327,192.43187,0.753786231350147
A1_LCD_plus_2R,18,8814,2882,3.2969532372289505,10.869900648474454,113.79237,0.664691012903175
A1_LCD_plus_2R,18,8814,2883,2.764960114312077,7.64500443373665,41.213387,0.18035217447225033
A1_LCD_plus_2R,18,8814,2884,3.2347354056649396,10.463513144662317,59.524914,0.490748711404277
A1_LCD_plus_2R,18,8814,2885,2.8089042124793253,7.8899428748841,95.489845,0.23966647528742213
A1_LCD_plus_2R,18,8814,2886,3.0557261884635514,9.337462538861981,31.271992,0.15034519121041334
A1_LCD_plus_2R,18,8814,2887,2.8383544207264677,8.05625581765748,25.559896,0.21109187660275913
A1_LCD_plus_2R,18,8814,2888,2.861000799099779,8.185325572449575,34.11068,0.3373884741723175
A1_LCD_plus_2R,18,8814,2889,2.792122225636861,7.795946522895337,26.786617,0.32156666363976705
A1_LCD_plus_2R,18,8814,2890,3.9002686229137624,15.212095330885617,235.2388,0.7400320011425349
A1_LCD_plus_2R,18,8814,2891,4.659980226358183,21.715415710049264,204.06836,0.70254418587806
A1_LCD_plus_2R,18,8814,2892,5.992970806996326,35.915699093510206,309.5239,0.7130797823485863
A1_LCD_plus_2R,18,8814,2893,3.4968078076341658,12.227664843531262,35.761868,0.5046539006620304
A1_LCD_plus_2R,18,8814,2894,3.095419787487935,9.581623660771852,26.78918,0.4737941312191001
A1_LCD_plus_2R,18,8814,2895,3.1786789001638875,10.103999550347103,58.117836,0.49856400780896426
A1_LCD_plus_2R,18,8814,2896,3.779832763854981,14.287135722711582,93.48988,0.513289288011441
A1_LCD_plus_2R,18,8814,2897,2.6962608967427735,7.269822823304143,81.23349,0.19311379808006748
A1_LCD_plus_2R,18,8814,2898,3.381627869577486,11.435407048303166,63.94301,0.5266997701141665
A1_LCD_plus_2R,18,8814,2899,4.217471477365251,17.78706566238943,132.66766,0.7249736402094068
A1_LCD_plus_2R,18,8814,2900,4.392717244224877,19.2959647877106,174.42741,0.6798258252369054
A1_LCD_plus_2R,18,8814,2901,3.752506646197191,14.08130612975409,136.11252,0.5098462549150748
A1_LCD_plus_2R,18,8814,2902,4.151408148866952,17.234189618478933,186.52356,0.7236717461840605
A1_LCD_plus_2R,18,8814,2903,3.1927980128465285,10.193959150836745,74.32962,0.22942500056739012
A1_LCD_plus_2R,18,8814,2904,3.6009489927365954,12.966833648290704,94.85037,0.45709601559390856
A1_LCD_plus_2R,18,8814,2905,2.3895917323183724,5.7101486471643215,6.3262644,0.20165462008038948
A1_LCD_plus_2R,18,8814,2906,2.6505042674102657,7.025172871560031,24.855808,0.16008857349612537
A1_LCD_plus_2R,18,8814,2907,3.274855449344522,10.724678214101514,70.25716,0.6702334434831012
A1_LCD_plus_2R,18,8814,2908,3.6172794583076247,13.084710679494306,127.41183,0.4258255035218379
A1_LCD_plus_2R,18,8814,2909,3.1205792619564865,9.738014930152888,86.5526,0.2478310240326468
A1_LCD_plus_2R,18,8814,2910,2.7229542106253555,7.414479633162352,12.015467,0.24948597121661759
A1_LCD_plus_2R,18,8814,2911,3.325969674773235,11.06207427751118,50.26609,0.3253984207523149
A1_LCD_plus_2R,18,8814,2912,3.413362304502998,11.651042221802019,76.684975,0.6616656796116003
A1_LCD_plus_2R,18,8814,2913,4.951296761400494,24.515339619455016,189.29688,0.8035958689431979
A1_LCD_plus_2R,18,8814,2914,3.2526016061367455,10.57941720824334,100.537636,0.44701165973883294
A1_LCD_plus_2R,18,8814,2915,3.742875848483461,14.009119617160788,98.80458,0.5553927144439226
A1_LCD_plus_2R,18,8814,2916,2.62523220007743,6.891844104323385,42.28733,0.0647251104543154
A1_LCD_plus_2R,18,8814,2917,2.448857636472306,5.996903723708729,1.2798996,0.14299898346818143
A1_LCD_plus_2R,18,8814,2918,3.6339895097941146,13.205879757293669,15.214756,0.4693534294742563
A1_LCD_plus_2R,18,8814,2919,3.493039255981833,12.201323243830116,77.75924,0.4428136697156848
A1_LCD_plus_2R,18,8814,2920,3.2973965940203582,10.87282429825706,57.26689,0.31745381421678326
A1_LCD_plus_2R,18,8814,2921,3.618701248984744,13.094998729403748,150.03424,0.48271016630628705
A1_LCD_plus_2R,18,8814,2922,3.407277587282127,11.609540556795114,69.59138,0.359566212892542
A1_LCD_plus_2R,18,8814,2923,3.015716646456944,9.094546891717515,26.850311,0.13448080516565278
A1_LCD_plus_2R,18,8814,2924,4.3973730587654485,19.336889817956195,103.3475,0.7043435301174094
A1_LCD_plus_2R,18,8814,2925,3.3343802243178113,11.118091480321697,96.4804,0.25640174779295627
A1_LCD_plus_2R,18,8814,2926,2.199311307751229,4.836970228402422,4.3869853,0.10503403895209126
A1_LCD_plus_2R,18,8814,2927,2.2124155357800785,4.8947825029610526,27.692362,0.13095129539788505
A1_LCD_plus_2R,18,8814,2928,3.6868822726064576,13.59310089205976,103.22854,0.5151186810087267
A1_LCD_plus_2R,18,8814,2929,3.6552113893683256,13.360570300967918,50.231987,0.5927448525520386
A1_LCD_plus_2R,18,8814,2930,2.9853036077925448,8.91203763069918,13.69102,0.3870323754912991
A1_LCD_plus_2R,18,8814,2931,2.845912702149487,8.099219108255795,36.162956,0.1858419858223448
A1_LCD_plus_2R,18,8814,2932,4.196868140151527,17.613702185818937,40.84327,0.6039325111018026
A1_LCD_plus_2R,18,8814,2933,2.529549038312184,6.398618337226096,45.54252,0.20549830867043684
A1_LCD_plus_2R,18,8814,2934,4.5051178520101125,20.296086860500203,118.3426,0.555262724696169
A1_LCD_plus_2R,18,8814,2935,3.3032902139910854,10.911726237849273,79.40773,0.28965774932168814
A1_LCD_plus_2R,18,8814,2936,3.331048929529953,11.095886970922647,23.46716,0.47850441042986647
A1_LCD_plus_2R,18,8814,2937,3.619814971340203,13.103060426738674,33.22291,0.31886819146990675
A1_LCD_plus_2R,18,8814,2938,2.7706962367146133,7.6767576361445204,12.097902,0.3241726608630976
A1_LCD_plus_2R,18,8814,2939,3.50835777886816,12.30857430454473,64.34412,0.6332483229124707
A1_LCD_plus_2R,18,8814,2940,3.654961968141591,13.358746988561448,53.260796,0.5705710226755473
A1_LCD_plus_2R,18,8814,2941,4.061681647961874,16.497257809390288,92.143234,0.6952881669280495
A1_LCD_plus_2R,18,8814,2942,3.0435619680916384,9.263269453613843,72.18438,0.3142096658182347
A1_LCD_plus_2R,18,8814,2943,2.425233608491236,5.88175805575542,43.694965,0.12588266497332676
A1_LCD_plus_2R,18,8814,2944,2.7234894812327846,7.417394954385623,33.31704,0.1175746439449536
A1_LCD_plus_2R,18,8814,2945,2.3926980079911755,5.725003757444936,5.9029226,0.2763473106044333
A1_LCD_plus_2R,18,8814,2946,3.169753378574279,10.04733648098306,12.140902,0.4913097584781151
A1_LCD_plus_2R,18,8814,2947,3.9043247721426053,15.243751926366413,50.131184,0.6420432239298611
A1_LCD_plus_2R,18,8814,2948,3.274854552203342,10.724672338086952,67.1884,0.5524660494990301
A1_LCD_plus_2R,18,8814,2949,3.3327856991298996,11.107460516324775,32.27538,0.3361930697057043
A1_LCD_plus_2R,18,8814,2950,2.4295278812493395,5.902605725767903,5.3963523,0.1540432529445854
A1_LCD_plus_2R,18,8814,2951,3.3389100847540063,11.148320554072003,84.08002,0.318509656254144
A1_LCD_plus_2R,18,8814,2952,2.955573623932288,8.735415446484238,42.74691,0.23694714614879364
A1_LCD_plus_2R,18,8814,2953,3.076370334502816,9.464054435008967,57.98562,0.4137361214802358
A1_LCD_plus_2R,18,8814,2954,3.0801654801965914,9.487419385394698,103.23128,0.46351068523841543
A1_LCD_plus_2R,18,8814,2955,2.6534337737592146,7.040710791726067,15.119148,0.1398431816539824
A1_LCD_plus_2R,18,8814,2956,2.331024247238311,5.433674041212935,11.866663,0.29546847517041674
A1_LCD_plus_2R,18,8814,2957,2.6802764608263074,7.183881906459596,21.844767,0.20490896750063453
A1_LCD_plus_2R,18,8814,2958,3.1628833345414264,10.003830987919892,59.144577,0.4609417627263447
A1_LCD_plus_2R,18,8814,2959,3.3844553044829127,11.454537708042524,42.679115,0.3949881263151196
A1_LCD_plus_2R,18,8814,2960,4.123517086029364,17.003393158776085,78.09703,0.5856202293766803
A1_LCD_plus_2R,18,8814,2961,3.111196865670445,9.6795459369576,70.2442,0.3935093167761182
A1_LCD_plus_2R,18,8814,2962,4.219268832044743,17.802229477064206,46.92208,0.6990181140649934
A1_LCD_plus_2R,18,8814,2963,3.3520695695992324,11.23637039943318,85.46364,0.5297703652623537
A1_LCD_plus_2R,18,8814,2964,2.527286372766299,6.387176409970237,15.5565605,0.11655072690598993
A1_LCD_plus_2R,18,8814,2965,3.4469080129884104,11.881174850003712,35.688698,0.4259232517628292
A1_LCD_plus_2R,18,8814,2966,3.936787222180876,15.498293632726622,107.4821,0.5801008101427767
A1_LCD_plus_2R,18,8814,2967,3.0577647618768693,9.349925338975906,18.264053,0.16821589305885548
A1_LCD_plus_2R,18,8814,2968,3.9289902697302512,15.436964539634996,116.98978,0.4386136139405974
A1_LCD_plus_2R,18,8814,2969,3.0883479589995533,9.537893115856704,45.626137,0.4106095509950674
A1_LCD_plus_2R,18,8814,2970,3.4973517950935014,12.231469578643738,57.54471,0.6456455967759913
A1_LCD_plus_2R,18,8814,2971,3.050497267230845,9.305533577382855,65.21505,0.48213243248015003
A1_LCD_plus_2R,18,8814,2972,3.7675800694665122,14.194659579841291,87.10437,0.6356202584387127
A1_LCD_plus_2R,18,8814,2973,2.792370909925131,7.797335298596104,57.103638,0.19212074110274807
A1_LCD_plus_2R,18,8814,2974,4.0563071898853,16.453628018715175,169.56433,0.560304935030979
A1_LCD_plus_2R,18,8814,2975,3.8557540249372257,14.866839100819613,132.30037,0.5815310925837209
A1_LCD_plus_2R,18,8814,2976,3.130319788151021,9.798901976089855,79.894394,0.40392532484769056
A1_LCD_plus_2R,18,8814,2977,4.663686154679752,21.749968549351614,178.31801,0.7267113353228094
A1_LCD_plus_2R,18,8814,2978,3.588843532074903,12.879797897715866,47.063503,0.4008487540813349
A1_LCD_plus_2R,18,8814,2979,2.771928230006341,7.683586112306089,71.585785,0.24810300420874484
A1_LCD_plus_2R,18,8814,2980,2.798956856151742,7.834159482598844,20.355928,0.2821345332724496
A1_LCD_plus_2R,18,8814,2981,3.9801035324490304,15.841224129013245,118.143295,0.6143941807874806
A1_LCD_plus_2R,18,8814,2982,4.060216538767159,16.485358341678374,103.15122,0.47927812508139117
A1_LCD_plus_2R,18,8814,2983,2.4529038786376542,6.016737437835648,2.622931,0.18049829677754564
A1_LCD_plus_2R,18,8814,2984,3.6782664979564297,13.52964442998866,75.759995,0.5632517867064362
A1_LCD_plus_2R,18,8814,2985,3.5658834773068477,12.715524973729972,20.017654,0.5907657021358453
A1_LCD_plus_2R,18,8814,2986,2.763617539509399,7.637581904683984,35.45851,0.3469626259069993
A1_LCD_plus_2R,18,8814,2987,4.175550264777044,17.435220013679647,147.93773,0.70212795727853
A1_LCD_plus_2R,18,8814,2988,3.618380337297589,13.092676265341812,136.52571,0.4217069040156415
A1_LCD_plus_2R,18,8814,2989,3.9072657040993,15.266725282430603,86.8449,0.47276424211588763
A1_LCD_plus_2R,18,8814,2990,3.5724991068648766,12.762749868550339,133.14706,0.5655968112305936
A1_LCD_plus_2R,18,8814,2991,3.016046880515093,9.096538785464823,4.932108,0.3908028427102158
A1_LCD_plus_2R,18,8814,2992,2.875606014957159,8.269109953257793,72.336815,0.1308976237496091
A1_LCD_plus_2R,18,8814,2993,2.9350459105711075,8.61449449716018,25.445333,0.21057726470336854
A1_LCD_plus_2R,18,8814,2994,3.7030202065331705,13.71235864999297,114.461525,0.547255369638596
A1_LCD_plus_2R,18,8814,2995,4.810330433076011,23.139278875377233,191.20306,0.7259071061012181
A1_LCD_plus_2R,18,8814,2996,3.8182407635731774,14.578962528611882,105.0089,0.6274088387559102
A1_LCD_plus_2R,18,8814,2997,3.530804264801493,12.46657875634041,47.9945,0.4989095346924144
A1_LCD_plus_2R,18,8814,2998,2.7756796619872057,7.704397585969409,66.29988,0.4966843091726893
A1_LCD_plus_2R,18,8814,2999,4.663327698916801,21.746625227484664,193.8125,0.6054434988385415
A1_LCD_plus_2R,18,8814,3000,4.340208702291767,18.837411579449174,118.462875,0.6955621202614233
A1_LCD_plus_2R,18,8814,3001,3.31388333600261,10.981822764635783,72.772354,0.2304132890121745
A1_LCD_plus_2R,18,8814,3002,3.9039148183969683,15.240550909299438,93.34764,0.34766291686589273
A1_LCD_plus_2R,18,8814,3003,2.650769320354427,7.02657798973227,86.541664,0.2764018767838831
A1_LCD_plus_2R,18,8814,3004,3.728581125434123,13.902317208943591,83.76781,0.36872236577955336
A1_LCD_plus_2R,18,8814,3005,2.622895507060978,6.8795808409606645,73.89613,0.36390345300548055
A1_LCD_plus_2R,18,8814,3006,3.2531041382620685,10.582686534377794,84.968925,0.5466251837677383
A1_LCD_plus_2R,18,8814,3007,2.5587351124426774,6.547125375647042,30.222101,0.18513477697248626
A1_LCD_plus_2R,18,8814,3008,3.9881806751552813,15.90558509768204,60.42193,0.2880823585653462
A1_LCD_plus_2R,18,8814,3009,3.589433552284372,12.884033226264812,111.67282,0.49209811673252596
A1_LCD_plus_2R,18,8814,3010,2.9817881939734407,8.891060833719392,90.136375,0.2679014262966361
A1_LCD_plus_2R,18,8814,3011,2.914571133624644,8.49472489295804,6.997424,0.24472507375152766
A1_LCD_plus_2R,18,8814,3012,4.54925961324594,20.6957630287106,188.05411,0.564106347701356
A1_LCD_plus_2R,18,8814,3013,3.4947905220658035,12.213560793120969,48.76619,0.4003582502618763
A1_LCD_plus_2R,18,8814,3014,2.689034538382956,7.230906748616435,12.841491,0.25718912777735514
A1_LCD_plus_2R,18,8814,3015,2.5617901239166603,6.562768638996941,47.76711,0.4733574863637544
A1_LCD_plus_2R,18,8814,3016,3.524424902657492,12.421570894472268,108.313675,0.3842663713895157
A1_LCD_plus_2R,18,8814,3017,3.228364747704407,10.422338944220535,57.068012,0.4209693919713998
A1_LCD_plus_2R,18,8814,3018,4.611431821303128,21.2653034425271,107.32811,0.5519430346766775
A1_LCD_plus_2R,18,8814,3019,2.65375764559144,7.042429641535021,33.756725,0.14720351357605366
A1_LCD_plus_2R,18,8814,3020,2.4672124649208986,6.087137347061058,60.155674,0.19532429554488273
A1_LCD_plus_2R,18,8814,3021,4.80150314291112,23.05443243138536,170.9963,0.8007471584330792
A1_LCD_plus_2R,18,8814,3022,4.671434207458313,21.822297554611684,158.97589,0.4001023982129641
A1_LCD_plus_2R,18,8814,3023,3.481176242292039,12.118588029898525,28.594257,0.32748698871952653
A1_LCD_plus_2R,18,8814,3024,3.287545667062647,10.807956513022386,110.81583,0.24178172277481014
A1_LCD_plus_2R,18,8814,3025,3.086628962724241,9.52727835352812,60.59593,0.1016816464363624
A1_LCD_plus_2R,18,8814,3026,2.3465073431826995,5.50609671161033,37.272392,0.1556094325805059
A1_LCD_plus_2R,18,8814,3027,3.846391812125764,14.794729972388126,113.37816,0.508650844847893
A1_LCD_plus_2R,18,8814,3028,4.02594000930409,16.208192958515415,82.06558,0.5288910728251343
A1_LCD_plus_2R,18,8814,3029,3.008021477059907,9.048193206453668,17.046196,0.46977520877904877
A1_LCD_plus_2R,18,8814,3030,3.2596276876294423,10.62517266196047,84.32063,0.317016744205676
A1_LCD_plus_2R,18,8814,3031,3.555841699141327,12.644010189352278,88.90164,0.4935813202004186
A1_LCD_plus_2R,18,8814,3032,2.9348351835710167,8.613257554726324,34.226997,0.17249509340488972
A1_LCD_plus_2R,18,8814,3033,3.28843083666223,10.813777367511054,60.530144,0.4752703035675545
A1_LCD_plus_2R,18,8814,3034,2.906598104137412,8.448312538975195,34.519073,0.28333303276017674
A1_LCD_plus_2R,18,8814,3035,3.0419417339441774,9.253409512711308,72.221634,0.48472136860556314
A1_LCD_plus_2R,18,8814,3036,3.140436791997487,9.862343244531466,106.805984,0.5096299763179082
A1_LCD_plus_2R,18,8814,3037,3.130110923386176,9.79759439270146,37.982376,0.5069928346968542
A1_LCD_plus_2R,18,8814,3038,3.715260303277996,13.803159121113305,86.78941,0.618501028960528
A1_LCD_plus_2R,18,8814,3039,4.293802695852458,18.43674159090983,212.73378,0.6831684792131882
A1_LCD_plus_2R,18,8814,3040,3.820638563969244,14.597279036488969,135.72874,0.6689961350990749
A1_LCD_plus_2R,18,8814,3041,4.254918476982366,18.104331245765934,155.92386,0.5645101041763925
A1_LCD_plus_2R,18,8814,3042,3.1789501037519425,10.105723762144487,42.5385,0.26870270670216667
A1_LCD_plus_2R,18,8814,3043,3.2107193433148407,10.308718701536085,73.517685,0.32423040566430816
A1_LCD_plus_2R,18,8814,3044,2.6449604410588137,6.995815734766035,27.610804,0.16680973830942444
A1_LCD_plus_2R,18,8814,3045,4.691016315683261,22.005634074006558,72.85132,0.6755097101606483
A1_LCD_plus_2R,18,8814,3046,3.5282801895939957,12.44876109628144,103.32442,0.4531245716717116
A1_LCD_plus_2R,18,8814,3047,2.3764415209802414,5.647474302638883,21.169685,0.17108372344452624
A1_LCD_plus_2R,18,8814,3048,3.940471931541432,15.52731904326587,105.020874,0.3965110456977379
A1_LCD_plus_2R,18,8814,3049,4.173440237491937,17.41760341591675,56.17593,0.6408384139516131
A1_LCD_plus_2R,18,8814,3050,3.010237932316021,9.061532409154232,33.71733,0.4375857154312275
A1_LCD_plus_2R,18,8814,3051,2.983626705707435,8.9020283190106,50.308483,0.3018325541642055
A1_LCD_plus_2R,18,8814,3052,4.324340740335325,18.699922838523864,157.07574,0.7486933348456092
A1_LCD_plus_2R,18,8814,3053,4.060022139313917,16.483779771719156,119.49614,0.5357290532026665
A1_LCD_plus_2R,18,8814,3054,4.36855130367089,19.084240492804636,154.47623,0.5766912422922353
A1_LCD_plus_2R,18,8814,3055,3.681554417701974,13.553842930500918,137.37845,0.5825439222309006
A1_LCD_plus_2R,18,8814,3056,4.471095795079109,19.990697608774095,204.33308,0.744035770480272
A1_LCD_plus_2R,18,8814,3057,4.934089530971901,24.345239499646514,185.41617,0.4923071521906005
A1_LCD_plus_2R,18,8814,3058,5.217087926185903,27.21800642955473,236.95111,0.7084888420960014
A1_LCD_plus_2R,18,8814,3059,3.765352836983752,14.17788198698159,151.56503,0.5906331243783867
A1_LCD_plus_2R,18,8814,3060,2.262849445608154,5.12048761348913,15.66689,0.27570589648162913
A1_LCD_plus_2R,18,8814,3061,3.5927145452365474,12.907597803554255,63.097565,0.25565636858601193
A1_LCD_plus_2R,18,8814,3062,2.737928041210066,7.496249958844391,21.125519,0.3387226532070166
A1_LCD_plus_2R,18,8814,3063,3.634019407212872,13.206097051999796,34.152485,0.07880169161959785
A1_LCD_plus_2R,18,8814,3064,3.724665350629459,13.873131974179671,153.87988,0.38414768426410806
A1_LCD_plus_2R,18,8814,3065,5.06014662484564,25.60508386493672,290.46677,0.7663916939521783
A1_LCD_plus_2R,18,8814,3066,3.766634326884617,14.187534152465531,31.001001,0.46455308473416423
A1_LCD_plus_2R,18,8814,3067,3.06868072804493,9.416801410674358,14.861385,0.24893750746909776
A1_LCD_plus_2R,18,8814,3068,5.092681559943439,25.93540547098794,159.3938,0.7778284286792293
A1_LCD_plus_2R,18,8814,3069,4.073069880059764,16.58989824785006,120.304886,0.576007159143898
A1_LCD_plus_2R,18,8814,3070,4.212098290512366,17.741772008937193,93.80609,0.6299301433070965
A1_LCD_plus_2R,18,8814,3071,2.6270177890097886,6.901222463773878,4.0836916,0.22411821482484334
A1_LCD_plus_2R,18,8814,3072,2.618158035330247,6.8547514979643385,61.93597,0.15183602923619866
A1_LCD_plus_2R,18,8814,3073,2.800834212604991,7.8446722864986205,40.181454,0.14868200984277716
A1_LCD_plus_2R,18,8814,3074,3.7493297992136805,14.0574739432717,167.06989,0.44322100471703135
A1_LCD_plus_2R,18,8814,3075,4.13423914890494,17.09193334033824,212.18019,0.6330528126910729
A1_LCD_plus_2R,18,8814,3076,3.023254850260039,9.140069889620849,14.810668,0.4404012018987177
A1_LCD_plus_2R,18,8814,3077,3.0065602726894642,9.039404673314547,12.489983,0.17041948868085993
A1_LCD_plus_2R,18,8814,3078,3.8712371673151416,14.986477205602158,43.031715,0.37354719305578005
A1_LCD_plus_2R,18,8814,3079,3.5265295196079807,12.436410452666493,139.68767,0.30489807279180264
A1_LCD_plus_2R,18,8814,3080,5.2305733328513755,27.358897390335954,279.45657,0.7648839626413044
A1_LCD_plus_2R,18,8814,3081,2.9100361144458025,8.468310187378822,17.54456,0.26099008891746767
A1_LCD_plus_2R,18,8814,3082,2.6434132492948694,6.98763360654766,14.716945,0.4644343152323007
A1_LCD_plus_2R,18,8814,3083,2.3638331855177657,5.587707328955066,41.95418,0.2873038050050818
A1_LCD_plus_2R,18,8814,3084,4.551758872352627,20.71850883204086,194.92853,0.6529456995142354
A1_LCD_plus_2R,18,8814,3085,4.099662244122375,16.80723051588251,90.62299,0.45676226130306996
A1_LCD_plus_2R,18,8814,3086,4.607167433557138,21.22599176082947,119.3773,0.632769135373992
A1_LCD_plus_2R,18,8814,3087,3.9517955622897025,15.616688166132592,76.16322,0.2621489102219217
A1_LCD_plus_2R,18,8814,3088,4.069026688772877,16.556978193945962,121.7681,0.4570061475677906
A1_LCD_plus_2R,18,8814,3089,3.809852193327849,14.514973735005022,35.565388,0.2939879442237421
A1_LCD_plus_2R,18,8814,3090,4.432112990377134,19.643625559469736,191.54631,0.6736975250138939
A1_LCD_plus_2R,18,8814,3091,3.8881980825651823,15.118084329263564,81.0101,0.36227113794690946
A1_LCD_plus_2R,18,8814,3092,5.128857444736852,26.305178688432633,216.8642,0.8273050693735469
A1_LCD_plus_2R,18,8814,3093,3.460550253213969,11.975408055019264,79.32382,0.48903169624902487
A1_LCD_plus_2R,18,8814,3094,3.658721717125952,13.386244603369077,69.87926,0.5446894511876288
A1_LCD_plus_2R,18,8814,3095,4.310007152134579,18.576161651451233,103.594444,0.3483558698611495
A1_LCD_plus_2R,18,8814,3096,4.480771054815167,20.07730924566943,162.60715,0.7855511320137435
A1_LCD_plus_2R,18,8814,3097,4.990268348265954,24.90277818770501,104.40023,0.4876588499444505
A1_LCD_plus_2R,18,8814,3098,3.7316143315141894,13.924945519162092,61.064682,0.5990153946487067
A1_LCD_plus_2R,18,8814,3099,2.848992222365705,8.116756683100276,83.05156,0.22435551702548856
A1_LCD_plus_2R,18,8814,3100,3.0110964662707285,9.066701929188069,48.60917,0.34499191357959313
A1_LCD_plus_2R,18,8814,3101,3.235157167263815,10.466241896898431,33.332275,0.33717408260647175
A1_LCD_plus_2R,18,8814,3102,3.4846078530830744,12.142491889768237,82.38349,0.6617781001367568
A1_LCD_plus_2R,18,8814,3103,3.876702087935821,15.028819078605954,89.8512,0.5134804327222864
A1_LCD_plus_2R,18,8814,3104,3.011621186636175,9.069862171795885,42.498245,0.5999985379445857
A1_LCD_plus_2R,18,8814,3105,4.01400448168615,16.1122319789965,99.59195,0.5529265588514494
A1_LCD_plus_2R,18,8814,3106,3.7114199010234774,13.774637681713118,87.019264,0.3913681697260315
A1_LCD_plus_2R,18,8814,3107,2.7736392982169162,7.693074956613229,79.510925,0.19598518742791649
A1_LCD_plus_2R,18,8814,3108,3.91349368480692,15.315432821023643,62.903427,0.38180034865087875
A1_LCD_plus_2R,18,8814,3109,2.842405948363932,8.079271575294662,11.706192,0.1488569063803301
A1_LCD_plus_2R,18,8814,3110,3.547390717187989,12.583980900391518,70.34547,0.43701215291376627
A1_LCD_plus_2R,18,8814,3111,4.289858770828789,18.402888273656682,162.26193,0.6444964805614535
A1_LCD_plus_2R,18,8814,3112,5.271848814721942,27.79238992528516,163.54073,0.777643553586084
A1_LCD_plus_2R,18,8814,3113,4.211279171987977,17.73487226441973,161.14528,0.34250154717423575
A1_LCD_plus_2R,18,8814,3114,4.721902415491201,22.296362421421637,161.27089,0.6012399310634107
A1_LCD_plus_2R,18,8814,3115,5.521813874639374,30.490428466159905,266.4942,0.6805818340455498
A1_LCD_plus_2R,18,8814,3116,3.8239357899670976,14.62248492579129,65.53467,0.49611097592970255
A1_LCD_plus_2R,18,8814,3117,2.6471979422277054,7.007656945334599,54.909065,0.28613115383714044
A1_LCD_plus_2R,18,8814,3118,3.5633097341398807,12.697176261416027,68.11456,0.2551757827043743
A1_LCD_plus_2R,18,8814,3119,2.1771920546971675,4.740165243036475,7.463744,0.20514666031381712
A1_LCD_plus_2R,18,8814,3120,2.35147759531861,5.529446881285391,42.507748,0.05098330548296039
A1_LCD_plus_2R,18,8814,3121,3.087388449339101,9.531967437112499,36.046947,0.44200148291588304
A1_LCD_plus_2R,18,8814,3122,3.271527121729418,10.702889708211167,53.45446,0.5240272655864436
A1_LCD_plus_2R,18,8814,3123,3.77265277156611,14.232908934805453,137.96344,0.2891097723374623
A1_LCD_plus_2R,18,8814,3124,3.5106804312292352,12.324877090215889,18.790977,0.503284139154134
A1_LCD_plus_2R,18,8814,3125,4.2137903079696475,17.756028759538943,106.95893,0.6387467244989911
A1_LCD_plus_2R,18,8814,3126,5.603273389176104,31.396672673849068,290.57654,0.7482569016737945
A1_LCD_plus_2R,18,8814,3127,3.981526655550202,15.852554508856777,126.663895,0.5838462779081748
A1_LCD_plus_2R,18,8814,3128,2.9843555150568757,8.906377840250387,41.93006,0.3572299134916518
A1_LCD_plus_2R,18,8814,3129,2.982730548104331,8.896681522594763,63.74996,0.32180423995894974
A1_LCD_plus_2R,18,8814,3130,4.955128997042686,24.553303377333258,137.89995,0.7708425323533739
A1_LCD_plus_2R,18,8814,3131,3.311319124986437,10.964834347500943,64.68816,0.33145880872034383
A1_LCD_plus_2R,18,8814,3132,2.8990035364104587,8.404221504120345,48.009514,0.3089994166958804
A1_LCD_plus_2R,18,8814,3133,3.8050493317575618,14.478400417108666,185.66937,0.41648293745417597
A1_LCD_plus_2R,18,8814,3134,4.4058818377814735,19.41179476849265,111.4177,0.3731904877917626
A1_LCD_plus_2R,18,8814,3135,3.4361961292908894,11.807443838953688,72.74278,0.39736538697700224
A1_LCD_plus_2R,18,8814,3136,3.6564571851983256,13.369679147188464,23.472439,0.4387741429642814
A1_LCD_plus_2R,18,8814,3137,2.7473257835420397,7.547798960914883,52.8066,0.46924965231095705
A1_LCD_plus_2R,18,8814,3138,2.8552199022262594,8.152280690068933,72.66587,0.2838426044871173
A1_LCD_plus_2R,18,8814,3139,2.4843000594895885,6.171746785579972,50.33734,0.09697724763850238
A1_LCD_plus_2R,18,8814,3140,3.158859600368357,9.978393974839339,93.825424,0.4039611755308934
A1_LCD_plus_2R,18,8814,3141,2.9151312685922504,8.497990313124262,60.18667,0.18211360550965972
A1_LCD_plus_2R,18,8814,3142,3.111705987502447,9.68271415265858,2.0916772,0.3772488011478597
A1_LCD_plus_2R,18,8814,3143,3.090086427184706,9.54863412747114,86.91692,0.5573283541849984
A1_LCD_plus_2R,18,8814,3144,3.780890221027805,14.295130863463685,92.537704,0.5506540029072166
A1_LCD_plus_2R,18,8814,3145,4.321785785179959,18.67783237298356,78.24823,0.7329879837714002
A1_LCD_plus_2R,18,8814,3146,3.204735057612319,10.270326789489431,59.93237,0.32538490080207205
A1_LCD_plus_2R,18,8814,3147,3.1931432416935097,10.196163761972937,30.351732,0.23461559003692228
A1_LCD_plus_2R,18,8814,3148,4.627760081438153,21.416163371352475,129.24745,0.7629028919218629
A1_LCD_plus_2R,18,8814,3149,4.716513975037758,22.245504076726473,137.99287,0.5847295387010606
A1_LCD_plus_2R,18,8814,3150,3.4509698163578766,11.909192673413116,75.965576,0.45819677021141675
A1_LCD_plus_2R,18,8814,3151,4.6717552349523155,21.82529697530437,150.54524,0.6416068344287417
A1_LCD_plus_2R,18,8814,3152,3.3867672044278234,11.470192096987855,74.74768,0.30633371053733127
A1_LCD_plus_2R,18,8814,3153,4.772618608326951,22.777888380548685,145.85477,0.583696872897653
A1_LCD_plus_2R,18,8814,3154,4.957161290617059,24.573448061192188,216.96822,0.7217920568788153
A1_LCD_plus_2R,18,8814,3155,5.150971611068997,26.532508538038748,96.832634,0.7903553767792366
A1_LCD_plus_2R,18,8814,3156,3.001417718148957,9.00850831881849,3.127641,0.13688592603233599
A1_LCD_plus_2R,18,8814,3157,2.1890615963132265,4.791990672453413,17.455996,0.1328821296949685
A1_LCD_plus_2R,18,8814,3158,2.9120331693255714,8.479937179252332,73.38506,0.47599525760809513
A1_LCD_plus_2R,18,8814,3159,3.5846450123687394,12.849679864700079,114.402374,0.3767610973116069
A1_LCD_plus_2R,18,8814,3160,4.285578440554051,18.366182570141696,150.63918,0.3043809710386995
A1_LCD_plus_2R,18,8814,3161,4.052737045882359,16.42467756306727,89.880714,0.4930293472329452
A1_LCD_plus_2R,18,8814,3162,2.9783856670259676,8.870781181545718,46.652218,0.1315308725405474
A1_LCD_plus_2R,18,8814,3163,3.917423515469265,15.346206999551567,73.61979,0.6659895626033749
A1_LCD_plus_2R,18,8814,3164,3.0831830994705283,9.506018024860692,14.427893,0.12347319052924993
A1_LCD_plus_2R,18,8814,3165,2.0323626077974017,4.130497769573056,17.752909,0.10392605005484466
A1_LCD_plus_2R,18,8814,3166,2.50527249465367,6.276390272468222,6.9761724,0.42098654750308967
A1_LCD_plus_2R,18,8814,3167,2.5591997477884263,6.549503349080345,28.054512,0.10855136756336475
A1_LCD_plus_2R,18,8814,3168,3.7708867622267355,14.219586973536835,54.634796,0.5034286407225219
A1_LCD_plus_2R,18,8814,3169,4.402440866304964,19.381485581312006,200.52008,0.49335383905133345
A1_LCD_plus_2R,18,8814,3170,4.488278256002274,20.144641703302813,97.74548,0.5977584920387201
A1_LCD_plus_2R,18,8814,3171,3.7272589136520224,13.892459009398456,27.226181,0.3483066618320963
A1_LCD_plus_2R,18,8814,3172,3.1758973627789127,10.08632405890605,81.9056,0.5326993144545684
A1_LCD_plus_2R,18,8814,3173,4.072029824665253,16.581426892963332,86.33534,0.3866419675861177
A1_LCD_plus_2R,18,8814,3174,4.406632092620125,19.41840639970962,131.1395,0.7390874553324749
A1_LCD_plus_2R,18,8814,3175,5.03219438648503,25.322980343371455,219.67543,0.54633741469038
A1_LCD_plus_2R,18,8814,3176,3.893056386705864,15.15588803007132,43.975075,0.43908700301854064
A1_LCD_plus_2R,18,8814,3177,3.2868536515743347,10.803406926867542,88.6468,0.5864971006334327
A1_LCD_plus_2R,18,8814,3178,5.088241111991329,25.890197613758758,167.82758,0.8488641225033506
A1_LCD_plus_2R,18,8814,3179,5.044399745462617,25.445968792023322,179.2896,0.7346525944030315
A1_LCD_plus_2R,18,8814,3180,5.3035389301323645,28.127525183429558,197.05447,0.7866959434570454
A1_LCD_plus_2R,18,8814,3181,3.7024232511355533,13.707937930549157,62.733463,0.436927191800882
A1_LCD_plus_2R,18,8814,3182,3.3908960948971534,11.498176326388762,42.48026,0.42425237467680477
A1_LCD_plus_2R,18,8814,3183,3.47525804661293,12.077418490547915,116.88809,0.513170195656308
A1_LCD_plus_2R,18,8814,3184,3.9463600086932993,15.573757318213774,104.88139,0.620129071501328
A1_LCD_plus_2R,18,8814,3185,3.350987272415774,11.229115699892509,57.6276,0.5408666009811909
A1_LCD_plus_2R,18,8814,3186,3.9465881483639067,15.57555801280645,71.126755,0.35067709953111337
A1_LCD_plus_2R,18,8814,3187,3.7135419616032275,13.790393900587947,147.28076,0.5822489981362224
A1_LCD_plus_2R,18,8814,3188,3.400225351666702,11.561532442116947,74.01914,0.3108737849862423
A1_LCD_plus_2R,18,8814,3189,5.528988046950147,30.5697088233176,290.4834,0.664440557785493
A1_LCD_plus_2R,18,8814,3190,2.9173609309868964,8.510994801648732,54.800903,0.37301783478307504
A1_LCD_plus_2R,18,8814,3191,5.042342427321016,25.425217154361604,254.53868,0.5782741424917467
A1_LCD_plus_2R,18,8814,3192,2.93647667902804,8.622895286475542,72.7549,0.2938434649626373
A1_LCD_plus_2R,18,8814,3193,2.5507503732552252,6.50632746666167,40.233665,0.19694764727603808
A1_LCD_plus_2R,18,8814,3194,3.044177661833292,9.26701763680481,20.131493,0.37799900915747575
A1_LCD_plus_2R,18,8814,3195,4.008912710067984,16.07138111694463,81.4312,0.34915978092381283
A1_LCD_plus_2R,18,8814,3196,2.4073609347978957,5.795386670390999,29.557348,0.30028865869539767
A1_LCD_plus_2R,18,8814,3197,2.632445864227075,6.929771228086232,67.4642,0.18288298614449716
A1_LCD_plus_2R,18,8814,3198,3.4597458046475036,11.969841032776001,68.85568,0.19584972416103835
A1_LCD_plus_2R,18,8814,3199,3.1485194457422723,9.913174700217226,17.345263,0.3508596463647524
A1_LCD_plus_2R,18,8814,3200,3.255592693985523,10.598883789131916,33.633675,0.17147006783231855
A1_LCD_plus_2R,18,8814,3201,2.6124962405817347,6.825136607053697,53.99578,0.1850466494000537
A1_LCD_plus_2R,18,8814,3202,3.7807330559592134,14.293942440422692,121.89352,0.16937212143391833
A1_LCD_plus_2R,18,8814,3203,3.349251204600356,11.217483631516934,85.84462,0.47327265327647783
A1_LCD_plus_2R,18,8814,3204,2.9850971265853374,8.910804855148038,48.091747,0.12890411606322896
A1_LCD_plus_2R,18,8814,3205,4.611737600094058,21.268123692121293,107.22632,0.7133258990246181
A1_LCD_plus_2R,18,8814,3206,3.366958446110671,11.336409177835984,68.78913,0.3470093222653751
A1_LCD_plus_2R,18,8814,3207,2.815804552157722,7.928755275952154,15.493254,0.25422754004804454
A1_LCD_plus_2R,18,8814,3208,3.365239057490439,11.324833914059138,87.7527,0.4412388777894347
A1_LCD_plus_2R,18,8814,3209,2.7017039005725936,7.299203966369166,32.857147,0.3987186177837785
A1_LCD_plus_2R,18,8814,3210,2.900336688293147,8.411952905459263,49.54454,0.2767001678083765
A1_LCD_plus_2R,18,8814,3211,4.2156775578964325,17.77193727215163,143.63554,0.6422354021803753
A1_LCD_plus_2R,18,8814,3212,2.5571415468525367,6.538972890639382,19.232801,0.2102469153362353
A1_LCD_plus_2R,18,8814,3213,2.958039279958691,8.749996381778532,99.39142,0.29728610761128466
A1_LCD_plus_2R,18,8814,3214,3.033804094194912,9.203967281953812,98.27338,0.4536546121232744
A1_LCD_plus_2R,18,8814,3215,3.8635280034369943,14.926848633341844,98.59491,0.7335994739379552
A1_LCD_plus_2R,18,8814,3216,2.6785087193999066,7.174408959901327,29.537868,0.3351348613787103
A1_LCD_plus_2R,18,8814,3217,3.9681778860487045,15.746435735325967,151.73508,0.5546971020815455
A1_LCD_plus_2R,18,8814,3218,2.9222102839481647,8.539312943612416,45.625515,0.24727780168778873
A1_LCD_plus_2R,18,8814,3219,3.3202242926938195,11.023889353794177,42.320778,0.37747169813376724
A1_LCD_plus_2R,18,8814,3220,3.677233270794303,13.522044527836572,72.65276,0.31764219523610104
A1_LCD_plus_2R,18,8814,3221,3.7756681607403038,14.255670060028066,55.598267,0.435453789340978
A1_LCD_plus_2R,18,8814,3222,3.731896854146402,13.92705412998781,67.12933,0.4853553737902917
A1_LCD_plus_2R,18,8814,3223,3.984115755144475,15.87317835039043,95.676346,0.6852778153368155
A1_LCD_plus_2R,18,8814,3224,4.2587950803065215,18.137335536043032,158.81433,0.7026596001296549
A1_LCD_plus_2R,18,8814,3225,3.3133135131817637,10.97804643663288,96.74475,0.2390526413665438
A1_LCD_plus_2R,18,8814,3226,3.047310448337349,9.286100968545975,66.82655,0.39359481687425785
A1_LCD_plus_2R,18,8814,3227,2.6629517167819348,7.091311845911854,22.990911,0.1616174370091803
A1_LCD_plus_2R,18,8814,3228,3.900273066544167,15.21212999360984,104.683784,0.39906993947100866
A1_LCD_plus_2R,18,8814,3229,5.067837052530901,25.6829723910051,236.03806,0.8931731506915119
A1_LCD_plus_2R,18,8814,3230,3.4250160452667684,11.730734910334816,62.037334,0.25815062594394655
A1_LCD_plus_2R,18,8814,3231,3.2570794437967794,10.608566503203537,89.77951,0.5034929390213794
A1_LCD_plus_2R,18,8814,3232,2.6305823739845,6.919963626317924,9.392228,0.20607185751376955
A1_LCD_plus_2R,18,8814,3233,2.9371873534614164,8.62706954933368,17.151033,0.16333065700881383
A1_LCD_plus_2R,18,8814,3234,3.556785211242317,12.650721038912053,60.365944,0.2536011035770326
A1_LCD_plus_2R,18,8814,3235,5.426557137350726,29.44752236493211,125.54512,0.6865155162615231
A1_LCD_plus_2R,18,8814,3236,4.494807162043921,20.20329142396132,209.13297,0.6829442627723357
A1_LCD_plus_2R,18,8814,3237,4.8621437448177804,23.64044179527068,134.10504,0.7266862876749629
A1_LCD_plus_2R,18,8814,3238,4.335797560368102,18.79914048449398,126.903725,0.6438422347191067
A1_LCD_plus_2R,18,8814,3239,3.574871190664417,12.779704029842426,69.6361,0.33089427125062976
A1_LCD_plus_2R,18,8814,3240,4.185446291797168,17.517960661518668,43.906292,0.7761476792098299
A1_LCD_plus_2R,18,8814,3241,4.273808758243421,18.265441302038173,88.909775,0.5909252187898077
A1_LCD_plus_2R,18,8814,3242,4.068300870090381,16.551071969578153,149.48323,0.6990282584293593
A1_LCD_plus_2R,18,8814,3243,3.6249127810682014,13.139992670351601,75.801994,0.493076922648791
A1_LCD_plus_2R,18,8814,3244,2.4590059809355074,6.046710414276601,29.236847,0.20878657558789954
A1_LCD_plus_2R,18,8814,3245,3.897192412510244,15.188108700127419,61.199574,0.5917663127023555
A1_LCD_plus_2R,18,8814,3246,3.788813562570791,14.355108211920369,83.88563,0.4045437570779153
A1_LCD_plus_2R,18,8814,3247,3.9589650247060795,15.67340406684601,88.80897,0.4316958583256405
A1_LCD_plus_2R,18,8814,3248,3.332669415448234,11.106685432664076,70.06178,0.3616375254332225
A1_LCD_plus_2R,18,8814,3249,3.1319953029309042,9.80939457758125,62.55984,0.6278662374199427
A1_LCD_plus_2R,18,8814,3250,2.4969339838258664,6.234679319584512,32.455704,0.22475895377732374
A1_LCD_plus_2R,18,8814,3251,4.392235336452965,19.291731250786093,100.98031,0.5917181567547246
A1_LCD_plus_2R,18,8814,3252,2.9397917916825897,8.642375778444334,33.740723,0.24671726723871573
A1_LCD_plus_2R,18,8814,3253,2.8239164071771663,7.9745038747243955,63.659702,0.17857269990913913
A1_LCD_plus_2R,18,8814,3254,2.8239612557165144,7.974757173787994,112.40257,0.44020549917480417
A1_LCD_plus_2R,18,8814,3255,3.383299640828843,11.446716459632581,148.28137,0.5201128378858355
A1_LCD_plus_2R,18,8814,3256,4.264001097855108,18.181705362509568,211.33607,0.8289305301953216
A1_LCD_plus_2R,18,8814,3257,4.625179087062151,21.392281587397086,146.99866,0.6457558273999178
A1_LCD_plus_2R,18,8814,3258,3.7484359984312383,14.050772434335203,111.1281,0.5117702470703114
A1_LCD_plus_2R,18,8814,3259,2.9069895609018355,8.450588307192245,44.227882,0.18639949560243427
A1_LCD_plus_2R,18,8814,3260,2.5331952539236195,6.41707819450115,27.333946,0.3074491326388325
A1_LCD_plus_2R,18,8814,3261,2.8699547451958636,8.236640239472255,43.28059,0.14989029358782924
A1_LCD_plus_2R,18,8814,3262,4.146313402988538,17.19191483580239,57.822987,0.6793027219057237
A1_LCD_plus_2R,18,8814,3263,4.445018267170609,19.75818739548041,129.48265,0.6176096361780203
A1_LCD_plus_2R,18,8814,3264,2.0519054191131727,4.2103158489860055,35.436634,0.0766337671672665
A1_LCD_plus_2R,18,8814,3265,2.6727202655043047,7.143433617637403,19.521473,0.35745362907616807
A1_LCD_plus_2R,18,8814,3266,2.666799577610383,7.111819987142916,1.93784,0.21429772382606196
A1_LCD_plus_2R,18,8814,3267,3.451835135397827,11.91516580196694,90.14864,0.57811694705414
A1_LCD_plus_2R,18,8814,3268,4.482058291259201,20.08884652624535,94.22227,0.7460125869181733
A1_LCD_plus_2R,18,8814,3269,3.7112931454823337,13.773696811704154,121.23415,0.49729774533135596
A1_LCD_plus_2R,18,8814,3270,3.791890812999931,14.378435937713274,66.64885,0.4745693688556065
A1_LCD_plus_2R,18,8814,3271,3.4653975549320055,12.008980213728723,65.175995,0.37334404171222885
A1_LCD_plus_2R,18,8814,3272,2.62653395484962,6.898680615977988,38.438797,0.37696894777916645
A1_LCD_plus_2R,18,8814,3273,3.0800654883118272,9.486803412289577,22.34526,0.21122097987173502
A1_LCD_plus_2R,18,8814,3274,3.370258008581953,11.358639044410793,43.000526,0.5357031904109958
A1_LCD_plus_2R,18,8814,3275,2.806791798625706,7.8780802008325255,4.0216284,0.44524573897779485
A1_LCD_plus_2R,18,8814,3276,2.622746831399746,6.878800941617408,13.038297,0.21616898966243261
A1_LCD_plus_2R,18,8814,3277,3.7190262646948784,13.831156357490343,81.700325,0.663471738734259
A1_LCD_plus_2R,18,8814,3278,3.364714612891882,11.321304426208167,78.90486,0.4130574978519961
A1_LCD_plus_2R,18,8814,3279,3.323696585786103,11.046958994366198,64.515045,0.5062380471510199
A1_LCD_plus_2R,18,8814,3280,5.052325085174996,25.52598876628853,272.11365,0.6846441852555567
A1_LCD_plus_2R,18,8814,3281,3.545624574229521,12.571453621380272,81.014114,0.6567573042743521
A1_LCD_plus_2R,18,8814,3282,2.1851874259618036,4.775044086581572,12.071663,0.0419850645288197
A1_LCD_plus_2R,18,8814,3283,3.9619268350027466,15.69686424591488,74.67585,0.22195664686292282
A1_LCD_plus_2R,18,8814,3284,3.810579460633226,14.520515825799807,187.3072,0.5512002279757519
A1_LCD_plus_2R,18,8814,3285,3.6524436268223086,13.340344447114898,115.40109,0.5142825789301405
A1_LCD_plus_2R,18,8814,3286,3.0550905746873953,9.333578419543757,76.13766,0.3826205462682485
A1_LCD_plus_2R,18,8814,3287,2.292160586662123,5.2540001550472475,22.293848,0.11929956083130286
A1_LCD_plus_2R,18,8814,3288,3.0134985920883657,9.081173764518564,50.37977,0.3623692836542429
A1_LCD_plus_2R,18,8814,3289,2.9112277777723583,8.475247174073385,13.561811,0.21367760177444292
A1_LCD_plus_2R,18,8814,3290,2.861597264460933,8.188738903970295,3.9999988,0.529149787759374
A1_LCD_plus_2R,18,8814,3291,3.2060517561213913,10.278767862929056,59.36762,0.34300362553612534
A1_LCD_plus_2R,18,8814,3292,4.404665674080191,19.401079700420308,196.78838,0.6152812013960465
A1_LCD_plus_2R,18,8814,3293,4.298795076232791,18.479639107443283,93.89666,0.653890771367505
A1_LCD_plus_2R,18,8814,3294,3.0102756654687854,9.06175958211354,31.660194,0.4839579005370688
A1_LCD_plus_2R,18,8814,3295,3.3159126506709677,10.995276706879764,50.109207,0.501450606990367
A1_LCD_plus_2R,18,8814,3296,2.8072462284204422,7.880631386980795,56.5568,0.1868113982680524
A1_LCD_plus_2R,18,8814,3297,2.645791600330313,7.000213192378439,71.01163,0.21178196901326712
A1_LCD_plus_2R,18,8814,3298,3.6139429387419564,13.06058356448285,120.62558,0.30753786676704353
A1_LCD_plus_2R,18,8814,3299,4.082661115404309,16.66812178323435,69.79012,0.4289792890518529
A1_LCD_plus_2R,18,8814,3300,3.498922963525118,12.242461904683392,41.405357,0.33163905152569484
A1_LCD_plus_2R,18,8814,3301,3.5691140749891073,12.738575280285348,39.99523,0.5679400229755573
A1_LCD_plus_2R,18,8814,3302,3.902313726899608,15.228052423149105,185.41399,0.4338304768785468
A1_LCD_plus_2R,18,8814,3303,2.8870998398412757,8.33534548521152,38.25471,0.11174544004807338
A1_LCD_plus_2R,18,8814,3304,2.817715999948898,7.939523456368018,38.614853,0.31928572708929764
A1_LCD_plus_2R,18,8814,3305,4.873500381315137,23.75100596667879,155.53809,0.7254001448105634
A1_LCD_plus_2R,18,8814,3306,4.94373470176972,24.440512801482143,234.20978,0.8381553484313602
A1_LCD_plus_2R,18,8814,3307,3.86357881661008,14.927241272158145,101.57973,0.6348363870727137
A1_LCD_plus_2R,18,8814,3308,2.9188029733358616,8.519410797154267,23.807287,0.36423653872056744
A1_LCD_plus_2R,18,8814,3309,2.62828203398581,6.907866450172586,18.193233,0.16188004764344183
A1_LCD_plus_2R,18,8814,3310,2.5779663791016274,6.6459106517783555,24.09135,0.1607423367353767
A1_LCD_plus_2R,18,8814,3311,3.2095806815205585,10.301408151189973,46.047325,0.30416690186055717
A1_LCD_plus_2R,18,8814,3312,3.2004929567159888,10.243155165988655,24.418121,0.19558277981079453
A1_LCD_plus_2R,18,8814,3313,3.5866643003056677,12.86416080308714,55.504154,0.11498337339595432
A1_LCD_plus_2R,18,8814,3314,3.8951521988130877,15.172210651918432,49.873802,0.6270992317554365
A1_LCD_plus_2R,18,8814,3315,3.6328393272714603,13.197521577770157,47.632782,0.4553131647966648
A1_LCD_plus_2R,18,8814,3316,3.571709896535845,12.757111585012092,83.24513,0.7258877081389391
A1_LCD_plus_2R,18,8814,3317,3.7423900881992114,14.005483572251698,135.77989,0.6992902022235998
A1_LCD_plus_2R,18,8814,3318,3.1949248347120887,10.207544699460067,7.806619,0.2142259458291525
A1_LCD_plus_2R,18,8814,3319,3.8325245151810985,14.688244159464109,85.168144,0.4581620860737868
A1_LCD_plus_2R,18,8814,3320,2.488850708708007,6.194377850236348,10.420717,0.09932204321360404
A1_LCD_plus_2R,18,8814,3321,2.539939665520694,6.451293504485375,6.979312,0.20177642150006486
A1_LCD_plus_2R,18,8814,3322,3.6145696529408644,13.06511377596104,57.76046,0.1877630075644363
A1_LCD_plus_2R,18,8814,3323,4.449312319147537,19.796380113318033,111.37508,0.7531181728954048
A1_LCD_plus_2R,18,8814,3324,4.997844154560457,24.978446193274124,115.76883,0.5884149875235268
A1_LCD_plus_2R,18,8814,3325,2.5554225246798357,6.530184279641066,39.887245,0.29333880115013494
A1_LCD_plus_2R,18,8814,3326,3.9928545838156566,15.942887727497704,98.42506,0.5758245585359982
A1_LCD_plus_2R,18,8814,3327,3.683543151006081,13.568490145323816,137.23563,0.6276789796681852
A1_LCD_plus_2R,18,8814,3328,3.592654840597932,12.907168803671755,119.4076,0.47739406000277806
A1_LCD_plus_2R,18,8814,3329,3.2117064811519622,10.315058521073516,146.63498,0.45831065183436687
A1_LCD_plus_2R,18,8814,3330,3.3402187189263715,11.157061090266128,61.982384,0.24776505110210184
A1_LCD_plus_2R,18,8814,3331,3.2764637102514507,10.735214444594705,107.52327,0.5168157097893605
A1_LCD_plus_2R,18,8814,3332,3.265683385388953,10.664687973605448,82.79236,0.4589228667494438
A1_LCD_plus_2R,18,8814,3333,3.288994928271315,10.817487638194434,66.88959,0.5600215418581758
A1_LCD_plus_2R,18,8814,3334,3.7551462535843987,14.101123385808942,15.499549,0.23875830407286086
A1_LCD_plus_2R,18,8814,3335,3.2808148261328918,10.7637459233734,66.4135,0.3031297300923381
A1_LCD_plus_2R,18,8814,3336,2.9641557091230557,8.786219067926803,26.811901,0.3000378788596037
A1_LCD_plus_2R,18,8814,3337,3.1889140943402206,10.169173101081709,108.87325,0.4820177727041556
A1_LCD_plus_2R,18,8814,3338,2.285055081751823,5.221476726639832,16.726788,0.1408892996555513
A1_LCD_plus_2R,18,8814,3339,3.21762568679657,10.353115060333096,35.592552,0.29948306349314413
A1_LCD_plus_2R,18,8814,3340,3.3034547059681847,10.912812994383344,9.730447,0.19861471445347573
A1_LCD_plus_2R,18,8814,3341,3.5279552549174076,12.44646828069935,56.44583,0.5319758608104941
A1_LCD_plus_2R,18,8814,3342,2.6585143063127945,7.067698316869797,62.180145,0.16916651095703866
A1_LCD_plus_2R,18,8814,3343,3.209166865790953,10.298751972490528,27.937801,0.7241137592878875
A1_LCD_plus_2R,18,8814,3344,3.299509346461607,10.8867619273875,60.3384,0.5470765137046747
A1_LCD_plus_2R,18,8814,3345,3.48244711866372,12.127437934289246,63.313953,0.5423282072083354
A1_LCD_plus_2R,18,8814,3346,4.168270688728147,17.37448053451022,159.26616,0.6617578013241979
A1_LCD_plus_2R,18,8814,3347,5.065857522372227,25.662912436975276,144.67506,0.7337454234760711
A1_LCD_plus_2R,18,8814,3348,3.644130007636403,13.27968351255609,95.838455,0.658444864060788
A1_LCD_plus_2R,18,8814,3349,2.806969282972866,7.879076555553206,29.705812,0.35321393408358465
A1_LCD_plus_2R,18,8814,3350,4.660743053764946,21.72252581321819,172.97668,0.7455766949125824
A1_LCD_plus_2R,18,8814,3351,4.116748804495079,16.947620719311654,45.905678,0.5377366275776144
A1_LCD_plus_2R,18,8814,3352,2.9656735440796975,8.795219570054236,77.20111,0.25831214359136256
A1_LCD_plus_2R,18,8814,3353,3.311306022553375,10.96474757499825,121.49544,0.598377092003384
A1_LCD_plus_2R,18,8814,3354,4.179265710726178,17.466261880851587,172.41287,0.6768722999692345
A1_LCD_plus_2R,18,8814,3355,4.016809284026726,16.134756824243297,103.83865,0.4796283487408567
A1_LCD_plus_2R,18,8814,3356,3.9018161258283404,15.22416907977408,71.046646,0.43869278987374216
A1_LCD_plus_2R,18,8814,3357,3.1491588050313633,9.917201179306563,60.75014,0.3683060343602595
A1_LCD_plus_2R,18,8814,3358,2.157154876006698,4.653317159079473,17.715183,0.021017748678397688
A1_LCD_plus_2R,18,8814,3359,4.6367259422975415,21.49922746397503,133.71648,0.5766259456700621
A1_LCD_plus_2R,18,8814,3360,2.982251848992216,8.89382609081749,63.190826,0.5306986482067798
A1_LCD_plus_2R,18,8814,3361,2.7551472835524913,7.5908365540666685,54.906822,0.2574194371852864
A1_LCD_plus_2R,18,8814,3362,4.071601284836194,16.57793702267974,124.512886,0.38394986532303066
A1_LCD_plus_2R,18,8814,3363,2.359786546263874,5.5685925439279815,24.801546,0.07346277998106433
A1_LCD_plus_2R,18,8814,3364,3.214777166056541,10.334792227398527,17.04416,0.33910492425054084
A1_LCD_plus_2R,18,8814,3365,2.906029250387777,8.445006004109345,3.4322355,0.2153248273118863
A1_LCD_plus_2R,18,8814,3366,2.8254600076928242,7.9832242550715335,41.688087,0.39250755846040286
A1_LCD_plus_2R,18,8814,3367,3.6884691510895924,13.60480467853958,89.15656,0.5029903118786181
A1_LCD_plus_2R,18,8814,3368,3.194519862531615,10.204957152109008,77.88417,0.2766093793418625
A1_LCD_plus_2R,18,8814,3369,3.579458568507462,12.81252364366149,53.548717,0.2796853748823649
A1_LCD_plus_2R,18,8814,3370,3.374667495768682,11.388380706997669,117.80507,0.5111162258316749
A1_LCD_plus_2R,18,8814,3371,3.3525821904998687,11.239807344056898,54.648663,0.25587220952629214
A1_LCD_plus_2R,18,8814,3372,3.714925361698677,13.800670442992049,73.02989,0.6203945280188643
A1_LCD_plus_2R,18,8814,3373,3.966516931469091,15.733256567630978,146.29025,0.5511817713544053
A1_LCD_plus_2R,18,8814,3374,3.8743001811435174,15.01020189360869,105.45433,0.5888927634776149
A1_LCD_plus_2R,18,8814,3375,3.4189032494040905,11.688899428785849,51.654804,0.526284888409368
A1_LCD_plus_2R,18,8814,3376,3.364337571722655,11.318767296504692,86.029396,0.3809895077173398
A1_LCD_plus_2R,18,8814,3377,4.053616881424574,16.43180982137029,132.38995,0.5616191839066906
A1_LCD_plus_2R,18,8814,3378,3.5305371561959324,12.464692611280068,111.42304,0.51373238559858
A1_LCD_plus_2R,18,8814,3379,3.4993554891546763,12.24548883947696,6.481253,0.24792649217084345
A1_LCD_plus_2R,18,8814,3380,2.8515243013796727,8.131190841358828,30.14899,0.18060648581653635
A1_LCD_plus_2R,18,8814,3381,4.51204519067397,20.358551802684097,117.4227,0.6103434334698115
A1_LCD_plus_2R,18,8814,3382,3.4518534159067413,11.91529200490704,75.90272,0.6256977640015762
A1_LCD_plus_2R,18,8814,3383,3.3419822359744566,11.168845265568825,72.22108,0.2244605711406244
A1_LCD_plus_2R,18,8814,3384,3.892405210836134,15.150818325344291,49.765068,0.3952080461295907
A1_LCD_plus_2R,18,8814,3385,2.5405871718193604,6.454583177613094,47.610466,0.2123860878767227
A1_LCD_plus_2R,18,8814,3386,3.3140787066731017,10.983117674024061,50.29471,0.4708802635927719
A1_LCD_plus_2R,18,8814,3387,3.3450799513096934,11.189559880654063,25.83281,0.34789030969204243
A1_LCD_plus_2R,18,8814,3388,4.2004753172022316,17.64399289042519,212.71182,0.5542007712282563
A1_LCD_plus_2R,18,8814,3389,3.7397759023454333,13.985923799763599,137.26508,0.6315192153710196
A1_LCD_plus_2R,18,8814,3390,4.204154520052492,17.674915228477794,115.39909,0.30067414801694436
A1_LCD_plus_2R,18,8814,3391,3.6223556802680617,13.121460674370292,46.89269,0.5845313189331913
A1_LCD_plus_2R,18,8814,3392,3.665279612501922,13.434274637822238,78.16407,0.4509899254143299
A1_LCD_plus_2R,18,8814,3393,3.8269314577059146,14.645404381979118,105.834335,0.6386314634177177
A1_LCD_plus_2R,18,8814,3394,3.3727081101295724,11.37515999613379,39.718533,0.37694115705956643
A1_LCD_plus_2R,18,8814,3395,3.6337134475382062,13.203873418819992,75.65204,0.4773225747613732
A1_LCD_plus_2R,18,8814,3396,3.02290276566597,9.137941130670967,66.23547,0.43205314555564156
A1_LCD_plus_2R,18,8814,3397,4.716454190501514,22.244940131099288,182.50766,0.6881852658046106
A1_LCD_plus_2R,18,8814,3398,4.092738986828869,16.750512414309004,122.73238,0.4655920835815348
A1_LCD_plus_2R,18,8814,3399,4.894858142661736,23.959636236781908,185.70035,0.5644714543182847
A1_LCD_plus_2R,18,8814,3400,2.594502792237232,6.731444738926793,19.70804,0.1348943870450345
A1_LCD_plus_2R,18,8814,3401,3.634087644823142,13.20659301025621,129.69987,0.29654584026722075
A1_LCD_plus_2R,18,8814,3402,2.9015138091144466,8.418782384481823,42.574234,0.249429401073268
A1_LCD_plus_2R,18,8814,3403,3.19945125060677,10.236488305009226,80.11215,0.5142966865703151
A1_LCD_plus_2R,18,8814,3404,3.3731690728144677,11.378269593792016,126.13663,0.20523016280074946
A1_LCD_plus_2R,18,8814,3405,3.5492555424864927,12.597214905871082,16.672804,0.28819649884582815
A1_LCD_plus_2R,18,8814,3406,3.5824932640268354,12.834257986797649,75.27258,0.4360292526624092
A1_LCD_plus_2R,18,8814,3407,3.215201889732621,10.337523191740216,72.992424,0.1795963158351165
A1_LCD_plus_2R,18,8814,3408,3.43586415815682,11.805162513306673,40.00089,0.3379739080554973
A1_LCD_plus_2R,18,8814,3409,3.5531141704819706,12.624620308479782,46.657856,0.42359741599114065
A1_LCD_plus_2R,18,8814,3410,3.1460213162162454,9.897450122086996,47.914043,0.23807160698888394
A1_LCD_plus_2R,18,8814,3411,3.311949793267697,10.96901143312594,51.58206,0.27491031296533497
A1_LCD_plus_2R,18,8814,3412,3.200707271125967,10.244527035438635,67.77103,0.4530441871584687
A1_LCD_plus_2R,18,8814,3413,3.901911978518233,15.224917088104068,27.90205,0.49372382122159064
A1_LCD_plus_2R,18,8814,3414,3.174136523390161,10.075142669119378,34.788708,0.25439057681784893
A1_LCD_plus_2R,18,8814,3415,2.7394557986692623,7.504618072862646,19.713556,0.22294117609503583
A1_LCD_plus_2R,18,8814,3416,3.6397466493496458,13.247755671451976,43.150917,0.2963937553211925
A1_LCD_plus_2R,18,8814,3417,3.508782702051219,12.311556050213856,47.23668,0.5259492996140829
A1_LCD_plus_2R,18,8814,3418,2.4080210270444455,5.798565266688188,46.85805,0.18947774405832907
A1_LCD_plus_2R,18,8814,3419,3.816956090227874,14.569153794727658,10.555301,0.7262473203325881
A1_LCD_plus_2R,18,8814,3420,2.563732539511329,6.5727245341492075,6.3963737,0.28040768149489215
A1_LCD_plus_2R,18,8814,3421,2.7018437578642374,7.299959691909944,36.65229,0.4166206687756032
A1_LCD_plus_2R,18,8814,3422,4.342427602148795,18.856677479903734,66.68647,0.7604873364517473
A1_LCD_plus_2R,18,8814,3423,3.4428777740993195,11.853407367387085,84.45793,0.40991743119460733
A1_LCD_plus_2R,18,8814,3424,2.8066336341525684,7.877192356356455,41.44111,0.1074367343475814
A1_LCD_plus_2R,18,8814,3425,2.31175334992736,5.34420355090037,13.241104,0.3148910381128134
A1_LCD_plus_2R,18,8814,3426,2.625137648264275,6.891347672334489,42.136566,0.12226818553966876
A1_LCD_plus_2R,18,8814,3427,3.623372665750956,13.128829474911187,93.65379,0.5204216383262467
A1_LCD_plus_2R,18,8814,3428,2.946971660277947,8.684641966481362,28.884844,0.3288497802676207
A1_LCD_plus_2R,18,8814,3429,4.014037956137128,16.11250071330953,61.147514,0.7098639186128922
A1_LCD_plus_2R,18,8814,3430,3.7494667762174863,14.058501105958749,98.34326,0.54311207060466
A1_LCD_plus_2R,18,8814,3431,4.099529194074491,16.806139613069046,121.554634,0.5820939248043269
A1_LCD_plus_2R,18,8814,3432,2.441785112832442,5.962314537250139,37.122986,0.44120420554362194
A1_LCD_plus_2R,18,8814,3433,3.124163816068073,9.760399549629026,70.23166,0.3729737982893147
A1_LCD_plus_2R,18,8814,3434,3.5316300068448774,12.472410505247147,79.19602,0.45936040436829384
A1_LCD_plus_2R,18,8814,3435,3.3864909763096134,11.468321132626437,43.62319,0.26161089577461166
A1_LCD_plus_2R,18,8814,3436,4.332707029554622,18.772350203952033,123.235756,0.5151592741667506
A1_LCD_plus_2R,18,8814,3437,3.6212085695543457,13.113151504213828,51.645706,0.6308818157546148
A1_LCD_plus_2R,18,8814,3438,4.031550765763964,16.25340157693201,185.1907,0.5663865404563881
A1_LCD_plus_2R,18,8814,3439,4.400092101680884,19.360810503274497,150.63336,0.5852414981157338
A1_LCD_plus_2R,18,8814,3440,3.4830576134039295,12.131690338291078,76.0831,0.3931155911203496
A1_LCD_plus_2R,18,8814,3441,4.475774546794773,20.032557793735965,183.70575,0.626612160253167
A1_LCD_plus_2R,18,8814,3442,5.18761935896412,26.911394613499308,197.36858,0.6727903108129369
A1_LCD_plus_2R,18,8814,3443,3.404548220323779,11.59094858450981,85.67101,0.2946672535928132
A1_LCD_plus_2R,18,8814,3444,3.0472836954122733,9.285937920325479,17.79032,0.2165833657796544
A1_LCD_plus_2R,18,8814,3445,2.8044232050755387,7.864789513166156,12.249248,0.3858234528772956
A1_LCD_plus_2R,18,8814,3446,3.6434056358953164,13.274404627673754,41.188095,0.5409142133710717
A1_LCD_plus_2R,18,8814,3447,3.7855545108384683,14.330422954529478,73.95583,0.18630757542765325
A1_LCD_plus_2R,18,8814,3448,3.3054294568719924,10.925863894357073,77.519264,0.47936394206135824
A1_LCD_plus_2R,18,8814,3449,4.150821749353844,17.229321194908902,123.47212,0.7975993339921262
A1_LCD_plus_2R,18,8814,3450,3.598856301717886,12.95176668041454,110.33286,0.677420226061255
A1_LCD_plus_2R,18,8814,3451,2.8047443437426214,7.8665908337562245,23.49243,0.19396515616829757
A1_LCD_plus_2R,18,8814,3452,3.0648605191336826,9.393370001744385,32.95771,0.3518454669014396
A1_LCD_plus_2R,18,8814,3453,4.717573657425447,22.255501213234517,158.27066,0.8425081942757957
A1_LCD_plus_2R,18,8814,3454,4.711588327575767,22.199064568548213,123.20538,0.5926189555440229
A1_LCD_plus_2R,18,8814,3455,3.477903413464947,12.095812153391131,119.565216,0.40566085330683
A1_LCD_plus_2R,18,8814,3456,2.9962214088363406,8.977342730769228,15.360185,0.3096434910344362
A1_LCD_plus_2R,18,8814,3457,5.327458040826575,28.38180917676772,216.34593,0.8068260532827445
A1_LCD_plus_2R,18,8814,3458,4.35372007707142,18.954878509494776,120.05624,0.44043978310368903
A1_LCD_plus_2R,18,8814,3459,2.683813382640253,7.202854272838917,5.7748146,0.572262158867023
A1_LCD_plus_2R,18,8814,3460,3.7965730818995183,14.413967166204003,48.26864,0.272970749387466
A1_LCD_plus_2R,18,8814,3461,2.6456022197571567,6.999211105183992,52.255653,0.3699714128020713
A1_LCD_plus_2R,18,8814,3462,3.8289453066548327,14.660822161354067,92.91155,0.5212670139285867
A1_LCD_plus_2R,18,8814,3463,3.9847246659301736,15.878030663272336,80.26356,0.6265310052165826
A1_LCD_plus_2R,18,8814,3464,3.4593956175480605,11.967418038710724,99.274216,0.517300568708207
A1_LCD_plus_2R,18,8814,3465,4.03645263110295,16.292949843137926,85.90112,0.5291531352358059
A1_LCD_plus_2R,18,8814,3466,3.0746940694238694,9.453743620550313,92.63008,0.17143856166962643
A1_LCD_plus_2R,18,8814,3467,3.6621275857220863,13.411178454106677,73.82294,0.4827192242333808
A1_LCD_plus_2R,18,8814,3468,3.768456112550417,14.201261472218606,124.210045,0.3967925370314799
A1_LCD_plus_2R,18,8814,3469,4.774175986976453,22.792756354622593,235.55179,0.7018975661384022
A1_LCD_plus_2R,18,8814,3470,3.0528985151628523,9.320189343883548,121.071625,0.4141154470910928
A1_LCD_plus_2R,18,8814,3471,3.308741711394337,10.94777171272073,82.27639,0.2219277017250035
A1_LCD_plus_2R,18,8814,3472,5.874428049544695,34.50890490927749,292.945,0.9472107563337069
A1_LCD_plus_2R,18,8814,3473,4.326438795873662,18.718072654440736,191.7927,0.7867921018100887
A1_LCD_plus_2R,18,8814,3474,3.535539043750707,12.500036329885667,121.322556,0.577937106433468
A1_LCD_plus_2R,18,8814,3475,2.5679053116776482,6.594137689742278,25.712854,0.2242805867717997
A1_LCD_plus_2R,18,8814,3476,2.7320369346807074,7.464025812459556,34.958267,0.1737081887608706
A1_LCD_plus_2R,18,8814,3477,3.2350634166393584,10.46563530967832,99.039276,0.47752659818599263
A1_LCD_plus_2R,18,8814,3478,3.706616383826645,13.739005016852115,62.722317,0.6400826111341937
A1_LCD_plus_2R,18,8814,3479,4.164509520472702,17.343139546107775,183.83917,0.5580159346800784
A1_LCD_plus_2R,18,8814,3480,3.5727319678545997,12.7644137141302,96.988815,0.5266713219909129
A1_LCD_plus_2R,18,8814,3481,3.7461779520192153,14.033849248194878,98.37016,0.49053149589375455
A1_LCD_plus_2R,18,8814,3482,3.2673641870781083,10.675668731000584,62.7521,0.2955769429825753
A1_LCD_plus_2R,18,8814,3483,5.627838880069086,31.672570460017266,278.39743,0.6630045102540651
A1_LCD_plus_2R,18,8814,3484,2.88029764084354,8.29611449984886,34.986755,0.21647432492180402
A1_LCD_plus_2R,18,8814,3485,2.7278950628950582,7.441411474167233,35.57949,0.1828211063662799
A1_LCD_plus_2R,18,8814,3486,2.316163895106417,5.364615188994529,38.547264,0.23868495511269355
A1_LCD_plus_2R,18,8814,3487,4.194971619846865,17.597786891320634,79.60322,0.3575806105490297
A1_LCD_plus_2R,18,8814,3488,3.7386742313551817,13.977685008199257,118.29716,0.5436970459771684
A1_LCD_plus_2R,18,8814,3489,3.710116831870924,13.764966906131942,92.77902,0.47269282061079654
A1_LCD_plus_2R,18,8814,3490,3.6750334135423084,13.50587059065243,91.79841,0.43686709894818054
A1_LCD_plus_2R,18,8814,3491,2.7191451602424084,7.3937504024697125,78.28546,0.13119828356875146
A1_LCD_plus_2R,18,8814,3492,2.913540705937268,8.488719445153434,44.284805,0.3155389875687762
A1_LCD_plus_2R,18,8814,3493,3.3638630603600532,11.315574688854902,75.63516,0.5824923379085727
A1_LCD_plus_2R,18,8814,3494,4.8500582484254355,23.5230650131196,235.06674,0.8609521028548175
A1_LCD_plus_2R,18,8814,3495,5.404449915521746,29.208078889383007,193.68353,0.6810436579212974
A1_LCD_plus_2R,18,8814,3496,3.560530552148256,12.677377812781165,119.11916,0.4078739964941496
A1_LCD_plus_2R,18,8814,3497,2.5476369063516873,6.490453806605196,35.39764,0.3647146574419748
A1_LCD_plus_2R,18,8814,3498,3.3323061052223997,11.104263978902482,78.06109,0.35858502335731046
A1_LCD_plus_2R,18,8814,3499,2.8990459357110647,8.404467337362842,36.66796,0.5523717411144146
A1_LCD_plus_2R,18,8814,3500,2.5897019063128135,6.706555963560221,37.42958,0.18326593656810633
A1_LCD_plus_2R,18,8814,3501,3.0562015598909205,9.340367974679697,4.8166084,0.33083052186491624
A1_LCD_plus_2R,18,8814,3502,3.0013244960982384,9.007948730879347,50.20856,0.2648384496380858
A1_LCD_plus_2R,18,8814,3503,3.4076057352693225,11.61177684704038,38.199467,0.17235739942150632
A1_LCD_plus_2R,18,8814,3504,2.84170618630013,8.075294049256426,42.962612,0.2542283375425243
A1_LCD_plus_2R,18,8814,3505,3.363660796208406,11.31421395194937,95.33792,0.4938274450580213
A1_LCD_plus_2R,18,8814,3506,3.3164474499214083,10.998823688090214,67.28329,0.49529345634849953
A1_LCD_plus_2R,18,8814,3507,3.818733740042886,14.582727377341929,94.569,0.48127485734555386
A1_LCD_plus_2R,18,8814,3508,3.450302812808547,11.904589500074566,73.604996,0.2582247038373138
A1_LCD_plus_2R,18,8814,3509,3.585898961702094,12.858671363536153,76.74393,0.5234548763831588
A1_LCD_plus_2R,18,8814,3510,5.092982764046288,25.938473434872567,112.989265,0.6545048014185452
A1_LCD_plus_2R,18,8814,3511,6.099329295467803,37.20181785455177,300.0157,0.8652404181051141
A1_LCD_plus_2R,18,8814,3512,4.418615262240697,19.524160835706418,167.77446,0.772746927698465
A1_LCD_plus_2R,18,8814,3513,3.328071072691776,11.076057064887792,77.37714,0.31691087680456853
A1_LCD_plus_2R,18,8814,3514,2.936388097569803,8.622375059549606,16.449335,0.17337371022360482
A1_LCD_plus_2R,18,8814,3515,3.3555808730036665,11.259922995268045,60.136272,0.2102986162295249
A1_LCD_plus_2R,18,8814,3516,2.498533183740504,6.242668070252459,50.05695,0.3489113527691977
A1_LCD_plus_2R,18,8814,3517,2.857822551984076,8.167149738628776,59.75173,0.4225752911720736
A1_LCD_plus_2R,18,8814,3518,4.440097751387737,19.71446804187843,127.541695,0.5696521001742418
A1_LCD_plus_2R,18,8814,3519,3.3759986384098988,11.39736680654549,95.73195,0.4092490439935111
A1_LCD_plus_2R,18,8814,3520,3.754364056610366,14.095249469567849,170.57762,0.6682585947593151
A1_LCD_plus_2R,18,8814,3521,4.823603679067148,23.26715245271013,150.75676,0.6230020881858191
A1_LCD_plus_2R,18,8814,3522,3.5788482137602244,12.808154537134744,90.896774,0.7577669580610773
A1_LCD_plus_2R,18,8814,3523,4.16315872947832,17.331890606831536,147.93726,0.42151789395139566
A1_LCD_plus_2R,18,8814,3524,4.327898767751766,18.73070774390726,91.82313,0.5693404316839636
A1_LCD_plus_2R,18,8814,3525,2.9053998492854998,8.441348284228207,10.523214,0.17655266980972573
A1_LCD_plus_2R,18,8814,3526,3.4297270513720877,11.76302764691348,27.896633,0.21306090268286831
A1_LCD_plus_2R,18,8814,3527,3.266842863033099,10.672262291750295,31.19029,0.3477182263567719
A1_LCD_plus_2R,18,8814,3528,4.567638909523917,20.863325207796834,188.61084,0.5033646351508401
A1_LCD_plus_2R,18,8814,3529,4.6975582916947225,22.067053903869837,154.96814,0.4106530247156418
A1_LCD_plus_2R,18,8814,3530,3.466655782250168,12.017702312608524,37.542534,0.5273961313969445
A1_LCD_plus_2R,18,8814,3531,2.296263211129255,5.2728247347856385,18.962992,0.2092596020995092
A1_LCD_plus_2R,18,8814,3532,4.623184936782859,21.373838959695917,152.12604,0.5046437051166239
A1_LCD_plus_2R,18,8814,3533,4.657439009708579,21.69173812915524,203.46057,0.7083511466258694
A1_LCD_plus_2R,18,8814,3534,4.33952354195363,18.83146457116978,156.61966,0.6341567617310512
A1_LCD_plus_2R,18,8814,3535,3.611118358952961,13.040175802367125,43.322594,0.6008121168274403
A1_LCD_plus_2R,18,8814,3536,3.6786811560423622,13.53269504782117,68.86663,0.23614510380118559
A1_LCD_plus_2R,18,8814,3537,3.438290477675094,11.82184140887123,67.65767,0.35133832628779993
A1_LCD_plus_2R,18,8814,3538,4.011170959984727,16.089492470224798,103.056046,0.49040858911486174
A1_LCD_plus_2R,18,8814,3539,3.863466984961633,14.926377143888523,43.26435,0.45574870049490107
A1_LCD_plus_2R,18,8814,3540,3.557755255465244,12.657622457790563,93.72596,0.3453171431119577
A1_LCD_plus_2R,18,8814,3541,4.124287405175877,17.009746600492367,183.61063,0.6778216065656848
A1_LCD_plus_2R,18,8814,3542,4.10401691656307,16.842954851435852,136.24962,0.7590994781551321
A1_LCD_plus_2R,18,8814,3543,4.288466872559882,18.390948117043532,135.59695,0.42391485497746717
A1_LCD_plus_2R,18,8814,3544,4.66239369339398,21.737914952199958,182.7583,0.6921644851913127
A1_LCD_plus_2R,18,8814,3545,3.959382010915935,15.676705908364713,94.17076,0.35213350169145463
A1_LCD_plus_2R,18,8814,3546,2.7204097246477676,7.400629069958143,67.464386,0.35432252461457536
A1_LCD_plus_2R,18,8814,3547,4.689335932418154,21.989871487068033,191.75282,0.808948621156195
A1_LCD_plus_2R,18,8814,3548,2.5765610594147415,6.638666892892416,12.918253,0.1163585043927042
A1_LCD_plus_2R,18,8814,3549,3.148202027879205,9.911176008342744,63.928352,0.1665260203703716
A1_LCD_plus_2R,18,8814,3550,4.231066571121259,17.901924329259813,186.58064,0.700550160925901
A1_LCD_plus_2R,18,8814,3551,4.567229608220837,20.859586294209056,187.0695,0.5718497805910849
A1_LCD_plus_2R,18,8814,3552,3.4178561681378166,11.681740786077723,84.01067,0.3343482438596089
A1_LCD_plus_2R,18,8814,3553,2.4799376577611603,6.150090786381911,5.9263535,0.18668443730132334
A1_LCD_plus_2R,18,8814,3554,3.2689735849159147,10.686188298878006,53.497555,0.3019260021854883
A1_LCD_plus_2R,18,8814,3555,3.6463451525124206,13.295832971250828,33.923676,0.5103784314198203
A1_LCD_plus_2R,18,8814,3556,3.719637023852929,13.835699589217477,51.21858,0.6004278082659334
A1_LCD_plus_2R,18,8814,3557,3.6467703823261566,13.298934221411258,99.75133,0.6247849146900234
A1_LCD_plus_2R,18,8814,3558,3.6834937126049097,13.5681259307999,129.22934,0.5240197090959906
A1_LCD_plus_2R,18,8814,3559,3.4427595845895937,11.852593557283512,74.78863,0.16145382233048944
A1_LCD_plus_2R,18,8814,3560,3.567348230345631,12.725973396550108,69.15081,0.49090745213240183
A1_LCD_plus_2R,18,8814,3561,4.688885171533704,21.98564415182865,236.15897,0.7817611711624148
A1_LCD_plus_2R,18,8814,3562,3.4038669157847403,11.586309980373926,80.28771,0.628556258368836
A1_LCD_plus_2R,18,8814,3563,2.8347534296764163,8.035827007062204,40.361008,0.1496980717507766
A1_LCD_plus_2R,18,8814,3564,4.235068180205067,17.935802490985452,59.89688,0.22711753188477932
A1_LCD_plus_2R,18,8814,3565,3.1871373109822634,10.15784423905525,12.401361,0.5876068010766846
A1_LCD_plus_2R,18,8814,3566,3.5650686956099813,12.709714804418253,68.29763,0.5453509849233318
A1_LCD_plus_2R,18,8814,3567,4.285769337201908,18.367818811700083,80.080475,0.28940369368746416
A1_LCD_plus_2R,18,8814,3568,3.411879894057099,11.640924411471076,83.47484,0.22103596754997346
A1_LCD_plus_2R,18,8814,3569,3.8653255599720886,14.94074168457354,155.17526,0.5645259057572347
A1_LCD_plus_2R,18,8814,3570,2.9076543661602257,8.454453913050623,22.694632,0.33639383820479685
A1_LCD_plus_2R,18,8814,3571,2.3274135960493534,5.416854047075385,47.500896,0.19977749715868456
A1_LCD_plus_2R,18,8814,3572,2.8985057373473917,8.401335509435746,59.391273,0.4247899137488319
A1_LCD_plus_2R,18,8814,3573,5.203810079562446,27.079639344155705,167.18204,0.8177924541686015
A1_LCD_plus_2R,18,8814,3574,4.2523643949268,18.08260294724117,132.95596,0.7784981988185433
A1_LCD_plus_2R,18,8814,3575,3.560046301179095,12.673929666538955,25.900368,0.45098019804523015
A1_LCD_plus_2R,18,8814,3576,2.314809828583433,5.3583445425064635,11.165742,0.07917854249199634
A1_LCD_plus_2R,18,8814,3577,3.42839359432357,11.753882637598883,87.71158,0.11228601931478491
A1_LCD_plus_2R,18,8814,3578,4.017914693233133,16.143638482098698,80.51766,0.4322139831441418
A1_LCD_plus_2R,18,8814,3579,3.10280949976033,9.627426791802954,27.445833,0.2722750614391988
A1_LCD_plus_2R,18,8814,3580,2.9727834383224825,8.83744137116444,63.33145,0.23654572099478335
A1_LCD_plus_2R,18,8814,3581,3.6100926720926942,13.03276910109737,18.599485,0.2554495650723091
A1_LCD_plus_2R,18,8814,3582,3.9042413167227683,15.243100259205134,34.59024,0.43996838997311
A1_LCD_plus_2R,18,8814,3583,2.9818875561714253,8.891653397649996,20.539879,0.3464931045469979
A1_LCD_plus_2R,18,8814,3584,2.9558165068796134,8.736851222341997,64.28621,0.5547451102520796
A1_LCD_plus_2R,18,8814,3585,5.057164428186355,25.574912053713433,124.18077,0.7780153812933044
A1_LCD_plus_2R,18,8814,3586,3.372668823310581,11.37489499173118,96.3742,0.5795989351728621
A1_LCD_plus_2R,18,8814,3587,3.87776573197342,15.037067072067353,113.36276,0.6580797163164779
A1_LCD_plus_2R,18,8814,3588,3.610800422751739,13.037879692944141,97.26635,0.3553264203655496
A1_LCD_plus_2R,18,8814,3589,5.276753828298994,27.844130964468096,215.88457,0.767907956148749
A1_LCD_plus_2R,18,8814,3590,3.0331007865365414,9.199700381288586,49.266567,0.5624840187420849
A1_LCD_plus_2R,18,8814,3591,3.964494677173075,15.717218045333652,76.257904,0.47302547769879877
A1_LCD_plus_2R,18,8814,3592,3.004052814558556,9.02433331265718,2.9574192,0.3151427981814509
A1_LCD_plus_2R,18,8814,3593,3.6567921045450333,13.372128495862892,87.2536,0.5356163679758336
A1_LCD_plus_2R,18,8814,3594,4.462287750493033,19.912011968200186,157.57043,0.8029531193577889
A1_LCD_plus_2R,18,8814,3595,3.7068930177068653,13.74105584472391,59.99603,0.565785089053242
A1_LCD_plus_2R,18,8814,3596,3.693225360002234,13.639913559763627,157.40393,0.5516072950494543
A1_LCD_plus_2R,18,8814,3597,4.611127041020297,21.262492588428604,197.21219,0.6003200063102132
A1_LCD_plus_2R,18,8814,3598,4.4754940872442575,20.030047324958307,127.723526,0.7641940684600339
A1_LCD_plus_2R,18,8814,3599,3.8632889463846527,14.925001483257839,83.60601,0.1988300402117571
A1_LCD_plus_2R,18,8814,3600,3.6204244809360215,13.107473422160865,72.690765,0.6355295060327646
A1_LCD_plus_2R,18,8814,3601,5.140041042750994,26.420021921164725,237.50465,0.6243518921990863
A1_LCD_plus_2R,18,8814,3602,4.9883979021010925,24.88411362968659,246.9919,0.693029421992273
A1_LCD_plus_2R,18,8814,3603,3.408969422219034,11.62107252162437,88.544846,0.3711207928468448
A1_LCD_plus_2R,18,8814,3604,3.982978488379608,15.864117638894706,88.05167,0.5334442738042684
A1_LCD_plus_2R,18,8814,3605,3.0034206563032266,9.020535638708903,11.099049,0.2715907141484999
A1_LCD_plus_2R,18,8814,3606,3.9919712572434105,15.935834518657535,76.628265,0.31378150529167925
A1_LCD_plus_2R,18,8814,3607,3.006445265401925,9.03871313385765,26.32851,0.3410748343190581
A1_LCD_plus_2R,18,8814,3608,2.650134543768802,7.023213100076676,70.43414,0.1974850953105019
A1_LCD_plus_2R,18,8814,3609,3.2309770556595767,10.439212734198623,44.203903,0.5853917612416705
A1_LCD_plus_2R,18,8814,3610,3.094469458553041,9.57574122991755,11.201553,0.4171990470318025
A1_LCD_plus_2R,18,8814,3611,3.5040308772625215,12.278232388809156,11.974677,0.3830324020760822
A1_LCD_plus_2R,18,8814,3612,3.177979091479478,10.099551105880726,108.39504,0.4244863140224535
A1_LCD_plus_2R,18,8814,3613,3.173772008700005,10.072828763207667,33.719532,0.22529720151566224
A1_LCD_plus_2R,18,8814,3614,4.146203516976312,17.191003604186736,127.465706,0.4486487480190265
A1_LCD_plus_2R,18,8814,3615,4.945254992925141,24.45554694505103,170.58105,0.7259387839377052
A1_LCD_plus_2R,18,8814,3616,5.482833729903225,30.061465709764512,244.168,0.8887601060992855
A1_LCD_plus_2R,18,8814,3617,3.7751730998233186,14.251931933629605,77.73552,0.6749155481270743
A1_LCD_plus_2R,18,8814,3618,3.4870489942334437,12.159510688184474,59.032753,0.31204353544088836
A1_LCD_plus_2R,18,8814,3619,4.657004297335601,21.687689025402264,144.35272,0.4538888779756267
A1_LCD_plus_2R,18,8814,3620,3.5318082405136173,12.473669447759894,128.09001,0.4996013582980723
A1_LCD_plus_2R,18,8814,3621,2.543454936651302,6.469163014775878,28.584309,0.16653749405827342
A1_LCD_plus_2R,18,8814,3622,2.8708860901779576,8.24198694277728,34.69502,0.12076702189364769
A1_LCD_plus_2R,18,8814,3623,2.3569344972025372,5.555140224103376,38.318054,0.1373785299606545
A1_LCD_plus_2R,18,8814,3624,2.513784852548387,6.319114284901715,21.710793,0.0853668272259478
A1_LCD_plus_2R,18,8814,3625,2.797031504692308,7.823385238241315,37.87192,0.18217112059270874
A1_LCD_plus_2R,18,8814,3626,2.8118007584517324,7.906223505229739,34.355865,0.2584976876447319
A1_LCD_plus_2R,18,8814,3627,4.009954619608536,16.079736051319834,79.04473,0.7103084733830873
A1_LCD_plus_2R,18,8814,3628,4.091594567076447,16.741146101329495,137.30649,0.5315437777893228
A1_LCD_plus_2R,18,8814,3629,3.247799455778658,10.548201304956148,62.573,0.43925031054601
A1_LCD_plus_2R,18,8814,3630,4.493451640622781,20.191107646615563,109.71344,0.7174219259781909
A1_LCD_plus_2R,18,8814,3631,3.320351585182908,11.024734649226652,92.57454,0.49151790994734423
A1_LCD_plus_2R,18,8814,3632,2.513706888597607,6.318722321783063,1.6996137,0.30723942871024845
A1_LCD_plus_2R,18,8814,3633,2.9783874733216646,8.87079194123941,42.536217,0.28110453183394724
A1_LCD_plus_2R,18,8814,3634,3.6610819384852054,13.403520960302586,27.580534,0.25627513508954775
A1_LCD_plus_2R,18,8814,3635,3.23518028468612,10.466391474421767,83.44977,0.5076932705083923
A1_LCD_plus_2R,18,8814,3636,2.6225763836130573,6.877906887884944,51.57709,0.2721898512490235
A1_LCD_plus_2R,18,8814,3637,3.088256635896054,9.537329049156009,31.612335,0.3388878148232679
A1_LCD_plus_2R,18,8814,3638,2.708384339679703,7.335345731422263,9.990209,0.09879534987783303
A1_LCD_plus_2R,18,8814,3639,3.3259514723849772,11.061953196659797,32.978973,0.12651124354395035
A1_LCD_plus_2R,18,8814,3640,3.1320797626682078,9.809923639715738,72.16391,0.22626027781008817
A1_LCD_plus_2R,18,8814,3641,3.656284314492962,13.36841498840727,112.108986,0.505124106855867
A1_LCD_plus_2R,18,8814,3642,3.8515539881773826,14.834468123845102,72.05525,0.38264370979460915
A1_LCD_plus_2R,18,8814,3643,2.7230037317608113,7.414749323183305,17.502398,0.2570978449062623
A1_LCD_plus_2R,18,8814,3644,4.81793596567116,23.212506969307697,141.95949,0.4344321424622505
A1_LCD_plus_2R,18,8814,3645,2.796472322151944,7.820257448561883,42.757713,0.25159916893769657
A1_LCD_plus_2R,18,8814,3646,3.943762634541771,15.553263717607848,88.45327,0.27387841503253185
A1_LCD_plus_2R,18,8814,3647,2.5385961552868777,6.444470439637318,17.935415,0.149410942455563
A1_LCD_plus_2R,18,8814,3648,3.202715198350745,10.25738464174685,84.72343,0.22252490369198819
A1_LCD_plus_2R,18,8814,3649,3.454249286204092,11.931838131241477,41.931557,0.7241641856506279
A1_LCD_plus_2R,18,8814,3650,4.642022120348154,21.548369365801573,125.93181,0.3997172056854088
A1_LCD_plus_2R,18,8814,3651,4.75454261098261,22.60567543964933,152.84158,0.5456330358962302
A1_LCD_plus_2R,18,8814,3652,3.097388059789896,9.593812792929013,41.293716,0.07227985599189633
A1_LCD_plus_2R,18,8814,3653,4.814598733973551,23.18036096917972,122.806885,0.6483416971352831
A1_LCD_plus_2R,18,8814,3654,4.0596206017227505,16.480519429931785,147.5938,0.6241797955160797
A1_LCD_plus_2R,18,8814,3655,2.6077395141976814,6.800305373907957,48.320442,0.19918439187649717
A1_LCD_plus_2R,18,8814,3656,2.755312924957443,7.591749314437539,35.213966,0.19786211886132776
A1_LCD_plus_2R,18,8814,3657,2.970646140646803,8.824738492939744,73.577324,0.20696925081632833
A1_LCD_plus_2R,18,8814,3658,3.2307401304996404,10.437681790820836,93.18458,0.46340016723921523
A1_LCD_plus_2R,18,8814,3659,3.9707838657928036,15.767124508840439,72.5498,0.34806305934730963
A1_LCD_plus_2R,18,8814,3660,3.4651829999413466,12.007493223082509,55.274963,0.561729245666156
A1_LCD_plus_2R,18,8814,3661,3.5711715393639865,12.753266163563346,55.98432,0.33291699376899475
A1_LCD_plus_2R,18,8814,3662,4.553142184021953,20.731103747920198,148.19418,0.7664784285094179
A1_LCD_plus_2R,18,8814,3663,4.922833506839913,24.23428973606575,286.77277,0.7903036928815385
A1_LCD_plus_2R,18,8814,3664,4.741729571192989,22.483999326326057,105.784,0.8652744685749161
A1_LCD_plus_2R,18,8814,3665,4.028125274814254,16.22579322959741,162.38637,0.7715710978670012
A1_LCD_plus_2R,18,8814,3666,4.064077078482192,16.51672249984434,31.69943,0.17906306439042113
A1_LCD_plus_2R,18,8814,3667,3.250926819488336,10.568525185668546,61.634388,0.417837552263426
A1_LCD_plus_2R,18,8814,3668,4.2383329182461456,17.963465925888887,100.7583,0.4477388473440439
A1_LCD_plus_2R,18,8814,3669,5.0398771649050085,25.400361837330944,266.32684,0.7148134268487912
A1_LCD_plus_2R,18,8814,3670,3.2896571371634655,10.821844080090525,69.218124,0.6046121276466319
A1_LCD_plus_2R,18,8814,3671,2.628220647900206,6.90754377404898,19.827509,0.2798773756168918
A1_LCD_plus_2R,18,8814,3672,1.9955092584190146,3.9820572004360058,15.636056,0.10571181550509429
A1_LCD_plus_2R,18,8814,3673,4.2938815702627116,18.43741893944177,87.11852,0.2902035479110225
A1_LCD_plus_2R,18,8814,3674,2.558353998945291,6.545175183919362,4.906477,0.2770516890529774
A1_LCD_plus_2R,18,8814,3675,2.6773749774979656,7.168336770132231,25.13617,0.19968320970125158
A1_LCD_plus_2R,18,8814,3676,4.115290493297714,16.935615844226533,169.80504,0.5579498443124591
A1_LCD_plus_2R,18,8814,3677,2.9720333374765984,8.832982159072287,18.481644,0.2089506908188963
A1_LCD_plus_2R,18,8814,3678,2.773099950604496,7.690083336042657,68.526184,0.08535490679333678
A1_LCD_plus_2R,18,8814,3679,3.0479343515144457,9.289903811141786,50.560375,0.3311323959108802
A1_LCD_plus_2R,18,8814,3680,5.614388662584733,31.521360054559985,198.87285,0.6722430618574617
A1_LCD_plus_2R,18,8814,3681,2.6331346538306915,6.933398105204074,79.10171,0.34732732488480894
A1_LCD_plus_2R,18,8814,3682,2.4698594501708966,6.100205703598484,10.698899,0.06303395598090747
A1_LCD_plus_2R,18,8814,3683,3.128993117854649,9.790597931581758,83.05998,0.23283957630412946
A1_LCD_plus_2R,18,8814,3684,2.7797701507509474,7.727122091005944,46.274612,0.21349716730278295
A1_LCD_plus_2R,18,8814,3685,2.501796920286676,6.258987830355897,4.977335,0.17647910435268127
A1_LCD_plus_2R,18,8814,3686,3.3569627775658395,11.269199089962555,31.144314,0.1653733039659353
A1_LCD_plus_2R,18,8814,3687,2.6679054602313945,7.117719544732488,17.110828,0.2628893532625101
A1_LCD_plus_2R,18,8814,3688,2.8821365246202997,8.306710946550382,6.2100677,0.5923418803849865
A1_LCD_plus_2R,18,8814,3689,3.539580853113312,12.528632615726357,161.36887,0.5434914076099966
A1_LCD_plus_2R,18,8814,3690,3.1489503462946216,9.915888283429016,27.310276,0.40802117248813496
A1_LCD_plus_2R,18,8814,3691,2.8662625711638756,8.21546112685495,42.396606,0.42722854093490353
A1_LCD_plus_2R,18,8814,3692,3.1526887194231974,9.93944616157828,48.878838,0.2581431621981256
A1_LCD_plus_2R,18,8814,3693,3.2375644261884724,10.481823413721091,27.375984,0.37029327403348034
A1_LCD_plus_2R,18,8814,3694,3.382163224460485,11.439028076892946,19.771505,0.272795840554103
A1_LCD_plus_2R,18,8814,3695,3.797339220400521,14.419785154792033,57.455025,0.40811989622827693
A1_LCD_plus_2R,18,8814,3696,2.814642083544186,7.922210058457956,37.44133,0.23148671883600153
A1_LCD_plus_2R,18,8814,3697,3.1368923872153434,9.840093848969575,46.16075,0.3071185562016991
A1_LCD_plus_2R,18,8814,3698,3.0695994979677885,9.422441077924102,78.72228,0.27766238785858993
A1_LCD_plus_2R,18,8814,3699,2.9880200397146295,8.928263757736216,43.24478,0.12819653812935583
A1_LCD_plus_2R,18,8814,3700,2.151649440657434,4.62959531548145,34.205715,0.020918323766089413
A1_LCD_plus_2R,18,8814,3701,3.725538976732011,13.879640667149399,83.585045,0.3595298924326578
A1_LCD_plus_2R,18,8814,3702,4.618518996372497,21.330717719853613,155.8154,0.5051133621552548
A1_LCD_plus_2R,18,8814,3703,3.2357164743776083,10.469861102558658,59.428288,0.32836519901986394
A1_LCD_plus_2R,18,8814,3704,3.1425152292995913,9.875401966379863,49.637688,0.224983376956773
A1_LCD_plus_2R,18,8814,3705,3.639949401611443,13.249231646291502,112.85148,0.543311717075702
A1_LCD_plus_2R,18,8814,3706,3.522962550933548,12.411265135280207,43.187885,0.5534048090079946
A1_LCD_plus_2R,18,8814,3707,4.427121831470537,19.599407710683046,111.75502,0.4010074843853737
A1_LCD_plus_2R,18,8814,3708,4.159653212633042,17.30271484936839,154.44424,0.5736278797913918
A1_LCD_plus_2R,18,8814,3709,4.519782707690305,20.428435724736296,126.13641,0.7798434051982239
A1_LCD_plus_2R,18,8814,3710,3.633297692171428,13.200852119938222,87.8746,0.35233467610173
A1_LCD_plus_2R,18,8814,3711,3.8074614726330953,14.496762865585383,60.34022,0.544789027640537
A1_LCD_plus_2R,18,8814,3712,4.306882998927039,18.549241166446766,157.53613,0.6599295854410467
A1_LCD_plus_2R,18,8814,3713,6.005317261450854,36.06383541067957,329.3032,0.8974531982504869
A1_LCD_plus_2R,18,8814,3714,4.887177861964334,23.88450745447429,263.0196,0.5020772582022802
A1_LCD_plus_2R,18,8814,3715,3.895848268209572,15.177633728911518,129.82907,0.3403201573441569
A1_LCD_plus_2R,18,8814,3716,2.462327855820266,6.063058469548429,17.299507,0.19434803637354722
A1_LCD_plus_2R,18,8814,3717,3.020087242461116,9.120926952076385,12.613904,0.24134844643670145
A1_LCD_plus_2R,18,8814,3718,2.621680423278123,6.873208241799757,17.979715,0.30857401567097764
A1_LCD_plus_2R,18,8814,3719,3.7395345686715444,13.98411879028947,48.67412,0.38711730356085006
A1_LCD_plus_2R,18,8814,3720,3.587548549789288,12.870504597095216,67.93091,0.3854010429249417
A1_LCD_plus_2R,18,8814,3721,2.8988027191151393,8.403057204349329,15.842418,0.21665159915141408
A1_LCD_plus_2R,18,8814,3722,2.2937825182056675,5.2614382408259335,40.191544,0.07320302114177324
A1_LCD_plus_2R,18,8814,3723,3.4807690506329942,12.115753183844511,68.9849,0.2622184425013551
A1_LCD_plus_2R,18,8814,3724,4.5296982448803895,20.518166189672478,134.26071,0.6886412937621508
A1_LCD_plus_2R,18,8814,3725,4.919709995981995,24.20354644456515,114.834175,0.5257534623315941
A1_LCD_plus_2R,18,8814,3726,3.377044597262897,11.404430211902524,50.47416,0.38018500941711775
A1_LCD_plus_2R,18,8814,3727,4.569113408182989,20.876797336837573,157.40027,0.8047766169703245
A1_LCD_plus_2R,18,8814,3728,3.7899776124611435,14.363930302956666,77.728546,0.2890300878990808
A1_LCD_plus_2R,18,8814,3729,4.597198409450775,21.13423321585674,182.29118,0.6422981149374187
A1_LCD_plus_2R,18,8814,3730,4.609354488442795,21.24614880012774,117.768616,0.7289522771425215
A1_LCD_plus_2R,18,8814,3731,3.8913929977919732,15.142939463264394,93.112595,0.5910672974432987
A1_LCD_plus_2R,18,8814,3732,2.850813959533346,8.127140231870195,42.110172,0.4021732535172845
A1_LCD_plus_2R,18,8814,3733,3.9286318161485467,15.43414794685463,129.6857,0.5353093191971309
A1_LCD_plus_2R,18,8814,3734,3.904078740208451,15.241830809747603,108.5853,0.4252284617809089
A1_LCD_plus_2R,18,8814,3735,3.3822496803597164,11.439612900293403,86.154816,0.7009397824197878
A1_LCD_plus_2R,18,8814,3736,4.244627167403849,18.01685979026283,212.91293,0.7597154181650889
A1_LCD_plus_2R,18,8814,3737,3.2293277573243806,10.428557764225715,27.016678,0.48439740747031235
A1_LCD_plus_2R,18,8814,3738,3.8581165142725946,14.885063037702919,44.546932,0.49019173457343546
A1_LCD_plus_2R,18,8814,3739,4.943277149551804,24.43598897728101,217.66415,0.8181922057328204
A1_LCD_plus_2R,18,8814,3740,3.6037873484009038,12.987283252494422,48.72668,0.35022336334413673
A1_LCD_plus_2R,18,8814,3741,3.4687794443392588,12.032430833470576,45.71544,0.3272595878261677
A1_LCD_plus_2R,18,8814,3742,2.808646872934559,7.888497256845076,11.507313,0.4358303447023162
A1_LCD_plus_2R,18,8814,3743,2.655703163655516,7.052759293449918,34.70503,0.2649642054718862
A1_LCD_plus_2R,18,8814,3744,2.6541363884953726,7.044439968735259,40.456814,0.07469236144990739
A1_LCD_plus_2R,18,8814,3745,2.9316818209041307,8.594758299019759,12.977563,0.49700707257766064
A1_LCD_plus_2R,18,8814,3746,3.8423923250327197,14.763978779470348,23.633883,0.4201182445794056
A1_LCD_plus_2R,18,8814,3747,4.630364999357111,21.440280027271385,153.29279,0.852421727716375
A1_LCD_plus_2R,18,8814,3748,3.717013442161567,13.81618892920978,132.63062,0.599866675131933
A1_LCD_plus_2R,18,8814,3749,3.521407618695963,12.400311617009972,101.3028,0.5779650495105277
