sequence_name,task_id,seed,frame,rg,rg_sq,ree_sq,asphericity
A1_LCD_aro_plus_,14,2459,0,2.645245695287253,6.9973247884357415,35.759933,0.16527366759631598
A1_LCD_aro_plus_,14,2459,1,3.7269032773753,13.889808038910752,81.291626,0.5511856345787843
A1_LCD_aro_plus_,14,2459,2,2.9608795362477336,8.766807628170593,60.98695,0.5506974946780214
A1_LCD_aro_plus_,14,2459,3,2.279223685569759,5.194860608862197,64.15358,0.4052860981838363
A1_LCD_aro_plus_,14,2459,4,2.8381978086524824,8.055366801039753,65.541985,0.2135134707096716
A1_LCD_aro_plus_,14,2459,5,3.2376885490618648,10.482627140726324,16.25679,0.35009635104103765
A1_LCD_aro_plus_,14,2459,6,3.3606386108951227,11.293891873039097,28.929413,0.40733052215464516
A1_LCD_aro_plus_,14,2459,7,2.955593956464585,8.73553563548998,32.393112,0.25094871235502764
A1_LCD_aro_plus_,14,2459,8,3.4294518980164814,11.761140320808844,74.23346,0.25051981434584203
A1_LCD_aro_plus_,14,2459,9,4.06611272462643,16.533272689368975,87.78678,0.4855227768621593
A1_LCD_aro_plus_,14,2459,10,3.1262601430324084,9.773502481913011,93.79912,0.3159544114507232
A1_LCD_aro_plus_,14,2459,11,3.3659634692559757,11.329710076365725,64.65793,0.2331679578968774
A1_LCD_aro_plus_,14,2459,12,3.441294348896211,11.842506795744999,85.5056,0.5060720318851879
A1_LCD_aro_plus_,14,2459,13,3.7589623508659185,14.129797955227433,151.59412,0.7343523234802729
A1_LCD_aro_plus_,14,2459,14,3.513445205027579,12.34429720873129,95.13581,0.6004139992754461
A1_LCD_aro_plus_,14,2459,15,2.490280229131997,6.201495619605712,15.524004,0.10566534404475726
A1_LCD_aro_plus_,14,2459,16,2.399910135182352,5.759568656950977,31.248182,0.21515969572413912
A1_LCD_aro_plus_,14,2459,17,3.1435286900989525,9.881772625475234,52.315895,0.18162144894801824
A1_LCD_aro_plus_,14,2459,18,2.8600653427530056,8.17997376481687,9.449208,0.4713694457391516
A1_LCD_aro_plus_,14,2459,19,3.0640977837689674,9.388695228497898,12.407518,0.406228950078393
A1_LCD_aro_plus_,14,2459,20,2.697772094809574,7.277974275533237,13.949397,0.20156891265018323
A1_LCD_aro_plus_,14,2459,21,4.790575448008392,22.9496131230608,125.60326,0.4282277492206659
A1_LCD_aro_plus_,14,2459,22,3.784127135245125,14.319618175698478,108.51568,0.46502881436299254
A1_LCD_aro_plus_,14,2459,23,4.202614735301252,17.66197061337122,105.612976,0.3077692824140494
A1_LCD_aro_plus_,14,2459,24,2.3429954000055564,5.489627444447198,36.447258,0.1955650117695107
A1_LCD_aro_plus_,14,2459,25,2.8562309484582094,8.158055230930483,41.34361,0.40102376230816184
A1_LCD_aro_plus_,14,2459,26,2.788232868465664,7.774242528792265,23.830967,0.20490369199907432
A1_LCD_aro_plus_,14,2459,27,2.7960926072015786,7.818133868047319,32.757896,0.15328338718725276
A1_LCD_aro_plus_,14,2459,28,2.977447476610606,8.865193475974863,40.631287,0.4629064684131819
A1_LCD_aro_plus_,14,2459,29,4.846093113866946,23.48461846826863,124.68112,0.7095612467156506
A1_LCD_aro_plus_,14,2459,30,3.8852171771841726,15.09491251388695,163.82037,0.5953991398789229
A1_LCD_aro_plus_,14,2459,31,4.90186384257079,24.028269131102867,101.88526,0.45972958073069026
A1_LCD_aro_plus_,14,2459,32,2.8624671560031096,8.193718219196528,3.248014,0.2918470206794946
A1_LCD_aro_plus_,14,2459,33,2.357696991157821,5.5587351021146425,37.929234,0.13325801517620686
A1_LCD_aro_plus_,14,2459,34,2.8699648482649764,8.236698230276609,23.563416,0.17940653567299658
A1_LCD_aro_plus_,14,2459,35,3.230103274802922,10.433567165892562,92.64573,0.4924891084184334
A1_LCD_aro_plus_,14,2459,36,4.552621010500986,20.72635806525502,122.42446,0.5781884945112491
A1_LCD_aro_plus_,14,2459,37,2.7414713916580977,7.515665391279788,53.21962,0.2972297488054975
A1_LCD_aro_plus_,14,2459,38,3.4209120978897505,11.702639581488455,53.755142,0.5573923208610643
A1_LCD_aro_plus_,14,2459,39,3.1184389851712804,9.724661704236084,77.6075,0.4081853932835259
A1_LCD_aro_plus_,14,2459,40,2.985592232618023,8.91376097946907,47.39424,0.20342646819781707
A1_LCD_aro_plus_,14,2459,41,2.690613009123811,7.239398364866288,74.17639,0.2140031017607062
A1_LCD_aro_plus_,14,2459,42,2.563830284921355,6.573225729879916,16.418371,0.18277403807396678
A1_LCD_aro_plus_,14,2459,43,2.9749604205014664,8.85038950355026,21.878574,0.3945361935587708
A1_LCD_aro_plus_,14,2459,44,3.9470333142592366,15.579071983872252,113.675446,0.6336333450595815
A1_LCD_aro_plus_,14,2459,45,2.719460786745447,7.395466970646163,33.35955,0.33292346049850574
A1_LCD_aro_plus_,14,2459,46,3.646807531785171,13.29920517388505,57.540607,0.2936620107516752
A1_LCD_aro_plus_,14,2459,47,3.048206671317753,9.291563911066056,126.83051,0.46286889549752197
A1_LCD_aro_plus_,14,2459,48,2.7946378898338566,7.81000093529503,15.243993,0.23120725376037396
A1_LCD_aro_plus_,14,2459,49,2.9016237918663585,8.419420629524906,62.62336,0.2545503075392939
A1_LCD_aro_plus_,14,2459,50,3.180549684617472,10.1158962963203,133.69228,0.581836030778074
A1_LCD_aro_plus_,14,2459,51,4.646539252285275,21.5903270230278,198.16858,0.7924482289650359
A1_LCD_aro_plus_,14,2459,52,4.5438337390295755,20.646425047943502,195.97548,0.5858590918517125
A1_LCD_aro_plus_,14,2459,53,2.972480485196466,8.835640234873816,30.76881,0.2166016815665674
A1_LCD_aro_plus_,14,2459,54,2.6935476784935535,7.255199096318012,20.633661,0.4270674983876528
A1_LCD_aro_plus_,14,2459,55,3.412676053301104,11.646357844774792,10.718727,0.2497040091543256
A1_LCD_aro_plus_,14,2459,56,3.1736001303384374,10.071737787284146,47.362183,0.3675268414849786
A1_LCD_aro_plus_,14,2459,57,4.8567928946118135,23.588437221151793,281.46198,0.7508262638992234
A1_LCD_aro_plus_,14,2459,58,3.6095123303261887,13.028579262776793,86.941895,0.547317066905153
A1_LCD_aro_plus_,14,2459,59,2.461932540857183,6.061111835731504,37.60502,0.21988712920692155
A1_LCD_aro_plus_,14,2459,60,2.590923182637515,6.71288293832851,20.624588,0.2719195829820596
A1_LCD_aro_plus_,14,2459,61,3.695363495390014,13.655711363061098,79.167725,0.4760618962530117
A1_LCD_aro_plus_,14,2459,62,3.4575310940356645,11.954521266223459,84.90759,0.3734713270199215
A1_LCD_aro_plus_,14,2459,63,2.59388304124015,6.7282292316332475,16.79495,0.2865880824985107
A1_LCD_aro_plus_,14,2459,64,3.063130024812983,9.382765548910786,18.289547,0.56125193867067
A1_LCD_aro_plus_,14,2459,65,3.44857729264687,11.892685343359615,42.84415,0.48667811494622665
A1_LCD_aro_plus_,14,2459,66,2.4588421749586744,6.045904841355505,4.1033125,0.08157648278869395
A1_LCD_aro_plus_,14,2459,67,2.8200331342790057,7.952586878431471,85.273705,0.23918159874863826
A1_LCD_aro_plus_,14,2459,68,3.5094327344385756,12.316118117549015,61.977043,0.177643728460907
A1_LCD_aro_plus_,14,2459,69,3.6107851567469695,13.037769448184239,149.9881,0.6205504670184161
A1_LCD_aro_plus_,14,2459,70,3.3276991144126296,11.073581396062599,36.446274,0.424976335640074
A1_LCD_aro_plus_,14,2459,71,4.418186686171463,19.520373593862782,168.61484,0.7341830222309216
A1_LCD_aro_plus_,14,2459,72,3.814257893092072,14.548563275015173,151.78181,0.3641304911910203
A1_LCD_aro_plus_,14,2459,73,3.4006313242960555,11.564293403783543,40.67891,0.2801908242917031
A1_LCD_aro_plus_,14,2459,74,3.8688134193299577,14.96771727358756,95.51626,0.6258661234591195
A1_LCD_aro_plus_,14,2459,75,3.537666173197921,12.515081952988828,118.97566,0.6797853320643853
A1_LCD_aro_plus_,14,2459,76,4.379374012880025,19.1789167446889,135.79869,0.7586692883727351
A1_LCD_aro_plus_,14,2459,77,4.602519950508734,21.183189894830917,163.5139,0.546580502759225
A1_LCD_aro_plus_,14,2459,78,2.713332101556664,7.362171093337901,12.223679,0.403663299545556
A1_LCD_aro_plus_,14,2459,79,2.547581425498757,6.490171119546279,21.817383,0.1942740946814273
A1_LCD_aro_plus_,14,2459,80,2.8408980724356923,8.070701857968832,20.946672,0.27084468720441307
A1_LCD_aro_plus_,14,2459,81,4.303846108414589,18.523091324915402,176.66249,0.7152949688737971
A1_LCD_aro_plus_,14,2459,82,3.8149633631985664,14.553945462547325,66.387375,0.3574267439734996
A1_LCD_aro_plus_,14,2459,83,4.658615279803269,21.70269632521649,133.2953,0.8355623477446805
A1_LCD_aro_plus_,14,2459,84,2.6838806157964608,7.203215159847988,8.069664,0.17291388295853297
A1_LCD_aro_plus_,14,2459,85,2.5296767088346126,6.399264251220317,27.520716,0.23464102562928965
A1_LCD_aro_plus_,14,2459,86,2.85489796392689,8.150442384433903,30.813967,0.2799666731672817
A1_LCD_aro_plus_,14,2459,87,2.7252888866651257,7.427199515780442,25.114159,0.10782464421261778
A1_LCD_aro_plus_,14,2459,88,4.27636926749085,18.28733411194023,81.672325,0.4897934923684565
A1_LCD_aro_plus_,14,2459,89,3.3772181443262412,11.405602394366381,132.13852,0.4502244819550291
A1_LCD_aro_plus_,14,2459,90,4.476633780348788,20.04025000335988,189.08485,0.5196216489542818
A1_LCD_aro_plus_,14,2459,91,3.197391409905867,10.223311828139824,46.167328,0.4544005090025325
A1_LCD_aro_plus_,14,2459,92,3.0177592181282296,9.106870698597906,34.839264,0.23086758155840154
A1_LCD_aro_plus_,14,2459,93,2.807191691315622,7.880325191791462,3.856935,0.5617496728334773
A1_LCD_aro_plus_,14,2459,94,3.638344893299858,13.237553562601157,64.11993,0.258548373876194
A1_LCD_aro_plus_,14,2459,95,3.8359402854445372,14.714437873496315,26.158436,0.552136227386335
A1_LCD_aro_plus_,14,2459,96,3.074361374478307,9.451697860884149,23.951437,0.4997090560130584
A1_LCD_aro_plus_,14,2459,97,4.544573943371913,20.653152326774933,188.96553,0.6106820333442827
A1_LCD_aro_plus_,14,2459,98,4.501187693925236,20.26069065594399,119.881966,0.5475126912067486
A1_LCD_aro_plus_,14,2459,99,2.190826149690475,4.799719218167592,5.1288843,0.21379717032164652
A1_LCD_aro_plus_,14,2459,100,2.7966767432436623,7.821400806199975,22.029995,0.4537879080903922
A1_LCD_aro_plus_,14,2459,101,3.2887431478462057,10.815831492505367,56.544327,0.3914530542465189
A1_LCD_aro_plus_,14,2459,102,3.0521253401605613,9.315469092050218,135.10585,0.3872841972538651
A1_LCD_aro_plus_,14,2459,103,3.0605664568085547,9.367067036541671,65.39202,0.3650589169316081
A1_LCD_aro_plus_,14,2459,104,2.625201612151116,6.89168350444082,23.932602,0.25628257253531095
A1_LCD_aro_plus_,14,2459,105,3.529001024354071,12.453848229892085,33.234375,0.668352852245653
A1_LCD_aro_plus_,14,2459,106,3.686180477545316,13.587926513036212,99.772446,0.6092426538322729
A1_LCD_aro_plus_,14,2459,107,5.155909846228806,26.58340634243915,174.94005,0.6124135349090204
A1_LCD_aro_plus_,14,2459,108,4.0493304093682,16.397076764234033,145.75374,0.7210345043296414
A1_LCD_aro_plus_,14,2459,109,3.0934239350461725,9.569271641916545,42.572723,0.2290222736447994
A1_LCD_aro_plus_,14,2459,110,2.731989400747803,7.4637660857983406,32.738197,0.24666789657316646
A1_LCD_aro_plus_,14,2459,111,2.666289222111025,7.109098215945414,75.04572,0.3600424790576884
A1_LCD_aro_plus_,14,2459,112,5.135439312063752,26.372736927889818,285.7625,0.7366840860434086
A1_LCD_aro_plus_,14,2459,113,3.2847364670384382,10.789493657892162,76.879196,0.5574270295205996
A1_LCD_aro_plus_,14,2459,114,3.729161819053357,13.906647872685339,83.99107,0.6706211063979253
A1_LCD_aro_plus_,14,2459,115,3.837568344706554,14.726930800293804,98.1151,0.546166153457562
A1_LCD_aro_plus_,14,2459,116,4.18758804374129,17.535893624085,91.55067,0.7701604797368802
A1_LCD_aro_plus_,14,2459,117,3.5075204660999897,12.302699820110291,133.21375,0.6453576234975811
A1_LCD_aro_plus_,14,2459,118,3.727875405717838,13.897055040555944,64.72894,0.45733423132566686
A1_LCD_aro_plus_,14,2459,119,3.7072657066714454,13.743819019862128,122.82944,0.5712653913891961
A1_LCD_aro_plus_,14,2459,120,3.112707156734485,9.688945843586078,49.64195,0.3902958252664601
A1_LCD_aro_plus_,14,2459,121,2.7581657645595445,7.607478384788338,31.665783,0.16255871080945883
A1_LCD_aro_plus_,14,2459,122,4.562968948578062,20.82068562568759,113.76275,0.8123338368616648
A1_LCD_aro_plus_,14,2459,123,3.5168941240927176,12.368544280077883,6.096631,0.3208770799651403
A1_LCD_aro_plus_,14,2459,124,3.771475378674728,14.224026531949685,110.23868,0.48009266925715544
A1_LCD_aro_plus_,14,2459,125,3.536321032562328,12.505566445342692,77.27433,0.7089341545502403
A1_LCD_aro_plus_,14,2459,126,4.106560923682501,16.863842619916074,135.99117,0.7617804559791687
A1_LCD_aro_plus_,14,2459,127,4.165002159472621,17.347242988411598,107.2259,0.6697407627451851
A1_LCD_aro_plus_,14,2459,128,3.588037580365946,12.874013678118311,74.3451,0.3884279532290419
A1_LCD_aro_plus_,14,2459,129,2.5883904642452698,6.699765195395843,27.189362,0.1811231504187831
A1_LCD_aro_plus_,14,2459,130,3.1384752377624836,9.85002681804828,54.765842,0.319022031265376
A1_LCD_aro_plus_,14,2459,131,5.417895488880561,29.353591528432325,150.1851,0.6144828286174323
A1_LCD_aro_plus_,14,2459,132,3.362886129656866,11.309003121038538,47.371925,0.5882668405654837
A1_LCD_aro_plus_,14,2459,133,3.0628733109587993,9.381192918983714,19.133461,0.39255964159917367
A1_LCD_aro_plus_,14,2459,134,4.644563915759819,21.571973967578185,122.770386,0.49954589394430504
A1_LCD_aro_plus_,14,2459,135,4.111950525763234,16.908137126324537,107.64989,0.6563045748704498
A1_LCD_aro_plus_,14,2459,136,3.636214789106706,13.22205799251833,27.688814,0.5506356358865232
A1_LCD_aro_plus_,14,2459,137,2.918318167389409,8.51658092611508,71.599945,0.26643046627360967
A1_LCD_aro_plus_,14,2459,138,3.0061024086757335,9.036651691446046,57.10794,0.3843222180716949
A1_LCD_aro_plus_,14,2459,139,3.717503660960972,13.81983346925823,88.886635,0.5016332631262387
A1_LCD_aro_plus_,14,2459,140,3.2147157870550034,10.33439759154067,121.07081,0.3016333815677476
A1_LCD_aro_plus_,14,2459,141,2.5264656179952576,6.383028518912156,7.1000257,0.28062943893459813
A1_LCD_aro_plus_,14,2459,142,3.7431897654901283,14.011469620470038,103.875,0.39713207277701956
A1_LCD_aro_plus_,14,2459,143,3.542964041007302,12.55259419587079,26.102983,0.3588127466381954
A1_LCD_aro_plus_,14,2459,144,3.9160392237731494,15.335363202129809,109.63304,0.3203872230540516
A1_LCD_aro_plus_,14,2459,145,3.4300607312465665,11.765316620039734,64.02701,0.1996857789520968
A1_LCD_aro_plus_,14,2459,146,3.3432275533937346,11.177170473771056,37.615566,0.5581896860479225
A1_LCD_aro_plus_,14,2459,147,4.446044366649164,19.76731051021277,118.31371,0.7733489969076621
A1_LCD_aro_plus_,14,2459,148,2.7197195105722174,7.396874216187181,28.55801,0.5315509472367663
A1_LCD_aro_plus_,14,2459,149,3.1586182415764585,9.97686919601956,86.1669,0.20530006096892453
A1_LCD_aro_plus_,14,2459,150,3.6040850887591667,12.98942932701617,64.87041,0.35214352303570406
A1_LCD_aro_plus_,14,2459,151,4.486557903495558,20.129201821418462,56.671734,0.3756509363906794
A1_LCD_aro_plus_,14,2459,152,3.4360789257663136,11.806638384095384,91.34627,0.4002804048025439
A1_LCD_aro_plus_,14,2459,153,3.7322625610446587,13.929783824575631,98.66582,0.6332777684638884
A1_LCD_aro_plus_,14,2459,154,2.8889685100280094,8.34613905193346,42.321148,0.13386316041974833
A1_LCD_aro_plus_,14,2459,155,3.301515088120565,10.90000187708774,54.897755,0.696138566188721
A1_LCD_aro_plus_,14,2459,156,4.088532709857629,16.716099719575773,123.19747,0.5151863886032974
A1_LCD_aro_plus_,14,2459,157,3.5360224072467115,12.503454464550828,79.056625,0.5176677544317408
A1_LCD_aro_plus_,14,2459,158,3.946252056021014,15.572905289650079,54.148865,0.5004230714807656
A1_LCD_aro_plus_,14,2459,159,4.021099599941941,16.169241992653237,114.08267,0.5599093712274165
A1_LCD_aro_plus_,14,2459,160,2.773866700407548,7.694336471629855,24.284508,0.34733084323598673
A1_LCD_aro_plus_,14,2459,161,3.266149160811399,10.667730340669005,55.228844,0.2669405469465535
A1_LCD_aro_plus_,14,2459,162,4.6971660301097815,22.06336871441729,171.5406,0.7583288067874312
A1_LCD_aro_plus_,14,2459,163,3.703069645169286,13.712724796974184,45.951767,0.6524743368142311
A1_LCD_aro_plus_,14,2459,164,4.565117331982286,20.840296254765065,201.75528,0.656262456461308
A1_LCD_aro_plus_,14,2459,165,5.696253038162944,32.447298674780576,308.98697,0.7399814858060414
A1_LCD_aro_plus_,14,2459,166,4.062698244358592,16.505517024714386,118.433685,0.6484755241378904
A1_LCD_aro_plus_,14,2459,167,3.93084890934963,15.451573148135173,191.15826,0.7185950098330859
A1_LCD_aro_plus_,14,2459,168,3.2086028212604165,10.295132064600304,19.043282,0.45149386222833315
A1_LCD_aro_plus_,14,2459,169,3.688798899575181,13.607237321507066,48.600285,0.43303811441859585
A1_LCD_aro_plus_,14,2459,170,4.029332170270976,16.235517738380608,86.25556,0.39875906583079446
A1_LCD_aro_plus_,14,2459,171,3.2855053253989754,10.794545243225025,96.85811,0.6463045730063115
A1_LCD_aro_plus_,14,2459,172,2.78285975202699,7.744308399451723,24.743923,0.32093956124776385
A1_LCD_aro_plus_,14,2459,173,4.221267207303434,17.81909683545533,132.38452,0.6453735594223846
A1_LCD_aro_plus_,14,2459,174,4.792747586513964,22.97042942803543,184.89877,0.6259423504823368
A1_LCD_aro_plus_,14,2459,175,6.003304259995745,36.03966203808305,312.3516,0.733023159662984
A1_LCD_aro_plus_,14,2459,176,3.9405750930833428,15.528132064228794,182.8374,0.49772488690085304
A1_LCD_aro_plus_,14,2459,177,2.757792214588888,7.605417898847085,24.929136,0.3572497094287925
A1_LCD_aro_plus_,14,2459,178,2.8455297923833522,8.097039799341243,99.082245,0.4535093374045722
A1_LCD_aro_plus_,14,2459,179,2.3928002468045766,5.725493021108042,23.305008,0.15734473063069995
A1_LCD_aro_plus_,14,2459,180,4.446402423730074,19.770494513752684,98.71355,0.662849666384191
A1_LCD_aro_plus_,14,2459,181,4.6754806577597074,21.860119381085145,98.28163,0.6708038581502954
A1_LCD_aro_plus_,14,2459,182,3.616198828668646,13.076893968464486,101.558136,0.6621024589661036
A1_LCD_aro_plus_,14,2459,183,5.483846821677016,30.072575963617112,303.75696,0.885291039487452
A1_LCD_aro_plus_,14,2459,184,4.016606516617698,16.13312790933576,23.364927,0.6472964121390765
A1_LCD_aro_plus_,14,2459,185,3.8811772163622353,15.063536584809308,148.52025,0.6318247779755888
A1_LCD_aro_plus_,14,2459,186,4.616273878085817,21.30998451749747,132.5077,0.4747823278030825
A1_LCD_aro_plus_,14,2459,187,3.512566136253504,12.338120861554868,78.072014,0.4325950977513693
A1_LCD_aro_plus_,14,2459,188,4.308713642791704,18.56501325557936,127.61778,0.524701731303869
A1_LCD_aro_plus_,14,2459,189,2.444324654133557,5.974723014805131,59.902016,0.227624396809131
A1_LCD_aro_plus_,14,2459,190,3.4780764461431803,12.097015765215975,40.95884,0.4004685232315507
A1_LCD_aro_plus_,14,2459,191,4.006587151946055,16.0527406061392,159.8176,0.5060325703950557
A1_LCD_aro_plus_,14,2459,192,2.9901692057055476,8.941111878749746,85.677284,0.31678012339787426
A1_LCD_aro_plus_,14,2459,193,3.0504141199341563,9.305026303093674,53.451694,0.36083691140535
A1_LCD_aro_plus_,14,2459,194,3.1628907563866884,10.003877936836357,62.898365,0.5164014027397393
A1_LCD_aro_plus_,14,2459,195,3.6676455216281116,13.451623672318743,93.94731,0.5811340914217973
A1_LCD_aro_plus_,14,2459,196,2.4621385294794464,6.062126138347211,29.856266,0.3037095516162151
A1_LCD_aro_plus_,14,2459,197,1.96758793052922,3.8714022643642587,11.317642,0.11223311720149656
A1_LCD_aro_plus_,14,2459,198,2.9595836644443247,8.759135466845697,6.780484,0.22431738138387855
A1_LCD_aro_plus_,14,2459,199,3.764424519852267,14.170891965664968,45.432228,0.6481812291507316
A1_LCD_aro_plus_,14,2459,200,3.1976235257429564,10.224796212384815,70.36855,0.4850400006119188
A1_LCD_aro_plus_,14,2459,201,3.164881826682622,10.016476976865931,72.46977,0.6164153633855863
A1_LCD_aro_plus_,14,2459,202,3.5805536835032212,12.820364680448485,143.84613,0.6483837244057525
A1_LCD_aro_plus_,14,2459,203,3.5078929256033335,12.305312777497916,107.74643,0.5589774461684298
A1_LCD_aro_plus_,14,2459,204,3.975752645276538,15.806609096423392,158.75531,0.5691274354883273
A1_LCD_aro_plus_,14,2459,205,3.0280300394580917,9.168965919860574,67.26984,0.40518161538330333
A1_LCD_aro_plus_,14,2459,206,2.2796361282633923,5.196740877283712,26.3007,0.3296004507066366
A1_LCD_aro_plus_,14,2459,207,3.0771785564531617,9.469027868295166,29.487154,0.2012586522518447
A1_LCD_aro_plus_,14,2459,208,3.435900916856999,11.805415110458766,50.304085,0.23728229010787882
A1_LCD_aro_plus_,14,2459,209,2.8333657016896616,8.027961199511346,19.442154,0.2736858039369322
A1_LCD_aro_plus_,14,2459,210,2.751726047073192,7.571996238141057,27.556105,0.22282087754808122
A1_LCD_aro_plus_,14,2459,211,2.9533380002220935,8.722205343555835,63.357548,0.23454792403171712
A1_LCD_aro_plus_,14,2459,212,2.8639772051799177,8.202365431790172,48.65696,0.3106594837608603
A1_LCD_aro_plus_,14,2459,213,2.963042167460465,8.779618886148807,40.47599,0.27445987784207204
A1_LCD_aro_plus_,14,2459,214,3.910026401202898,15.288306458103687,136.69537,0.4038028963049304
A1_LCD_aro_plus_,14,2459,215,3.4081558024790914,11.6155259739719,49.121735,0.5803691894615829
A1_LCD_aro_plus_,14,2459,216,2.7651797430937584,7.646219011616065,11.488241,0.18036624294667852
A1_LCD_aro_plus_,14,2459,217,4.192500253774603,17.57705837790011,139.53386,0.5649224626231397
A1_LCD_aro_plus_,14,2459,218,3.775264881382384,14.252624924599145,135.40727,0.6517773558469058
A1_LCD_aro_plus_,14,2459,219,4.196557745789705,17.61109691374757,115.37586,0.5596884275723055
A1_LCD_aro_plus_,14,2459,220,2.677868454846831,7.170979461463753,39.318817,0.47872885259915293
A1_LCD_aro_plus_,14,2459,221,4.053954147213991,16.434544227713516,109.696365,0.5914244739224422
A1_LCD_aro_plus_,14,2459,222,3.5549191213231497,12.637449959148956,10.996082,0.274837419032047
A1_LCD_aro_plus_,14,2459,223,4.279919449039082,18.317710490262996,167.75735,0.7155065022896971
A1_LCD_aro_plus_,14,2459,224,3.2337942213034587,10.45742506573564,114.640755,0.468972815191637
A1_LCD_aro_plus_,14,2459,225,4.98672990690912,24.867475164461833,148.06248,0.7177467002752774
A1_LCD_aro_plus_,14,2459,226,4.288790596703215,18.393724782369922,122.05072,0.7047307449524663
A1_LCD_aro_plus_,14,2459,227,4.15988080421929,17.30460830531212,150.19058,0.7328940990329493
A1_LCD_aro_plus_,14,2459,228,3.7116993726338343,13.776712232810398,115.59077,0.655413354400775
A1_LCD_aro_plus_,14,2459,229,3.4091402749674526,11.62223741440516,26.445574,0.42298283211965537
A1_LCD_aro_plus_,14,2459,230,2.714056943256922,7.36610509124111,22.861721,0.33872430581323554
A1_LCD_aro_plus_,14,2459,231,2.6318219157817473,6.926486596389107,31.788097,0.21386650284334263
A1_LCD_aro_plus_,14,2459,232,3.794352750416962,14.397112794596765,131.61041,0.6594506359871805
A1_LCD_aro_plus_,14,2459,233,3.804614926687023,14.475094740369702,138.93643,0.6428623054190494
A1_LCD_aro_plus_,14,2459,234,4.827412195370477,23.30390850401162,270.2433,0.6637951616706281
A1_LCD_aro_plus_,14,2459,235,3.7520214640246445,14.077665066501638,45.098,0.5402497162176126
A1_LCD_aro_plus_,14,2459,236,4.265807891874763,18.197116970381007,143.49596,0.53778086150502
A1_LCD_aro_plus_,14,2459,237,3.5172707556117073,12.37119356828135,16.463692,0.37312955568322725
A1_LCD_aro_plus_,14,2459,238,3.612842940164021,13.05263411029301,120.364685,0.42790393078234595
A1_LCD_aro_plus_,14,2459,239,3.0475232946376862,9.287398231359335,69.27244,0.5047792913832247
A1_LCD_aro_plus_,14,2459,240,3.8682232277562463,14.963150939752953,74.800415,0.48004594696312974
A1_LCD_aro_plus_,14,2459,241,2.823599584585885,7.972714614073579,21.676609,0.20360085467016478
A1_LCD_aro_plus_,14,2459,242,3.7022888412552,13.706942664082774,45.19744,0.5673643595156825
A1_LCD_aro_plus_,14,2459,243,3.1366213444652873,9.838393458555228,24.158497,0.5981744361780146
A1_LCD_aro_plus_,14,2459,244,3.4172210337643754,11.677399593601667,78.82213,0.2682439463436883
A1_LCD_aro_plus_,14,2459,245,3.531694483092107,12.472865921903226,77.8612,0.3803096225793856
A1_LCD_aro_plus_,14,2459,246,3.8250476652697016,14.630989641585197,79.35953,0.5644537769360045
A1_LCD_aro_plus_,14,2459,247,3.7613194998165014,14.147524379699862,33.69638,0.5595296056925751
A1_LCD_aro_plus_,14,2459,248,3.0398425883095355,9.240642961700415,60.071236,0.356069607403703
A1_LCD_aro_plus_,14,2459,249,3.4615728217391797,11.982486400203351,66.56712,0.6856204667889348
A1_LCD_aro_plus_,14,2459,250,3.3182828618979756,11.01100115156582,31.528753,0.3963280338431464
A1_LCD_aro_plus_,14,2459,251,3.758626100191376,14.127270161039831,76.360214,0.31435967233365175
A1_LCD_aro_plus_,14,2459,252,4.877662315745846,23.79158966644713,216.26135,0.6125536214097698
A1_LCD_aro_plus_,14,2459,253,3.821761943818196,14.605864355217033,88.74044,0.5410895817401837
A1_LCD_aro_plus_,14,2459,254,3.5689060506071826,12.737090398060559,38.125343,0.1466409419409206
A1_LCD_aro_plus_,14,2459,255,2.3423813665062934,5.486750466155891,7.1034956,0.11811434673328855
A1_LCD_aro_plus_,14,2459,256,2.2983459047006822,5.282393897654397,13.001463,0.2521740638377968
A1_LCD_aro_plus_,14,2459,257,3.02713109798212,9.163522684370434,74.80808,0.4004696602112712
A1_LCD_aro_plus_,14,2459,258,2.8872349979993563,8.336125933672342,27.491415,0.3349197083561277
A1_LCD_aro_plus_,14,2459,259,2.8919540906098975,8.363398462195319,83.264725,0.16387319140686152
A1_LCD_aro_plus_,14,2459,260,2.74989193342356,7.561905645507966,90.47772,0.38452508581999834
A1_LCD_aro_plus_,14,2459,261,3.7097399548796783,13.762170532830678,55.667572,0.6529322163007503
A1_LCD_aro_plus_,14,2459,262,3.560159169257369,12.674733310447316,2.6385875,0.580568721032221
A1_LCD_aro_plus_,14,2459,263,3.008495176501664,9.051043227033778,84.09697,0.2980057698375318
A1_LCD_aro_plus_,14,2459,264,2.7617570788913186,7.627302162806308,11.743629,0.23670307792445322
A1_LCD_aro_plus_,14,2459,265,3.5865782196201517,12.863543325453655,67.11566,0.3211709642089109
A1_LCD_aro_plus_,14,2459,266,2.6681146190577487,7.1188356204296745,86.44258,0.26644684301482147
A1_LCD_aro_plus_,14,2459,267,3.5167805511027,12.367745444614211,60.86046,0.238373603223302
A1_LCD_aro_plus_,14,2459,268,3.466198917210665,12.014534933672387,58.587303,0.2129212642905982
A1_LCD_aro_plus_,14,2459,269,3.5784820237499972,12.805533594301876,105.145386,0.47930726188611805
A1_LCD_aro_plus_,14,2459,270,3.749724994790934,14.06043753655987,163.90591,0.6831996333569978
A1_LCD_aro_plus_,14,2459,271,3.1203168801428975,9.736377432504707,5.8709455,0.4223739613969809
A1_LCD_aro_plus_,14,2459,272,3.4845927430884647,12.142386585184793,103.22431,0.44595408938037
A1_LCD_aro_plus_,14,2459,273,2.7309539206666695,7.458109316804653,23.543665,0.170754569529356
A1_LCD_aro_plus_,14,2459,274,2.93155573743437,8.594019041684374,14.673014,0.3096618289564032
A1_LCD_aro_plus_,14,2459,275,3.9553640269919477,15.644904586021957,39.348743,0.598460880614619
A1_LCD_aro_plus_,14,2459,276,4.544999574763746,20.657021134602633,176.91087,0.7049123869509341
A1_LCD_aro_plus_,14,2459,277,4.488841182626753,20.14969516284594,148.34265,0.5883546660071282
A1_LCD_aro_plus_,14,2459,278,3.2270338830571106,10.413747682398652,24.022762,0.26385098309820554
A1_LCD_aro_plus_,14,2459,279,2.452647869709398,6.015481572790049,19.493227,0.2687770807476813
A1_LCD_aro_plus_,14,2459,280,3.664650349684694,13.429662185444151,104.62125,0.5058274871309438
A1_LCD_aro_plus_,14,2459,281,3.4923582249434713,12.19656597133031,47.66841,0.3099815393597205
A1_LCD_aro_plus_,14,2459,282,4.267555105527489,18.21202657871374,152.37906,0.6468620156553977
A1_LCD_aro_plus_,14,2459,283,3.050638477487173,9.306395120325258,130.86131,0.47284551099805294
A1_LCD_aro_plus_,14,2459,284,3.994946139807985,15.959594659966722,129.06624,0.4437879836570007
A1_LCD_aro_plus_,14,2459,285,2.7062992178543737,7.324055456559197,53.553608,0.366970492500641
A1_LCD_aro_plus_,14,2459,286,3.6628018218800364,13.416117186367716,110.531006,0.48981578568033246
A1_LCD_aro_plus_,14,2459,287,3.622680219636447,13.123811973745177,55.09126,0.32041351733158996
A1_LCD_aro_plus_,14,2459,288,3.561450037349673,12.683926368537984,15.772468,0.218690804759189
A1_LCD_aro_plus_,14,2459,289,2.70186460514829,7.300072344553127,51.307228,0.32071887469136995
A1_LCD_aro_plus_,14,2459,290,3.138261807510554,9.848687172479409,55.76167,0.40986365189144713
A1_LCD_aro_plus_,14,2459,291,3.1386304813834265,9.85100129866916,57.498184,0.18726833401403187
A1_LCD_aro_plus_,14,2459,292,4.425342876797963,19.58365957722647,165.06677,0.7123790679834686
A1_LCD_aro_plus_,14,2459,293,5.358209643230704,28.71041058081051,197.22133,0.7708862703558297
A1_LCD_aro_plus_,14,2459,294,3.585895710716848,12.85864804813749,105.083984,0.4820885158213629
A1_LCD_aro_plus_,14,2459,295,4.516166869182067,20.39576319029776,112.6378,0.6852521531930239
A1_LCD_aro_plus_,14,2459,296,3.8229695800756494,14.615096410183787,94.89514,0.5781615435943006
A1_LCD_aro_plus_,14,2459,297,2.271640276923158,5.16034954773952,4.05985,0.10909769271938595
A1_LCD_aro_plus_,14,2459,298,4.841540118135201,23.44051071551262,85.58124,0.689383281033396
A1_LCD_aro_plus_,14,2459,299,4.370973475859979,19.10540912667147,178.5998,0.49144118968602163
A1_LCD_aro_plus_,14,2459,300,3.7573582874973184,14.117741300624779,83.87079,0.5355035786944028
A1_LCD_aro_plus_,14,2459,301,3.414442646391369,11.658418585496094,31.1208,0.4894019728262541
A1_LCD_aro_plus_,14,2459,302,2.2740065058091496,5.171105588462337,60.21354,0.08768916133845217
A1_LCD_aro_plus_,14,2459,303,3.5259790512108964,12.432528269578095,62.803825,0.5111840269420996
A1_LCD_aro_plus_,14,2459,304,2.1319024735417087,4.545008156693256,10.1911335,0.1954469440232145
A1_LCD_aro_plus_,14,2459,305,2.382610997755613,5.676835166625995,29.432003,0.17451415430031927
A1_LCD_aro_plus_,14,2459,306,2.9274792997347387,8.570135050375397,37.05246,0.3873419230395667
A1_LCD_aro_plus_,14,2459,307,1.959154480765752,3.8382862795045236,5.12768,0.0954698111198524
A1_LCD_aro_plus_,14,2459,308,3.5466476647954144,12.578709658198763,73.091064,0.402945740138547
A1_LCD_aro_plus_,14,2459,309,3.03891722870377,9.235017922912599,43.504696,0.1885963840204226
A1_LCD_aro_plus_,14,2459,310,2.821269237725492,7.959560111736181,109.67589,0.3081110437471701
A1_LCD_aro_plus_,14,2459,311,3.739799844810307,13.986102879243198,151.67621,0.4022861437741858
A1_LCD_aro_plus_,14,2459,312,2.9837129413104515,8.902542916143465,55.164383,0.33326250472326274
A1_LCD_aro_plus_,14,2459,313,2.3885947725050274,5.705384987238342,4.6513624,0.25262137294489095
A1_LCD_aro_plus_,14,2459,314,2.921023411885962,8.532377772785908,50.115234,0.28667001537163495
A1_LCD_aro_plus_,14,2459,315,3.8410264618952965,14.753484280979901,102.91767,0.6441097164513658
A1_LCD_aro_plus_,14,2459,316,3.7308783498984797,13.919453261741209,135.70155,0.5650245358486732
A1_LCD_aro_plus_,14,2459,317,3.400813692994638,11.565533774459823,59.825363,0.28994285205661113
A1_LCD_aro_plus_,14,2459,318,3.7497770102968015,14.060827626950418,69.57953,0.4533387531607681
A1_LCD_aro_plus_,14,2459,319,4.552654726558639,20.726665059256714,174.5434,0.7526958020786025
A1_LCD_aro_plus_,14,2459,320,4.121863267155575,16.989756793126432,74.56964,0.386987583315081
A1_LCD_aro_plus_,14,2459,321,3.853707804882948,14.85106384541575,66.08506,0.6273678638827768
A1_LCD_aro_plus_,14,2459,322,2.534008064262202,6.421196869745869,19.079317,0.2477964306475272
A1_LCD_aro_plus_,14,2459,323,2.801732569697575,7.849705392104176,17.38149,0.36576231658874736
A1_LCD_aro_plus_,14,2459,324,3.7071320924603306,13.742828350949308,50.856575,0.5872398830864054
A1_LCD_aro_plus_,14,2459,325,3.424708377989736,11.728627474273088,32.466877,0.46024263854208186
A1_LCD_aro_plus_,14,2459,326,2.8394773566012277,8.062631658651096,56.7195,0.26495499643441967
A1_LCD_aro_plus_,14,2459,327,3.4646680284552005,12.003924547399638,113.384705,0.526441406319907
A1_LCD_aro_plus_,14,2459,328,2.880377950443788,8.296577137402755,28.979227,0.23948503433409615
A1_LCD_aro_plus_,14,2459,329,4.177371417695999,17.450431961383472,167.39781,0.4374466102936193
A1_LCD_aro_plus_,14,2459,330,3.1153432144816118,9.70536334401662,139.36377,0.4922017158516534
A1_LCD_aro_plus_,14,2459,331,3.2970458743984756,10.870511497888009,33.080734,0.31514139928642065
A1_LCD_aro_plus_,14,2459,332,2.755357475051215,7.5919948153206045,46.29848,0.31974362668611434
A1_LCD_aro_plus_,14,2459,333,2.5548397296394185,6.527206044144016,35.27922,0.25003710454746186
A1_LCD_aro_plus_,14,2459,334,3.006755803868716,9.040580464098209,43.355316,0.340173977791548
A1_LCD_aro_plus_,14,2459,335,2.8864983214411795,8.331872559682747,8.946659,0.14378554055917686
A1_LCD_aro_plus_,14,2459,336,3.2061910558724054,10.279661086756208,62.801918,0.45991348821686706
A1_LCD_aro_plus_,14,2459,337,4.147264996182331,17.199806948559225,118.525,0.5743260799306481
A1_LCD_aro_plus_,14,2459,338,3.6220911561230693,13.11954434326495,35.743885,0.3361263787689289
A1_LCD_aro_plus_,14,2459,339,2.5964112573172193,6.7413514171235835,27.629147,0.4847437464406411
A1_LCD_aro_plus_,14,2459,340,3.729473027605301,13.908969063635455,50.05084,0.5554392821377768
A1_LCD_aro_plus_,14,2459,341,3.104046708566794,9.635105968964348,73.24137,0.3675861533918938
A1_LCD_aro_plus_,14,2459,342,2.0157368978620065,4.063195241402344,15.118473,0.09270159951020322
A1_LCD_aro_plus_,14,2459,343,3.148007054481575,9.909948415065763,60.493584,0.2875933343924515
A1_LCD_aro_plus_,14,2459,344,3.435496650480696,11.802637235464077,31.407236,0.40061840442402513
A1_LCD_aro_plus_,14,2459,345,2.423860158674618,5.875098068810144,3.7575097,0.186154934001484
A1_LCD_aro_plus_,14,2459,346,3.7058609144821792,13.733405117486692,143.274,0.3117709791741686
A1_LCD_aro_plus_,14,2459,347,4.382746034054424,19.208462799019788,146.971,0.672538633390365
A1_LCD_aro_plus_,14,2459,348,2.9330903510006827,8.60301900713331,60.931946,0.30778922288563054
A1_LCD_aro_plus_,14,2459,349,2.9456869077100665,8.677071358254496,132.16733,0.41733652332290994
A1_LCD_aro_plus_,14,2459,350,3.3040375976748844,10.91666444684922,65.6139,0.18365882110275628
A1_LCD_aro_plus_,14,2459,351,3.516599001449924,12.3664685369986,69.55428,0.4750686191476574
A1_LCD_aro_plus_,14,2459,352,3.576859914282167,12.793926846398627,38.011578,0.39154927589393074
A1_LCD_aro_plus_,14,2459,353,2.672266645594935,7.141009025159205,63.753395,0.22296887068779603
A1_LCD_aro_plus_,14,2459,354,3.0263346130252087,9.158701189994435,74.87776,0.20728259095465146
A1_LCD_aro_plus_,14,2459,355,4.143374898243597,17.167555547395143,133.57608,0.684924938679252
A1_LCD_aro_plus_,14,2459,356,3.638107119571555,13.235823413477235,80.217606,0.5657779580937516
A1_LCD_aro_plus_,14,2459,357,3.0918935918179233,9.559805983124738,23.578957,0.11500514379919682
A1_LCD_aro_plus_,14,2459,358,3.4659631017918615,12.012900222982662,82.11484,0.6766206027065962
A1_LCD_aro_plus_,14,2459,359,3.027930917196834,9.168365639316459,46.689915,0.4537522904581748
A1_LCD_aro_plus_,14,2459,360,2.979987626244355,8.880326252569462,63.344276,0.24873704280601006
A1_LCD_aro_plus_,14,2459,361,2.776782336924978,7.71052014665854,48.053116,0.1518396826270609
A1_LCD_aro_plus_,14,2459,362,3.217181488648915,10.35025673090525,75.23152,0.5221779113142214
A1_LCD_aro_plus_,14,2459,363,3.192845092117225,10.19425978225705,37.222874,0.2359452662403298
A1_LCD_aro_plus_,14,2459,364,4.24470119117505,18.017488202362888,73.31841,0.44248565972635945
A1_LCD_aro_plus_,14,2459,365,3.615254454438662,13.070064770338586,110.51306,0.6206202586910298
A1_LCD_aro_plus_,14,2459,366,3.511998220048444,12.334131497623437,79.05062,0.3920836057571843
A1_LCD_aro_plus_,14,2459,367,3.6780560533794104,13.528096331800924,38.396572,0.6173634059340694
A1_LCD_aro_plus_,14,2459,368,3.038889994217742,9.23485239695671,93.63385,0.293751582075861
A1_LCD_aro_plus_,14,2459,369,2.530333216995264,6.402586189029603,15.15073,0.1476184740748107
A1_LCD_aro_plus_,14,2459,370,3.1484179934895633,9.912535861728847,40.976322,0.447183412071104
A1_LCD_aro_plus_,14,2459,371,4.401014639718262,19.36892985901447,77.21099,0.7818478482176181
A1_LCD_aro_plus_,14,2459,372,2.4265693743948433,5.888238928750982,31.28957,0.3013495623467802
A1_LCD_aro_plus_,14,2459,373,2.3202503258643934,5.383561574673826,15.613589,0.2911196629265521
A1_LCD_aro_plus_,14,2459,374,4.077701179443873,16.627646908837953,148.1528,0.4792825240413095
A1_LCD_aro_plus_,14,2459,375,3.3255771813447605,11.059463589080963,49.064686,0.6325849885469426
A1_LCD_aro_plus_,14,2459,376,3.806500897149114,14.489449079997009,58.788223,0.6744912138693209
A1_LCD_aro_plus_,14,2459,377,2.7056493573451115,7.320538444902014,22.71154,0.22807818619623296
A1_LCD_aro_plus_,14,2459,378,2.7272324313893495,7.437796734821866,40.39157,0.10073010275750681
A1_LCD_aro_plus_,14,2459,379,2.6703837152050385,7.1309491864322645,85.77404,0.24266267573069022
A1_LCD_aro_plus_,14,2459,380,4.257285194571226,18.124477227915367,158.16599,0.5219103468657531
A1_LCD_aro_plus_,14,2459,381,4.083489700645381,16.674888135276902,96.16589,0.5267300146463282
A1_LCD_aro_plus_,14,2459,382,3.524334446458779,12.420933290495908,115.022,0.44834826915815423
A1_LCD_aro_plus_,14,2459,383,2.7455401447225087,7.537990686282894,17.103905,0.4223491277006869
A1_LCD_aro_plus_,14,2459,384,3.9963521125626262,15.970830207583765,63.02429,0.7110044449383848
A1_LCD_aro_plus_,14,2459,385,5.680155701072438,32.26416878842572,160.6481,0.723188126112777
A1_LCD_aro_plus_,14,2459,386,4.2103183986473205,17.72678101798814,54.328712,0.5574295316630742
A1_LCD_aro_plus_,14,2459,387,3.467088348835594,12.020701618631527,83.11006,0.42608233054105626
A1_LCD_aro_plus_,14,2459,388,5.126371341397105,26.279683129897553,143.79199,0.5635485690352998
A1_LCD_aro_plus_,14,2459,389,5.302724764913669,28.11888993242872,230.19016,0.7451805609502065
A1_LCD_aro_plus_,14,2459,390,4.186143557877726,17.523797887161184,152.12775,0.6814233669704612
A1_LCD_aro_plus_,14,2459,391,3.394297732310956,11.521257095571299,117.55795,0.6045978603934817
A1_LCD_aro_plus_,14,2459,392,2.2143445212642012,4.903321658852786,51.791847,0.1970390767384247
A1_LCD_aro_plus_,14,2459,393,3.0043539382667217,9.02614258637876,68.36827,0.3428670886164059
A1_LCD_aro_plus_,14,2459,394,3.366195687889098,11.33127340916316,48.705833,0.4130112228527263
A1_LCD_aro_plus_,14,2459,395,2.489368865839638,6.196957350211725,8.176767,0.2957963868475085
A1_LCD_aro_plus_,14,2459,396,2.8689401219476465,8.230817423320978,34.171238,0.3086608672996722
A1_LCD_aro_plus_,14,2459,397,2.579130370187692,6.651913466424501,12.281624,0.21126771947765666
A1_LCD_aro_plus_,14,2459,398,3.187894195564342,10.162669402112822,74.538376,0.34938107629243054
A1_LCD_aro_plus_,14,2459,399,3.889475432827697,15.128019142570203,137.69005,0.7340264273039174
A1_LCD_aro_plus_,14,2459,400,3.2095563800307554,10.301252156596126,34.013783,0.36250473733181177
A1_LCD_aro_plus_,14,2459,401,2.9660891995166656,8.797685139489413,32.241867,0.34635015591611656
A1_LCD_aro_plus_,14,2459,402,2.9223882637710403,8.540353164226714,48.501034,0.13078865792481092
A1_LCD_aro_plus_,14,2459,403,3.67302017104995,13.491077176939806,30.235683,0.2994080742045128
A1_LCD_aro_plus_,14,2459,404,2.926560727245521,8.564757690255833,55.49001,0.22765686316973235
A1_LCD_aro_plus_,14,2459,405,2.8235650185101275,7.972519413754097,72.38352,0.4803641367786942
A1_LCD_aro_plus_,14,2459,406,3.2342560420138016,10.460412145302778,92.40595,0.3343774640021462
A1_LCD_aro_plus_,14,2459,407,4.0525344715255445,16.42303564290282,130.06798,0.6780140347125254
A1_LCD_aro_plus_,14,2459,408,3.6201273750140266,13.105322211325946,168.77092,0.7717975771599817
A1_LCD_aro_plus_,14,2459,409,3.716059775911034,13.809100258143967,86.455,0.4058931944483515
A1_LCD_aro_plus_,14,2459,410,3.0294808366857424,9.177754139846147,58.521576,0.3051549296177156
A1_LCD_aro_plus_,14,2459,411,5.440130480835126,29.595019648511425,292.0384,0.8086491158197349
A1_LCD_aro_plus_,14,2459,412,3.8878204805689527,15.1151480891314,170.98471,0.7320303667565238
A1_LCD_aro_plus_,14,2459,413,3.137293293966529,9.842609212367353,61.953247,0.43728895772241533
A1_LCD_aro_plus_,14,2459,414,3.31088277117778,10.96194472448186,131.73611,0.4668235430411926
A1_LCD_aro_plus_,14,2459,415,4.194763623750277,17.59604185913856,139.63803,0.6157570928558329
A1_LCD_aro_plus_,14,2459,416,3.5562276847692953,12.646755345919582,60.600304,0.5823410319138168
A1_LCD_aro_plus_,14,2459,417,4.059520353873733,16.479705503515117,143.94098,0.4100077037076397
A1_LCD_aro_plus_,14,2459,418,3.1806310479361253,10.116413863095255,54.20615,0.26110356548464564
A1_LCD_aro_plus_,14,2459,419,2.6964996665529717,7.2711104517202845,69.6843,0.2806914552014322
A1_LCD_aro_plus_,14,2459,420,3.258181869454105,10.615749094439447,46.261017,0.21702647865013097
A1_LCD_aro_plus_,14,2459,421,2.9451805744939095,8.674088616376277,32.103043,0.41795625992926033
A1_LCD_aro_plus_,14,2459,422,2.5479907761820733,6.492256995508924,20.064892,0.29099097081942027
A1_LCD_aro_plus_,14,2459,423,3.476406824727492,12.085404411011885,81.52412,0.5805845865212895
A1_LCD_aro_plus_,14,2459,424,4.60629537535649,21.217957085030584,176.91626,0.5212586514518908
A1_LCD_aro_plus_,14,2459,425,4.098116274000936,16.79455699523131,122.99483,0.6458346680180374
A1_LCD_aro_plus_,14,2459,426,3.1083583797196765,9.661891816773533,59.26857,0.3146573151855466
A1_LCD_aro_plus_,14,2459,427,3.749565799795044,14.059243686992648,57.654953,0.7022601054888079
A1_LCD_aro_plus_,14,2459,428,4.0767157481654435,16.61961129134014,82.034515,0.3157693104294063
A1_LCD_aro_plus_,14,2459,429,4.245491549296469,18.024198495147733,81.886635,0.6426389182773319
A1_LCD_aro_plus_,14,2459,430,4.245600658319578,18.025124949923633,97.81683,0.4642330067839492
A1_LCD_aro_plus_,14,2459,431,3.288920904113771,10.81700071351655,56.094093,0.6553915346201151
A1_LCD_aro_plus_,14,2459,432,3.3697812945737207,11.355425973258937,44.971344,0.44277858284234767
A1_LCD_aro_plus_,14,2459,433,4.018808913439641,16.15082508274191,49.828285,0.6029620310067587
A1_LCD_aro_plus_,14,2459,434,3.6021876124464747,12.975755595262838,87.48561,0.647879952314026
A1_LCD_aro_plus_,14,2459,435,3.4061252046334025,11.601688909638938,39.35961,0.2586353193905295
A1_LCD_aro_plus_,14,2459,436,2.092773722998828,4.3797018556743765,2.3969674,0.1798140502322425
A1_LCD_aro_plus_,14,2459,437,2.747427771510747,7.548359359668511,56.58397,0.24151123047617729
A1_LCD_aro_plus_,14,2459,438,3.405105042585334,11.594740351040073,84.39538,0.4720065996664708
A1_LCD_aro_plus_,14,2459,439,3.1929082481302533,10.194663080978202,54.428127,0.26617399166289724
A1_LCD_aro_plus_,14,2459,440,3.517051562217387,12.369651691295758,62.77217,0.26673217568083063
A1_LCD_aro_plus_,14,2459,441,3.655713595592489,13.364241892999766,134.8602,0.5236226459304462
A1_LCD_aro_plus_,14,2459,442,3.74633173786142,14.035001490107767,55.460194,0.5464334747257767
A1_LCD_aro_plus_,14,2459,443,3.252927202202196,10.581535382827003,92.068756,0.5076978482173278
A1_LCD_aro_plus_,14,2459,444,4.761778678599727,22.674536183966968,228.89302,0.8524525903824083
A1_LCD_aro_plus_,14,2459,445,3.9432707951493993,15.54938456387818,131.75024,0.521860953317035
A1_LCD_aro_plus_,14,2459,446,2.883743614235604,8.315977232644627,28.185434,0.21522614868398698
A1_LCD_aro_plus_,14,2459,447,4.364245618280861,19.046639816683697,82.687195,0.28312922141357394
A1_LCD_aro_plus_,14,2459,448,3.252886417420943,10.581270044641656,27.5447,0.26024412715372114
A1_LCD_aro_plus_,14,2459,449,3.0901675439934575,9.549135449950555,55.807583,0.47989732935780827
A1_LCD_aro_plus_,14,2459,450,4.441384384974919,19.725895255099033,118.141975,0.435554561117134
A1_LCD_aro_plus_,14,2459,451,4.005370266599339,16.042990972558062,31.67886,0.21381246850376728
A1_LCD_aro_plus_,14,2459,452,3.830878313932281,14.675628656156642,72.10401,0.750737484529785
A1_LCD_aro_plus_,14,2459,453,4.465463085852301,19.940360571109547,129.83925,0.3285910914722389
A1_LCD_aro_plus_,14,2459,454,3.777911162061354,14.272612748427775,162.76636,0.47487774436502117
A1_LCD_aro_plus_,14,2459,455,3.2261882261726655,10.40829047069513,55.23791,0.4248156955009519
A1_LCD_aro_plus_,14,2459,456,3.5280593292854703,12.44720263095824,123.77768,0.6689525185411246
A1_LCD_aro_plus_,14,2459,457,2.7653118757462734,7.646949770143371,46.80532,0.44121112002307555
A1_LCD_aro_plus_,14,2459,458,3.8146020459019314,14.551188768599202,99.68362,0.6888198618343804
A1_LCD_aro_plus_,14,2459,459,3.967519707153992,15.741212626655301,91.20847,0.613610268940133
A1_LCD_aro_plus_,14,2459,460,3.4287513185851353,11.756335604699304,16.454218,0.21812011763223071
A1_LCD_aro_plus_,14,2459,461,3.2306036715166884,10.436800082417108,15.504826,0.168152165311407
A1_LCD_aro_plus_,14,2459,462,3.1524931363015094,9.938212974428126,53.85266,0.2601853517590578
A1_LCD_aro_plus_,14,2459,463,3.470252027098492,12.042649131581188,94.25249,0.46351485892761357
A1_LCD_aro_plus_,14,2459,464,3.626787731803461,13.153589251560097,71.00481,0.5115299487772216
A1_LCD_aro_plus_,14,2459,465,3.0879137846768803,9.53521154159749,50.006702,0.49352114521184554
A1_LCD_aro_plus_,14,2459,466,3.02968099469627,9.17896692962378,36.90818,0.3469087370118885
A1_LCD_aro_plus_,14,2459,467,4.416304004777613,19.503741062614786,190.65167,0.6704683067798933
A1_LCD_aro_plus_,14,2459,468,4.7745143613738845,22.79598738696547,118.41303,0.7133591197390063
A1_LCD_aro_plus_,14,2459,469,3.796234171022807,14.411393881241214,92.0713,0.24369327532783727
A1_LCD_aro_plus_,14,2459,470,3.4991515012334005,12.244061228583963,80.90133,0.6014882669950256
A1_LCD_aro_plus_,14,2459,471,4.055995887880157,16.451102642500743,182.59381,0.6240860864514534
A1_LCD_aro_plus_,14,2459,472,3.643580489958596,13.275678786806926,83.05795,0.3064403971606502
A1_LCD_aro_plus_,14,2459,473,2.836968241920188,8.048388805663718,12.956941,0.41644886855906227
A1_LCD_aro_plus_,14,2459,474,4.425106479387526,19.581567353917464,83.98903,0.40737982193949074
A1_LCD_aro_plus_,14,2459,475,3.9684092753270632,15.748272176501866,118.76826,0.6980336122263421
A1_LCD_aro_plus_,14,2459,476,2.8575627401096346,8.165664813662882,35.361126,0.46851610601016325
A1_LCD_aro_plus_,14,2459,477,4.20659901967399,17.695475312322177,91.13609,0.6854094696364805
A1_LCD_aro_plus_,14,2459,478,3.424483362469538,11.727086299830672,81.17105,0.5949443133363257
A1_LCD_aro_plus_,14,2459,479,3.4854464969057894,12.148337282792845,119.951836,0.2279653376660012
A1_LCD_aro_plus_,14,2459,480,3.4058951396153962,11.60012170205578,60.85296,0.5404106861336381
A1_LCD_aro_plus_,14,2459,481,4.225692999594689,17.856481326823566,126.544716,0.5592990984258113
A1_LCD_aro_plus_,14,2459,482,3.96024995973854,15.683579743609101,129.11069,0.6996662358330716
A1_LCD_aro_plus_,14,2459,483,3.017626839368958,9.106071741679887,38.907986,0.4718364136431736
A1_LCD_aro_plus_,14,2459,484,3.541308904262356,12.540868755407848,119.412125,0.5568552431928125
A1_LCD_aro_plus_,14,2459,485,3.3477880846667345,11.207685059836564,67.18635,0.3358958485176254
A1_LCD_aro_plus_,14,2459,486,4.284667784933676,18.358378027248456,74.75954,0.6346840154525706
A1_LCD_aro_plus_,14,2459,487,2.7840230558259282,7.750784375370341,70.49225,0.2650842530470089
A1_LCD_aro_plus_,14,2459,488,2.861608360388739,8.188802408246726,57.774014,0.24821350111846124
A1_LCD_aro_plus_,14,2459,489,2.734155527213459,7.4756064469919075,20.865137,0.23684319833936918
A1_LCD_aro_plus_,14,2459,490,3.925642347469565,15.41066784024636,86.010574,0.7603788604393809
A1_LCD_aro_plus_,14,2459,491,3.9194669890253073,15.362221478059103,121.62918,0.6586379061697837
A1_LCD_aro_plus_,14,2459,492,3.368922476329181,11.349638651515944,44.792625,0.2669046999800315
A1_LCD_aro_plus_,14,2459,493,2.1997627568659444,4.83895618649446,20.972017,0.12130263325539617
A1_LCD_aro_plus_,14,2459,494,3.870795060073655,14.983054397090608,33.831814,0.49261742138731346
A1_LCD_aro_plus_,14,2459,495,3.7173922540501523,13.819005170472073,13.730401,0.24771412745940113
A1_LCD_aro_plus_,14,2459,496,2.9482711890773396,8.692303004343511,87.3871,0.2301617195314232
A1_LCD_aro_plus_,14,2459,497,3.272170855105775,10.707102105003658,91.55727,0.47259804116185866
A1_LCD_aro_plus_,14,2459,498,3.0678103329054203,9.411460238681263,66.20235,0.497934903323622
A1_LCD_aro_plus_,14,2459,499,3.7822269268327693,14.305240526058856,54.04516,0.4471629058899216
A1_LCD_aro_plus_,14,2459,500,4.19782704946328,17.621751937205584,100.763016,0.6967455174865139
A1_LCD_aro_plus_,14,2459,501,3.5414220156996956,12.541669893282496,79.80356,0.4145991453143024
A1_LCD_aro_plus_,14,2459,502,3.9644230158126885,15.716649848305373,93.534096,0.6548503762888498
A1_LCD_aro_plus_,14,2459,503,2.839992657382358,8.065558293985706,28.561333,0.1990873776726485
A1_LCD_aro_plus_,14,2459,504,2.4697988499626433,6.099906359276796,34.279076,0.2835665952748432
A1_LCD_aro_plus_,14,2459,505,3.151179941248555,9.92993502212724,52.84384,0.5698865438011873
A1_LCD_aro_plus_,14,2459,506,3.3269444210456878,11.068559180727023,57.196938,0.18581716949707844
A1_LCD_aro_plus_,14,2459,507,3.7504234991540666,14.065676423007034,39.62403,0.36472931100811723
A1_LCD_aro_plus_,14,2459,508,3.943769749871651,15.553319840002704,98.548904,0.4628477079178692
A1_LCD_aro_plus_,14,2459,509,3.4686042197918314,12.031215233557699,47.011715,0.22969241880662872
A1_LCD_aro_plus_,14,2459,510,3.623937230154378,13.132921048098979,123.835335,0.6366863812752264
A1_LCD_aro_plus_,14,2459,511,3.081137237498954,9.49340667630268,71.84584,0.2404305971984546
A1_LCD_aro_plus_,14,2459,512,3.667417537010394,13.449951390771382,67.213165,0.5495099090420443
A1_LCD_aro_plus_,14,2459,513,3.331305772085263,11.097598147128593,69.62279,0.39284669464239524
A1_LCD_aro_plus_,14,2459,514,3.5414271416011944,12.541706199269607,69.969635,0.4230609631247092
A1_LCD_aro_plus_,14,2459,515,2.8900948557048265,8.352648274971502,51.57775,0.3754036807506683
A1_LCD_aro_plus_,14,2459,516,3.8654091167623887,14.941387639949792,84.3875,0.729575833796006
A1_LCD_aro_plus_,14,2459,517,4.5201448176458,20.43170917249018,202.5735,0.8149252489214212
A1_LCD_aro_plus_,14,2459,518,5.244703499958728,27.506914802479333,288.923,0.8465530362961559
A1_LCD_aro_plus_,14,2459,519,4.885939298311264,23.87240282678237,181.8404,0.69375907665397
A1_LCD_aro_plus_,14,2459,520,4.6772330671501905,21.876509164443174,92.01785,0.3481125698335199
A1_LCD_aro_plus_,14,2459,521,3.903762815135115,15.239364116831638,150.6833,0.7147927422974674
A1_LCD_aro_plus_,14,2459,522,3.8192065019849655,14.586338304804238,81.67219,0.5979787745069247
A1_LCD_aro_plus_,14,2459,523,3.283767080277398,10.783126237513546,65.6575,0.5468186600627006
A1_LCD_aro_plus_,14,2459,524,4.346346844861939,18.890730895841326,101.98975,0.4340154513162543
A1_LCD_aro_plus_,14,2459,525,3.7884357551593038,14.352245470969443,98.430756,0.44857504275408616
A1_LCD_aro_plus_,14,2459,526,3.185666945615972,10.148473888390194,67.26689,0.5145415303945893
A1_LCD_aro_plus_,14,2459,527,3.9724466154390705,15.780332112513328,106.613464,0.4763253212817845
A1_LCD_aro_plus_,14,2459,528,3.03801278314585,9.229521670557599,32.86882,0.17584428559439919
A1_LCD_aro_plus_,14,2459,529,3.2878744817527163,10.810118607760693,29.907976,0.2777318357801174
A1_LCD_aro_plus_,14,2459,530,3.239927448151366,10.497129869284622,23.322582,0.26924385001118334
A1_LCD_aro_plus_,14,2459,531,3.589177943244397,12.88219830827208,58.383514,0.4110949690646719
A1_LCD_aro_plus_,14,2459,532,2.6003657662717394,6.761902118398012,68.93719,0.31362776654545843
A1_LCD_aro_plus_,14,2459,533,2.9592496555187053,8.757158523687577,41.926483,0.4630084620718712
A1_LCD_aro_plus_,14,2459,534,2.308565433643895,5.329474361415428,19.021795,0.1777600822577238
A1_LCD_aro_plus_,14,2459,535,3.3515911461251178,11.233163210784282,20.808475,0.3850850159191005
A1_LCD_aro_plus_,14,2459,536,2.780619155633362,7.731842888675191,48.474648,0.18487505760478043
A1_LCD_aro_plus_,14,2459,537,3.489764852868559,12.17845872831672,16.718525,0.24513585310444805
A1_LCD_aro_plus_,14,2459,538,2.944835288797778,8.672054878148693,37.65992,0.332660672620318
A1_LCD_aro_plus_,14,2459,539,2.886582763108963,8.332360048277778,84.20395,0.4846517701970597
A1_LCD_aro_plus_,14,2459,540,3.293134602088017,10.844735507469405,49.78042,0.3793234223953037
A1_LCD_aro_plus_,14,2459,541,2.928608006255454,8.576744854303547,74.157776,0.21580520091914165
A1_LCD_aro_plus_,14,2459,542,2.9832162395443893,8.899579131881366,16.570574,0.4406645184926725
A1_LCD_aro_plus_,14,2459,543,2.9726176636483954,8.836455774234443,79.43939,0.2562274894232883
A1_LCD_aro_plus_,14,2459,544,2.6731296739423165,7.145622253710955,73.79338,0.4967542254317291
A1_LCD_aro_plus_,14,2459,545,3.0433478798765106,9.261966317948854,66.40967,0.4489129271114336
A1_LCD_aro_plus_,14,2459,546,2.9938250927396304,8.962988685917457,42.654846,0.3704912220070855
A1_LCD_aro_plus_,14,2459,547,4.179726942395253,17.47011731298478,186.78981,0.28724995868641584
A1_LCD_aro_plus_,14,2459,548,4.371968567652613,19.114109156542437,137.35513,0.6260764775702237
A1_LCD_aro_plus_,14,2459,549,2.9236240466780075,8.547577566313889,33.093037,0.1398338036079476
A1_LCD_aro_plus_,14,2459,550,2.814958032003135,7.9239887219389615,12.70821,0.25609238403419854
A1_LCD_aro_plus_,14,2459,551,3.9906075495529145,15.924948614548716,100.317505,0.7067842314573586
A1_LCD_aro_plus_,14,2459,552,4.6648398384086915,21.760730718004833,126.8368,0.6218037299855943
A1_LCD_aro_plus_,14,2459,553,2.9002321205054296,8.411346352811423,16.814207,0.2903750402495055
A1_LCD_aro_plus_,14,2459,554,2.702885764035223,7.305591453424272,33.41309,0.1833417447129585
A1_LCD_aro_plus_,14,2459,555,3.1591286418815505,9.980093775956371,26.49466,0.31947132084726015
A1_LCD_aro_plus_,14,2459,556,3.8959964467074517,15.178788312757089,74.27776,0.5542433989046779
A1_LCD_aro_plus_,14,2459,557,4.592621791914816,21.092174923570848,61.222412,0.7127042870088134
A1_LCD_aro_plus_,14,2459,558,3.707072725328738,13.742388190876241,99.44068,0.2609063735273117
A1_LCD_aro_plus_,14,2459,559,2.836595113471312,8.046271837769325,33.626083,0.4109373800198054
A1_LCD_aro_plus_,14,2459,560,4.403646443398197,19.392101998453597,158.66803,0.3920829196870483
A1_LCD_aro_plus_,14,2459,561,2.9114506246172804,8.476544739584352,106.760086,0.5155084087909325
A1_LCD_aro_plus_,14,2459,562,4.329263725590957,18.742524405717692,91.65191,0.5868952980105042
A1_LCD_aro_plus_,14,2459,563,2.908849137670913,8.461403305728814,68.91399,0.3676500292762744
A1_LCD_aro_plus_,14,2459,564,3.745802499319534,14.031036363908466,72.05999,0.5541741147953413
A1_LCD_aro_plus_,14,2459,565,3.199729108311331,10.238266366574825,28.561726,0.4818660473592338
A1_LCD_aro_plus_,14,2459,566,3.0526919335751193,9.318928041314598,64.99841,0.2751391959985795
A1_LCD_aro_plus_,14,2459,567,3.52373411559067,12.416702117377561,124.50043,0.5728475944653166
A1_LCD_aro_plus_,14,2459,568,4.83842410834609,23.410347852224664,140.13864,0.3842456103517826
A1_LCD_aro_plus_,14,2459,569,3.334241431104405,11.117165920893154,70.99803,0.45595345198307663
A1_LCD_aro_plus_,14,2459,570,2.3363143424581367,5.458364706775595,78.55856,0.21284039878254757
A1_LCD_aro_plus_,14,2459,571,3.868754833975967,14.967263965412412,105.41724,0.3847714169862487
A1_LCD_aro_plus_,14,2459,572,3.2473830162129564,10.545496453988363,6.3926444,0.6058230168215826
A1_LCD_aro_plus_,14,2459,573,3.467666261937465,12.024709304179352,43.987526,0.39985683483749124
A1_LCD_aro_plus_,14,2459,574,2.6694269789111664,7.125840395738795,13.454402,0.23427873116137538
A1_LCD_aro_plus_,14,2459,575,3.2599187598335506,10.627070320714715,15.996506,0.351284863597516
A1_LCD_aro_plus_,14,2459,576,2.748134730768072,7.552244498453704,57.63954,0.3413111376055111
A1_LCD_aro_plus_,14,2459,577,2.8205749717308426,7.955643171154443,87.24973,0.35337080869173626
A1_LCD_aro_plus_,14,2459,578,3.949605023694222,15.599379843190642,123.43327,0.49109694606920673
A1_LCD_aro_plus_,14,2459,579,4.26544523019413,18.19402301178586,149.26402,0.7093329193576654
A1_LCD_aro_plus_,14,2459,580,4.476361568280396,20.037812889977715,165.20663,0.452005436296145
A1_LCD_aro_plus_,14,2459,581,2.999649948477526,8.997899813401224,22.206636,0.3346308192003703
A1_LCD_aro_plus_,14,2459,582,2.824691453466715,7.978881807287903,5.4746,0.5521387184710769
A1_LCD_aro_plus_,14,2459,583,3.2287231996510735,10.424653499965064,80.35097,0.6058354418755069
A1_LCD_aro_plus_,14,2459,584,3.7859368740746864,14.33331801447841,108.94886,0.48864116647514677
A1_LCD_aro_plus_,14,2459,585,4.130788690188231,17.063415202987002,87.31222,0.6242733301065027
A1_LCD_aro_plus_,14,2459,586,4.636166513425139,21.494039940204605,154.46616,0.5008343097881677
A1_LCD_aro_plus_,14,2459,587,3.957966989363244,15.665502688889141,140.73407,0.49931766122463156
A1_LCD_aro_plus_,14,2459,588,2.8777213446970147,8.281280137724794,92.69264,0.20751897147744902
A1_LCD_aro_plus_,14,2459,589,3.2368327504109202,10.47708625413272,46.382706,0.3117181901728543
A1_LCD_aro_plus_,14,2459,590,4.455249100456669,19.84924454711996,210.36934,0.7826949136930641
A1_LCD_aro_plus_,14,2459,591,3.570416033142526,12.747870649721207,143.08426,0.4025057364431782
A1_LCD_aro_plus_,14,2459,592,4.009729876418348,16.077933681841902,36.239532,0.22171239701880452
A1_LCD_aro_plus_,14,2459,593,2.9402631483886417,8.645147381772286,63.9814,0.2944651092254774
A1_LCD_aro_plus_,14,2459,594,2.9047870120295576,8.437787585255606,49.946316,0.33066972128205196
A1_LCD_aro_plus_,14,2459,595,2.704961490353393,7.316816664294848,6.2441177,0.21550070048659237
A1_LCD_aro_plus_,14,2459,596,2.5413172040865004,6.458293131786028,9.123686,0.4016521697859321
A1_LCD_aro_plus_,14,2459,597,2.6828616700172474,7.197746740447736,31.172619,0.1545576211660622
A1_LCD_aro_plus_,14,2459,598,2.759816261671071,7.616585798184087,42.998066,0.17567597453476602
A1_LCD_aro_plus_,14,2459,599,3.5444609220574623,12.563203227992442,99.22162,0.3392604018398588
A1_LCD_aro_plus_,14,2459,600,3.191366472209105,10.184819959940386,47.718716,0.6179839580369513
A1_LCD_aro_plus_,14,2459,601,3.3921782591916423,11.506873342132435,25.09461,0.2597257020193901
A1_LCD_aro_plus_,14,2459,602,3.200497704805819,10.243185558467314,24.855885,0.35242413243609316
A1_LCD_aro_plus_,14,2459,603,4.018851703189809,16.151169012231634,179.56775,0.784488287253654
A1_LCD_aro_plus_,14,2459,604,3.2222565032279435,10.382936972594779,97.50736,0.30367978373974264
A1_LCD_aro_plus_,14,2459,605,3.2478983197201323,10.54884349524086,45.45878,0.3597985972683281
A1_LCD_aro_plus_,14,2459,606,3.8968752676364056,15.185636851516302,115.515945,0.4460139379799782
A1_LCD_aro_plus_,14,2459,607,3.2648420678861503,10.659193728239112,74.61662,0.4296804812812915
A1_LCD_aro_plus_,14,2459,608,2.0812060606401226,4.331418666845177,13.004149,0.12608975408591683
A1_LCD_aro_plus_,14,2459,609,4.300733807072035,18.49631127929232,59.077972,0.43366349921098274
A1_LCD_aro_plus_,14,2459,610,4.192807963925667,17.579638622358488,143.16681,0.5088062868747414
A1_LCD_aro_plus_,14,2459,611,4.490037209647623,20.16043414402021,98.326515,0.31302236318404725
A1_LCD_aro_plus_,14,2459,612,4.235093503717964,17.9360169852341,76.53356,0.4664538299513833
A1_LCD_aro_plus_,14,2459,613,4.0836473000521085,16.676175271222874,171.61517,0.6177270075039959
A1_LCD_aro_plus_,14,2459,614,2.4074990028830467,5.796051448882863,31.469643,0.1838833178926453
A1_LCD_aro_plus_,14,2459,615,3.5853680907161483,12.854864345925554,105.42269,0.319447655570221
A1_LCD_aro_plus_,14,2459,616,4.904099014681174,24.050187145796862,219.0661,0.7276956312068795
A1_LCD_aro_plus_,14,2459,617,4.0340242347476,16.273351526530956,133.42981,0.5854835000719352
A1_LCD_aro_plus_,14,2459,618,3.2331416810548967,10.453205129774487,50.800175,0.5103941171899156
A1_LCD_aro_plus_,14,2459,619,3.3325207303808155,11.105694418417887,104.13138,0.41502289170778445
A1_LCD_aro_plus_,14,2459,620,4.016421917827846,16.131645022007913,99.38904,0.588097056114889
A1_LCD_aro_plus_,14,2459,621,3.803509883985825,14.46668743757786,129.12216,0.629234283509635
A1_LCD_aro_plus_,14,2459,622,3.0775506433309476,9.471317962266731,102.86098,0.42672736607475903
A1_LCD_aro_plus_,14,2459,623,3.4988423692923383,12.241897925155227,38.201054,0.6131084234639831
A1_LCD_aro_plus_,14,2459,624,4.2010156389216435,17.648532398464223,156.03262,0.5120480966543576
A1_LCD_aro_plus_,14,2459,625,3.498542713359523,12.239801117201015,59.881916,0.5927721086481005
A1_LCD_aro_plus_,14,2459,626,3.0982515167098637,9.59916246079497,38.387688,0.45520123841404697
A1_LCD_aro_plus_,14,2459,627,3.1513368894834928,9.9309241910195,55.718483,0.5144764312590236
A1_LCD_aro_plus_,14,2459,628,3.0599585668180693,9.363346430643292,104.67848,0.20057741370345192
A1_LCD_aro_plus_,14,2459,629,3.5866727259241733,12.864221242888341,27.65412,0.3949921655425325
A1_LCD_aro_plus_,14,2459,630,2.603109915387873,6.776181231590659,70.581924,0.015964040553229628
A1_LCD_aro_plus_,14,2459,631,2.3412707677596276,5.481548807965756,11.417643,0.15945256839597985
A1_LCD_aro_plus_,14,2459,632,2.9438128338367706,8.666034000662078,12.029164,0.2763435280121406
A1_LCD_aro_plus_,14,2459,633,3.609494115863197,13.028447772451045,80.05021,0.44150130501727514
A1_LCD_aro_plus_,14,2459,634,3.153267877582223,9.943098307791896,5.9320765,0.19412941300113368
A1_LCD_aro_plus_,14,2459,635,2.820427267956821,7.95480997383438,78.41201,0.33556516780068624
A1_LCD_aro_plus_,14,2459,636,3.1284530169671863,9.787218279371093,23.428446,0.19045421818248803
A1_LCD_aro_plus_,14,2459,637,4.560531886431179,20.798451087155524,59.13607,0.4332914074583415
A1_LCD_aro_plus_,14,2459,638,4.289671985456014,18.401285742806134,174.26373,0.7242970806847739
A1_LCD_aro_plus_,14,2459,639,4.2190311459589624,17.800223810571797,137.03387,0.5319519904383603
A1_LCD_aro_plus_,14,2459,640,3.2723576769913407,10.708324766164157,36.749073,0.19463880584782167
A1_LCD_aro_plus_,14,2459,641,2.5152133314260343,6.326298102583251,17.97487,0.18579006420762492
A1_LCD_aro_plus_,14,2459,642,4.472561205059187,20.00380373300048,75.43114,0.5382898322381965
A1_LCD_aro_plus_,14,2459,643,4.2073734129254685,17.70199103579211,128.76941,0.6458711313910499
A1_LCD_aro_plus_,14,2459,644,2.6239487496539717,6.8851070408106425,37.377552,0.14542419472977117
A1_LCD_aro_plus_,14,2459,645,3.184597632468563,10.141662080724377,71.371544,0.37324668422560153
A1_LCD_aro_plus_,14,2459,646,3.813096603713204,14.539705709249175,94.893845,0.5108543363695839
A1_LCD_aro_plus_,14,2459,647,4.334314971876427,18.78628627543215,178.7337,0.6286766930897517
A1_LCD_aro_plus_,14,2459,648,5.041518959287774,25.416913416858087,136.469,0.6384073085681622
A1_LCD_aro_plus_,14,2459,649,2.9985489879396674,8.991296033074004,61.43908,0.5894007104943949
A1_LCD_aro_plus_,14,2459,650,3.3171445134627806,11.003447723196228,91.657814,0.5048793650095457
A1_LCD_aro_plus_,14,2459,651,3.939509770059798,15.519737228396597,41.186134,0.7365943108282339
A1_LCD_aro_plus_,14,2459,652,2.6505686152846284,7.0255139843318695,40.4256,0.25907922256270044
A1_LCD_aro_plus_,14,2459,653,4.265756960156865,18.19668244312673,113.894455,0.5465662453726687
A1_LCD_aro_plus_,14,2459,654,4.363460872765162,19.039790788152516,108.03704,0.6930420422522281
A1_LCD_aro_plus_,14,2459,655,3.4686277934715033,12.031378769642993,129.08276,0.21747150943981156
A1_LCD_aro_plus_,14,2459,656,3.15868201835131,9.9772720930559,92.911766,0.4957655214217984
A1_LCD_aro_plus_,14,2459,657,2.4028272818687215,5.773578946492629,30.367283,0.33016143272016274
A1_LCD_aro_plus_,14,2459,658,3.479812328572949,12.109093842088294,13.083469,0.3611550646235407
A1_LCD_aro_plus_,14,2459,659,3.9756997258145046,15.806188309841529,156.50493,0.5014993363384463
A1_LCD_aro_plus_,14,2459,660,5.003128673945136,25.03129652805202,149.01852,0.6161784075558736
A1_LCD_aro_plus_,14,2459,661,3.8938387693411385,15.161980361624112,159.87244,0.7141978336332483
A1_LCD_aro_plus_,14,2459,662,4.518724055346414,20.41886708836634,59.669914,0.5678492961644519
A1_LCD_aro_plus_,14,2459,663,3.816425772200202,14.56510567471391,59.86991,0.6680356295858713
A1_LCD_aro_plus_,14,2459,664,2.8596789517661154,8.17776370717415,29.34373,0.3721147653311016
A1_LCD_aro_plus_,14,2459,665,2.5918076573577693,6.717466932738365,6.524952,0.20970360670000981
A1_LCD_aro_plus_,14,2459,666,2.671249117244422,7.135571846379109,4.4472656,0.1602353832666516
A1_LCD_aro_plus_,14,2459,667,3.844042633806204,14.776663770519738,95.270584,0.7106937866726233
A1_LCD_aro_plus_,14,2459,668,3.0520604961523525,9.315073272173745,78.307915,0.3849584829183695
A1_LCD_aro_plus_,14,2459,669,3.235368175762804,10.467607232738736,127.65198,0.3366284985931031
A1_LCD_aro_plus_,14,2459,670,4.20167937715713,17.654109588427524,58.97807,0.5504546554866103
A1_LCD_aro_plus_,14,2459,671,2.79710679966469,7.823806448730443,39.42477,0.3718243619934272
A1_LCD_aro_plus_,14,2459,672,3.964512268317126,15.717357525636999,115.81208,0.5075349947698178
A1_LCD_aro_plus_,14,2459,673,3.3216599754367158,11.03342499241824,47.270237,0.4614151504480325
A1_LCD_aro_plus_,14,2459,674,3.2716594660458633,10.703755661767502,86.42226,0.5770849595694837
A1_LCD_aro_plus_,14,2459,675,3.3683954916547822,11.346088188200262,65.46349,0.47865872605237136
A1_LCD_aro_plus_,14,2459,676,4.150707352440381,17.22837152560263,58.20182,0.5856332074608097
A1_LCD_aro_plus_,14,2459,677,3.8425893221145477,14.76549269842874,141.64012,0.39927061097548616
A1_LCD_aro_plus_,14,2459,678,3.7194274215781933,13.834140344387812,112.823715,0.5733507384387306
A1_LCD_aro_plus_,14,2459,679,3.431421843262268,11.774655866417417,53.529823,0.5515294676708371
A1_LCD_aro_plus_,14,2459,680,4.307393064874149,18.553635015325906,155.90569,0.5497982446923533
A1_LCD_aro_plus_,14,2459,681,4.025219083729552,16.202388672020575,85.83562,0.35599525233914475
A1_LCD_aro_plus_,14,2459,682,2.2044308679892572,4.85951545174387,62.259666,0.3537000744516837
A1_LCD_aro_plus_,14,2459,683,4.070287996507456,16.567244374512672,53.793224,0.3790685175653412
A1_LCD_aro_plus_,14,2459,684,3.291100824376114,10.831344636209137,127.74128,0.5973052662605683
A1_LCD_aro_plus_,14,2459,685,3.287992408914478,10.810894081079226,92.05511,0.15832960784203975
A1_LCD_aro_plus_,14,2459,686,4.048815781628152,16.392909233561184,26.52996,0.3877196407279013
A1_LCD_aro_plus_,14,2459,687,3.615770450541327,13.07379595100783,120.44267,0.2564088628964528
A1_LCD_aro_plus_,14,2459,688,2.9629920413494126,8.779321837099959,54.854656,0.42272010514713076
A1_LCD_aro_plus_,14,2459,689,2.7247307620236776,7.42415772551813,15.607847,0.29826779076001564
A1_LCD_aro_plus_,14,2459,690,2.8485793806652495,8.114404487951216,25.158916,0.23567407382855737
A1_LCD_aro_plus_,14,2459,691,2.7901320716206577,7.784836977086183,75.95655,0.483668813023873
A1_LCD_aro_plus_,14,2459,692,3.3008751399104126,10.895776689278586,4.9633904,0.4348260829100741
A1_LCD_aro_plus_,14,2459,693,3.6314636515919663,13.18752825283366,95.24043,0.18642679555163938
A1_LCD_aro_plus_,14,2459,694,4.0069972343146905,16.056026835805575,67.36586,0.48955541811377656
A1_LCD_aro_plus_,14,2459,695,4.162538394184175,17.326725883057367,163.34624,0.6848029147954553
A1_LCD_aro_plus_,14,2459,696,3.5093228163502457,12.315346629356423,80.68234,0.4807818807935329
A1_LCD_aro_plus_,14,2459,697,4.28104114715665,18.32731330364832,63.1101,0.7993263761732694
A1_LCD_aro_plus_,14,2459,698,3.179479894064064,10.10909239675763,51.41492,0.17091616474921045
A1_LCD_aro_plus_,14,2459,699,2.8670851334706238,8.220177162568264,27.66579,0.2463026660380015
A1_LCD_aro_plus_,14,2459,700,2.831779703964794,8.018976291786938,66.94884,0.38749660502254846
A1_LCD_aro_plus_,14,2459,701,2.1854909366272564,4.776370634079881,10.215246,0.1260991180597406
A1_LCD_aro_plus_,14,2459,702,2.7348976936535565,7.479665394751542,24.061829,0.14782476460835692
A1_LCD_aro_plus_,14,2459,703,3.540740800356775,12.536845415311133,93.47941,0.44411157593596967
A1_LCD_aro_plus_,14,2459,704,3.550999986949702,12.609600907316791,47.0801,0.6964966747134133
A1_LCD_aro_plus_,14,2459,705,2.964335068418289,8.787282397854463,53.960426,0.550133833233019
A1_LCD_aro_plus_,14,2459,706,2.8802450406008147,8.295811493905587,53.68683,0.13883430621658233
A1_LCD_aro_plus_,14,2459,707,2.5963437319688154,6.741000774533759,36.36083,0.18799808779162336
A1_LCD_aro_plus_,14,2459,708,4.16488559764385,17.34627204146117,104.19494,0.8076703776214298
A1_LCD_aro_plus_,14,2459,709,4.010312863844408,16.08260926591594,140.80745,0.7182968672792549
A1_LCD_aro_plus_,14,2459,710,3.7713128384718617,14.222800525622691,73.69604,0.5702166730015803
A1_LCD_aro_plus_,14,2459,711,2.774404872309631,7.697322395495419,53.42306,0.28194133986311426
A1_LCD_aro_plus_,14,2459,712,2.5419265528916233,6.461390600295492,33.5332,0.12707081150504818
A1_LCD_aro_plus_,14,2459,713,3.2392209516003296,10.492552373286546,58.431602,0.5762743316672374
A1_LCD_aro_plus_,14,2459,714,3.4723523299772516,12.057230703498446,47.748947,0.34188966331571324
A1_LCD_aro_plus_,14,2459,715,3.507877130515397,12.305201962792934,64.57833,0.2799736793939248
A1_LCD_aro_plus_,14,2459,716,4.249322077078518,18.05673811474689,98.071205,0.5314322227655705
A1_LCD_aro_plus_,14,2459,717,3.37608859773177,11.397974219734472,31.874626,0.1882745107678906
A1_LCD_aro_plus_,14,2459,718,2.851738182272494,8.132410660230828,27.344923,0.29785972707350955
A1_LCD_aro_plus_,14,2459,719,2.753592404191647,7.582271128421935,32.846794,0.37148200418691146
A1_LCD_aro_plus_,14,2459,720,3.6241638836728747,13.134563855718852,73.41607,0.3771995025249416
A1_LCD_aro_plus_,14,2459,721,5.012020254467176,25.120347031189212,136.34618,0.5044767363622787
A1_LCD_aro_plus_,14,2459,722,2.9274871009695165,8.570180726342905,67.57109,0.3177727895371257
A1_LCD_aro_plus_,14,2459,723,2.8006717623213166,7.843762320263988,66.60097,0.3106248411270445
A1_LCD_aro_plus_,14,2459,724,4.066093826492031,16.5331190058366,109.834656,0.5270294004185595
A1_LCD_aro_plus_,14,2459,725,3.744629076825139,14.02224692300429,90.76653,0.4774244178612885
A1_LCD_aro_plus_,14,2459,726,4.0103586066847035,16.08297615421007,135.65916,0.6613500115384071
A1_LCD_aro_plus_,14,2459,727,3.3614566180076864,11.299390594747669,61.500427,0.21146355517072
A1_LCD_aro_plus_,14,2459,728,2.810192617752183,7.897182548868869,8.435623,0.0890067736889279
A1_LCD_aro_plus_,14,2459,729,3.1669593400554525,10.029631461564467,27.72463,0.2560744139748539
A1_LCD_aro_plus_,14,2459,730,2.6000716071744976,6.7603723624349765,41.27962,0.09315372197821319
A1_LCD_aro_plus_,14,2459,731,2.847475793697669,8.108118395694174,34.33578,0.15472427475920947
A1_LCD_aro_plus_,14,2459,732,2.9615945596517252,8.771042335758697,21.185884,0.22061516392240188
A1_LCD_aro_plus_,14,2459,733,4.783731370856723,22.884085828518735,212.19705,0.559578799519813
A1_LCD_aro_plus_,14,2459,734,3.85665370848158,14.873777827144728,165.60071,0.5759077929864803
A1_LCD_aro_plus_,14,2459,735,3.1546943966325585,9.952096736144863,67.98988,0.27701228666433964
A1_LCD_aro_plus_,14,2459,736,2.9134646381652227,8.488276197839214,45.479866,0.3718702969720753
A1_LCD_aro_plus_,14,2459,737,3.886073280305062,15.101565539900948,82.272995,0.49166774068329666
A1_LCD_aro_plus_,14,2459,738,3.121872439140436,9.746087526264658,97.88575,0.38780716823952843
A1_LCD_aro_plus_,14,2459,739,2.931440913845683,8.593345831368413,2.9560194,0.4879545863174656
A1_LCD_aro_plus_,14,2459,740,2.998582872874652,8.9914992454972,47.357796,0.2694074037492988
A1_LCD_aro_plus_,14,2459,741,3.8956962054467033,15.176448925131837,80.779564,0.5953401308557544
A1_LCD_aro_plus_,14,2459,742,5.37191169983034,28.8574353107741,230.86404,0.7117433501652273
A1_LCD_aro_plus_,14,2459,743,2.9535363590015606,8.723377023944199,33.97783,0.5216513437681958
A1_LCD_aro_plus_,14,2459,744,3.848157052042703,14.808312697185984,95.77174,0.6341777171661482
A1_LCD_aro_plus_,14,2459,745,2.8300095618683865,8.008954120266493,36.892303,0.23379898937310564
A1_LCD_aro_plus_,14,2459,746,3.935757585086766,15.49018776856801,61.976807,0.5895239689117875
A1_LCD_aro_plus_,14,2459,747,5.030474387426411,25.305672562553127,286.91248,0.6680220062529205
A1_LCD_aro_plus_,14,2459,748,4.285707241874284,18.36728656305369,150.11795,0.7150897419524174
A1_LCD_aro_plus_,14,2459,749,3.488943670013503,12.17272793252729,123.00469,0.4693182512649032
A1_LCD_aro_plus_,14,2459,750,3.847644981669581,14.804371904967107,150.84421,0.6093386176002709
A1_LCD_aro_plus_,14,2459,751,4.361663732627246,19.024110516515847,98.168335,0.6737979150161306
A1_LCD_aro_plus_,14,2459,752,4.2736595727622335,18.264166143862266,120.89289,0.7391904802466291
A1_LCD_aro_plus_,14,2459,753,3.3082250173995216,10.944352765748064,57.33728,0.5777862671076809
A1_LCD_aro_plus_,14,2459,754,2.3278788036663114,5.419019724558896,35.093174,0.119570394734918
A1_LCD_aro_plus_,14,2459,755,3.6339662197730225,13.205710486451434,104.84326,0.5466146319783589
A1_LCD_aro_plus_,14,2459,756,3.2760397418879452,10.73243639042923,129.6666,0.6845408325355362
A1_LCD_aro_plus_,14,2459,757,4.898503384481169,23.995335407773474,139.08286,0.5557106159168556
A1_LCD_aro_plus_,14,2459,758,2.7380275125710853,7.496794659596206,75.0041,0.16507587451276495
A1_LCD_aro_plus_,14,2459,759,3.8837067762246864,15.083178323693543,54.21215,0.39116042228699577
A1_LCD_aro_plus_,14,2459,760,4.532981318285204,20.547919631922667,162.44235,0.6521858866320854
A1_LCD_aro_plus_,14,2459,761,3.806570466852286,14.489978719112026,88.26101,0.506427033168602
A1_LCD_aro_plus_,14,2459,762,3.3930328856994088,11.51267216343766,58.957443,0.5241568618933805
A1_LCD_aro_plus_,14,2459,763,2.4924561261156546,6.212337540611456,12.102587,0.3920588588151652
A1_LCD_aro_plus_,14,2459,764,2.781142502061608,7.7347536167734985,13.574789,0.3469195639448124
A1_LCD_aro_plus_,14,2459,765,3.334759329707526,11.12061978707139,100.12723,0.25716672229704346
A1_LCD_aro_plus_,14,2459,766,4.049737349689607,16.40037260147101,214.30635,0.6109079014737124
A1_LCD_aro_plus_,14,2459,767,3.367161473653955,11.337776389659474,64.22213,0.614727100910137
A1_LCD_aro_plus_,14,2459,768,2.707050465062448,7.328122220394813,69.014145,0.28312780088593725
A1_LCD_aro_plus_,14,2459,769,3.1930037721762345,10.195273089131664,63.574425,0.1370670170338194
A1_LCD_aro_plus_,14,2459,770,2.045294083590749,4.183227888371322,8.339069,0.05950328547186917
A1_LCD_aro_plus_,14,2459,771,3.924264302463817,15.399850315591825,117.33126,0.24746479379615538
A1_LCD_aro_plus_,14,2459,772,2.92806878653273,8.573586818667254,98.779594,0.35614854625984355
A1_LCD_aro_plus_,14,2459,773,3.63726096081161,13.229667297044196,103.34213,0.535741560967533
A1_LCD_aro_plus_,14,2459,774,4.462101559684604,19.910350328939774,171.4275,0.43530912880351436
A1_LCD_aro_plus_,14,2459,775,3.1914249269503534,10.185193064360071,45.356857,0.2559096236573597
A1_LCD_aro_plus_,14,2459,776,2.6594912109728464,7.072893501241815,31.515953,0.19926323870535412
A1_LCD_aro_plus_,14,2459,777,3.546140754740658,12.575114252432641,55.102264,0.35885348574380294
A1_LCD_aro_plus_,14,2459,778,3.3366860524943176,11.13347381291011,55.295876,0.5170343120287864
A1_LCD_aro_plus_,14,2459,779,2.982268789627909,8.893927133588717,90.12102,0.4656888613717515
A1_LCD_aro_plus_,14,2459,780,3.6352127714703366,13.214771893861048,64.711044,0.5774749834419364
A1_LCD_aro_plus_,14,2459,781,4.424222019532549,19.573740478116665,121.26816,0.6100597522359792
A1_LCD_aro_plus_,14,2459,782,3.479203552599273,12.104857360419405,88.2548,0.4724529902185347
A1_LCD_aro_plus_,14,2459,783,2.5539931542591936,6.522881032002825,40.93968,0.29891977807473297
A1_LCD_aro_plus_,14,2459,784,3.36391151664145,11.31590069179298,57.611687,0.41697625883262485
A1_LCD_aro_plus_,14,2459,785,2.2069321729663995,4.870549616074197,14.776692,0.1322247934710788
A1_LCD_aro_plus_,14,2459,786,3.4229700946730297,11.716724269025885,121.4052,0.5458472641680407
A1_LCD_aro_plus_,14,2459,787,3.816713361709875,14.567300885454694,135.56256,0.5945785866529293
A1_LCD_aro_plus_,14,2459,788,3.110847805859718,9.677374071222221,32.75048,0.2824847216285058
A1_LCD_aro_plus_,14,2459,789,3.393799614607316,11.517875824108769,113.84541,0.27939870461855293
A1_LCD_aro_plus_,14,2459,790,2.940126542628593,8.644344086669163,18.351631,0.6206649545895278
A1_LCD_aro_plus_,14,2459,791,3.9655413465871296,15.725518171492064,128.08795,0.5386422698769908
A1_LCD_aro_plus_,14,2459,792,3.741092078231406,13.99576993780578,67.473236,0.506824123949622
A1_LCD_aro_plus_,14,2459,793,3.1800462911545155,10.112694413885588,47.617,0.2628370283777757
A1_LCD_aro_plus_,14,2459,794,4.86330027204599,23.6516895360826,130.19305,0.6655058296620772
A1_LCD_aro_plus_,14,2459,795,4.3745093696645,19.1363322252825,137.57532,0.6634605406568591
A1_LCD_aro_plus_,14,2459,796,4.435817253065118,19.676474702590177,215.57785,0.6371564281041888
A1_LCD_aro_plus_,14,2459,797,5.536621681248112,30.65417964126667,229.96365,0.6284430264503941
A1_LCD_aro_plus_,14,2459,798,4.500872641486687,20.25785453488335,101.23861,0.8162107677830481
A1_LCD_aro_plus_,14,2459,799,4.368739728738936,19.08588681746195,135.34482,0.7709899580160946
A1_LCD_aro_plus_,14,2459,800,3.8881754240750794,15.117908128381426,115.312965,0.68573323546549
A1_LCD_aro_plus_,14,2459,801,3.579289691482972,12.811314695556272,38.55724,0.4706216454568921
A1_LCD_aro_plus_,14,2459,802,3.3072516185894285,10.937913268662395,28.510996,0.10954815078013011
A1_LCD_aro_plus_,14,2459,803,4.693460330318641,22.02856987227477,108.07822,0.5796362090359575
A1_LCD_aro_plus_,14,2459,804,5.44887491128827,29.690237798866747,271.08484,0.790906899525117
A1_LCD_aro_plus_,14,2459,805,4.300647434693667,18.495568357537223,119.04317,0.6856854824539544
A1_LCD_aro_plus_,14,2459,806,2.5209510860011006,6.355194378010128,39.016605,0.11849248222137886
A1_LCD_aro_plus_,14,2459,807,2.2469377223227416,5.04872912799691,13.010463,0.2020803463963785
A1_LCD_aro_plus_,14,2459,808,3.738536844802996,13.976657739949534,116.22229,0.5053487702722828
A1_LCD_aro_plus_,14,2459,809,2.873767201693145,8.258537929527249,80.6389,0.23805300760586412
A1_LCD_aro_plus_,14,2459,810,4.019219098628336,16.154122162778776,171.39706,0.5015185884621447
A1_LCD_aro_plus_,14,2459,811,3.792377816492547,14.382129503024784,156.50513,0.6190186707866221
A1_LCD_aro_plus_,14,2459,812,2.247659951427888,5.051975257252817,2.6549911,0.25816185354033483
A1_LCD_aro_plus_,14,2459,813,2.7019168179022386,7.300354490862959,30.151192,0.20402074195711323
A1_LCD_aro_plus_,14,2459,814,2.8399137327054906,8.065110009209233,65.15843,0.13818490350306117
A1_LCD_aro_plus_,14,2459,815,3.0983207920346776,9.599591730354392,51.951317,0.18593366029859415
A1_LCD_aro_plus_,14,2459,816,3.423113584992129,11.717706615757665,41.385788,0.3092425457037991
A1_LCD_aro_plus_,14,2459,817,5.563996631375278,30.958058513955432,260.94125,0.7265087231606874
A1_LCD_aro_plus_,14,2459,818,4.32041166859296,18.665956986114203,201.7775,0.6454405082562058
A1_LCD_aro_plus_,14,2459,819,4.335135612000598,18.793400774435785,140.50925,0.7284379575883834
A1_LCD_aro_plus_,14,2459,820,4.297277431090328,18.46659331975829,135.5045,0.652287485138399
A1_LCD_aro_plus_,14,2459,821,2.4380671616132292,5.944171484536787,3.5734665,0.19975583930117025
A1_LCD_aro_plus_,14,2459,822,4.626547908767856,21.404945552124225,125.68683,0.4513864166479653
A1_LCD_aro_plus_,14,2459,823,4.904425351799593,24.05338803137456,195.7103,0.6296654355696742
A1_LCD_aro_plus_,14,2459,824,3.6280858634704,13.163007032713763,53.830803,0.44921099463255254
A1_LCD_aro_plus_,14,2459,825,2.5038614692546584,6.269322257218097,4.780091,0.16279408234520623
A1_LCD_aro_plus_,14,2459,826,2.5705158298731132,6.607551631628261,57.612892,0.06916592202688976
A1_LCD_aro_plus_,14,2459,827,4.0734504033765315,16.59299818876843,78.596214,0.5848522792577476
A1_LCD_aro_plus_,14,2459,828,3.8554150599972736,14.864225284853777,91.46866,0.3516136028836869
A1_LCD_aro_plus_,14,2459,829,2.824891481739355,7.980011883603569,32.42857,0.31703557837522867
A1_LCD_aro_plus_,14,2459,830,4.175137363672939,17.431772005537823,65.3659,0.3052480987540618
A1_LCD_aro_plus_,14,2459,831,3.3390433439022207,11.149210452457723,54.008987,0.32333221398346557
A1_LCD_aro_plus_,14,2459,832,4.8534329284676385,23.55581119113396,200.78076,0.7839068451898044
A1_LCD_aro_plus_,14,2459,833,4.023670480631372,16.1899241367043,150.19827,0.7895925865997603
A1_LCD_aro_plus_,14,2459,834,2.050430637879356,4.204265800754343,13.752507,0.14837226749096366
A1_LCD_aro_plus_,14,2459,835,3.279105396013154,10.752532198162585,54.687305,0.2859670414428752
A1_LCD_aro_plus_,14,2459,836,3.5386163848596355,12.521805919197078,24.13917,0.24386347024059746
A1_LCD_aro_plus_,14,2459,837,3.1170940596375836,9.716275376627912,75.670906,0.557580873482053
A1_LCD_aro_plus_,14,2459,838,3.3983374751821747,11.548697595227559,69.67331,0.5626580214039499
A1_LCD_aro_plus_,14,2459,839,3.207192537365705,10.286083971734268,114.83699,0.46636500024364624
A1_LCD_aro_plus_,14,2459,840,3.55430718772015,12.633099584679124,99.407135,0.48572220095884294
A1_LCD_aro_plus_,14,2459,841,2.770896904574686,7.677869655781577,66.9453,0.24547739831610743
A1_LCD_aro_plus_,14,2459,842,3.773604720573039,14.24009258713113,61.78424,0.6242047125236727
A1_LCD_aro_plus_,14,2459,843,2.958736010791912,8.754118781556834,13.201447,0.2948633338150298
A1_LCD_aro_plus_,14,2459,844,2.7267719234562677,7.435285122549394,11.56603,0.199808731864779
A1_LCD_aro_plus_,14,2459,845,3.4313728003150765,11.774319294742131,42.78647,0.5115736695250062
A1_LCD_aro_plus_,14,2459,846,3.529083715552215,12.454431871375823,62.528557,0.20167860235390878
A1_LCD_aro_plus_,14,2459,847,2.890536184470179,8.355199433731421,19.455288,0.41377739311611866
A1_LCD_aro_plus_,14,2459,848,3.729370790886694,13.908206495918845,53.1484,0.515213905679753
A1_LCD_aro_plus_,14,2459,849,3.5072266912061214,12.300639063508639,88.60039,0.5877125388836015
A1_LCD_aro_plus_,14,2459,850,2.8328158088302646,8.024845406758667,63.559025,0.19432403038093166
A1_LCD_aro_plus_,14,2459,851,3.3761115489156626,11.398129190721713,122.728806,0.5832159389210714
A1_LCD_aro_plus_,14,2459,852,3.5177320666092187,12.374438892450767,100.51405,0.3399501656451044
A1_LCD_aro_plus_,14,2459,853,2.7540699474632833,7.584901275520412,44.62436,0.09663352789625064
A1_LCD_aro_plus_,14,2459,854,3.396169785015647,11.533969208653227,188.89507,0.7362267390482002
A1_LCD_aro_plus_,14,2459,855,5.262865170471663,27.697749802563724,178.19969,0.7788978719193128
A1_LCD_aro_plus_,14,2459,856,4.721358725045067,22.291228210559183,140.00826,0.657650756290275
A1_LCD_aro_plus_,14,2459,857,4.416555705515847,19.50596429992458,162.94373,0.6272155553608812
A1_LCD_aro_plus_,14,2459,858,2.311345356009841,5.342317354748257,21.849525,0.1015527670484759
A1_LCD_aro_plus_,14,2459,859,3.6053019799318626,12.998202366500614,89.730515,0.18646137878891722
A1_LCD_aro_plus_,14,2459,860,3.5096959404673305,12.317965594532861,59.787884,0.46591317428875245
A1_LCD_aro_plus_,14,2459,861,3.76840884845911,14.200905249144922,120.174965,0.64342622591655
A1_LCD_aro_plus_,14,2459,862,2.817997232898068,7.941108404621168,13.889013,0.3899816650232986
A1_LCD_aro_plus_,14,2459,863,3.352301376757281,11.237924520608763,69.6131,0.3132080254683104
A1_LCD_aro_plus_,14,2459,864,2.1707231908343836,4.712039171226208,5.5214586,0.1941619239790408
A1_LCD_aro_plus_,14,2459,865,2.70506439758102,7.317373395060364,46.26344,0.19759776349791802
A1_LCD_aro_plus_,14,2459,866,2.952305296822264,8.716106565644797,50.57399,0.205207524838105
A1_LCD_aro_plus_,14,2459,867,3.8002751008551394,14.442090842179539,60.799988,0.21783755769904778
A1_LCD_aro_plus_,14,2459,868,3.695482018277831,13.656587347414792,102.52561,0.5935119810638674
A1_LCD_aro_plus_,14,2459,869,2.0769086325719117,4.313549468051726,7.92599,0.22123346999811527
A1_LCD_aro_plus_,14,2459,870,3.414508971144364,11.658871514025343,46.29677,0.27710606652724384
A1_LCD_aro_plus_,14,2459,871,4.765119337140282,22.70636229718825,156.9893,0.6801347152739716
A1_LCD_aro_plus_,14,2459,872,2.9274174204552574,8.569772753584912,18.996576,0.292148365400832
A1_LCD_aro_plus_,14,2459,873,3.9495851165222016,15.599222592653694,69.93638,0.44132850321332695
A1_LCD_aro_plus_,14,2459,874,2.5740892094734202,6.6259352583275,8.450605,0.19885800402865111
A1_LCD_aro_plus_,14,2459,875,2.7654149814018147,7.6475200193616,3.8054388,0.17852100805187532
A1_LCD_aro_plus_,14,2459,876,3.6576954709542115,13.378736158238954,116.80102,0.21320028444325287
A1_LCD_aro_plus_,14,2459,877,3.7499577826398154,14.062183371580923,36.5914,0.7130551289805523
A1_LCD_aro_plus_,14,2459,878,2.3698339735278315,5.616113062086712,18.36287,0.15979803884093344
A1_LCD_aro_plus_,14,2459,879,2.782887848543356,7.744464777570266,30.303524,0.17768251418326186
A1_LCD_aro_plus_,14,2459,880,2.9597994936345904,8.760413042519577,37.776344,0.3848528204413589
A1_LCD_aro_plus_,14,2459,881,3.9299662958257877,15.444635086326663,29.654903,0.48643503438151603
A1_LCD_aro_plus_,14,2459,882,2.5850205462095395,6.6823312243254644,45.139145,0.1969341548222867
A1_LCD_aro_plus_,14,2459,883,3.5273228194191595,12.442006272395128,142.64407,0.5960515953341083
A1_LCD_aro_plus_,14,2459,884,1.9802731745486943,3.921481845837162,6.0171967,0.06291521386531447
A1_LCD_aro_plus_,14,2459,885,3.388886033289596,11.484548546625287,58.168427,0.2987610025800547
A1_LCD_aro_plus_,14,2459,886,3.9742886521947103,15.794970290963649,168.14485,0.5384908840566917
A1_LCD_aro_plus_,14,2459,887,2.8939187456032336,8.374765706153797,37.946934,0.06271249288637237
A1_LCD_aro_plus_,14,2459,888,3.178589171305103,10.103429119938061,25.380295,0.22982683874380522
A1_LCD_aro_plus_,14,2459,889,3.87277754551483,14.998405917043875,113.97806,0.48752819311909246
A1_LCD_aro_plus_,14,2459,890,3.3866812103525805,11.469609620555223,45.471848,0.35002953831420175
A1_LCD_aro_plus_,14,2459,891,3.078774029650522,9.478849525650515,34.335808,0.3230484568606036
A1_LCD_aro_plus_,14,2459,892,4.241711466375683,17.992116163982953,24.729124,0.3070795962468578
A1_LCD_aro_plus_,14,2459,893,3.0558684018015208,9.338331689128982,75.35528,0.18563365483890798
A1_LCD_aro_plus_,14,2459,894,3.6790039317350325,13.535069929721827,176.1616,0.45367177820090854
A1_LCD_aro_plus_,14,2459,895,3.8708893798099493,14.983784590725454,84.40346,0.5834544252461762
A1_LCD_aro_plus_,14,2459,896,3.683345319164304,13.567032740209589,103.33191,0.4253831655788033
A1_LCD_aro_plus_,14,2459,897,2.8646130265883243,8.206007792099518,3.1722274,0.41894034799468516
A1_LCD_aro_plus_,14,2459,898,3.047640407364665,9.288112052601862,37.509247,0.09015134498585044
A1_LCD_aro_plus_,14,2459,899,4.0995528180301735,16.80633330781914,38.93889,0.5100324547373104
A1_LCD_aro_plus_,14,2459,900,3.2202557528754707,10.370047113927566,39.524704,0.294578316288574
A1_LCD_aro_plus_,14,2459,901,4.274685063312352,18.272932390505723,242.3269,0.7459524087480021
A1_LCD_aro_plus_,14,2459,902,3.421675739904503,11.707864869051027,87.44622,0.42802513792532126
A1_LCD_aro_plus_,14,2459,903,3.7027952196038774,13.710692438321326,84.65178,0.4043542423292528
A1_LCD_aro_plus_,14,2459,904,3.722672752304619,13.858292420751237,55.54469,0.3697865502006751
A1_LCD_aro_plus_,14,2459,905,4.800425429266125,23.044084301944846,204.63895,0.6604099589837452
A1_LCD_aro_plus_,14,2459,906,4.144168111038634,17.174129332549516,74.67219,0.5596342176098668
A1_LCD_aro_plus_,14,2459,907,3.871073722034926,14.985211761429337,150.09912,0.6471366090857744
A1_LCD_aro_plus_,14,2459,908,4.266843654085608,18.205954768410614,112.28189,0.5956768755056716
A1_LCD_aro_plus_,14,2459,909,3.789499813790599,14.360308838718984,96.24668,0.44014221377081175
A1_LCD_aro_plus_,14,2459,910,2.1323697439635168,4.547000724971033,13.635665,0.14740530479387418
A1_LCD_aro_plus_,14,2459,911,3.8003263522361928,14.442480383500845,48.307487,0.6683706218562477
A1_LCD_aro_plus_,14,2459,912,2.4697253397287864,6.099543253698469,12.631499,0.09984612508274007
A1_LCD_aro_plus_,14,2459,913,2.675210527201255,7.156751364848416,59.34817,0.18294184641839317
A1_LCD_aro_plus_,14,2459,914,3.1238260852915434,9.75828941114789,47.7988,0.4065936602975034
A1_LCD_aro_plus_,14,2459,915,2.940744989065327,8.647981090712829,59.103302,0.25496440788024355
A1_LCD_aro_plus_,14,2459,916,2.5262648701010235,6.3820141939065405,16.986498,0.2440032245325381
A1_LCD_aro_plus_,14,2459,917,1.9493405091731584,3.7999284207034685,5.97296,0.1703943443089974
A1_LCD_aro_plus_,14,2459,918,3.0920848893216766,9.560988962771447,34.92859,0.45275611448083974
A1_LCD_aro_plus_,14,2459,919,3.5058014408382694,12.290643742583685,22.697954,0.29263803093872987
A1_LCD_aro_plus_,14,2459,920,4.949295084299865,24.495521831474807,245.60059,0.735142069637268
A1_LCD_aro_plus_,14,2459,921,4.467625253406045,19.95967540487143,191.49695,0.6148844765519562
A1_LCD_aro_plus_,14,2459,922,4.103693285813887,16.840298584033977,117.02787,0.6394867038125255
A1_LCD_aro_plus_,14,2459,923,3.8461857094710084,14.793144511739007,125.6812,0.6943755832402908
A1_LCD_aro_plus_,14,2459,924,3.1440235747559564,9.884884238621227,57.308693,0.23678406882116126
A1_LCD_aro_plus_,14,2459,925,4.126245679067485,17.025903404023087,104.930626,0.3323343620822954
A1_LCD_aro_plus_,14,2459,926,3.2749681343983603,10.725416281324678,63.754597,0.28989023424739213
A1_LCD_aro_plus_,14,2459,927,3.0274782930004434,9.16562481458888,26.522429,0.4779040328921401
A1_LCD_aro_plus_,14,2459,928,2.8091663123193755,7.891415370270035,55.019012,0.18433775407089184
A1_LCD_aro_plus_,14,2459,929,3.0448969483627306,9.27139742614867,94.47459,0.37201947496788246
A1_LCD_aro_plus_,14,2459,930,3.101945564586014,9.622066285654846,46.1388,0.23645680685755696
A1_LCD_aro_plus_,14,2459,931,3.06464491564414,9.392048458983478,34.99475,0.3495332988057054
A1_LCD_aro_plus_,14,2459,932,2.980716863287226,8.884673019084836,35.829422,0.3704741399396749
A1_LCD_aro_plus_,14,2459,933,4.453613404354664,19.834672355447548,135.6417,0.559151213369161
A1_LCD_aro_plus_,14,2459,934,4.545757169395165,20.66390824310754,44.1557,0.48390262074521034
A1_LCD_aro_plus_,14,2459,935,3.212829922431982,10.322276110474299,82.4933,0.3581769234125217
A1_LCD_aro_plus_,14,2459,936,3.193052748155773,10.195585852505136,28.524841,0.2556598365420536
A1_LCD_aro_plus_,14,2459,937,3.2310807535399637,10.439882835896379,51.91572,0.2669875193648018
A1_LCD_aro_plus_,14,2459,938,2.1517306822112285,4.6299449287691985,7.1813135,0.18780281209569985
A1_LCD_aro_plus_,14,2459,939,2.8093586448377645,7.892495995324682,26.909117,0.2905752135476266
A1_LCD_aro_plus_,14,2459,940,3.6873726671843596,13.596717186698298,97.36018,0.531561625091712
A1_LCD_aro_plus_,14,2459,941,3.4961344239657657,12.22295591043844,10.462969,0.5475396371632881
A1_LCD_aro_plus_,14,2459,942,3.289357308519443,10.819871503110276,69.27415,0.39046034802124185
A1_LCD_aro_plus_,14,2459,943,3.361679177101316,11.300886889756583,91.502106,0.709041663090762
A1_LCD_aro_plus_,14,2459,944,2.6549728256787,7.048880705092339,17.5523,0.21970776346027665
A1_LCD_aro_plus_,14,2459,945,2.1676869542872996,4.69886673178735,35.806965,0.18625686337938008
A1_LCD_aro_plus_,14,2459,946,3.276289620904381,10.734073680045773,98.972374,0.5607254839596427
A1_LCD_aro_plus_,14,2459,947,5.217609292681347,27.223446731074738,157.27962,0.8149604714239913
A1_LCD_aro_plus_,14,2459,948,2.940891384112511,8.6488421331472,37.40712,0.08852056302434491
A1_LCD_aro_plus_,14,2459,949,3.409312485282651,11.623411622304168,91.16798,0.28840708908666174
A1_LCD_aro_plus_,14,2459,950,4.834246878925178,23.369942886397826,133.50746,0.5560937819227261
A1_LCD_aro_plus_,14,2459,951,2.6105858723216233,6.815158596765251,25.082085,0.124282812627305
A1_LCD_aro_plus_,14,2459,952,3.6675567627436902,13.45097260794698,77.03235,0.6363385458231657
A1_LCD_aro_plus_,14,2459,953,3.1861632472367076,10.151636238041961,76.12314,0.500068203994487
A1_LCD_aro_plus_,14,2459,954,3.668808151849136,13.46015325507467,58.66078,0.6666889993221015
A1_LCD_aro_plus_,14,2459,955,4.61232984677354,21.27358661543803,134.24258,0.4384232339359923
A1_LCD_aro_plus_,14,2459,956,4.752285632318671,22.584218731142467,129.69594,0.6746875850496441
A1_LCD_aro_plus_,14,2459,957,3.869365189456288,14.971986969376093,102.86771,0.48786227041492725
A1_LCD_aro_plus_,14,2459,958,4.0912603806073236,16.738411501927185,141.54025,0.5187976287802
A1_LCD_aro_plus_,14,2459,959,3.561113867620491,12.681531978158969,131.91533,0.39363043594540575
A1_LCD_aro_plus_,14,2459,960,3.327681352636119,11.073463184682156,53.84424,0.3200319650225867
A1_LCD_aro_plus_,14,2459,961,2.8002290436101394,7.841282696677757,54.87668,0.3042788289684761
A1_LCD_aro_plus_,14,2459,962,2.4981794715766443,6.240900672206965,53.59861,0.4761967401434456
A1_LCD_aro_plus_,14,2459,963,4.235350029774513,17.93818987471097,60.84953,0.43761157434519854
A1_LCD_aro_plus_,14,2459,964,3.6890183197890276,13.608856163739059,58.359413,0.30281248940392297
A1_LCD_aro_plus_,14,2459,965,5.275401105196446,27.829856820707885,210.47247,0.6708485222678275
A1_LCD_aro_plus_,14,2459,966,3.5595477027797395,12.670379848364522,77.665855,0.31594434941152555
A1_LCD_aro_plus_,14,2459,967,4.289917369772748,18.40339103947793,150.70988,0.6382626456696838
A1_LCD_aro_plus_,14,2459,968,3.403835757512658,11.58609786412177,57.454185,0.16475784973121985
A1_LCD_aro_plus_,14,2459,969,3.5094564362336635,12.316284477821887,29.833246,0.28134486209755555
A1_LCD_aro_plus_,14,2459,970,2.6935397801854535,7.255156547441499,13.364272,0.19471641515902036
A1_LCD_aro_plus_,14,2459,971,4.4421669862922855,19.732847534105083,183.32788,0.6939317015163579
A1_LCD_aro_plus_,14,2459,972,4.261944971268372,18.16417493811977,108.762955,0.3851840413386496
A1_LCD_aro_plus_,14,2459,973,3.598656539402807,12.950328888586588,47.734035,0.5215915459216968
A1_LCD_aro_plus_,14,2459,974,4.023584773224635,16.189234427325136,104.767746,0.4866288649029993
A1_LCD_aro_plus_,14,2459,975,3.011243301972949,9.067586223676953,95.15367,0.4385813157633087
A1_LCD_aro_plus_,14,2459,976,3.8374690934737035,14.726169043365887,151.12015,0.6500315694395508
A1_LCD_aro_plus_,14,2459,977,3.195264918069975,10.209717896648723,97.93055,0.4193367842355634
A1_LCD_aro_plus_,14,2459,978,3.128693094771012,9.788720481267818,57.78824,0.38776364843848476
A1_LCD_aro_plus_,14,2459,979,3.9875806766830655,15.900799653056175,106.80914,0.6071427980635471
A1_LCD_aro_plus_,14,2459,980,4.132751607636472,17.07963585042184,148.96387,0.45942588563841197
A1_LCD_aro_plus_,14,2459,981,5.611335608877254,31.48708731545386,201.60469,0.8898213901107799
A1_LCD_aro_plus_,14,2459,982,5.785882838691449,33.476440223064216,375.13452,0.79173727815986
A1_LCD_aro_plus_,14,2459,983,3.1932616504826585,10.19691996844323,29.53402,0.3519904393568479
A1_LCD_aro_plus_,14,2459,984,2.4383464976466214,5.945533642585546,34.95518,0.07448909670187058
A1_LCD_aro_plus_,14,2459,985,2.9921769699400294,8.953123019439495,25.073784,0.34945120092832466
A1_LCD_aro_plus_,14,2459,986,4.297890435257012,18.471862193473704,151.37665,0.5496214999210125
A1_LCD_aro_plus_,14,2459,987,4.76198157588993,22.676468529115144,245.60413,0.6505477230419934
A1_LCD_aro_plus_,14,2459,988,2.5173953559648186,6.3372793782332355,48.3641,0.35810087488317954
A1_LCD_aro_plus_,14,2459,989,3.24509304544364,10.530628873586682,138.98973,0.5245339041392432
A1_LCD_aro_plus_,14,2459,990,2.5347648655558377,6.425032923656304,64.465454,0.3782148359430472
A1_LCD_aro_plus_,14,2459,991,2.6677879619011087,7.117092609664471,33.25595,0.44986368685567557
A1_LCD_aro_plus_,14,2459,992,3.1819855008160864,10.1250317274038,21.108782,0.1313039883709085
A1_LCD_aro_plus_,14,2459,993,2.773985575653284,7.694995973932481,36.964424,0.29988955663722633
A1_LCD_aro_plus_,14,2459,994,3.104453466132288,9.637631323380777,39.742226,0.4634419127553945
A1_LCD_aro_plus_,14,2459,995,2.125575065587383,4.518069359446808,23.81418,0.12264794438397211
A1_LCD_aro_plus_,14,2459,996,2.5060391056339375,6.280231998966545,34.161633,0.1058699037616418
A1_LCD_aro_plus_,14,2459,997,3.6268767871308567,13.154235229028641,37.510727,0.7059588785435038
A1_LCD_aro_plus_,14,2459,998,3.5811620620092204,12.824721714374132,80.87763,0.5577567879768182
A1_LCD_aro_plus_,14,2459,999,3.106219034730394,9.64859669172142,49.150635,0.513118959669583
A1_LCD_aro_plus_,14,2459,1000,3.266876812776545,10.672484109857042,22.124928,0.14869187106587853
A1_LCD_aro_plus_,14,2459,1001,4.242897587282358,18.002179936166456,71.87312,0.39293050358252474
A1_LCD_aro_plus_,14,2459,1002,3.7373986482963404,13.968148656287314,79.57041,0.32180368077035143
A1_LCD_aro_plus_,14,2459,1003,2.329893364946184,5.428403092020252,4.0810046,0.16570807101807833
A1_LCD_aro_plus_,14,2459,1004,3.074472654734269,9.452382104708786,39.20294,0.353619513707851
A1_LCD_aro_plus_,14,2459,1005,3.814611150809738,14.551258231881988,190.81567,0.7521428979948643
A1_LCD_aro_plus_,14,2459,1006,3.324708725524219,11.053688109576877,71.24691,0.47288636040371146
A1_LCD_aro_plus_,14,2459,1007,3.5075696416755195,12.303044791203734,27.382927,0.5130192623177212
A1_LCD_aro_plus_,14,2459,1008,2.893211497598662,8.37067276983709,33.444477,0.33615390788282073
A1_LCD_aro_plus_,14,2459,1009,2.8165387975097937,7.932890797877916,27.245743,0.22444810664667653
A1_LCD_aro_plus_,14,2459,1010,3.5252994716743156,12.427736364987203,72.687225,0.35821714081157824
A1_LCD_aro_plus_,14,2459,1011,2.876908631451799,8.276603273721863,10.418821,0.36534670969119354
A1_LCD_aro_plus_,14,2459,1012,2.4717961811410065,6.109776361103262,43.89363,0.2944887111296697
A1_LCD_aro_plus_,14,2459,1013,3.2279551835949767,10.419694667297682,114.16974,0.4661214232413806
A1_LCD_aro_plus_,14,2459,1014,3.3494891868099543,11.21907781255681,57.119537,0.42296373086659733
A1_LCD_aro_plus_,14,2459,1015,4.849165660032124,23.514407598434797,113.95178,0.6346318370239571
A1_LCD_aro_plus_,14,2459,1016,3.7088049783212758,13.755234367220678,83.29289,0.6097441551956309
A1_LCD_aro_plus_,14,2459,1017,4.011487414617742,16.092031277636536,116.880646,0.3062976767280615
A1_LCD_aro_plus_,14,2459,1018,4.14173555996479,17.15397344867685,80.70644,0.7505517084502725
A1_LCD_aro_plus_,14,2459,1019,2.804021263709258,7.862535247333664,42.909134,0.16970955830560924
A1_LCD_aro_plus_,14,2459,1020,3.0797805065684907,9.485047968639265,66.67468,0.3914319798248943
A1_LCD_aro_plus_,14,2459,1021,2.8378036291008404,8.0531294373379,50.385246,0.34805136652317437
A1_LCD_aro_plus_,14,2459,1022,2.696069529368186,7.268790907187589,59.489742,0.4506602124239718
A1_LCD_aro_plus_,14,2459,1023,3.43249142308159,11.781997369528677,126.902435,0.31023371636882663
A1_LCD_aro_plus_,14,2459,1024,3.188277269734969,10.165111948708667,60.7319,0.1369841489097129
A1_LCD_aro_plus_,14,2459,1025,3.227306885637788,10.415509734085077,41.582645,0.47566388409333743
A1_LCD_aro_plus_,14,2459,1026,2.578575607419253,6.6490521631775685,45.609367,0.1411256087397941
A1_LCD_aro_plus_,14,2459,1027,2.659339156309264,7.072084748279666,20.562147,0.22805815364973175
A1_LCD_aro_plus_,14,2459,1028,3.383085963370014,11.445270635551214,22.312178,0.534476760793581
A1_LCD_aro_plus_,14,2459,1029,2.7333357199590003,7.471124158003787,43.406868,0.15199751364302472
A1_LCD_aro_plus_,14,2459,1030,3.4345277590672865,11.795980927803758,70.53616,0.48096419899353937
A1_LCD_aro_plus_,14,2459,1031,3.260793324931171,10.632773107915684,40.957924,0.6858624417737709
A1_LCD_aro_plus_,14,2459,1032,5.510592355929122,30.36662811322446,298.759,0.6999084891179984
A1_LCD_aro_plus_,14,2459,1033,3.502168172466513,12.265181908237436,106.897514,0.564652596401668
A1_LCD_aro_plus_,14,2459,1034,3.0740945326482363,9.450057195657775,41.438747,0.13656552766089913
A1_LCD_aro_plus_,14,2459,1035,2.678136426672846,7.172414719871999,32.648064,0.31256786742742754
A1_LCD_aro_plus_,14,2459,1036,3.6670893060016896,13.44754397819195,57.34258,0.46588670558689227
A1_LCD_aro_plus_,14,2459,1037,3.3058656434584677,10.92874765259907,89.20182,0.46820149388788534
A1_LCD_aro_plus_,14,2459,1038,2.9864260054511194,8.918740286034728,34.17387,0.4477119734057817
A1_LCD_aro_plus_,14,2459,1039,4.13591187121579,17.105767006463697,107.99924,0.5724293995740048
A1_LCD_aro_plus_,14,2459,1040,2.514567163490184,6.3230480197030685,56.505947,0.32850085976178
A1_LCD_aro_plus_,14,2459,1041,2.9967378890736556,8.98043797580963,55.69019,0.2605159805040403
A1_LCD_aro_plus_,14,2459,1042,2.9727177231573636,8.837050661573898,49.87863,0.5797142864452078
A1_LCD_aro_plus_,14,2459,1043,3.6236896206722276,13.13112646696763,141.46298,0.6087532136015998
A1_LCD_aro_plus_,14,2459,1044,2.2770976987510054,5.185173929657124,13.947529,0.1723498968825835
A1_LCD_aro_plus_,14,2459,1045,4.153025983421111,17.247624818970888,97.79309,0.607776717221637
A1_LCD_aro_plus_,14,2459,1046,2.443316112279572,5.969793624524962,2.772405,0.2000610216392792
A1_LCD_aro_plus_,14,2459,1047,3.6923877947550907,13.633727626856357,44.0766,0.19024222058410417
A1_LCD_aro_plus_,14,2459,1048,4.202529208617591,17.661251749283995,118.13758,0.39980253868070326
A1_LCD_aro_plus_,14,2459,1049,4.751599973368438,22.57770230691493,103.38164,0.3216303387806777
A1_LCD_aro_plus_,14,2459,1050,3.8322273134826754,14.685966182202643,81.125916,0.5264104864188363
A1_LCD_aro_plus_,14,2459,1051,3.467904822446322,12.026363857546455,83.649315,0.4921751242581159
A1_LCD_aro_plus_,14,2459,1052,3.694754234148724,13.651208850759925,49.543945,0.3189655269197642
A1_LCD_aro_plus_,14,2459,1053,3.552698353022815,12.621665587571023,45.429935,0.48647646059783234
A1_LCD_aro_plus_,14,2459,1054,3.9675888131662456,15.74176099036194,81.39933,0.33796736419997553
A1_LCD_aro_plus_,14,2459,1055,2.8639724737262915,8.202338330261894,44.56558,0.30594985219606263
A1_LCD_aro_plus_,14,2459,1056,3.296118444538815,10.864396800428977,117.05997,0.463865314594358
A1_LCD_aro_plus_,14,2459,1057,3.5167375314812785,12.36744286532904,104.45125,0.4438346266646088
A1_LCD_aro_plus_,14,2459,1058,3.2970496225659565,10.870536213662318,65.33896,0.379776096482636
A1_LCD_aro_plus_,14,2459,1059,3.2178795099355724,10.354748540463195,127.89812,0.5461011493818879
A1_LCD_aro_plus_,14,2459,1060,3.5039100560540355,12.277385680916595,59.941696,0.33063061982415615
A1_LCD_aro_plus_,14,2459,1061,4.343556261308651,18.866480995153577,163.45819,0.830546919093692
A1_LCD_aro_plus_,14,2459,1062,3.4147553978825527,11.66055442736803,84.9719,0.6556901501521069
A1_LCD_aro_plus_,14,2459,1063,3.670317403890398,13.47122984530075,70.75877,0.4667562484276556
A1_LCD_aro_plus_,14,2459,1064,3.4346757325525954,11.796997387785707,104.15035,0.5596654037712985
A1_LCD_aro_plus_,14,2459,1065,3.807049214707674,14.493623723206317,189.20807,0.6985503547228239
A1_LCD_aro_plus_,14,2459,1066,2.9265554269726803,8.564726667143251,13.884184,0.3703306223732252
A1_LCD_aro_plus_,14,2459,1067,3.1497911271822763,9.921184144876195,117.54057,0.31615554439929744
A1_LCD_aro_plus_,14,2459,1068,2.8773112027325407,8.278919757370177,34.246666,0.23897827785600956
A1_LCD_aro_plus_,14,2459,1069,3.36846239361286,11.34653889718408,47.471603,0.5159322129786601
A1_LCD_aro_plus_,14,2459,1070,3.6635827875536866,13.421838841259637,76.34738,0.5737403410745807
A1_LCD_aro_plus_,14,2459,1071,4.897456723972893,23.985082363187313,177.10619,0.5729381183053373
A1_LCD_aro_plus_,14,2459,1072,3.431750297954829,11.776910107513055,176.7721,0.5671395568432336
A1_LCD_aro_plus_,14,2459,1073,2.7697463836871705,7.671495029948161,4.935289,0.1325627272080113
A1_LCD_aro_plus_,14,2459,1074,2.262341091426144,5.1181872139552365,14.5282345,0.1485502509331307
A1_LCD_aro_plus_,14,2459,1075,3.384163245219901,11.452560870297294,81.60652,0.21005887786544838
A1_LCD_aro_plus_,14,2459,1076,3.468278430006033,12.028955268045118,72.60813,0.3090899725863521
A1_LCD_aro_plus_,14,2459,1077,3.3734889826879213,11.380427916316783,60.243584,0.43414531343241797
A1_LCD_aro_plus_,14,2459,1078,4.451765738359841,19.818218189234543,110.91435,0.7129900398246635
A1_LCD_aro_plus_,14,2459,1079,3.745760738707187,14.030723511640213,61.85391,0.4578987625622286
A1_LCD_aro_plus_,14,2459,1080,3.515149898785169,12.356278810929387,57.86306,0.23661600775864405
A1_LCD_aro_plus_,14,2459,1081,3.8413320810616653,14.755832156993547,67.23142,0.6713758800454002
A1_LCD_aro_plus_,14,2459,1082,4.323309839885046,18.69100797164686,126.938995,0.49254463110249325
A1_LCD_aro_plus_,14,2459,1083,3.484259128367533,12.140061673612479,97.91528,0.25512867243189097
A1_LCD_aro_plus_,14,2459,1084,2.4456084989311586,5.981000930044315,34.130722,0.0767330411812725
A1_LCD_aro_plus_,14,2459,1085,3.943209618059624,15.548902091957919,132.2277,0.5550780039371613
A1_LCD_aro_plus_,14,2459,1086,3.067853488934364,9.411725029566748,68.294014,0.5170839036958015
A1_LCD_aro_plus_,14,2459,1087,2.510985661980367,6.305048994670986,17.918232,0.19386972528030694
A1_LCD_aro_plus_,14,2459,1088,2.99346486688014,8.96083190924573,31.209002,0.4161926901636823
A1_LCD_aro_plus_,14,2459,1089,2.710457356458052,7.346579081177571,76.01579,0.231936650642018
A1_LCD_aro_plus_,14,2459,1090,2.930293844938688,8.586622017685562,58.167747,0.3702201583312007
A1_LCD_aro_plus_,14,2459,1091,3.491980298615895,12.193926405921557,19.331251,0.24803990755069896
A1_LCD_aro_plus_,14,2459,1092,3.658981814182244,13.388147916516383,97.35145,0.43973111112198904
A1_LCD_aro_plus_,14,2459,1093,4.096079897389155,16.77787052579555,159.55142,0.4459068767233934
A1_LCD_aro_plus_,14,2459,1094,3.003604893814785,9.021642358148126,56.794903,0.3126404317001473
A1_LCD_aro_plus_,14,2459,1095,3.052916990042285,9.320302148088842,69.467834,0.30885074842255084
A1_LCD_aro_plus_,14,2459,1096,3.0684045381743243,9.415106409888788,58.613922,0.2905574666834095
A1_LCD_aro_plus_,14,2459,1097,3.8231558413469813,14.61652058722555,49.44103,0.42663719277409934
A1_LCD_aro_plus_,14,2459,1098,3.1772992171010315,10.09523031499083,79.62961,0.41626801000358515
A1_LCD_aro_plus_,14,2459,1099,3.203164666596585,10.260263881332811,54.643562,0.4873529661604742
A1_LCD_aro_plus_,14,2459,1100,3.6136968299709764,13.058804778942283,89.188416,0.43841731015814
A1_LCD_aro_plus_,14,2459,1101,3.5895128767074085,12.88460269204829,98.60217,0.6428141680724583
A1_LCD_aro_plus_,14,2459,1102,3.78906032356962,14.35697813564952,91.00092,0.49100132518439843
A1_LCD_aro_plus_,14,2459,1103,2.44081383234572,5.9575721641702,24.18755,0.07855964544062566
A1_LCD_aro_plus_,14,2459,1104,2.413352131480897,5.824268510523388,27.691845,0.27592578573746385
A1_LCD_aro_plus_,14,2459,1105,4.214790831408219,17.764461752522784,190.88234,0.5449953763548423
A1_LCD_aro_plus_,14,2459,1106,3.9805517786284375,15.844792462342015,116.8287,0.46752280735487006
A1_LCD_aro_plus_,14,2459,1107,4.016922959284973,16.135670060830744,122.19134,0.3918397856936715
A1_LCD_aro_plus_,14,2459,1108,3.8585875969607275,14.888698243419165,150.15103,0.5879946614085063
A1_LCD_aro_plus_,14,2459,1109,3.2206882974152093,10.372833109107285,79.38538,0.4036515868299688
A1_LCD_aro_plus_,14,2459,1110,3.0880149023532777,9.535836037155928,46.559105,0.36015155903506085
A1_LCD_aro_plus_,14,2459,1111,2.2762708144260104,5.181408820607652,24.614893,0.08626970058609304
A1_LCD_aro_plus_,14,2459,1112,2.821280470830206,7.959623495087909,20.63618,0.21801278157037618
A1_LCD_aro_plus_,14,2459,1113,3.3159705896541567,10.995660951451335,32.172546,0.5232426970697219
A1_LCD_aro_plus_,14,2459,1114,3.932228453246542,15.462420608521692,115.91577,0.4964187991396637
A1_LCD_aro_plus_,14,2459,1115,4.290194904387131,18.405772317629307,217.84097,0.6731658252184599
A1_LCD_aro_plus_,14,2459,1116,4.0608516863433,16.49051641847722,127.642586,0.7183824805644083
A1_LCD_aro_plus_,14,2459,1117,3.319429719135924,11.018613660282794,13.493738,0.34080401665055715
A1_LCD_aro_plus_,14,2459,1118,4.154197600379506,17.257357702998846,59.010597,0.3999613766963679
A1_LCD_aro_plus_,14,2459,1119,4.020518878893529,16.164572055539274,58.379944,0.6196915364398421
A1_LCD_aro_plus_,14,2459,1120,6.5758031285434715,43.24118678536212,324.28943,0.7242021245503764
A1_LCD_aro_plus_,14,2459,1121,4.337203222518909,18.811331793428405,224.163,0.8323551544794718
A1_LCD_aro_plus_,14,2459,1122,2.6473025076462857,7.008210566990316,39.32534,0.14648817291363797
A1_LCD_aro_plus_,14,2459,1123,3.7892882829661585,14.358705691424614,74.63378,0.5895964956739225
A1_LCD_aro_plus_,14,2459,1124,2.5710526542035543,6.610311750687141,24.490866,0.42541766839251893
A1_LCD_aro_plus_,14,2459,1125,3.993102247645234,15.94486556014942,74.68683,0.6026247873604462
A1_LCD_aro_plus_,14,2459,1126,3.5534186109080723,12.626783824347859,96.8851,0.49266599444608183
A1_LCD_aro_plus_,14,2459,1127,2.997701019129531,8.986211400090228,45.623703,0.29143588575512797
A1_LCD_aro_plus_,14,2459,1128,4.1761478548093605,17.44021090522882,180.047,0.5790795228850425
A1_LCD_aro_plus_,14,2459,1129,4.132790104756668,17.07995404997463,102.55126,0.730956624384767
A1_LCD_aro_plus_,14,2459,1130,2.9751072053329666,8.851262883224143,69.10271,0.5957686134088718
A1_LCD_aro_plus_,14,2459,1131,4.692188849118703,22.016636195793893,213.3545,0.6864392131291267
A1_LCD_aro_plus_,14,2459,1132,3.370561569458624,11.36068529351138,52.226364,0.2546325717294057
A1_LCD_aro_plus_,14,2459,1133,2.26526390466574,5.1314205577814755,49.638626,0.09678793882364654
A1_LCD_aro_plus_,14,2459,1134,2.5586233131060947,6.546553258370007,35.634327,0.15460966287208533
A1_LCD_aro_plus_,14,2459,1135,4.707507942185011,22.160631025734943,211.6287,0.4739650883172115
A1_LCD_aro_plus_,14,2459,1136,3.591427215726059,12.898349445857834,125.397285,0.6593723594522052
A1_LCD_aro_plus_,14,2459,1137,4.66152584221167,21.72982317760723,161.76498,0.7632536245103424
A1_LCD_aro_plus_,14,2459,1138,3.5239108728587656,12.417947839852223,101.50636,0.43982433844250224
A1_LCD_aro_plus_,14,2459,1139,2.915710335745089,8.50136676197074,4.030469,0.18314096039974087
A1_LCD_aro_plus_,14,2459,1140,2.7229278889932558,7.4143362886572675,14.163155,0.34577296055123663
A1_LCD_aro_plus_,14,2459,1141,4.528912775349128,20.511050926720543,252.64096,0.738731293786219
A1_LCD_aro_plus_,14,2459,1142,3.282038398843039,10.771776051480181,97.15446,0.599749223976699
A1_LCD_aro_plus_,14,2459,1143,3.9865622019803055,15.892678190258067,177.88689,0.5465194744961629
A1_LCD_aro_plus_,14,2459,1144,4.535405318632205,20.56990140427729,109.41173,0.40538930141525403
A1_LCD_aro_plus_,14,2459,1145,5.122051669249465,26.235413302461225,171.13289,0.6379634801536902
A1_LCD_aro_plus_,14,2459,1146,3.305759931757488,10.928048726413273,96.01897,0.48486313545642934
A1_LCD_aro_plus_,14,2459,1147,3.6872625894852447,13.595905403817433,62.986717,0.38086019316048514
A1_LCD_aro_plus_,14,2459,1148,3.4490724331719513,11.896100649266685,74.28235,0.39844765767631163
A1_LCD_aro_plus_,14,2459,1149,4.102318409712816,16.829016334668687,105.65622,0.45729913089219204
A1_LCD_aro_plus_,14,2459,1150,2.422849902710529,5.870201651064418,9.064578,0.06692673111790032
A1_LCD_aro_plus_,14,2459,1151,3.809464000245007,14.512015969162686,97.594376,0.654479807412395
A1_LCD_aro_plus_,14,2459,1152,3.6395127428863487,13.246053005632108,99.884674,0.48263344958914944
A1_LCD_aro_plus_,14,2459,1153,3.4266319150147213,11.741806280997462,74.325195,0.5155899222323712
A1_LCD_aro_plus_,14,2459,1154,3.974583011960673,15.79731011896637,86.57649,0.46609513046110707
A1_LCD_aro_plus_,14,2459,1155,3.3533184765321726,11.24474480505205,120.64668,0.5222620289555704
A1_LCD_aro_plus_,14,2459,1156,2.641885200098344,6.9795574104986695,10.7450695,0.1698791954327315
A1_LCD_aro_plus_,14,2459,1157,4.552344795403662,20.72384313623882,175.39299,0.6346015621584199
A1_LCD_aro_plus_,14,2459,1158,5.2599924942017635,27.667521039058887,146.89648,0.7730617588782085
A1_LCD_aro_plus_,14,2459,1159,4.53216547338286,20.540523878123686,179.98395,0.7344482583923686
A1_LCD_aro_plus_,14,2459,1160,3.6683627683488664,13.456885400208158,122.372955,0.5820789595705835
A1_LCD_aro_plus_,14,2459,1161,3.341207682456839,11.163668777308601,70.36749,0.31375770458840263
A1_LCD_aro_plus_,14,2459,1162,2.8812376210978865,8.301530229229808,28.098042,0.3548328445525779
A1_LCD_aro_plus_,14,2459,1163,3.501820799006553,12.262748908354892,140.89728,0.6523922747526325
A1_LCD_aro_plus_,14,2459,1164,3.6800500710086426,13.542768525130715,73.196205,0.6557448278040425
A1_LCD_aro_plus_,14,2459,1165,2.9080489534878686,8.45674871588189,6.982087,0.3651893586439401
A1_LCD_aro_plus_,14,2459,1166,2.996510159389145,8.979073135322361,51.33757,0.17297456819376283
A1_LCD_aro_plus_,14,2459,1167,3.734738272953821,13.948269967466091,40.82257,0.599593914592752
A1_LCD_aro_plus_,14,2459,1168,3.643145409448646,13.272508474386745,118.430565,0.6467056306777048
A1_LCD_aro_plus_,14,2459,1169,3.3168816093234477,11.001703610268109,139.32402,0.33297845659329245
A1_LCD_aro_plus_,14,2459,1170,2.591486172170356,6.715800580550164,19.707203,0.21355831338989417
A1_LCD_aro_plus_,14,2459,1171,3.592640585338272,12.907066375419722,55.052223,0.37208096601322455
A1_LCD_aro_plus_,14,2459,1172,3.426930027728376,11.743849414946403,99.16519,0.5316368819476466
A1_LCD_aro_plus_,14,2459,1173,5.033219714969117,25.3333006991538,207.38435,0.7779518466435655
A1_LCD_aro_plus_,14,2459,1174,3.620467675609462,13.10778619013298,69.64313,0.3547965192430264
A1_LCD_aro_plus_,14,2459,1175,2.4575215073181673,6.039411958931357,26.839428,0.3208593001365707
A1_LCD_aro_plus_,14,2459,1176,3.510730666026091,12.325229809376,114.526306,0.3312710028412789
A1_LCD_aro_plus_,14,2459,1177,4.095117953077093,16.769991049614323,121.05899,0.3840542728235279
A1_LCD_aro_plus_,14,2459,1178,3.204939803740055,10.27163914559734,60.999107,0.36932649683483615
A1_LCD_aro_plus_,14,2459,1179,6.105795631737371,37.28074029654318,285.6544,0.8416631976890683
A1_LCD_aro_plus_,14,2459,1180,5.609741370783518,31.469198247080147,264.6148,0.7748539360736096
A1_LCD_aro_plus_,14,2459,1181,3.842377638758656,14.763865918832545,166.09549,0.2951124077553967
A1_LCD_aro_plus_,14,2459,1182,3.533201098328509,12.483510001229781,5.464384,0.32721478046611263
A1_LCD_aro_plus_,14,2459,1183,2.9498266463044827,8.701477243247952,1.5825361,0.23403586011900154
A1_LCD_aro_plus_,14,2459,1184,2.8473678182857904,8.107503492609585,39.780025,0.5374593419945548
A1_LCD_aro_plus_,14,2459,1185,3.6827637971961136,13.562749185938339,40.40802,0.5519722181889146
A1_LCD_aro_plus_,14,2459,1186,3.2128803564289674,10.322600184727127,47.070587,0.21650666818464304
A1_LCD_aro_plus_,14,2459,1187,2.6357778175847404,6.947324703671776,12.389513,0.17835769255838407
A1_LCD_aro_plus_,14,2459,1188,3.443680137959381,11.858932892575938,84.944435,0.41752379855221566
A1_LCD_aro_plus_,14,2459,1189,3.5173404028697592,12.371683509659999,104.35756,0.6589346953703503
A1_LCD_aro_plus_,14,2459,1190,3.481431476426389,12.120365125052425,93.115654,0.43285548061383955
A1_LCD_aro_plus_,14,2459,1191,3.7142426799667057,13.795598685686253,140.01564,0.5680284500146401
A1_LCD_aro_plus_,14,2459,1192,4.47897915452708,20.061254266688106,197.18164,0.7833967545780254
A1_LCD_aro_plus_,14,2459,1193,3.7187688266741614,13.829241586243521,122.052376,0.5175160892915204
A1_LCD_aro_plus_,14,2459,1194,5.034986215284047,25.35108618810038,117.48422,0.6829116165522893
A1_LCD_aro_plus_,14,2459,1195,2.988735994614268,8.932542845502937,82.66561,0.45110407466211083
A1_LCD_aro_plus_,14,2459,1196,2.771800437715325,7.682877666518868,27.640797,0.24972311466627176
A1_LCD_aro_plus_,14,2459,1197,3.043476807154425,9.262751075686891,8.620686,0.4197019353182289
A1_LCD_aro_plus_,14,2459,1198,2.9147132906547872,8.495553566719657,54.56305,0.249061736941684
A1_LCD_aro_plus_,14,2459,1199,3.8578110690636875,14.882706244590311,193.21414,0.539798528602476
A1_LCD_aro_plus_,14,2459,1200,3.490964002842863,12.186829669144664,61.666805,0.6022041125372346
A1_LCD_aro_plus_,14,2459,1201,4.154795146199382,17.262322706881957,111.924675,0.5217936509861869
A1_LCD_aro_plus_,14,2459,1202,2.5010927430826606,6.255464909500749,26.107197,0.1588782116747644
A1_LCD_aro_plus_,14,2459,1203,2.9584519625666768,8.752438014814622,55.963272,0.2911946924082853
A1_LCD_aro_plus_,14,2459,1204,3.969400202294473,15.7561379659754,92.77142,0.49178868628104433
A1_LCD_aro_plus_,14,2459,1205,2.6983908695776964,7.281313285020276,72.508286,0.36031247778786113
A1_LCD_aro_plus_,14,2459,1206,4.937108725858967,24.375042570952743,228.77536,0.7652812072971781
A1_LCD_aro_plus_,14,2459,1207,3.769293996909248,14.207577235136092,83.24449,0.4395983719427421
A1_LCD_aro_plus_,14,2459,1208,3.9781257278911353,15.825484306909376,60.538925,0.44776094611773254
A1_LCD_aro_plus_,14,2459,1209,4.744844262237763,22.51354707289061,88.90613,0.4669414486199168
A1_LCD_aro_plus_,14,2459,1210,4.591142260358946,21.07858725485385,137.21712,0.5565019700143709
A1_LCD_aro_plus_,14,2459,1211,3.0796306573747296,9.484124985842309,25.397999,0.3361192522267704
A1_LCD_aro_plus_,14,2459,1212,3.4136255839460494,11.652839627371007,43.310684,0.5749759827508282
A1_LCD_aro_plus_,14,2459,1213,3.9072095789618877,15.266286693931532,100.11047,0.5430407676331543
A1_LCD_aro_plus_,14,2459,1214,3.107044324641167,9.653724435284882,104.71591,0.5680576421671722
A1_LCD_aro_plus_,14,2459,1215,3.4631377519566158,11.993323089027122,128.53693,0.46347096619241224
A1_LCD_aro_plus_,14,2459,1216,4.481822465583866,20.086732613012245,111.79312,0.8181096589265189
A1_LCD_aro_plus_,14,2459,1217,2.712920272239452,7.359936403527783,57.939964,0.30158522149217026
A1_LCD_aro_plus_,14,2459,1218,3.465526302272725,12.009872551744069,62.278778,0.14269031677451774
A1_LCD_aro_plus_,14,2459,1219,4.255214191313112,18.1068478139525,145.68448,0.7347751114243806
A1_LCD_aro_plus_,14,2459,1220,3.7366337357997543,13.96243167551683,152.05882,0.5756281538011376
A1_LCD_aro_plus_,14,2459,1221,3.1891241591740656,10.17051290262769,25.179092,0.4876778958755359
A1_LCD_aro_plus_,14,2459,1222,2.5789369377774456,6.650915729032909,17.051847,0.3591113859496949
A1_LCD_aro_plus_,14,2459,1223,2.657499392618521,7.062303021767807,46.996525,0.4776596000393397
A1_LCD_aro_plus_,14,2459,1224,3.7727158588868224,14.233384951896129,79.94733,0.5987184837626551
A1_LCD_aro_plus_,14,2459,1225,3.5999741522832243,12.95981389710732,95.81388,0.6115205334613879
A1_LCD_aro_plus_,14,2459,1226,3.6461779918426758,13.294613948197886,45.350533,0.20417154910719054
A1_LCD_aro_plus_,14,2459,1227,3.1138421598834523,9.696012996667646,62.819016,0.3084343044544776
A1_LCD_aro_plus_,14,2459,1228,3.6711050046623357,13.477011955256849,130.77193,0.6006988595865964
A1_LCD_aro_plus_,14,2459,1229,3.4879301228072035,12.165656541585875,54.94318,0.29077146481233873
A1_LCD_aro_plus_,14,2459,1230,3.7029510940169246,13.711846804681135,90.20011,0.4934317369454069
A1_LCD_aro_plus_,14,2459,1231,2.6258095935215637,6.894876021429881,29.46228,0.25175070890957757
A1_LCD_aro_plus_,14,2459,1232,3.7486650432671422,14.052489606613044,69.56855,0.6032023092317488
A1_LCD_aro_plus_,14,2459,1233,3.0183883400648064,9.110668171439178,73.92502,0.31890469729208115
A1_LCD_aro_plus_,14,2459,1234,2.9997931270526346,8.998758805112224,82.00731,0.3932542219627745
A1_LCD_aro_plus_,14,2459,1235,3.5827919319664048,12.836398027763561,39.43232,0.5179318790817251
A1_LCD_aro_plus_,14,2459,1236,2.5038462082094144,6.2692458343646615,17.820004,0.1354444743112902
A1_LCD_aro_plus_,14,2459,1237,3.1832930496343046,10.133354639850072,36.705173,0.21806963117495926
A1_LCD_aro_plus_,14,2459,1238,2.564029261664301,6.574246054670781,23.67531,0.3152497091629656
A1_LCD_aro_plus_,14,2459,1239,3.06622527627638,9.401737444876167,67.998795,0.4073591603747237
A1_LCD_aro_plus_,14,2459,1240,3.7994107493961855,14.435522042627285,68.57644,0.48425475977629495
A1_LCD_aro_plus_,14,2459,1241,4.154021688366697,17.255896187420916,102.12305,0.6558008915526896
A1_LCD_aro_plus_,14,2459,1242,4.041051015984017,16.33009331378545,125.48483,0.5602616571258862
A1_LCD_aro_plus_,14,2459,1243,5.372750104971661,28.866443690472988,230.99931,0.7717716885097974
A1_LCD_aro_plus_,14,2459,1244,3.9602216461988955,15.683355487022292,137.8074,0.48258803534713246
A1_LCD_aro_plus_,14,2459,1245,3.5025577052511645,12.267910478614303,73.77481,0.46433510451268656
A1_LCD_aro_plus_,14,2459,1246,4.638040440227334,21.511419125184165,128.04112,0.7359193431277946
A1_LCD_aro_plus_,14,2459,1247,2.7509374201873684,7.567656689787134,76.918274,0.2665407975657051
A1_LCD_aro_plus_,14,2459,1248,3.482304181278262,12.126442410948062,71.856094,0.5856260403072719
A1_LCD_aro_plus_,14,2459,1249,3.7433055261044537,14.012336261764142,114.54123,0.45360930164332935
A1_LCD_aro_plus_,14,2459,1250,2.7045253427298745,7.314457329468143,41.013046,0.15983566993073992
A1_LCD_aro_plus_,14,2459,1251,3.4689645248567422,12.033714874714567,53.352592,0.32158363707526816
A1_LCD_aro_plus_,14,2459,1252,3.5018009064493776,12.262609588409687,41.016426,0.48525353809440186
A1_LCD_aro_plus_,14,2459,1253,3.016229468471794,9.09764020647764,40.755474,0.23488289458176734
A1_LCD_aro_plus_,14,2459,1254,3.32095201596647,11.028722292351759,51.645042,0.23501031474642733
A1_LCD_aro_plus_,14,2459,1255,3.0284409393755936,9.171454523286128,23.378357,0.4742973242027111
A1_LCD_aro_plus_,14,2459,1256,4.203441055870109,17.668916710174422,34.825733,0.6871849365629574
A1_LCD_aro_plus_,14,2459,1257,4.429013406690031,19.61615975664004,137.10468,0.6569129267167473
A1_LCD_aro_plus_,14,2459,1258,4.468590572787007,19.968301707200915,174.90388,0.5874764662429374
A1_LCD_aro_plus_,14,2459,1259,2.999952745168384,8.99971647324332,84.456566,0.20621137163835385
A1_LCD_aro_plus_,14,2459,1260,3.218105024025297,10.35619994565686,83.335045,0.16090416866915105
A1_LCD_aro_plus_,14,2459,1261,4.13124373499075,17.067174797900318,118.4599,0.6332346185667025
A1_LCD_aro_plus_,14,2459,1262,4.453722026569548,19.835639889950766,75.18956,0.45858707275668914
A1_LCD_aro_plus_,14,2459,1263,4.180783114338829,17.478947449140673,93.73553,0.5622809295042698
A1_LCD_aro_plus_,14,2459,1264,3.6299246221754156,13.176352762675332,54.86888,0.48480538633547154
A1_LCD_aro_plus_,14,2459,1265,4.2079980283297065,17.707247406426692,137.41714,0.5861676858977244
A1_LCD_aro_plus_,14,2459,1266,4.203628171190144,17.670489801623397,72.093,0.5839658649351139
A1_LCD_aro_plus_,14,2459,1267,3.0272551450929854,9.164273713491953,20.638393,0.31883865019775925
A1_LCD_aro_plus_,14,2459,1268,3.199844708829682,10.239006160625316,30.53093,0.3548905172747929
A1_LCD_aro_plus_,14,2459,1269,2.693985917730093,7.257560124928051,44.261803,0.20340298008682914
A1_LCD_aro_plus_,14,2459,1270,4.055492272204674,16.447017569911832,177.55542,0.6428302510800039
A1_LCD_aro_plus_,14,2459,1271,4.930210930934135,24.30697982350242,150.5508,0.8226536907605444
A1_LCD_aro_plus_,14,2459,1272,3.3384555156085853,11.14528522969739,73.349304,0.34609513434802375
A1_LCD_aro_plus_,14,2459,1273,2.901122525187344,8.41651190614939,6.049759,0.2222400435439338
A1_LCD_aro_plus_,14,2459,1274,3.369430639562494,11.353062834822518,64.65856,0.2762997814660793
A1_LCD_aro_plus_,14,2459,1275,3.9915535144828618,15.93249945898049,113.07859,0.413212171186836
A1_LCD_aro_plus_,14,2459,1276,3.643272066416591,13.273431349931418,81.127075,0.5658906689140348
A1_LCD_aro_plus_,14,2459,1277,4.8188040585681415,23.220872554872795,143.10701,0.7799907115608204
A1_LCD_aro_plus_,14,2459,1278,4.088847954833683,16.718677597747586,134.65797,0.5405097625073938
A1_LCD_aro_plus_,14,2459,1279,3.596082004597486,12.931805783789871,67.757164,0.4819113231088116
A1_LCD_aro_plus_,14,2459,1280,3.546718350074309,12.57921105475383,56.71024,0.5043133158040692
A1_LCD_aro_plus_,14,2459,1281,3.536089662525855,12.503930101422213,82.54429,0.40320095940744816
A1_LCD_aro_plus_,14,2459,1282,4.870961545063149,23.726266373483984,121.07184,0.6936656674482151
A1_LCD_aro_plus_,14,2459,1283,2.5385636023590368,6.444305163222087,68.502846,0.2977245389888692
A1_LCD_aro_plus_,14,2459,1284,3.170767048412061,10.05376367529573,107.058876,0.31153508241953015
A1_LCD_aro_plus_,14,2459,1285,3.3455998907707727,11.193038629125402,58.600765,0.25581469964986464
A1_LCD_aro_plus_,14,2459,1286,2.994274916674244,8.965682276624547,46.29978,0.4903200601890674
A1_LCD_aro_plus_,14,2459,1287,3.339120913275253,11.149728473472162,39.65146,0.3000502764521126
A1_LCD_aro_plus_,14,2459,1288,3.0574147250585373,9.347784801004773,42.304306,0.41596118847223407
A1_LCD_aro_plus_,14,2459,1289,2.935425115792695,8.616720610426556,15.79027,0.4858849959782354
A1_LCD_aro_plus_,14,2459,1290,3.508905557355505,12.312418210440349,68.02351,0.3562894534315932
A1_LCD_aro_plus_,14,2459,1291,5.110351610043612,26.115693578275334,191.43332,0.7589221238373136
A1_LCD_aro_plus_,14,2459,1292,4.546169547422265,20.66765755390956,158.13199,0.7810112806658684
A1_LCD_aro_plus_,14,2459,1293,3.387662791406981,11.476259188283338,70.11197,0.42407853478226215
A1_LCD_aro_plus_,14,2459,1294,3.8667757228023487,14.95195449045363,122.057846,0.35288779522115943
A1_LCD_aro_plus_,14,2459,1295,3.9334430419671698,15.471974164399942,148.21843,0.43809974783414585
A1_LCD_aro_plus_,14,2459,1296,5.012878161412328,25.128947461164636,253.18747,0.7071938988207218
A1_LCD_aro_plus_,14,2459,1297,4.425644531041558,19.58632951513806,109.933014,0.6014358213919659
A1_LCD_aro_plus_,14,2459,1298,4.208078805395986,17.707927232422914,95.83087,0.6624737411218476
A1_LCD_aro_plus_,14,2459,1299,2.759119183694561,7.612738669831342,63.58798,0.20709266366676282
A1_LCD_aro_plus_,14,2459,1300,3.398817742675395,11.551962047925068,110.95015,0.5449256679383166
A1_LCD_aro_plus_,14,2459,1301,3.6792201245463123,13.53666072486658,129.30432,0.6062096553745476
A1_LCD_aro_plus_,14,2459,1302,3.143575538877742,9.882067168630487,75.61681,0.5392421096267119
A1_LCD_aro_plus_,14,2459,1303,3.8437833673734265,14.774670575296597,115.6629,0.6258281099280958
A1_LCD_aro_plus_,14,2459,1304,2.028611701387626,4.1152654350067985,5.965542,0.07397603469271247
A1_LCD_aro_plus_,14,2459,1305,3.3392381073662993,11.150511137687268,67.904976,0.49937644607911447
A1_LCD_aro_plus_,14,2459,1306,2.5158668487393254,6.329586000585541,20.67255,0.10465905864862948
A1_LCD_aro_plus_,14,2459,1307,2.923777139898674,8.54847276379407,44.92367,0.5217316407381579
A1_LCD_aro_plus_,14,2459,1308,3.407707518944614,11.612470534671658,63.109123,0.22867811593536314
A1_LCD_aro_plus_,14,2459,1309,3.025030318189572,9.150808425966106,20.96013,0.27581621334689915
A1_LCD_aro_plus_,14,2459,1310,2.6463746144758713,7.003298600142316,33.28211,0.3224506682567455
A1_LCD_aro_plus_,14,2459,1311,3.592640237380191,12.907063875243193,43.413826,0.6656114238760013
A1_LCD_aro_plus_,14,2459,1312,3.6864860011991327,13.590179037037167,86.846176,0.5701496938756703
A1_LCD_aro_plus_,14,2459,1313,3.4500285938647517,11.902697298484396,84.158035,0.3874049328832959
A1_LCD_aro_plus_,14,2459,1314,3.934207449156642,15.47798825299961,91.57822,0.3295486186406448
A1_LCD_aro_plus_,14,2459,1315,3.5346373626610426,12.493661285519414,80.949905,0.2600162498833114
A1_LCD_aro_plus_,14,2459,1316,3.3002900753970823,10.891914581764482,42.08355,0.40706841133168026
A1_LCD_aro_plus_,14,2459,1317,3.8198099393924405,14.590947973081276,108.55812,0.5635322472680938
A1_LCD_aro_plus_,14,2459,1318,3.4055793874413935,11.597970964165697,43.33495,0.24773823099090697
A1_LCD_aro_plus_,14,2459,1319,2.9719445944006524,8.832454672187255,84.5961,0.5386942132211667
A1_LCD_aro_plus_,14,2459,1320,4.939340976705429,24.397089284161336,225.80501,0.852946217897712
A1_LCD_aro_plus_,14,2459,1321,3.4016204605833495,11.57102175785928,105.7145,0.2961750908820342
A1_LCD_aro_plus_,14,2459,1322,3.374714971675652,11.388701140051797,40.42756,0.441846288230559
A1_LCD_aro_plus_,14,2459,1323,2.6315953097283113,6.925293874184047,28.857616,0.19540517832946575
A1_LCD_aro_plus_,14,2459,1324,2.8638810998947344,8.201814954334274,32.77922,0.1347220826834497
A1_LCD_aro_plus_,14,2459,1325,3.954705941757104,15.639699085768944,97.53377,0.41796566536326785
A1_LCD_aro_plus_,14,2459,1326,3.4236000925729133,11.72103759386526,32.617233,0.18495651640354605
A1_LCD_aro_plus_,14,2459,1327,4.3434121786792135,18.86522935389892,170.97748,0.45824403328117613
A1_LCD_aro_plus_,14,2459,1328,3.9607383172855894,15.68744801801428,85.11824,0.6517441718951571
A1_LCD_aro_plus_,14,2459,1329,3.035515253704144,9.214352855470535,80.43533,0.38109285705630613
A1_LCD_aro_plus_,14,2459,1330,2.7035013468530376,7.308919532436187,24.279448,0.12022830779575591
A1_LCD_aro_plus_,14,2459,1331,2.7377726271704788,7.495398958083945,31.416725,0.11164206902278598
A1_LCD_aro_plus_,14,2459,1332,2.2917851248375682,5.2522790584267485,12.890893,0.13623397843888047
A1_LCD_aro_plus_,14,2459,1333,2.4334972829662567,5.921909026204155,16.867493,0.18515801647461996
A1_LCD_aro_plus_,14,2459,1334,3.7251623797354463,13.876834755396256,111.507645,0.6410047100284663
A1_LCD_aro_plus_,14,2459,1335,3.764233158566035,14.169451272048034,141.28905,0.6177529971058502
A1_LCD_aro_plus_,14,2459,1336,3.6033646657639054,12.98423691447582,49.218964,0.2709237215542091
A1_LCD_aro_plus_,14,2459,1337,4.398670229615414,19.348299788904917,117.96381,0.713381079897711
A1_LCD_aro_plus_,14,2459,1338,4.946215784652999,24.46505058835048,235.78793,0.7785431495521902
A1_LCD_aro_plus_,14,2459,1339,3.945501791188349,15.566984384270471,152.84409,0.6934440162856653
A1_LCD_aro_plus_,14,2459,1340,3.4032988158061492,11.58244282966754,45.86593,0.588521288885703
A1_LCD_aro_plus_,14,2459,1341,2.9189720285310954,8.520397703346935,14.895634,0.13664535031687197
A1_LCD_aro_plus_,14,2459,1342,3.264843871352335,10.659205504306902,7.9641337,0.42621824307724765
A1_LCD_aro_plus_,14,2459,1343,2.9901417029310786,8.940947403607568,9.481726,0.26831258739188135
A1_LCD_aro_plus_,14,2459,1344,4.0900963540742445,16.728888185611435,113.029366,0.5529231856237647
A1_LCD_aro_plus_,14,2459,1345,4.039390050313544,16.31667197857205,66.11865,0.2924989606838676
A1_LCD_aro_plus_,14,2459,1346,4.146479883910699,17.19329542767608,135.1677,0.7302563095421344
A1_LCD_aro_plus_,14,2459,1347,4.73211715940008,22.392932810288688,130.2704,0.755590062008876
A1_LCD_aro_plus_,14,2459,1348,3.978036459214299,15.824774070838236,118.89023,0.6042174609977412
A1_LCD_aro_plus_,14,2459,1349,2.5177853863862216,6.339243251900016,22.101936,0.12258876061471008
A1_LCD_aro_plus_,14,2459,1350,3.9586738440449056,15.671098603525271,143.63986,0.6374875859575939
A1_LCD_aro_plus_,14,2459,1351,3.2557474817707464,10.599891665056553,47.95806,0.28227238079368927
A1_LCD_aro_plus_,14,2459,1352,2.3617548583597787,5.577886010986018,57.09457,0.1863724303593578
A1_LCD_aro_plus_,14,2459,1353,2.4569036574455456,6.0363755819693,59.088623,0.10817471277599816
A1_LCD_aro_plus_,14,2459,1354,3.4579991843932434,11.957758359264336,90.096756,0.3575181433489486
A1_LCD_aro_plus_,14,2459,1355,3.442871494801794,11.85336412971874,60.824142,0.40307880724354517
A1_LCD_aro_plus_,14,2459,1356,5.505522520663102,30.310778225528598,257.3815,0.7075843446644582
A1_LCD_aro_plus_,14,2459,1357,4.8837019282204475,23.850544523704116,157.08577,0.5381789041212031
A1_LCD_aro_plus_,14,2459,1358,2.3343935287193376,5.44939314692672,5.395314,0.15804897651707295
A1_LCD_aro_plus_,14,2459,1359,2.8861058501450327,8.329606978241381,48.585884,0.3614842112262929
A1_LCD_aro_plus_,14,2459,1360,4.165229323915054,17.34913532080186,99.345535,0.6826826440661103
A1_LCD_aro_plus_,14,2459,1361,4.593227314437416,21.097737162093964,137.05634,0.7886689643557828
A1_LCD_aro_plus_,14,2459,1362,3.3521036224590777,11.236598695703272,70.64078,0.3855436171939087
A1_LCD_aro_plus_,14,2459,1363,2.780886081013936,7.733327395577049,55.20088,0.5749822169300045
A1_LCD_aro_plus_,14,2459,1364,3.660322764212304,13.397962738210806,7.7178593,0.6247273832952468
A1_LCD_aro_plus_,14,2459,1365,3.0414676137165086,9.250525245286397,35.99226,0.2212074238795695
A1_LCD_aro_plus_,14,2459,1366,3.857908281817553,14.883456310916463,107.512764,0.568929508829202
A1_LCD_aro_plus_,14,2459,1367,4.845498105082961,23.47885188636257,244.35336,0.6201852721142874
A1_LCD_aro_plus_,14,2459,1368,3.923971509447395,15.397552406954869,10.423854,0.3173638840701274
A1_LCD_aro_plus_,14,2459,1369,3.339376428644806,11.151434932188538,43.517914,0.48009682341118826
A1_LCD_aro_plus_,14,2459,1370,2.864643311997713,8.206181304973228,48.031746,0.2475371710911342
A1_LCD_aro_plus_,14,2459,1371,2.3898047070171895,5.7111665376815175,8.405944,0.202166586903596
A1_LCD_aro_plus_,14,2459,1372,4.276832601243356,18.29129709905801,127.34424,0.5087411514780584
A1_LCD_aro_plus_,14,2459,1373,3.2268061922752485,10.412278202505888,24.127415,0.3042016184480496
A1_LCD_aro_plus_,14,2459,1374,2.9887881805814094,8.932854788383127,53.26255,0.29215557697253575
A1_LCD_aro_plus_,14,2459,1375,3.136853366189233,9.839849040972725,31.699585,0.3268011786327175
A1_LCD_aro_plus_,14,2459,1376,3.1583610216241054,9.975244342914463,14.040173,0.11678465872874048
A1_LCD_aro_plus_,14,2459,1377,3.040411396092028,9.244101457486273,95.22708,0.38784937845100065
A1_LCD_aro_plus_,14,2459,1378,3.2349916911369276,10.46517124172496,73.21365,0.4212899737673311
A1_LCD_aro_plus_,14,2459,1379,3.398467623721736,11.549582189484864,81.96,0.47414167497916615
A1_LCD_aro_plus_,14,2459,1380,2.3695955141413285,5.614982900638707,21.507874,0.2392982407595461
A1_LCD_aro_plus_,14,2459,1381,2.6615250083589284,7.083715370119994,35.873676,0.31126792543551857
A1_LCD_aro_plus_,14,2459,1382,3.362585658130701,11.306982308266281,96.6689,0.3694102103130348
A1_LCD_aro_plus_,14,2459,1383,3.7471488197274576,14.04112427718488,114.609604,0.7400312589569474
A1_LCD_aro_plus_,14,2459,1384,4.001835121329927,16.014684338309717,47.423943,0.4457318443114885
A1_LCD_aro_plus_,14,2459,1385,2.4536867526613646,6.020578680185871,23.394444,0.13501315207319609
A1_LCD_aro_plus_,14,2459,1386,4.050780949455595,16.40882630047237,151.85193,0.5256407847244134
A1_LCD_aro_plus_,14,2459,1387,3.9176239370671952,15.34777731228187,179.94498,0.48495890808036607
A1_LCD_aro_plus_,14,2459,1388,3.4030629323366304,11.580837321443584,64.7772,0.5666563911855489
A1_LCD_aro_plus_,14,2459,1389,2.5910157971259835,6.713362860956394,46.24123,0.23156822980127495
A1_LCD_aro_plus_,14,2459,1390,3.8442208619003004,14.77803403506949,96.47082,0.6639916312740868
A1_LCD_aro_plus_,14,2459,1391,3.6547961071708372,13.357534584991104,68.586365,0.46935039656467115
A1_LCD_aro_plus_,14,2459,1392,4.56061241165388,20.79918556933142,138.30406,0.5103717114067223
A1_LCD_aro_plus_,14,2459,1393,3.571847559344526,12.758094987195447,55.3809,0.41575758567933585
A1_LCD_aro_plus_,14,2459,1394,2.495296205550998,6.226503153437208,16.618801,0.18051813562149335
A1_LCD_aro_plus_,14,2459,1395,4.347421817638296,18.90007646047747,122.65361,0.6814895494978337
A1_LCD_aro_plus_,14,2459,1396,2.355163013008668,5.546792817844068,34.87086,0.2024223638289035
A1_LCD_aro_plus_,14,2459,1397,2.444909382493352,5.977581888604026,25.438665,0.3005447559264207
A1_LCD_aro_plus_,14,2459,1398,3.695621260129713,13.657616498322726,50.391773,0.35118389603017247
A1_LCD_aro_plus_,14,2459,1399,3.3883639199482145,11.48101005400683,55.45131,0.3408892522467483
A1_LCD_aro_plus_,14,2459,1400,5.295626726201286,28.043662423257352,139.94646,0.6459057951408711
A1_LCD_aro_plus_,14,2459,1401,3.054348329933769,9.329043720569205,1.4856178,0.2658873125574699
A1_LCD_aro_plus_,14,2459,1402,2.997561931982217,8.98537753606896,21.775627,0.30396352963932916
A1_LCD_aro_plus_,14,2459,1403,3.8828027027659213,15.076156828606347,52.26182,0.4770004606845271
A1_LCD_aro_plus_,14,2459,1404,6.6813221726982075,44.6400659753887,370.8894,0.8637544946644851
A1_LCD_aro_plus_,14,2459,1405,3.4600042615842863,11.971629490181417,35.180798,0.4647495141224883
A1_LCD_aro_plus_,14,2459,1406,2.948528232036187,8.693818735114442,23.042551,0.3572647212594639
A1_LCD_aro_plus_,14,2459,1407,3.430248188160503,11.766602632378417,89.06277,0.4869605815601632
A1_LCD_aro_plus_,14,2459,1408,2.6545768906012865,7.046778468114396,27.99881,0.29769619405389963
A1_LCD_aro_plus_,14,2459,1409,2.854504566953694,8.148196322759496,17.040293,0.2549807213479801
A1_LCD_aro_plus_,14,2459,1410,5.995402727105958,35.94485386018956,218.52855,0.8331813549781213
A1_LCD_aro_plus_,14,2459,1411,3.231508535628672,10.44264741584096,22.876047,0.21775300844495973
A1_LCD_aro_plus_,14,2459,1412,2.2707025766206836,5.1560901914718125,11.070965,0.2299096758345788
A1_LCD_aro_plus_,14,2459,1413,2.460142538173397,6.052301308130243,9.423341,0.14111289572382318
A1_LCD_aro_plus_,14,2459,1414,2.3773965255654512,5.652014239770677,33.911926,0.23765052868128134
A1_LCD_aro_plus_,14,2459,1415,3.521094521032948,12.398106626048246,96.002365,0.5969614696603918
A1_LCD_aro_plus_,14,2459,1416,2.5391804024378146,6.447437116124261,42.41761,0.09627866664820198
A1_LCD_aro_plus_,14,2459,1417,2.128553672582267,4.530740737063458,2.0797832,0.08058329227088366
A1_LCD_aro_plus_,14,2459,1418,3.6235873443676083,13.1303852422611,55.671494,0.23023121851732797
A1_LCD_aro_plus_,14,2459,1419,3.219665715898901,10.366247322134784,121.17953,0.5192238446967021
A1_LCD_aro_plus_,14,2459,1420,2.676425525642801,7.163253594312342,16.563057,0.38084315293451393
A1_LCD_aro_plus_,14,2459,1421,2.3818740686427264,5.673324078872657,12.26357,0.11895068409484508
A1_LCD_aro_plus_,14,2459,1422,2.9646285955202463,8.789022709376349,51.03982,0.18292048872666633
A1_LCD_aro_plus_,14,2459,1423,3.2744854861031736,10.722255198700338,26.2133,0.4294555830377472
A1_LCD_aro_plus_,14,2459,1424,3.320005441220658,11.022436129734777,64.08809,0.41981571731038825
A1_LCD_aro_plus_,14,2459,1425,2.9246284232538673,8.553451414104401,53.92347,0.21988279816830497
A1_LCD_aro_plus_,14,2459,1426,3.2171883483730563,10.350300868907354,102.9644,0.35701219076347546
A1_LCD_aro_plus_,14,2459,1427,3.003092393938103,9.018563926528884,25.603493,0.36376071387951736
A1_LCD_aro_plus_,14,2459,1428,4.591237730043681,21.07946389377666,235.36874,0.8102929017494065
A1_LCD_aro_plus_,14,2459,1429,3.505787698234957,12.290547385095556,55.371872,0.6328179696144901
A1_LCD_aro_plus_,14,2459,1430,3.2644468272925864,10.656613088220634,100.63365,0.3716694607021788
A1_LCD_aro_plus_,14,2459,1431,2.9315394808515878,8.593923727791601,48.84903,0.22064524297037322
A1_LCD_aro_plus_,14,2459,1432,4.399029912949836,19.351464175027438,122.320595,0.46330905250122334
A1_LCD_aro_plus_,14,2459,1433,3.3633729667600583,11.312277713532357,98.868805,0.40806223764592564
A1_LCD_aro_plus_,14,2459,1434,3.068353329966203,9.414792157514684,2.988415,0.5082944929099444
A1_LCD_aro_plus_,14,2459,1435,2.6957547794633148,7.267093830999306,71.60501,0.262667431636003
A1_LCD_aro_plus_,14,2459,1436,3.578574523336538,12.80619561907333,161.70262,0.4036485575870955
A1_LCD_aro_plus_,14,2459,1437,2.9637118580034527,8.783587977270281,50.16558,0.49448237076182905
A1_LCD_aro_plus_,14,2459,1438,4.000558747287881,16.00447029050158,89.24185,0.5012805122709953
A1_LCD_aro_plus_,14,2459,1439,3.0952976429618677,9.580867498525292,38.964474,0.4078688650977802
A1_LCD_aro_plus_,14,2459,1440,3.32352340627887,11.045807832083502,90.12336,0.21785947930924782
A1_LCD_aro_plus_,14,2459,1441,2.703281169101485,7.307729079218689,36.24743,0.2797832700075391
A1_LCD_aro_plus_,14,2459,1442,3.455565425583196,11.940932410485974,48.873344,0.6503481684066428
A1_LCD_aro_plus_,14,2459,1443,3.509990975193196,12.320036645937684,130.8728,0.5325977500083521
A1_LCD_aro_plus_,14,2459,1444,3.704218227412354,13.721232676293917,132.43066,0.6310591779208832
A1_LCD_aro_plus_,14,2459,1445,3.915345475629201,15.32993019353006,61.020374,0.5464915586684459
A1_LCD_aro_plus_,14,2459,1446,4.956131017330739,24.563234660947817,132.63211,0.5327752430715245
A1_LCD_aro_plus_,14,2459,1447,3.352707516290152,11.240647689788483,82.0041,0.47302574124850827
A1_LCD_aro_plus_,14,2459,1448,4.528311656035359,20.505606454185703,173.64601,0.6599290461372698
A1_LCD_aro_plus_,14,2459,1449,3.445684522810708,11.872741830737256,90.51605,0.44990228930876164
A1_LCD_aro_plus_,14,2459,1450,2.8610538033559605,8.185628865697609,18.308159,0.2737981542564755
A1_LCD_aro_plus_,14,2459,1451,4.183298699158194,17.499988006378633,118.78162,0.3687022347116218
A1_LCD_aro_plus_,14,2459,1452,5.251454649403838,27.57777593474519,199.27068,0.7388879850616306
A1_LCD_aro_plus_,14,2459,1453,3.205557453577336,10.275598588185215,27.920452,0.3695028728898344
A1_LCD_aro_plus_,14,2459,1454,3.69322186208264,13.639887722565163,40.0195,0.3329587998188382
A1_LCD_aro_plus_,14,2459,1455,2.932348716925267,8.59866899765326,57.689236,0.5216872308597473
A1_LCD_aro_plus_,14,2459,1456,3.0452898788992053,9.273790446525936,61.08384,0.48408748876847996
A1_LCD_aro_plus_,14,2459,1457,2.4823418411531994,6.162021016339857,23.91001,0.20808202433585762
A1_LCD_aro_plus_,14,2459,1458,3.3576192647767193,11.273607127199755,51.787514,0.4176480626836251
A1_LCD_aro_plus_,14,2459,1459,2.923065561639968,8.54431227764558,61.91671,0.39079500045420473
A1_LCD_aro_plus_,14,2459,1460,2.7093168300430994,7.340397685554791,59.49257,0.44023303678467723
A1_LCD_aro_plus_,14,2459,1461,3.054505259787546,9.330002382069784,34.0548,0.5072134166765022
A1_LCD_aro_plus_,14,2459,1462,2.9577482561074344,8.748274746506569,73.18019,0.3730627155711307
A1_LCD_aro_plus_,14,2459,1463,5.078279665929852,25.788924365396607,197.49986,0.8007534147432293
A1_LCD_aro_plus_,14,2459,1464,3.6116515185328315,13.044026691320504,138.2564,0.6258438539403465
A1_LCD_aro_plus_,14,2459,1465,3.533096453784104,12.482770551741815,107.73842,0.39975391289618023
A1_LCD_aro_plus_,14,2459,1466,2.5689604842413565,6.599557969593584,37.371246,0.4736854501854846
A1_LCD_aro_plus_,14,2459,1467,2.9025855119174766,8.42500265399324,30.021774,0.33272588331526487
A1_LCD_aro_plus_,14,2459,1468,3.9507527442168278,15.608447245936794,92.244156,0.7583919293558998
A1_LCD_aro_plus_,14,2459,1469,5.921579829632193,35.06510767870684,420.3393,0.905073396395312
A1_LCD_aro_plus_,14,2459,1470,3.830264046806588,14.670922668259172,124.03757,0.7152343981363288
A1_LCD_aro_plus_,14,2459,1471,2.6488820777409754,7.016576261777344,62.83399,0.1935604270510465
A1_LCD_aro_plus_,14,2459,1472,3.3700347987646437,11.357134544884653,50.90435,0.5174099227177349
A1_LCD_aro_plus_,14,2459,1473,3.75121505040319,14.071614354371405,88.343636,0.5639915867630889
A1_LCD_aro_plus_,14,2459,1474,3.9009834460456636,15.217671846322302,104.94018,0.3049663155853602
A1_LCD_aro_plus_,14,2459,1475,4.895076943544155,23.961778283217594,279.82983,0.8994416649155765
A1_LCD_aro_plus_,14,2459,1476,4.681946846733136,21.92062627563435,147.99599,0.6712289546376204
A1_LCD_aro_plus_,14,2459,1477,3.581389540371193,12.826351039880182,114.28554,0.58957175239911
A1_LCD_aro_plus_,14,2459,1478,2.50700155951101,6.285056819390634,47.83412,0.3495075877086709
A1_LCD_aro_plus_,14,2459,1479,4.003735481036486,16.029897802110465,99.00687,0.7427048061745274
A1_LCD_aro_plus_,14,2459,1480,3.0234186753300905,9.14106048633476,96.700226,0.25776688061211783
A1_LCD_aro_plus_,14,2459,1481,3.0209919762305253,9.126392520449215,64.13002,0.472777234920391
A1_LCD_aro_plus_,14,2459,1482,3.002403557536816,9.014427122309728,37.008915,0.16462432005024955
A1_LCD_aro_plus_,14,2459,1483,3.274777162538463,10.724165464283466,28.566494,0.4681736816518107
A1_LCD_aro_plus_,14,2459,1484,4.005228127500927,16.041852353324582,65.486465,0.2617498174400649
A1_LCD_aro_plus_,14,2459,1485,3.219672513419408,10.366291093668448,81.510475,0.6338655002275465
A1_LCD_aro_plus_,14,2459,1486,3.9869450631412042,15.89573093650602,121.77968,0.6139771561691229
A1_LCD_aro_plus_,14,2459,1487,3.5480197556245443,12.58844418630205,101.608246,0.5721857487201023
A1_LCD_aro_plus_,14,2459,1488,4.013634179682141,16.109259328312735,101.060326,0.3385990851171067
A1_LCD_aro_plus_,14,2459,1489,3.224295538490846,10.396081719531976,89.85896,0.1929189758788181
A1_LCD_aro_plus_,14,2459,1490,4.669562496562096,21.804813909299238,143.4648,0.7476096497813067
A1_LCD_aro_plus_,14,2459,1491,4.3521303373242946,18.94103847305848,96.38939,0.29378673884097095
A1_LCD_aro_plus_,14,2459,1492,2.988155589297054,8.929073825847226,47.831104,0.4889107864091964
A1_LCD_aro_plus_,14,2459,1493,2.9242204577192483,8.55106528534377,50.692432,0.14873878389933973
A1_LCD_aro_plus_,14,2459,1494,3.3904201456037333,11.49494876371564,47.61626,0.31873741708595626
A1_LCD_aro_plus_,14,2459,1495,2.49858765942113,6.242940291811561,23.646927,0.06980463174118329
A1_LCD_aro_plus_,14,2459,1496,2.251461906090894,5.0690807145784404,10.502648,0.10015005392362414
A1_LCD_aro_plus_,14,2459,1497,2.405583695347703,5.7868329153227105,27.263157,0.1825124530657733
A1_LCD_aro_plus_,14,2459,1498,2.307782651172483,5.325860765052695,20.975414,0.11807299010194329
A1_LCD_aro_plus_,14,2459,1499,3.540189280494232,12.532940141726266,59.50406,0.6521576364087992
A1_LCD_aro_plus_,14,2459,1500,3.5481775518356256,12.589563939350255,135.3506,0.32183853666378714
A1_LCD_aro_plus_,14,2459,1501,3.3972511276685107,11.541315224444967,40.0839,0.22714467160949908
A1_LCD_aro_plus_,14,2459,1502,3.2302305812763827,10.434389608213154,44.09992,0.3534006488214311
A1_LCD_aro_plus_,14,2459,1503,3.32807841084572,11.07610590873737,51.784775,0.5201007162153954
A1_LCD_aro_plus_,14,2459,1504,2.3835890169990317,5.681496601958408,3.8266945,0.31494424406607635
A1_LCD_aro_plus_,14,2459,1505,3.2461407763216683,10.537429939698246,54.32777,0.3209732325904771
A1_LCD_aro_plus_,14,2459,1506,3.1678120629004027,10.035033265857304,7.6776195,0.48643162013665475
A1_LCD_aro_plus_,14,2459,1507,2.460931137276143,6.056182062415251,45.4682,0.13475901944822585
A1_LCD_aro_plus_,14,2459,1508,2.9634717818826424,8.782165002014683,14.042521,0.16442280416771246
A1_LCD_aro_plus_,14,2459,1509,3.138459187646604,9.849926072523383,83.25146,0.6263180115079138
A1_LCD_aro_plus_,14,2459,1510,4.153298957537581,17.24989223068276,64.58944,0.35805930002963215
A1_LCD_aro_plus_,14,2459,1511,2.5050049718524665,6.275049909005576,23.93163,0.14326496750628556
A1_LCD_aro_plus_,14,2459,1512,2.576703866280147,6.639402814503056,3.2694871,0.4016304481603262
A1_LCD_aro_plus_,14,2459,1513,3.5490891802561815,12.596034009411493,35.54832,0.22771745216315764
A1_LCD_aro_plus_,14,2459,1514,2.7612257641520763,7.624367720617218,27.159096,0.5507885082380781
A1_LCD_aro_plus_,14,2459,1515,3.0258289012728707,9.155640539778185,55.63381,0.498004340083399
A1_LCD_aro_plus_,14,2459,1516,3.5191906759329115,12.384703013573139,47.618008,0.32826916767112807
A1_LCD_aro_plus_,14,2459,1517,3.6449655295966394,13.28577371194771,78.19459,0.296770666898414
A1_LCD_aro_plus_,14,2459,1518,3.12947790274721,9.793631943783076,128.9746,0.5433261887752586
A1_LCD_aro_plus_,14,2459,1519,3.474174623878634,12.069889317202248,53.264194,0.47120092036666283
A1_LCD_aro_plus_,14,2459,1520,2.8802317204770267,8.29573476364205,31.10199,0.39676838274086057
A1_LCD_aro_plus_,14,2459,1521,3.55550348608847,12.641605039587265,87.53137,0.37323242074757224
A1_LCD_aro_plus_,14,2459,1522,3.509033118831328,12.313313429055116,65.599144,0.4653159101037915
A1_LCD_aro_plus_,14,2459,1523,3.9472135582767818,15.580494874644051,83.902145,0.4503486014173725
A1_LCD_aro_plus_,14,2459,1524,3.7380500373382484,13.973018081644483,78.80533,0.33215308289613027
A1_LCD_aro_plus_,14,2459,1525,3.886047161306767,15.101362539900384,78.44767,0.6442270284630389
A1_LCD_aro_plus_,14,2459,1526,2.91724256456798,8.510304180527164,67.87145,0.3859103749562104
A1_LCD_aro_plus_,14,2459,1527,2.272790516102153,5.165576730083893,6.6255255,0.11084267361015651
A1_LCD_aro_plus_,14,2459,1528,3.368704366730762,11.348169110430906,69.7516,0.14752634421337246
A1_LCD_aro_plus_,14,2459,1529,4.056356218692129,16.4540257729223,83.676765,0.5761733967168264
A1_LCD_aro_plus_,14,2459,1530,4.179449942816474,17.46780182450862,160.3176,0.5657959652320199
A1_LCD_aro_plus_,14,2459,1531,2.7836501631469135,7.748708230787835,65.96945,0.16878965395614692
A1_LCD_aro_plus_,14,2459,1532,3.62712822023432,13.156059126020184,86.239235,0.23426053360912286
A1_LCD_aro_plus_,14,2459,1533,2.7273733371333404,7.438565320105856,20.202297,0.35017061882205885
A1_LCD_aro_plus_,14,2459,1534,3.511761436968199,12.332468390176949,100.90613,0.4552204354383692
A1_LCD_aro_plus_,14,2459,1535,3.2777581254313297,10.743698328831103,68.32861,0.47889111869309015
A1_LCD_aro_plus_,14,2459,1536,3.6730360060844407,13.491193501992738,146.21953,0.6290924735007429
A1_LCD_aro_plus_,14,2459,1537,2.786297078595367,7.763451410189076,37.939323,0.16761639906332204
A1_LCD_aro_plus_,14,2459,1538,3.557396908816124,12.655072766854518,132.92365,0.5862697177384647
A1_LCD_aro_plus_,14,2459,1539,3.07899549304745,9.480213246206509,82.34082,0.3562579654605802
A1_LCD_aro_plus_,14,2459,1540,2.9437611701829924,8.665729827077142,48.800854,0.1843116123716313
A1_LCD_aro_plus_,14,2459,1541,3.3113906387254564,10.965307962238585,21.535606,0.24004352173119675
A1_LCD_aro_plus_,14,2459,1542,3.4225658926203866,11.713957289328379,32.857544,0.31199403485532345
A1_LCD_aro_plus_,14,2459,1543,3.5335034623978436,12.48564671877755,26.979322,0.3663474212231074
A1_LCD_aro_plus_,14,2459,1544,3.0395246723170626,9.238710233624147,35.139732,0.2850816849791088
A1_LCD_aro_plus_,14,2459,1545,3.8536920139293085,14.850942138222528,77.79416,0.39480832178377945
A1_LCD_aro_plus_,14,2459,1546,3.279109424684534,10.752558619054936,24.436789,0.40128932742877976
A1_LCD_aro_plus_,14,2459,1547,2.1853644396835255,4.775817734233289,44.62625,0.13127567393249462
A1_LCD_aro_plus_,14,2459,1548,3.46492555863654,12.00570912689274,79.49431,0.5548187640035173
A1_LCD_aro_plus_,14,2459,1549,6.231284432606786,38.828905680047676,315.41138,0.5821959968478868
A1_LCD_aro_plus_,14,2459,1550,5.083792974003647,25.844951002528845,168.1467,0.6285390474108985
A1_LCD_aro_plus_,14,2459,1551,4.150523040992459,17.226841513809287,66.28757,0.2720207501237762
A1_LCD_aro_plus_,14,2459,1552,3.866518720818466,14.949967018439667,171.00142,0.687273919515386
A1_LCD_aro_plus_,14,2459,1553,3.369894488595133,11.356188864263851,68.98979,0.5900652232036507
A1_LCD_aro_plus_,14,2459,1554,4.593282012586379,21.09823964714958,245.09393,0.44529803120940836
A1_LCD_aro_plus_,14,2459,1555,3.958420425244772,15.669092262995001,144.36827,0.1635344901085339
A1_LCD_aro_plus_,14,2459,1556,2.9436110693979383,8.664846127882075,87.01243,0.5632485022517872
A1_LCD_aro_plus_,14,2459,1557,3.210091962094401,10.30469040510308,90.068954,0.36333847988675405
A1_LCD_aro_plus_,14,2459,1558,3.553603428585114,12.628097327651874,54.458767,0.28488906612663933
A1_LCD_aro_plus_,14,2459,1559,2.3526770985684187,5.535089530128315,55.56348,0.0993619392335475
A1_LCD_aro_plus_,14,2459,1560,2.726948223592111,7.4362466141521715,11.924018,0.5284642081232938
A1_LCD_aro_plus_,14,2459,1561,4.004024429610035,16.03221163291396,108.28577,0.591628149082061
A1_LCD_aro_plus_,14,2459,1562,2.4656295884949677,6.079329267661863,30.135284,0.2113295190547721
A1_LCD_aro_plus_,14,2459,1563,4.4206195326597095,19.54187705253255,82.62345,0.5739428800890537
A1_LCD_aro_plus_,14,2459,1564,4.814123702239192,23.17578702046118,129.38152,0.46891942941779147
A1_LCD_aro_plus_,14,2459,1565,2.7803849886699874,7.730540685221403,20.452148,0.1578754804932749
A1_LCD_aro_plus_,14,2459,1566,3.763938919508122,14.167236189787966,82.805534,0.25879986306122504
A1_LCD_aro_plus_,14,2459,1567,3.4955647943540007,12.218973231527128,36.84558,0.6928992446378011
A1_LCD_aro_plus_,14,2459,1568,2.220556058356887,4.930869208305476,80.754,0.23293230183591046
A1_LCD_aro_plus_,14,2459,1569,3.936426110316241,15.49545052197945,124.58524,0.5694355225887715
A1_LCD_aro_plus_,14,2459,1570,3.6780157809364047,13.52780008481723,34.034634,0.49921582106556345
A1_LCD_aro_plus_,14,2459,1571,3.2287184706401275,10.424622962652725,33.076492,0.2518789271235996
A1_LCD_aro_plus_,14,2459,1572,3.282462786888583,10.774561947308364,27.2855,0.39662138893555443
A1_LCD_aro_plus_,14,2459,1573,4.036489326721139,16.293246084733674,152.99808,0.5497796322719443
A1_LCD_aro_plus_,14,2459,1574,4.344967588255413,18.878743342990056,155.07117,0.7463571640145604
A1_LCD_aro_plus_,14,2459,1575,3.3744815020850076,11.38712540791389,66.793976,0.6094016976030626
A1_LCD_aro_plus_,14,2459,1576,3.432223926669693,11.780161082803922,72.565094,0.710648540612412
A1_LCD_aro_plus_,14,2459,1577,3.6736873792728315,13.495978960628483,98.047226,0.5498151075438965
A1_LCD_aro_plus_,14,2459,1578,3.7081395644103017,13.750299029145015,70.92998,0.4743850191279608
A1_LCD_aro_plus_,14,2459,1579,3.9585734163814927,15.670303492882244,67.01482,0.4608103760278786
A1_LCD_aro_plus_,14,2459,1580,4.28977069265086,18.402132595526247,96.44638,0.6241205485197683
A1_LCD_aro_plus_,14,2459,1581,3.194670954512731,10.205922507607282,51.17404,0.2763682725538483
A1_LCD_aro_plus_,14,2459,1582,3.8121952452277768,14.532832587737271,90.48336,0.46397086388734654
A1_LCD_aro_plus_,14,2459,1583,4.115855139951936,16.940263533068766,125.45861,0.5896206079055939
A1_LCD_aro_plus_,14,2459,1584,3.7045761861443545,13.723884718947845,86.86122,0.6672036541459594
A1_LCD_aro_plus_,14,2459,1585,4.324121621315944,18.698027795932028,148.24294,0.63054607617022
A1_LCD_aro_plus_,14,2459,1586,4.689553977547497,21.991916508331563,228.41843,0.6790668225464472
A1_LCD_aro_plus_,14,2459,1587,4.969305187023456,24.693994041778232,124.801346,0.55781419323461
A1_LCD_aro_plus_,14,2459,1588,3.795376611964461,14.404883626646827,82.17051,0.3475399130431642
A1_LCD_aro_plus_,14,2459,1589,3.431287782422517,11.773735845802031,69.11692,0.2289295610414685
A1_LCD_aro_plus_,14,2459,1590,3.4336371177062586,11.789863856090149,65.249275,0.24963168371268357
A1_LCD_aro_plus_,14,2459,1591,3.3364635283605715,11.131988876080271,44.345093,0.3757108991441428
A1_LCD_aro_plus_,14,2459,1592,3.4400614576931954,11.834022832706234,56.59942,0.4765608523337476
A1_LCD_aro_plus_,14,2459,1593,3.0782947904818934,9.475898817107963,62.27365,0.4229956634256889
A1_LCD_aro_plus_,14,2459,1594,3.715718976566573,13.806567512816939,93.9639,0.4932835762631551
A1_LCD_aro_plus_,14,2459,1595,2.8239333780293725,7.974599723548383,39.186306,0.17919934351186634
A1_LCD_aro_plus_,14,2459,1596,3.6272663669535627,13.157061296832497,68.35751,0.6369728345198349
A1_LCD_aro_plus_,14,2459,1597,4.4554040578248175,19.85062531848185,142.555,0.44096200174534916
A1_LCD_aro_plus_,14,2459,1598,4.152011896750763,17.239202790759872,79.80342,0.6404569162786463
A1_LCD_aro_plus_,14,2459,1599,4.519716270182482,20.427835162952245,128.50868,0.7626565484592768
A1_LCD_aro_plus_,14,2459,1600,2.9371559921247967,8.626885322074601,93.72866,0.25782651682701624
A1_LCD_aro_plus_,14,2459,1601,3.357447457809038,11.272453431948366,63.42762,0.4186493367646309
A1_LCD_aro_plus_,14,2459,1602,3.4038139439887365,11.585949365292159,84.30321,0.22662793434497044
A1_LCD_aro_plus_,14,2459,1603,2.451807825126669,6.011361611352366,1.3199093,0.09760315180731526
A1_LCD_aro_plus_,14,2459,1604,2.8480679971131395,8.111491316180048,10.702322,0.33491959143026
A1_LCD_aro_plus_,14,2459,1605,3.1612343610450298,9.993402685451777,14.6216135,0.49566101984094196
A1_LCD_aro_plus_,14,2459,1606,3.8432393260206816,14.7704885170719,147.12155,0.3386307671064628
A1_LCD_aro_plus_,14,2459,1607,3.9901136042047303,15.921006574459666,146.51439,0.8022994448911264
A1_LCD_aro_plus_,14,2459,1608,3.1080546564343057,9.66000374738297,62.577164,0.3918761237652626
A1_LCD_aro_plus_,14,2459,1609,2.802094071660945,7.851731186437413,14.445385,0.18438399221277801
A1_LCD_aro_plus_,14,2459,1610,3.0171925745448185,9.103451031888394,76.88881,0.347798905098588
A1_LCD_aro_plus_,14,2459,1611,3.2424520583766254,10.513495350870814,25.276747,0.5631373540183059
A1_LCD_aro_plus_,14,2459,1612,3.339559595780528,11.152658293769802,40.74138,0.222210151595275
A1_LCD_aro_plus_,14,2459,1613,3.6642136072493496,13.426461359551292,144.0839,0.574371190887804
A1_LCD_aro_plus_,14,2459,1614,2.7087438178114263,7.337293070531624,38.544895,0.2436416029975505
A1_LCD_aro_plus_,14,2459,1615,3.443288863271582,11.856238195930098,81.356926,0.6039297858938621
A1_LCD_aro_plus_,14,2459,1616,2.391096055504928,5.717340346651225,38.53097,0.19830662407345348
A1_LCD_aro_plus_,14,2459,1617,2.4416133041178893,5.961475526845475,38.958607,0.1795990382386469
A1_LCD_aro_plus_,14,2459,1618,3.2751584513892777,10.726662881706611,61.333237,0.28864027257751046
A1_LCD_aro_plus_,14,2459,1619,4.099093647078711,16.80256872752105,27.091694,0.3031272027432357
A1_LCD_aro_plus_,14,2459,1620,3.6133698252147255,13.0564414937723,131.74252,0.5286122471346864
A1_LCD_aro_plus_,14,2459,1621,2.8978223634676743,8.397374450213379,15.56349,0.18168931671876154
A1_LCD_aro_plus_,14,2459,1622,2.4359280379897856,5.933745406264766,57.194305,0.06500839578961666
A1_LCD_aro_plus_,14,2459,1623,4.396063563045937,19.325374850340143,79.15682,0.30498058600466366
A1_LCD_aro_plus_,14,2459,1624,4.526382428394955,20.48813788808261,118.92385,0.6133236852310664
A1_LCD_aro_plus_,14,2459,1625,3.9679349245321855,15.744507565322245,98.36678,0.4838272441752457
A1_LCD_aro_plus_,14,2459,1626,3.708363211747194,13.75195771023997,104.74415,0.42266841023737645
A1_LCD_aro_plus_,14,2459,1627,3.3939406972297417,11.518833456312308,23.375463,0.35553057547011724
A1_LCD_aro_plus_,14,2459,1628,2.887752376127895,8.339113785832303,53.29493,0.2541555564823008
A1_LCD_aro_plus_,14,2459,1629,2.763024202937807,7.6343027460201025,31.021336,0.17013838846035484
A1_LCD_aro_plus_,14,2459,1630,2.6692893313579154,7.125105534501183,7.884854,0.2361832962761175
A1_LCD_aro_plus_,14,2459,1631,3.3635100403231317,11.313199791354515,48.78233,0.2260138902205684
A1_LCD_aro_plus_,14,2459,1632,4.399817540606637,19.358394390629837,133.44293,0.5675026044409712
A1_LCD_aro_plus_,14,2459,1633,4.513233673844668,20.36927819472544,141.5799,0.5315879525022817
A1_LCD_aro_plus_,14,2459,1634,2.988868578212319,8.93333537782493,53.035286,0.23420889040416687
A1_LCD_aro_plus_,14,2459,1635,2.783681868911214,7.748884747305029,15.227259,0.44849471833094046
A1_LCD_aro_plus_,14,2459,1636,3.105949175914169,9.646920283361904,96.24133,0.44818532085513596
A1_LCD_aro_plus_,14,2459,1637,2.9764521505568444,8.859267404554465,67.154236,0.22487456792477206
A1_LCD_aro_plus_,14,2459,1638,2.889598024898572,8.349776745497726,73.52765,0.2101007186996181
A1_LCD_aro_plus_,14,2459,1639,2.555381938798224,6.529976853136171,24.354914,0.10231100500910786
A1_LCD_aro_plus_,14,2459,1640,3.004072895699202,9.024453962674588,23.68103,0.15440639533650713
A1_LCD_aro_plus_,14,2459,1641,4.479928217696726,20.069756835715374,180.45703,0.733989799810711
A1_LCD_aro_plus_,14,2459,1642,3.6541937267830478,13.35313179286058,105.25401,0.5286023609903254
A1_LCD_aro_plus_,14,2459,1643,4.746439883125516,22.528691564124554,180.41034,0.8364299194578321
A1_LCD_aro_plus_,14,2459,1644,4.970510646114882,24.705976083141373,186.36598,0.7184406430199934
A1_LCD_aro_plus_,14,2459,1645,4.0905330544666265,16.732460669684066,97.873146,0.3242004867925843
A1_LCD_aro_plus_,14,2459,1646,2.5308091728744175,6.404995069505295,18.08191,0.1893683301545046
A1_LCD_aro_plus_,14,2459,1647,3.5790266181792894,12.809431533635877,43.816143,0.23835384968108264
A1_LCD_aro_plus_,14,2459,1648,3.185199627829367,10.145496669124336,29.15667,0.4931343804769509
A1_LCD_aro_plus_,14,2459,1649,3.2620005010365816,10.640647268762908,17.5367,0.5145533646169265
A1_LCD_aro_plus_,14,2459,1650,4.632541937169347,21.460444799632732,150.01695,0.7792555343109957
A1_LCD_aro_plus_,14,2459,1651,4.3849747669175345,19.228003706503475,187.78781,0.6678893554249942
A1_LCD_aro_plus_,14,2459,1652,4.514987441969465,20.385111601141972,156.51915,0.6374774597714239
A1_LCD_aro_plus_,14,2459,1653,3.012250045226037,9.07365033496426,75.07427,0.5402538507973788
A1_LCD_aro_plus_,14,2459,1654,3.304090248139315,10.917012367849322,56.12475,0.32513184950064644
A1_LCD_aro_plus_,14,2459,1655,2.9239365012318435,8.54940466323591,81.16538,0.2816115120012
A1_LCD_aro_plus_,14,2459,1656,3.71271053407829,13.784219509855902,42.80802,0.7407189001325517
A1_LCD_aro_plus_,14,2459,1657,4.676847087698351,21.87289868171254,126.35154,0.6870663440095695
A1_LCD_aro_plus_,14,2459,1658,5.1901819672538085,26.937988853206612,163.20502,0.7846017113030734
A1_LCD_aro_plus_,14,2459,1659,4.441849956310146,19.730031034372452,101.320175,0.7086985847306769
A1_LCD_aro_plus_,14,2459,1660,2.9644273832353574,8.787829710475629,31.247795,0.1961666540917376
A1_LCD_aro_plus_,14,2459,1661,2.5879073584856482,6.697264496104164,22.877445,0.1436732174136808
A1_LCD_aro_plus_,14,2459,1662,4.459984491680799,19.891461666033226,128.0729,0.521647223884663
A1_LCD_aro_plus_,14,2459,1663,3.867386158818487,14.956675701420817,121.92426,0.42395811801299993
A1_LCD_aro_plus_,14,2459,1664,2.1619897145746685,4.6741995259266576,35.607697,0.17052092818105827
A1_LCD_aro_plus_,14,2459,1665,3.1680249750179406,10.036382242337423,34.129444,0.46000563165363306
A1_LCD_aro_plus_,14,2459,1666,3.1762208805576146,10.088379082090185,89.837555,0.5657966415862418
A1_LCD_aro_plus_,14,2459,1667,2.3868669251623587,5.697133718434011,17.34163,0.1868901444555805
A1_LCD_aro_plus_,14,2459,1668,2.768254186772139,7.663231242581476,35.954803,0.089756808253706
A1_LCD_aro_plus_,14,2459,1669,3.534191589432657,12.490510190816531,103.56259,0.6301770608231401
A1_LCD_aro_plus_,14,2459,1670,3.0304755224934334,9.183781892431849,21.86257,0.4619802157177143
A1_LCD_aro_plus_,14,2459,1671,3.9462658315269046,15.57301401307673,78.24675,0.4215645081155343
A1_LCD_aro_plus_,14,2459,1672,3.6674633450287706,13.450287387129615,42.86612,0.3625519058896647
A1_LCD_aro_plus_,14,2459,1673,3.939037869866265,15.516019340240563,99.23737,0.5240273566737607
A1_LCD_aro_plus_,14,2459,1674,3.7578415244966785,14.12137292323152,64.09166,0.33809361862963244
A1_LCD_aro_plus_,14,2459,1675,2.7218269412774156,7.40834189826357,7.47357,0.24670611715408908
A1_LCD_aro_plus_,14,2459,1676,3.254428724438416,10.591306322449851,48.24187,0.24996876138928567
A1_LCD_aro_plus_,14,2459,1677,3.42455237424867,11.727558963972202,44.4554,0.24452536096510963
A1_LCD_aro_plus_,14,2459,1678,3.250745985135434,10.567349459874142,97.914566,0.24533643391016108
A1_LCD_aro_plus_,14,2459,1679,2.243421090636975,5.032938189914795,33.293766,0.13668018210705124
A1_LCD_aro_plus_,14,2459,1680,3.1245070178452012,9.762544104563913,80.090096,0.6401312474092096
A1_LCD_aro_plus_,14,2459,1681,2.8853764888258273,8.325397482268862,31.228394,0.5012620261018672
A1_LCD_aro_plus_,14,2459,1682,2.522998184671473,6.365519839855547,38.314087,0.14775433318704329
A1_LCD_aro_plus_,14,2459,1683,3.395010444526222,11.526095918442133,26.237041,0.57570252705751
A1_LCD_aro_plus_,14,2459,1684,4.538647929446263,20.59932502746685,192.14714,0.698695907791571
A1_LCD_aro_plus_,14,2459,1685,3.1852347901425526,10.14572066833447,27.214466,0.35841977120323987
A1_LCD_aro_plus_,14,2459,1686,2.3691858307972056,5.613041500850245,13.316878,0.18368115837042961
A1_LCD_aro_plus_,14,2459,1687,2.6967685233613348,7.272560468592474,52.288437,0.3553904493325395
A1_LCD_aro_plus_,14,2459,1688,3.5516486120193953,12.614207863259297,69.81853,0.44506543175345037
A1_LCD_aro_plus_,14,2459,1689,3.3477274526061698,11.207279096932997,94.29021,0.4908980750355206
A1_LCD_aro_plus_,14,2459,1690,3.211023852054683,10.310674178464096,56.070602,0.34089717545070675
A1_LCD_aro_plus_,14,2459,1691,4.6258738128016885,21.398708531964427,112.91477,0.45154368435459435
A1_LCD_aro_plus_,14,2459,1692,2.720574840758824,7.401527464169901,37.138947,0.16725816697649948
A1_LCD_aro_plus_,14,2459,1693,3.9939903850382183,15.951959195777738,151.04803,0.4236374660261579
A1_LCD_aro_plus_,14,2459,1694,3.3913778911249515,11.501444000411118,106.79297,0.37205268736776437
A1_LCD_aro_plus_,14,2459,1695,2.3647599332265963,5.5920895417938565,8.168392,0.20930382737310094
A1_LCD_aro_plus_,14,2459,1696,4.478776171060681,20.05943599046097,131.4312,0.676200019356868
A1_LCD_aro_plus_,14,2459,1697,3.5219442175799966,12.40409107174518,118.42232,0.4056698014376763
A1_LCD_aro_plus_,14,2459,1698,3.448524139463163,11.892318740460151,53.43306,0.4742324052280681
A1_LCD_aro_plus_,14,2459,1699,4.628616833881158,21.424093794888034,147.51733,0.8163617588846974
A1_LCD_aro_plus_,14,2459,1700,3.9113847948185607,15.29893101313783,80.413795,0.6441344013939904
A1_LCD_aro_plus_,14,2459,1701,2.586021887653045,6.6875092034206185,7.1467857,0.22123132319604272
A1_LCD_aro_plus_,14,2459,1702,2.52752990192799,6.388407405140115,21.873627,0.18108001990038594
A1_LCD_aro_plus_,14,2459,1703,2.9460941091438726,8.67947049993223,17.373838,0.35069521092724387
A1_LCD_aro_plus_,14,2459,1704,2.927116843559133,8.568013015847585,24.023384,0.4915035846499782
A1_LCD_aro_plus_,14,2459,1705,3.3582007161486302,11.277512049941175,81.21707,0.5149360106673859
A1_LCD_aro_plus_,14,2459,1706,3.4441110684341667,11.861901051710733,36.111786,0.12437852642947525
A1_LCD_aro_plus_,14,2459,1707,2.9989099070281546,8.993460630471615,85.20158,0.20556144329060289
A1_LCD_aro_plus_,14,2459,1708,3.3340885785348626,11.11614664951662,98.97874,0.2335950333000591
A1_LCD_aro_plus_,14,2459,1709,3.8807828541996336,15.060475561449854,128.76315,0.5363636725364247
A1_LCD_aro_plus_,14,2459,1710,4.444370906352711,19.75243275323442,107.96237,0.37935174336651
A1_LCD_aro_plus_,14,2459,1711,5.260260909996894,27.670344841241356,240.46191,0.7674902578496985
A1_LCD_aro_plus_,14,2459,1712,3.3314777940383573,11.09874429217068,73.255,0.3618208726629549
A1_LCD_aro_plus_,14,2459,1713,2.426018667364567,5.88556657440135,37.440956,0.3172608354265348
A1_LCD_aro_plus_,14,2459,1714,4.0872460011546785,16.705579873954903,163.45816,0.31068418659932373
A1_LCD_aro_plus_,14,2459,1715,3.494147013880985,12.209063354613404,140.76447,0.3661088854999331
A1_LCD_aro_plus_,14,2459,1716,2.982833189002951,8.897293833417512,31.925674,0.23039100333715423
A1_LCD_aro_plus_,14,2459,1717,3.0200842198192395,9.120908694801184,45.109512,0.5154494067692359
A1_LCD_aro_plus_,14,2459,1718,3.2637619670394287,10.652142177493074,19.20613,0.2364094634673507
A1_LCD_aro_plus_,14,2459,1719,3.0435222035734353,9.263027403644498,23.640575,0.6534397445884557
A1_LCD_aro_plus_,14,2459,1720,4.406842799782162,19.42026346199189,193.85576,0.7631069180042196
A1_LCD_aro_plus_,14,2459,1721,4.5348606122537785,20.564960772570707,135.89517,0.5386143597982899
A1_LCD_aro_plus_,14,2459,1722,4.330989279171563,18.757468136299018,129.15784,0.6429141767654739
A1_LCD_aro_plus_,14,2459,1723,4.251855335116049,18.078273790754807,201.10876,0.6931938262667838
A1_LCD_aro_plus_,14,2459,1724,4.8704078909418556,23.720873024148695,171.24124,0.6295329722966532
A1_LCD_aro_plus_,14,2459,1725,4.865886855358915,23.676854889154672,229.05305,0.574236127186601
A1_LCD_aro_plus_,14,2459,1726,2.9140692875258707,8.491799812501538,63.161293,0.26056524912228524
A1_LCD_aro_plus_,14,2459,1727,2.6287425099912274,6.910287183834981,29.657427,0.19755907456288074
A1_LCD_aro_plus_,14,2459,1728,4.282382383377925,18.338798877465596,148.36313,0.7538534495008319
A1_LCD_aro_plus_,14,2459,1729,3.740535157865125,13.991603267225074,76.480804,0.6537115743334695
A1_LCD_aro_plus_,14,2459,1730,4.164102030074271,17.339745716868663,173.36832,0.6603540969885564
A1_LCD_aro_plus_,14,2459,1731,5.067380681260126,25.678346968808334,198.14157,0.7926019394002923
A1_LCD_aro_plus_,14,2459,1732,4.668014064303945,21.79035530453944,147.29187,0.708797425524046
A1_LCD_aro_plus_,14,2459,1733,3.9067806415208413,15.262934980961996,92.11303,0.6249367202974482
A1_LCD_aro_plus_,14,2459,1734,3.378793128019068,11.41624300194888,50.52827,0.25653985626642295
A1_LCD_aro_plus_,14,2459,1735,2.765860818620695,7.649986067981144,29.915173,0.18170180642195796
A1_LCD_aro_plus_,14,2459,1736,2.7071104075082815,7.328446758439654,41.406273,0.11533506300498816
A1_LCD_aro_plus_,14,2459,1737,3.176166869401675,10.088035982284833,97.26113,0.15120070717795647
A1_LCD_aro_plus_,14,2459,1738,2.6381026521826367,6.959585603453065,6.9246182,0.19674799688314198
A1_LCD_aro_plus_,14,2459,1739,3.7840570786847594,14.319087974744232,52.751003,0.629157261249264
A1_LCD_aro_plus_,14,2459,1740,3.3256437617052703,11.059906429769182,54.764015,0.19719053089524724
A1_LCD_aro_plus_,14,2459,1741,3.5827931318334993,12.836406625513296,71.885666,0.4004772028687663
A1_LCD_aro_plus_,14,2459,1742,4.292355802443239,18.42431833476814,91.15404,0.4895983870909032
A1_LCD_aro_plus_,14,2459,1743,3.900310713490438,15.212423661768284,78.25611,0.4239743072499994
A1_LCD_aro_plus_,14,2459,1744,3.142821231871951,9.877325295505127,84.094,0.47638339593232537
A1_LCD_aro_plus_,14,2459,1745,3.4803158440323125,12.112598374222348,26.075094,0.3836885274370957
A1_LCD_aro_plus_,14,2459,1746,3.2331788059394047,10.453445191175751,99.63514,0.30326245761691906
A1_LCD_aro_plus_,14,2459,1747,4.266426641158458,18.202396284386637,84.954796,0.4208608252413211
A1_LCD_aro_plus_,14,2459,1748,3.353758933521003,11.247698984171937,27.240095,0.4928386689371974
A1_LCD_aro_plus_,14,2459,1749,3.88253562554286,15.074082883609487,134.13654,0.4726399244124225
A1_LCD_aro_plus_,14,2459,1750,3.9411165273585107,15.532399482218405,130.97493,0.5701080680138254
A1_LCD_aro_plus_,14,2459,1751,2.807929024946461,7.884465409136784,65.18086,0.10172000197841133
A1_LCD_aro_plus_,14,2459,1752,2.6800459805074834,7.182646457634318,50.95153,0.31302826674415074
A1_LCD_aro_plus_,14,2459,1753,3.163434060179199,10.007315053101852,62.6901,0.23110709702242266
A1_LCD_aro_plus_,14,2459,1754,4.463432054591478,19.922225705954702,220.25719,0.5860277240263982
A1_LCD_aro_plus_,14,2459,1755,3.3801339696884036,11.425305653041487,68.00331,0.3387108649744557
A1_LCD_aro_plus_,14,2459,1756,3.2205652481851574,10.372040517817926,60.21068,0.3056392048823979
A1_LCD_aro_plus_,14,2459,1757,3.8549730739574564,14.860817400937,127.51607,0.6859322506339479
A1_LCD_aro_plus_,14,2459,1758,4.511412051029646,20.35283869417552,95.63859,0.7156033008744145
A1_LCD_aro_plus_,14,2459,1759,2.426232218515395,5.8866027781621355,20.757803,0.178152181557642
A1_LCD_aro_plus_,14,2459,1760,3.631703761244172,13.189272209435066,128.12029,0.43835685764165844
A1_LCD_aro_plus_,14,2459,1761,3.6004344482099104,12.963128215856601,98.44562,0.5262937657859272
A1_LCD_aro_plus_,14,2459,1762,3.5729370059586727,12.765878848548926,120.79577,0.3593214601612153
A1_LCD_aro_plus_,14,2459,1763,3.1171500060765913,9.71662416038329,81.16889,0.25157272717481366
A1_LCD_aro_plus_,14,2459,1764,3.232928901635714,10.451829283031502,42.493256,0.22781811210037584
A1_LCD_aro_plus_,14,2459,1765,4.542734709067716,20.636438636968553,152.99573,0.5102189864962803
A1_LCD_aro_plus_,14,2459,1766,4.719448842374622,22.27319737579116,71.022964,0.8036527053035694
A1_LCD_aro_plus_,14,2459,1767,4.106123357870469,16.860249030049452,73.49332,0.5173138627270908
A1_LCD_aro_plus_,14,2459,1768,3.324691471906369,11.053573383366935,74.62978,0.34634965867725764
A1_LCD_aro_plus_,14,2459,1769,3.007252923903896,9.04357014832853,24.755062,0.24332980624200146
A1_LCD_aro_plus_,14,2459,1770,3.367647271881999,11.341048147814268,23.366745,0.4356876940321164
A1_LCD_aro_plus_,14,2459,1771,2.462945263888474,6.066099372910663,24.304356,0.3309771398753656
A1_LCD_aro_plus_,14,2459,1772,3.8455938475150897,14.788592040045913,100.247665,0.5541456829779403
A1_LCD_aro_plus_,14,2459,1773,4.1793455324586075,17.466929079681723,133.78014,0.47769963041010877
A1_LCD_aro_plus_,14,2459,1774,4.645952505809412,21.58487468623675,156.81668,0.6885485478425999
A1_LCD_aro_plus_,14,2459,1775,5.259290393367984,27.66013544177278,252.72766,0.8635091395461674
A1_LCD_aro_plus_,14,2459,1776,4.681280751319323,21.914389472672806,138.03766,0.5630852854860464
A1_LCD_aro_plus_,14,2459,1777,4.8516595383794145,23.53860027634795,149.37866,0.5233600647313419
A1_LCD_aro_plus_,14,2459,1778,2.3534019417329106,5.538500699352235,15.977003,0.3956619424071499
A1_LCD_aro_plus_,14,2459,1779,2.3248593800687143,5.4049711370934865,36.86961,0.1492084220546135
A1_LCD_aro_plus_,14,2459,1780,4.024248741997706,16.194577937470125,127.85631,0.7576655259780016
A1_LCD_aro_plus_,14,2459,1781,3.621389632347597,13.114462869274668,81.26697,0.433433635017011
A1_LCD_aro_plus_,14,2459,1782,3.772664669620696,14.232998709404235,30.442093,0.47129921925522955
A1_LCD_aro_plus_,14,2459,1783,2.773163947844926,7.690438281626856,48.24751,0.2875592213745328
A1_LCD_aro_plus_,14,2459,1784,2.9698800289049356,8.820187386088383,28.107618,0.32671899442686625
A1_LCD_aro_plus_,14,2459,1785,4.172284872465228,17.40796105700219,107.17852,0.621556564115336
A1_LCD_aro_plus_,14,2459,1786,3.5965659334707123,12.935286513802055,106.53282,0.27278790548980647
A1_LCD_aro_plus_,14,2459,1787,4.1694147440578995,17.384019307967396,55.47486,0.5762953000713139
A1_LCD_aro_plus_,14,2459,1788,2.945762905407364,8.677519094874032,38.37164,0.17775525621293092
A1_LCD_aro_plus_,14,2459,1789,2.825284748817564,7.982233911901126,23.757448,0.21406126450014107
A1_LCD_aro_plus_,14,2459,1790,2.7470261406932375,7.546152617651982,13.008562,0.15463892000151902
A1_LCD_aro_plus_,14,2459,1791,2.5634029592493106,6.5710347314881234,4.528713,0.5037520624565175
A1_LCD_aro_plus_,14,2459,1792,2.7034384797043733,7.308579613546291,19.512646,0.13739683049854357
A1_LCD_aro_plus_,14,2459,1793,2.6500325580080277,7.022672558502569,23.470108,0.3798565640582595
A1_LCD_aro_plus_,14,2459,1794,4.473193961801746,20.0094642198996,145.28351,0.5550716598824641
A1_LCD_aro_plus_,14,2459,1795,4.3217313942128905,18.677362243725288,82.43396,0.5760159516162455
A1_LCD_aro_plus_,14,2459,1796,2.542559619342252,6.46460941790982,12.359634,0.3341291768053305
A1_LCD_aro_plus_,14,2459,1797,3.5235195561892185,12.415190062847866,94.63585,0.48847462048796053
A1_LCD_aro_plus_,14,2459,1798,5.171607056428824,26.745519546104404,237.45702,0.823976307902661
A1_LCD_aro_plus_,14,2459,1799,4.0689296697623245,16.556188657472138,126.887596,0.6129273739553436
A1_LCD_aro_plus_,14,2459,1800,2.885069423870799,8.323625580554184,37.715767,0.22347263970814057
A1_LCD_aro_plus_,14,2459,1801,2.2733364290015716,5.1680585194256174,39.668625,0.1458298661073641
A1_LCD_aro_plus_,14,2459,1802,3.1506839966196694,9.926809646555295,26.345255,0.18157306399445455
A1_LCD_aro_plus_,14,2459,1803,3.528205202729797,12.448231952569609,97.3876,0.45235492690452483
A1_LCD_aro_plus_,14,2459,1804,3.188471671432501,10.166351599527566,60.19572,0.39145115906980477
A1_LCD_aro_plus_,14,2459,1805,3.4673008759234705,12.022175364179667,57.43646,0.2602155979032571
A1_LCD_aro_plus_,14,2459,1806,3.4583272064513646,11.960027066881706,54.423454,0.7088373691505927
A1_LCD_aro_plus_,14,2459,1807,3.3628769360290347,11.308941286876028,57.435894,0.13848881572670532
A1_LCD_aro_plus_,14,2459,1808,2.9576256039975286,8.747549213421747,62.350193,0.5042230107491212
A1_LCD_aro_plus_,14,2459,1809,2.363891707145368,5.587984003110644,15.857412,0.21352083814932765
A1_LCD_aro_plus_,14,2459,1810,3.326541046614372,11.065875334810244,56.23703,0.20678265326427336
A1_LCD_aro_plus_,14,2459,1811,3.5266697492996073,12.437399520624957,78.101944,0.5837006492805444
A1_LCD_aro_plus_,14,2459,1812,2.6952842213220065,7.264557033707375,82.38768,0.4149326861850746
A1_LCD_aro_plus_,14,2459,1813,2.600415391496318,6.762160208330951,79.678955,0.32292231226400137
A1_LCD_aro_plus_,14,2459,1814,4.271519869433408,18.245881994964392,149.6956,0.6612005540641054
A1_LCD_aro_plus_,14,2459,1815,2.6778326698893524,7.170787807926738,36.90604,0.240384148506646
A1_LCD_aro_plus_,14,2459,1816,4.7883839556082135,22.92862090632616,182.26535,0.7425250007912354
A1_LCD_aro_plus_,14,2459,1817,2.332938462717505,5.442601870826715,14.844293,0.1716992973884114
A1_LCD_aro_plus_,14,2459,1818,3.456261212144231,11.945741566572712,72.3976,0.5446919466999637
A1_LCD_aro_plus_,14,2459,1819,3.1275496858098424,9.781567037209243,34.5951,0.18756387491345006
A1_LCD_aro_plus_,14,2459,1820,2.5556928291130863,6.531565836780049,35.336967,0.17681844781818815
A1_LCD_aro_plus_,14,2459,1821,4.297265583323281,18.466491493614782,119.619576,0.6718449338627049
A1_LCD_aro_plus_,14,2459,1822,4.436204645226797,19.679911654331818,199.33804,0.6118029861040197
A1_LCD_aro_plus_,14,2459,1823,3.1848702447616524,10.143398475968148,90.97505,0.5003619056581787
A1_LCD_aro_plus_,14,2459,1824,3.8011661436300206,14.448864051479115,67.439064,0.4150363999447775
A1_LCD_aro_plus_,14,2459,1825,3.6699923890263775,13.468844135511535,111.70502,0.42305975022723685
A1_LCD_aro_plus_,14,2459,1826,3.6630869216586097,13.41820579562635,95.08375,0.5518275781602815
A1_LCD_aro_plus_,14,2459,1827,4.349199520243931,18.915536466890035,140.51085,0.5866463489040519
A1_LCD_aro_plus_,14,2459,1828,3.9103303796050883,15.29068367766247,103.8734,0.6301187759990591
A1_LCD_aro_plus_,14,2459,1829,3.7881581229788535,14.350141964690671,73.50126,0.33850693073144417
A1_LCD_aro_plus_,14,2459,1830,3.106479737012764,9.650216356470894,47.83219,0.38080626193294476
A1_LCD_aro_plus_,14,2459,1831,2.6562165680937038,7.055486456615494,31.506378,0.19836562415307787
A1_LCD_aro_plus_,14,2459,1832,3.1689227848580024,10.042071616392198,77.185196,0.40633778161767314
A1_LCD_aro_plus_,14,2459,1833,3.083370382688686,9.507172916841775,25.34721,0.5140706551525116
A1_LCD_aro_plus_,14,2459,1834,3.2971662651236966,10.871305379869748,29.242762,0.5296087084428831
A1_LCD_aro_plus_,14,2459,1835,3.9314366661411295,15.456194259878872,120.812325,0.7317795675143366
A1_LCD_aro_plus_,14,2459,1836,3.478970511742761,12.10323582157569,16.878157,0.5385837701616001
A1_LCD_aro_plus_,14,2459,1837,3.002381280239349,9.014293351931668,27.808622,0.32182371808039595
A1_LCD_aro_plus_,14,2459,1838,2.869291367608455,8.232832952232394,80.37311,0.34633876918962375
A1_LCD_aro_plus_,14,2459,1839,3.270132240039309,10.693764867344509,47.91504,0.42569432279179953
A1_LCD_aro_plus_,14,2459,1840,2.869805905082584,8.23578593284687,25.376818,0.2647552019636241
A1_LCD_aro_plus_,14,2459,1841,3.563312835690305,12.697198364995284,56.688877,0.38862974215102064
A1_LCD_aro_plus_,14,2459,1842,4.067877092861629,16.54762404262838,78.631836,0.549062705280983
A1_LCD_aro_plus_,14,2459,1843,4.746924766672258,22.533294740446483,134.78525,0.734084182551637
A1_LCD_aro_plus_,14,2459,1844,4.644650465179623,21.572777943693293,184.81009,0.5998428479496486
A1_LCD_aro_plus_,14,2459,1845,3.690085064790041,13.61672778538652,70.63978,0.7877373349852775
A1_LCD_aro_plus_,14,2459,1846,3.219516668747157,10.365287580340793,138.49907,0.36146709543283206
A1_LCD_aro_plus_,14,2459,1847,3.566995636354905,12.723457869774935,91.06253,0.407825368944995
A1_LCD_aro_plus_,14,2459,1848,3.8550444091280456,14.861367396349399,108.81154,0.5012553894675897
A1_LCD_aro_plus_,14,2459,1849,2.2810529298620534,5.203202468832258,8.103929,0.043922104181697605
A1_LCD_aro_plus_,14,2459,1850,3.5519283364874146,12.616194907542255,141.97131,0.6569403332206458
A1_LCD_aro_plus_,14,2459,1851,3.3037700611563046,10.914896616992731,82.807724,0.29522455403683373
A1_LCD_aro_plus_,14,2459,1852,3.3657069400269712,11.327983206145719,13.4006195,0.33350138470878427
A1_LCD_aro_plus_,14,2459,1853,3.3175088239764174,11.005864797161394,110.94731,0.4605820168593494
A1_LCD_aro_plus_,14,2459,1854,3.229440737717727,10.429287478430819,126.00723,0.2698313645165209
A1_LCD_aro_plus_,14,2459,1855,2.7081210036989685,7.333919370675509,58.751957,0.09364816907314685
A1_LCD_aro_plus_,14,2459,1856,2.777386725011885,7.713877020272243,83.674126,0.43172528204766425
A1_LCD_aro_plus_,14,2459,1857,4.313531030902607,18.606549954559704,140.99667,0.7054811651317654
A1_LCD_aro_plus_,14,2459,1858,3.2003371390776003,10.2421578037594,66.58239,0.409218169673276
A1_LCD_aro_plus_,14,2459,1859,3.925985060967306,15.413358698938463,67.9499,0.6819099083180081
A1_LCD_aro_plus_,14,2459,1860,3.830001688716307,14.668912935569761,23.820553,0.6492681709919526
A1_LCD_aro_plus_,14,2459,1861,3.464428091338785,12.002262000057295,83.24921,0.5500532194412768
A1_LCD_aro_plus_,14,2459,1862,3.354733613500031,11.254237617546977,49.946808,0.5587959564779249
A1_LCD_aro_plus_,14,2459,1863,3.597343222217269,12.940878258432527,97.065414,0.6410163569839769
A1_LCD_aro_plus_,14,2459,1864,2.6777516212209185,7.170353744951261,11.39069,0.26899102716431694
A1_LCD_aro_plus_,14,2459,1865,5.412078233158399,29.290590801826944,272.74515,0.7660768680009857
A1_LCD_aro_plus_,14,2459,1866,3.6884071271854157,13.604347135872171,130.42223,0.6799859947267892
A1_LCD_aro_plus_,14,2459,1867,2.642463510597781,6.982613404840751,15.434613,0.29741271708275224
A1_LCD_aro_plus_,14,2459,1868,2.819397851347593,7.949004244183423,45.64875,0.21478205583058357
A1_LCD_aro_plus_,14,2459,1869,3.9277218286714874,15.426998763422493,102.712616,0.7624598164618301
A1_LCD_aro_plus_,14,2459,1870,3.274492445213638,10.72230077376119,89.99562,0.4371874412271617
A1_LCD_aro_plus_,14,2459,1871,3.77351355859981,14.239404576936602,121.40413,0.5444155080049597
A1_LCD_aro_plus_,14,2459,1872,3.4727200602657797,12.059784616972363,68.96427,0.5813390386130926
A1_LCD_aro_plus_,14,2459,1873,3.0935993394932746,9.570356873313223,89.033295,0.3516524011979329
A1_LCD_aro_plus_,14,2459,1874,3.9620247906680848,15.69764044186848,170.91217,0.5340595839522875
A1_LCD_aro_plus_,14,2459,1875,3.86021761524422,14.901280037041774,103.62886,0.5237029418472732
A1_LCD_aro_plus_,14,2459,1876,3.8520819907756954,14.83853566365845,151.09181,0.725232939556544
A1_LCD_aro_plus_,14,2459,1877,2.483603716803161,6.168287422118475,17.852512,0.3409402657220313
A1_LCD_aro_plus_,14,2459,1878,3.635040665449772,13.213520639473517,123.248375,0.5733497015140638
A1_LCD_aro_plus_,14,2459,1879,3.549677215333149,12.6002083330553,51.122578,0.47933581576332795
A1_LCD_aro_plus_,14,2459,1880,3.6440550494932555,13.279137203737296,83.00179,0.3566717741298613
A1_LCD_aro_plus_,14,2459,1881,3.0905046167856285,9.551218786373282,67.55728,0.3619717932601534
A1_LCD_aro_plus_,14,2459,1882,2.5295764294256404,6.398756912305771,21.60301,0.2327199440131935
A1_LCD_aro_plus_,14,2459,1883,3.782004511167847,14.303558122493943,77.991646,0.5722413687718928
A1_LCD_aro_plus_,14,2459,1884,2.961374866111099,8.769741097634528,23.15607,0.15849071010601962
A1_LCD_aro_plus_,14,2459,1885,3.5871861107181195,12.867904192928988,45.715557,0.37616181896080536
A1_LCD_aro_plus_,14,2459,1886,5.747833643061655,33.0375915883114,164.45831,0.8068682035933856
A1_LCD_aro_plus_,14,2459,1887,2.7920295258316923,7.795428873115943,12.338953,0.3248802968174089
A1_LCD_aro_plus_,14,2459,1888,3.3080861933284385,10.943434262490245,66.533325,0.5299931637511541
A1_LCD_aro_plus_,14,2459,1889,3.33533898705039,11.124486158538321,43.32811,0.5754335130697448
A1_LCD_aro_plus_,14,2459,1890,3.9110242693435735,15.296110835394435,27.224602,0.4574445051356289
A1_LCD_aro_plus_,14,2459,1891,3.691214608308305,13.62506528458863,168.64444,0.585240294802186
A1_LCD_aro_plus_,14,2459,1892,3.4390247798765863,11.826891436605203,36.348576,0.5766864334852473
A1_LCD_aro_plus_,14,2459,1893,3.8786422909516998,15.043866021159053,55.75911,0.5224593060849626
A1_LCD_aro_plus_,14,2459,1894,4.4705227745064215,19.985573877380595,216.8071,0.6759956363504753
A1_LCD_aro_plus_,14,2459,1895,4.724151359862124,22.31760607088716,210.08194,0.5497969539030126
A1_LCD_aro_plus_,14,2459,1896,3.342519844178933,11.172438908729958,26.069601,0.3599165859623328
A1_LCD_aro_plus_,14,2459,1897,3.670291647348329,13.47104077659491,67.13133,0.4617425794861086
A1_LCD_aro_plus_,14,2459,1898,3.2960847479792643,10.864174665861531,38.78041,0.3964371894482962
A1_LCD_aro_plus_,14,2459,1899,3.526032005102151,12.432901701004695,72.67703,0.4148067587906368
A1_LCD_aro_plus_,14,2459,1900,3.9819796507934666,15.856161939333257,97.69086,0.43534420657663875
A1_LCD_aro_plus_,14,2459,1901,3.708526720916246,13.753170439749802,107.03467,0.382185967859595
A1_LCD_aro_plus_,14,2459,1902,2.9451656578640417,8.674000752261737,51.027866,0.4190391944838898
A1_LCD_aro_plus_,14,2459,1903,2.7937194933512512,7.804868607530773,16.608286,0.5367551173471862
A1_LCD_aro_plus_,14,2459,1904,4.373621046443504,19.12856105789357,109.70044,0.5452215297233649
A1_LCD_aro_plus_,14,2459,1905,3.877895409547522,15.038072807389744,114.03339,0.4469686280607042
A1_LCD_aro_plus_,14,2459,1906,4.432952246211199,19.65106561718892,216.67635,0.6431315681638294
A1_LCD_aro_plus_,14,2459,1907,4.353795911915483,18.955538842611972,126.66469,0.8025243333998243
A1_LCD_aro_plus_,14,2459,1908,3.748237401710142,14.049283619578794,49.06345,0.6525969531246125
A1_LCD_aro_plus_,14,2459,1909,3.285778085489606,10.796337627083743,24.23827,0.20612232766303906
A1_LCD_aro_plus_,14,2459,1910,2.520794867053094,6.3544067617612265,9.107026,0.16903953760738408
A1_LCD_aro_plus_,14,2459,1911,3.86582266599914,14.944584884952697,87.709305,0.42410206533157985
A1_LCD_aro_plus_,14,2459,1912,4.385476973181721,19.23240828230711,189.32523,0.7326007295577446
A1_LCD_aro_plus_,14,2459,1913,3.407788623456169,11.61302330215729,124.19997,0.5686039407410077
A1_LCD_aro_plus_,14,2459,1914,4.264183455147438,18.183260539153142,129.30878,0.581096996880259
A1_LCD_aro_plus_,14,2459,1915,2.575085675769999,6.631066237555833,10.390403,0.4672188659155573
A1_LCD_aro_plus_,14,2459,1916,2.66540546017833,7.104386267148454,53.153244,0.18748744082219326
A1_LCD_aro_plus_,14,2459,1917,3.7722145475404667,14.229602592675926,54.055977,0.4458482154316676
A1_LCD_aro_plus_,14,2459,1918,3.118563315613144,9.725437153488047,20.566906,0.21977442126579097
A1_LCD_aro_plus_,14,2459,1919,2.9266564496424947,8.565317974234016,61.796097,0.33494410718902823
A1_LCD_aro_plus_,14,2459,1920,4.486896561352819,20.132240752279756,123.27168,0.5913031999585934
A1_LCD_aro_plus_,14,2459,1921,3.848662498820947,14.812203029830693,63.07098,0.3426062233953304
A1_LCD_aro_plus_,14,2459,1922,3.8249784656656063,14.630460262805611,112.28654,0.2376865035863269
A1_LCD_aro_plus_,14,2459,1923,3.201115367027821,10.247139593021663,53.58766,0.38072832206106394
A1_LCD_aro_plus_,14,2459,1924,3.5190675221476084,12.383836225434106,96.57769,0.6503542878644594
A1_LCD_aro_plus_,14,2459,1925,3.8570205514148617,14.876607534036603,62.94114,0.59055424278684
A1_LCD_aro_plus_,14,2459,1926,3.014926033330194,9.089778986452137,10.108831,0.20212872533997456
A1_LCD_aro_plus_,14,2459,1927,2.815493272332641,7.927002366550364,34.039967,0.21608165994802966
A1_LCD_aro_plus_,14,2459,1928,2.947677894824841,8.688804971639003,21.318518,0.18145290499668784
A1_LCD_aro_plus_,14,2459,1929,3.252841083869202,10.580975116907364,82.676414,0.22668480610720068
A1_LCD_aro_plus_,14,2459,1930,3.6967918737250365,13.666270157639467,67.32799,0.44444870799554614
A1_LCD_aro_plus_,14,2459,1931,4.688850462645897,21.985318661054645,200.76402,0.7985833475641109
A1_LCD_aro_plus_,14,2459,1932,4.8845569165180125,23.85889627070396,158.29811,0.6615995083598842
A1_LCD_aro_plus_,14,2459,1933,4.627421702248042,21.413031610436168,181.73885,0.6398730555899335
A1_LCD_aro_plus_,14,2459,1934,6.607157006383103,43.65452370699733,377.85983,0.8547065387695791
A1_LCD_aro_plus_,14,2459,1935,5.322473443999643,28.328723562081418,275.88394,0.7748970022662723
A1_LCD_aro_plus_,14,2459,1936,3.6989920713306343,13.682542343766903,168.82057,0.5095221091168664
A1_LCD_aro_plus_,14,2459,1937,4.502678943498644,20.274117668226072,125.48463,0.7498543403117689
A1_LCD_aro_plus_,14,2459,1938,3.242645743735372,10.514751419365123,64.91928,0.43572797389839857
A1_LCD_aro_plus_,14,2459,1939,3.8897754992795144,15.130353434795193,98.74657,0.4293643028966555
A1_LCD_aro_plus_,14,2459,1940,2.9585876733555523,8.75324102093142,39.817795,0.3006003384729574
A1_LCD_aro_plus_,14,2459,1941,3.9895854055935205,15.916791708524817,79.472275,0.305626194877042
A1_LCD_aro_plus_,14,2459,1942,4.074207396928255,16.5991659131849,147.43095,0.6655659547429083
A1_LCD_aro_plus_,14,2459,1943,3.840369282961416,14.74843622951358,39.72157,0.6564421823881645
A1_LCD_aro_plus_,14,2459,1944,3.547993357858072,12.588256867405,128.48366,0.7319521821446328
A1_LCD_aro_plus_,14,2459,1945,3.4175791583215056,11.679847303393531,42.91962,0.6167677768021709
A1_LCD_aro_plus_,14,2459,1946,3.850166687205415,14.823783519266323,78.689545,0.6355605336670086
A1_LCD_aro_plus_,14,2459,1947,4.4344488603325365,19.66433669490453,98.10891,0.6017211030705556
A1_LCD_aro_plus_,14,2459,1948,4.665643473825744,21.768229024852758,188.60852,0.5750200768657612
A1_LCD_aro_plus_,14,2459,1949,3.728123492005015,13.898904771639671,84.69997,0.6458395113661263
A1_LCD_aro_plus_,14,2459,1950,3.0639842591574773,9.387999540364797,23.279366,0.18543532140557425
A1_LCD_aro_plus_,14,2459,1951,2.6565993674886714,7.0575201993412096,9.6844845,0.46455866220317954
A1_LCD_aro_plus_,14,2459,1952,2.6418125905321452,6.979173763494162,24.882215,0.2865389863029159
A1_LCD_aro_plus_,14,2459,1953,2.4362557578538007,5.935342117675796,33.70494,0.12335276049618413
A1_LCD_aro_plus_,14,2459,1954,2.8548356400608625,8.150086531761714,23.030329,0.31074435513763127
A1_LCD_aro_plus_,14,2459,1955,2.527524568089889,6.388380442297978,68.32233,0.10127718185230586
A1_LCD_aro_plus_,14,2459,1956,3.8840783271912187,15.086064451756528,84.59824,0.708743056110845
A1_LCD_aro_plus_,14,2459,1957,2.8094449751974344,7.8929810686621105,24.937727,0.5142838361746138
A1_LCD_aro_plus_,14,2459,1958,4.025825347497132,16.2072697285504,115.10273,0.6101099757853259
A1_LCD_aro_plus_,14,2459,1959,3.1683060720970206,10.038163366486854,58.686604,0.5331967514567643
A1_LCD_aro_plus_,14,2459,1960,2.5025048102820424,6.262530325484761,32.364822,0.04720292687082028
A1_LCD_aro_plus_,14,2459,1961,2.388185682153445,5.703430852442714,32.754707,0.10775254596860862
A1_LCD_aro_plus_,14,2459,1962,2.857215158236427,8.163678460456012,31.32354,0.13928410068672448
A1_LCD_aro_plus_,14,2459,1963,2.6281969999314705,6.907419470448783,20.294685,0.2716314657857065
A1_LCD_aro_plus_,14,2459,1964,2.5152095459764263,6.3262790601709415,54.59425,0.37603204662230894
A1_LCD_aro_plus_,14,2459,1965,5.093406782070246,25.942792647639184,142.62256,0.8341835393884146
A1_LCD_aro_plus_,14,2459,1966,4.073674961236566,16.59482768980574,169.86865,0.6809745575183648
A1_LCD_aro_plus_,14,2459,1967,2.547432978032475,6.489414777567406,13.025977,0.26000938549317687
A1_LCD_aro_plus_,14,2459,1968,4.072788089767421,16.587602824151354,93.669136,0.6312593338299666
A1_LCD_aro_plus_,14,2459,1969,3.650819678606876,13.32848432570321,48.85124,0.3317555962523622
A1_LCD_aro_plus_,14,2459,1970,3.088609099268799,9.539506168086021,64.97844,0.42977916773083324
A1_LCD_aro_plus_,14,2459,1971,2.489952338572572,6.19986264836302,47.50653,0.26790333163253177
A1_LCD_aro_plus_,14,2459,1972,2.898845411062506,8.403304717238148,13.125097,0.555276138588486
A1_LCD_aro_plus_,14,2459,1973,3.438686217520326,11.824562902564248,39.728848,0.25579555157915934
A1_LCD_aro_plus_,14,2459,1974,3.4943232166229663,12.210294742230273,99.04101,0.5062649049580666
A1_LCD_aro_plus_,14,2459,1975,2.2727381410080167,5.165338657592579,16.23193,0.1938354502201075
A1_LCD_aro_plus_,14,2459,1976,2.742892310559467,7.523458227326252,48.21867,0.3480401561011077
A1_LCD_aro_plus_,14,2459,1977,3.2960283745797683,10.863803046034947,35.00803,0.4298844515157557
A1_LCD_aro_plus_,14,2459,1978,3.551720101414163,12.61471567878943,57.66732,0.23201771066238047
A1_LCD_aro_plus_,14,2459,1979,3.3002267327306427,10.891496487429976,83.31636,0.447554135255342
A1_LCD_aro_plus_,14,2459,1980,3.6467898975170403,13.299076556632347,38.87816,0.6242352469243689
A1_LCD_aro_plus_,14,2459,1981,5.288479976404618,27.968020460832598,299.21777,0.7775395231321437
A1_LCD_aro_plus_,14,2459,1982,2.97213103621106,8.833562896409028,87.63324,0.31605592251548464
A1_LCD_aro_plus_,14,2459,1983,3.8861255998372384,15.101972177710339,58.95712,0.5287764115582911
A1_LCD_aro_plus_,14,2459,1984,3.4755775079032785,12.079639013443163,40.17052,0.30542517569837324
A1_LCD_aro_plus_,14,2459,1985,5.514768738127929,30.41267423503311,201.37425,0.7433279420778205
A1_LCD_aro_plus_,14,2459,1986,4.457348987875359,19.867959999713488,105.31526,0.7748306107685076
A1_LCD_aro_plus_,14,2459,1987,2.663645608897998,7.095007929801586,37.18336,0.0738645102654977
A1_LCD_aro_plus_,14,2459,1988,2.1644515274947915,4.6848504148745365,4.2545137,0.16427632706345155
A1_LCD_aro_plus_,14,2459,1989,3.041560169648235,9.2510882655906,38.76536,0.5594643724364597
A1_LCD_aro_plus_,14,2459,1990,3.6331559376890845,13.199822067565451,79.75246,0.3143218442946088
A1_LCD_aro_plus_,14,2459,1991,3.2024161122896406,10.255468956252296,36.396355,0.2094780645585231
A1_LCD_aro_plus_,14,2459,1992,2.702112601908619,7.301412513393368,29.734066,0.4383751931804941
A1_LCD_aro_plus_,14,2459,1993,2.749340687971339,7.558874218534714,10.29989,0.3373774048606955
A1_LCD_aro_plus_,14,2459,1994,2.718874083635954,7.392276282667251,83.67099,0.3867858307257366
A1_LCD_aro_plus_,14,2459,1995,3.8023051059332817,14.457524118606308,63.914696,0.4498410298700051
A1_LCD_aro_plus_,14,2459,1996,2.7537817122401926,7.583313718668528,72.496315,0.33612311229276837
A1_LCD_aro_plus_,14,2459,1997,3.176955828796933,10.093048338126803,31.89285,0.3866099617297136
A1_LCD_aro_plus_,14,2459,1998,3.1992988680058296,10.235513246823382,71.692535,0.4190135505227347
A1_LCD_aro_plus_,14,2459,1999,2.5656111034736195,6.5823603342671255,15.6614,0.17248521875693276
A1_LCD_aro_plus_,14,2459,2000,2.691719475885538,7.245353736861516,38.523792,0.2575094152523125
A1_LCD_aro_plus_,14,2459,2001,3.6950545158372035,13.653427875008912,111.82582,0.4414740340549679
A1_LCD_aro_plus_,14,2459,2002,3.4268126697139176,11.743045073311826,28.663584,0.3210651218957923
A1_LCD_aro_plus_,14,2459,2003,4.1844093320366245,17.509281458035186,108.9528,0.5652959076611196
A1_LCD_aro_plus_,14,2459,2004,3.8496335521749314,14.819678486030986,69.75683,0.24697314527479458
A1_LCD_aro_plus_,14,2459,2005,3.141936163411898,9.871762854955477,36.421318,0.19016227953749704
A1_LCD_aro_plus_,14,2459,2006,3.3350424018334888,11.122507822027286,137.33572,0.5508158049586764
A1_LCD_aro_plus_,14,2459,2007,2.958104073196073,8.750379707859196,52.943855,0.47118140835047495
A1_LCD_aro_plus_,14,2459,2008,3.0058803330635278,9.035316576698104,78.366745,0.4013496035815422
A1_LCD_aro_plus_,14,2459,2009,2.8669061261041007,8.219150735893221,19.477974,0.16637995562841923
A1_LCD_aro_plus_,14,2459,2010,2.831260985271611,8.016038766721177,35.37494,0.5786559745446764
A1_LCD_aro_plus_,14,2459,2011,2.807585116947627,7.882534188905822,62.436604,0.239849198920583
A1_LCD_aro_plus_,14,2459,2012,3.2652067889421375,10.661575374553818,49.983402,0.2775710634119364
A1_LCD_aro_plus_,14,2459,2013,2.9428550698921048,8.660395962389662,66.39468,0.3528507942050684
A1_LCD_aro_plus_,14,2459,2014,3.2586411522758487,10.618742159305672,27.500273,0.4002348246986007
A1_LCD_aro_plus_,14,2459,2015,4.407079555381877,19.422350207464923,39.57779,0.7838357038907307
A1_LCD_aro_plus_,14,2459,2016,3.4975145586827234,12.232608088197605,98.070114,0.4172645090136602
A1_LCD_aro_plus_,14,2459,2017,4.482607010857624,20.09376561378992,103.87228,0.5169531767622947
A1_LCD_aro_plus_,14,2459,2018,3.6568321504077534,13.372421376255796,103.40246,0.791630216525205
A1_LCD_aro_plus_,14,2459,2019,3.244450006117272,10.526455842194366,109.33747,0.3876382287889997
A1_LCD_aro_plus_,14,2459,2020,3.4641232526261305,12.000149909385042,78.17444,0.26925548469781735
A1_LCD_aro_plus_,14,2459,2021,3.8378664023507874,14.729218522292973,114.01839,0.5566220983406559
A1_LCD_aro_plus_,14,2459,2022,2.8196338374553447,7.950334977323151,46.68057,0.23676284906427272
A1_LCD_aro_plus_,14,2459,2023,3.146549733844189,9.900775227554933,39.532566,0.2849468057839627
A1_LCD_aro_plus_,14,2459,2024,3.0200166179653394,9.120500372786804,33.432747,0.27464243440694813
A1_LCD_aro_plus_,14,2459,2025,4.648278353653503,21.606491653043722,198.74376,0.8308156025510112
A1_LCD_aro_plus_,14,2459,2026,4.183129118027683,17.498569218091063,130.39215,0.6688951630046702
A1_LCD_aro_plus_,14,2459,2027,3.377186193551135,11.405386585912407,20.956533,0.2968113170543084
A1_LCD_aro_plus_,14,2459,2028,2.3561165965856596,5.55128541670639,14.299807,0.18265567865172447
A1_LCD_aro_plus_,14,2459,2029,4.192546092526442,17.577442737958734,70.83349,0.7291512833419151
A1_LCD_aro_plus_,14,2459,2030,3.6061761019252074,13.00450607809649,58.893375,0.5949223345882735
A1_LCD_aro_plus_,14,2459,2031,3.2522244238956186,10.57696370338319,44.01645,0.42194914671004924
A1_LCD_aro_plus_,14,2459,2032,2.4641281938831514,6.071927755889842,59.86081,0.13829355857891396
A1_LCD_aro_plus_,14,2459,2033,3.40512896929158,11.594903297508738,105.99378,0.1952180415379146
A1_LCD_aro_plus_,14,2459,2034,4.978210828596546,24.7825830539559,105.862206,0.5288617336559139
A1_LCD_aro_plus_,14,2459,2035,4.443399652972842,19.743800476039176,81.0411,0.6670739967526575
A1_LCD_aro_plus_,14,2459,2036,4.896731977925577,23.97798406363893,175.57588,0.7188228093621711
A1_LCD_aro_plus_,14,2459,2037,3.406324104550758,11.603043905243524,85.04343,0.31963996378216075
A1_LCD_aro_plus_,14,2459,2038,4.122106330673612,16.991760601379465,97.85263,0.3870148200030489
A1_LCD_aro_plus_,14,2459,2039,3.4335084736738386,11.788980438790057,36.02556,0.5054736417303131
A1_LCD_aro_plus_,14,2459,2040,2.4983738782972904,6.241872035758246,10.388908,0.12702127644576128
A1_LCD_aro_plus_,14,2459,2041,3.081640341163652,9.496507192287233,76.41934,0.4009078162232466
A1_LCD_aro_plus_,14,2459,2042,3.3840010889925796,11.451463370302966,75.54081,0.278996645423602
A1_LCD_aro_plus_,14,2459,2043,2.251285211812852,5.068285104927237,55.72831,0.22163991088929946
A1_LCD_aro_plus_,14,2459,2044,2.0793265712432247,4.323598989878104,9.542865,0.06572601818215937
A1_LCD_aro_plus_,14,2459,2045,3.8405385707184942,14.74973651317646,110.84447,0.35349037846694265
A1_LCD_aro_plus_,14,2459,2046,3.6404185103437987,13.25264693045376,152.51923,0.6223507294795216
A1_LCD_aro_plus_,14,2459,2047,2.8235572137324545,7.972475339220586,21.617493,0.2511633438924267
A1_LCD_aro_plus_,14,2459,2048,2.8223691071757675,7.965767377140138,15.907316,0.10557071734984098
A1_LCD_aro_plus_,14,2459,2049,3.7169131771670827,13.815443566598296,158.09235,0.6659434131240428
A1_LCD_aro_plus_,14,2459,2050,4.066941956439743,16.540016877049926,161.71884,0.7210372707156958
A1_LCD_aro_plus_,14,2459,2051,2.87512212900278,8.266327256681484,33.44182,0.22120558147393538
A1_LCD_aro_plus_,14,2459,2052,4.114264876940704,16.92717547762791,141.69589,0.7809886661732066
A1_LCD_aro_plus_,14,2459,2053,3.109836863801254,9.67108531945722,13.819965,0.384608630422808
A1_LCD_aro_plus_,14,2459,2054,3.328557400563873,11.079294368848533,12.239831,0.2682575205063206
A1_LCD_aro_plus_,14,2459,2055,3.687672177761035,13.598926090632817,49.252735,0.5311678578260866
A1_LCD_aro_plus_,14,2459,2056,3.667284063082056,13.448972399335629,95.99426,0.42421590383400776
A1_LCD_aro_plus_,14,2459,2057,4.1171007968298605,16.95051897125708,164.67819,0.6801903616124806
A1_LCD_aro_plus_,14,2459,2058,2.5748681216252725,6.629945843762058,59.180965,0.29937569095795935
A1_LCD_aro_plus_,14,2459,2059,2.4738908086496743,6.120135733121339,20.206114,0.22468945687808362
A1_LCD_aro_plus_,14,2459,2060,3.669942671408385,13.468479211424112,72.97019,0.4499106768376544
A1_LCD_aro_plus_,14,2459,2061,2.7667687138093653,7.655009115714327,17.805105,0.1952133233873713
A1_LCD_aro_plus_,14,2459,2062,3.942941054530946,15.546784159505608,120.86552,0.5093778717922727
A1_LCD_aro_plus_,14,2459,2063,3.371358552115489,11.366058486922245,94.17038,0.5371924605403241
A1_LCD_aro_plus_,14,2459,2064,3.632530730762821,13.195279509936272,56.014442,0.47393262977227946
A1_LCD_aro_plus_,14,2459,2065,3.282300574446588,10.773497061012398,20.762709,0.3556018009188817
A1_LCD_aro_plus_,14,2459,2066,2.6085704385154576,6.804639732696725,27.671204,0.28529605806096214
A1_LCD_aro_plus_,14,2459,2067,2.862577090520229,8.194347599171259,12.928938,0.3606481601320152
A1_LCD_aro_plus_,14,2459,2068,2.860244293926702,8.18099742094026,33.830395,0.22668588484509644
A1_LCD_aro_plus_,14,2459,2069,3.408686940628614,11.619146659212063,54.88434,0.46977351146929025
A1_LCD_aro_plus_,14,2459,2070,2.7895429968609893,7.781550131336192,97.37314,0.3713490523501439
A1_LCD_aro_plus_,14,2459,2071,3.4817733044585566,12.122745343640256,92.67366,0.7025380163591004
A1_LCD_aro_plus_,14,2459,2072,3.8648245435814537,14.93686875266959,29.972971,0.5898773446995158
A1_LCD_aro_plus_,14,2459,2073,4.2957797590454145,18.45372373822428,165.44363,0.5641355228435416
A1_LCD_aro_plus_,14,2459,2074,3.1123556263129046,9.68675754464159,57.58603,0.3893823873629937
A1_LCD_aro_plus_,14,2459,2075,2.8876358041690593,8.33844053751909,47.546555,0.2041569927461489
A1_LCD_aro_plus_,14,2459,2076,3.685829708703263,13.585340641559576,27.54597,0.38724193212112945
A1_LCD_aro_plus_,14,2459,2077,3.460821980796411,11.977288782763592,60.67149,0.5184074379736004
A1_LCD_aro_plus_,14,2459,2078,4.29563870366118,18.452511872391902,74.20944,0.41729573316755153
A1_LCD_aro_plus_,14,2459,2079,2.862943840114729,8.196447431650874,37.491005,0.15303069112708212
A1_LCD_aro_plus_,14,2459,2080,2.603411503012618,6.7777514540184205,12.168343,0.2078335359424564
A1_LCD_aro_plus_,14,2459,2081,3.7517599493341787,14.075702717428,54.251705,0.41761169055910885
A1_LCD_aro_plus_,14,2459,2082,2.8489665270076703,8.11661027201015,78.2359,0.2791173180173605
A1_LCD_aro_plus_,14,2459,2083,2.8552047708567305,8.152194283523036,80.52362,0.2649675550637803
A1_LCD_aro_plus_,14,2459,2084,3.9338455034459736,15.475140444982108,166.31099,0.27443958096057863
A1_LCD_aro_plus_,14,2459,2085,3.4499003712783125,11.901812571746238,56.925034,0.5009248738350527
A1_LCD_aro_plus_,14,2459,2086,3.493133123038391,12.201979015267941,133.81102,0.5196238903750521
A1_LCD_aro_plus_,14,2459,2087,3.1161008091891995,9.710084253029585,101.060585,0.5382911604407198
A1_LCD_aro_plus_,14,2459,2088,3.1191491245954985,9.729091261464868,14.454812,0.1592306547504359
A1_LCD_aro_plus_,14,2459,2089,5.192747943455417,26.964631204260453,175.19281,0.6650701252779654
A1_LCD_aro_plus_,14,2459,2090,3.829875042320246,14.667942839787504,156.42314,0.5229388265348367
A1_LCD_aro_plus_,14,2459,2091,3.903383201080953,15.236400414480986,128.10832,0.4964140485066969
A1_LCD_aro_plus_,14,2459,2092,3.4818047801320517,12.12296452695041,67.40235,0.26038450068056207
A1_LCD_aro_plus_,14,2459,2093,3.3157678228708884,10.994316255185948,23.652456,0.4368863111335759
A1_LCD_aro_plus_,14,2459,2094,3.632975695347635,13.198512402986632,135.54535,0.7069404558612958
A1_LCD_aro_plus_,14,2459,2095,4.243141358254503,18.004248586129872,178.84921,0.7189350488240224
A1_LCD_aro_plus_,14,2459,2096,4.057379132314794,16.46232542334355,61.60568,0.46979507827687267
A1_LCD_aro_plus_,14,2459,2097,2.3393243088963245,5.472438222193267,24.734135,0.28084164901343706
A1_LCD_aro_plus_,14,2459,2098,3.0172995932758644,9.104096835582697,47.24556,0.4694417896037173
A1_LCD_aro_plus_,14,2459,2099,3.2784829906612005,10.74845072005481,22.616526,0.3596851655740175
A1_LCD_aro_plus_,14,2459,2100,4.380431153684468,19.188177092169433,133.5265,0.614829605502943
A1_LCD_aro_plus_,14,2459,2101,4.221244647009072,17.818906369902745,168.3,0.7504370076430678
A1_LCD_aro_plus_,14,2459,2102,3.8889787870919004,15.124156006450786,65.795395,0.672623305481138
A1_LCD_aro_plus_,14,2459,2103,3.3439850719632536,11.18223616151308,64.04277,0.29378142903065924
A1_LCD_aro_plus_,14,2459,2104,2.613950737510568,6.832738458132046,42.794632,0.32463888032693666
A1_LCD_aro_plus_,14,2459,2105,3.0609494167490503,9.369411331896353,42.428047,0.3909647313755886
A1_LCD_aro_plus_,14,2459,2106,2.612729301759785,6.8263544042741735,61.77402,0.19660438878637987
A1_LCD_aro_plus_,14,2459,2107,3.2800350863340255,10.75863016758226,68.01448,0.37368717313510574
A1_LCD_aro_plus_,14,2459,2108,2.5988161592761485,6.753845429714832,66.64481,0.44966316977789816
A1_LCD_aro_plus_,14,2459,2109,2.5452242914709413,6.478166693893755,58.196014,0.12809480690001812
A1_LCD_aro_plus_,14,2459,2110,3.8257747214507223,14.636552219291353,73.373955,0.46942534187990537
A1_LCD_aro_plus_,14,2459,2111,3.310661209914343,10.9604776468315,97.76067,0.407528345730185
A1_LCD_aro_plus_,14,2459,2112,4.483337001789955,20.10031067161895,156.21487,0.6946367812974982
A1_LCD_aro_plus_,14,2459,2113,5.089853029113632,25.906603857977217,180.29413,0.8586923350065223
A1_LCD_aro_plus_,14,2459,2114,2.5848592859607193,6.681497528217361,47.568275,0.27821278543235595
A1_LCD_aro_plus_,14,2459,2115,3.4901394552389613,12.181073417015712,47.418064,0.5919519647244738
A1_LCD_aro_plus_,14,2459,2116,4.415910844163982,19.50026858360505,121.92027,0.3216304729483416
A1_LCD_aro_plus_,14,2459,2117,3.3054189384282253,10.925794358519973,83.91434,0.49188004541116315
A1_LCD_aro_plus_,14,2459,2118,4.141934677849961,17.15562287557606,111.2487,0.5956833007799983
A1_LCD_aro_plus_,14,2459,2119,4.110494271243343,16.896163153924345,171.6744,0.7829878052142456
A1_LCD_aro_plus_,14,2459,2120,4.605674019552314,21.212233174379165,172.37933,0.67493744261515
A1_LCD_aro_plus_,14,2459,2121,3.4905675031927266,12.184061494345103,29.141417,0.45320821949296775
A1_LCD_aro_plus_,14,2459,2122,2.827691603279679,7.9958398032584,21.68757,0.2511500093404786
A1_LCD_aro_plus_,14,2459,2123,3.2028459727654615,10.258222325259936,29.721622,0.5467132643943575
A1_LCD_aro_plus_,14,2459,2124,3.7965996160548374,14.414168644627742,61.56629,0.2639482193422579
A1_LCD_aro_plus_,14,2459,2125,2.49861310004298,6.243067423706388,15.933859,0.19790225537301503
A1_LCD_aro_plus_,14,2459,2126,3.074247249899451,9.450996153514337,28.899435,0.22105259271049033
A1_LCD_aro_plus_,14,2459,2127,2.726657239131945,7.43465969971064,12.083131,0.1771171021301188
A1_LCD_aro_plus_,14,2459,2128,3.7503650135900797,14.065237735160517,134.57498,0.3415751957047311
A1_LCD_aro_plus_,14,2459,2129,4.32288781908845,18.687359096423293,75.405266,0.5946526770500409
A1_LCD_aro_plus_,14,2459,2130,2.6170721436164843,6.849066604893381,40.59557,0.30928861488206594
A1_LCD_aro_plus_,14,2459,2131,2.9263921843260845,8.563771216484794,45.943394,0.1969166607323734
A1_LCD_aro_plus_,14,2459,2132,3.197405050466807,10.22339905675064,73.04733,0.3483241867333067
A1_LCD_aro_plus_,14,2459,2133,3.402419514344888,11.576458551594905,48.092487,0.3376310318682457
A1_LCD_aro_plus_,14,2459,2134,2.9441739977817956,8.66816052921444,51.246403,0.2908067327975175
A1_LCD_aro_plus_,14,2459,2135,2.8037056289240567,7.860765253660442,10.572987,0.4568015886092153
A1_LCD_aro_plus_,14,2459,2136,3.330731823742443,11.093774481690662,48.057014,0.4574348914430636
A1_LCD_aro_plus_,14,2459,2137,3.012820351329911,9.07708646938769,31.824223,0.3010410891748081
A1_LCD_aro_plus_,14,2459,2138,3.31258091477381,10.973192316923692,63.751896,0.18103925712229668
A1_LCD_aro_plus_,14,2459,2139,3.88877248732266,15.122551458157668,175.10725,0.5613204069998279
A1_LCD_aro_plus_,14,2459,2140,3.9040560497435477,15.241653639539194,43.805748,0.17914999148430885
A1_LCD_aro_plus_,14,2459,2141,2.803683953696227,7.860643712213705,27.15543,0.37179733410444193
A1_LCD_aro_plus_,14,2459,2142,3.3586426953251496,11.28048075486099,50.248363,0.32071124825987346
A1_LCD_aro_plus_,14,2459,2143,3.228933881923999,10.426014013836786,8.2353325,0.2145839322965773
A1_LCD_aro_plus_,14,2459,2144,4.112457967000315,16.91231053034437,107.427704,0.5797083835471546
A1_LCD_aro_plus_,14,2459,2145,4.556317007114452,20.760024669320398,168.45961,0.5204935429964292
A1_LCD_aro_plus_,14,2459,2146,4.463801803217405,19.925526538406952,98.13354,0.7333037010607539
A1_LCD_aro_plus_,14,2459,2147,3.406401103747823,11.603568479614392,46.175484,0.3799070700273425
A1_LCD_aro_plus_,14,2459,2148,3.0740814325650265,9.449976654041045,42.304443,0.4147051909901885
A1_LCD_aro_plus_,14,2459,2149,2.9863901274800924,8.918525993510562,64.9279,0.42472112018387687
A1_LCD_aro_plus_,14,2459,2150,3.783438457426825,14.314406561136279,69.20127,0.39237387657068135
A1_LCD_aro_plus_,14,2459,2151,3.517894662509062,12.375582856509746,51.481144,0.45566638504803136
A1_LCD_aro_plus_,14,2459,2152,2.563078995130112,6.569373935277186,24.477083,0.2068532606228441
A1_LCD_aro_plus_,14,2459,2153,3.0345328878026225,9.208389847155724,29.082817,0.3221947007582856
A1_LCD_aro_plus_,14,2459,2154,2.8253678934010966,7.982703733061752,29.912867,0.18937041830138096
A1_LCD_aro_plus_,14,2459,2155,2.475051019951625,6.125877551363581,16.559696,0.1751173791233501
A1_LCD_aro_plus_,14,2459,2156,2.694326897972705,7.259397433139219,41.367542,0.28085776531366835
A1_LCD_aro_plus_,14,2459,2157,2.3734694197523596,5.633357086499602,46.20681,0.14045497606830593
A1_LCD_aro_plus_,14,2459,2158,3.8051539157919,14.47919632286643,87.47414,0.4757557814072829
A1_LCD_aro_plus_,14,2459,2159,3.6550977284225095,13.35973940431939,120.19081,0.528568891036419
A1_LCD_aro_plus_,14,2459,2160,3.3880006729266188,11.478548559751223,38.56309,0.3692999139871803
A1_LCD_aro_plus_,14,2459,2161,3.6902556768729737,13.617986960693209,76.06808,0.30105633253550046
A1_LCD_aro_plus_,14,2459,2162,4.14838392165064,17.209089161409544,121.428566,0.622617864409627
A1_LCD_aro_plus_,14,2459,2163,3.4764448939480186,12.08566910065725,121.861595,0.6389947259325366
A1_LCD_aro_plus_,14,2459,2164,3.872506236276338,14.99630454999913,50.267212,0.6811938629648495
A1_LCD_aro_plus_,14,2459,2165,3.39046794767763,11.495272904229356,31.571316,0.39537231028453956
A1_LCD_aro_plus_,14,2459,2166,3.6036991443768787,12.986647523182647,62.815403,0.30340646183843384
A1_LCD_aro_plus_,14,2459,2167,2.8089023758209524,7.889932556892591,0.9829432,0.25491209893003963
A1_LCD_aro_plus_,14,2459,2168,3.434023637592929,11.792518343546968,54.741592,0.35862623063387705
A1_LCD_aro_plus_,14,2459,2169,4.806304353963317,23.10056154292675,87.02983,0.7490990651054971
A1_LCD_aro_plus_,14,2459,2170,3.8828469566294705,15.076500488606742,86.157715,0.48792759036401956
A1_LCD_aro_plus_,14,2459,2171,3.2966452991052737,10.867870228112894,91.75742,0.5647083367183896
A1_LCD_aro_plus_,14,2459,2172,2.9992506912569166,8.995504709005091,13.96685,0.3725514392068366
A1_LCD_aro_plus_,14,2459,2173,2.9045670130875485,8.436509533516322,10.128029,0.16279631197700878
A1_LCD_aro_plus_,14,2459,2174,2.850865848609238,8.127436086766473,34.05756,0.297234008846578
A1_LCD_aro_plus_,14,2459,2175,4.455450280271708,19.851037199973238,75.44087,0.6623373933322394
A1_LCD_aro_plus_,14,2459,2176,3.515766942211651,12.360617191948263,132.41801,0.3134082260823164
A1_LCD_aro_plus_,14,2459,2177,3.474511188667495,12.07222800017561,81.2218,0.3220863568221863
A1_LCD_aro_plus_,14,2459,2178,3.1666074263930164,10.027402592887402,90.319176,0.3472047264116332
A1_LCD_aro_plus_,14,2459,2179,3.5917639170921714,12.9007680361253,124.84451,0.4770696390475089
A1_LCD_aro_plus_,14,2459,2180,4.689129586519798,21.987936279175337,168.19284,0.647377448693157
A1_LCD_aro_plus_,14,2459,2181,2.644020451887498,6.99084414999937,40.938168,0.19870678549059156
A1_LCD_aro_plus_,14,2459,2182,3.923439786456738,15.393379757951697,43.321003,0.6509052751678805
A1_LCD_aro_plus_,14,2459,2183,3.562536749427725,12.691668091023066,59.83272,0.5760563158161927
A1_LCD_aro_plus_,14,2459,2184,3.2371506123247182,10.479144086874298,74.20024,0.336561778368506
A1_LCD_aro_plus_,14,2459,2185,3.0411512418641715,9.248600875891995,40.526745,0.4121183581817455
A1_LCD_aro_plus_,14,2459,2186,3.8624927829614513,14.918850498429292,71.9196,0.3392416562441829
A1_LCD_aro_plus_,14,2459,2187,3.4503006187215703,11.904574359550452,69.952614,0.47849365749474343
A1_LCD_aro_plus_,14,2459,2188,3.460360746193426,11.974096493796322,122.45,0.48556684700128194
A1_LCD_aro_plus_,14,2459,2189,2.9886097817725004,8.931788427706273,39.203304,0.24037807228379815
A1_LCD_aro_plus_,14,2459,2190,4.579698730641338,20.97364046343788,80.57942,0.287902308617916
A1_LCD_aro_plus_,14,2459,2191,2.9579198176313373,8.749289647536203,60.34899,0.19578614410971612
A1_LCD_aro_plus_,14,2459,2192,2.658906570642841,7.069784151407676,65.017456,0.1820316741965432
A1_LCD_aro_plus_,14,2459,2193,4.077614050012883,16.62693634086248,73.690414,0.6761642874728874
A1_LCD_aro_plus_,14,2459,2194,3.189688265654349,10.17411123205305,69.58974,0.2397007582551658
A1_LCD_aro_plus_,14,2459,2195,3.0057679407348306,9.034640913549305,31.367859,0.2766106864141404
A1_LCD_aro_plus_,14,2459,2196,3.8196256607186916,14.5895401880207,67.90657,0.45011898769908554
A1_LCD_aro_plus_,14,2459,2197,3.8351469939318785,14.708352465064726,67.665504,0.252413673604199
A1_LCD_aro_plus_,14,2459,2198,2.251686441842997,5.0700918323795765,26.50439,0.16584931688651366
A1_LCD_aro_plus_,14,2459,2199,4.1135655077322,16.921421186404068,127.663704,0.5094064475891263
A1_LCD_aro_plus_,14,2459,2200,3.0650290361114867,9.394402992206512,12.063145,0.20790229495831197
A1_LCD_aro_plus_,14,2459,2201,4.148819205901857,17.212700803260116,89.67884,0.6745484466864018
A1_LCD_aro_plus_,14,2459,2202,3.0063746274179977,9.038288400382703,50.188103,0.31285360774447224
A1_LCD_aro_plus_,14,2459,2203,3.453377654170128,11.925817222321573,26.941383,0.28077809990314534
A1_LCD_aro_plus_,14,2459,2204,4.088516794712464,16.71596958064588,95.990326,0.5710254570303754
A1_LCD_aro_plus_,14,2459,2205,4.063420504878298,16.511386199465402,141.76959,0.40236996194464536
A1_LCD_aro_plus_,14,2459,2206,4.285999759047465,18.369793934554938,128.35913,0.8776507171742332
A1_LCD_aro_plus_,14,2459,2207,3.8827517264510196,15.075760969258369,44.406887,0.8580664661623141
A1_LCD_aro_plus_,14,2459,2208,2.794046332129765,7.806694906087794,38.623817,0.23206002544600252
A1_LCD_aro_plus_,14,2459,2209,2.6135271898976717,6.8305243723344224,30.040281,0.16854543052332063
A1_LCD_aro_plus_,14,2459,2210,3.1562506383345057,9.961918091986973,108.43034,0.6237892868599825
A1_LCD_aro_plus_,14,2459,2211,5.044345992648461,25.44542649354859,70.00163,0.5584973491322155
A1_LCD_aro_plus_,14,2459,2212,2.1754327981996924,4.732507859482943,8.0737505,0.09655416018818168
A1_LCD_aro_plus_,14,2459,2213,3.0261158717784897,9.157377269429693,100.99231,0.1915653641904635
A1_LCD_aro_plus_,14,2459,2214,3.8465401439145857,14.795871078746444,77.103165,0.5407101187439087
A1_LCD_aro_plus_,14,2459,2215,3.117287687422447,9.717482526155592,53.24525,0.43831206486345314
A1_LCD_aro_plus_,14,2459,2216,3.1450956868309943,9.891626879322926,52.624794,0.23943160804280283
A1_LCD_aro_plus_,14,2459,2217,4.992739689790131,24.927449610005656,233.4,0.7768994655240359
A1_LCD_aro_plus_,14,2459,2218,3.85275307716344,14.843706273592355,55.255703,0.3320098378465497
A1_LCD_aro_plus_,14,2459,2219,3.0603591792523326,9.365798306034007,44.03629,0.35236560123121097
A1_LCD_aro_plus_,14,2459,2220,2.7780179067046404,7.717383489971629,19.006802,0.3284870569278581
A1_LCD_aro_plus_,14,2459,2221,3.174218719061616,10.075664476441167,20.71934,0.6320689622443884
A1_LCD_aro_plus_,14,2459,2222,2.7024896520860984,7.30345031963244,50.35448,0.4332605125021981
A1_LCD_aro_plus_,14,2459,2223,3.8061580930248424,14.486839429098508,38.35951,0.5991426060891023
A1_LCD_aro_plus_,14,2459,2224,2.5712169901194395,6.61115681027887,34.618416,0.11237936004723362
A1_LCD_aro_plus_,14,2459,2225,3.2377072591103877,10.482748295696098,35.22687,0.16888800684024438
A1_LCD_aro_plus_,14,2459,2226,3.4248272046154598,11.729441381474144,110.4143,0.20084151941193548
A1_LCD_aro_plus_,14,2459,2227,2.917610390506483,8.512450390791392,71.34501,0.40238193529545924
A1_LCD_aro_plus_,14,2459,2228,3.7682354996568876,14.199598780874393,123.15664,0.6376143304236556
A1_LCD_aro_plus_,14,2459,2229,4.659572091497136,21.711612075858994,171.51196,0.8018364798535599
A1_LCD_aro_plus_,14,2459,2230,4.8943400231549345,23.954564262256252,180.25928,0.6364146043756955
A1_LCD_aro_plus_,14,2459,2231,4.676965514709633,21.874006425783154,152.46991,0.4034227602844983
A1_LCD_aro_plus_,14,2459,2232,4.7002835316946525,22.092665278319963,119.45663,0.29251444432808754
A1_LCD_aro_plus_,14,2459,2233,4.328629369086753,18.737032214920387,110.26203,0.6313266755101699
A1_LCD_aro_plus_,14,2459,2234,3.808562479033588,14.505148156702475,57.245277,0.5313511463266565
A1_LCD_aro_plus_,14,2459,2235,3.3190853095934982,11.016327292359367,45.691963,0.46635030226601065
A1_LCD_aro_plus_,14,2459,2236,2.3519706078988114,5.531765740419905,32.02009,0.36740330222689577
A1_LCD_aro_plus_,14,2459,2237,2.395035332091421,5.736194241966264,44.96177,0.11818301349156217
A1_LCD_aro_plus_,14,2459,2238,3.975602641744667,15.805416365047172,99.52985,0.32587215737956304
A1_LCD_aro_plus_,14,2459,2239,4.166877039276366,17.362864260448568,192.72775,0.4221181542814386
A1_LCD_aro_plus_,14,2459,2240,4.439908976653106,19.71279172096483,146.51616,0.5762482972022862
A1_LCD_aro_plus_,14,2459,2241,3.0651752496979383,9.395299311360816,45.149475,0.385248034506692
A1_LCD_aro_plus_,14,2459,2242,2.528895023619734,6.395310040488656,45.624336,0.42954848407992396
A1_LCD_aro_plus_,14,2459,2243,2.9345805349827576,8.611762916299687,81.13628,0.3811769554641493
A1_LCD_aro_plus_,14,2459,2244,3.291811355776256,10.836022002017513,14.846373,0.39697454082810935
A1_LCD_aro_plus_,14,2459,2245,4.392259323769796,19.291941967242703,109.68535,0.544862743268846
A1_LCD_aro_plus_,14,2459,2246,3.451759031342074,11.914640410451577,107.31242,0.6197789163548029
A1_LCD_aro_plus_,14,2459,2247,4.871009412877152,23.726732700337816,178.15414,0.7722356517966713
A1_LCD_aro_plus_,14,2459,2248,3.5020551961139406,12.26439059662865,74.42964,0.22648275707952303
A1_LCD_aro_plus_,14,2459,2249,3.016962139648357,9.102060552071592,89.50357,0.43797815977534976
A1_LCD_aro_plus_,14,2459,2250,3.435609197062139,11.803410554937956,81.954414,0.3467899415034986
A1_LCD_aro_plus_,14,2459,2251,2.5221745242536153,6.361364330793951,31.765043,0.3560220171074211
A1_LCD_aro_plus_,14,2459,2252,3.3051451434364876,10.923984419181798,78.79303,0.27931064466732836
A1_LCD_aro_plus_,14,2459,2253,2.856965854550168,8.162253894065572,55.100113,0.1820878280795598
A1_LCD_aro_plus_,14,2459,2254,4.2618264174194405,18.163164412214222,105.117096,0.6528410512000952
A1_LCD_aro_plus_,14,2459,2255,4.059889481760347,16.482702604108304,98.8832,0.7120373784241075
A1_LCD_aro_plus_,14,2459,2256,2.9598584995548505,8.76076233738709,21.8724,0.22613902157761623
A1_LCD_aro_plus_,14,2459,2257,3.4812894113183606,12.119375965357339,34.735737,0.6301103690114628
A1_LCD_aro_plus_,14,2459,2258,3.2849022146980067,10.790582560127868,30.60504,0.521822757741853
A1_LCD_aro_plus_,14,2459,2259,3.3324139902560677,11.10498300245437,49.340424,0.3033673358707464
A1_LCD_aro_plus_,14,2459,2260,4.584662738914224,21.01913242958847,54.180214,0.7919996469731629
A1_LCD_aro_plus_,14,2459,2261,2.499932789545991,6.249663952247201,48.011536,0.3070771848432062
A1_LCD_aro_plus_,14,2459,2262,4.863692290997871,23.655502701512116,58.178246,0.7572592676396541
A1_LCD_aro_plus_,14,2459,2263,3.549526709598509,12.599139862153217,78.22352,0.6212915238659547
A1_LCD_aro_plus_,14,2459,2264,3.512198021355297,12.335534941212064,85.448875,0.5293681111640396
A1_LCD_aro_plus_,14,2459,2265,4.83401848437858,23.36773470731379,233.27243,0.5498182217869124
A1_LCD_aro_plus_,14,2459,2266,5.435336302595705,29.542880722314756,229.40778,0.7109470642665677
A1_LCD_aro_plus_,14,2459,2267,2.9198378221812056,8.525452907839886,97.23876,0.22793889651107102
A1_LCD_aro_plus_,14,2459,2268,3.790704844977134,14.369443221733118,36.163624,0.27456150369678844
A1_LCD_aro_plus_,14,2459,2269,3.3637318896322945,11.314692225329246,65.927864,0.28089872651730663
A1_LCD_aro_plus_,14,2459,2270,3.847936706347452,14.806616896056074,139.12076,0.6343137419728342
A1_LCD_aro_plus_,14,2459,2271,3.1651530903285905,10.018194085216626,98.35821,0.47258783304734997
A1_LCD_aro_plus_,14,2459,2272,3.086345487552932,9.525528468538345,106.85315,0.2887508262125601
A1_LCD_aro_plus_,14,2459,2273,3.0172663323577678,9.103896120379694,43.16022,0.4265101974784921
A1_LCD_aro_plus_,14,2459,2274,3.181673653399757,10.123047236738156,55.658512,0.42885612209879664
A1_LCD_aro_plus_,14,2459,2275,3.523252337028056,12.41330703037366,79.97054,0.5995487040469142
A1_LCD_aro_plus_,14,2459,2276,2.8996800136666567,8.408144181657862,25.577374,0.35368493504585075
A1_LCD_aro_plus_,14,2459,2277,2.7259359571874957,7.430726842687708,6.590496,0.17690953470012216
A1_LCD_aro_plus_,14,2459,2278,3.2620775515832383,10.641149952543294,18.932247,0.5488379416170944
A1_LCD_aro_plus_,14,2459,2279,2.46234113906419,6.063123885127931,5.567693,0.20920269701096816
A1_LCD_aro_plus_,14,2459,2280,3.8941565478930733,15.164455219498498,82.0383,0.3142862808273413
A1_LCD_aro_plus_,14,2459,2281,3.4015863042264987,11.570789385101289,58.5243,0.2094449205822801
A1_LCD_aro_plus_,14,2459,2282,3.7829344479422464,14.31059303742811,111.32225,0.5158891220408565
A1_LCD_aro_plus_,14,2459,2283,3.959475172895056,15.677443644772339,163.37035,0.3264574337432557
A1_LCD_aro_plus_,14,2459,2284,4.307451958223308,18.554142372401813,121.02957,0.531709164414146
A1_LCD_aro_plus_,14,2459,2285,4.028671336619739,16.230192738501472,134.87814,0.6286327512249446
A1_LCD_aro_plus_,14,2459,2286,5.426971105116851,29.452015375773215,207.12093,0.7997292528579267
A1_LCD_aro_plus_,14,2459,2287,3.7077275242995356,13.74724339444836,93.53216,0.6108152103380946
A1_LCD_aro_plus_,14,2459,2288,3.4905733443808673,12.184102272502235,80.45167,0.5462625342610158
A1_LCD_aro_plus_,14,2459,2289,3.1242075197088237,9.760672626205162,76.806244,0.4078209978457661
A1_LCD_aro_plus_,14,2459,2290,2.8522256964656445,8.135191423578929,52.594803,0.10072268177506669
A1_LCD_aro_plus_,14,2459,2291,3.1804532341372522,10.11528277453411,71.93272,0.5494242877886932
A1_LCD_aro_plus_,14,2459,2292,3.736139711031144,13.95873994034388,69.24584,0.6772357901835789
A1_LCD_aro_plus_,14,2459,2293,3.6038016496664382,12.987386330138543,90.82543,0.3572286019338265
A1_LCD_aro_plus_,14,2459,2294,3.8225977365127255,14.612253455192212,92.2711,0.539227396508505
A1_LCD_aro_plus_,14,2459,2295,4.736713448703862,22.43645429513203,159.94862,0.7867992063397569
A1_LCD_aro_plus_,14,2459,2296,3.3087755901672646,10.94799590608673,34.65159,0.22724652211495544
A1_LCD_aro_plus_,14,2459,2297,2.981038556195812,8.886590873526009,33.30866,0.32546766601499044
A1_LCD_aro_plus_,14,2459,2298,3.4944093509715395,12.210896712157336,46.176453,0.5368231865772028
A1_LCD_aro_plus_,14,2459,2299,3.429482408572142,11.76134959070578,72.46456,0.46462560389916885
A1_LCD_aro_plus_,14,2459,2300,4.515912700705974,20.393467520397518,94.942665,0.3891067126436386
A1_LCD_aro_plus_,14,2459,2301,3.07263500457716,9.441085871352888,118.00873,0.5040260106799113
A1_LCD_aro_plus_,14,2459,2302,4.589201219785598,21.060767835681617,112.309746,0.6508430587740812
A1_LCD_aro_plus_,14,2459,2303,2.731639461070622,7.461854145278201,47.914356,0.10568878559051098
A1_LCD_aro_plus_,14,2459,2304,3.1282977194717443,9.786246621652115,57.16996,0.29172702932301553
A1_LCD_aro_plus_,14,2459,2305,2.6603904446263105,7.077677317858977,40.544598,0.30561630544424057
A1_LCD_aro_plus_,14,2459,2306,3.157524854339257,9.969963205770146,12.44496,0.48638777954965573
A1_LCD_aro_plus_,14,2459,2307,3.127384598790631,9.780534428752837,18.72345,0.40645808928089144
A1_LCD_aro_plus_,14,2459,2308,3.7230630868968824,13.861198749014138,134.06802,0.5612070272992338
A1_LCD_aro_plus_,14,2459,2309,2.5625633867997837,6.566731111366777,12.871185,0.1250924558745088
A1_LCD_aro_plus_,14,2459,2310,3.5716000438618103,12.756326873313686,75.37066,0.7293325042507139
A1_LCD_aro_plus_,14,2459,2311,3.3060432343915274,10.929921867665994,48.74431,0.4240973133348793
A1_LCD_aro_plus_,14,2459,2312,2.950335298691663,8.704478374706024,43.53517,0.26179453711112166
A1_LCD_aro_plus_,14,2459,2313,3.2478974207503506,10.54883765571678,52.667976,0.5354986631434294
A1_LCD_aro_plus_,14,2459,2314,2.1093379013631095,4.449306382126926,23.592396,0.16767120612144631
A1_LCD_aro_plus_,14,2459,2315,3.67710038584533,13.521067247583876,118.79002,0.23475657094292202
A1_LCD_aro_plus_,14,2459,2316,2.959166162210409,8.756664375571079,61.331917,0.25961283067406565
A1_LCD_aro_plus_,14,2459,2317,2.610948107442433,6.817050019757224,22.359222,0.2313650670530915
A1_LCD_aro_plus_,14,2459,2318,3.7315846958316135,13.924724342164716,58.727898,0.4471205910195759
A1_LCD_aro_plus_,14,2459,2319,3.2384250880514363,10.48739705092095,62.883163,0.519604783247952
A1_LCD_aro_plus_,14,2459,2320,3.802691066587603,14.460459347905159,58.27575,0.32555480162844513
A1_LCD_aro_plus_,14,2459,2321,3.6725743042553787,13.48780202027688,53.248535,0.21939639882319956
A1_LCD_aro_plus_,14,2459,2322,2.6405653450360265,6.972585341405231,13.083239,0.3070704089876116
A1_LCD_aro_plus_,14,2459,2323,3.0577409053251654,9.349779444098765,14.173353,0.3195256838661919
A1_LCD_aro_plus_,14,2459,2324,3.7108321298595595,13.770275095998034,79.30061,0.6348572726468891
A1_LCD_aro_plus_,14,2459,2325,3.7450260038630234,14.025219769610255,143.5389,0.33403163483967985
A1_LCD_aro_plus_,14,2459,2326,3.5833871964447734,12.840663799644327,73.60432,0.6251118039827288
A1_LCD_aro_plus_,14,2459,2327,4.743361000569502,22.499473581723706,240.2309,0.5938605965306141
A1_LCD_aro_plus_,14,2459,2328,4.913469987535713,24.142187318414198,160.6789,0.7001948381738105
A1_LCD_aro_plus_,14,2459,2329,2.445074511877404,5.978389368632525,28.51149,0.18764206285322038
A1_LCD_aro_plus_,14,2459,2330,3.253213045130335,10.583395117006189,93.86299,0.4416971233857332
A1_LCD_aro_plus_,14,2459,2331,3.068816868037186,9.417636969549566,53.330914,0.47526881716826497
A1_LCD_aro_plus_,14,2459,2332,3.846358907121047,14.794476842389415,102.57752,0.5546552234121729
A1_LCD_aro_plus_,14,2459,2333,3.8938063717881253,15.161728060977802,81.70329,0.5458079802346839
A1_LCD_aro_plus_,14,2459,2334,3.8519955933047,14.837870050838827,171.69113,0.5110797002745222
A1_LCD_aro_plus_,14,2459,2335,2.978353249019346,8.870588075944095,72.05835,0.44488864940645706
A1_LCD_aro_plus_,14,2459,2336,3.127118258583718,9.77886860316766,79.63361,0.4203057955464975
A1_LCD_aro_plus_,14,2459,2337,2.7628878426873094,7.633549231269334,59.16203,0.26620227797424956
A1_LCD_aro_plus_,14,2459,2338,4.502763888586814,20.274882636361447,103.67476,0.5738163395183999
A1_LCD_aro_plus_,14,2459,2339,4.254863898240067,18.10386679254666,177.42336,0.515144052210114
A1_LCD_aro_plus_,14,2459,2340,3.46121680293897,11.980021756947062,58.678505,0.36868826248962033
A1_LCD_aro_plus_,14,2459,2341,2.694590615085425,7.260818582906449,40.29136,0.2645502090829417
A1_LCD_aro_plus_,14,2459,2342,3.5024915712285503,12.26744720652704,128.50697,0.464648523745065
A1_LCD_aro_plus_,14,2459,2343,2.782463780072051,7.742104687412844,16.061548,0.20136370957849958
A1_LCD_aro_plus_,14,2459,2344,4.358019439023903,18.99233343091021,164.77853,0.5670553592606924
A1_LCD_aro_plus_,14,2459,2345,2.590866890316085,6.712591243336143,13.703493,0.34330330008737575
A1_LCD_aro_plus_,14,2459,2346,2.32449055266635,5.403256329435113,46.51211,0.15488260092887382
A1_LCD_aro_plus_,14,2459,2347,3.209968510084005,10.303897835730933,53.615818,0.4547976662099392
A1_LCD_aro_plus_,14,2459,2348,3.1526560296417014,9.939240041236177,83.78468,0.22463238619833603
A1_LCD_aro_plus_,14,2459,2349,4.177333945094884,17.450118888841992,176.63916,0.5460087093257939
A1_LCD_aro_plus_,14,2459,2350,4.682822402457419,21.928825652957073,139.76575,0.7787439026196588
A1_LCD_aro_plus_,14,2459,2351,3.7144227561914405,13.79693641171281,32.442375,0.5612034586058022
A1_LCD_aro_plus_,14,2459,2352,3.2284603468215485,10.422956210999113,99.3951,0.44379713069612325
A1_LCD_aro_plus_,14,2459,2353,3.272292265931396,10.70789667367443,100.8551,0.41588027697589613
A1_LCD_aro_plus_,14,2459,2354,4.420269552108814,19.538782913300253,238.38615,0.695642656653536
A1_LCD_aro_plus_,14,2459,2355,3.533598826696081,12.48632066802792,124.782326,0.4902494882201901
A1_LCD_aro_plus_,14,2459,2356,2.757176025806222,7.602019637280593,67.286514,0.32941588868036625
A1_LCD_aro_plus_,14,2459,2357,3.55734775919183,12.654723079827134,81.10332,0.23823727396782368
A1_LCD_aro_plus_,14,2459,2358,4.972873175175477,24.72946761637983,110.43399,0.6790232049825413
A1_LCD_aro_plus_,14,2459,2359,4.1049640790188775,16.850730090035302,155.36914,0.5106392085470374
A1_LCD_aro_plus_,14,2459,2360,3.8441168163821384,14.777234097991949,137.3514,0.48897844012737735
A1_LCD_aro_plus_,14,2459,2361,2.970399700812852,8.823274382589082,40.389275,0.15595606987068378
A1_LCD_aro_plus_,14,2459,2362,2.9317602246840635,8.59521801503955,49.047962,0.43616209528024447
A1_LCD_aro_plus_,14,2459,2363,2.738124451400391,7.497325511356691,54.714863,0.43246504494898974
A1_LCD_aro_plus_,14,2459,2364,2.769147492130183,7.668177833170882,28.84055,0.43283437447005824
A1_LCD_aro_plus_,14,2459,2365,3.3734047226194646,11.379859422591307,40.478928,0.39847405855816753
A1_LCD_aro_plus_,14,2459,2366,3.796728623073089,14.415148237262478,86.878204,0.45109998766338133
A1_LCD_aro_plus_,14,2459,2367,3.3401029759575285,11.156287890000337,33.50617,0.545608173270929
A1_LCD_aro_plus_,14,2459,2368,2.4918251005751686,6.209192331856448,13.766492,0.08185010819327893
A1_LCD_aro_plus_,14,2459,2369,3.210069950415415,10.304549086560023,76.39358,0.47231731901903307
A1_LCD_aro_plus_,14,2459,2370,3.3957574488919366,11.531168651705075,76.8814,0.43133001205194477
A1_LCD_aro_plus_,14,2459,2371,3.032054713753153,9.193355787192713,27.007751,0.2670343728704614
A1_LCD_aro_plus_,14,2459,2372,3.78938114768685,14.359409482444505,95.49994,0.4958996228149609
A1_LCD_aro_plus_,14,2459,2373,3.0518138151943304,9.313567562610976,40.21295,0.3727061509666289
A1_LCD_aro_plus_,14,2459,2374,3.7266413910376035,13.887856057394684,60.397217,0.49284808564585214
A1_LCD_aro_plus_,14,2459,2375,3.4999566845567545,12.24969679377351,53.95353,0.42482892784258536
A1_LCD_aro_plus_,14,2459,2376,2.5098824196583114,6.299509760509861,10.386724,0.19755156471470176
A1_LCD_aro_plus_,14,2459,2377,3.1224283532239254,9.749558821016675,31.639606,0.3684928295549379
A1_LCD_aro_plus_,14,2459,2378,3.331464011540422,11.098652460188998,32.004765,0.45055486009441575
A1_LCD_aro_plus_,14,2459,2379,3.7167020223797835,13.813873923161978,101.46153,0.5569471198854373
A1_LCD_aro_plus_,14,2459,2380,3.5125374006779086,12.337918991161118,87.11255,0.3728022692604308
A1_LCD_aro_plus_,14,2459,2381,3.648837736478803,13.314016827151757,65.36675,0.36131819411582833
A1_LCD_aro_plus_,14,2459,2382,2.7025285046788574,7.303660318601739,80.99557,0.32154746202156703
A1_LCD_aro_plus_,14,2459,2383,4.198324155886692,17.625925717901715,69.42466,0.7390737536690497
A1_LCD_aro_plus_,14,2459,2384,3.9161545840997674,15.336266726565617,223.27826,0.7193401333292877
A1_LCD_aro_plus_,14,2459,2385,3.295975232165852,10.863452731050744,49.776497,0.2263747206613734
A1_LCD_aro_plus_,14,2459,2386,3.0365204943616333,9.220456712678217,57.774837,0.3545835093201341
A1_LCD_aro_plus_,14,2459,2387,3.15285388642289,9.940487629131919,77.94289,0.2903173001419398
A1_LCD_aro_plus_,14,2459,2388,3.2549183808106648,10.594493665739119,68.453835,0.47920956324910496
A1_LCD_aro_plus_,14,2459,2389,3.215962074164246,10.342412062462799,54.681526,0.1426472896672118
A1_LCD_aro_plus_,14,2459,2390,3.3692482191366557,11.351833562155528,57.05954,0.6013764063563387
A1_LCD_aro_plus_,14,2459,2391,3.6916850141303903,13.6285382435549,73.41722,0.6279374687146669
A1_LCD_aro_plus_,14,2459,2392,2.7790097883796414,7.72289540390986,39.2263,0.4598849780555677
A1_LCD_aro_plus_,14,2459,2393,3.1795872141740875,10.109774852539335,92.17964,0.6130290757555406
A1_LCD_aro_plus_,14,2459,2394,4.4960693321305945,20.214639439325257,135.38333,0.6436937911163664
A1_LCD_aro_plus_,14,2459,2395,4.047007654459075,16.378270955250347,134.48956,0.6153497140719225
A1_LCD_aro_plus_,14,2459,2396,3.306247210796261,10.931270618898052,29.63192,0.3405330649358639
A1_LCD_aro_plus_,14,2459,2397,3.042109796562285,9.254432014340228,77.03734,0.31750150401357663
A1_LCD_aro_plus_,14,2459,2398,2.69413282479685,7.258351677647855,19.422947,0.010441725457679664
A1_LCD_aro_plus_,14,2459,2399,3.6621820804947274,13.411577590696691,61.41259,0.49681777220736584
A1_LCD_aro_plus_,14,2459,2400,2.879378914210765,8.290822931601566,64.68381,0.3406525412749854
A1_LCD_aro_plus_,14,2459,2401,3.8241386041414844,14.624036063685182,118.6124,0.5373584029565209
A1_LCD_aro_plus_,14,2459,2402,3.415623425611165,11.666483385583751,90.03279,0.4472179138847188
A1_LCD_aro_plus_,14,2459,2403,2.9141799888996807,8.492445007703342,43.13454,0.47875080065437514
A1_LCD_aro_plus_,14,2459,2404,2.9819999364083576,8.892323620739448,3.4281201,0.3107041176173517
A1_LCD_aro_plus_,14,2459,2405,2.619315526629572,6.860813828042755,9.173681,0.24435890312157865
A1_LCD_aro_plus_,14,2459,2406,3.4488669116543,11.89468297430387,99.15538,0.3019927478813942
A1_LCD_aro_plus_,14,2459,2407,3.8493779305474702,14.817710452185926,82.45839,0.5469145536403628
A1_LCD_aro_plus_,14,2459,2408,3.9847966703088695,15.878604503704656,123.80036,0.5515404621109063
A1_LCD_aro_plus_,14,2459,2409,4.528992113599792,20.511769565049114,140.58981,0.606420533865028
A1_LCD_aro_plus_,14,2459,2410,3.610880161421083,13.038455540144346,110.9998,0.48265191035353194
A1_LCD_aro_plus_,14,2459,2411,2.7257242918706286,7.429572915293638,30.318035,0.45687554367250693
A1_LCD_aro_plus_,14,2459,2412,4.201031790498767,17.648668104781276,112.342224,0.48772738782127695
A1_LCD_aro_plus_,14,2459,2413,3.145296108068455,9.89288760743057,33.87884,0.16295055626779012
A1_LCD_aro_plus_,14,2459,2414,2.897632097241892,8.396271770966447,89.092636,0.45905276905459985
A1_LCD_aro_plus_,14,2459,2415,2.829495326693894,8.006043803782585,124.31451,0.3216535052990835
A1_LCD_aro_plus_,14,2459,2416,2.9312716421745892,8.592353440216911,41.854263,0.2412259794433056
A1_LCD_aro_plus_,14,2459,2417,2.5090151743783338,6.295157145260741,1.8483001,0.3494606494953906
A1_LCD_aro_plus_,14,2459,2418,4.77689399687952,22.8187162574236,200.05359,0.5491076023284986
A1_LCD_aro_plus_,14,2459,2419,2.9471876834047417,8.685915241212607,85.88251,0.4938416850299153
A1_LCD_aro_plus_,14,2459,2420,3.2234038385512322,10.390332306386819,99.58735,0.20377404162981622
A1_LCD_aro_plus_,14,2459,2421,3.6887047546446707,13.606542766938203,98.51189,0.7196286103269633
A1_LCD_aro_plus_,14,2459,2422,4.606161081663404,21.21671991023058,122.18384,0.6454871229400395
A1_LCD_aro_plus_,14,2459,2423,4.420839146857262,19.543818762385644,106.030975,0.5249232662828355
A1_LCD_aro_plus_,14,2459,2424,3.3956080353434483,11.530153929688993,105.28809,0.43947264067515673
A1_LCD_aro_plus_,14,2459,2425,2.43163660835732,5.91285659510349,51.34144,0.17455220879293287
A1_LCD_aro_plus_,14,2459,2426,2.483826372343587,6.169393447949501,28.100344,0.17296901581625415
A1_LCD_aro_plus_,14,2459,2427,2.790685060843654,7.787923108815948,44.5656,0.2472182531663599
A1_LCD_aro_plus_,14,2459,2428,3.555874200673027,12.64424133101204,117.04419,0.6214737750690904
A1_LCD_aro_plus_,14,2459,2429,3.823660685234243,14.620381035806,56.994576,0.2414154117106891
A1_LCD_aro_plus_,14,2459,2430,3.357502144148321,11.272820647960577,111.91785,0.5158042082876593
A1_LCD_aro_plus_,14,2459,2431,3.1845967223899114,10.141656284256566,72.4882,0.3645140992938871
A1_LCD_aro_plus_,14,2459,2432,3.217058155103773,10.349463173319698,56.606537,0.2311421192589762
A1_LCD_aro_plus_,14,2459,2433,2.911753952393625,8.478311079279894,46.13204,0.6527255887607641
A1_LCD_aro_plus_,14,2459,2434,2.2280150673823353,4.964051140482712,11.6699295,0.13565596439615596
A1_LCD_aro_plus_,14,2459,2435,3.2365573421319467,10.47530342890821,6.721881,0.5766839047460759
A1_LCD_aro_plus_,14,2459,2436,3.6070831039827174,13.011048519037594,80.19725,0.3729662997563151
A1_LCD_aro_plus_,14,2459,2437,2.891227170931465,8.359194553932364,48.231903,0.38189071571671074
A1_LCD_aro_plus_,14,2459,2438,4.444755722017187,19.755853428404524,126.63235,0.8388520946896673
A1_LCD_aro_plus_,14,2459,2439,2.818650027809883,7.944787979272657,13.44107,0.2706534606300839
A1_LCD_aro_plus_,14,2459,2440,2.86581569267971,8.212899584409286,81.62345,0.2302688951911066
A1_LCD_aro_plus_,14,2459,2441,2.6488088352762027,7.0161882458372755,46.95761,0.28258152708278683
A1_LCD_aro_plus_,14,2459,2442,3.145358936463789,9.893282839192619,71.62933,0.17807988184859463
A1_LCD_aro_plus_,14,2459,2443,3.150728624180217,9.927090863228562,62.902557,0.5872742641927144
A1_LCD_aro_plus_,14,2459,2444,3.5684788851080196,12.734041553461775,56.401855,0.3933998575263904
A1_LCD_aro_plus_,14,2459,2445,3.873842496710603,15.00665568932104,45.66515,0.533519380611724
A1_LCD_aro_plus_,14,2459,2446,2.9792834326262794,8.876129771921429,29.368126,0.2033397268127541
A1_LCD_aro_plus_,14,2459,2447,2.052629909993778,4.213289547401065,20.796522,0.16414465917056226
A1_LCD_aro_plus_,14,2459,2448,3.1623776916173987,10.000632664439392,50.877724,0.38268238259529297
A1_LCD_aro_plus_,14,2459,2449,3.3141990572934614,10.983915391364864,118.97236,0.3731465193741812
A1_LCD_aro_plus_,14,2459,2450,4.062134740145803,16.500938647099407,82.62924,0.5816709611704475
A1_LCD_aro_plus_,14,2459,2451,2.482941301003685,6.16499750422987,12.0938015,0.33433677681503104
A1_LCD_aro_plus_,14,2459,2452,3.6679776764062786,13.454060234614799,31.420322,0.19958505795523893
A1_LCD_aro_plus_,14,2459,2453,2.86442851302137,8.204950706209818,31.870136,0.08260597102279893
A1_LCD_aro_plus_,14,2459,2454,2.990793648733812,8.944846649306509,52.534977,0.5674393961132473
A1_LCD_aro_plus_,14,2459,2455,4.002867268730956,16.02294637107762,165.28394,0.5810691752127396
A1_LCD_aro_plus_,14,2459,2456,4.565803314242786,20.846559904350425,123.12749,0.722477184257306
A1_LCD_aro_plus_,14,2459,2457,4.745827605639337,22.522879662448407,151.27133,0.6733380934424171
A1_LCD_aro_plus_,14,2459,2458,4.873977229222097,23.755654030975503,198.86646,0.748717748322572
A1_LCD_aro_plus_,14,2459,2459,4.447622211691266,19.781343337929506,139.48245,0.5592401051176643
A1_LCD_aro_plus_,14,2459,2460,3.7014221318978215,13.700525798503016,96.48963,0.33339491858692033
A1_LCD_aro_plus_,14,2459,2461,3.8873960507620895,15.11184805548069,105.71683,0.6064654486538893
A1_LCD_aro_plus_,14,2459,2462,4.670144590765348,21.81025049865484,150.99426,0.7324834948728581
A1_LCD_aro_plus_,14,2459,2463,4.561329060793861,20.8057228008426,152.43896,0.7555094510034742
A1_LCD_aro_plus_,14,2459,2464,4.2731359920914525,18.259691206907405,146.82176,0.6261477974810646
A1_LCD_aro_plus_,14,2459,2465,4.354089985961123,18.95809960584693,127.57302,0.42117855883041033
A1_LCD_aro_plus_,14,2459,2466,3.0287310842290314,9.173211980575164,53.491558,0.3368531495372811
A1_LCD_aro_plus_,14,2459,2467,2.442417626027737,5.965403859930969,4.136136,0.3154166657181432
A1_LCD_aro_plus_,14,2459,2468,4.606783930348026,21.22245818091281,147.3377,0.604535627563705
A1_LCD_aro_plus_,14,2459,2469,2.6778263832601046,7.1707541388838925,28.614712,0.12286100755304877
A1_LCD_aro_plus_,14,2459,2470,4.3549892963754795,18.965931771544987,38.90355,0.39999317054347594
A1_LCD_aro_plus_,14,2459,2471,3.1511705852904184,9.929876057599557,31.107456,0.33997090174125977
A1_LCD_aro_plus_,14,2459,2472,2.9433620061405663,8.663379899191822,24.925566,0.16074749713616773
A1_LCD_aro_plus_,14,2459,2473,3.0055103340322447,9.033092367974612,71.42125,0.28462894462265975
A1_LCD_aro_plus_,14,2459,2474,3.675748359121629,13.511125999585348,80.1739,0.3444301139941429
A1_LCD_aro_plus_,14,2459,2475,5.015413490298869,25.15437247867187,191.07341,0.7866793043457843
A1_LCD_aro_plus_,14,2459,2476,4.175617892331744,17.435784782760994,103.66905,0.43028604594481346
A1_LCD_aro_plus_,14,2459,2477,5.135248794502041,26.37078018143467,136.34763,0.806804053140444
A1_LCD_aro_plus_,14,2459,2478,2.440340916348626,5.955263788005248,83.61379,0.16124797051483777
A1_LCD_aro_plus_,14,2459,2479,3.211691077360798,10.314959576398962,86.8981,0.3139652748337205
A1_LCD_aro_plus_,14,2459,2480,3.243560901636592,10.520687322625582,47.267952,0.26817900130610767
A1_LCD_aro_plus_,14,2459,2481,2.954477184496087,8.728935433707928,84.25877,0.2583510395979861
A1_LCD_aro_plus_,14,2459,2482,3.0469188001905283,9.283714174954488,48.798267,0.6003813122002389
A1_LCD_aro_plus_,14,2459,2483,2.634369980203253,6.939905192596091,43.744537,0.156633332454049
A1_LCD_aro_plus_,14,2459,2484,2.3207551884485906,5.385904644711052,26.478092,0.1239116763407474
A1_LCD_aro_plus_,14,2459,2485,2.8996036750195624,8.407701472186954,33.119392,0.3898211813734406
A1_LCD_aro_plus_,14,2459,2486,3.345608817088699,11.19309835698164,65.3951,0.143485516522659
A1_LCD_aro_plus_,14,2459,2487,3.5698889944406034,12.744107432628141,80.75982,0.2826909214314267
A1_LCD_aro_plus_,14,2459,2488,3.511156684824876,12.328221265390411,51.336964,0.18337027760783928
A1_LCD_aro_plus_,14,2459,2489,2.7898640466757505,7.783341398933995,57.27171,0.16284785192089285
A1_LCD_aro_plus_,14,2459,2490,2.6049402935041637,6.785713932721559,37.383327,0.29104872514539815
A1_LCD_aro_plus_,14,2459,2491,3.6445419265178702,13.28268585414659,55.478844,0.6016863983058585
A1_LCD_aro_plus_,14,2459,2492,4.473387568455393,20.01119633761125,216.96082,0.6942635633580789
A1_LCD_aro_plus_,14,2459,2493,3.7864854295904684,14.337471908500913,79.73757,0.37595195846340235
A1_LCD_aro_plus_,14,2459,2494,2.8352448668974355,8.038613455268257,31.836893,0.1449115416968413
A1_LCD_aro_plus_,14,2459,2495,3.120833997616562,9.739604840679375,56.02434,0.42076052419841625
A1_LCD_aro_plus_,14,2459,2496,4.001208330120523,16.009668101025863,43.171448,0.35138796252229115
A1_LCD_aro_plus_,14,2459,2497,2.3237322510014233,5.399731574344143,6.0843363,0.11877153241918201
A1_LCD_aro_plus_,14,2459,2498,5.1832072712626065,26.86563761686956,182.3019,0.8423465195264239
A1_LCD_aro_plus_,14,2459,2499,2.694455691864484,7.260091475420913,46.09476,0.24169830899499156
A1_LCD_aro_plus_,14,2459,2500,3.054516201528567,9.330069225400505,76.58863,0.31107576365344747
A1_LCD_aro_plus_,14,2459,2501,3.5311592589676417,12.46908571219291,65.101456,0.40051309108626354
A1_LCD_aro_plus_,14,2459,2502,2.5235089961363033,6.368097653580851,42.067825,0.2930049360674138
A1_LCD_aro_plus_,14,2459,2503,2.932658632127479,8.600486652591817,27.355345,0.4355423092008971
A1_LCD_aro_plus_,14,2459,2504,3.5443277390834114,12.562259122036126,33.849503,0.17418903896022658
A1_LCD_aro_plus_,14,2459,2505,3.1888918700658047,10.169031358971786,42.73763,0.5264889536365734
A1_LCD_aro_plus_,14,2459,2506,4.386328871437481,19.239880968406005,89.55561,0.7557679150183465
A1_LCD_aro_plus_,14,2459,2507,3.5626111714339164,12.69219835882574,79.758644,0.3991084038742786
A1_LCD_aro_plus_,14,2459,2508,4.793525874838742,22.977890312748528,169.64893,0.733443955679647
A1_LCD_aro_plus_,14,2459,2509,2.949935803723686,8.702121246090906,87.11728,0.3708053320588724
A1_LCD_aro_plus_,14,2459,2510,3.175430908648147,10.083361455597997,11.611609,0.46962682536568057
A1_LCD_aro_plus_,14,2459,2511,3.061327893999676,9.371728474580491,35.043983,0.26696862488466994
A1_LCD_aro_plus_,14,2459,2512,3.037811741762899,9.228300178392539,7.1590533,0.1550817476945907
A1_LCD_aro_plus_,14,2459,2513,2.4684056298083092,6.093026353269356,9.727231,0.13740120517298804
A1_LCD_aro_plus_,14,2459,2514,3.8732924580731987,15.002394465766724,131.66795,0.5152021667119799
A1_LCD_aro_plus_,14,2459,2515,3.8516876722016677,14.835497924190303,54.664417,0.7298305637965851
A1_LCD_aro_plus_,14,2459,2516,3.097467823846678,9.594306919765474,73.8079,0.4515952216103756
A1_LCD_aro_plus_,14,2459,2517,2.7299325650966937,7.452531809975414,57.61436,0.22458694866583342
A1_LCD_aro_plus_,14,2459,2518,3.0443427732138613,9.268022920819462,48.47251,0.2240927368035282
A1_LCD_aro_plus_,14,2459,2519,2.9896868964578234,8.938227738851612,51.148994,0.17539434455156275
A1_LCD_aro_plus_,14,2459,2520,3.550037564911404,12.602766712282088,56.059242,0.2776085119390481
A1_LCD_aro_plus_,14,2459,2521,2.7667501377093604,7.654906324514766,36.49528,0.36108450387070057
A1_LCD_aro_plus_,14,2459,2522,3.387455496816036,11.474854742909178,103.69775,0.39208629023623304
A1_LCD_aro_plus_,14,2459,2523,3.51899378010399,12.383317224410572,75.87773,0.546534384272223
A1_LCD_aro_plus_,14,2459,2524,3.7960256137476724,14.409810460228394,59.625423,0.7059565491523947
A1_LCD_aro_plus_,14,2459,2525,3.0163340679990887,9.098271209771932,54.67191,0.20835265468299313
A1_LCD_aro_plus_,14,2459,2526,2.743276520467288,7.525566067747113,65.018845,0.28870534458229574
A1_LCD_aro_plus_,14,2459,2527,3.3166975050123813,11.000482339755354,82.58792,0.48563629684415666
A1_LCD_aro_plus_,14,2459,2528,3.9541834457510237,15.635566722651436,61.29306,0.3719793641465779
A1_LCD_aro_plus_,14,2459,2529,3.0210865461437564,9.12696391929081,52.594234,0.4457245501187626
A1_LCD_aro_plus_,14,2459,2530,3.2209371002314926,10.374435803647659,21.109764,0.359919259596347
A1_LCD_aro_plus_,14,2459,2531,3.0370686475924824,9.223785970189228,14.2605095,0.3030691841483813
A1_LCD_aro_plus_,14,2459,2532,4.373129098298433,19.124258110384467,180.96368,0.6345164555871747
A1_LCD_aro_plus_,14,2459,2533,5.240798265065191,27.465966455110316,296.24124,0.7734338164595054
A1_LCD_aro_plus_,14,2459,2534,5.434537899998416,29.53420218651919,208.2802,0.7310032747905195
A1_LCD_aro_plus_,14,2459,2535,4.570714510837499,20.891431139580465,152.28104,0.7878112311830008
A1_LCD_aro_plus_,14,2459,2536,3.846596177336185,14.79630215149735,115.73144,0.6011415022871905
A1_LCD_aro_plus_,14,2459,2537,4.166501966385244,17.3597386358921,200.82458,0.6555257235698291
A1_LCD_aro_plus_,14,2459,2538,4.080700250679235,16.652114535893574,160.49301,0.596443365601895
A1_LCD_aro_plus_,14,2459,2539,3.1947404573942877,10.206366590111863,82.59045,0.5252549136507317
A1_LCD_aro_plus_,14,2459,2540,3.59527755122494,12.926020670342,78.907486,0.734276789402644
A1_LCD_aro_plus_,14,2459,2541,2.807935484837824,7.884501687011425,31.877525,0.4321175991493471
A1_LCD_aro_plus_,14,2459,2542,3.7578697394104617,14.121584978376848,91.93561,0.5973258809889823
A1_LCD_aro_plus_,14,2459,2543,3.7542633278868,14.094493135115671,23.766472,0.3113199192890394
A1_LCD_aro_plus_,14,2459,2544,2.3617943809766038,5.578072698012659,11.101885,0.28046034315640034
A1_LCD_aro_plus_,14,2459,2545,3.46368777170344,11.99713297984794,135.72295,0.6228837456088012
A1_LCD_aro_plus_,14,2459,2546,2.1635495907704043,4.6809468317227845,13.68361,0.10453250799314179
A1_LCD_aro_plus_,14,2459,2547,4.068465272583651,16.552409674219167,123.00172,0.6203242842229291
A1_LCD_aro_plus_,14,2459,2548,2.9144772628660878,8.494177715763401,59.09284,0.29695566368686094
A1_LCD_aro_plus_,14,2459,2549,3.1286771883639033,9.788620948988656,27.665487,0.3866918195984204
A1_LCD_aro_plus_,14,2459,2550,4.026478274765005,16.21252729715458,148.35318,0.7664008968105676
A1_LCD_aro_plus_,14,2459,2551,2.492653132486829,6.2133196388964,30.184204,0.395241940395361
A1_LCD_aro_plus_,14,2459,2552,3.859643644457902,14.896849062204275,82.104645,0.2258305105302016
A1_LCD_aro_plus_,14,2459,2553,3.906298853785088,15.259170735082687,14.423833,0.24036492334677512
A1_LCD_aro_plus_,14,2459,2554,3.7231476062621023,13.861828098015222,103.94006,0.5390987322233358
A1_LCD_aro_plus_,14,2459,2555,4.263312520607768,18.17583364837097,90.64599,0.4927482911560469
A1_LCD_aro_plus_,14,2459,2556,4.715772954571772,22.238514559070587,185.83563,0.47115456435840775
A1_LCD_aro_plus_,14,2459,2557,4.430912449722638,19.632985137107067,82.54667,0.5040221151667431
A1_LCD_aro_plus_,14,2459,2558,2.4759054537279037,6.130107815799578,43.703568,0.05145050469805224
A1_LCD_aro_plus_,14,2459,2559,2.7797327548533532,7.726914188404616,37.96218,0.12855111385101525
A1_LCD_aro_plus_,14,2459,2560,2.8981545901556793,8.399300028440432,65.35922,0.1955373041534495
A1_LCD_aro_plus_,14,2459,2561,3.389249272119895,11.487010628565237,119.73733,0.49398376099116015
A1_LCD_aro_plus_,14,2459,2562,3.870876022878353,14.983681184494536,76.024124,0.49492982257400825
A1_LCD_aro_plus_,14,2459,2563,3.380314557902052,11.426526510364546,14.545748,0.32439193473965483
A1_LCD_aro_plus_,14,2459,2564,3.7499633040978644,14.062224782080575,57.992146,0.6194875069075294
A1_LCD_aro_plus_,14,2459,2565,3.3184231924010072,11.01193248386489,42.140617,0.22202049654478012
A1_LCD_aro_plus_,14,2459,2566,4.114882083103616,16.932254557847152,111.721436,0.61132002670564
A1_LCD_aro_plus_,14,2459,2567,2.6255426258639623,6.89347408022863,34.752495,0.2506095444421897
A1_LCD_aro_plus_,14,2459,2568,3.027175663423263,9.163792497222072,39.620293,0.33417179305253425
A1_LCD_aro_plus_,14,2459,2569,3.7885954394876347,14.353455404106505,138.12445,0.6063968029364989
A1_LCD_aro_plus_,14,2459,2570,3.2487244247483273,10.554210387956347,61.72808,0.16999811320575156
A1_LCD_aro_plus_,14,2459,2571,3.0428483888656226,9.25892631762211,77.565636,0.39494207539148163
A1_LCD_aro_plus_,14,2459,2572,2.6871573377201408,7.220814557663195,49.847366,0.34504612616653235
A1_LCD_aro_plus_,14,2459,2573,3.799638743203821,14.43725457885551,107.854095,0.48206621541408984
A1_LCD_aro_plus_,14,2459,2574,3.404214866994222,11.588678860664487,68.054756,0.5782700789214603
A1_LCD_aro_plus_,14,2459,2575,2.5055235643860962,6.2776483316940075,46.036667,0.28917444107110435
A1_LCD_aro_plus_,14,2459,2576,3.202675110142519,10.257127861126394,11.288481,0.4338470709572383
A1_LCD_aro_plus_,14,2459,2577,2.408592043274467,5.8013156309250675,17.504557,0.2491098587018179
A1_LCD_aro_plus_,14,2459,2578,3.143586758649684,9.882137709157625,105.269516,0.39431557856235766
A1_LCD_aro_plus_,14,2459,2579,2.9069811679803688,8.450539510992508,68.92348,0.2014093272900502
A1_LCD_aro_plus_,14,2459,2580,2.6176297612122967,6.851985566784348,45.659794,0.34935903994838247
A1_LCD_aro_plus_,14,2459,2581,4.644665670508047,21.572919190795968,133.90305,0.37018670631663286
A1_LCD_aro_plus_,14,2459,2582,2.847377400733593,8.107558062208394,48.055008,0.2669437578276008
A1_LCD_aro_plus_,14,2459,2583,2.4856512047093933,6.178461911473259,9.017106,0.3377072919698452
A1_LCD_aro_plus_,14,2459,2584,4.640345597960525,21.532807268511615,149.66815,0.3815121977585235
A1_LCD_aro_plus_,14,2459,2585,3.609683607841784,13.02981574872168,128.63293,0.5951667068067785
A1_LCD_aro_plus_,14,2459,2586,2.3372065575297287,5.462534492559964,13.1534,0.2789090737297769
A1_LCD_aro_plus_,14,2459,2587,2.514969370869191,6.325070936410174,24.725658,0.13973027088711748
A1_LCD_aro_plus_,14,2459,2588,3.356145595868509,11.263713260667588,92.98462,0.20008796224805941
A1_LCD_aro_plus_,14,2459,2589,4.431886998268648,19.641622365422684,200.4057,0.3953615039053965
A1_LCD_aro_plus_,14,2459,2590,3.09200441238582,9.56049128621338,66.240776,0.45368964271152623
A1_LCD_aro_plus_,14,2459,2591,2.693882959962124,7.2570054019742924,51.69329,0.4465273816191423
A1_LCD_aro_plus_,14,2459,2592,4.160631487868255,17.310854377840812,141.1285,0.49491627071590716
A1_LCD_aro_plus_,14,2459,2593,3.6486205640652742,13.312432020519996,43.379967,0.5731564050030247
A1_LCD_aro_plus_,14,2459,2594,3.4974620284481195,12.232240640436437,82.64543,0.5317899344563022
A1_LCD_aro_plus_,14,2459,2595,4.04012044378725,16.32257320030769,184.2786,0.6995755874618143
A1_LCD_aro_plus_,14,2459,2596,3.3095244275751106,10.95295193671636,84.770454,0.6136843824731858
A1_LCD_aro_plus_,14,2459,2597,2.9247644916164037,8.554247331420163,42.230713,0.2925649613792176
A1_LCD_aro_plus_,14,2459,2598,3.6327549490864395,13.196908520112016,121.883194,0.4488380573411518
A1_LCD_aro_plus_,14,2459,2599,3.712374729676658,13.781726133541842,92.79627,0.23124625047161682
A1_LCD_aro_plus_,14,2459,2600,2.8566228942788845,8.160294360118272,23.025267,0.29575468773231384
A1_LCD_aro_plus_,14,2459,2601,2.713992339261423,7.365754417569692,30.692394,0.325225195441006
A1_LCD_aro_plus_,14,2459,2602,2.7222673993827167,7.410739793741938,35.788,0.16565326290921162
A1_LCD_aro_plus_,14,2459,2603,3.4930373562964645,12.201309972482596,104.491806,0.6692078739273712
A1_LCD_aro_plus_,14,2459,2604,3.478175001336888,12.097701339924862,41.66745,0.37420662223058776
A1_LCD_aro_plus_,14,2459,2605,3.8458204016828064,14.790334561999705,153.11197,0.7131989970001902
A1_LCD_aro_plus_,14,2459,2606,3.6064961270595,13.006814314495177,122.927185,0.4885287390366616
A1_LCD_aro_plus_,14,2459,2607,3.347011521020169,11.202486121841746,74.81595,0.32997834713905
A1_LCD_aro_plus_,14,2459,2608,4.350650406950794,18.928158963501104,166.91833,0.6352019247266301
A1_LCD_aro_plus_,14,2459,2609,2.643096789550957,6.985960638934577,41.789345,0.09743038539394946
A1_LCD_aro_plus_,14,2459,2610,2.8569306690498526,8.162052847757636,13.382277,0.19954668694486022
A1_LCD_aro_plus_,14,2459,2611,2.8933187100453335,8.371293157898394,56.05285,0.33722529016271163
A1_LCD_aro_plus_,14,2459,2612,2.231804461363443,4.980951153761766,32.38871,0.219689236469421
A1_LCD_aro_plus_,14,2459,2613,3.994474040284339,15.95582285850549,116.09392,0.3865090171062271
A1_LCD_aro_plus_,14,2459,2614,4.576880081951875,20.947831284567794,98.060005,0.7373889686713481
A1_LCD_aro_plus_,14,2459,2615,3.9647373238002492,15.719142046734762,115.97382,0.49827461602162015
A1_LCD_aro_plus_,14,2459,2616,3.7992501385184583,14.434301615032526,144.64362,0.40978131294422515
A1_LCD_aro_plus_,14,2459,2617,4.249607446755295,18.059163451518053,134.5516,0.30783274290093116
A1_LCD_aro_plus_,14,2459,2618,3.598191187131452,12.94697981915045,114.87026,0.47264738407626594
A1_LCD_aro_plus_,14,2459,2619,4.490876454382048,20.167971328523073,169.87273,0.7693943027408844
A1_LCD_aro_plus_,14,2459,2620,3.1543303199775523,9.949799767529687,98.019295,0.5852570840523768
A1_LCD_aro_plus_,14,2459,2621,2.4829710433650387,6.16514520218927,18.994314,0.20840093439965157
A1_LCD_aro_plus_,14,2459,2622,3.1304309557031487,9.799597968424528,21.626875,0.24145377790011452
A1_LCD_aro_plus_,14,2459,2623,2.748150877070726,7.552333243144599,107.83553,0.36830937447099077
A1_LCD_aro_plus_,14,2459,2624,3.092045491746564,9.560745323030249,45.66883,0.16592261893960825
A1_LCD_aro_plus_,14,2459,2625,3.3007608771116494,10.895022367870865,69.56676,0.22197761880741254
A1_LCD_aro_plus_,14,2459,2626,4.474546456012685,20.021565987015677,167.93161,0.6661277838319175
A1_LCD_aro_plus_,14,2459,2627,3.881622654963207,15.066994435523617,160.88959,0.3807822188789607
A1_LCD_aro_plus_,14,2459,2628,1.8959398678489414,3.5945879824990614,7.129343,0.062476465204249314
A1_LCD_aro_plus_,14,2459,2629,2.451738090329991,6.0110196635749515,66.85095,0.20694311993302061
A1_LCD_aro_plus_,14,2459,2630,3.0275641520221424,9.166144694609555,41.268845,0.40357533809057133
A1_LCD_aro_plus_,14,2459,2631,4.08874136956705,16.717805987209022,97.131996,0.5621113360856991
A1_LCD_aro_plus_,14,2459,2632,3.0104543329915976,9.062835291027888,85.98274,0.3614326426145943
A1_LCD_aro_plus_,14,2459,2633,2.816565601399332,7.9330417869859815,37.05918,0.18084458215577529
A1_LCD_aro_plus_,14,2459,2634,3.037603653563379,9.22703595614159,23.833914,0.3745100712780183
A1_LCD_aro_plus_,14,2459,2635,2.971513210729443,8.829890761539604,27.166716,0.27039978793763164
A1_LCD_aro_plus_,14,2459,2636,3.7627797745984477,14.158511632127144,89.546196,0.6215927129518718
A1_LCD_aro_plus_,14,2459,2637,3.3752175773720388,11.392093694601172,76.08772,0.21904078229212026
A1_LCD_aro_plus_,14,2459,2638,2.3971835390888154,5.74648892007838,23.19017,0.07078181459343505
A1_LCD_aro_plus_,14,2459,2639,2.462647697361417,6.06463368131949,19.23777,0.11713094196408616
A1_LCD_aro_plus_,14,2459,2640,3.1248638465113525,9.764774059233725,25.0452,0.21925595656670538
A1_LCD_aro_plus_,14,2459,2641,3.7928987772739675,14.386081134646357,98.30365,0.4291748494836247
A1_LCD_aro_plus_,14,2459,2642,2.754837796886753,7.58913128715586,22.436546,0.22767367816122297
A1_LCD_aro_plus_,14,2459,2643,3.374999989301892,11.39062492778777,97.97806,0.47108568269932094
A1_LCD_aro_plus_,14,2459,2644,3.495432289922796,12.218046893434922,39.731274,0.3371125357937593
A1_LCD_aro_plus_,14,2459,2645,2.4861647731917627,6.181015279459649,7.701224,0.37961206590700486
A1_LCD_aro_plus_,14,2459,2646,2.9205116946587517,8.529388558638534,71.94491,0.35103166933916946
A1_LCD_aro_plus_,14,2459,2647,4.842326219174519,23.448123212904996,182.50397,0.5167050624325448
A1_LCD_aro_plus_,14,2459,2648,5.397755859473615,29.13576831848174,177.39954,0.8709022038406125
A1_LCD_aro_plus_,14,2459,2649,3.6990825432229095,13.683211661576467,73.53179,0.12283522382816915
A1_LCD_aro_plus_,14,2459,2650,2.6142349159532987,6.834224195789354,49.488388,0.34158771085634354
A1_LCD_aro_plus_,14,2459,2651,4.97311534787944,24.731876263314042,99.64073,0.5578327266804011
A1_LCD_aro_plus_,14,2459,2652,3.544330273743769,12.562277089376579,79.8925,0.4341109746707936
A1_LCD_aro_plus_,14,2459,2653,3.582024397655711,12.830898785400759,79.32104,0.6098215252992927
A1_LCD_aro_plus_,14,2459,2654,4.575194893732038,20.932408315631726,168.56891,0.7819679496121661
A1_LCD_aro_plus_,14,2459,2655,2.6570499475473515,7.059914423761386,70.19834,0.5547091445412882
A1_LCD_aro_plus_,14,2459,2656,3.4747474786862145,12.073870040636207,84.02155,0.29279464639448144
A1_LCD_aro_plus_,14,2459,2657,3.7838351030864485,14.317408087349234,84.806274,0.5087457361910679
A1_LCD_aro_plus_,14,2459,2658,3.0303457144465704,9.182995149064695,54.85376,0.3083453110673555
A1_LCD_aro_plus_,14,2459,2659,2.7701248117620545,7.6735914727397585,34.180904,0.2950466093609944
A1_LCD_aro_plus_,14,2459,2660,3.5229910603776533,12.411466011500863,138.55109,0.379904720447343
A1_LCD_aro_plus_,14,2459,2661,3.8947768147572246,15.169286436770433,28.732525,0.5463169169616332
A1_LCD_aro_plus_,14,2459,2662,3.6133293469568972,13.056148969579956,67.47435,0.4644902231748898
A1_LCD_aro_plus_,14,2459,2663,4.494257333161388,20.19834897667491,91.71915,0.5682220409309295
A1_LCD_aro_plus_,14,2459,2664,2.8214561234460938,7.960614656531457,78.497055,0.38727863698233234
A1_LCD_aro_plus_,14,2459,2665,3.466995641484005,12.020058778069085,34.736324,0.49196398250966145
A1_LCD_aro_plus_,14,2459,2666,2.9234064360657794,8.546305190430823,34.386513,0.5563613980558907
A1_LCD_aro_plus_,14,2459,2667,3.785468238157068,14.32976978209597,108.95233,0.7405831627862772
A1_LCD_aro_plus_,14,2459,2668,2.4687578895035798,6.094765516986171,86.8493,0.4025066633297674
A1_LCD_aro_plus_,14,2459,2669,3.5341589544968084,12.490279515649974,57.133522,0.26925358558837814
A1_LCD_aro_plus_,14,2459,2670,3.292170784539447,10.83838847457508,11.909368,0.5369094421730367
A1_LCD_aro_plus_,14,2459,2671,4.307346850514988,18.55323689064139,72.65438,0.4774406105598082
A1_LCD_aro_plus_,14,2459,2672,4.146885281196749,17.19665753540624,140.28311,0.5922595905002062
A1_LCD_aro_plus_,14,2459,2673,3.0932880132225065,9.56843073274604,71.55485,0.45636388858445665
A1_LCD_aro_plus_,14,2459,2674,2.4061613613798287,5.789612496997234,47.613262,0.16586032637639808
A1_LCD_aro_plus_,14,2459,2675,2.957322185219453,8.745754507191162,75.21637,0.41062744967330356
A1_LCD_aro_plus_,14,2459,2676,3.157605593824321,9.970473086150644,24.592817,0.1787183622407152
A1_LCD_aro_plus_,14,2459,2677,3.5305158214056207,12.464541965195407,66.06413,0.4611209431441952
A1_LCD_aro_plus_,14,2459,2678,2.8995487789089096,8.407383121272149,42.78299,0.3003948058319224
A1_LCD_aro_plus_,14,2459,2679,3.6721999666235483,13.48505259486999,66.65175,0.5667389182308331
A1_LCD_aro_plus_,14,2459,2680,4.704788014267116,22.135030259191517,279.74963,0.6686214183281614
A1_LCD_aro_plus_,14,2459,2681,4.387683734701958,19.25176855576812,220.11516,0.55416261911096
A1_LCD_aro_plus_,14,2459,2682,4.0289327256589145,16.23229890788537,75.83055,0.6767012674788253
A1_LCD_aro_plus_,14,2459,2683,5.158491922325825,26.610038912700784,232.982,0.790466831335894
A1_LCD_aro_plus_,14,2459,2684,5.096749213074844,25.97685254097904,256.82135,0.6523134879527706
A1_LCD_aro_plus_,14,2459,2685,4.3916799911720625,19.28685314486105,95.7994,0.7242869395062111
A1_LCD_aro_plus_,14,2459,2686,3.5963081036953772,12.93343197670504,84.1173,0.6126816280717959
A1_LCD_aro_plus_,14,2459,2687,3.4216859745694976,11.707934908565617,106.56207,0.3226918836466279
A1_LCD_aro_plus_,14,2459,2688,3.28175049100855,10.769886285234856,104.618904,0.5148109748231843
A1_LCD_aro_plus_,14,2459,2689,2.6143082894133594,6.834607832095406,8.817661,0.17832766265882263
A1_LCD_aro_plus_,14,2459,2690,2.7790049109167128,7.7228682948992065,36.97507,0.2687983808189319
A1_LCD_aro_plus_,14,2459,2691,2.7190874319212934,7.393436462432335,47.79571,0.388129884979865
A1_LCD_aro_plus_,14,2459,2692,2.3036513831857293,5.306809695253522,5.088866,0.17481248720856135
A1_LCD_aro_plus_,14,2459,2693,2.7705220703142417,7.675792542098312,23.43534,0.39755942147027556
A1_LCD_aro_plus_,14,2459,2694,3.4542379937408696,11.931760117402947,71.19564,0.38310666503637325
A1_LCD_aro_plus_,14,2459,2695,3.7847516760543516,14.324345249396227,114.297295,0.6522452215543691
A1_LCD_aro_plus_,14,2459,2696,3.714120534940417,13.794691348066094,132.49818,0.5853719314921254
A1_LCD_aro_plus_,14,2459,2697,3.0119943715829964,9.072110094447648,15.376944,0.604501883252735
A1_LCD_aro_plus_,14,2459,2698,2.6799547963615273,7.182157710541156,20.896162,0.17814810271743559
A1_LCD_aro_plus_,14,2459,2699,2.8240703354682375,7.975373259671683,19.304966,0.05082554902284157
A1_LCD_aro_plus_,14,2459,2700,4.466923138900083,19.953402328840973,165.38232,0.8579866755053082
A1_LCD_aro_plus_,14,2459,2701,3.4999228256516575,12.249459785517486,54.329113,0.281112078956242
A1_LCD_aro_plus_,14,2459,2702,2.7095754690406455,7.3417992224268325,36.153507,0.05675227766325816
A1_LCD_aro_plus_,14,2459,2703,3.3651231402426225,11.324053748996368,60.73394,0.38007778061816677
A1_LCD_aro_plus_,14,2459,2704,3.3776446767345845,11.408483562273478,46.95683,0.6183083670743266
A1_LCD_aro_plus_,14,2459,2705,2.5997220983456715,6.758554988626821,12.454267,0.14876239677770586
A1_LCD_aro_plus_,14,2459,2706,2.357551683118279,5.558049938573828,26.277857,0.15332997544060617
A1_LCD_aro_plus_,14,2459,2707,3.201578492063745,10.250104840845161,17.06082,0.5917609982402222
A1_LCD_aro_plus_,14,2459,2708,3.051531246547723,9.3118429486571,121.56319,0.4957892046014318
A1_LCD_aro_plus_,14,2459,2709,3.028047611996723,9.169072340519058,84.68141,0.48229324343259705
A1_LCD_aro_plus_,14,2459,2710,2.910258713074417,8.469605777025562,19.84309,0.38878259920938707
A1_LCD_aro_plus_,14,2459,2711,2.9609036587004396,8.766950476105649,13.120488,0.17164071410595722
A1_LCD_aro_plus_,14,2459,2712,3.8646176362960265,14.935269474770292,107.519264,0.4699346606023416
A1_LCD_aro_plus_,14,2459,2713,4.607571285416888,21.229713150198243,90.151566,0.6847857201722533
A1_LCD_aro_plus_,14,2459,2714,3.607951009905583,13.017310489878716,139.18925,0.6136357712190917
A1_LCD_aro_plus_,14,2459,2715,3.0023173802156506,9.013909651544967,11.265908,0.17292145877750295
A1_LCD_aro_plus_,14,2459,2716,3.2492052843260923,10.557334979692602,11.46339,0.4430281212327506
A1_LCD_aro_plus_,14,2459,2717,4.214606251017175,17.762905851113047,45.358723,0.5074330342456919
A1_LCD_aro_plus_,14,2459,2718,2.696778202286012,7.272612672324975,57.958744,0.2530730877408228
A1_LCD_aro_plus_,14,2459,2719,2.8015682870457326,7.848784866980362,40.324387,0.20972695610174574
A1_LCD_aro_plus_,14,2459,2720,4.048107636063862,16.387175433158546,81.44848,0.5226367874748219
A1_LCD_aro_plus_,14,2459,2721,3.1407447372275197,9.864277504422365,70.36747,0.26627229985256995
A1_LCD_aro_plus_,14,2459,2722,2.7610769110576587,7.6235457087757,11.815784,0.07379717044020924
A1_LCD_aro_plus_,14,2459,2723,3.650517601928533,13.326278761990048,103.13348,0.4882938691421689
A1_LCD_aro_plus_,14,2459,2724,4.3685468030141585,19.08420117012523,104.03583,0.6772050172884159
A1_LCD_aro_plus_,14,2459,2725,2.960285413342428,8.763289728447948,16.50802,0.2769910961766494
A1_LCD_aro_plus_,14,2459,2726,4.360131247910533,19.010744499005863,157.74428,0.3306994411744953
A1_LCD_aro_plus_,14,2459,2727,4.855488167913664,23.575765348749588,194.12183,0.6313054900263055
A1_LCD_aro_plus_,14,2459,2728,2.6818020946758545,7.192062475007802,40.487488,0.07179159666324857
A1_LCD_aro_plus_,14,2459,2729,3.317388318241134,11.005065254002742,116.26453,0.4557202430921544
A1_LCD_aro_plus_,14,2459,2730,3.430929394579806,11.771276510591756,72.204124,0.25905353881766724
A1_LCD_aro_plus_,14,2459,2731,2.972489204234484,8.835692069290554,37.586937,0.33871693483782433
A1_LCD_aro_plus_,14,2459,2732,4.521849737541029,20.447125048899878,240.70149,0.7523294006650632
A1_LCD_aro_plus_,14,2459,2733,2.887728334823713,8.338974935743733,60.105698,0.19689991874431312
A1_LCD_aro_plus_,14,2459,2734,3.4078045645376065,11.613131950083346,56.75411,0.5253268967103971
A1_LCD_aro_plus_,14,2459,2735,5.264040300380403,27.710120284029003,223.5604,0.8236316912719248
A1_LCD_aro_plus_,14,2459,2736,3.229850427877449,10.431933786460137,38.94021,0.6411244811170265
A1_LCD_aro_plus_,14,2459,2737,3.1633003346455966,10.006469007168949,29.101715,0.5331243628475929
A1_LCD_aro_plus_,14,2459,2738,3.4472471553559956,11.883512950110006,118.64091,0.571426250229532
A1_LCD_aro_plus_,14,2459,2739,4.0169220381466655,16.135662660548366,90.03203,0.4712785982056788
A1_LCD_aro_plus_,14,2459,2740,3.3317896212324687,11.1008220801524,17.453463,0.2984482359427456
A1_LCD_aro_plus_,14,2459,2741,2.5738820676848717,6.62486889834975,16.675419,0.17636622413469247
A1_LCD_aro_plus_,14,2459,2742,3.9095230992640055,15.284370863678832,104.017166,0.28652788273094976
A1_LCD_aro_plus_,14,2459,2743,3.5230791457186514,12.412086666997663,100.59653,0.3857986192086894
A1_LCD_aro_plus_,14,2459,2744,3.2746022833176847,10.723020113909396,87.846054,0.546378210991634
A1_LCD_aro_plus_,14,2459,2745,3.7578731360056037,14.12161050631259,132.47708,0.6084531249437195
A1_LCD_aro_plus_,14,2459,2746,3.9852209783594574,15.881986246356313,64.56826,0.44334722313114944
A1_LCD_aro_plus_,14,2459,2747,3.1266763999986997,9.77610531030883,10.790108,0.33854786764058453
A1_LCD_aro_plus_,14,2459,2748,3.891183233455078,15.14130695632192,74.2933,0.37019728537194313
A1_LCD_aro_plus_,14,2459,2749,3.3723578773071607,11.372797652635658,51.012806,0.2687322339575611
A1_LCD_aro_plus_,14,2459,2750,2.6405580641117825,6.972546889945767,24.261658,0.21718184752788045
A1_LCD_aro_plus_,14,2459,2751,2.8644014964096995,8.204795932634125,67.70945,0.3538965543781686
A1_LCD_aro_plus_,14,2459,2752,3.222965417960507,10.387506085369349,75.93501,0.20807665127149286
A1_LCD_aro_plus_,14,2459,2753,2.8311860789669057,8.015614613736002,45.97996,0.17086214552793466
A1_LCD_aro_plus_,14,2459,2754,4.285625803393234,18.366588526709904,96.88435,0.6060397977035307
A1_LCD_aro_plus_,14,2459,2755,3.927067038324161,15.421855523492097,96.05528,0.30959706786615304
A1_LCD_aro_plus_,14,2459,2756,4.584559027847493,21.018181479817947,173.999,0.746280785023766
A1_LCD_aro_plus_,14,2459,2757,2.5592413635365423,6.549716356836378,47.252502,0.2083825278767599
A1_LCD_aro_plus_,14,2459,2758,2.7657428574887946,7.6493335537502825,29.570248,0.40486101329709356
A1_LCD_aro_plus_,14,2459,2759,4.2534788551484,18.092082371194547,167.6556,0.7932916011923062
A1_LCD_aro_plus_,14,2459,2760,4.298786357637679,18.479564148611818,44.87139,0.3622331825166059
A1_LCD_aro_plus_,14,2459,2761,2.564505048843651,6.576686145544576,36.33723,0.22520934342384819
A1_LCD_aro_plus_,14,2459,2762,2.702436229333435,7.303161573613913,25.765432,0.12813478935286066
A1_LCD_aro_plus_,14,2459,2763,3.4360767340515213,11.806623322290168,138.62918,0.38182981208728817
A1_LCD_aro_plus_,14,2459,2764,2.845725834572495,8.098155525553322,38.128624,0.261096250646297
A1_LCD_aro_plus_,14,2459,2765,3.607491058352546,13.013991736093573,64.38071,0.46071034169346536
A1_LCD_aro_plus_,14,2459,2766,3.464838757872436,12.005107618055009,110.50513,0.5593247762384157
A1_LCD_aro_plus_,14,2459,2767,2.65516900315722,7.0499224353269065,35.478924,0.2965419514210246
A1_LCD_aro_plus_,14,2459,2768,3.805456031361513,14.481495606625716,121.9052,0.6107694493280392
A1_LCD_aro_plus_,14,2459,2769,4.042578290762905,16.342439236947527,141.36732,0.38676617270568037
A1_LCD_aro_plus_,14,2459,2770,3.393798540398953,11.517868532814061,102.82941,0.5129068499525374
A1_LCD_aro_plus_,14,2459,2771,3.468642212244446,12.031478796564043,88.53978,0.638751727952607
A1_LCD_aro_plus_,14,2459,2772,3.995769808241847,15.966176360457085,86.16345,0.4740605710417788
A1_LCD_aro_plus_,14,2459,2773,4.658844254036967,21.704829783373263,209.14381,0.7392928776884503
A1_LCD_aro_plus_,14,2459,2774,3.132106442321139,9.810090766029584,72.01871,0.3863568701370894
A1_LCD_aro_plus_,14,2459,2775,3.9504438201036063,15.606006375794776,86.45644,0.39778972999933204
A1_LCD_aro_plus_,14,2459,2776,3.3208077662400646,11.027764220320327,61.240486,0.5692112013239494
A1_LCD_aro_plus_,14,2459,2777,3.5305705941560555,12.464928720319445,46.937378,0.35524772275214167
A1_LCD_aro_plus_,14,2459,2778,3.028806756268206,9.173670366815932,23.806261,0.18542345614384834
A1_LCD_aro_plus_,14,2459,2779,2.622258472254188,6.8762394953088695,24.994328,0.20948648181928647
A1_LCD_aro_plus_,14,2459,2780,2.725634288355626,7.429082273859881,16.339281,0.3991737717094874
A1_LCD_aro_plus_,14,2459,2781,3.51784960867572,12.375265869259916,82.86111,0.5462112070596341
A1_LCD_aro_plus_,14,2459,2782,3.0013514575814804,9.008110571926476,14.615192,0.22760083483612198
A1_LCD_aro_plus_,14,2459,2783,2.9530440457536855,8.720469136161295,13.896987,0.3447247486854078
A1_LCD_aro_plus_,14,2459,2784,2.381858646551424,5.673250612151783,15.582193,0.15450277494398157
A1_LCD_aro_plus_,14,2459,2785,4.49981389749016,20.248325112045592,127.86184,0.4711130261244507
A1_LCD_aro_plus_,14,2459,2786,2.9266655534369788,8.565371261674576,46.133945,0.4178825522400819
A1_LCD_aro_plus_,14,2459,2787,3.35994952376865,11.289260802273178,68.14923,0.3548373181677951
A1_LCD_aro_plus_,14,2459,2788,2.373135012770792,5.631769788838626,4.6334143,0.23864959395728996
A1_LCD_aro_plus_,14,2459,2789,3.4612337530452826,11.98013909321993,26.349485,0.529952827792977
A1_LCD_aro_plus_,14,2459,2790,3.295543175427278,10.860604821105307,107.18557,0.5887327988587389
A1_LCD_aro_plus_,14,2459,2791,3.592191107165022,12.903836950395467,81.91814,0.5598997562828509
A1_LCD_aro_plus_,14,2459,2792,3.681801448668625,13.555661907418386,152.19034,0.7413184578152897
A1_LCD_aro_plus_,14,2459,2793,3.981064504341823,15.848874587730409,168.03636,0.6361108040347233
A1_LCD_aro_plus_,14,2459,2794,3.529935013608939,12.460441200302341,97.27379,0.6329870134530566
A1_LCD_aro_plus_,14,2459,2795,3.241291152275443,10.505968333819068,105.5345,0.354615775718319
A1_LCD_aro_plus_,14,2459,2796,3.834441066336574,14.702938291208362,98.22269,0.5199898529917362
A1_LCD_aro_plus_,14,2459,2797,3.537077334776022,12.510916072186252,99.07442,0.447135481527275
A1_LCD_aro_plus_,14,2459,2798,3.929330310500112,15.43963668901491,63.35284,0.41053143991421515
A1_LCD_aro_plus_,14,2459,2799,2.9946747129835196,8.968076636582925,17.039968,0.358378508697215
A1_LCD_aro_plus_,14,2459,2800,3.4038402058960053,11.586128147274161,52.809677,0.3049120613483626
A1_LCD_aro_plus_,14,2459,2801,2.6546273891221275,7.047046575077363,19.45552,0.2519204120894023
A1_LCD_aro_plus_,14,2459,2802,3.619386162554572,13.099956193691504,70.38276,0.6581164939142619
A1_LCD_aro_plus_,14,2459,2803,3.7279713619077035,13.897770475203979,102.165665,0.45757840689965446
A1_LCD_aro_plus_,14,2459,2804,2.8229697479188283,7.969158197664892,26.892149,0.3678177175175554
A1_LCD_aro_plus_,14,2459,2805,3.6731533506740854,13.492055537568262,92.62725,0.3587400900133737
A1_LCD_aro_plus_,14,2459,2806,2.623071119399674,6.88050209742866,77.0497,0.27869069566799387
A1_LCD_aro_plus_,14,2459,2807,3.49989114236011,12.249238008370753,131.20001,0.41307530081855104
A1_LCD_aro_plus_,14,2459,2808,3.9901140143800786,15.921009847752305,101.828606,0.4329520907123487
A1_LCD_aro_plus_,14,2459,2809,2.7086664419347346,7.336873893663376,41.130894,0.21778167323891245
A1_LCD_aro_plus_,14,2459,2810,4.129990790751764,17.05682393169438,138.88962,0.5762310374827422
A1_LCD_aro_plus_,14,2459,2811,4.610465429329362,21.25639147504118,187.8601,0.793862620915402
A1_LCD_aro_plus_,14,2459,2812,3.392504412696699,11.509086190166574,88.18659,0.5519912021724044
A1_LCD_aro_plus_,14,2459,2813,3.7328840307397084,13.934423186951534,167.34712,0.7045772107107525
A1_LCD_aro_plus_,14,2459,2814,3.680104750595433,13.543170975355073,124.791794,0.6740494899640409
A1_LCD_aro_plus_,14,2459,2815,3.2470055300461964,10.543044912150583,85.87217,0.49606965273099757
A1_LCD_aro_plus_,14,2459,2816,4.720003589075615,22.27843388088668,237.32846,0.6880573446456721
A1_LCD_aro_plus_,14,2459,2817,2.981880572469517,8.891611748471135,75.66287,0.44936533870786144
A1_LCD_aro_plus_,14,2459,2818,4.918112575170589,24.18783130205108,154.15227,0.756914183914748
A1_LCD_aro_plus_,14,2459,2819,4.014477574077581,16.116030192771817,51.570076,0.44631514499375935
A1_LCD_aro_plus_,14,2459,2820,2.433668615924638,5.9227429321365435,13.209566,0.16393579697226068
A1_LCD_aro_plus_,14,2459,2821,4.216298771900158,17.77717533392678,131.56384,0.6440904945150424
A1_LCD_aro_plus_,14,2459,2822,2.7579273573719605,7.606163308540688,17.988361,0.5236505840856076
A1_LCD_aro_plus_,14,2459,2823,3.197996282441102,10.227180222507108,107.06619,0.334974131596134
A1_LCD_aro_plus_,14,2459,2824,3.144300732246697,9.886627094807114,19.007385,0.28063616899368704
A1_LCD_aro_plus_,14,2459,2825,2.2325488923917782,4.984274556919756,21.22725,0.1469749063483016
A1_LCD_aro_plus_,14,2459,2826,2.728842103221119,7.446579224312261,50.222717,0.41615095792913603
A1_LCD_aro_plus_,14,2459,2827,3.3198074003690152,11.021121175544879,69.2471,0.2601096758523646
A1_LCD_aro_plus_,14,2459,2828,5.289473125930752,27.978525949943638,216.38068,0.771343155864348
A1_LCD_aro_plus_,14,2459,2829,4.029879905945658,16.239932056344585,138.06622,0.8122651701850879
A1_LCD_aro_plus_,14,2459,2830,3.8655440778771917,14.942431018011426,99.4616,0.41945924878651053
A1_LCD_aro_plus_,14,2459,2831,2.951600676130773,8.711946551335636,63.038597,0.4040043238817592
A1_LCD_aro_plus_,14,2459,2832,2.689503536940407,7.2334292752149585,26.287735,0.23768938156692823
A1_LCD_aro_plus_,14,2459,2833,2.937405206003538,8.628349344256685,4.3535724,0.21805257522644064
A1_LCD_aro_plus_,14,2459,2834,2.450998901561421,6.007395615455292,0.96142447,0.0969967620981399
A1_LCD_aro_plus_,14,2459,2835,3.5089835010373416,12.312965210552276,56.144005,0.6349205415288338
A1_LCD_aro_plus_,14,2459,2836,4.067640584508749,16.54569992474268,162.36581,0.7298242731561674
A1_LCD_aro_plus_,14,2459,2837,3.464183041164142,12.000564142689242,66.76686,0.38001477846518594
A1_LCD_aro_plus_,14,2459,2838,4.087086226587329,16.704273823559852,191.04346,0.6494705620048592
A1_LCD_aro_plus_,14,2459,2839,3.8032005323140057,14.464334288993538,134.3687,0.398155072685331
A1_LCD_aro_plus_,14,2459,2840,2.7819156422688462,7.739054640700086,57.04487,0.35154723125921483
A1_LCD_aro_plus_,14,2459,2841,3.470923953990958,12.047313094388226,72.7545,0.5362955476271608
A1_LCD_aro_plus_,14,2459,2842,3.331051708715766,11.095905486138225,41.01764,0.48684077726192293
A1_LCD_aro_plus_,14,2459,2843,3.133498285180695,9.818811503230357,9.633678,0.20657255098583005
A1_LCD_aro_plus_,14,2459,2844,2.5357185660595043,6.4298686462588694,7.521187,0.3988779375426923
A1_LCD_aro_plus_,14,2459,2845,2.049095532028415,4.198792499378814,0.9841607,0.12341019701270498
A1_LCD_aro_plus_,14,2459,2846,3.015257804166781,9.091779625588677,100.9344,0.2037267828468733
A1_LCD_aro_plus_,14,2459,2847,2.6290099860833576,6.911693506926018,42.825397,0.2745276520396104
A1_LCD_aro_plus_,14,2459,2848,3.5269195146959467,12.439161263143093,53.59298,0.6148752724547946
A1_LCD_aro_plus_,14,2459,2849,5.264026802114014,27.70997817337469,143.15598,0.6803850029933525
A1_LCD_aro_plus_,14,2459,2850,4.608849755021488,21.24149606436163,169.57616,0.7180591757143974
A1_LCD_aro_plus_,14,2459,2851,5.035460314198183,25.35586057586487,218.45847,0.5153677852722229
A1_LCD_aro_plus_,14,2459,2852,2.9621963842642636,8.774607418948275,32.41552,0.38579462831529143
A1_LCD_aro_plus_,14,2459,2853,2.4528172661966137,6.01631254135223,8.7891445,0.14424873980107164
A1_LCD_aro_plus_,14,2459,2854,3.8062381244792767,14.487448660239519,52.758343,0.3826982681917068
A1_LCD_aro_plus_,14,2459,2855,2.94076408653381,8.648093412647032,49.478035,0.1533242008626537
A1_LCD_aro_plus_,14,2459,2856,2.8852902488045906,8.324899819846857,26.855705,0.07601303651178662
A1_LCD_aro_plus_,14,2459,2857,4.994135376289097,24.941388156702235,136.43294,0.6988007098492655
A1_LCD_aro_plus_,14,2459,2858,2.94338868216262,8.663536934283004,90.943504,0.13825515501309074
A1_LCD_aro_plus_,14,2459,2859,3.0972599958433205,9.593019481851364,47.00568,0.1866855463982654
A1_LCD_aro_plus_,14,2459,2860,3.5882159900939836,12.875293991566142,60.151447,0.4390592652249292
A1_LCD_aro_plus_,14,2459,2861,3.2364994851545505,10.474928917405666,126.853035,0.31962272497143684
A1_LCD_aro_plus_,14,2459,2862,3.3760992401260905,11.398046079179966,9.624461,0.4483488082356877
A1_LCD_aro_plus_,14,2459,2863,4.010743266226176,16.086061547578616,110.21707,0.4600066226921016
A1_LCD_aro_plus_,14,2459,2864,3.161790898410271,9.996921685270026,17.476675,0.5491081876656262
A1_LCD_aro_plus_,14,2459,2865,3.3837978410937786,11.45008782939092,34.17469,0.46724420842180464
A1_LCD_aro_plus_,14,2459,2866,2.6075944159412794,6.799548638048142,23.631113,0.06133360974273179
A1_LCD_aro_plus_,14,2459,2867,3.4637472060611416,11.997544707496367,61.18091,0.5258856553512654
A1_LCD_aro_plus_,14,2459,2868,4.4121820805338015,19.467350711783578,103.98618,0.6018454769975609
A1_LCD_aro_plus_,14,2459,2869,3.9951520764520008,15.961240113978736,131.68947,0.7320878909008525
A1_LCD_aro_plus_,14,2459,2870,4.250610870302962,18.0676927707377,108.02879,0.6191468381119484
A1_LCD_aro_plus_,14,2459,2871,3.6165221883802947,13.079232739046997,109.157036,0.5176763020485
A1_LCD_aro_plus_,14,2459,2872,3.3640968262813162,11.31714745659602,47.66516,0.27732449582015684
A1_LCD_aro_plus_,14,2459,2873,2.4316059905296328,5.912707693179594,6.6130977,0.09789020589229673
A1_LCD_aro_plus_,14,2459,2874,3.468795126080766,12.032539626721677,19.226276,0.33635829200787987
A1_LCD_aro_plus_,14,2459,2875,4.640236454245287,21.531794351306875,188.06693,0.5893514118888556
A1_LCD_aro_plus_,14,2459,2876,4.92278283211977,24.23379081221314,160.82092,0.5809461090014367
A1_LCD_aro_plus_,14,2459,2877,3.9311507848324116,15.453946493088484,100.40568,0.5928175539146581
A1_LCD_aro_plus_,14,2459,2878,5.169082663815318,26.71941558535607,178.19516,0.6884010407964339
A1_LCD_aro_plus_,14,2459,2879,2.5889227415321034,6.702520961622103,20.296446,0.13927795767976553
A1_LCD_aro_plus_,14,2459,2880,2.6148607696018247,6.837496844402647,20.896683,0.20617258307050307
A1_LCD_aro_plus_,14,2459,2881,4.267761624846897,18.21378928651583,116.95053,0.5350640368588855
A1_LCD_aro_plus_,14,2459,2882,3.094638726219786,9.576788845819216,74.71482,0.4190060589178451
A1_LCD_aro_plus_,14,2459,2883,2.9607769967347144,8.766200424393432,15.883421,0.14866434766069028
A1_LCD_aro_plus_,14,2459,2884,2.494043141572321,6.220251192023932,72.88171,0.46468132102823795
A1_LCD_aro_plus_,14,2459,2885,2.930737590661225,8.589222825314762,86.47123,0.37546462282212767
A1_LCD_aro_plus_,14,2459,2886,2.1436755208138285,4.595344738536438,39.57611,0.1868372882884169
A1_LCD_aro_plus_,14,2459,2887,2.4746068901529386,6.123679260792398,1.5044732,0.2988384687027596
A1_LCD_aro_plus_,14,2459,2888,2.847299275660944,8.107113165179335,19.961067,0.48468299846863505
A1_LCD_aro_plus_,14,2459,2889,4.623785099905947,21.379388650112244,187.37643,0.6712436936276291
A1_LCD_aro_plus_,14,2459,2890,3.349604861242919,11.219852726462197,101.26544,0.4825025188909773
A1_LCD_aro_plus_,14,2459,2891,3.087574797270311,9.533118128738801,21.973686,0.30065853883737387
A1_LCD_aro_plus_,14,2459,2892,3.495015699786645,12.215134741755133,69.23947,0.40410128751304186
A1_LCD_aro_plus_,14,2459,2893,2.574254417038446,6.626785803641952,12.928345,0.03092505528284592
A1_LCD_aro_plus_,14,2459,2894,3.001219818475985,9.007320398813023,41.201126,0.27912087589444734
A1_LCD_aro_plus_,14,2459,2895,4.030591106036316,16.245664664059056,122.44862,0.6426624321770007
A1_LCD_aro_plus_,14,2459,2896,2.70359887811237,7.309446893730464,32.726448,0.36191613883653106
A1_LCD_aro_plus_,14,2459,2897,2.369623149592212,5.615113871083317,38.659443,0.33484093757541955
A1_LCD_aro_plus_,14,2459,2898,3.28151045876309,10.768310890971543,84.16985,0.3839587959424699
A1_LCD_aro_plus_,14,2459,2899,3.585133515047722,12.853182320718437,117.2194,0.34697695721155636
A1_LCD_aro_plus_,14,2459,2900,2.5473836018664024,6.489163215057847,34.12465,0.08748784351101321
A1_LCD_aro_plus_,14,2459,2901,3.420743153470652,11.701483722016341,109.48442,0.5005872643688543
A1_LCD_aro_plus_,14,2459,2902,4.115842148822955,16.94015659402756,33.160713,0.5474103648361
A1_LCD_aro_plus_,14,2459,2903,3.308717850141358,10.947613811844045,85.69625,0.5646185181917561
A1_LCD_aro_plus_,14,2459,2904,4.187635341753724,17.536289755504832,180.00761,0.616588004112844
A1_LCD_aro_plus_,14,2459,2905,3.830645145095034,14.673842227640153,63.777462,0.5907401321304329
A1_LCD_aro_plus_,14,2459,2906,3.8414591565491625,14.75680845143541,95.40783,0.5530338497629228
A1_LCD_aro_plus_,14,2459,2907,2.6099365132580963,6.811768603237828,23.601357,0.3642068036332941
A1_LCD_aro_plus_,14,2459,2908,2.96019697747517,8.762766145453131,29.590794,0.40313721259199187
A1_LCD_aro_plus_,14,2459,2909,3.7533591566430555,14.08770495875627,72.728035,0.32259091814322355
A1_LCD_aro_plus_,14,2459,2910,4.003232163920093,16.02586775824435,97.02063,0.5115604821093185
A1_LCD_aro_plus_,14,2459,2911,3.0105881206946785,9.063640832467916,69.76092,0.3328399746471683
A1_LCD_aro_plus_,14,2459,2912,4.1217729461188535,16.989012219357292,141.45657,0.5196191189892652
A1_LCD_aro_plus_,14,2459,2913,2.6824066576949974,7.195305477246447,23.123531,0.3916932637624532
A1_LCD_aro_plus_,14,2459,2914,3.7199289594134246,13.837871463082639,69.37629,0.22952744700950478
A1_LCD_aro_plus_,14,2459,2915,4.293190951298217,18.43148854430889,152.27962,0.5659927083190851
A1_LCD_aro_plus_,14,2459,2916,2.2329620287280907,4.986119421741471,4.7290616,0.12762945998663874
A1_LCD_aro_plus_,14,2459,2917,3.3046099608657826,10.920446993453348,47.38612,0.3043861361615946
A1_LCD_aro_plus_,14,2459,2918,3.272348028349725,10.708261618644327,48.21931,0.24038060972953762
A1_LCD_aro_plus_,14,2459,2919,3.5836716204959007,12.842702283547721,90.96883,0.48922139188163904
A1_LCD_aro_plus_,14,2459,2920,3.1158815980563146,9.708718133105972,68.49445,0.5989344515208381
A1_LCD_aro_plus_,14,2459,2921,2.661445575162085,7.083292549549839,23.833982,0.08675537277658218
A1_LCD_aro_plus_,14,2459,2922,4.152072272386989,17.23970415512485,115.63461,0.37604384452975514
A1_LCD_aro_plus_,14,2459,2923,2.6550550852636823,7.04931750578454,51.78245,0.22575637924033184
A1_LCD_aro_plus_,14,2459,2924,2.3142691924237866,5.355841895001846,14.831287,0.2611809476305066
A1_LCD_aro_plus_,14,2459,2925,3.2224599912949117,10.3842483954964,111.27644,0.5225262716638757
A1_LCD_aro_plus_,14,2459,2926,3.017415399694938,9.104795694316165,59.655228,0.33030735865278377
A1_LCD_aro_plus_,14,2459,2927,3.2750709097327166,10.726089463777482,65.4565,0.5044944443805924
A1_LCD_aro_plus_,14,2459,2928,3.3577562312177167,11.274526908281402,89.820915,0.6842530971434904
A1_LCD_aro_plus_,14,2459,2929,4.279882569959019,18.31739481263902,139.64876,0.7339860683390914
A1_LCD_aro_plus_,14,2459,2930,4.855442020997013,23.575317219263553,242.66753,0.7172204202019634
A1_LCD_aro_plus_,14,2459,2931,5.198949487946127,27.029075778215287,188.33293,0.9185225220697568
A1_LCD_aro_plus_,14,2459,2932,3.2445854653946244,10.527334842250053,42.065308,0.4869452898018696
A1_LCD_aro_plus_,14,2459,2933,2.829883730165712,8.008241926256604,37.849636,0.1700066197794326
A1_LCD_aro_plus_,14,2459,2934,2.9815662718539073,8.889737433456807,40.66731,0.49162891851122165
A1_LCD_aro_plus_,14,2459,2935,2.9503729678358543,8.704700649336546,15.736656,0.3930635269459767
A1_LCD_aro_plus_,14,2459,2936,2.252289663491457,5.07280872827046,20.771927,0.3174588034229886
A1_LCD_aro_plus_,14,2459,2937,3.3189569287830167,11.015475095116797,56.6716,0.146606986686401
A1_LCD_aro_plus_,14,2459,2938,2.743515612851708,7.526877917961081,25.150455,0.31821584382678947
A1_LCD_aro_plus_,14,2459,2939,3.532174178363673,12.47625442629909,26.92411,0.36992102862082976
A1_LCD_aro_plus_,14,2459,2940,2.9642357340248946,8.786693486870105,61.808678,0.2743266172401431
A1_LCD_aro_plus_,14,2459,2941,3.2803799124490225,10.760892369999056,94.40929,0.42758660169764884
A1_LCD_aro_plus_,14,2459,2942,2.672580619847116,7.142687169582393,69.78246,0.23587081309316982
A1_LCD_aro_plus_,14,2459,2943,2.607623665230529,6.799701179470299,79.58254,0.4178152880523609
A1_LCD_aro_plus_,14,2459,2944,2.936068618449248,8.620498932242471,13.281262,0.22143793050173471
A1_LCD_aro_plus_,14,2459,2945,3.481591035807786,12.121476140617133,50.76069,0.18979646180362278
A1_LCD_aro_plus_,14,2459,2946,3.776147138895821,14.259287214591094,57.411983,0.36900486205756095
A1_LCD_aro_plus_,14,2459,2947,2.490058255629837,6.200390116430307,17.560287,0.10849804559158432
A1_LCD_aro_plus_,14,2459,2948,2.71087273800415,7.348831001654115,24.540466,0.11818919558505138
A1_LCD_aro_plus_,14,2459,2949,3.514975548641305,12.355053107546244,76.54102,0.7009284322394465
A1_LCD_aro_plus_,14,2459,2950,2.9729006699549214,8.83813839341842,28.46717,0.44417482932271646
A1_LCD_aro_plus_,14,2459,2951,3.836547997909384,14.7191005402625,84.324585,0.25227283337289885
A1_LCD_aro_plus_,14,2459,2952,2.454547794608905,6.0248048760194415,37.55769,0.18841380750483433
A1_LCD_aro_plus_,14,2459,2953,5.491840204857838,30.160308835692984,192.19601,0.8473388589930989
A1_LCD_aro_plus_,14,2459,2954,3.5592949156939353,12.668580296884697,48.467617,0.40218342610119584
A1_LCD_aro_plus_,14,2459,2955,2.8711264995365973,8.243367376341274,43.445633,0.1812514449683776
A1_LCD_aro_plus_,14,2459,2956,2.870566160560375,8.240150082154331,72.13314,0.28220530671151683
A1_LCD_aro_plus_,14,2459,2957,4.600160420287453,21.16147589237923,200.51698,0.7357938886649785
A1_LCD_aro_plus_,14,2459,2958,4.559762415356765,20.791433284500155,140.81903,0.6956725906381895
A1_LCD_aro_plus_,14,2459,2959,3.7967875282126937,14.415595534391457,87.14161,0.6811074110894632
A1_LCD_aro_plus_,14,2459,2960,3.4785024799622506,12.099979503103523,35.351585,0.3761859497503742
A1_LCD_aro_plus_,14,2459,2961,3.3292439807735117,11.083865483516659,84.77034,0.19807586740011413
A1_LCD_aro_plus_,14,2459,2962,5.0731794793736045,25.737150029937435,182.8132,0.6593012927934512
A1_LCD_aro_plus_,14,2459,2963,4.839726122442823,23.42294894025544,160.14143,0.8789997108180204
A1_LCD_aro_plus_,14,2459,2964,4.322953955372191,18.68793090026807,147.55272,0.5061025772693277
A1_LCD_aro_plus_,14,2459,2965,3.0400736357426745,9.242047710737685,14.760417,0.295971735856032
A1_LCD_aro_plus_,14,2459,2966,4.387420260150018,19.249456539174854,222.32011,0.8423217106432543
A1_LCD_aro_plus_,14,2459,2967,3.25795129303036,10.614246627758193,106.39783,0.4572711149083015
A1_LCD_aro_plus_,14,2459,2968,4.297016895286052,18.464354198373776,118.384125,0.7216214789074634
A1_LCD_aro_plus_,14,2459,2969,3.7032636059946262,13.714161335484317,102.74483,0.5873211636272115
A1_LCD_aro_plus_,14,2459,2970,4.1292125930670505,17.050396638743518,104.84425,0.6425891366011542
A1_LCD_aro_plus_,14,2459,2971,3.2566669352910247,10.605879527417837,29.796936,0.24287376485972456
A1_LCD_aro_plus_,14,2459,2972,2.9829347947577602,8.897899989776523,21.409922,0.3876829158521248
A1_LCD_aro_plus_,14,2459,2973,3.465285279038478,12.008202065120777,70.76941,0.1508997757871711
A1_LCD_aro_plus_,14,2459,2974,2.222715059745357,4.940462236818809,11.922664,0.07088904666447352
A1_LCD_aro_plus_,14,2459,2975,2.811839764775581,7.9064428627731935,17.172377,0.09660544111335993
A1_LCD_aro_plus_,14,2459,2976,2.718911838113334,7.392481583432829,15.535437,0.22747544665414135
A1_LCD_aro_plus_,14,2459,2977,4.20711670380324,17.699830959420243,104.52876,0.8144646111459475
A1_LCD_aro_plus_,14,2459,2978,4.0155114154231235,16.124331927393413,67.763664,0.48118950880711797
A1_LCD_aro_plus_,14,2459,2979,3.0571448533731966,9.346134654506224,42.721146,0.25129251411208325
A1_LCD_aro_plus_,14,2459,2980,2.694249685662309,7.258981368691448,48.850616,0.05828069399074238
A1_LCD_aro_plus_,14,2459,2981,3.4609686914083153,11.97830428290859,68.8011,0.4634627999581652
A1_LCD_aro_plus_,14,2459,2982,4.395053842546795,19.316498278885348,93.21216,0.5949295901300664
A1_LCD_aro_plus_,14,2459,2983,3.5594540404551704,12.669713066112639,114.0917,0.4276334585818632
A1_LCD_aro_plus_,14,2459,2984,2.548293674689914,6.493800652464624,31.05674,0.09204801674809822
A1_LCD_aro_plus_,14,2459,2985,4.801293856117907,23.052422692795567,107.45939,0.7392387098790523
A1_LCD_aro_plus_,14,2459,2986,3.6003453030747137,12.962486301372158,88.514725,0.444700327902101
A1_LCD_aro_plus_,14,2459,2987,2.9418870032259057,8.6546991397495,40.652805,0.4562063238303402
A1_LCD_aro_plus_,14,2459,2988,2.918275042603651,8.516329224283343,49.33938,0.18145069664476446
A1_LCD_aro_plus_,14,2459,2989,3.943995069137946,15.55509710538443,99.78875,0.3700591681734492
A1_LCD_aro_plus_,14,2459,2990,4.337100735238477,18.810442787606135,108.17681,0.7482746521743575
A1_LCD_aro_plus_,14,2459,2991,4.872903537248149,23.745188883325525,180.8617,0.7305993182419978
A1_LCD_aro_plus_,14,2459,2992,4.977757769011544,24.778072406954784,219.35835,0.6188729350265526
A1_LCD_aro_plus_,14,2459,2993,2.8491119705532113,8.117439020749604,80.30278,0.38201809378631446
A1_LCD_aro_plus_,14,2459,2994,3.494086579447599,12.208641024675822,97.62921,0.5889117124488082
A1_LCD_aro_plus_,14,2459,2995,3.726316106251358,13.885431723708287,80.88366,0.4955849750037583
A1_LCD_aro_plus_,14,2459,2996,4.387142269122544,19.247017289521697,102.19707,0.5940570308526639
A1_LCD_aro_plus_,14,2459,2997,3.6588618152175134,13.387269782856798,97.042175,0.5634520851856749
A1_LCD_aro_plus_,14,2459,2998,3.5276603380508402,12.44438746065697,94.25986,0.5580327951871327
A1_LCD_aro_plus_,14,2459,2999,3.5935083753910892,12.913302444005907,134.35654,0.6548928742302356
A1_LCD_aro_plus_,14,2459,3000,2.9674949316548394,8.80602616939716,79.38887,0.3507995215775346
A1_LCD_aro_plus_,14,2459,3001,3.3818439684316566,11.43686862681757,55.86176,0.4889388986047835
A1_LCD_aro_plus_,14,2459,3002,2.6746466899153947,7.15373491587538,21.25715,0.3733917230061614
A1_LCD_aro_plus_,14,2459,3003,3.796477384905234,14.413240534096888,119.67681,0.5251024999315773
A1_LCD_aro_plus_,14,2459,3004,4.229670653911913,17.89011384056362,203.55281,0.6200894709224591
A1_LCD_aro_plus_,14,2459,3005,4.834569986608973,23.373066955420292,131.16812,0.7001768012675799
A1_LCD_aro_plus_,14,2459,3006,3.340512557051976,11.159024143821933,59.457703,0.5575143441905195
A1_LCD_aro_plus_,14,2459,3007,4.808707403609276,23.12366689352667,118.97476,0.8083466774029391
A1_LCD_aro_plus_,14,2459,3008,5.5568338869011615,30.878402846613064,298.48,0.7862886085829586
A1_LCD_aro_plus_,14,2459,3009,4.914217382741072,24.149532484834513,179.09645,0.7400289177575513
A1_LCD_aro_plus_,14,2459,3010,3.0108740520685675,9.065362557419796,81.04725,0.3248854654836342
A1_LCD_aro_plus_,14,2459,3011,3.8544481403334396,14.856770466519919,58.503826,0.367087884867227
A1_LCD_aro_plus_,14,2459,3012,2.5632946115029442,6.57047926536003,32.803864,0.21898458502486107
A1_LCD_aro_plus_,14,2459,3013,3.55825650949689,12.661189387376993,44.198555,0.3731410663759117
A1_LCD_aro_plus_,14,2459,3014,4.231856815950045,17.908612110702844,138.97514,0.5758244333677385
A1_LCD_aro_plus_,14,2459,3015,3.7869053318435246,14.340651992344917,150.23347,0.32751708457342005
A1_LCD_aro_plus_,14,2459,3016,3.478610644710094,12.100732017490373,121.01419,0.5685060931372171
A1_LCD_aro_plus_,14,2459,3017,2.888698152274417,8.344577014953629,57.83654,0.46272876821665665
A1_LCD_aro_plus_,14,2459,3018,3.223614916722607,10.391693131316497,103.260735,0.23825466418295993
A1_LCD_aro_plus_,14,2459,3019,2.940331222741938,8.645547699431098,52.971443,0.416466781411185
A1_LCD_aro_plus_,14,2459,3020,3.5722762619813295,12.7611576919153,84.320885,0.19857965537941213
A1_LCD_aro_plus_,14,2459,3021,4.146191177047664,17.19090127662789,73.85547,0.6935051969268595
A1_LCD_aro_plus_,14,2459,3022,3.1931445424937164,10.196172069257406,40.90066,0.3143880885304204
A1_LCD_aro_plus_,14,2459,3023,3.6995006458209097,13.686305028429329,128.46437,0.6254678775120159
A1_LCD_aro_plus_,14,2459,3024,3.4623754523665915,11.988043773150759,125.339485,0.28038498980548554
A1_LCD_aro_plus_,14,2459,3025,3.3680766300712315,11.343940186031983,17.60124,0.5476888667864225
A1_LCD_aro_plus_,14,2459,3026,2.4910747868444365,6.205453593652055,14.661929,0.4190250164773084
A1_LCD_aro_plus_,14,2459,3027,3.0498677467088218,9.301693272414747,15.0847025,0.5047898852125873
A1_LCD_aro_plus_,14,2459,3028,3.0509038801842574,9.308014486123355,47.114456,0.3808108296048984
A1_LCD_aro_plus_,14,2459,3029,2.9520042869675343,8.714329310274698,73.75388,0.30716092317094806
A1_LCD_aro_plus_,14,2459,3030,4.681202504122932,21.91365688460681,158.48685,0.7983017845907665
A1_LCD_aro_plus_,14,2459,3031,5.284438950064785,27.925295016961808,121.79525,0.710523125511695
A1_LCD_aro_plus_,14,2459,3032,3.857075272060732,14.877029654342373,101.5139,0.29426959293414306
A1_LCD_aro_plus_,14,2459,3033,3.189688485933346,10.17411263729576,115.972496,0.4575014622986817
A1_LCD_aro_plus_,14,2459,3034,3.6993602467038778,13.685266234892973,171.34134,0.39326641354959624
A1_LCD_aro_plus_,14,2459,3035,3.1067404942028087,9.651836498319513,98.266846,0.2365235024991022
A1_LCD_aro_plus_,14,2459,3036,2.9719990864579913,8.832778569907136,4.4011917,0.3575767782000393
A1_LCD_aro_plus_,14,2459,3037,2.9420578689720145,8.655704504380154,48.788662,0.4456458224146619
A1_LCD_aro_plus_,14,2459,3038,2.4517824672742843,6.011237266833576,13.06179,0.25088683155403696
A1_LCD_aro_plus_,14,2459,3039,2.573320543359204,6.6219786188745084,39.99904,0.2586529131021042
A1_LCD_aro_plus_,14,2459,3040,4.845558071032536,23.479433019748555,247.7449,0.830060834345175
A1_LCD_aro_plus_,14,2459,3041,3.974274543122725,15.794858144113341,81.73794,0.6248078326503329
A1_LCD_aro_plus_,14,2459,3042,3.3255697059803517,11.059413869334241,60.388424,0.5355006066440762
A1_LCD_aro_plus_,14,2459,3043,3.0217625958640832,9.131049185763242,46.868626,0.3278087392747036
A1_LCD_aro_plus_,14,2459,3044,3.874616747264085,15.012654938179319,102.998276,0.6955845683432335
A1_LCD_aro_plus_,14,2459,3045,3.437463296517999,11.816153914908389,40.79442,0.3172937492285818
A1_LCD_aro_plus_,14,2459,3046,2.616761167194198,6.847439006135542,20.062094,0.1985458156812121
A1_LCD_aro_plus_,14,2459,3047,2.553826933262213,6.522032005055484,31.386915,0.19742670209857194
A1_LCD_aro_plus_,14,2459,3048,3.1728854138733427,10.067201849570212,28.84869,0.40385635414127996
A1_LCD_aro_plus_,14,2459,3049,2.6785441495605586,7.174598761145096,18.695232,0.18050013679332422
A1_LCD_aro_plus_,14,2459,3050,3.0222903736385747,9.134239102588397,23.957382,0.12816212107703293
A1_LCD_aro_plus_,14,2459,3051,2.766588589719925,7.654012424768483,34.29818,0.34536675226618896
A1_LCD_aro_plus_,14,2459,3052,3.6752087088417276,13.507159053546083,99.57086,0.49945173235774987
A1_LCD_aro_plus_,14,2459,3053,3.170566617486671,10.05249267592087,66.56769,0.14359615159623199
A1_LCD_aro_plus_,14,2459,3054,4.485359075273754,20.11844603414063,189.71149,0.6179253713353727
A1_LCD_aro_plus_,14,2459,3055,4.781123725233103,22.859144075986876,236.66837,0.7423837928351166
A1_LCD_aro_plus_,14,2459,3056,3.754164882962775,14.093753968470903,179.46802,0.6210999376705022
A1_LCD_aro_plus_,14,2459,3057,3.57777499033331,12.800473881454517,112.285,0.41251933394193563
A1_LCD_aro_plus_,14,2459,3058,3.299978530813149,10.889858303827708,36.71353,0.24596419708298645
A1_LCD_aro_plus_,14,2459,3059,2.7562545283853823,7.596939025244927,27.158955,0.23026399223528626
A1_LCD_aro_plus_,14,2459,3060,3.242345630016894,10.512805184489645,66.94202,0.5997519744042055
A1_LCD_aro_plus_,14,2459,3061,3.9872640266830484,15.898274418480714,75.08215,0.5757820352691176
A1_LCD_aro_plus_,14,2459,3062,3.6341740911133265,13.207221324519374,92.37309,0.600512235140674
A1_LCD_aro_plus_,14,2459,3063,3.633062585123517,13.19914374742437,54.870335,0.5400376023095048
A1_LCD_aro_plus_,14,2459,3064,4.186260187039275,17.524774353590107,112.71698,0.6232735742394226
A1_LCD_aro_plus_,14,2459,3065,3.0824916359386894,9.501754685631976,38.369274,0.5308897704142447
A1_LCD_aro_plus_,14,2459,3066,2.940384313007015,8.645859908177737,28.031797,0.3678245440458714
A1_LCD_aro_plus_,14,2459,3067,4.024484156427665,16.19647272533729,90.997025,0.24397435274263007
A1_LCD_aro_plus_,14,2459,3068,2.8512919607963974,8.129865845702165,83.02432,0.47042917807838613
A1_LCD_aro_plus_,14,2459,3069,3.8745762086420705,15.012340796575163,187.49847,0.7485391822459583
A1_LCD_aro_plus_,14,2459,3070,4.251988789142452,18.079408662993092,146.77914,0.7423338384299839
A1_LCD_aro_plus_,14,2459,3071,3.7683789506184358,14.200679915464105,60.481773,0.6981037026796164
A1_LCD_aro_plus_,14,2459,3072,4.647815873160234,21.602192390800223,108.94364,0.4198591586583863
A1_LCD_aro_plus_,14,2459,3073,3.867600533474562,14.958333886532715,88.68971,0.6252169329840248
A1_LCD_aro_plus_,14,2459,3074,4.237236146695364,17.954170162861764,210.16414,0.5686885488791027
A1_LCD_aro_plus_,14,2459,3075,2.6167728368362466,6.847500079604015,4.666808,0.4688042039308168
A1_LCD_aro_plus_,14,2459,3076,2.750881479985576,7.567348916927632,22.669678,0.22639058402767975
A1_LCD_aro_plus_,14,2459,3077,3.9596465182197838,15.67880054925006,91.994415,0.48576414601354817
A1_LCD_aro_plus_,14,2459,3078,4.095211255164994,16.770755224430044,154.07962,0.7035528827448805
A1_LCD_aro_plus_,14,2459,3079,2.631629668069202,6.9254747098620175,68.19962,0.38974173546571067
A1_LCD_aro_plus_,14,2459,3080,2.8862983518235352,8.330718175739257,30.332428,0.19846793338246932
A1_LCD_aro_plus_,14,2459,3081,2.797578324822908,7.82644448351895,68.425766,0.4068545682811565
A1_LCD_aro_plus_,14,2459,3082,3.48315825615748,12.132391437438018,85.99107,0.2345668827831725
A1_LCD_aro_plus_,14,2459,3083,4.219055163260921,17.800426470638634,148.18895,0.7237410234173621
A1_LCD_aro_plus_,14,2459,3084,4.610259551872842,21.25449313563478,161.23499,0.6521058879385265
A1_LCD_aro_plus_,14,2459,3085,5.518051996114792,30.44889783182644,255.63618,0.8590350106843243
A1_LCD_aro_plus_,14,2459,3086,3.9902065969050504,15.921748685984584,168.41379,0.574536889238562
A1_LCD_aro_plus_,14,2459,3087,3.742854432212724,14.008959300734436,92.76544,0.6089546393821292
A1_LCD_aro_plus_,14,2459,3088,2.751566067411674,7.571115823331347,105.91429,0.4957964840650424
A1_LCD_aro_plus_,14,2459,3089,3.7928363312996534,14.385607436026614,89.41858,0.39173460935582194
A1_LCD_aro_plus_,14,2459,3090,3.3785016753534576,11.414273570366117,83.65646,0.7825910879087844
A1_LCD_aro_plus_,14,2459,3091,2.475718809575828,6.129183624087553,23.82902,0.2561901474649104
A1_LCD_aro_plus_,14,2459,3092,4.169949913623338,17.388482282127285,75.30358,0.5155801563103178
A1_LCD_aro_plus_,14,2459,3093,3.0272432796906754,9.164201874432358,82.9843,0.28571954497381336
A1_LCD_aro_plus_,14,2459,3094,3.224264670400027,10.395882664789793,69.18436,0.4395142238999856
A1_LCD_aro_plus_,14,2459,3095,2.8527617943372188,8.138249855230107,28.068375,0.29251463319786775
A1_LCD_aro_plus_,14,2459,3096,2.887065087351633,8.33514481860469,90.657524,0.224136224800028
A1_LCD_aro_plus_,14,2459,3097,5.836537838835683,34.0651739441607,241.07634,0.7534334908001739
A1_LCD_aro_plus_,14,2459,3098,3.524977926804412,12.425469384458331,85.70543,0.5185589177308496
A1_LCD_aro_plus_,14,2459,3099,4.669355296144182,21.80287888162973,191.45764,0.7221222095670297
A1_LCD_aro_plus_,14,2459,3100,4.172075292702683,17.406212247980175,88.58314,0.5988089604206907
A1_LCD_aro_plus_,14,2459,3101,3.924538811486933,15.40200488286727,138.36674,0.6066821580543259
A1_LCD_aro_plus_,14,2459,3102,2.5395261541540908,6.449193087632667,2.992638,0.15243691640595602
A1_LCD_aro_plus_,14,2459,3103,3.249762541003507,10.56095657290957,82.18475,0.30995928928793537
A1_LCD_aro_plus_,14,2459,3104,4.126813367270091,17.030588568279104,88.912605,0.6617313781760137
A1_LCD_aro_plus_,14,2459,3105,3.754993981363839,14.099979800078653,48.692966,0.28065927570369814
A1_LCD_aro_plus_,14,2459,3106,2.8163787862997323,7.9319894679191565,69.185776,0.5368151671090478
A1_LCD_aro_plus_,14,2459,3107,3.446469784714139,11.878153976947528,44.06819,0.25456029178904854
A1_LCD_aro_plus_,14,2459,3108,4.5564258662024875,20.76101667419909,155.70404,0.5469251524195045
A1_LCD_aro_plus_,14,2459,3109,2.4827271287294814,6.163933995729334,40.45132,0.3365547877898778
A1_LCD_aro_plus_,14,2459,3110,3.004584867860285,9.027530228175005,19.153217,0.24647982030911264
A1_LCD_aro_plus_,14,2459,3111,2.9352667363978595,8.61579081380374,19.098583,0.15600031784018592
A1_LCD_aro_plus_,14,2459,3112,2.8516573162307703,8.131949449212476,26.803387,0.16342935450165721
A1_LCD_aro_plus_,14,2459,3113,2.6191376885098427,6.859882231372684,25.624722,0.31280235671594936
A1_LCD_aro_plus_,14,2459,3114,2.5680927465008563,6.595100354630314,63.343,0.40036173556435917
A1_LCD_aro_plus_,14,2459,3115,3.168238560390728,10.037735575546716,88.575455,0.3325509515137486
A1_LCD_aro_plus_,14,2459,3116,3.419330579383524,11.691821611107263,37.007565,0.5183040647847412
A1_LCD_aro_plus_,14,2459,3117,2.2257430679349715,4.953932204460579,18.56113,0.37297329587575134
A1_LCD_aro_plus_,14,2459,3118,4.096328141497,16.779904242820265,79.580475,0.6472835478581855
A1_LCD_aro_plus_,14,2459,3119,3.0260244085377392,9.156823721066173,48.1867,0.4090394899867109
A1_LCD_aro_plus_,14,2459,3120,3.5023809589694235,12.266672381751576,113.373146,0.5410458954765301
A1_LCD_aro_plus_,14,2459,3121,4.337230984226658,18.81157261053574,71.73745,0.6855390316323162
A1_LCD_aro_plus_,14,2459,3122,3.470164092736054,12.042038830514642,46.523556,0.5262127364037436
A1_LCD_aro_plus_,14,2459,3123,4.049447916436188,16.398028427929383,115.18416,0.6080086403284521
A1_LCD_aro_plus_,14,2459,3124,3.3926706482512943,11.510214127505861,60.142563,0.6417095108704083
A1_LCD_aro_plus_,14,2459,3125,3.840532324790586,14.749688537761381,123.620155,0.5276101940662733
A1_LCD_aro_plus_,14,2459,3126,3.797132339525311,14.418214003868961,130.80772,0.5934032088457419
A1_LCD_aro_plus_,14,2459,3127,3.720605340466378,13.842904099506933,103.34782,0.609750464743162
A1_LCD_aro_plus_,14,2459,3128,3.8376088548064184,14.72724172248863,207.77028,0.3731282112897298
A1_LCD_aro_plus_,14,2459,3129,2.7621543556122488,7.629496684227717,86.617516,0.18550579475000295
A1_LCD_aro_plus_,14,2459,3130,2.820154466026438,7.953271212248863,22.454185,0.11477912204910423
A1_LCD_aro_plus_,14,2459,3131,3.3319418002591394,11.101836160314116,26.693932,0.215070941915313
A1_LCD_aro_plus_,14,2459,3132,2.501453272867519,6.257268476339623,17.91021,0.12020231738244697
A1_LCD_aro_plus_,14,2459,3133,4.197096552459236,17.6156194706652,99.72444,0.8119817365016812
A1_LCD_aro_plus_,14,2459,3134,2.8321755241962476,8.02121819985629,37.863262,0.3521205093363126
A1_LCD_aro_plus_,14,2459,3135,3.825581152733075,14.635071156146527,103.44318,0.5889006519836281
A1_LCD_aro_plus_,14,2459,3136,3.8584897607850954,14.88794323408343,127.57707,0.571744672516875
A1_LCD_aro_plus_,14,2459,3137,4.12275671674536,16.997122945468984,87.24425,0.4388820559881439
A1_LCD_aro_plus_,14,2459,3138,3.6266209942631606,13.152379836030311,99.713486,0.46128290572759423
A1_LCD_aro_plus_,14,2459,3139,3.7226304833303177,13.85797771542011,95.43978,0.6812852140783263
A1_LCD_aro_plus_,14,2459,3140,2.5533729721144196,6.519713534724427,34.14334,0.24819543149007367
A1_LCD_aro_plus_,14,2459,3141,2.823152285325841,7.970188826140521,29.473469,0.27591802061353055
A1_LCD_aro_plus_,14,2459,3142,3.04614342366041,9.278989757509569,13.418184,0.21073046629759878
A1_LCD_aro_plus_,14,2459,3143,3.0429412684340376,9.25949156313895,101.321175,0.6313657529647716
A1_LCD_aro_plus_,14,2459,3144,2.705902744544731,7.321909662934706,21.497398,0.14078123503744516
A1_LCD_aro_plus_,14,2459,3145,3.701241653804555,13.699189779857877,55.53379,0.5994352088463973
A1_LCD_aro_plus_,14,2459,3146,4.360502261449689,19.01397997210785,195.64044,0.7653210986121739
A1_LCD_aro_plus_,14,2459,3147,2.7052377261224123,7.3183111548359605,19.588104,0.30835033144537877
A1_LCD_aro_plus_,14,2459,3148,3.258385135449711,10.617073690919632,44.87633,0.1705385452856335
A1_LCD_aro_plus_,14,2459,3149,5.221664770924503,27.26578297991405,240.23128,0.7109846984453354
A1_LCD_aro_plus_,14,2459,3150,2.678063721019406,7.172025293840306,37.710392,0.22245618993059774
A1_LCD_aro_plus_,14,2459,3151,3.170014256488451,10.048990386340027,43.592846,0.24776704510160757
A1_LCD_aro_plus_,14,2459,3152,3.13351787378525,9.818934265331633,77.447136,0.2905300669309111
A1_LCD_aro_plus_,14,2459,3153,3.1445063502166706,9.887920186552966,108.12669,0.3775683032687572
A1_LCD_aro_plus_,14,2459,3154,2.598983547685058,6.754715481137609,11.627455,0.2566116604758149
A1_LCD_aro_plus_,14,2459,3155,2.47862604063039,6.143587049291084,10.877519,0.1640491256485889
A1_LCD_aro_plus_,14,2459,3156,4.302671644108231,18.512983277013024,118.39282,0.4816556619735634
A1_LCD_aro_plus_,14,2459,3157,3.517898155400109,12.375607431767488,41.26647,0.6594482663419062
A1_LCD_aro_plus_,14,2459,3158,3.7334714455840445,13.938809034991417,166.65472,0.5174552444326389
A1_LCD_aro_plus_,14,2459,3159,2.6123996439735815,6.824631899833294,41.812614,0.32000771365623093
A1_LCD_aro_plus_,14,2459,3160,3.2091566354528953,10.29868631087135,37.06905,0.44624451928284836
A1_LCD_aro_plus_,14,2459,3161,4.458156325706107,19.87515782443338,58.489372,0.6900048025513935
A1_LCD_aro_plus_,14,2459,3162,3.3618654645420234,11.302139401680357,78.54845,0.3893597274987304
A1_LCD_aro_plus_,14,2459,3163,3.509519176855595,12.31672485271718,94.68208,0.6929221269911252
A1_LCD_aro_plus_,14,2459,3164,3.4607635688552074,11.976884479515432,72.04549,0.2457574931941162
A1_LCD_aro_plus_,14,2459,3165,2.6734087695674615,7.147114449200206,13.007415,0.26791701957872105
A1_LCD_aro_plus_,14,2459,3166,3.0122231378820885,9.073488232392213,49.700005,0.3220078994265354
A1_LCD_aro_plus_,14,2459,3167,2.72636632383152,7.433073331722596,30.360386,0.17671088587235256
A1_LCD_aro_plus_,14,2459,3168,2.9061790669962226,8.445876769447034,57.520126,0.2330945471860177
A1_LCD_aro_plus_,14,2459,3169,3.4290916209911027,11.758669345151386,50.533554,0.2748611260065592
A1_LCD_aro_plus_,14,2459,3170,3.2831325730514855,10.77895949223167,56.436165,0.3706679759812331
A1_LCD_aro_plus_,14,2459,3171,3.5820661411089545,12.831197839279195,113.55437,0.6188785331828971
A1_LCD_aro_plus_,14,2459,3172,3.6003936911952885,12.962834731598832,35.065563,0.5991320656827333
A1_LCD_aro_plus_,14,2459,3173,2.259583440516078,5.105717324654477,23.995285,0.13696565721524512
A1_LCD_aro_plus_,14,2459,3174,3.5903759668846322,12.890799583582762,85.98308,0.5098995240808102
A1_LCD_aro_plus_,14,2459,3175,4.899966347002253,24.009670201754595,173.4582,0.588164274638042
A1_LCD_aro_plus_,14,2459,3176,3.465854384590235,12.012146615183356,51.382195,0.5526279917150272
A1_LCD_aro_plus_,14,2459,3177,2.939296754735543,8.639465412398899,5.471905,0.5455949643475811
A1_LCD_aro_plus_,14,2459,3178,3.2719801446892975,10.705854067240992,57.722664,0.6116030405647668
A1_LCD_aro_plus_,14,2459,3179,2.6187781980090756,6.8579992503676594,54.76911,0.12656771982056492
A1_LCD_aro_plus_,14,2459,3180,2.8201101027159936,7.95302099144081,68.66675,0.2541813429293748
A1_LCD_aro_plus_,14,2459,3181,2.9323933845295995,8.598930961632963,47.517284,0.20157736613350474
A1_LCD_aro_plus_,14,2459,3182,2.545118336515659,6.4776273468682355,67.85975,0.2188143322868693
A1_LCD_aro_plus_,14,2459,3183,2.4657124573178284,6.079737922172324,34.287266,0.20608811768235388
A1_LCD_aro_plus_,14,2459,3184,2.993571929791659,8.961472898836556,17.227583,0.2809380237922894
A1_LCD_aro_plus_,14,2459,3185,2.0818732489123106,4.3341962245367,20.875704,0.039393498500891216
A1_LCD_aro_plus_,14,2459,3186,3.675162048008004,13.506816079118385,9.201793,0.5109174443029231
A1_LCD_aro_plus_,14,2459,3187,3.214268118018041,10.331519534507237,71.37309,0.28820689111969283
A1_LCD_aro_plus_,14,2459,3188,4.659527913636792,21.711200377960424,120.384224,0.6300955403052161
A1_LCD_aro_plus_,14,2459,3189,2.5618061453067202,6.562850726131277,3.4117541,0.22167954782778868
A1_LCD_aro_plus_,14,2459,3190,4.324471428648808,18.701053137199857,76.57391,0.46168532311316834
A1_LCD_aro_plus_,14,2459,3191,3.6106462554970182,13.03676638233464,143.70569,0.29729349913276026
A1_LCD_aro_plus_,14,2459,3192,3.037047279647592,9.223656178814837,25.048717,0.6309968664561365
A1_LCD_aro_plus_,14,2459,3193,2.3886139949236984,5.70547681674535,39.672,0.16600186375716242
A1_LCD_aro_plus_,14,2459,3194,2.815818557862404,7.92883415080231,52.970463,0.2566812087138039
A1_LCD_aro_plus_,14,2459,3195,4.1371383842387495,17.11591401034161,108.87815,0.4661745591377153
A1_LCD_aro_plus_,14,2459,3196,4.143616928469057,17.169561249895345,50.790993,0.6274191904574898
A1_LCD_aro_plus_,14,2459,3197,5.198597684463877,27.025417884913193,190.0965,0.6303877296842995
A1_LCD_aro_plus_,14,2459,3198,3.1547910314254715,9.952706451962587,56.623253,0.17132817656019492
A1_LCD_aro_plus_,14,2459,3199,3.194826745608029,10.206917934452392,78.70518,0.3276512322784738
A1_LCD_aro_plus_,14,2459,3200,3.3561367345292816,11.26365378085687,12.882338,0.5593196078660884
A1_LCD_aro_plus_,14,2459,3201,4.000841065542052,16.006729231727657,50.537273,0.5582226251961807
A1_LCD_aro_plus_,14,2459,3202,3.2818390230598267,10.770467373278278,58.14124,0.563773821949548
A1_LCD_aro_plus_,14,2459,3203,3.6237262395051126,13.131391858877866,37.375954,0.24586843844931236
A1_LCD_aro_plus_,14,2459,3204,3.4945507319735203,12.211884818336666,130.58797,0.4590671278214171
A1_LCD_aro_plus_,14,2459,3205,2.710804259941452,7.348459735716722,54.01729,0.11155270487060273
A1_LCD_aro_plus_,14,2459,3206,3.8906730637180593,15.137336888741267,85.420456,0.6472312469472005
A1_LCD_aro_plus_,14,2459,3207,3.17461055663241,10.07815218628194,74.624985,0.21544922425562568
A1_LCD_aro_plus_,14,2459,3208,3.220753721362261,10.37325453366885,114.41531,0.5102478138672776
A1_LCD_aro_plus_,14,2459,3209,3.9086117538395433,15.277245842252633,37.60247,0.38414811224135603
A1_LCD_aro_plus_,14,2459,3210,3.478164541653854,12.097628578818162,114.892525,0.6962559980964629
A1_LCD_aro_plus_,14,2459,3211,4.282249020128081,18.337656670387904,104.8893,0.7799782388641485
A1_LCD_aro_plus_,14,2459,3212,4.046765835597903,16.376313728162394,131.88503,0.8007576305638557
A1_LCD_aro_plus_,14,2459,3213,3.0166860494314673,9.100394720834434,83.32383,0.47027585430828533
A1_LCD_aro_plus_,14,2459,3214,2.5001469453309264,6.250734748247563,37.526905,0.17918481652357676
A1_LCD_aro_plus_,14,2459,3215,3.502919217087155,12.270443041438485,9.30549,0.652232242717568
A1_LCD_aro_plus_,14,2459,3216,2.61792129833463,6.853511924274074,28.04884,0.16131317248249563
A1_LCD_aro_plus_,14,2459,3217,2.5035001865240556,6.267513183925979,38.1741,0.12797794798587883
A1_LCD_aro_plus_,14,2459,3218,5.048704389774755,25.489416015330896,152.59116,0.2939019741619243
A1_LCD_aro_plus_,14,2459,3219,4.5847224368361745,21.019679822829033,138.87708,0.7398842214636916
A1_LCD_aro_plus_,14,2459,3220,3.5321864004411623,12.476340767461496,67.69421,0.5341208640980359
A1_LCD_aro_plus_,14,2459,3221,5.296843690416693,28.05655308070713,201.73439,0.8741313181834589
A1_LCD_aro_plus_,14,2459,3222,5.321556907471218,28.31896791945464,177.98952,0.8061948137078172
A1_LCD_aro_plus_,14,2459,3223,3.719383326708447,13.833812330996794,69.900734,0.7003755087007733
A1_LCD_aro_plus_,14,2459,3224,2.7419736774483963,7.518419647819881,25.750378,0.2250731534156592
A1_LCD_aro_plus_,14,2459,3225,3.21020873598099,10.305440128568666,41.464043,0.30040852290589287
A1_LCD_aro_plus_,14,2459,3226,3.4332631416301074,11.787295799675832,84.013084,0.4054493333130642
A1_LCD_aro_plus_,14,2459,3227,3.8967782888844127,15.18488103272093,92.73316,0.5843189875132826
A1_LCD_aro_plus_,14,2459,3228,2.714357836430121,7.367738464189607,13.536666,0.26578742004244826
A1_LCD_aro_plus_,14,2459,3229,3.2797024153722982,10.756447933398887,15.179338,0.2542439916049676
A1_LCD_aro_plus_,14,2459,3230,4.534564524186684,20.56227542401241,204.05096,0.6044475726423317
A1_LCD_aro_plus_,14,2459,3231,4.275026808628904,18.275854214495826,149.07164,0.533154664818646
A1_LCD_aro_plus_,14,2459,3232,3.6863104636478075,13.588884834399318,60.405445,0.5157637643549315
A1_LCD_aro_plus_,14,2459,3233,2.9777814297744287,8.867182243509442,9.807693,0.36911041727604965
A1_LCD_aro_plus_,14,2459,3234,2.9412216657767933,8.650784887234813,47.574234,0.3336468871264119
A1_LCD_aro_plus_,14,2459,3235,3.5507718891947335,12.607981009095539,150.61285,0.6408209839729064
A1_LCD_aro_plus_,14,2459,3236,3.287167203921082,10.805468226534348,52.64862,0.4876365214223827
A1_LCD_aro_plus_,14,2459,3237,2.7904487845226136,7.78660441904373,1.6071167,0.4765048686517067
A1_LCD_aro_plus_,14,2459,3238,3.316105129213832,10.996553227998286,101.95801,0.4249804033693944
A1_LCD_aro_plus_,14,2459,3239,2.9064304710930866,8.447338083298382,47.475372,0.47817253055158504
A1_LCD_aro_plus_,14,2459,3240,5.086005526593132,25.867452216535895,195.61336,0.7991889767259206
A1_LCD_aro_plus_,14,2459,3241,3.7768291222045973,14.264438218332753,92.21849,0.5582837141883124
A1_LCD_aro_plus_,14,2459,3242,2.838634536685613,8.057846032864346,63.992268,0.41087281975562706
A1_LCD_aro_plus_,14,2459,3243,3.1646988697153153,10.015318935977396,64.64481,0.5228714035964722
A1_LCD_aro_plus_,14,2459,3244,2.7409573607574313,7.512847253490345,21.580576,0.4948594779302686
A1_LCD_aro_plus_,14,2459,3245,2.5619195283354745,6.56343166966666,46.536667,0.2700909117497246
A1_LCD_aro_plus_,14,2459,3246,2.4166824733703804,5.840354177095577,20.592813,0.2673292306945546
A1_LCD_aro_plus_,14,2459,3247,2.6432241254261863,6.986633777235029,55.35836,0.2849653681206973
A1_LCD_aro_plus_,14,2459,3248,3.1433144676147053,9.880425842315919,82.33317,0.3162796952608581
A1_LCD_aro_plus_,14,2459,3249,3.029646043684033,9.178755150010314,49.63307,0.4379110370679219
A1_LCD_aro_plus_,14,2459,3250,3.049805257153353,9.30131210656023,48.3597,0.3445927160238803
A1_LCD_aro_plus_,14,2459,3251,2.6941896191479286,7.2586577039244595,50.507458,0.4175931338642532
A1_LCD_aro_plus_,14,2459,3252,3.2855927622207335,10.795119799157268,11.7886715,0.592159159002252
A1_LCD_aro_plus_,14,2459,3253,3.1044201200710564,9.637424281901989,78.7522,0.35990077359403777
A1_LCD_aro_plus_,14,2459,3254,2.806738594816657,7.87778153963338,59.03266,0.5292652183054194
A1_LCD_aro_plus_,14,2459,3255,2.2689864602468157,5.148299556783376,27.924852,0.12699488447361648
A1_LCD_aro_plus_,14,2459,3256,3.762880163678767,14.159267126207144,86.17131,0.5842082422214862
A1_LCD_aro_plus_,14,2459,3257,3.1899698306495585,10.175907520454373,18.435478,0.3450004540084264
A1_LCD_aro_plus_,14,2459,3258,2.6345872453214016,6.941049953210213,26.44123,0.1557880794273723
A1_LCD_aro_plus_,14,2459,3259,2.848363082096689,8.113172247451349,67.44409,0.2159662195834273
A1_LCD_aro_plus_,14,2459,3260,3.3813872155769653,11.433779501667342,66.24481,0.4394483720171016
A1_LCD_aro_plus_,14,2459,3261,2.9111038959880706,8.474525893236924,96.702545,0.5121603953670651
A1_LCD_aro_plus_,14,2459,3262,2.8645227264679534,8.205490450451395,27.832468,0.12705129832249915
A1_LCD_aro_plus_,14,2459,3263,3.154015290576119,9.947812453187959,41.108448,0.23202353342926407
A1_LCD_aro_plus_,14,2459,3264,2.5697715508890937,6.603725823758938,23.864307,0.2086806338249278
A1_LCD_aro_plus_,14,2459,3265,2.447965320318843,5.992534209483735,8.422678,0.23378967245148194
A1_LCD_aro_plus_,14,2459,3266,4.334182522252077,18.78513813619538,109.93211,0.646937790463836
A1_LCD_aro_plus_,14,2459,3267,2.730555848826597,7.455935243561133,81.18658,0.4605351347720711
A1_LCD_aro_plus_,14,2459,3268,3.740304175065482,13.989875322012276,58.993446,0.2854984745595996
A1_LCD_aro_plus_,14,2459,3269,3.8369555936381023,14.722228227550723,68.40349,0.4527512814293041
A1_LCD_aro_plus_,14,2459,3270,3.970563352330697,15.765373334871583,199.30371,0.5821075744714157
A1_LCD_aro_plus_,14,2459,3271,3.261014134427949,10.634213184938865,104.44565,0.48326610884730004
A1_LCD_aro_plus_,14,2459,3272,3.273268255140784,10.71428507011239,76.64056,0.2414398420636266
A1_LCD_aro_plus_,14,2459,3273,4.352518579588938,18.944417985666906,110.17567,0.4455881857981443
A1_LCD_aro_plus_,14,2459,3274,3.963153543118524,15.70658600633291,103.50178,0.6516267727727432
A1_LCD_aro_plus_,14,2459,3275,2.7576511806928385,7.604640034376608,33.52458,0.151112805687733
A1_LCD_aro_plus_,14,2459,3276,2.997161698368639,8.982978246167987,49.138702,0.5312497477753475
A1_LCD_aro_plus_,14,2459,3277,4.090860383613402,16.735138678217584,118.162926,0.48745752176378343
A1_LCD_aro_plus_,14,2459,3278,4.011431007368467,16.0915787268772,122.34764,0.6100519313074659
A1_LCD_aro_plus_,14,2459,3279,2.872478662401816,8.251133665953729,61.825947,0.2358885094090638
A1_LCD_aro_plus_,14,2459,3280,3.4085416415939114,11.61815612247972,52.293243,0.3865787431090466
A1_LCD_aro_plus_,14,2459,3281,2.2351930576635772,4.996088005027453,15.204936,0.19444574862726732
A1_LCD_aro_plus_,14,2459,3282,3.1567780716898937,9.965247793902163,48.404804,0.4548073678547384
A1_LCD_aro_plus_,14,2459,3283,2.7276270341918596,7.439949237654279,46.681343,0.241599959352729
A1_LCD_aro_plus_,14,2459,3284,2.7842122668945315,7.7518379471259875,30.705582,0.3472489701586418
A1_LCD_aro_plus_,14,2459,3285,3.2773976376830407,10.741335275490378,34.112064,0.37446408029430495
A1_LCD_aro_plus_,14,2459,3286,3.699352324604737,13.685207621558472,113.4514,0.3603485334616708
A1_LCD_aro_plus_,14,2459,3287,3.3528563842009946,11.241645933077368,89.855804,0.4211830411315832
A1_LCD_aro_plus_,14,2459,3288,2.4760977394314647,6.131060015217609,40.374855,0.09934473616632186
A1_LCD_aro_plus_,14,2459,3289,4.085295041022535,16.689635572203315,58.078148,0.30533724216899394
A1_LCD_aro_plus_,14,2459,3290,3.871563564030451,14.989004430328164,157.37813,0.613081755737466
A1_LCD_aro_plus_,14,2459,3291,3.923340157889404,15.392597994507653,143.03845,0.42880784755933926
A1_LCD_aro_plus_,14,2459,3292,2.9618516180389465,8.772565007279924,56.41285,0.4068446224411577
A1_LCD_aro_plus_,14,2459,3293,3.587148970454378,12.867637736231902,34.58767,0.6317869979544566
A1_LCD_aro_plus_,14,2459,3294,3.864021381688131,14.930661238143053,27.219799,0.35463740542976674
A1_LCD_aro_plus_,14,2459,3295,2.5381052976769913,6.441978502096011,36.711662,0.09121262950021469
A1_LCD_aro_plus_,14,2459,3296,3.7908668542028647,14.370671506293924,74.0125,0.6858108680818228
A1_LCD_aro_plus_,14,2459,3297,3.6087423842963227,13.023021596216706,43.496536,0.3904709570388154
A1_LCD_aro_plus_,14,2459,3298,3.327149493868553,11.069923754549768,12.111087,0.19388617845728578
A1_LCD_aro_plus_,14,2459,3299,3.2589615213408183,10.620830197580062,62.705906,0.38742850498345793
A1_LCD_aro_plus_,14,2459,3300,2.6029880822574976,6.775546956374564,24.542387,0.29175978585601736
A1_LCD_aro_plus_,14,2459,3301,2.6941238724148713,7.258303439915702,35.187607,0.25700130136344623
A1_LCD_aro_plus_,14,2459,3302,3.0002599817466113,9.001559958070176,38.771255,0.20418716365105197
A1_LCD_aro_plus_,14,2459,3303,2.347917838637914,5.512718176994133,19.125809,0.0973153209356149
A1_LCD_aro_plus_,14,2459,3304,3.4537090384794324,11.928106122474519,56.005905,0.6285898397377812
A1_LCD_aro_plus_,14,2459,3305,2.794133929185992,7.807184414228351,17.433184,0.4233517145049962
A1_LCD_aro_plus_,14,2459,3306,3.7174501411577117,13.819435551993495,94.41201,0.731388844510694
A1_LCD_aro_plus_,14,2459,3307,3.3869128649141036,11.471178754520661,112.84078,0.528190551218113
A1_LCD_aro_plus_,14,2459,3308,2.9697294050856806,8.819292739430548,70.25282,0.2533648217640372
A1_LCD_aro_plus_,14,2459,3309,3.454069710459999,11.930597564717223,35.97635,0.19144407156246085
A1_LCD_aro_plus_,14,2459,3310,2.9195433447249117,8.523733341727525,90.20935,0.29684641554156366
A1_LCD_aro_plus_,14,2459,3311,2.483206337735998,6.166313715772228,28.170654,0.1260865098873542
A1_LCD_aro_plus_,14,2459,3312,2.9068322978226333,8.449674007664811,28.038744,0.3683759161375889
A1_LCD_aro_plus_,14,2459,3313,2.753804972591866,7.583441827071688,44.88221,0.12165144697972782
A1_LCD_aro_plus_,14,2459,3314,4.2386325218877,17.966005655604082,101.94454,0.5927133195898919
A1_LCD_aro_plus_,14,2459,3315,4.379765542580343,19.182346207974092,174.04303,0.57120893375777
A1_LCD_aro_plus_,14,2459,3316,3.038048119322712,9.229736375320268,63.187363,0.2833729887721147
A1_LCD_aro_plus_,14,2459,3317,2.691907091077314,7.246363786992329,11.928368,0.3054207104575737
A1_LCD_aro_plus_,14,2459,3318,3.9323048145280235,15.463021154360275,114.02383,0.5875236253614111
A1_LCD_aro_plus_,14,2459,3319,3.4703187939478104,12.043112531627386,46.37911,0.5720132337213639
A1_LCD_aro_plus_,14,2459,3320,3.1687902951905182,10.041231934893615,74.30308,0.2863970237042355
A1_LCD_aro_plus_,14,2459,3321,3.034792256188105,9.209964038219287,49.754463,0.3011243171689808
A1_LCD_aro_plus_,14,2459,3322,3.0533602298845537,9.323008693440652,10.123945,0.2295746225962469
A1_LCD_aro_plus_,14,2459,3323,3.346224552914247,11.197218758526153,43.71681,0.25518713098102164
A1_LCD_aro_plus_,14,2459,3324,3.699630634449757,13.687266831359118,175.15866,0.5930231807486404
A1_LCD_aro_plus_,14,2459,3325,3.2536689079322754,10.586361362445206,35.679676,0.47957152109118806
A1_LCD_aro_plus_,14,2459,3326,3.386923848744454,11.471253157193953,23.56548,0.24016288651640624
A1_LCD_aro_plus_,14,2459,3327,2.575555160024777,6.633484382330254,20.117485,0.12848848296331727
A1_LCD_aro_plus_,14,2459,3328,3.379160954092297,11.41872875366196,144.99832,0.5880796621803591
A1_LCD_aro_plus_,14,2459,3329,2.591980673713125,6.718363812902345,14.68883,0.29688224988645184
A1_LCD_aro_plus_,14,2459,3330,2.342603813799015,5.48779262842569,38.22132,0.3321466518086651
A1_LCD_aro_plus_,14,2459,3331,3.4571790433975775,11.952086938107389,129.28952,0.2893868948828775
A1_LCD_aro_plus_,14,2459,3332,4.123831688307976,17.005987793493006,90.94752,0.7088734801879997
A1_LCD_aro_plus_,14,2459,3333,2.5859042926448623,6.686901010719126,13.373903,0.35312447716397766
A1_LCD_aro_plus_,14,2459,3334,2.691922590965309,7.246447235749383,32.009224,0.191808346592212
A1_LCD_aro_plus_,14,2459,3335,4.158624239413256,17.294155564635485,72.81647,0.4565004507769833
A1_LCD_aro_plus_,14,2459,3336,4.734288984981962,22.41349219332153,199.57124,0.6543837703100679
A1_LCD_aro_plus_,14,2459,3337,3.7175960833152444,13.820520638680847,83.630325,0.22039094273864923
A1_LCD_aro_plus_,14,2459,3338,3.752499966310679,14.081255997161648,69.84198,0.621482636046477
A1_LCD_aro_plus_,14,2459,3339,2.5919437258673446,6.718172278063093,64.21016,0.11685126529689627
A1_LCD_aro_plus_,14,2459,3340,3.566599821310043,12.720634285368833,149.06053,0.5304748086559177
A1_LCD_aro_plus_,14,2459,3341,2.451577749511894,6.010233461901806,14.883133,0.2151026573707262
A1_LCD_aro_plus_,14,2459,3342,2.280248191126307,5.199531813134796,13.98461,0.19450804370837915
A1_LCD_aro_plus_,14,2459,3343,2.518977407724089,6.345247180624371,16.544502,0.2287633075465197
A1_LCD_aro_plus_,14,2459,3344,5.510193191921464,30.362229012297657,325.67874,0.7095177045455512
A1_LCD_aro_plus_,14,2459,3345,4.689996730784899,21.99606933477305,169.20528,0.7482778380573709
A1_LCD_aro_plus_,14,2459,3346,3.865645402985073,14.94321438161963,78.542816,0.39385756960392004
A1_LCD_aro_plus_,14,2459,3347,3.2279255406156775,10.419503295759013,67.168564,0.0710566323769732
A1_LCD_aro_plus_,14,2459,3348,2.9435870345342408,8.664704629878084,54.170334,0.27841953012379544
A1_LCD_aro_plus_,14,2459,3349,4.908276509178195,24.091178290550484,123.84964,0.61265861823454
A1_LCD_aro_plus_,14,2459,3350,3.3740362763395466,11.384120794055233,137.15955,0.5014508195756037
A1_LCD_aro_plus_,14,2459,3351,2.6671356146328766,7.113612386843092,17.436241,0.19613340146756264
A1_LCD_aro_plus_,14,2459,3352,5.024382566751416,25.244420177075536,165.27841,0.47511911699423903
A1_LCD_aro_plus_,14,2459,3353,4.374389859451799,19.13528664247474,121.79627,0.6550866078010724
A1_LCD_aro_plus_,14,2459,3354,2.9515515362495957,8.711656471137351,60.366722,0.22270807901156553
A1_LCD_aro_plus_,14,2459,3355,2.4662360217801322,6.08232011512589,2.9091585,0.0928980834150047
A1_LCD_aro_plus_,14,2459,3356,3.065543995997852,9.39755999139848,52.901382,0.3772453731689546
A1_LCD_aro_plus_,14,2459,3357,3.436079774565559,11.806644217178505,77.390915,0.6429300104283401
A1_LCD_aro_plus_,14,2459,3358,4.590485866233776,21.072560488092055,140.48999,0.38838247064918713
A1_LCD_aro_plus_,14,2459,3359,3.050775757101537,9.307232720118456,31.647839,0.38645794307315173
A1_LCD_aro_plus_,14,2459,3360,4.066137170461868,16.53347148901165,63.894142,0.6877826897348621
A1_LCD_aro_plus_,14,2459,3361,4.614136213413155,21.29025299593069,246.0165,0.8180485371163833
A1_LCD_aro_plus_,14,2459,3362,3.8207376661385006,14.598036313449478,160.94992,0.7292163588834137
A1_LCD_aro_plus_,14,2459,3363,3.585399509846669,12.855089645208736,60.851273,0.3810462057933992
A1_LCD_aro_plus_,14,2459,3364,3.7202138793121575,13.839991307826812,71.88503,0.7200837299876597
A1_LCD_aro_plus_,14,2459,3365,2.811166009582023,7.902654333429313,70.8057,0.3246149251051518
A1_LCD_aro_plus_,14,2459,3366,3.2010413835286267,10.24666593906286,5.71974,0.2915013777392584
A1_LCD_aro_plus_,14,2459,3367,2.6868773655301514,7.219309977398247,13.638662,0.3300005804201488
A1_LCD_aro_plus_,14,2459,3368,3.315055401268548,10.989592313479772,34.421505,0.24309614036502697
A1_LCD_aro_plus_,14,2459,3369,2.5663343894224635,6.586072198332368,41.803963,0.21040644654704993
A1_LCD_aro_plus_,14,2459,3370,3.2163781971551497,10.345088707135012,38.44589,0.21520966925781554
A1_LCD_aro_plus_,14,2459,3371,3.8917237286055935,15.145513579791817,100.319016,0.5509971199554047
A1_LCD_aro_plus_,14,2459,3372,2.9348696411732282,8.613459810680272,20.453503,0.16303126801837947
A1_LCD_aro_plus_,14,2459,3373,3.2213750354975486,10.377257119326831,87.27536,0.2878155473770447
A1_LCD_aro_plus_,14,2459,3374,5.626461018693998,31.657063594883102,286.6546,0.7822963013405587
A1_LCD_aro_plus_,14,2459,3375,3.389925991255089,11.4915982261868,53.406662,0.7593339769877037
A1_LCD_aro_plus_,14,2459,3376,3.573556633401359,12.770307012126855,90.92196,0.3175608212421631
A1_LCD_aro_plus_,14,2459,3377,2.802320804872315,7.853001893420218,4.002533,0.29722556158615965
A1_LCD_aro_plus_,14,2459,3378,3.5852074880733964,12.853712732537552,78.285675,0.2158708546893376
A1_LCD_aro_plus_,14,2459,3379,3.352422049550771,11.238733598314193,62.796173,0.43288279057544043
A1_LCD_aro_plus_,14,2459,3380,4.527638033590939,20.499506163219227,70.01788,0.39006530692491725
A1_LCD_aro_plus_,14,2459,3381,5.114872746487798,26.16192321276363,183.43233,0.749933053314046
A1_LCD_aro_plus_,14,2459,3382,3.365188054755605,11.324490643869805,67.75237,0.5939160593799828
A1_LCD_aro_plus_,14,2459,3383,3.39316368212211,11.513559773672473,84.94465,0.32825921956629006
A1_LCD_aro_plus_,14,2459,3384,3.280358809682127,10.760753920259136,93.63661,0.24662346997876394
A1_LCD_aro_plus_,14,2459,3385,3.189015307846569,10.169818633679748,81.641075,0.38244220048291777
A1_LCD_aro_plus_,14,2459,3386,3.111945122952708,9.684202448269142,51.626007,0.34159279878366583
A1_LCD_aro_plus_,14,2459,3387,3.2708770133648093,10.698636436558298,87.8042,0.3824377562590252
A1_LCD_aro_plus_,14,2459,3388,2.9903387794256133,8.942126015736667,15.851766,0.19626635934139341
A1_LCD_aro_plus_,14,2459,3389,3.539312884751988,12.526735696171437,57.206245,0.5068146237512463
A1_LCD_aro_plus_,14,2459,3390,2.6002336224193985,6.761214891160308,15.21145,0.1442044787682924
A1_LCD_aro_plus_,14,2459,3391,3.103835236245612,9.633793173759853,59.28042,0.19151372777269915
A1_LCD_aro_plus_,14,2459,3392,4.1149879849858175,16.933126116577643,97.94243,0.4880093209694207
A1_LCD_aro_plus_,14,2459,3393,4.939049421920994,24.394209192178106,169.78915,0.7654465605628251
A1_LCD_aro_plus_,14,2459,3394,4.652438993258405,21.645188585991285,167.75351,0.6720562700586135
A1_LCD_aro_plus_,14,2459,3395,2.993568080209664,8.96144985085017,22.916117,0.46777886908084887
A1_LCD_aro_plus_,14,2459,3396,4.162025248982032,17.322454173163948,45.098114,0.539627165494613
A1_LCD_aro_plus_,14,2459,3397,2.3690349300808053,5.6123264999429665,31.801731,0.11708736023063272
A1_LCD_aro_plus_,14,2459,3398,3.834567374992011,14.70390695335312,144.22821,0.35816992764199446
A1_LCD_aro_plus_,14,2459,3399,3.017167407358474,9.103299164026259,60.894653,0.38555048895794963
A1_LCD_aro_plus_,14,2459,3400,2.5111232966586625,6.305740211021869,2.630642,0.2880470081008514
A1_LCD_aro_plus_,14,2459,3401,3.107122011726255,9.654207195753807,50.959396,0.3018475871392857
A1_LCD_aro_plus_,14,2459,3402,2.1805050268421198,4.754602172083755,27.921616,0.10599003746213778
A1_LCD_aro_plus_,14,2459,3403,1.943206573743015,3.776051788238066,8.292887,0.17907717592056688
A1_LCD_aro_plus_,14,2459,3404,4.263769725493434,18.179732272034354,99.43144,0.7956942090815493
A1_LCD_aro_plus_,14,2459,3405,4.34094171179104,18.843774945167322,162.65309,0.7327769899069502
A1_LCD_aro_plus_,14,2459,3406,3.396503813494561,11.536238155083097,59.040855,0.31046523979238216
A1_LCD_aro_plus_,14,2459,3407,3.4541431799914997,11.931105107881791,82.475296,0.30888545506290543
A1_LCD_aro_plus_,14,2459,3408,3.806234243190477,14.487419114035779,71.10511,0.4858269000406451
A1_LCD_aro_plus_,14,2459,3409,3.2081595857948972,10.292287927927687,27.932198,0.47722750438721434
A1_LCD_aro_plus_,14,2459,3410,2.891520311847888,8.360889713828906,26.883472,0.2293836692211784
A1_LCD_aro_plus_,14,2459,3411,3.0802091583510873,9.487688459189915,16.088032,0.27789736919985797
A1_LCD_aro_plus_,14,2459,3412,3.7855689152284797,14.330532011944124,108.94835,0.7205082686141315
A1_LCD_aro_plus_,14,2459,3413,2.6634341867334586,7.093881667060519,33.817394,0.08735179503184659
A1_LCD_aro_plus_,14,2459,3414,3.0261237212982195,9.157424776603783,44.21806,0.591417426674537
A1_LCD_aro_plus_,14,2459,3415,3.2828118199895946,10.776853445463393,105.95392,0.3548175386932335
A1_LCD_aro_plus_,14,2459,3416,2.814973724419914,7.924077069174523,24.86657,0.23249608779433384
A1_LCD_aro_plus_,14,2459,3417,2.4806913958496275,6.153829801442374,14.301459,0.18494432684071876
A1_LCD_aro_plus_,14,2459,3418,3.210704203909754,10.308621485003766,121.72787,0.21061805254980742
A1_LCD_aro_plus_,14,2459,3419,3.570663497368627,12.749637811440754,69.38249,0.3840514333237232
A1_LCD_aro_plus_,14,2459,3420,2.8781222621093567,8.283587755649481,52.160736,0.24634494693399933
A1_LCD_aro_plus_,14,2459,3421,2.6413263241019194,6.976604750393758,76.11485,0.21519020910586484
A1_LCD_aro_plus_,14,2459,3422,2.770447900390016,7.675381568775446,74.930885,0.2754835028505539
A1_LCD_aro_plus_,14,2459,3423,4.13990601326036,17.13882179862928,85.260254,0.7356933557274662
A1_LCD_aro_plus_,14,2459,3424,3.8016157032613025,14.452281955282924,55.50937,0.6662833214223673
A1_LCD_aro_plus_,14,2459,3425,4.6324008557897205,21.45913768872133,243.4592,0.6589508685693103
A1_LCD_aro_plus_,14,2459,3426,3.307765792718902,10.941314539481304,89.22294,0.4328744106187168
A1_LCD_aro_plus_,14,2459,3427,3.707858758901427,13.748216575962026,110.32392,0.5185369335990688
A1_LCD_aro_plus_,14,2459,3428,4.7512195351200095,22.57408707090599,75.37584,0.4956816268646178
A1_LCD_aro_plus_,14,2459,3429,4.4715483176249595,19.99474435685461,162.06015,0.40976703783154855
A1_LCD_aro_plus_,14,2459,3430,3.0102860741336595,9.061822248123038,55.412064,0.5676376308981006
A1_LCD_aro_plus_,14,2459,3431,3.5485568590537384,12.59225578193733,95.26507,0.1885200862710569
A1_LCD_aro_plus_,14,2459,3432,2.5283732973368127,6.392671530685825,26.056644,0.1225947801914907
A1_LCD_aro_plus_,14,2459,3433,3.2892231475719336,10.818988914523018,75.2422,0.22672550840301797
A1_LCD_aro_plus_,14,2459,3434,2.8543014924048706,8.147037009544674,50.38365,0.218315236418142
A1_LCD_aro_plus_,14,2459,3435,3.902693116263853,15.231013559733263,126.02729,0.5434753210970231
A1_LCD_aro_plus_,14,2459,3436,3.1790580025879125,10.106409783818249,93.54949,0.44997099356228043
A1_LCD_aro_plus_,14,2459,3437,2.9482181514816195,8.691990268725698,42.863155,0.1418595211527884
A1_LCD_aro_plus_,14,2459,3438,4.256954038787312,18.121657688347607,141.76921,0.5935556519299654
A1_LCD_aro_plus_,14,2459,3439,3.241652796883341,10.508312855541584,48.14778,0.45911241364452154
A1_LCD_aro_plus_,14,2459,3440,2.9938577586954453,8.96318427930092,40.71601,0.4251068231223638
A1_LCD_aro_plus_,14,2459,3441,2.527185994075327,6.3866690486505,11.065603,0.37036211021808396
A1_LCD_aro_plus_,14,2459,3442,3.2966778975963726,10.86808516050044,66.08057,0.3120533554056072
A1_LCD_aro_plus_,14,2459,3443,3.6440269262239475,13.278932239045151,76.96706,0.3493312863492477
A1_LCD_aro_plus_,14,2459,3444,3.022261448987576,9.134064266036482,20.153034,0.21976263674005886
A1_LCD_aro_plus_,14,2459,3445,2.6507546966056172,7.026500461576739,14.844922,0.2688770471006463
A1_LCD_aro_plus_,14,2459,3446,2.924364398635897,8.551907136009092,9.967376,0.14694668980534178
A1_LCD_aro_plus_,14,2459,3447,4.9049106509049505,24.058148493360825,179.22342,0.882664635014433
A1_LCD_aro_plus_,14,2459,3448,2.9025160187202026,8.424599238927376,46.46604,0.4649042472140509
A1_LCD_aro_plus_,14,2459,3449,3.1042376844884667,9.636291601798314,74.71906,0.4191954416875414
A1_LCD_aro_plus_,14,2459,3450,5.7692885837591605,33.284690762693785,338.59418,0.8731862164354882
A1_LCD_aro_plus_,14,2459,3451,4.293779598508867,18.436543240570963,154.42961,0.7448055031358234
A1_LCD_aro_plus_,14,2459,3452,3.1486251716210876,9.913840471365923,42.517975,0.2959059770410757
A1_LCD_aro_plus_,14,2459,3453,4.8765116142439195,23.780365523855842,128.6303,0.5666379914819114
A1_LCD_aro_plus_,14,2459,3454,3.722143219832577,13.85435014894563,98.59126,0.6397092392126148
A1_LCD_aro_plus_,14,2459,3455,4.076641506432524,16.61900597196844,103.05369,0.5498986063664639
A1_LCD_aro_plus_,14,2459,3456,2.9579067964878454,8.749212616708986,16.820045,0.24609350170078237
A1_LCD_aro_plus_,14,2459,3457,2.7184905369021957,7.390190799226788,43.64836,0.15811639005191097
A1_LCD_aro_plus_,14,2459,3458,2.1613512025680888,4.671439020842523,6.7538905,0.06759369990688657
A1_LCD_aro_plus_,14,2459,3459,3.729054265946017,13.905845718370182,74.23638,0.4175712809313846
A1_LCD_aro_plus_,14,2459,3460,4.131979477456891,17.07325440212492,92.149445,0.587305161941739
A1_LCD_aro_plus_,14,2459,3461,2.752089300395241,7.573995517349967,18.619118,0.2716103064892166
A1_LCD_aro_plus_,14,2459,3462,3.3611115605716235,11.297070922608214,80.8517,0.6040740208394884
A1_LCD_aro_plus_,14,2459,3463,3.760012403619311,14.137693275371063,68.68188,0.5733256013485316
A1_LCD_aro_plus_,14,2459,3464,2.778997772951589,7.72282862206989,46.757595,0.11377956975939499
A1_LCD_aro_plus_,14,2459,3465,4.2947733578594125,18.445078195379015,67.66039,0.4702605194922178
A1_LCD_aro_plus_,14,2459,3466,3.894014623895146,15.163349891109256,126.7496,0.7072093443682995
A1_LCD_aro_plus_,14,2459,3467,3.1601730374048547,9.986693626340625,52.72144,0.647408372356886
A1_LCD_aro_plus_,14,2459,3468,3.3571069661101243,11.270167181905123,106.520805,0.651357732933042
A1_LCD_aro_plus_,14,2459,3469,2.839724523197493,8.06403536764923,15.674286,0.31811241154796144
A1_LCD_aro_plus_,14,2459,3470,2.3239029702476226,5.400525015125723,7.296167,0.18690140385723022
A1_LCD_aro_plus_,14,2459,3471,2.882808395365402,8.310584244389247,44.233196,0.4400505479922894
A1_LCD_aro_plus_,14,2459,3472,2.5374373356741384,6.438588232473073,32.484673,0.2747787457183926
A1_LCD_aro_plus_,14,2459,3473,2.977924513658443,8.868034409047876,36.317,0.5451320849249213
A1_LCD_aro_plus_,14,2459,3474,2.204139991973504,4.858233104216959,11.063208,0.11888190735200616
A1_LCD_aro_plus_,14,2459,3475,2.457461962845288,6.039119298831416,15.24444,0.2736711089663964
A1_LCD_aro_plus_,14,2459,3476,3.8708000630941948,14.983093128450022,50.133553,0.5347420535013094
A1_LCD_aro_plus_,14,2459,3477,3.891715499548354,15.145449529424894,84.72716,0.4965833449002454
A1_LCD_aro_plus_,14,2459,3478,3.5837791734154387,12.843473163806248,23.501223,0.4537438536094498
A1_LCD_aro_plus_,14,2459,3479,4.846745644264246,23.49094334019444,89.79411,0.7067568522131897
A1_LCD_aro_plus_,14,2459,3480,3.3357914962388016,11.127504906379103,73.49878,0.6141085872501721
A1_LCD_aro_plus_,14,2459,3481,3.6576411543669995,13.378338814119154,41.522873,0.5436734546255704
A1_LCD_aro_plus_,14,2459,3482,2.5678985691496847,6.594103061440999,64.39094,0.36792664783715834
A1_LCD_aro_plus_,14,2459,3483,3.3946108256959375,11.523382657932054,36.79923,0.48511740735518827
A1_LCD_aro_plus_,14,2459,3484,3.5909175861858404,12.894689110778742,60.3406,0.3471482415847053
A1_LCD_aro_plus_,14,2459,3485,2.9069949902451286,8.450619873310275,54.104515,0.5456772235968119
A1_LCD_aro_plus_,14,2459,3486,3.7887745836610236,14.35481284579576,158.47867,0.3011654790023294
A1_LCD_aro_plus_,14,2459,3487,2.7857474164752274,7.760388668398404,54.974907,0.27609281259620216
A1_LCD_aro_plus_,14,2459,3488,3.236888004412225,10.477443953107755,113.01662,0.4886106395743597
A1_LCD_aro_plus_,14,2459,3489,3.663646954209503,13.422309005088568,58.459118,0.5776801573794454
A1_LCD_aro_plus_,14,2459,3490,3.647898286132185,13.307161905966135,136.38812,0.5867292804177816
A1_LCD_aro_plus_,14,2459,3491,3.9273747004856037,15.424272038014378,62.89817,0.39966081697165884
A1_LCD_aro_plus_,14,2459,3492,3.841254714668662,14.755237782964228,97.139435,0.3527484307466895
A1_LCD_aro_plus_,14,2459,3493,3.0048961439741864,9.029400836070932,71.34588,0.33176075542428024
A1_LCD_aro_plus_,14,2459,3494,5.7968762570586385,33.60377433965017,202.96082,0.8122363447648737
A1_LCD_aro_plus_,14,2459,3495,4.587095787375278,21.04144776255602,190.82962,0.6133387294762419
A1_LCD_aro_plus_,14,2459,3496,2.771919240610768,7.683536276468175,19.653904,0.2693146295846165
A1_LCD_aro_plus_,14,2459,3497,3.7942172727120758,14.396084712546665,51.254696,0.5585507275651986
A1_LCD_aro_plus_,14,2459,3498,2.9713487791316857,8.828913567247358,45.911175,0.1699818285492189
A1_LCD_aro_plus_,14,2459,3499,3.274175133730329,10.72022280633802,35.770214,0.28084235401910007
A1_LCD_aro_plus_,14,2459,3500,5.0396756775880425,25.3983309352725,175.79784,0.7088448485284186
A1_LCD_aro_plus_,14,2459,3501,2.523690810669688,6.369015307858628,22.153488,0.28825480871675585
A1_LCD_aro_plus_,14,2459,3502,4.568624654506093,20.872331233760917,134.36221,0.4891460170618259
A1_LCD_aro_plus_,14,2459,3503,3.708310922653849,13.751569899073841,135.4538,0.3522980411314352
A1_LCD_aro_plus_,14,2459,3504,4.04563439028403,16.367157619848843,36.604885,0.6876986646737676
A1_LCD_aro_plus_,14,2459,3505,3.906953425194514,15.264285066639141,99.074814,0.48412683288326996
A1_LCD_aro_plus_,14,2459,3506,3.8075447130249063,14.49739674168392,105.453735,0.6437673733242629
A1_LCD_aro_plus_,14,2459,3507,4.160404584685357,17.308966308270943,124.52101,0.5730900682882915
A1_LCD_aro_plus_,14,2459,3508,3.7747123669991636,14.24845345357643,91.83862,0.7002853305829042
A1_LCD_aro_plus_,14,2459,3509,3.9969383029406305,15.975515797513932,108.23547,0.7174957526179983
A1_LCD_aro_plus_,14,2459,3510,4.183637029903445,17.502818797979312,127.296265,0.6704901304186592
A1_LCD_aro_plus_,14,2459,3511,4.293806288472687,18.436772442927587,161.55472,0.7120874755364681
A1_LCD_aro_plus_,14,2459,3512,2.830151103993102,8.009755271433376,47.29774,0.3867669351468118
A1_LCD_aro_plus_,14,2459,3513,3.18484307608789,10.14322541930498,64.59842,0.45403464714772146
A1_LCD_aro_plus_,14,2459,3514,3.5251166492560277,12.426447390862045,58.665565,0.15127330827153768
A1_LCD_aro_plus_,14,2459,3515,2.6561228529785965,7.054988610115162,33.42115,0.2826433100468788
A1_LCD_aro_plus_,14,2459,3516,3.1162863920065083,9.71124087700494,48.902393,0.22862158427758897
A1_LCD_aro_plus_,14,2459,3517,3.1090266549585928,9.666046741243017,39.3646,0.15447072744672444
A1_LCD_aro_plus_,14,2459,3518,3.258709325765841,10.619186469833263,109.85249,0.4077154136231116
A1_LCD_aro_plus_,14,2459,3519,3.46957814605432,12.037972511577731,85.7412,0.5792062606970284
A1_LCD_aro_plus_,14,2459,3520,2.5609428894107658,6.558428482823562,82.60393,0.3508475808756764
A1_LCD_aro_plus_,14,2459,3521,3.5984437652500723,12.948797531667116,50.745796,0.6963419653968894
A1_LCD_aro_plus_,14,2459,3522,4.4895031185743575,20.155638251688877,213.64496,0.6322959674608296
A1_LCD_aro_plus_,14,2459,3523,3.2424057147788528,10.513194819230568,59.358955,0.37500652045190574
A1_LCD_aro_plus_,14,2459,3524,2.615535205878933,6.8410244131921525,53.681374,0.22380527299400585
A1_LCD_aro_plus_,14,2459,3525,4.2700794618148015,18.233578610212582,124.62846,0.364340552147288
A1_LCD_aro_plus_,14,2459,3526,3.0839964692636084,9.511034222430407,67.25862,0.39726972014464934
A1_LCD_aro_plus_,14,2459,3527,3.6785931863964287,13.532047831002231,85.847145,0.538081087311236
A1_LCD_aro_plus_,14,2459,3528,3.5373896389829933,12.513125457984229,71.11431,0.5848819865095989
A1_LCD_aro_plus_,14,2459,3529,3.4108596267268907,11.63396339323551,99.363914,0.40198128686688894
A1_LCD_aro_plus_,14,2459,3530,4.498988678446913,20.240899128793487,226.3122,0.6630321485325821
A1_LCD_aro_plus_,14,2459,3531,3.995023742877756,15.96021470615699,28.319324,0.3285549238092118
A1_LCD_aro_plus_,14,2459,3532,3.541434094286966,12.541755444178143,154.46776,0.6035643816775464
A1_LCD_aro_plus_,14,2459,3533,3.2760528239568236,10.732522105355482,146.8742,0.4154801283997872
A1_LCD_aro_plus_,14,2459,3534,2.8063215993782715,7.87544091913702,20.960358,0.2657315325119353
A1_LCD_aro_plus_,14,2459,3535,5.306971124091681,28.163942511942924,306.1615,0.775353075676706
A1_LCD_aro_plus_,14,2459,3536,3.9103834237403046,15.291098520662953,157.58395,0.5839596262478868
A1_LCD_aro_plus_,14,2459,3537,3.272965725896912,10.712304642895896,84.68634,0.6111274840522916
A1_LCD_aro_plus_,14,2459,3538,4.086246406172161,16.697409691954906,129.01688,0.7372380509345555
A1_LCD_aro_plus_,14,2459,3539,2.8637641257837103,8.201144968125739,31.665451,0.3211740608165613
A1_LCD_aro_plus_,14,2459,3540,4.656930681836881,21.687003375433715,200.33942,0.6421503009030308
A1_LCD_aro_plus_,14,2459,3541,2.671369131983196,7.136213039312653,6.554915,0.19558091124809218
A1_LCD_aro_plus_,14,2459,3542,4.082699159124851,16.66843242391877,152.27568,0.5168221193778033
A1_LCD_aro_plus_,14,2459,3543,2.916802331233988,8.507735839492025,33.126625,0.500550601455046
A1_LCD_aro_plus_,14,2459,3544,3.0632585507909473,9.383552948993854,18.08088,0.5546400160222299
A1_LCD_aro_plus_,14,2459,3545,2.620298899063627,6.8659663204340555,25.701897,0.17545795266562206
A1_LCD_aro_plus_,14,2459,3546,4.094217316231399,16.76261543252904,91.38173,0.707363817198073
A1_LCD_aro_plus_,14,2459,3547,5.495362531413156,30.1990093516596,282.5416,0.8599418766388668
A1_LCD_aro_plus_,14,2459,3548,3.477533249184345,12.093237499182631,53.788456,0.3184348692606103
A1_LCD_aro_plus_,14,2459,3549,2.337143280110942,5.462238711767735,5.081236,0.13510888423535972
A1_LCD_aro_plus_,14,2459,3550,2.484648786776572,6.173479593630291,11.303997,0.10240494461847668
A1_LCD_aro_plus_,14,2459,3551,2.879233049220804,8.289982951725333,63.978386,0.38249089994639585
A1_LCD_aro_plus_,14,2459,3552,2.3309941606663513,5.433533777060628,25.514854,0.05916190006042823
A1_LCD_aro_plus_,14,2459,3553,2.4440414353694053,5.973338537802544,60.82473,0.392612814404539
A1_LCD_aro_plus_,14,2459,3554,3.2071896589545914,10.286065508505269,61.786095,0.26531751026334416
A1_LCD_aro_plus_,14,2459,3555,5.183678051906334,26.870518145815453,229.83752,0.7829521725904173
A1_LCD_aro_plus_,14,2459,3556,3.1846902446863834,10.142251954600617,117.591255,0.4105316607502978
A1_LCD_aro_plus_,14,2459,3557,3.7770899665669337,14.2664086155406,96.703026,0.6716527611377087
A1_LCD_aro_plus_,14,2459,3558,4.459881473145127,19.890542754503137,156.50165,0.34565118852612586
A1_LCD_aro_plus_,14,2459,3559,3.042067530206193,9.25417485833481,20.56597,0.29124735273741387
A1_LCD_aro_plus_,14,2459,3560,3.2993169919259753,10.885492613211468,71.648155,0.3726231390738415
A1_LCD_aro_plus_,14,2459,3561,3.1643620711265914,10.013187317184574,26.908022,0.41914356626740895
A1_LCD_aro_plus_,14,2459,3562,4.51942000342729,20.42515716737872,122.987854,0.459868317331128
A1_LCD_aro_plus_,14,2459,3563,4.661313125860835,21.72784005732252,150.30423,0.7116279198591993
A1_LCD_aro_plus_,14,2459,3564,3.6443934723331575,13.28160378118453,67.5563,0.5029208080781437
A1_LCD_aro_plus_,14,2459,3565,3.6189943686640516,13.097120240422115,19.08786,0.3045285214344351
A1_LCD_aro_plus_,14,2459,3566,3.193244621564381,10.196811213149845,51.151768,0.32890029106091134
A1_LCD_aro_plus_,14,2459,3567,3.137419148600836,9.843398914007192,47.54018,0.14485836335578334
A1_LCD_aro_plus_,14,2459,3568,3.226682047201922,10.411477033735187,74.275375,0.3817006292461471
A1_LCD_aro_plus_,14,2459,3569,2.935849953886725,8.619214951736684,71.52629,0.2516443609202609
A1_LCD_aro_plus_,14,2459,3570,4.3458642973667,18.886536491126556,139.38837,0.5039896804473607
A1_LCD_aro_plus_,14,2459,3571,3.7008483190971773,13.696278280964396,186.16331,0.5861981556232685
A1_LCD_aro_plus_,14,2459,3572,3.3232268878955042,11.043836948431638,81.144295,0.4649695922908915
A1_LCD_aro_plus_,14,2459,3573,3.872087354844765,14.99306048354873,80.26726,0.46395886552842314
A1_LCD_aro_plus_,14,2459,3574,3.20353803226785,10.26265592418657,32.626972,0.1764586744392797
A1_LCD_aro_plus_,14,2459,3575,2.4557299693440005,6.030609682334286,40.637527,0.1449643658012422
A1_LCD_aro_plus_,14,2459,3576,2.54247216631218,6.46416471647215,21.741516,0.4995598524054503
A1_LCD_aro_plus_,14,2459,3577,2.367162180761656,5.603456790028278,22.075094,0.06331793495073901
A1_LCD_aro_plus_,14,2459,3578,3.0252351930131405,9.152047973045253,40.325436,0.34591939077169026
A1_LCD_aro_plus_,14,2459,3579,4.250787036363318,18.069190428514446,186.41295,0.5888942133004763
A1_LCD_aro_plus_,14,2459,3580,3.055076208792725,9.333490641531329,30.299992,0.3198251294817245
A1_LCD_aro_plus_,14,2459,3581,3.283558621033043,10.781757217760417,62.449257,0.5983420459093709
A1_LCD_aro_plus_,14,2459,3582,2.657901292214615,7.0644392791561215,29.678635,0.49119230786416507
A1_LCD_aro_plus_,14,2459,3583,2.907847663462167,8.455578033902382,62.7651,0.32679965422420926
A1_LCD_aro_plus_,14,2459,3584,2.7295270876918067,7.450318122443315,46.93512,0.17700894905020353
A1_LCD_aro_plus_,14,2459,3585,2.795315556142159,7.813789058410346,71.234344,0.2186967069515734
A1_LCD_aro_plus_,14,2459,3586,4.120094266042871,16.97517676107935,137.60962,0.4344978536998776
A1_LCD_aro_plus_,14,2459,3587,3.5283514051791918,12.449263638429976,39.869682,0.31280362231860426
A1_LCD_aro_plus_,14,2459,3588,3.8609339563399185,14.906811015218612,95.0956,0.409371514825578
A1_LCD_aro_plus_,14,2459,3589,2.4955557307580896,6.2277984053195405,62.09364,0.3114656144902331
A1_LCD_aro_plus_,14,2459,3590,3.6506698247354006,13.327390169233604,19.520845,0.3499280433881047
A1_LCD_aro_plus_,14,2459,3591,3.3622455067913988,11.304694847938949,95.17865,0.45508394314536615
A1_LCD_aro_plus_,14,2459,3592,2.424009823899209,5.875823626359875,36.500465,0.22791526237919352
A1_LCD_aro_plus_,14,2459,3593,3.342418489122857,11.171761356430325,41.099964,0.442026152265211
A1_LCD_aro_plus_,14,2459,3594,2.8204826285640467,7.955122258031555,28.290115,0.2684471143056407
A1_LCD_aro_plus_,14,2459,3595,3.0305370617518674,9.184154882651637,21.833359,0.19352577174779226
A1_LCD_aro_plus_,14,2459,3596,3.2986994314652995,10.88141793914949,47.42992,0.23456206509095173
A1_LCD_aro_plus_,14,2459,3597,2.9446111699525774,8.670734942209487,106.518456,0.41507728473992656
A1_LCD_aro_plus_,14,2459,3598,3.863272067435092,14.924871067024206,66.1601,0.34262875536648
A1_LCD_aro_plus_,14,2459,3599,3.907793542620525,15.27085037174667,173.05725,0.6704447401552536
A1_LCD_aro_plus_,14,2459,3600,3.3711877296473975,11.364906708525172,91.267914,0.5311403745060904
A1_LCD_aro_plus_,14,2459,3601,3.1821288342402325,10.125943917703102,27.722412,0.366046612244441
A1_LCD_aro_plus_,14,2459,3602,3.2850629487070035,10.791638576967557,87.25017,0.39361565298197665
A1_LCD_aro_plus_,14,2459,3603,3.4838777493659085,12.13740417252687,99.20727,0.6278212952464187
A1_LCD_aro_plus_,14,2459,3604,4.2101595390748345,17.72544334446283,119.06949,0.6117501158536158
A1_LCD_aro_plus_,14,2459,3605,2.8263305681673683,7.98814448055728,96.76935,0.5496753388716747
A1_LCD_aro_plus_,14,2459,3606,3.053756593125385,9.32542933005676,53.889633,0.3039874816266408
A1_LCD_aro_plus_,14,2459,3607,2.9842661608349994,8.905844518704868,16.186754,0.3881497009267447
A1_LCD_aro_plus_,14,2459,3608,3.6729780840587782,13.490768005976095,77.7757,0.2973954382723034
A1_LCD_aro_plus_,14,2459,3609,2.209717242892214,4.882850293535167,19.294197,0.08726786619372691
A1_LCD_aro_plus_,14,2459,3610,3.6177429465699222,13.088064027456422,58.434273,0.3748654246701609
A1_LCD_aro_plus_,14,2459,3611,2.8066316155172295,7.877181025220854,56.457947,0.5205122734924013
A1_LCD_aro_plus_,14,2459,3612,3.297652617971988,10.874512788817503,53.502666,0.3674613141538889
A1_LCD_aro_plus_,14,2459,3613,2.4008244217216577,5.763957903935133,25.309584,0.23237937605963077
A1_LCD_aro_plus_,14,2459,3614,3.0406622884522863,9.245627152415892,11.3371,0.5800125984570336
A1_LCD_aro_plus_,14,2459,3615,3.111247765581013,9.679862658832846,97.05895,0.2031870532227659
A1_LCD_aro_plus_,14,2459,3616,3.4913210824589966,12.18932290082266,73.95732,0.24100447800692493
A1_LCD_aro_plus_,14,2459,3617,3.537586543848308,12.514518555216611,107.12554,0.4970352971232113
A1_LCD_aro_plus_,14,2459,3618,2.68311902117502,7.199127681791195,47.356686,0.2567060783546773
A1_LCD_aro_plus_,14,2459,3619,2.689942271100421,7.23578942185289,13.3537,0.30085657395001647
A1_LCD_aro_plus_,14,2459,3620,2.9513435521751425,8.710428762965787,64.50293,0.20213574291210018
A1_LCD_aro_plus_,14,2459,3621,3.2705950301622533,10.696791851322034,74.24687,0.3053576600386745
A1_LCD_aro_plus_,14,2459,3622,2.588444193813918,6.700043344488985,14.608615,0.22427020742359705
A1_LCD_aro_plus_,14,2459,3623,3.5341186814433874,12.489994854527147,146.45132,0.6679399974440928
A1_LCD_aro_plus_,14,2459,3624,3.413858551778375,11.654430211550341,32.21649,0.5619240465151095
A1_LCD_aro_plus_,14,2459,3625,2.8815635224180385,8.303408333730255,29.319645,0.15794594920002536
A1_LCD_aro_plus_,14,2459,3626,2.44494324180864,5.977747455665743,10.2642975,0.19424974819980062
A1_LCD_aro_plus_,14,2459,3627,3.6364115833732034,13.223489203690809,88.261185,0.43954454804964516
A1_LCD_aro_plus_,14,2459,3628,2.6645360589289226,7.099752409332472,23.81524,0.22846258171942763
A1_LCD_aro_plus_,14,2459,3629,4.657238935692703,21.689874504132103,232.11981,0.5985330167522029
A1_LCD_aro_plus_,14,2459,3630,3.285377900733783,10.793707950629923,113.41476,0.5131937554674022
A1_LCD_aro_plus_,14,2459,3631,4.744447861440504,22.509785509927365,121.96763,0.4565515212308704
A1_LCD_aro_plus_,14,2459,3632,4.6933360948234775,22.027403698972897,131.5408,0.7525214741215227
A1_LCD_aro_plus_,14,2459,3633,4.251783467041097,18.077662650604008,93.52392,0.5045622772465458
A1_LCD_aro_plus_,14,2459,3634,2.4429360135225506,5.9679363661654525,15.655712,0.15187559362395395
A1_LCD_aro_plus_,14,2459,3635,2.6842822589261695,7.205371245585779,7.6398287,0.290580245736213
A1_LCD_aro_plus_,14,2459,3636,4.186855828822604,17.529761731345815,103.900536,0.4446831731889105
A1_LCD_aro_plus_,14,2459,3637,3.9978810444636443,15.983052845681721,157.0264,0.6625320917403333
A1_LCD_aro_plus_,14,2459,3638,2.4263744672805485,5.887293055470966,45.491646,0.27098619228975573
A1_LCD_aro_plus_,14,2459,3639,3.116854678712645,9.714783088212906,44.548668,0.38508122289577923
A1_LCD_aro_plus_,14,2459,3640,2.8979194573412426,8.397937181236962,55.74211,0.2385999511662434
A1_LCD_aro_plus_,14,2459,3641,2.893862288567464,8.37443894519292,45.776962,0.3727754243797602
A1_LCD_aro_plus_,14,2459,3642,3.082749289386614,9.503343181213674,70.092575,0.4345328182170475
A1_LCD_aro_plus_,14,2459,3643,4.354193691261232,18.959002701019106,120.72046,0.8098758672018053
A1_LCD_aro_plus_,14,2459,3644,3.0313196826994946,9.188899018721363,46.798313,0.42284165856701517
A1_LCD_aro_plus_,14,2459,3645,2.4847639310079397,6.174051792838029,31.978046,0.07913843743113112
A1_LCD_aro_plus_,14,2459,3646,2.8263711157218645,7.988373683786857,26.158567,0.0829099016028744
A1_LCD_aro_plus_,14,2459,3647,3.0366747125773976,9.22139331000702,32.62136,0.2036885262772724
A1_LCD_aro_plus_,14,2459,3648,2.6436471756448805,6.988870389295152,18.496212,0.2517523957557141
A1_LCD_aro_plus_,14,2459,3649,2.841719756628825,8.075371175214585,16.526047,0.532217775613732
A1_LCD_aro_plus_,14,2459,3650,3.0332371664134343,9.200527707711798,69.08543,0.6983212041806022
A1_LCD_aro_plus_,14,2459,3651,2.4721968466426105,6.111757248549668,40.53951,0.05725558818220539
A1_LCD_aro_plus_,14,2459,3652,3.074990758350829,9.455568163943006,35.53474,0.5002691801171109
A1_LCD_aro_plus_,14,2459,3653,2.7023317990196474,7.302597151992763,13.467992,0.26301257432225283
A1_LCD_aro_plus_,14,2459,3654,3.386677911419746,11.469587275698412,23.429668,0.20774056540108507
A1_LCD_aro_plus_,14,2459,3655,3.777395598617657,14.268717508456042,71.86721,0.5542656343438019
A1_LCD_aro_plus_,14,2459,3656,5.446982859137074,29.66962226773309,242.21303,0.7533974934620202
A1_LCD_aro_plus_,14,2459,3657,3.3046530977337367,10.920732096361183,44.61445,0.37587617224262304
A1_LCD_aro_plus_,14,2459,3658,3.0465076525455546,9.281208877018623,37.459396,0.1613961580637367
A1_LCD_aro_plus_,14,2459,3659,2.9904875724726256,8.943015921113217,40.802498,0.25943414319027586
A1_LCD_aro_plus_,14,2459,3660,3.198444615266793,10.230047956929148,100.6332,0.4296726918283315
A1_LCD_aro_plus_,14,2459,3661,3.2077226931587113,10.289484876205375,63.591824,0.39280843068243443
A1_LCD_aro_plus_,14,2459,3662,3.3982484306344323,11.54809239630938,80.87519,0.543310993443313
A1_LCD_aro_plus_,14,2459,3663,4.473871348471847,20.015524842677305,213.03558,0.7569502136133377
A1_LCD_aro_plus_,14,2459,3664,5.205388079874444,27.09606506209895,232.14108,0.7243200930570144
A1_LCD_aro_plus_,14,2459,3665,4.876548355357142,23.780723862136444,153.1291,0.6443319717712503
A1_LCD_aro_plus_,14,2459,3666,3.7256366765292976,13.880368645500266,137.4063,0.5535598823657082
A1_LCD_aro_plus_,14,2459,3667,3.0528473647946544,9.319877032733666,77.37373,0.5149337039481159
A1_LCD_aro_plus_,14,2459,3668,2.6490386351491457,7.01740569051285,20.235817,0.19656128457318672
A1_LCD_aro_plus_,14,2459,3669,2.7993575784593734,7.836402852077924,40.558083,0.11926280799272107
A1_LCD_aro_plus_,14,2459,3670,2.2103292351417174,4.885555327722172,17.401176,0.09248795681485521
A1_LCD_aro_plus_,14,2459,3671,4.331808852819115,18.76456793736206,201.89964,0.7685263083718885
A1_LCD_aro_plus_,14,2459,3672,2.456503849954918,6.034411164843333,1.2154808,0.19253294467989351
A1_LCD_aro_plus_,14,2459,3673,2.7162779689046297,7.378166004356661,6.275862,0.2140187778634212
A1_LCD_aro_plus_,14,2459,3674,3.0997930633395767,9.60871703552816,59.60073,0.2674383991528922
A1_LCD_aro_plus_,14,2459,3675,2.4959594402531162,6.229813527388651,7.002755,0.1710101147127928
A1_LCD_aro_plus_,14,2459,3676,3.7561462433690673,14.108634601575558,144.59567,0.6437380361899245
A1_LCD_aro_plus_,14,2459,3677,3.534078467274695,12.489710612854658,63.45534,0.5907525160571064
A1_LCD_aro_plus_,14,2459,3678,2.3138045961878015,5.353691709339795,14.678333,0.1648235526892214
A1_LCD_aro_plus_,14,2459,3679,2.6682157035007537,7.119375040408021,9.06398,0.281806610273015
A1_LCD_aro_plus_,14,2459,3680,4.522778915475856,20.455529118272963,127.40091,0.5027659548643243
A1_LCD_aro_plus_,14,2459,3681,2.911115609734312,8.474594093238776,48.23005,0.40838001109352096
A1_LCD_aro_plus_,14,2459,3682,3.083733757708629,9.50941388843178,58.673943,0.24561572940300846
A1_LCD_aro_plus_,14,2459,3683,2.7845007037357172,7.753444169104707,59.359337,0.1840882312762144
A1_LCD_aro_plus_,14,2459,3684,3.185131738982521,10.145064194673818,74.47732,0.515154310750298
A1_LCD_aro_plus_,14,2459,3685,3.513610767138265,12.345460622949947,54.1158,0.2099988541089794
A1_LCD_aro_plus_,14,2459,3686,3.3909767554902874,11.498723356275436,38.28359,0.5803360002117148
A1_LCD_aro_plus_,14,2459,3687,3.3347069108649445,11.120270181370419,46.61579,0.44892362970371225
A1_LCD_aro_plus_,14,2459,3688,3.2665758248796304,10.670517619688038,55.79277,0.529778510306897
A1_LCD_aro_plus_,14,2459,3689,3.6658031097847394,13.438112439707467,60.82185,0.3587455666151754
A1_LCD_aro_plus_,14,2459,3690,3.4583299072385887,11.960045747300859,67.60034,0.42925626259642213
A1_LCD_aro_plus_,14,2459,3691,4.079111358412115,16.639149474326732,176.93881,0.6135844064992173
A1_LCD_aro_plus_,14,2459,3692,4.166505356087817,17.35976688230846,136.91365,0.5344935117919596
A1_LCD_aro_plus_,14,2459,3693,4.279951229092307,18.317982523408755,69.82028,0.6345250882945658
A1_LCD_aro_plus_,14,2459,3694,2.9985616325017364,8.991371863911477,72.43071,0.2152064084098999
A1_LCD_aro_plus_,14,2459,3695,4.213734369856141,17.755557339706925,128.82161,0.6815985475898731
A1_LCD_aro_plus_,14,2459,3696,2.575029261880052,6.630775699538523,17.038797,0.06642087756506083
A1_LCD_aro_plus_,14,2459,3697,2.820651882284958,7.956077041037676,27.55224,0.20636895450883003
A1_LCD_aro_plus_,14,2459,3698,3.458001101813185,11.957771620141198,48.725693,0.7177142244675703
A1_LCD_aro_plus_,14,2459,3699,3.5742652303331144,12.775371936768233,109.19215,0.5660237164747735
A1_LCD_aro_plus_,14,2459,3700,2.8640314806830767,8.202676322343697,21.69537,0.3060965149875206
A1_LCD_aro_plus_,14,2459,3701,2.5425091492420764,6.464352773979667,71.945274,0.2610460788759903
A1_LCD_aro_plus_,14,2459,3702,3.1946616935933485,10.205863336512722,16.972485,0.19175566772291713
A1_LCD_aro_plus_,14,2459,3703,4.4058796531449325,19.411775517996514,45.996414,0.7936046312929461
A1_LCD_aro_plus_,14,2459,3704,4.603205850852716,21.18950410532468,86.544495,0.7063207027928724
A1_LCD_aro_plus_,14,2459,3705,2.998252238346244,8.989516484748263,74.72792,0.32518717884442616
A1_LCD_aro_plus_,14,2459,3706,3.8596757556928356,14.89709693908306,44.024696,0.5914918029240648
A1_LCD_aro_plus_,14,2459,3707,2.915712918000569,8.501381820195393,12.56308,0.33704415566107326
A1_LCD_aro_plus_,14,2459,3708,4.240488387891114,17.981741767839388,118.934296,0.31933440433624205
A1_LCD_aro_plus_,14,2459,3709,4.451103946796958,19.812326345191458,183.90913,0.8260928963691905
A1_LCD_aro_plus_,14,2459,3710,4.8004985534201365,23.044786361388827,163.79349,0.7861477880114736
A1_LCD_aro_plus_,14,2459,3711,3.3208346753811493,11.027942941213825,24.612144,0.30768720805072736
A1_LCD_aro_plus_,14,2459,3712,5.097225739832293,25.981710242808873,169.85367,0.6308837876113187
A1_LCD_aro_plus_,14,2459,3713,4.07613307169591,16.61486081817313,203.19562,0.7166649306914528
A1_LCD_aro_plus_,14,2459,3714,3.7302527338266263,13.914785458221024,131.06819,0.503599045328868
A1_LCD_aro_plus_,14,2459,3715,3.1226777739408393,9.751116479864118,39.446552,0.5329521769894245
A1_LCD_aro_plus_,14,2459,3716,3.1053687685474625,9.643315188669982,110.12215,0.30092305273243625
A1_LCD_aro_plus_,14,2459,3717,3.0231914294036195,9.1396864188195,40.408733,0.45369339533822733
A1_LCD_aro_plus_,14,2459,3718,4.358040336608021,18.99251557550256,233.77536,0.8143083525414437
A1_LCD_aro_plus_,14,2459,3719,4.119595452660967,16.97106669358492,93.941734,0.5458752901298762
A1_LCD_aro_plus_,14,2459,3720,3.06217885663436,9.376939350018517,27.202206,0.31191753109283715
A1_LCD_aro_plus_,14,2459,3721,2.6087249794437244,6.805446018373661,53.36505,0.1429104995623355
A1_LCD_aro_plus_,14,2459,3722,3.1561031116700735,9.960986851493521,59.81996,0.4572114446282099
A1_LCD_aro_plus_,14,2459,3723,3.773191954058349,14.236977522170664,67.08865,0.48698063493826393
A1_LCD_aro_plus_,14,2459,3724,3.969815460514077,15.759434790536597,136.31296,0.6846436001372838
A1_LCD_aro_plus_,14,2459,3725,3.3723342045811213,11.372637987387783,55.09579,0.5048742250267721
A1_LCD_aro_plus_,14,2459,3726,4.7875264678019365,22.920409679904083,172.82489,0.7262243025867031
A1_LCD_aro_plus_,14,2459,3727,3.0849904436671536,9.517166037517661,62.455254,0.5100364748492456
A1_LCD_aro_plus_,14,2459,3728,2.4125984659326942,5.820631357820789,9.624773,0.2057170163402128
A1_LCD_aro_plus_,14,2459,3729,3.9351001039045297,15.48501282774944,170.9461,0.49741900568263675
A1_LCD_aro_plus_,14,2459,3730,2.9455184677275863,8.676079043724268,122.544754,0.393718820444049
A1_LCD_aro_plus_,14,2459,3731,2.393574870161831,5.7292006590702265,58.342117,0.2772301428499742
A1_LCD_aro_plus_,14,2459,3732,2.7694993641072645,7.670126727790542,68.46659,0.4593127612831215
A1_LCD_aro_plus_,14,2459,3733,2.9963168293430726,8.977914541804525,75.30955,0.48815250284215456
A1_LCD_aro_plus_,14,2459,3734,4.054710757106275,16.44067932379334,150.35495,0.5677974215523343
A1_LCD_aro_plus_,14,2459,3735,3.0091612153814324,9.05505122015586,96.64108,0.3103360448652668
A1_LCD_aro_plus_,14,2459,3736,3.665604166219026,13.436653903402279,98.11449,0.45385550475252295
A1_LCD_aro_plus_,14,2459,3737,3.8802717385889705,15.056508765292275,119.173325,0.540133440669269
A1_LCD_aro_plus_,14,2459,3738,2.598975694383217,6.754674659994724,39.674953,0.40386071529751527
A1_LCD_aro_plus_,14,2459,3739,3.3078382248971296,10.941793722090592,45.3181,0.1737707654855971
A1_LCD_aro_plus_,14,2459,3740,3.1093335328999,9.667955018815777,115.47198,0.2613389382708309
A1_LCD_aro_plus_,14,2459,3741,2.357579505864187,5.558181126470823,36.522087,0.1214890303222382
A1_LCD_aro_plus_,14,2459,3742,3.5196705060130316,12.388080470898029,119.69212,0.4193646818599458
A1_LCD_aro_plus_,14,2459,3743,3.4703992293517016,12.043670811084885,10.681795,0.24697538554885035
A1_LCD_aro_plus_,14,2459,3744,3.4982190872367225,12.237536782307323,10.225271,0.40840090001023577
A1_LCD_aro_plus_,14,2459,3745,3.79302648852473,14.387049942650245,93.49554,0.3903989532449419
A1_LCD_aro_plus_,14,2459,3746,3.8249945138500374,14.630583030982885,129.37338,0.5225916167789314
A1_LCD_aro_plus_,14,2459,3747,3.1367336527948035,9.839098008575434,43.84314,0.39642149538745697
A1_LCD_aro_plus_,14,2459,3748,2.680547112947618,7.185332824731811,20.04382,0.2997451729164309
A1_LCD_aro_plus_,14,2459,3749,3.854328601183749,14.855848965903073,61.99314,0.21802582752847977
